Date,IMF1,IMF2,IMF3,IMF4,IMF5,IMF6,Res
2016/01/04,0.00192268637122771,-0.000174828326760141,8.54722429108597e-05,-5.90048906882489e-05,-3.66185707726349e-05,-0.000147806097418578,-0.000864157728498966
2016/01/05,0.00192181252627397,-0.000166971073484373,6.91902067057327e-05,-3.77789090821659e-05,2.01076049660049e-06,0.000175445705433854,-0.000865696216343614
2016/01/06,0.00192006603255668,-0.000151627830096359,3.96882233653648e-05,-3.05275889149774e-06,3.85121667210433e-05,0.000114776545466977,0.000603632620877793
2016/01/07,0.00191744928598105,-0.000129522926663818,2.52085821024539e-06,3.25623615631582e-05,3.43636060203457e-05,-0.000196618395118809,-0.000161720789992169
2016/01/10,0.00191396588703881,-0.00010169829535805,-3.52991320906265e-05,5.61976667772175e-05,-6.06365962245355e-06,-7.76542233535839e-05,-0.000456286243391309
2016/01/11,0.00190962064429524,-6.94625376305409e-05,-6.66090229729478e-05,5.94289274412978e-05,-4.00812228628948e-05,0.000210513351142259,-2.77561394124138e-05
2016/01/12,0.00190441957752836,-3.43270924386045e-05,-8.54366070341334e-05,4.13185622961828e-05,-3.17274468634334e-05,3.79007697954029e-05,0.000515112236716225
2016/01/13,0.00189836992112101,2.06728411491867e-06,-8.81245980772058e-05,8.68654667118585e-06,1.02084850796879e-05,-0.000216620092924389,-0.000421158545985211
2016/01/14,0.00189148012597859,3.80300388017038e-05,-7.40295663157546e-05,-2.64680099065088e-05,4.13766002061883e-05,2.92085980293663e-06,-0.000545048048567156
2016/01/17,0.00188375985940403,7.19023702583114e-05,-4.56635972887232e-05,-5.14171654240315e-05,2.87079876019216e-05,0.000214749187718105,0.00117788535773038
2016/01/18,0.00187522000480269,0.000102136759554466,-8.24903564262158e-06,-5.736442425943e-05,-1.44991779095811e-05,-4.32139851103802e-05,-0.000101430141435139
2016/01/19,0.00186587266000577,0.000127370553558847,3.12351421957863e-05,-4.25925275214706e-05,-4.24584304791476e-05,-0.000205038349157583,0.000144350951397798
2016/01/20,0.00185573113104459,0.00014648999211054,6.53423995243574e-05,-1.29571654857477e-05,-2.53200378666875e-05,8.14170580602185e-05,0.000559829622612725
2016/01/21,0.00184480992262086,0.000158681582754575,8.7547033854484e-05,2.04153161389179e-05,1.8979422298374e-05,0.000187943546161916,-0.00022935982382913
2016/01/24,0.00183312472549105,0.000163468383931041,9.34755049797385e-05,4.5327326827854e-05,4.33920656505564e-05,-0.000116070291709938,0.000563340284829701
2016/01/25,0.00182069239928945,0.000160729531376487,8.17509983543111e-05,5.30156152779662e-05,2.15946443782367e-05,-0.000164215551234023,2.56536255756811e-06
2016/01/26,0.0018075309507873,0.0001507022001106,5.42906756504528e-05,4.12842022749498e-05,-2.36798006965426e-05,0.000145876648727974,0.000340811123145261
2016/01/27,0.00179365950736,0.000133966083031929,1.59943573491822e-05,1.51277926209891e-05,-4.42441240973167e-05,0.000134863551982994,0.00124031483175222
2016/01/28,0.00177909828606604,0.000111411343588185,-2.61250899465844e-05,-1.53312180378942e-05,-1.75771080274667e-05,-0.000169754270849469,0.000132313057207187
2016/01/31,0.00176386855700903,8.41918144619372e-05,-6.42159369133588e-05,-3.87582699694723e-05,2.86160777822799e-05,-0.000101107959024508,3.6640716654091e-05
2016/02/01,0.00174799260022098,5.3665933528041e-05,-9.10362490538007e-05,-4.68616032159862e-05,4.50787256844703e-05,0.000186878276236298,-0.000340958683399998
2016/02/02,0.0017314936587668,2.13284961202826e-05,-0.000101311895324198,-3.73781596298368e-05,1.33250577178066e-05,6.43248847619837e-05,0.000402699957587161
2016/02/03,0.00171439588984857,-1.12632838971734e-05,-9.27519921568515e-05,-1.46978733528239e-05,-3.37872013742873e-05,-0.000196710129599034,0.000573922590531595
2016/02/04,0.00169672431392768,-4.25656854934538e-05,-6.65294241140387e-05,1.20447198458614e-05,-4.59533706012016e-05,-2.59850016509394e-05,6.92624480860924e-05
2016/02/07,0.00167850476107541,-7.11226087157052e-05,-2.7129624640924e-05,3.26138596708201e-05,-8.90558173454799e-06,0.000199013557395146,-0.000444794363050199
2016/02/08,0.00165976381475244,-9.56343121895632e-05,1.84146948653733e-05,3.96090228045764e-05,3.9175395755757e-05,-1.24100199027282e-05,8.33640391414568e-06
2016/02/09,0.0016405287541703,-0.000115017477227841,6.17723597767393e-05,3.11752846979716e-05,4.69170256796686e-05,-0.000193856724163475,0.000722792777066632
2016/02/10,0.00162082749580644,-0.000128453801419258,9.48250290822193e-05,1.14787827612248e-05,4.39281847344896e-06,4.93904566416904e-05,0.000471451218654235
2016/02/11,0.00160068853314995,-0.000135424941270958,0.0001111684185647,-1.1170321229085e-05,-4.4747553397552e-05,0.000181601155877888,0.000704869708305053
2016/02/14,0.00158014087330499,-0.000135732332917375,0.000107328367105793,-2.77452807281125e-05,-4.80093159736572e-05,-8.35779597783174e-05,-0.00046703535101332
2016/02/15,0.00155921396987014,-0.000129501184102093,8.34642220346589e-05,-3.20898630033907e-05,1.34836023063013e-07,-0.00016287845422589,0.00178456347340351
2016/02/16,0.00153793765288553,-0.000117168713268601,4.34216924774296e-05,-2.32430996134165e-05,5.04577913733071e-05,0.000113738949770475,0.000496787726375279
2016/02/17,0.00151634205693576,-9.94574787299955e-05,-5.88660628700423e-06,-5.61093990114636e-06,4.92602626793355e-05,0.00013855642354165,7.91328176140351e-06
2016/02/18,0.00149445754502911,-7.73353581976845e-05,-5.5672894206393e-05,1.30291291865942e-05,-4.59783442977408e-06,-0.000138829764211237,-0.000170262823170619
2016/02/21,0.00147231462910685,-5.19643544293824e-05,-9.68326376220656e-05,2.4834512484565e-05,-5.62501567672452e-05,-0.000109696626307046,-0.000182480366465674
2016/02/22,0.00144994388986868,-2.46409026976749e-05,-0.000121593978322381,2.5143518741155e-05,-5.06892711506369e-05,0.000158031990261247,-5.39562467003919e-05
2016/02/23,0.00142737589779082,3.26927686190412e-06,-0.000124961218053841,1.43329301097968e-05,8.91961321078953e-06,7.75059549388203e-05,0.000538515545141715
2016/02/24,0.00140464113581265,3.03985235841348e-05,-0.000105687340814244,-2.45874885210708e-06,6.20618720017845e-05,-0.000170777135980974,0.000296348694248756
2016/02/25,0.00138176992253415,5.54434660741242e-05,-6.65907542904225e-05,-1.76046828164523e-05,5.23048437343269e-05,-4.32844916677189e-05,0.000237825696431994
2016/02/28,0.00135879233486398,7.72269405961513e-05,-1.41461473786096e-05,-2.4296828655361e-05,-1.30291367353847e-05,0.000176760379844048,-0.000499409542534822
2016/02/29,0.00133573813061323,9.475267296761e-05,4.2591494826037e-05,-1.94945874622683e-05,-6.7825325822035e-05,8.37186430190614e-06,-0.000187983249424479
2016/03/01,0.00131263667187843,0.00010725020563203,9.35500179370596e-05,-5.26780374956342e-06,-5.41046674983812e-05,-0.000175943442739178,-0.000313360981460396
2016/03/02,0.00128951685039394,0.000114208070985627,0.00012942019466549,1.20488399303365e-05,1.6862149578332e-05,2.59057718902328e-05,-0.000941057877443954
2016/03/03,0.00126640701543371,0.000115393815193644,0.000143338930502752,2.45584534867923e-05,7.34694407790154e-05,0.000168547084909275,-0.00100441274030519
2016/03/06,0.00124333490514237,0.000110860136381338,0.000132173301084893,2.62408589817329e-05,5.60764210963044e-05,-5.8286046011761e-05,-0.000685766576674873
2016/03/07,0.00122032758221185,0.000100937083213874,9.71687514994208e-05,1.56732787578522e-05,-2.0360902690607e-05,-0.000155034028592819,-0.000238104764399571
2016/03/08,0.00119741137397868,8.62109310247183e-05,4.38335593028374e-05,-3.15230370706493e-06,-7.89197455498222e-05,8.76163085502998e-05,-0.000515756123599651
2016/03/09,0.00117461181662339,6.74909843157168e-05,-1.89350656073623e-05,-2.23264300458533e-05,-5.81980710593757e-05,0.000136083409048852,-0.000496698643275368
2016/03/10,0.0011519536032772,4.5766118172144e-05,-8.03433697133487e-05,-3.32775493671477e-05,2.34738975394391e-05,-0.000112893737437317,-0.000514784962470974
2016/03/13,0.00112946053636416,2.21533404488504e-05,-0.000129560140361572,-3.04656001421211e-05,8.40984178571893e-05,-0.000112558037488501,-0.000385058516678005
2016/03/14,0.00110715548477662,-2.15899175445211e-06,-0.00015762150067266,-1.39596376596398e-05,6.04379741840799e-05,0.000133298416643204,-0.000539523745517152
2016/03/15,0.00108506034648385,-2.59704499251968e-05,-0.000159046813806553,1.02454473024118e-05,-2.6156217533052e-05,8.54659683340264e-05,-0.000326688280855483
2016/03/16,0.00106319601664144,-4.81273797639529e-05,-0.000132876253321699,3.24144743118401e-05,-8.89248774159771e-05,-0.000148218457142479,7.24224766908288e-05
2016/03/17,0.0010415823609703,-6.75784555570531e-05,-8.29373910896186e-05,4.29618609681343e-05,-6.27548110086342e-05,-5.59179237187769e-05,-4.62926405643561e-05
2016/03/20,0.00102023819413528,-8.34242883336141e-05,-1.72802646824836e-05,3.64996991278338e-05,2.83707581121513e-05,0.000157266560743075,-0.000579390659102239
2016/03/21,0.000999181262707185,-9.49587618162642e-05,5.31349227346223e-05,1.43616025073399e-05,9.33173592782097e-05,2.50822384795496e-05,-0.000517530623890642
2016/03/22,0.000978428232689042,-0.000101700205233851,0.000116281271550326,-1.55248521768485e-05,6.50979999045019e-05,-0.000160287727023701,-0.00041176771970947
2016/03/23,0.000957994681900303,-0.000103411032327225,0.000161127534178779,-4.15000142836722e-05,-3.00896190177309e-05,5.86100601947644e-06,-0.000405100556469931
2016/03/27,0.000937895097383719,-0.000100105056545631,0.000179564201391661,-5.27287639204628e-05,-9.71951454611655e-05,0.000157358116986954,-0.000419982449835075
2016/03/28,0.000918142877819765,-9.20423045454799e-05,0.000167856739295069,-4.36689885732992e-05,-6.74088896047262e-05,-3.57650160005036e-05,-0.000396182418390825
2016/03/29,0.000898750340694377,-7.97117640148307e-05,0.000127366859616862,-1.66240161352098e-05,3.1295204835764e-05,-0.00014877530244656,-0.000239683322550403
2016/03/30,0.000879728733948514,-6.3803087795499e-05,6.44062661956764e-05,1.87505496219855e-05,0.000100481306450601,6.35589413868795e-05,-0.000437986709808157
2016/03/31,0.000861088252106749,-4.51688066059253e-05,-1.07640493540938e-05,4.89292129280916e-05,6.96227909696753e-05,0.00013504039868028,-0.000429968798724777
2016/04/03,0.000842838056457485,-2.47790537630673e-05,-8.56278046841045e-05,6.17212375365239e-05,-3.19808885881747e-05,-8.82866526349832e-05,1.14351056763203e-05
2016/04/04,0.000824986298853228,-3.67115367758487e-06,-0.000147517782022288,5.1184338535087e-05,-0.000103105556866712,-0.000116832823214538,0.000119477678392808
2016/04/05,0.000807540148746206,1.71033446901809e-05,-0.000185773565082607,2.02700036052541e-05,-7.16712764103823e-05,0.000109140258308908,-0.000129480913857559
2016/04/06,0.000790505823170333,3.65315085896994e-05,-0.000193582679571507,-1.9946182799837e-05,3.2151623519319e-05,9.4978707953816e-05,-0.000207005800861824
2016/04/07,0.000773888619511063,5.36890902274608e-05,-0.000169185998506075,-5.42766604548525e-05,0.000105007364428119,-0.000125487161363776,-9.65825384193863e-06
2016/04/10,0.000757692951049993,6.77853435704141e-05,-0.000116234673814128,-6.9208518374821e-05,7.34849081227325e-05,-7.04141720495395e-05,-6.35498385046507e-05
2016/04/11,0.000741922385047138,7.82003975749974e-05,-4.32298162435422e-05,-5.82431457129585e-05,-3.18242853485695e-05,0.000136889673443684,-7.04622087607484e-05
2016/04/12,0.000726579683052551,8.45133903891473e-05,3.78669899453663e-05,-2.46722493610337e-05,-0.000106139286019856,4.41448855767707e-05,-0.000120771413582945
2016/04/13,0.000711666842861963,8.65200524851533e-05,0.000113621531731232,1.93802579857901e-05,-7.49965240089027e-05,-0.000143116404841191,-0.000298912756214045
2016/04/14,0.000697185141587908,8.42389736342968e-05,0.000171378532506757,5.73857634031196e-05,3.10277660767063e-05,-1.72034932728026e-05,-0.000496122683935985
2016/04/17,0.000683135179646985,7.79063711592217e-05,0.000201395458161341,7.46741703288091e-05,0.000106470717069917,0.000144144920090696,0.00390656318354303
2016/04/18,0.000669516925756631,6.79597644783932e-05,0.000198495533812621,6.41387555656137e-05,7.61453008112697e-05,-9.39335399930443e-06,-6.42219264252242e-05
2016/04/19,0.000656329758254959,5.50115179482993e-05,0.000162957695248707,2.91503923280815e-05,-2.98024475633313e-05,-0.00014015544126311,0.000202539525046393
2016/04/20,0.000643572496009728,3.9813730525406e-05,0.000100490529985055,-1.75111313818514e-05,-0.000105991402165157,3.46865141644249e-05,0.000192750262862394
2016/04/21,0.000631243423690986,2.32164151861029e-05,2.12929859402322e-05,-5.83740004805033e-05,-7.68808572756772e-05,0.000131515551016043,-1.68045180771836e-05
2016/04/24,0.000619340315381854,6.12124893791636e-06,-6.16401434578709e-05,-7.78809730256002e-05,2.81990261921996e-05,-5.78122716883175e-05,0.000187008797659819
2016/04/25,0.00060786045692573,-1.05666210487067e-05,-0.000134681863622183,-6.83653999048265e-05,0.000104713021718916,-0.000118756308546757,8.86027144778258e-05
2016/04/26,0.000596800667716049,-2.59861542270574e-05,-0.000185840595632235,-3.30837224248191e-05,7.71656234438626e-05,7.80343745661271e-05,5.96558065580736e-05
2016/04/27,0.00058615732225211,-3.93648785182913e-05,-0.000206749959020753,1.49001913151461e-05,-2.62756972516979e-05,0.000102541622023468,-2.79466007999807e-05
2016/04/28,0.000575926371810556,-5.00579350785671e-05,-0.000194047261441627,5.75953398485024e-05,-0.000102666345852969,-9.47685156092141e-05,0.00047115834632332
2016/05/01,0.000566103366244821,-5.75797214015062e-05,-0.000149911986720071,7.88894943940333e-05,-7.69743540386517e-05,-8.36330015456415e-05,0.000166316203067016
2016/05/02,0.000556683475928273,-6.16265678688468e-05,-8.16785086377635e-05,7.06850760765334e-05,2.40952122973516e-05,0.000107598405241649,0.000100347906962803
2016/05/03,0.000547661513514272,-6.20893813111423e-05,-5.93755384317325e-07,3.60100029121182e-05,9.98974861099657e-05,6.28517737666201e-05,-4.82486396075162e-05
2016/05/04,0.000539031955453569,-5.90557364534999e-05,8.00661366981632e-05,-1.21009189965831e-05,7.62931085791544e-05,-0.000116283092990546,0.000192025547709742
2016/05/05,0.00053078896282913,-5.28014636623583e-05,0.000147200256884495,-5.55389017308506e-05,-2.17224027467652e-05,-4.1040857530664e-05,0.000322511405957012
2016/05/08,0.00052292640130091,-4.37723363961832e-05,0.000190037684185063,-7.79889247285239e-05,-9.6464489966329e-05,0.00012075572793399,0.000433532937671074
2016/05/09,0.00051543785986794,-3.25569761803756e-05,0.000201884077222324,-7.11094525956132e-05,-7.51182432036346e-05,1.90280609161261e-05,0.000167886673973233
2016/05/10,0.000508316667849518,-1.98525400859554e-05,0.00018117411478622,-3.76659789015821e-05,1.92218921159653e-05,-0.000121114358613807,0.000521377202849641
2016/05/11,0.000501555909713966,-6.42511205669892e-06,0.000131663577085684,9.56936015810724e-06,9.24340130299353e-05,2.4073275140373e-06,-0.000141918075445031
2016/05/12,0.000495148437973386,6.93303106704654e-06,6.17409479997012e-05,5.27160394562879e-05,7.34551245346499e-05,0.000117605816889117,-0.000358051397920189
2016/05/15,0.000489086884148614,1.9446974120968e-05,-1.7014250666744e-05,7.5594207417345e-05,-1.66563350898398e-05,-2.25631475357276e-05,-0.000154538332394615
2016/05/16,0.000483363668717095,3.04012234041091e-05,-9.1775508355087e-05,6.98368849249129e-05,-8.78782421404533e-05,-0.000110604032881535,7.34580063309585e-05
2016/05/17,0.000477971010879285,3.91780637094021e-05,-0.000150585340649878,3.79809375399077e-05,-7.1316326303669e-05,4.08371273204363e-05,4.42525275045165e-05
2016/05/18,0.000472900938517267,4.52902238793149e-05,-0.000184290094742597,-7.61510811388779e-06,1.40857859944986e-05,0.000100584434032406,8.17878204329977e-05
2016/05/19,0.000468145298410567,4.8406182452756e-05,-0.000187977172733797,-4.95734147486991e-05,8.28728829974658e-05,-5.6743169593983e-05,0.000177264393215691
2016/05/22,0.000463695766554538,4.83668492709303e-05,-0.000161687315335256,-7.21489611863103e-05,6.87204158216558e-05,-8.80960346442098e-05,6.63462795186514e-05
2016/05/23,0.000459543858353135,4.51928257469464e-05,-0.000110299785883951,-6.71740414304157e-05,-1.15669486014225e-05,6.99209616738071e-05,-8.16018698580994e-05
2016/05/24,0.000455680938866366,3.90819511685408e-05,-4.26278605723867e-05,-3.70379761599737e-05,-7.74954550185748e-05,7.37327902409473e-05,-2.1257388524919e-05
2016/05/25,0.000452098233518835,3.03973564340562e-05,3.01077989059915e-05,6.39332979326108e-06,-6.56912465043459e-05,-8.01390657147223e-05,-5.34074064330762e-05
2016/05/26,0.000448786839427939,1.96467419862029e-05,9.61611801203224e-05,4.64461207912354e-05,9.1521490258811e-06,-5.81056812968714e-05,-0.000281658350054709
2016/05/29,0.000445737737254729,7.45404852402994e-06,0.000145179449027866,6.805838365124e-05,7.18236594970606e-05,8.72919839590057e-05,-0.000735245261913931
2016/05/30,0.000442941803731257,-5.47492458163573e-06,0.000169841375501323,6.34710862347218e-05,6.22574604995824e-05,4.18168335586382e-05,-0.000564765634943886
2016/05/31,0.000440389825171048,-1.83910973800889e-05,0.00016695408592369,3.50305003025994e-05,-6.88806988235955e-06,-9.13919401466158e-05,-0.000120313303988273
2016/06/01,0.000438072512318405,-3.05428272554606e-05,0.000137843672086639,-5.91639929500939e-06,-6.59334450828665e-05,-2.54367290726705e-05,7.58921630096278e-06
2016/06/02,0.000435980516226744,-4.12166185296345e-05,8.79969071966113e-05,-4.35370521389473e-05,-5.84516629590676e-05,9.25563419239991e-05,-5.75464317197049e-05
2016/06/05,0.000434104444576163,-4.97756941765669e-05,2.60365569929816e-05,-6.36448291104018e-05,4.81475817866754e-06,9.48530403967459e-06,-0.000124261540500518
2016/06/06,0.000432434878127948,-5.56944254639927e-05,-3.77795762093734e-05,-5.90676136546391e-05,5.98972482758334e-05,-9.09920364065003e-05,-6.94394746692764e-05
2016/06/07,0.000430962387512007,-5.85868412416399e-05,-9.32731996064432e-05,-3.22142576312863e-05,5.4309528568775e-05,5.58258338890947e-06,-7.22012009903219e-05
2016/06/08,0.000429677550782384,-5.82277544695398e-05,-0.000131984627315447,6.08261613027877e-06,-2.96515763163253e-06,8.69775004384198e-05,-8.87141279344626e-05
2016/06/09,0.000428570971974609,-5.45654336069422e-05,-0.000148470120994724,4.09192490465088e-05,-5.37830417043536e-05,-1.93871131427656e-05,8.53514884276678e-05
2016/06/12,0.000427633300529753,-4.77251897335587e-05,-0.000141057507349785,5.91243442077914e-05,-4.98693149270086e-05,-8.08440614127535e-05,0.000165297428685561
2016/06/13,0.000426855251455636,-3.8003722615106e-05,-0.000111957386699464,5.42509597362047e-05,1.36507194555678e-06,3.16289729541543e-05,-0.000142814146776982
2016/06/14,0.000426227625997629,-2.58545463939963e-05,-6.67380016615046e-05,2.88593995293649e-05,4.76542504309281e-05,7.29571930130197e-05,-7.84792091544124e-06
2016/06/15,0.000425741332704589,-1.18652727980612e-05,-1.32769376062478e-05,-6.7174421539051e-06,4.51719775681686e-05,-4.20906391747371e-05,7.4717981460194e-05
2016/06/16,0.000425387408747889,3.27205637422855e-06,3.96151958621339e-05,-3.85595906852273e-05,-3.30159255395818e-08,-6.36988030786277e-05,3.10447487051432e-05
2016/06/19,0.000425157040970554,1.87960461083289e-05,8.36580042542112e-05,-5.46064195921973e-05,-4.15698536406892e-05,5.06339708297737e-05,-0.000174562788929981
2016/06/20,0.000425041586411375,3.39146268381408e-05,0.000112406750424811,-4.92316354515071e-05,-4.02616081060384e-05,5.34512353879737e-05,-0.000170382955504755
2016/06/21,0.000425032592469806,4.78453564169214e-05,0.000122192842952404,-2.52078070533257e-05,-1.02028148654208e-06,-5.7194743062005e-05,-2.41049602372588e-05
2016/06/22,0.000425121816823651,5.98552969543212e-05,0.000112562839211702,7.62254617461674e-06,3.55842514871951e-05,-4.25834902760159e-05,-0.00018913826037547
2016/06/23,0.000425301246837095,6.92984513735008e-05,8.61697030129367e-05,3.63599453809053e-05,3.51857493360678e-05,6.17748057696037e-05,0.00117929009828989
2016/06/26,0.000425563118062881,7.56488791865227e-05,4.81637718635554e-05,5.01146949765649e-05,1.79232177228386e-06,3.14400180941835e-05,4.29131960440089e-05
2016/06/27,0.000425899930466494,7.85278379124268e-05,5.21195769202011e-06,4.41367355116661e-05,-2.97469876504845e-05,-6.44325533755966e-05,-4.1248920556526e-05
2016/06/28,0.000426304460223706,7.77236065004578e-05,-3.56710727880145e-05,2.14403332536785e-05,-2.99953257101543e-05,-2.03322538633138e-05,-5.71927476163596e-05
2016/06/29,0.000426769768632765,7.32030295560104e-05,-6.82747794297276e-05,-8.62570899486139e-06,-2.28890960089032e-06,6.52723214970745e-05,6.66152783396295e-05
2016/06/30,0.000427289209836643,6.51142408043314e-05,-8.81374960090297e-05,-3.42096839774455e-05,2.41024858640721e-05,9.53298247309375e-06,-6.79167389916646e-05
2016/07/03,0.000427856437583507,5.37804615840774e-05,-9.31402021319143e-05,-4.56261761145235e-05,2.47441028487993e-05,-6.44332474123784e-05,-0.000122937376357567
2016/07/04,0.000428465410928211,3.96852096213249e-05,-8.36737466245149e-05,-3.90236515733357e-05,2.52379774883523e-06,7.26429099343718e-07,5.15525508001359e-05
2016/07/05,0.000429110399359253,2.34496735914826e-05,-6.23811205494235e-05,-1.76609341249941e-05,-1.86892490477706e-05,6.20783957552619e-05,0.000215977835016191
2016/07/06,0.000429785987663053,5.80338662975895e-06,-3.35485485898187e-05,9.62048955824249e-06,-1.94868044623462e-05,-1.02560828033831e-05,0.000603496572004493
2016/07/07,0.000430487079970208,-1.24503508323692e-05,-2.27403083509176e-06,3.20357995417366e-05,-2.51748686729103e-06,-5.83848569827078e-05,0.000210401846005515
2016/07/10,0.000431208901923343,-3.04726039979545e-05,2.64290740762507e-05,4.11164545517098e-05,1.35389688610675e-05,1.89052676381456e-05,6.90093694743793e-06
2016/07/11,0.000431947000345047,-4.74286352630896e-05,4.84363045485505e-05,3.39089204197098e-05,1.42769455905279e-05,5.35353728333495e-05,-2.40339084740953e-05
2016/07/12,0.00043269724100508,-6.25275052406825e-05,6.10950454705229e-05,1.39047133354704e-05,2.29586485475221e-06,-2.65583956765474e-05,0.000147077036251405
2016/07/13,0.000433455805091168,-7.50595390307452e-05,6.35057587341028e-05,-1.05768739514699e-05,-8.675951129484e-06,-4.77118746563313e-05,8.54006749427598e-05
2016/07/14,0.000434219184443787,-8.44298721059266e-05,5.64804960094629e-05,-2.98262479114799e-05,-9.16502735507177e-06,3.31298277549165e-05,6.12716391643119e-05
2016/07/17,0.000434984175628961,-9.01864928369197e-05,4.221638768037e-05,-3.65884839245739e-05,-1.88872027906652e-06,4.10911449729265e-05,-1.98301124169708e-06
2016/07/18,0.000435747873095468,-9.20414746323469e-05,2.37691828803414e-05,-2.8795521645026e-05,4.11734549291787e-06,-3.85582063435596e-05,3.61728011522057e-05
2016/07/19,0.000436507661635756,-8.98844263984679e-05,4.44011066091824e-06,-1.01579955717702e-05,4.1976459126277e-06,-3.38425928322049e-05,0.000168312596593141
2016/07/20,0.000437261208374667,-8.37875686493085e-05,-1.280550187496e-05,1.15324480824859e-05,1.32849415666257e-06,4.28009306488638e-05,-5.41120107384106e-05
2016/07/21,0.000438006454408926,-7.400224596917e-05,-2.57865965037247e-05,2.76342276008395e-05,1.26135929840199e-07,2.61280012373233e-05,2.00550232959662e-05
2016/07/24,0.00043874160599111,-6.09470951717797e-05,-3.33551583793045e-05,3.20893349172035e-05,5.82889150122508e-07,-4.58293363294866e-05,-0.000111058240177865
2016/07/25,0.000439465125442972,-4.51884820470224e-05,-3.542315116648e-05,2.36987490359449e-05,-6.49016505562935e-07,-1.81029430068777e-05,5.24718247026318e-07
2016/07/26,0.000440175721958238,-2.74141809584335e-05,-3.2790148136404e-05,6.38736130807949e-06,-4.04908701132082e-06,4.76250808815609e-05,0.00011820725195828
2016/07/27,0.000440872342575433,-8.40158313840635e-06,-2.68307119613942e-05,-1.25676861905735e-05,-5.13853891696997e-06,9.91944310809582e-06,-6.21722654761845e-05
2016/07/28,0.000441554163020204,1.10180324039921e-05,-1.91222543198258e-05,-2.55646416570457e-05,-1.15535781086436e-07,-4.81781043768916e-05,3.29513407106531e-05
2016/07/31,0.000442220578118659,2.9997460908218e-05,-1.10976744823176e-05,-2.77115322717697e-05,7.65042210976117e-06,-1.72932354410131e-06,-4.66269308384493e-05
2016/08/01,0.000442871192022989,4.77119768248953e-05,-3.79305415711246e-06,-1.86614382061836e-05,9.43560496815639e-06,4.74863545174644e-05,-1.4495635970209e-05
2016/08/02,0.000443505808342792,6.33963919298555e-05,2.26689627614389e-06,-2.56337475782413e-06,9.31582631569931e-07,-6.31234514314184e-06,0.000213253040720605
2016/08/03,0.000444124420011218,7.63790622661325e-05,7.03752023274981e-06,1.37816044927535e-05,-1.09326629492872e-05,-4.55573088086783e-05,5.07443647551119e-05
2016/08/04,0.000444727198476187,8.61113051066572e-05,1.08027934251043e-05,2.37568338991898e-05,-1.34450457851607e-05,1.40442855813885e-05,-7.80693707033661e-05
2016/08/07,0.000445314481823009,9.21909237022855e-05,1.39555742385202e-05,2.35879219147982e-05,-1.76717900381043e-06,4.24111919089212e-05,-0.000328094914583724
2016/08/08,0.000445886762135796,9.4378832756234e-05,1.67741841352799e-05,1.37618507563121e-05,1.39012044520483e-05,-2.12971444232681e-05,-0.000157256689812402
2016/08/09,0.000446444672560569,9.26081134172514e-05,1.92574416230144e-05,-1.32186871945975e-06,1.71427689359337e-05,-3.80855705075518e-05,5.19544269024334e-06
2016/08/10,0.000446988974513212,8.69851864427912e-05,2.10633870560637e-05,-1.52707779363377e-05,2.59309375549768e-06,2.78932579200109e-05,-7.76511217512375e-05
2016/08/11,0.000447520544848875,7.77831586208086e-05,2.15698100098407e-05,-2.23670541308079e-05,-1.65633553696661e-05,3.26408623014826e-05,3.53980337194676e-05
2016/08/14,0.000448040362694636,6.54277562029415e-05,2.00435665204847e-05,-1.98829745296951e-05,-2.05094158303529e-05,-3.36484050804831e-05,-0.00013219388997753
2016/08/15,0.000448549495867829,5.04765938789688e-05,1.58775661562904e-05,-9.11626181570456e-06,-3.38319184690813e-06,-2.61661619634405e-05,7.1252959722965e-05
2016/08/16,0.000449049087026008,3.35928228725365e-05,8.83553169811778e-06,5.24198150465484e-06,1.89278185011476e-05,3.83757838718587e-05,-9.1834025474323e-05
2016/08/17,0.000449540339846399,1.55144434656347e-05,-7.60520669836775e-07,1.71108954297155e-05,2.35299334430701e-05,1.87846925624942e-05,-0.000270219784077477
2016/08/18,0.000450024505137777,-2.97925561243338e-06,-1.19552940455903e-05,2.1551084577205e-05,4.11418828449873e-06,-4.18922276887884e-05,-0.000148017000652668
2016/08/21,0.000450502867097919,-2.11025613759937e-05,-2.32299413263561e-05,1.67833270017817e-05,-2.10045845240536e-05,-1.06581382808224e-05,-6.32499685924746e-05
2016/08/22,0.000450976730306891,-3.80979030694375e-05,-3.27173051370031e-05,4.88165558635019e-06,-2.61930851640603e-05,4.40264822883402e-05,0.000163966425188919
2016/08/23,0.000451447407570642,-5.32685651640868e-05,-3.85301808132969e-05,-9.12173923562763e-06,-4.76508719032998e-06,1.98920601368739e-06,-3.45380411809875e-05
2016/08/24,0.000451916208324444,-6.60081080296182e-05,-3.9142127684681e-05,-1.9335205639972e-05,2.28052326481142e-05,-4.46291641500773e-05,1.61716453179003e-06
2016/08/25,0.000452384427252519,-7.58252373546344e-05,-3.37438602464257e-05,-2.14429870827036e-05,2.8491519840915e-05,6.9782004451151e-06,8.67389371452147e-05
2016/08/28,0.000452853333514787,-8.23630955141246e-05,-2.24972349739823e-05,-1.44836197407405e-05,5.31719331937949e-06,4.35838526751043e-05,-0.000173599429280423
2016/08/29,0.000453324160700586,-8.54122232049125e-05,-6.62421317373276e-06,-1.2524706966788e-06,-2.43430613264501e-05,-1.59616936474934e-05,-6.74414986513181e-05
2016/08/30,0.000453798097477731,-8.49167420706994e-05,1.17025232328622e-05,1.28295664982654e-05,-3.0422180944821e-05,-4.0818575980998e-05,-2.05096882123397e-05
2016/08/31,0.000454276279272557,-8.09736234706266e-05,2.9662774653293e-05,2.19197955228205e-05,-5.75453541001729e-06,2.4646309746865e-05,-0.000141110000314891
2016/09/01,0.000454759781073222,-7.38252225612568e-05,4.42422069559115e-05,2.21385838274369e-05,2.56331031889286e-05,3.63168864364476e-05,4.50356610793103e-05
2016/09/04,0.000455249611143232,-6.38455555122187e-05,5.27597221593638e-05,1.31735106055699e-05,3.19867897430289e-05,-3.26937177744599e-05,0.000756467639635484
2016/09/05,0.000455746705344939,-5.15210674387443e-05,5.33734048024425e-05,-1.54517708180082e-06,6.06437706069001e-06,-3.01276307857917e-05,1.59333880982651e-05
2016/09/06,0.000456251920857503,-3.74268694740599e-05,4.54681095776499e-05,-1.6174846921973e-05,-2.66920210504963e-05,3.97546498953823e-05,6.90770571159937e-05
2016/09/07,0.00045676602831059,-2.2199602145725e-05,2.98449579362311e-05,-2.47734895346831e-05,-3.31922259713252e-05,2.23724499701666e-05,9.44288814347452e-05
2016/09/08,0.000457289703309901,-6.50820191800952e-06,8.6663255122546e-06,-2.36807011809285e-05,-6.23772671504528e-06,-4.54842328068436e-05,-7.64801662013285e-05
2016/09/11,0.000457823517916906,8.97608747323402e-06,-1.48465083597184e-05,-1.3022002726833e-05,2.75379285358091e-05,-1.3250017504314e-05,0.000150577994664916
2016/09/12,0.000458367932236103,2.36091123594231e-05,-3.69199777115326e-05,3.26598866033331e-06,3.40507254520105e-05,4.95595919959977e-05,-6.76303729923352e-05
2016/09/13,0.000458923286379826,3.68013240401572e-05,-5.38564628322838e-05,1.89133815773916e-05,6.26970693621834e-06,3.03616647549981e-06,0.000170630597423191
2016/09/14,0.000459489792479483,4.80422306516933e-05,-6.26758985564019e-05,2.77334035942925e-05,-2.81898727084208e-05,-5.16986597302864e-05,6.579300426964e-05
2016/09/15,0.000460067526676048,5.69207674626585e-05,-6.16561340099103e-05,2.60440061063719e-05,-3.45793748254118e-05,7.92066246760776e-06,-0.000127961453877364
2016/09/18,0.000460656421004688,6.31407703582224e-05,-5.0671978616714e-05,1.41540139529374e-05,-6.15957426797584e-06,5.16789745580877e-05,-0.000146467626989246
2016/09/19,0.00046125625558611,6.65309725094539e-05,-3.12662137928364e-05,-3.67086458826304e-06,2.86671023677451e-05,-1.9208852486894e-05,4.29366004046846e-05
2016/09/20,0.00046186665153775,6.70491982718537e-05,-6.43226965661872e-06,-2.07656162947307e-05,3.47992687557733e-05,-4.93552089473853e-05,-0.000127412023666642
2016/09/21,0.000462487064505733,6.47806896923343e-05,1.98605023207491e-05,-3.05672738579865e-05,5.91060959909241e-06,3.0367869209499e-05,-0.000290212461469421
2016/09/22,0.000463116778591164,5.99307605336107e-05,4.33212972420741e-05,-2.91171852031788e-05,-2.89881999894236e-05,4.46741273393719e-05,0.000180824421486382
2016/09/25,0.000463754901038562,5.2812220557493e-05,6.00607957167227e-05,-1.66154635918593e-05,-3.47342418016118e-05,-4.09069022139818e-05,0.000243892690294675
2016/09/26,0.000464400357625341,4.38282360990814e-05,6.72571547299286e-05,2.56893718792823e-06,-5.52938336914196e-06,-3.76857037447364e-05,-5.20385985284013e-05
2016/09/27,0.000465051887832627,3.3451484335051e-05,6.3647791627771e-05,2.14525521705323e-05,2.91706746890576e-05,5.03270992290321e-05,0.000370601510115929
2016/09/28,0.000465708039589414,2.22006142486954e-05,4.97589819662159e-05,3.29917691765209e-05,3.44095932956506e-05,2.85492835832057e-05,-0.000110944281859702
2016/09/29,0.000466367163677836,1.06151370339645e-05,2.78306180667544e-05,3.26979826294467e-05,5.02466388534288e-06,-5.81462460048503e-05,-0.000180203319288494
2016/10/02,0.000467027407321002,-7.70073432853253e-07,1.44681076932093e-06,2.03467454140759e-05,-2.92310498807283e-05,-1.75339322411867e-05,-9.11749079496306e-05
2016/10/03,0.000467686707871721,-1.14494823331682e-05,-2.50651802619468e-05,1.42498703953421e-07,-3.38513330494856e-05,6.39244448459397e-05,-1.5623655777013e-05
2016/10/04,0.000468342787569782,-2.09696607143393e-05,-4.73642627427812e-05,-2.07371540422299e-05,-4.40654496917004e-06,5.01256975834566e-06,-0.000185477734859607
2016/10/05,0.000468993149499052,-2.89490858830263e-05,-6.18269503614393e-05,-3.47032190025806e-05,2.91853246429396e-05,-6.72891373316914e-05,-0.000109079081563254
2016/10/06,0.000469635074795059,-3.50940960700248e-05,-6.61544189164476e-05,-3.65043526003682e-05,3.30862284953699e-05,8.55007434415566e-06,-5.07895100477438e-05
2016/10/09,0.000470265621647367,-3.92103113594881e-05,-5.97506685848227e-05,-2.51712071203855e-05,3.68649009725829e-06,6.79579498331875e-05,-7.41298745131167e-05
2016/10/10,0.000470881626236778,-4.12090563197692e-05,-4.38076795649772e-05,-4.44722695001847e-06,-2.90487096310184e-05,-2.26152443040815e-05,-3.91587094669138e-05
2016/10/11,0.000471479705375594,-4.11085625526875e-05,-2.10849798979186e-05,1.84657082191697e-05,-3.21416315162308e-05,-6.57579282551828e-05,-6.70513113727434e-05
2016/10/12,0.000472056260742881,-3.90299786434869e-05,4.57552731649639e-06,3.54185234681663e-05,-2.87753780053575e-06,3.65929029427181e-05,-9.3179698026239e-05
2016/10/13,0.000472607484874468,-3.51884599071039e-05,2.89128224405764e-05,4.02046127770034e-05,2.88352059672467e-05,6.06399067343282e-05,-0.000384626572886519
2016/10/16,0.000473129368871859,-2.98798409648194e-05,4.7971356155304e-05,3.08074897415695e-05,3.10451035473864e-05,-4.98683680957066e-05,-0.000257116109255593
2016/10/17,0.000473617711744245,-2.34635992704964e-05,5.87610162891168e-05,1.02023235543367e-05,1.99408541375241e-06,-5.26869867838332e-05,-0.000294215550947121
2016/10/18,0.000474068131639008,-1.63429879304951e-05,5.97396512700921e-05,-1.45928452898825e-05,-2.85575640110162e-05,6.18315167182237e-05,-0.00037285190239593
2016/10/19,0.000474476079152507,-8.94334547003522e-06,5.10381503739667e-05,-3.49099412843297e-05,-2.98240915206586e-05,4.21164217607224e-05,-0.000296638273012172
2016/10/20,0.000474836852814574,-1.68967191448884e-06,3.43944892913786e-05,-4.34517426808358e-05,-1.05145423422366e-06,-7.19070297115456e-05,-0.000166101443564859
2016/10/23,0.000475145616795923,5.01540984468605e-06,1.28146771382042e-05,-3.68931117296699e-05,2.82276436749881e-05,-2.92745350352629e-05,-0.000181435700688869
2016/10/24,0.000475397420662559,1.0812212675572e-05,-9.97406976180064e-06,-1.71439312115793e-05,2.85061287142828e-05,7.95840734598816e-05,-9.15883453891518e-06
2016/10/25,0.000475587220986083,1.54020474413969e-05,-3.01777165312566e-05,9.19523775662625e-06,6.58095326496736e-08,1.46246657957603e-05,-5.98292649812592e-05
2016/10/26,0.0004757099043092,1.85619011192365e-05,-4.45807508698332e-05,3.30338767943792e-05,-2.785684223705e-05,-8.44437708323115e-05,-0.000176500318283621
2016/10/27,0.000475760310858028,2.01550170083474e-05,-5.10705084280467e-05,4.59181833288831e-05,-2.71193813424805e-05,1.27147645426268e-06,-0.000227959097878994
2016/10/30,0.000475733259130999,2.01368744989412e-05,-4.89529207261957e-05,4.30143779251822e-05,9.45532652031125e-07,8.61828376580278e-05,-0.000287321961138985
2016/10/31,0.000475623571878396,1.85563008297146e-05,-3.90114860809882e-05,2.49029701230112e-05,2.74561212856072e-05,-1.7778259445298e-05,0.000113173781409557
2016/11/01,0.000475426103407462,1.55516924640083e-05,-2.33081604012274e-05,-2.47494464858958e-06,2.56928152552993e-05,-8.46319055761326e-05,7.75523994991796e-05
2016/11/02,0.000475135767692296,1.13425689164438e-05,-4.77065665579224e-06,-2.97523075902625e-05,-1.96392982234481e-06,3.42152218499344e-05,-0.000203145664390275
2016/11/03,0.000474747566510056,6.21691581199694e-06,1.33529127286131e-05,-4.73289936542498e-05,-2.7035718058986e-05,7.97673526596674e-05,0.000302496964002902
2016/11/06,0.000474256617646192,5.14986645128759e-07,2.80703588561725e-05,-4.87414897074335e-05,-2.42557464513882e-05,-4.98893359545585e-05,6.33660896588685e-06
2016/11/07,0.000473658183103618,-5.38958982574797e-06,3.71492540315992e-05,-3.30317568156755e-05,2.969735612857e-06,-7.17157997304003e-05,-9.77102637625009e-06
2016/11/08,0.000472947696621475,-1.11104152596457e-05,3.94618330221591e-05,-5.25042394157208e-06,2.66049595267807e-05,6.41287685836925e-05,0.00079859258144711
2016/11/09,0.000472120790776478,-1.6269571121825e-05,3.51166007718933e-05,2.51434717306388e-05,2.28371888750643e-05,6.07507752044429e-05,-0.000173975256236692
2016/11/10,0.000471173323040171,-2.0518410731962e-05,2.53631254306427e-05,4.74907132453659e-05,-3.94286449869815e-06,-7.63162516041041e-05,-0.000126392634881415
2016/11/13,0.00047010139936825,-2.35568157146918e-05,1.22983020526009e-05,5.36671424558435e-05,-2.61722391225726e-05,-4.72814742661714e-05,6.10986852267415e-05
2016/11/14,0.000468901396573134,-2.51499104406986e-05,-1.56258698113339e-06,4.1039937488823e-05,-2.14652921580629e-05,8.59200563557564e-05,-9.08916008378189e-05
2016/11/15,0.000467569984313251,-2.51413583283835e-05,-1.37647046962734e-05,1.35686975243372e-05,4.86335119422733e-06,3.18341840642784e-05,0.000271442845928563
2016/11/16,0.000466104146404874,-2.34625431696373e-05,-2.23517876967155e-05,-1.94034048095309e-05,2.57449690677911e-05,-9.25206819081937e-05,0.000141943302111412
2016/11/17,0.000464501201030172,-2.01371536525926e-05,-2.61847754387959e-05,-4.63153730264734e-05,2.01668259874043e-05,-1.50274596963422e-05,0.000130274734796628
2016/11/20,0.000462758819431812,-1.52809293255647e-05,-2.50882206783437e-05,-5.74453731966809e-05,-5.71129028911507e-06,9.58318552964174e-05,-3.05598612385246e-05
2016/11/21,0.000460875043292591,-9.09657795791749e-06,-1.98066859414581e-05,-4.84356872231081e-05,-2.5328473298145e-05,-2.45759498551968e-06,0.000475369976113558
2016/11/22,0.000458848301005243,-1.86412616073664e-06,-1.17901874216583e-05,-2.20032817151358e-05,-1.89660951446112e-05,-9.57147351778336e-05,0.000117506124614732
2016/11/23,0.000456677422524298,6.07279656689643e-06,-2.85946108945824e-06,1.28374998386403e-05,6.46663676409925e-06,1.9910406093358e-05,-0.000380241300697834
2016/11/24,0.000454361652325788,1.43240302663624e-05,5.17748827235722e-06,4.38386507368589e-05,2.49246287032262e-05,9.2184521701217e-05,0.00013493202799419
2016/11/27,0.000451900661142104,2.24724340842802e-05,1.08800330067141e-05,5.9833480710509e-05,1.78837234616051e-05,-3.66255990848654e-05,0.000365929266679653
2016/11/28,0.000449294556875174,3.0094908449477e-05,1.34324747541705e-05,5.47805563411595e-05,-7.10918698200518e-06,-8.54090415678513e-05,0.000240272732129875
2016/11/29,0.000446543893282753,3.6783810545332e-05,1.27584516383816e-05,3.00645143328346e-05,-2.45307412100355e-05,5.19374226465194e-05,0.00121870664876421
2016/11/30,0.00044364967569811,4.21676703651779e-05,9.47665049075934e-06,-5.8294824287047e-06,-1.69354387776838e-05,7.56992854020876e-05,2.72386392502541e-05
2016/12/01,0.000440613363013869,4.59301580620479e-05,4.71478464279993e-06,-4.02202854721088e-05,7.61905328297631e-06,-6.52520057477787e-05,0.000108238932218194
2016/12/04,0.00043743686486174,4.78263513814447e-05,-1.73168641480499e-07,-6.07247988415552e-05,2.41390523835491e-05,-6.34923100443626e-05,1.30590089006647e-05
2016/12/05,0.000434122535687805,4.76955031787273e-05,-3.92336621056854e-06,-5.97445389463097e-05,1.61309036673087e-05,7.60754935333589e-05,-0.000154113530910322
2016/12/06,0.000430673167168911,4.54696933289184e-05,-5.64422421825045e-06,-3.73091806842641e-05,-7.9777099667786e-06,4.93275565600826e-05,-2.83573021886192e-05
2016/12/07,0.000427091979320837,4.11779597932491e-05,-5.00550453220686e-06,-1.20295590831454e-06,-2.37367759578586e-05,-8.40363003941531e-05,5.3075597678447e-05
2016/12/08,0.000423382610534808,3.49457334325563e-05,-2.29652412162895e-06,3.57293769904483e-05,-1.54723944048278e-05,-3.38180927241374e-05,-0.000214996709707219
2016/12/11,0.000419549106351291,2.69896369985904e-05,1.65610014616938e-06,6.01679539153962e-05,8.17015736370474e-06,8.89003735468862e-05,0.00183392367167796
2016/12/12,0.000415595907167402,1.76079399268588e-05,5.69103961594405e-06,6.31521094877013e-05,2.33075912711636e-05,1.76185371927659e-05,-0.000221357124661835
2016/12/13,0.00041152783326669,7.16717079537039e-06,8.58990692984437e-06,4.33979930111816e-05,1.49540489234135e-05,-9.05787728196867e-05,-3.5134180106813e-05
2016/12/14,0.000407350064512029,-3.91442555413261e-06,9.36922168891539e-06,7.85981581378193e-06,-8.18763077707996e-06,-1.39151284726051e-06,-5.75575328362531e-05
2016/12/15,0.00040306811733551,-1.51857411444678e-05,7.5231608420308e-06,-3.07117104943457e-05,-2.28339320743553e-05,8.91271450208111e-05,-0.000128102039485183
2016/12/18,0.000398687821034177,-2.61830232596079e-05,3.16391033245343e-06,-5.83590019499637e-05,-1.45617387798557e-05,-1.42253094318037e-05,-4.27646579453999e-05
2016/12/19,0.000394215293518762,-3.64504695143184e-05,-2.97226973157752e-06,-6.49977455593016e-05,8.02964913145927e-06,-8.47371510833737e-05,-2.23213067616502e-05
2016/12/20,0.000389656916897745,-4.5560216817033e-05,-9.6572388555003e-06,-4.81279707358968e-05,2.22991248074433e-05,2.86494398627778e-05,-0.000171569055159537
2016/12/21,0.000385019313171891,-5.31307976662687e-05,-1.54165188525648e-05,-1.37990008150979e-05,1.42743579751196e-05,7.77208556777617e-05,-0.000219095209490841
2016/12/22,0.000380309320388127,-5.88432382840909e-05,-1.88392507464647e-05,2.5551307263706e-05,-7.70384556818924e-06,-4.13793206561423e-05,-0.000101997972396946
2016/12/26,0.000375533969383516,-6.2454112578539e-05,-1.88893219123362e-05,5.56138214825344e-05,-2.16886679025871e-05,-6.84894850220108e-05,9.0906796549423e-05
2016/12/27,0.000370700461225388,-6.38050344489308e-05,-1.515276165829e-05,6.54369612978562e-05,-1.40659370196891e-05,5.20143734319939e-05,-0.000254274062828328
2016/12/28,0.000365816145188948,-6.28282593502209e-05,-7.96794079335197e-06,5.14471998728463e-05,7.22474016655836e-06,5.75281172740525e-05,-0.000250179002358833
2016/12/29,0.000360888497162005,-5.95482628708214e-05,1.59250096635288e-06,1.87746710257642e-05,2.09909804168805e-05,-6.02685408090793e-05,-0.000177412845891101
2017/01/02,0.000355925098745518,-5.40793589332613e-05,1.18900512272601e-05,-2.06160943149522e-05,1.3907678285753e-05,-4.53680294061802e-05,0.000345223654395863
2017/01/03,0.000350933617290099,-4.66196046065828e-05,2.10110842597256e-05,-5.23125710874772e-05,-6.61223461291132e-06,6.5976992096508e-05,-2.5135283339361e-05
2017/01/04,0.000345921786489637,-3.74414032471383e-05,2.71269174457785e-05,-6.47471781271516e-05,-2.01977693157821e-05,3.25584362786101e-05,3.33082104760459e-05
2017/01/05,0.000340897386793455,-2.68793524252207e-05,2.88548934882084e-05,-5.34457917616926e-05,-1.37697722226939e-05,-6.90961038923229e-05,5.82377400202666e-05
2017/01/08,0.000335868225795716,-1.53159800565389e-05,2.55500231493781e-05,-2.26622475136879e-05,5.89023401964136e-06,-1.96392586114619e-05,-9.52729967830469e-05
2017/01/09,0.000330842118940776,-3.16607186603211e-06,1.74681527834178e-05,1.62063760068637e-05,1.93044580121545e-05,6.96972310311719e-05,-0.000150487264908352
2017/01/10,0.000325826870668702,9.13968502751871e-06,5.7646792887511e-06,4.8837847403323e-05,1.36229652279429e-05,7.11636518660972e-06,0.000135701587197153
2017/01/11,0.000320830256122397,2.11710335035297e-05,-7.67671310234376e-06,6.32747232745664e-05,-5.08573182559038e-06,-6.79551296652091e-05,-2.77964383073502e-05
2017/01/12,0.000315860003023666,3.25137926286426e-05,-2.0558666885851e-05,5.43274640115491e-05,-1.83107551699429e-05,4.55960696946188e-06,-0.000149707444577526
2017/01/15,0.0003109237733725,4.27842364018215e-05,-3.05737097316936e-05,2.54619772931854e-05,-1.34398551283482e-05,6.41321211450037e-05,-0.000258340543352469
2017/01/16,0.000306029145343503,5.16417231333675e-05,-3.58242665011406e-05,-1.25222140245565e-05,4.22808589939181e-06,-1.50100642178421e-05,2.92225903672766e-05
2017/01/17,0.000301183595887114,5.87992061043537e-05,-3.51818013862696e-05,-4.55246977721112e-05,1.72211592653113e-05,-5.85591672128075e-05,0.000149588705114409
2017/01/18,0.00029639448409141,6.40313734263757e-05,-2.85172824051629e-05,-6.13835150431515e-05,1.31961786838849e-05,2.39404156208151e-05,-3.63006543741718e-05
2017/01/19,0.000291669034955715,6.71802819182233e-05,-1.67574382475731e-05,-5.43719593861727e-05,-3.3480402500431e-06,5.1615099209099e-05,-0.000118786978199249
2017/01/22,0.000287014323356594,6.81584619153491e-05,-1.7523371948454e-06,-2.72849276694127e-05,-1.60449992913085e-05,-3.11469679829621e-05,2.01384468665857e-05
2017/01/23,0.000282437258490521,6.69495718420795e-05,1.40259771965131e-05,9.65137131915284e-06,-1.28716478430135e-05,-4.37052261862516e-05,-0.000143040304819001
2017/01/24,0.000277944568925103,6.36067668747459e-05,2.79029653578841e-05,4.26274765612597e-05,2.47682444335277e-06,3.65188558807825e-05,-0.000215872458043128
2017/01/25,0.000273542788285024,5.82490131442331e-05,3.74661125309619e-05,5.94117290392297e-05,1.47960206200945e-05,3.52404677240309e-05,-0.000227536131343574
2017/01/26,0.000269238241698408,5.10556264236862e-05,4.09921779777196e-05,5.38953306797123e-05,1.2450171819179e-05,-4.00353657464465e-05,-0.000130690182852259
2017/01/29,0.000265037033000096,4.2259341110302e-05,3.77604299793996e-05,2.83294632782974e-05,-1.6454838468963e-06,-2.6617977347433e-05,-0.000167660806173765
2017/01/30,0.00026094503257335,3.21382230574165e-05,2.81946192599385e-05,-7.56944128829763e-06,-1.34917702649308e-05,4.17592156659269e-05,-0.000116993879003403
2017/01/31,0.000256967865902825,2.1006731434455e-05,1.38064335658082e-05,-4.02971660564043e-05,-1.19198191447719e-05,1.82040577634373e-05,3.66489653465084e-06
2017/02/01,0.000253110902934215,9.20621317717149e-06,-3.05169886274729e-06,-5.76342001092244e-05,8.84369082859992e-07,-4.18264771440727e-05,0.000103315890921798
2017/02/02,0.000249379248201547,-2.90491675707293e-06,-1.95826422900911e-05,-5.32095258214962e-05,1.21531676152176e-05,-1.03199717136939e-05,1.76564076558979e-06
2017/02/05,0.000245777731570806,-1.49610899340143e-05,-3.30209559776603e-05,-2.8850156063547e-05,1.1273000077293e-05,4.04339262079917e-05,-5.8276455880869e-05
2017/02/06,0.000242310899665636,-2.65994065738496e-05,-4.11066501512991e-05,6.15303306043937e-06,-2.22506456082403e-07,3.23106225775587e-06,3.95605681974001e-05
2017/02/07,0.000238983008145311,-3.74692056775351e-05,-4.24734669882849e-05,3.8573735786197e-05,-1.0804090828136e-05,-3.7824652045424e-05,0.000139127671607872
2017/02/08,0.000235798014915247,-4.7241244431268e-05,-3.68837639922625e-05,5.62371090144077e-05,-1.05067495984375e-05,2.86061934673701e-06,-8.02129852544243e-05
2017/02/09,0.000232759574066074,-5.5616361002068e-05,-2.52690368184957e-05,5.25875138328468e-05,-3.13224357603658e-07,3.4272754743207e-05,-7.07962204639601e-05
2017/02/12,0.000229871030518572,-6.23334984606571e-05,-9.56930421100312e-06,2.91240315658641e-05,9.47070891471101e-06,-7.82015680060722e-06,-2.82681152688003e-06
2017/02/13,0.000227135415609783,-6.71769639529349e-05,7.60012296633214e-06,-5.20228905646528e-06,9.62287362089069e-06,-3.00679130994766e-05,2.1369753911871e-05
2017/02/14,0.000224555443671599,-6.99827896016661e-05,2.33958476665732e-05,-3.73908681553297e-05,6.99013756704807e-07,1.15802477815247e-05,3.2171104880594e-05
2017/02/15,0.000222133509508737,-7.0644051657446e-05,3.52293315439139e-05,-5.53038099374873e-05,-8.18058331915119e-06,2.550052112446e-05,4.08350827369738e-05
2017/02/16,0.000219871686803878,-6.91149943141261e-05,4.1201697304585e-05,-5.22347476242779e-05,-8.62783223180923e-06,-1.41386046936744e-05,1.0376794755425e-05
2017/02/19,0.000217771727383606,-6.54137979049334e-05,4.04157076315138e-05,-2.94163507794496e-05,-9.14701870093274e-07,-2.08479679354775e-05,-7.01946165251664e-05
2017/02/20,0.000215835061385668,-5.96238302348842e-05,3.31125148741277e-05,4.4706010289436e-06,6.96209739850491e-06,1.55526543914555e-05,-6.15210988438159e-05
2017/02/21,0.000214062798471176,-5.18932278430395e-05,2.06120277208906e-05,3.65925270500466e-05,7.53266800871619e-06,1.63625320775e-05,-8.63493254852901e-05
2017/02/22,0.00021245573018973,-4.24326738728233e-05,5.07031154974607e-06,5.48137073792962e-05,9.4409630854626e-07,-1.59319627637546e-05,-5.10902087907412e-05
2017/02/23,0.000211014333317359,-3.15112729499667e-05,-1.09008556114525e-05,5.22712132827308e-05,-5.84417342099999e-06,-1.22612581333735e-05,-8.25579864842976e-05
2017/02/26,0.000209738774078089,-1.94504710503165e-05,-2.46839006622927e-05,2.99517133804635e-05,-6.35306121720686e-06,1.5428863339262e-05,-0.000110631917867998
2017/02/27,0.000208628913215954,-6.61603042047899e-06,-3.409568726654e-05,-3.69548701273883e-06,-7.75332371864712e-07,8.71808137507539e-06,-2.3238457519407e-05
2017/02/28,0.00020768431201875,6.59185530010054e-06,-3.77422848052252e-05,-3.5956525632868e-05,4.85594348791726e-06,-1.42277844250955e-05,-2.01151594357907e-06
2017/03/01,0.000206904239279487,1.9750134950824e-05,-3.52291880918136e-05,-5.4651581038658e-05,5.1094166159419e-06,-5.85837097582468e-06,3.65113492600432e-05
2017/03/02,0.000206287679096062,3.24259006212513e-05,-2.71946580436425e-05,-5.2723822084149e-05,4.01425736527829e-07,1.25337904740061e-05,-4.21813158000558e-05
2017/03/05,0.000205833339392043,4.41904622105279e-05,-1.51656820597001e-05,-3.08917860572558e-05,-4.02614957939417e-06,3.7559596276503e-06,-5.00291435338711e-05
2017/03/06,0.000205539661085848,5.46340583093288e-05,-1.26714968082773e-06,2.62890786567226e-06,-3.82672149514851e-06,-1.056082854854e-05,-0.000112273927536333
2017/03/07,0.000205404827859594,6.33806943533084e-05,1.21603381454645e-05,3.52237927508721e-05,1.7929816400911e-07,-2.43264064146419e-06,-1.77643106317842e-05
2017/03/08,0.000205426776471387,7.01025457465183e-05,2.29643412996034e-05,5.4626954943063e-05,3.38245416068916e-06,8.52014651162467e-06,0.000529358780867114
2017/03/09,0.000205603207371143,7.45333333291396e-05,2.95350135225746e-05,5.35300329964094e-05,2.53404430084122e-06,1.8600410339991e-06,4.6576327445893e-05
2017/03/12,0.000205931594690283,7.64800746312883e-05,3.10502699781068e-05,3.23221356832263e-05,-9.6319558429698e-07,-6.60931720347544e-06,-3.7553562195132e-05
2017/03/13,0.000206409194499321,7.58326412716748e-05,2.75734847476298e-05,-1.06321445684757e-06,-2.95094340988364e-06,-1.96371772307614e-06,0.000182542555071182
2017/03/14,0.000207033051927107,7.25706126445179e-05,1.99932371058637e-05,-3.41293345497739e-05,-1.26400763952285e-06,5.00224047769921e-06,4.20882000341085e-05
2017/03/15,0.000207800007621229,6.67670002820976e-05,9.82320908462828e-06,-5.45008597593614e-05,1.94126518455677e-06,2.62929491945371e-06,-1.02619173326042e-05
2017/03/16,0.000208706703453516,5.85885253785171e-05,-1.09544993346401e-06,-5.45524272504005e-05,2.7554268662565e-06,-3.84045460889265e-06,-0.000107898323905532
2017/03/19,0.000209749587775558,4.82922631999859e-05,-1.09313965599772e-05,-3.42503015294548e-05,5.22079233391718e-08,-3.71042796327096e-06,3.38240671538195e-05
2017/03/20,0.000210924920734512,3.62186156886819e-05,-1.81777098451476e-05,-1.15136752859842e-06,-3.09863217407327e-06,3.22619865698445e-06,-3.66410255323594e-05
2017/03/21,0.000212228779870491,2.27807309517445e-05,-2.18887293111644e-05,3.2429096771023e-05,-2.81596622482636e-06,5.03829798917028e-06,0.000162250789953562
2017/03/22,0.000213657065894289,8.45064971029216e-06,-2.18009718194569e-05,5.40127155948446e-05,1.06385653785221e-06,-3.21759406360398e-06,-0.000101557721854217
2017/03/23,0.000215205508430596,-6.25738282991643e-06,-1.83232401264557e-05,5.55966278261882e-05,4.41414113445503e-06,-6.43218666307782e-06,-0.000109210467771789
2017/03/26,0.000216869671575069,-2.08058539912387e-05,-1.24059916767295e-05,3.66096423678293e-05,3.14730390434069e-06,3.82621563579746e-06,-1.96898781506833e-06
2017/03/27,0.000218644959645128,-3.46544558317172e-05,-5.32195272682279e-06,4.09703084025581e-06,-2.04618792784238e-06,7.71060116755363e-06,-3.18839951665549e-05
2017/03/28,0.000220526623363068,-4.72812800478365e-05,1.59516373410467e-06,-2.99177745660355e-05,-5.86041169530242e-06,-5.0171998468607e-06,5.72798790588621e-05
2017/03/29,0.000222509766350613,-5.8203859050276e-05,7.20169129023597e-06,-5.28983831567746e-05,-3.75753197099355e-06,-8.70236317968711e-06,6.91236797168828e-05
2017/03/30,0.000224589352021115,-6.6999150366283e-05,1.07375853380664e-05,-5.64223558513061e-05,2.85790559281195e-06,6.71189777151103e-06,4.3167765494085e-05
2017/04/02,0.000226760210859893,-7.3321576597499e-05,1.19291375129017e-05,-3.92591827001845e-05,7.40450855894817e-06,9.25710962523939e-06,-9.05220725929857e-06
2017/04/03,0.000229017048149059,-7.69182894122841e-05,1.098708712065e-05,-7.77696379808915e-06,4.64742996532687e-06,-8.7929555387335e-06,1.77476435140711e-05
2017/04/04,0.000231354452189128,-7.76409223383738e-05,8.50784518696831e-06,2.64476958605858e-05,-3.46461671306844e-06,-9.25467191111293e-06,9.04421772587321e-06
2017/04/05,0.000233766903098873,-7.54532299902681e-05,5.30452330596278e-06,5.09103092364541e-05,-9.008899186245e-06,1.1111617876726e-05,-9.0391224341503e-05
2017/04/06,0.000236248782108094,-7.04341761157498e-05,2.20729099112752e-06,5.67583195728658e-05,-5.81022962285758e-06,8.61281326269526e-06,0.000119852199803825
2017/04/09,0.000238794381353981,-6.27762224417696e-05,-1.23078172685399e-07,4.19883544456718e-05,3.83559272005389e-06,-1.3496915286565e-05,-7.87001126186861e-05
2017/04/10,0.000241397914069946,-5.2778777946702e-05,-1.32937974341365e-06,1.21080261929101e-05,1.06324188694032e-05,-7.29286024022226e-06,-5.98953412019217e-05
2017/04/11,0.000244053524959746,-4.08369845833932e-05,-1.41343289855742e-06,-2.19465685007799e-05,7.23138356138719e-06,1.57662895039039e-05,-8.95602120423068e-05
2017/04/12,0.000246755300998021,-2.74262301475085e-05,-7.04142933717312e-07,-4.78407145616896e-05,-3.94496938217721e-06,5.30284059013048e-06,-4.75840845630587e-05
2017/04/16,0.000249497282876313,-1.30829836893849e-05,2.51373346106551e-07,-5.63236687996384e-05,-1.22311952380389e-05,-1.77370858811427e-05,-1.48437226142144e-05
2017/04/17,0.000252273477107541,1.61726720006389e-06,8.46622112771495e-07,-4.45294134773612e-05,-8.88824915429116e-06,-2.69785328490345e-06,-1.35408505038201e-05
2017/04/18,0.000255077868793034,1.60840457185067e-05,5.87019398585244e-07,-1.69191969797178e-05,3.77309603985941e-06,1.9238254842731e-05,-2.98850878129985e-05
2017/04/19,0.000257904434919538,2.97368384182294e-05,-7.66293671332703e-07,1.64335367686269e-05,1.37599436080875e-05,-4.22409734384942e-07,-2.37480503087641e-05
2017/04/20,0.000260747158002355,4.20298633904354e-05,-3.1138911574602e-06,4.35477028037429e-05,1.07502258639806e-05,-2.01215753233006e-05,-9.23534835797535e-05
2017/04/23,0.000263600039790548,5.2475534245724e-05,-6.01715662254426e-06,5.4855978478563e-05,-3.30784285623559e-06,3.91890702907765e-06,-0.000131229460065133
2017/04/24,0.000266457114912196,6.06655421237392e-05,-8.78158903928427e-06,4.65781183137192e-05,-1.51737734696987e-05,2.02717250891654e-05,-3.10611379298369e-05
2017/04/25,0.000269312464475168,6.62885723751286e-05,-1.06082857341355e-05,2.19579259773847e-05,-1.2779533991351e-05,-7.6210275900483e-06,1.27608844878533e-05
2017/04/26,0.000272160229581776,6.9143814778963e-05,-1.07820963612221e-05,-1.00296220753838e-05,2.54551357585969e-06,-1.96145551103431e-05,-6.42022843896496e-05
2017/04/27,0.000274994624481976,6.91496101051566e-05,-8.85584944841424e-06,-3.79795817158245e-05,1.64299131217592e-05,1.13365216890626e-05,-7.15112382337158e-05
2017/04/30,0.000277809949359368,6.6346794591704e-05,-4.7893261184282e-06,-5.21420880754183e-05,1.49322452783915e-05,1.81230170136423e-05,-0.000214140592049259
2017/05/01,0.00028060060290792,6.08965465420608e-05,9.90394098073353e-07,-4.78215345279944e-05,-1.49123729455958e-06,-1.4863036063745e-05,0.000107474264338245
2017/05/02,0.000283361094880916,5.30727944053845e-05,7.62541087547608e-06,-2.69060234925847e-05,-1.74890137538262e-05,-1.5820289609794e-05,5.81380266944282e-05
2017/05/03,0.000286086058616199,4.32495016496649e-05,1.39590269712282e-05,2.95925064259024e-06,-1.71592948464327e-05,1.80005918651436e-05,3.66268651016067e-05
2017/05/04,0.000288770263064496,3.18833887141703e-05,1.87421272053021e-05,3.1194087951942e-05,1.59223753565101e-07,1.27798397749923e-05,0.000663606069535532
2017/05/07,0.000291408624043514,1.94928760740511e-05,2.08763764622622e-05,4.80496727501507e-05,1.8316551552179e-05,-2.05642606522264e-05,0.000151442159770069
2017/05/08,0.000293996214042605,6.63422138459724e-06,1.96472944544647e-05,4.7972325551151e-05,1.94076987915448e-05,-9.12232167381651e-06,-4.10634325505461e-05
2017/05/09,0.000296528269523717,-6.12403118902545e-06,1.48998714879575e-05,3.14057145081154e-05,1.42689469960418e-06,2.23962708571057e-05,-7.9542989887474e-05
2017/05/10,0.000299000196460557,-1.82270756952602e-05,7.11835918904913e-06,4.45896784679004e-06,-1.88846356102018e-05,5.00934858752239e-06,-6.85581607784565e-05
2017/05/11,0.000301407575077082,-2.9159097069407e-05,-2.61128310410851e-06,-2.3369170377095e-05,-2.16222242399967e-05,-2.33767138476561e-05,-4.66780864388187e-05
2017/05/14,0.000303746164226259,-3.84665390290587e-05,-1.27561108675358e-05,-4.25546296780253e-05,-3.23407738767554e-06,-6.34351746351482e-07,9.41295444823877e-05
2017/05/15,0.000306011905708793,-4.57782700481369e-05,-2.15853931592316e-05,-4.68040440608653e-05,1.91738197964522e-05,2.34320458938828e-05,-1.75010641308944e-05
2017/05/16,0.000308200928637373,-5.08216834925343e-05,-2.74725394584553e-05,-3.5091938284294e-05,2.37479400377186e-05,-3.78887949598207e-06,0.000126237172056174
2017/05/17,0.000310309553660876,-5.34339705783001e-05,-2.9196141968173e-05,-1.18319498653591e-05,5.22142984979005e-06,-2.25407059862086e-05,8.71547848873748e-05
2017/05/18,0.000312334297020563,-5.35680449760576e-05,-2.61843050168513e-05,1.48016390070791e-05,-1.91738845066839e-05,8.03921213039761e-06,-6.34389136584472e-05
2017/05/21,0.000314271874289359,-5.12928641206671e-05,-1.86545723002672e-05,3.5759029221219e-05,-2.57328802809416e-05,2.0735406698453e-05,-8.26969935071546e-05
2017/05/22,0.000316119203931868,-4.67881701216606e-05,-7.61904337541997e-06,4.41847088514032e-05,-7.3425142430256e-06,-1.19018775487421e-05,-0.000137486307494423
2017/05/23,0.0003178734109599,-4.03339498912569e-05,5.252242216123e-06,3.76340213519188e-05,1.88838537678874e-05,-1.81018992667904e-05,-0.000142358679137782
2017/05/24,0.000319531830784644,-3.22951763657444e-05,1.7891034988501e-05,1.87317111089442e-05,2.7530222497157e-05,1.51819825470904e-05,0.000606241394439408
2017/05/25,0.000321092013267719,-2.31026265297514e-05,2.81721419308337e-05,-5.88056031771245e-06,9.54765845478885e-06,1.47742359354705e-05,0.000105026137258652
2017/05/28,0.000322551726219255,-1.3230766145435e-05,3.42785390027584e-05,-2.78860186015728e-05,-1.83115081559368e-05,-1.77168966690054e-05,-0.000177566075650064
2017/05/29,0.000323908957022331,-3.17383309471525e-06,3.50264912493561e-05,-4.00961325868569e-05,-2.90998419569806e-05,-1.09267765673096e-05,-8.60158640658246e-05
2017/05/30,0.000325161913134927,6.57867028047615e-06,3.00920227737483e-05,-3.87746754754904e-05,-1.17859777940695e-05,1.93866003510018e-05,6.11234467294069e-05
2017/05/31,0.000326309022602422,1.55658462811954e-05,2.00958948780882e-05,-2.47422232892242e-05,1.74727631984474e-05,6.76346369295436e-06,9.05782326361165e-05
2017/06/01,0.000327348934548293,2.33774434374772e-05,6.5280860421085e-06,-2.95216416513204e-06,3.04094683927698e-05,-2.01211893817031e-05,0.000140853421126186
2017/06/04,0.00032828051905495,2.96729845654738e-05,-8.47946894964277e-06,1.92611769583456e-05,1.40070491245202e-05,-2.50514804315922e-06,-5.54011271048803e-06
2017/06/05,0.000329102866079445,3.41970562553358e-05,-2.24963001119219e-05,3.46422853916381e-05,-1.63908314953283e-05,1.99050669984391e-05,7.57008568823924e-05
2017/06/06,0.00032981528331464,3.67900434272697e-05,-3.31963051308895e-05,3.83619468142678e-05,-3.14350987818622e-05,-1.62412698307633e-06,0.000395431257339651
2017/06/07,0.000330417293180595,3.73938364680985e-05,-3.87519221975726e-05,2.95032946842894e-05,-1.61622568771789e-05,-1.87776084825761e-05,1.16153632243442e-05
2017/06/08,0.0003309086286362,3.60523025438703e-05,-3.81515875723721e-05,1.12425494647397e-05,1.50947879865748e-05,5.41096532752278e-06,-7.56666463865353e-05
2017/06/11,0.000331289227546354,3.29065850349165e-05,-3.13846119786426e-05,-1.02875569989648e-05,3.21606538255473e-05,1.68303171036203e-05,-0.000108969614532831
2017/06/12,0.000331559226294118,2.81855615432278e-05,-1.9459656300119e-05,-2.80464170281125e-05,1.82061184937295e-05,-8.66568819770104e-06,-2.42841448051432e-05
2017/06/13,0.000331718953199373,2.21920338313531e-05,-4.25122398516721e-06,-3.63674519250322e-05,-1.36175206377532e-05,-1.42006450938308e-05,0.000180670854611057
2017/06/14,0.000331768921837973,1.52854314250996e-05,1.18018669502242e-05,-3.27432015956787e-05,-3.2577057241614e-05,1.12338180495929e-05,-8.02967794255973e-05
2017/06/15,0.000331709824131218,7.86197619408146e-06,2.6096376390951e-05,-1.85614589878955e-05,-2.00972772279149e-05,1.10628880423122e-05,-0.000236499328542752
2017/06/18,0.000331542523043999,3.33370744530842e-07,3.62959198048316e-05,1.41549610714953e-06,1.19940518315342e-05,-1.30051869644652e-05,-0.00018930717456758
2017/06/19,0.000331268045443045,-6.89486582234813e-06,4.07207692273978e-05,2.06370687954464e-05,3.26816206674643e-05,-7.61677681132105e-06,-6.68238614996843e-05
2017/06/20,0.000330887575532477,-1.34442909937221e-05,3.8629949904255e-05,3.28938698247659e-05,2.17992821758697e-05,1.39200705383886e-05,9.99955430179658e-05
2017/06/21,0.000330402448702568,-1.89825961416834e-05,3.03474610923275e-05,3.43068448068423e-05,-1.02604586050001e-05,4.07457637448261e-06,-6.56472762295366e-05
2017/06/22,0.000329814145188034,-2.3239876775752e-05,1.72108448754792e-05,2.45462254730893e-05,-3.24777391856112e-05,-1.39719823517902e-05,-3.35966172234495e-05
2017/06/25,0.000329124283223412,-2.60213243152406e-05,1.35051927982552e-06,6.90063299639505e-06,-2.32811162487253e-05,-6.47553261989453e-07,8.01155832632239e-06
2017/06/26,0.000328334612032864,-2.72157462049252e-05,-1.46629349975413e-05,-1.28162337368139e-05,8.45322965720194e-06,1.32069766595919e-05,1.76200965896222e-05
2017/06/27,0.000327447004954073,-2.67995491175579e-05,-2.82439670810519e-05,-2.81645655674239e-05,3.19747857966164e-05,-2.46728274397797e-06,-4.46184262406774e-05
2017/06/28,0.000326463452655852,-2.48360643331601e-05,-3.721802991088e-05,-3.41703164949745e-05,2.45176884123083e-05,-1.17195325778559e-05,-1.28701977512898e-05
2017/06/29,0.000325386056515142,-2.1470340136084e-05,-4.01768114165856e-05,-2.89355585026265e-05,-6.60861184028213e-06,5.0992867166127e-06,-5.8144021336176e-05
2017/07/02,0.00032421702231013,-1.69197604749108e-05,-3.67035896052866e-05,-1.42464389181768e-05,-3.1187781186091e-05,9.64536294970228e-06,-6.38828150753668e-05
2017/07/03,0.000322958654396837,-1.14610601405703e-05,-2.74319817477789e-05,5.02018987768455e-06,-2.54900190048166e-05,-7.11433200211083e-06,-0.000175781451379245
2017/07/04,0.000321613350467712,-5.41448387587868e-06,-1.39298491688096e-05,2.25013378139788e-05,4.76206440873783e-06,-7.15167995818332e-06,0.000154629260312443
2017/07/05,0.000320183597042972,8.74028497741241e-07,1.57024928383746e-06,3.24421915635615e-05,3.01368869825713e-05,8.42237465707183e-06,6.7948671972245e-05
2017/07/06,0.000318671965477554,7.05166188754355e-06,1.65469909778721e-05,3.15939840449026e-05,2.61851878458066e-05,4.42561558745779e-06,0.000119175594178863
2017/07/09,0.000317081107703223,1.27775466290205e-05,2.86082060806623e-05,2.02879822738104e-05,-2.94775919201818e-06,-8.9819664700866e-06,-5.73291170246119e-05
2017/07/10,0.000315413751265197,1.774059590206e-05,3.58802458261847e-05,2.32509062984851e-06,-2.88467347740983e-05,-1.66161813338784e-06,0.000121260669284196
2017/07/11,0.000313672693721652,2.16754470369501e-05,3.73042539506425e-05,-1.6289092270462e-05,-2.65960637634135e-05,8.80147229534969e-06,0.000132915289029281
2017/07/12,0.000311860796645189,2.43757108165805e-05,3.27916660342399e-05,-2.93482256001393e-05,1.1982143147635e-06,-9.51299185288465e-07,-5.45708630253448e-05
2017/07/13,0.00030998097911381,2.57038882624505e-05,2.32159375951233e-05,-3.25211350576288e-05,2.73457772497179e-05,-7.93698682786236e-06,-3.84444603356108e-05
2017/07/16,0.000308036210695769,2.5597501354546e-05,1.02455973354397e-05,-2.48025035781853e-05,2.67210232075772e-05,3.24162834157503e-06,-0.000153089457356722
2017/07/17,0.000306029504356473,2.40711920293362e-05,-3.94965887276705e-06,-8.84642272237369e-06,4.56113184053923e-07,6.48718401303077e-06,-9.73289119877529e-05
2017/07/18,0.000303963909510165,2.12147594182679e-05,-1.70675149181042e-05,9.93451230477001e-06,-2.56655665454401e-05,-5.0659416104508e-06,-5.80471581592082e-05
2017/07/19,0.000301842505461218,1.71873179768421e-05,-2.70527093303356e-05,2.52033212186503e-05,-2.65636479614903e-05,-4.58551443021202e-06,-5.38842729346729e-05
2017/07/20,0.000299668395259363,1.22079567893758e-05,-3.24242249726523e-05,3.18450616377547e-05,-1.98725551161081e-06,6.31731313740036e-06,-4.89542463396309e-05
2017/07/23,0.000297444699956303,6.54345340512271e-06,-3.24970977771093e-05,2.76950216796511e-05,2.38400919230152e-05,2.39037257366251e-06,0.000114662458239354
2017/07/24,0.000295174553196478,4.93735361599154e-07,-2.74653436708803e-05,1.42586787145835e-05,2.61326317266121e-05,-6.93110601083892e-06,-4.54341493175535e-05
2017/07/25,0.000292861095920075,-5.62411737382608e-06,-1.83369911198257e-05,-3.82209692906026e-06,3.37043454855922e-06,-7.39329698613008e-08,3.29076079239393e-05
2017/07/26,0.000290507470904921,-1.14924787670836e-05,-6.73742325940589e-06,-2.03714266448664e-05,-2.1904926797091e-05,6.88782304059144e-06,3.69719615229346e-05
2017/07/27,0.000288116817370037,-1.68095283222184e-05,5.3811779179752e-06,-2.9797327448471e-05,-2.54415954803426e-05,-2.18958257478848e-06,-7.93719614621914e-05
2017/07/30,0.000285692265714246,-2.1304516109768e-05,1.60721107279064e-05,-2.89951955810586e-05,-4.58468244557467e-06,-6.2129035371062e-06,-4.83307876864505e-06
2017/07/31,0.000283236932552434,-2.47511820831528e-05,2.37110160857971e-05,-1.8383222889774e-05,1.98963882392168e-05,4.23543029265532e-06,7.85166378028234e-05
2017/08/01,0.000280753916254366,-2.69786799459548e-05,2.72451315163903e-05,-1.71919114629442e-06,2.45087124316609e-05,4.97355396819027e-06,-3.88514430783578e-05
2017/08/02,0.000278246292790783,-2.7879496278846e-05,2.63363747196551e-05,1.52280344937823e-05,5.61319397165348e-06,-5.91886171768631e-06,-1.23105379793415e-05
2017/08/03,0.000275717111567362,-2.74140182169917e-05,2.13793218706211e-05,2.66827951168905e-05,-1.78507780669739e-05,-3.27291373497636e-06,3.39274814640682e-05
2017/08/06,0.000273169391336429,-2.56115790372372e-05,1.33971540741476e-05,2.88431261531517e-05,-2.33562092066923e-05,7.12394033379289e-06,4.48391763464087e-05
2017/08/07,0.000270606116187526,-2.25679935430258e-05,3.83914451273923e-06,2.11534100165762e-05,-6.44353276826329e-06,1.24206145253371e-06,-4.50920585808598e-06
2017/08/08,0.000268030231552342,-1.84397740025708e-05,-5.68121699225783e-06,6.43895992362562e-06,1.58037135194301e-05,-7.7701204054692e-06,-6.07607935950997e-05
2017/08/09,0.000265444640196937,-1.34353830958077e-05,-1.36602734814198e-05,-1.01268026719358e-05,2.20100132065512e-05,9.69508605603716e-07,9.54822972400718e-05
2017/08/10,0.000262852198388721,-7.80402432678609e-06,-1.8943634912092e-05,-2.28460060319507e-05,7.06811538882122e-06,7.81625963129863e-06,2.38190918619884e-05
2017/08/13,0.00026025571226867,-1.82258621213357e-06,-2.08926280048621e-05,-2.74656040947555e-05,-1.3789184773412e-05,-3.20423364819511e-06,3.75255244646886e-05
2017/08/14,0.000257657934269804,4.21856212905841e-06,-1.94539838474297e-05,-2.26078011598509e-05,-2.04992478744926e-05,-7.26189865297536e-06,-2.85648641138239e-08
2017/08/15,0.000255061559645749,1.00301838488896e-05,-1.51269042412848e-05,-1.0177369530294e-05,-7.4846064601801e-06,5.30693136954725e-06,-1.82197946324267e-05
2017/08/16,0.000252469223295106,1.53384518762263e-05,-8.8396120765342e-06,5.37304623879356e-06,1.18386083208216e-05,6.14585254837223e-06,-4.67795702027854e-05
2017/08/17,0.000249883496927049,1.98981808240012e-05,-1.76236585038983e-06,1.86391504030154e-05,1.88555003123803e-05,-7.13464376951498e-06,-1.01863188465413e-05
2017/08/20,0.000247306886543112,2.35043715401466e-05,4.90674194320428e-06,2.51493473041573e-05,7.69600410268586e-06,-4.54233558347859e-06,-1.71880158498275e-05
2017/08/21,0.00024474183008257,2.60015251809921e-05,1.01444329587269e-05,2.28775835469223e-05,-9.97992555784148e-06,8.56527040266694e-06,7.01432833859636e-05
2017/08/22,0.000242190695110106,2.72903071424615e-05,1.32590802884623e-05,1.28708022159043e-05,-1.71117980933195e-05,2.55499958944705e-06,-0.000130371086253062
2017/08/23,0.000239655776385712,2.73312827103352e-05,1.39777804483636e-05,-1.20181482264546e-06,-7.71031364576751e-06,-9.50449263600276e-06,-4.83672184399951e-05
2017/08/24,0.00023713929334505,2.61455992363417e-05,1.24536471869748e-05,-1.43910614401626e-05,8.23708119176285e-06,-3.09368587512185e-07,3.22238090675456e-05
2017/08/27,0.000234643387805976,2.38126460077652e-05,9.19818983232767e-06,-2.22106941326795e-05,1.53018286136495e-05,9.89062486510398e-06,2.12380170078566e-05
2017/08/28,0.000232170121900634,2.0464873893513e-05,4.95671002418031e-06,-2.2166143903633e-05,7.54017617772964e-06,-2.05574353185442e-06,2.92220054394305e-05
2017/08/29,0.000229721475963464,1.62800963593964e-05,5.5365267123512e-07,-1.45471321831188e-05,-6.62976395032791e-06,-9.69717568740298e-06,2.64388468267546e-05
2017/08/30,0.00022729934635485,1.1471715545765e-05,-3.26162787723712e-06,-2.23398740052372e-06,-1.34593106968902e-05,4.39721616804217e-06,3.20786479059934e-05
2017/08/31,0.000224905543271997,6.27741416474208e-06,-5.94051630967689e-06,1.03827739293684e-05,-7.20244366236115e-06,8.93310036346632e-06,-5.13988717575354e-05
2017/09/03,0.000222541788643386,9.46920966517942e-07,-7.21138676223423e-06,1.89663554674041e-05,5.17312634228877e-06,-6.576404990847e-06,-9.26263996665154e-05
2017/09/04,0.000220209714147488,-4.27050891522125e-06,-7.09641500546905e-06,2.07242458451159e-05,1.1617174301101e-05,-7.64087107004118e-06,-4.66283393029735e-05
2017/09/05,0.00021791085956541,-9.13825816849754e-06,-5.87089004888807e-06,1.53133034425102e-05,6.71769027753978e-06,8.46720330024247e-06,-9.3309083683164e-06
2017/09/06,0.00021564667156397,-1.34435505493565e-05,-3.97781549862178e-06,4.8677440757517e-06,-3.87728339060034e-06,5.89262678787107e-06,4.96776070109855e-05
2017/09/07,0.000213418502836864,-1.70071535556911e-05,-1.91830844901962e-06,-6.82796938596559e-06,-9.80639918668978e-06,-9.96291460123974e-06,2.13892423417416e-05
2017/09/10,0.000211227611425617,-1.96911324089435e-05,-1.41570600076385e-07,-1.57046459358335e-05,-6.10934217479617e-06,-3.78476168521382e-06,4.10038413792459e-05
2017/09/11,0.000209075160195065,-2.14043181530758e-05,1.04337048205283e-06,-1.88211758644763e-05,2.7472143870775e-06,1.09815936829242e-05,-6.2758447295676e-06
2017/09/12,0.000206962216536307,-2.2105277290052e-05,1.51780647442641e-06,-1.5335261908737e-05,8.05499905928028e-06,1.4313836563215e-06,-5.73168665275466e-05
2017/09/13,0.000204889752368014,-2.18027022109764e-05,1.35779996515434e-06,-6.71347984457475e-06,5.40245495478034e-06,-1.14696281419879e-05,-5.36921970904098e-05
2017/09/14,0.000202858644511242,-2.05532740457817e-05,7.95166882547234e-07,3.86344473565883e-06,-1.78325446659014e-06,1.04288806045107e-06,-3.65596156775271e-05
2017/09/17,0.000200869675606369,-1.84571762348776e-05,1.46070966813117e-07,1.26647497863879e-05,-6.38736791783401e-06,1.14034694144409e-05,-2.72194216212989e-05
2017/09/18,0.000198923535572194,-1.56515528432424e-05,-2.75495102226921e-07,1.67198779951454e-05,-4.62248968280913e-06,-3.51029470756768e-06,-2.11235812314934e-05
2017/09/19,0.000197020823529861,-1.23023042076218e-05,-2.39659708590716e-07,1.48167549909264e-05,9.81846729145455e-07,-1.07895352208904e-05,1.52360738871702e-05
2017/09/20,0.000195162050072121,-8.59468903735415e-06,3.39915246319413e-07,7.85455965217389e-06,4.82407704662135e-06,5.84702392552792e-06,-4.63729369054096e-05
2017/09/21,0.000193347639832728,-4.72325266907151e-06,1.38178334648706e-06,-1.54744243785972e-06,3.79456595917711e-06,9.66243174981519e-06,-0.000103115725781276
2017/09/24,0.000191577934282728,-8.81623517443739e-07,2.65246429078043e-06,-1.00228082303005e-05,-3.36078925310298e-07,-7.9396141628265e-06,1.14187262623731e-05
2017/09/25,0.000189853194873188,2.74728769069299e-06,3.81845210759693e-06,-1.46549726126911e-05,-3.38174882987322e-06,-8.08173160735043e-06,0.000127758518378437
2017/09/26,0.000188173606570215,6.0001869487891e-06,4.52309541002644e-06,-1.39757104272594e-05,-2.94281439894512e-06,9.69036118281557e-06,-1.28777252856414e-05
2017/09/27,0.000186539281537987,8.74095670963118e-06,4.47177258936301e-06,-8.42534349940535e-06,-1.6380203139428e-07,6.12762417414403e-06,5.88155105196743e-05
2017/09/28,0.000184950262706125,1.08665228999333e-05,3.50703060818338e-06,-1.32728377387664e-07,2.07284303428814e-06,-1.10215054937181e-05,1.33685746225755e-05
2017/10/01,0.000183406527306442,1.23107772928538e-05,1.65732911259151e-06,7.88648791087709e-06,2.08957709008185e-06,-3.89578207024681e-06,-1.43549166425997e-05
2017/10/02,0.00018190799032483,1.30464142131735e-05,-8.51710348580179e-07,1.2815903130865e-05,5.29771545843603e-07,1.18780845882212e-05,-7.19104534543532e-05
2017/10/03,0.000180454507934614,1.30846552357475e-05,-3.62716963446336e-06,1.30212121894037e-05,-9.05533275605354e-07,1.49179449666164e-06,-3.95784669463579e-05
2017/10/04,0.000179045880997432,1.24729472577841e-05,-6.17520515705974e-06,8.58929695112109e-06,-1.25463797851526e-06,-1.2229414198991e-05,-4.78278678717708e-05
2017/10/05,0.000177681858729623,1.12908225961509e-05,-7.99193967847304e-06,1.24691391521514e-06,-7.75120683538043e-07,9.7452451487134e-07,4.32249406061509e-05
2017/10/08,0.000176362142529863,9.64419970255743e-06,-8.66178690700862e-06,-6.29637101673677e-06,-1.15818097913785e-07,1.2069233922073e-05,-1.98160013283407e-06
2017/10/09,0.000175086389943085,7.65847623597638e-06,-7.94426868226857e-06,-1.13357863228334e-05,4.54940269044447e-07,-3.39463614750287e-06,-4.11801152955011e-05
2017/10/10,0.000173854218589277,5.47081956329798e-06,-5.83213665773739e-06,-1.21336787430676e-05,9.13647046182031e-07,-1.1414612685598e-05,1.46487428876466e-05
2017/10/11,0.000172665210128858,3.22209195198293e-06,-2.56864121977825e-06,-8.51685713303623e-06,9.9001912940055e-07,5.66630795424605e-06,2.93448691883273e-05
2017/10/12,0.000171518914357642,1.04885620763797e-06,1.3808292319851e-06,-1.90428235034937e-06,2.95432099734633e-07,1.03037740324086e-05,1.21904764209415e-05
2017/10/15,0.000170414853355383,-9.24108126597412e-07,5.39914482205502e-06,5.23468104638817e-06,-9.59192948699251e-07,-7.69793543007547e-06,6.55245572815456e-05
2017/10/16,0.000169352525533151,-2.59038607829582e-06,8.81844904164203e-06,1.02892659734841e-05,-1.71871247072447e-06,-8.79305898809908e-06,1.85119169888421e-05
2017/10/17,0.000168331409524026,-3.8672725258735e-06,1.10345310067203e-05,1.14533277617273e-05,-9.85269901480409e-07,9.41199488862902e-06,-4.46837207537486e-05
2017/10/18,0.00016735096783165,-4.69962368860172e-06,1.16145036679783e-05,8.36855366034797e-06,9.25482863563639e-07,6.95327946211847e-06,-1.27281637970566e-05
2017/10/19,0.000166410650340031,-5.0620451793843e-06,1.03785224485712e-05,2.23643910185248e-06,2.3063098849218e-06,-1.07475363402371e-05,3.51376597442453e-05
2017/10/22,0.000165509897761707,-4.95934268963375e-06,7.44051846450052e-06,-4.6370531810555e-06,1.60638558458969e-06,-4.86570962657435e-06,-1.78726963135331e-05
2017/10/23,0.000164648144996368,-4.42525868985485e-06,3.19987014630843e-06,-9.69569587871844e-06,-8.25790925114106e-07,1.16617053807366e-05,3.71750249702746e-05
2017/10/24,0.000163824824347917,-3.51961140202612e-06,-1.71563159739013e-06,-1.10739641411272e-05,-2.75972790002952e-06,2.61795178467479e-06,-2.78284109201928e-06
2017/10/25,0.000163039368667105,-2.32403553365248e-06,-6.54674393773983e-06,-8.28153898754527e-06,-2.15373300682354e-06,-1.21303158188419e-05,-2.13520013825024e-05
2017/10/26,0.000162291214364818,-9.3659432118943e-07,-1.05239341464476e-05,-2.38111659566499e-06,6.7245153098333e-07,-2.99883491323163e-07,3.44688626588234e-05
2017/10/29,0.000161579804411376,5.3441437970576e-07,-1.29927575728058e-05,4.40647912554538e-06,3.08791191056733e-06,1.21475430043816e-05,6.92604741229992e-07
2017/10/30,0.000160904591352365,1.97709981467964e-06,-1.35226097524799e-05,9.52651705503165e-06,2.62530014622967e-06,-2.00012543768479e-06,-6.09107731781413e-05
2017/10/31,0.000160265040236738,3.28269350449575e-06,-1.19806826797985e-05,1.10419654030489e-05,-4.76551667685763e-07,-1.17248285126157e-05,5.19913637158173e-05
2017/11/01,0.000159660631450962,4.35196734527349e-06,-8.55867162756715e-06,8.36117304059772e-06,-3.30129700743584e-06,4.19855990608616e-06,-2.9325363107916e-05
2017/11/02,0.000159090863541379,5.10100692356022e-06,-3.74754677158286e-06,2.46961331631752e-06,-3.02161595182157e-06,1.08891438196576e-05,-2.21446487750975e-06
2017/11/05,0.000158555255883073,5.46603245185501e-06,1.73580221770903e-06,-4.4256845863226e-06,2.48079333966709e-07,-6.21954001392517e-06,7.54150547136444e-05
2017/11/06,0.00015805335122585,5.4070164857817e-06,7.05844607993511e-06,-9.71341136620793e-06,3.41153217820582e-06,-9.68078783999005e-06,-2.33146763574529e-07
2017/11/07,0.000157584718006439,4.90991711623592e-06,1.14003931564257e-05,-1.13576266958653e-05,3.3453711076468e-06,7.99696989226968e-06,0.000140582257416848
2017/11/08,0.000157148952335134,3.98742456550828e-06,1.40822910159953e-05,-8.67515321150073e-06,3.9587981654395e-09,8.15090806371531e-06,1.69716184329826e-05
2017/11/09,0.00015674567958748,2.6782032975235e-06,1.46718205580724e-05,-2.61558238376517e-06,-3.43137820543718e-06,-9.47605537603061e-06,-3.48936874778434e-05
2017/11/12,0.000156374555447967,1.0446957109914e-06,1.30522426204928e-05,4.57011997895931e-06,-3.6013716677761e-06,-6.35889248265888e-06,-7.95234960797582e-06
2017/11/13,0.000156035266563142,-8.30367279590101e-07,9.4425725481613e-06,1.01589687778128e-05,-2.71631227517768e-07,1.06142135532279e-05,9.20929770647642e-05
2017/11/14,0.000155727531055799,-2.84853513239715e-06,4.36639721036455e-06,1.19801877737611e-05,3.37459590817581e-06,4.36977448340529e-06,-3.03499512991085e-05
2017/11/15,0.000155451098759645,-4.90101926662706e-06,-1.42578141361418e-06,9.25140417438906e-06,3.79654243644899e-06,-1.13814012900951e-05,-3.6058434001472e-06
2017/11/16,0.000155205751028821,-6.87458343149425e-06,-7.06878695301872e-06,2.90650875642535e-06,5.48325430107414e-07,-2.25177987832345e-06,4.9606565047483e-05
2017/11/19,0.000154991300276723,-8.65761913056835e-06,-1.17125931528569e-05,-4.72024945883973e-06,-3.25540565086721e-06,1.17599470904611e-05,2.5326620025948e-05
2017/11/20,0.000154807589348512,-1.01460813527898e-05,-1.46502308437465e-05,-1.07489885336942e-05,-3.93937795822961e-06,7.41349757279031e-08,6.54389543642206e-05
2017/11/21,0.000154654490639161,-1.12489762095443e-05,-1.54246920257984e-05,-1.28363342798124e-05,-8.28727160548379e-07,-1.17439989798766e-05,3.30062380164192e-05
2017/11/22,0.000154531904996188,-1.18931230957284e-05,-1.38989518292258e-05,-1.00799531281938e-05,3.08787195146654e-06,2.09479635332682e-06,-4.48425452478332e-05
2017/11/23,0.000154439760423045,-1.20269582780876e-05,-1.02787106693265e-05,-3.39795902261593e-06,4.03925093634397e-06,1.13387301773331e-05,-6.34141135666918e-05
2017/11/26,0.000154378010749268,-1.16232015570199e-05,-5.084397922427e-06,4.77367106465379e-06,1.1086032998983e-06,-4.18902695425328e-06,3.65673413198797e-05
2017/11/27,0.000154346634413497,-1.06802706303859e-05,9.23622718387422e-07,1.13676703168488e-05,-2.8856401688228e-06,-1.05594318880826e-05,-1.58335847614418e-05
2017/11/28,0.000154345633342315,-9.22239580958992e-06,6.85589198346513e-06,1.38340447899276e-05,-4.10597750904812e-06,6.14615992882615e-06,0.000112779643274104
2017/11/29,0.000154375031728572,-7.29845691938911e-06,1.18247100270796e-05,1.11213000818347e-05,-1.38447052824562e-06,9.4305913474057e-06,0.000106652294262743
2017/11/30,0.000154434874602013,-4.97963022838512e-06,1.50759885889583e-05,4.11398666399611e-06,2.66201615249258e-06,-7.90836558546909e-06,6.40261298063946e-05
2017/12/03,0.000154525225865761,-2.35599299482222e-06,1.61027983735876e-05,-4.65270078303975e-06,4.14969058408094e-06,-7.98501305188679e-06,-3.50040079936807e-05
2017/12/04,0.000154646165727991,4.67718102885384e-07,1.4723789434526e-05,-1.19107194560698e-05,1.65348066585416e-06,9.42319460335418e-06,-4.51386290785407e-05
2017/12/05,0.000154797787727594,3.37696252802086e-06,1.11145699554185e-05,-1.48769886288417e-05,-2.42994163608139e-06,6.26299956962426e-06,2.29316104842654e-05
2017/12/06,0.000154980195669255,6.2526113758006e-06,5.78679167511459e-06,-1.23174152133791e-05,-4.18082006849057e-06,-1.06442801864614e-05,-2.95700832518387e-05
2017/12/07,0.00015519350050328,8.97626100790829e-06,-4.82808389581776e-07,-5.0511094794653e-06,-1.91357961307737e-06,-4.31158832634194e-06,5.41213242972779e-05
2017/12/10,0.000155437817127056,1.14353902249667e-05,-6.76385819954797e-06,4.3086576384438e-06,2.20177489436926e-06,1.15320066180332e-05,2.1978211696679e-05
2017/12/11,0.00015571326110096,1.35281267274314e-05,-1.21086682342699e-05,1.22962424439811e-05,4.21007380030258e-06,2.18382810653909e-06,0.000273101136055055
2017/12/12,0.000156019945161929,1.51674195258499e-05,-1.56938320628394e-05,1.58780862916515e-05,2.16370784744415e-06,-1.20541892419541e-05,6.48188624779193e-05
2017/12/13,0.00015635797521816,1.62844529923963e-05,-1.69462947041111e-05,1.36032713966781e-05,-1.9890725429333e-06,6.19425743462705e-08,4.30097250654638e-05
2017/12/14,0.000156727445529561,1.6831183280897e-05,-1.56348243915763e-05,6.18418381841895e-06,-4.24832076290544e-06,1.21867981450488e-05,-3.5230465619444e-05
2017/12/17,0.000157128433352613,1.67819264434149e-05,-1.1912399012547e-05,-3.72296867557961e-06,-2.40376898669303e-06,-2.3628732459649e-06,-1.10893498752439e-05
2017/12/18,0.000157560993417297,1.61339751560824e-05,-6.30185785287591e-06,-1.24716483533398e-05,1.80255984203177e-06,-1.19147297809177e-05,-5.22092924282778e-05
2017/12/19,0.000158025152431339,1.49072656265417e-05,3.74639619068612e-07,-1.67693021314564e-05,4.30655646212921e-06,4.65251949125407e-06,-9.88968314988758e-05
2017/12/20,0.000158520903786169,1.31431569659766e-05,7.11340745688182e-06,-1.49161534361145e-05,2.63471379456561e-06,1.12326090919428e-05,-8.40286376594211e-05
2017/12/21,0.000159048202610357,1.09024202969129e-05,1.28779532179664e-05,-7.47252728063668e-06,-1.65190551520759e-06,-6.8619338953693e-06,-9.10422094340226e-05
2017/12/25,0.00015960696130762,8.26256281266395e-06,1.67570565036726e-05,2.90561968271774e-06,-4.39573437835272e-06,-1.01455736904064e-05,4.10501077620845e-05
2017/12/26,0.000160197045563876,5.31463158006188e-06,1.81084176262414e-05,1.24166891453704e-05,-2.85864163854321e-06,8.92096838654037e-06,-0.000103199110663546
2017/12/27,0.000160818270761987,2.15965274068252e-06,1.66653692408229e-05,1.7508288248828e-05,1.54538494573948e-06,8.669988439362e-06,-0.000144966954377422
2017/12/28,0.000161470398621635,-1.09513633810064e-06,1.25889125522283e-05,1.62043983090148e-05,4.52646091278149e-06,-1.07598210608729e-05,-7.41902129966861e-05
2018/01/01,0.000162153134266098,-4.34010997806827e-06,6.4550520733723e-06,8.86905529534969e-06,3.07883305378479e-06,-6.83402475310126e-06,-1.70909399574349e-05
2018/01/02,0.000162866123853769,-7.46699362213415e-06,-8.22977028964812e-07,-1.88736892919256e-06,-1.48940712910838e-06,1.23108410018753e-05,-7.73102181462446e-05
2018/01/03,0.000163608952708753,-1.03724002049189e-05,-8.12785945393566e-06,-1.21386642788216e-05,-4.70838315631859e-06,4.67803892085856e-06,-4.82396845356171e-05
2018/01/04,0.000164381143868065,-1.29610652388264e-05,-1.43079034963305e-05,-1.80777820839102e-05,-3.29950365134597e-06,-1.35106003032269e-05,-6.52428909442523e-06
2018/01/07,0.000165182157186345,-1.51487037420173e-05,-1.83579072274845e-05,-1.74312971823232e-05,1.4882324129743e-06,-2.25464361875434e-06,-3.587783782874e-05
2018/01/08,0.000166011389038772,-1.68644327586749e-05,-1.95829414780571e-05,-1.03278010372231e-05,4.94968858097239e-06,1.43022103292365e-05,-3.42411267502618e-06
2018/01/09,0.00016686817264593,-1.80527214742243e-05,-1.77183204966052e-05,7.10616682655465e-07,3.52542749458132e-06,-3.71636932315168e-07,-4.69615379200216e-05
2018/01/10,0.000167751778980085,-1.86748464272948e-05,-1.29849156407623e-05,1.1664293380939e-05,-1.54410788066601e-06,-1.46378166043387e-05,-1.89103858079625e-05
2018/01/11,0.00016866141820663,-1.87098419205741e-05,-6.06850261177106e-06,1.84808935497921e-05,-5.25697734936177e-06,3.12523954038913e-06,-1.22062294151039e-05
2018/01/14,0.000169596241663608,-1.81549459639827e-05,1.97634544024148e-06,1.85751770435259e-05,-3.76161268698432e-06,1.44811577601181e-05,-0.000107312363256527
2018/01/15,0.000170555344353019,-1.70255508270451e-05,9.88502588036948e-06,1.18086234864966e-05,1.65753750871108e-06,-5.92103806582007e-06,-2.8094942335731e-05
2018/01/16,0.000171537767879158,-1.5354674714267e-05,1.63808150604619e-05,5.78264834047926e-07,5.63526255307182e-06,-1.38100383743589e-05,-4.9522397238114e-05
2018/01/17,0.000172542503913751,-1.31919770871755e-05,2.03810815044439e-05,-1.10316213305945e-05,4.01316545163647e-06,8.66645943317752e-06,-6.65276118852394e-05
2018/01/18,0.000173568498094689,-1.06023456788685e-05,2.11784391377543e-05,-1.87350869831041e-05,-1.82724982684024e-06,1.26185567585659e-05,-4.52081150219603e-06
2018/01/21,0.000174614654366556,-7.66408747287369e-06,1.85663670458382e-05,-1.96271320458562e-05,-6.08775996957774e-06,-1.12642333949517e-05,-1.30188085291346e-05
2018/01/22,0.000175679839697404,-4.46675971366965e-06,1.28868781992697e-05,-1.32791148475127e-05,-4.28518937180161e-06,-1.09189157795919e-05,6.03726181590229e-06
2018/01/23,0.000176762889084842,-1.10868057433008e-06,4.98990261553241e-06,-1.93419581658381e-06,2.05001237839853e-06,1.36157409232869e-05,-4.10326686111463e-05
2018/01/24,0.000177862610813883,2.30583674044668e-06,-3.89170749940042e-06,1.02831350602088e-05,6.61550097414157e-06,8.74262554597467e-06,-5.89280016352542e-05
2018/01/25,0.000178977791953967,5.66947683257601e-06,-1.23335525630466e-05,1.88657933511191e-05,4.58240236589053e-06,-1.56248522961948e-05,-7.8369059644311e-05
2018/01/28,0.000180107204058461,8.87508415802328e-06,-1.89478772252872e-05,2.05869900813772e-05,-2.32076204717423e-06,-6.14092436898346e-06,-6.90127146564162e-05
2018/01/29,0.000181249609138892,1.18189263410221e-05,-2.26120070744986e-05,1.47139728536653e-05,-7.21702310924944e-06,1.72020943131296e-05,-5.69885724629606e-05
2018/01/30,0.000182403765956012,1.44039785494663e-05,-2.26593331902063e-05,3.31611465094093e-06,-4.90851178161578e-06,3.18429305181287e-06,1.18246927635897e-05
2018/01/31,0.000183568436614185,1.65431359273406e-05,-1.90002720534761e-05,-9.46077025951855e-06,2.63310141153411e-06,-1.82689335452049e-05,-3.11526980948601e-05
2018/02/01,0.000184742393294575,1.81622497347386e-05,-1.21513241164065e-05,-1.89008599209581e-05,7.88841841229317e-06,3.9021884579657e-08,3.04621007111778e-05
2018/02/04,0.0001859244250371,1.92028755203123e-05,-3.16498675302256e-06,-2.14589376169349e-05,5.26593756235899e-06,1.87619421839407e-05,5.57737440662458e-05
2018/02/05,0.000187113344520584,1.96246195254385e-05,6.53048647666383e-06,-1.60929701430329e-05,-2.97960156423207e-06,-3.42550323699676e-06,5.56746244215752e-05
2018/02/06,0.000188307994643192,1.94069734815166e-05,1.53573093413979e-05,-4.68754209809428e-06,-8.62353980871497e-06,-1.86365867561663e-05,0.000152281391196869
2018/02/07,0.000189507254661375,1.85505390657311e-05,2.18446328445461e-05,8.60342173005096e-06,-5.65591734836483e-06,6.85983107097868e-06,5.18472379756827e-05
2018/02/08,0.000190710045764638,1.70775612021025e-05,2.48735937057548e-05,1.88673713049237e-05,3.35181956708976e-06,1.78703816185083e-05,0.000106418226836982
2018/02/11,0.000191915335871712,1.50317124917201e-05,2.38701103669516e-05,2.22489036757558e-05,9.41408205684672e-06,-1.02192014476597e-05,9.09900569846739e-05
2018/02/12,0.000193122143591128,1.24770987901969e-05,1.8912238040775e-05,1.73996710412989e-05,6.07853532943543e-06,-1.64651733048758e-05,3.82634865120412e-05
2018/02/13,0.000194329541194245,9.49648626988875e-06,1.07322427638195e-05,6.0166837906385e-06,-3.74025769522341e-06,1.33783238979744e-05,0.000103669979778658
2018/02/14,0.000195536656682043,6.18878270748564e-06,6.10530718440977e-07,-7.7460229430513e-06,-1.02493480156769e-05,1.4448376883101e-05,0.000153058023967657
2018/02/15,0.000196742675060794,2.6658380888298e-06,-9.82356292440096e-06,-1.87907715185249e-05,-6.53234018294277e-06,-1.62148687582938e-05,9.12410302345391e-05
2018/02/18,0.000197946838776582,-9.51339145825841e-07,-1.88533099567701e-05,-2.29644913660457e-05,4.13462891435342e-06,-1.18729905155931e-05,-4.18483367067005e-05
2018/02/19,0.000199148447316208,-4.53682412947736e-06,-2.4956556458232e-05,-1.86225343468421e-05,1.11162508120824e-05,1.86150902931915e-05,2.7204126513069e-05
2018/02/20,0.000200346856375943,-7.96432305358745e-06,-2.70618451211842e-05,-7.27849203127507e-06,7.01414371865466e-06,8.81631162749732e-06,2.57723484839521e-05
2018/02/21,0.000201541476904217,-1.11118529907837e-05,-2.47356286579384e-05,6.91730412929104e-06,-4.52417547749392e-06,-2.04792925041432e-05,6.40591685968507e-05
2018/02/22,0.000202731773975788,-1.38663682591135e-05,-1.82679696216536e-05,1.86935791363653e-05,-1.19996309715052e-05,-5.37734192954459e-06,-3.33510423303366e-05
2018/02/25,0.000203917265412189,-1.61281426607323e-05,-8.64025476126055e-06,2.36157501091817e-05,-7.51906580743956e-06,2.17268118416077e-05,-5.32883641335457e-05
2018/02/26,0.000205097520236293,-1.7814720975797e-05,2.62230429316263e-06,1.97583459925697e-05,4.89807566589162e-06,1.6729801204257e-06,-5.15185053325457e-05
2018/02/27,0.000206272157074709,-1.88642670320899e-05,1.36914044385574e-05,8.46055101918556e-06,1.28828408425863e-05,-2.23002021310527e-05,0.000123031515788104
2018/02/28,0.000207440842546579,-1.92381588151228e-05,2.27316811962915e-05,-6.13247078265941e-06,8.04079776710559e-06,2.16681973136039e-06,0.000151980488356446
2018/03/01,0.000208603289448748,-1.89227119450477e-05,2.82041261277156e-05,-1.85881396010707e-05,-5.24564170674782e-06,2.21683601611702e-05,4.93327175152322e-05
2018/03/04,0.000209759254377135,-1.79299488611033e-05,2.9126782344054e-05,-2.42095684873351e-05,-1.37480969526279e-05,-6.0046734146036e-06,-3.37674900551904e-06
2018/03/05,0.000210908534625557,-1.62973693374427e-05,2.52486988210331e-05,-2.08095037953428e-05,-8.57175802573785e-06,-2.13283925724544e-05,-6.37520971561288e-06
2018/03/06,0.0002120509646641,-1.40867170409524e-05,1.71066412587289e-05,-9.5639179115881e-06,5.55643955880932e-06,9.70187637689981e-06,0.000120799713094003
2018/03/07,0.00021318641249845,-1.13817769111511e-05,5.95288096331163e-06,5.38894740428319e-06,1.45766194672772e-05,1.98061046278324e-05,-6.32611880500028e-05
2018/03/08,0.000214314775905254,-8.2852778544074e-06,-6.43652245353537e-06,1.84699986993933e-05,9.10289333838479e-06,-1.3124659771537e-05,-4.46822078635519e-05
2018/03/11,0.000215435978310966,-4.91501238064883e-06,-1.80436230645833e-05,2.47424103392451e-05,-5.82077562183101e-06,-1.76550535566339e-05,-4.19979240265145e-05
2018/03/12,0.000216549964552325,-1.39931726012236e-06,-2.69359512943043e-05,2.17779606216245e-05,-1.53488187895467e-05,1.6150263314163e-05,0.000148449898855861
2018/03/13,0.000217656696702881,2.12791171974504e-06,-3.15863331306073e-05,1.05995900098806e-05,-9.62315715890878e-06,1.49542082036381e-05,0.000106405083653371
2018/03/14,0.000218756149871616,5.53247393279436e-06,-3.11324707402267e-05,-4.666878657451e-06,6.03052508980012e-06,-1.86724823754801e-05,-7.75031712105262e-06
2018/03/15,0.000219848307582739,8.68517377129349e-06,-2.55325516785276e-05,-1.83155000706095e-05,1.6044712071662e-05,-1.18043415644304e-05,-2.93388001121269e-05
2018/03/18,0.000220933156828703,1.14669671175862e-05,-1.55894165038426e-05,-2.51954739201208e-05,1.01193411959024e-05,2.06064004009403e-05,-2.7856975119168e-05
2018/03/19,0.00022201068316393,1.37737289817808e-05,-2.83682792165034e-06,-2.26586786251375e-05,-6.17956312280351e-06,8.32334448571577e-06,-2.18836869618353e-05
2018/03/20,0.0002230808660071,1.5520439438857e-05,1.06962035986908e-05,-1.15813818277031e-05,-1.66443622698245e-05,-2.18920393407535e-05,-4.62607256063671e-05
2018/03/21,0.000224143674095509,1.66446072337136e-05,2.28068979341313e-05,3.93531841471579e-06,-1.05763550706603e-05,-4.64071174417971e-06,-5.62884308632298e-05
2018/03/22,0.000225199061144281,1.71087819850751e-05,3.14752029674746e-05,1.80854868938995e-05,6.26390322890553e-06,2.24967467147415e-05,-4.48318293437674e-06
2018/03/25,0.000226246961745123,1.69020441992033e-05,3.5197885181784e-05,2.55348264036788e-05,1.7128426967845e-05,8.91510798874071e-07,-5.59756552965081e-05
2018/03/26,0.000227287287371432,1.60404051300112e-05,3.3245352235889e-05,2.3436007936178e-05,1.09776541947315e-05,-2.24162031387693e-05,-7.16045037294726e-05
2018/03/27,0.000228319922220234,1.45660943120573e-05,2.57978588055201e-05,1.2519430200214e-05,-6.28184799994171e-06,2.78984042479511e-06,1.64467020371212e-05
2018/03/28,0.000229344718973828,1.25457599746346e-05,1.39364954310758e-05,-3.15973569609935e-06,-1.74786451311271e-05,2.16740139965608e-05,-6.72406075488723e-05
2018/04/01,0.000230361494556137,1.00676530752843e-05,-5.1256241578809e-07,-1.77314016707022e-05,-1.13054505707139e-05,-6.27565277692151e-06,5.01291980270412e-06
2018/04/02,0.000231370025903838,7.23790831457251e-06,-1.52583070526996e-05,-2.57139038818661e-05,6.23432369807818e-06,-2.03199160673988e-05,-2.77341309145241e-05
2018/04/03,0.000232370045891781,4.17607438109006e-06,-2.79067883638949e-05,-2.40815066268476e-05,1.76784875432436e-05,9.45057957892031e-06,8.44331075957078e-05
2018/04/04,0.000233361239558534,1.01007891161581e-06,-3.63476710503644e-05,-1.34139124390363e-05,1.15411937351757e-05,1.84267398938482e-05,3.62233139022703e-06
2018/04/05,0.000234343240598258,-2.12916030828742e-06,-3.91033137474457e-05,2.31030986495912e-06,-6.12504081930471e-06,-1.22164698450109e-05,9.34734342568315e-05
2018/04/08,0.000235315627976468,-5.11324831711611e-06,-3.55829957075102e-05,1.72027933183261e-05,-1.77139867879046e-05,-1.60863205008925e-05,-5.6797869981371e-05
2018/04/09,0.000236277922658693,-7.82171150366619e-06,-2.61990717137412e-05,2.56777745505047e-05,-1.1666400011429e-05,1.44962359942875e-05,-7.58274997464858e-06
2018/04/10,0.000237229584584016,-1.01470448714484e-05,-1.2323282611908e-05,2.45537151430635e-05,5.9604471312106e-06,1.34046005222374e-05,7.65899801028287e-05
2018/04/11,0.00023817001005834,-1.19991849175912e-05,3.91313334324587e-06,1.42506600885953e-05,1.75744946498684e-05,-1.62365638915634e-05,9.12545066910481e-06
2018/04/12,0.000239098529420799,-1.33092105824004e-05,1.99465317558866e-05,-1.36880035997153e-06,1.16635111410675e-05,-1.04961922621933e-05,-4.10833691131885e-05
2018/04/15,0.000240014404708691,-1.40321096918874e-05,3.31849868296336e-05,-1.64543182066063e-05,-5.74939540068809e-06,1.74093722112319e-05,-2.74159404503744e-05
2018/04/16,0.000240916827483899,-1.41484901114516e-05,4.14257998263438e-05,-2.53680637106723e-05,-1.72529497278051e-05,7.47868333174347e-06,-5.9740807092057e-05
2018/04/17,0.000241804916976106,-1.36651628920587e-05,4.32192825371457e-05,-2.47995669567674e-05,-1.1516432724735e-05,-1.80119677573864e-05,-6.81106918230394e-06
2018/04/18,0.000242677718635407,-1.26145758187678e-05,3.81190259150666e-05,-1.49986354049071e-05,5.50276595098504e-06,-4.46697361169308e-06,-3.90093256660903e-05
2018/04/19,0.000243534203152554,-1.10531271628558e-05,2.67759855049819e-05,3.34457119662978e-07,1.67459548733587e-05,1.80659111744149e-05,-6.26583846621162e-05
2018/04/22,0.000244373265948757,-9.05843895521193e-06,1.08580556799032e-05,1.54536736379837e-05,1.12109584436836e-05,1.56796209655094e-06,-6.84554768516666e-05
2018/04/23,0.000245193727063946,-6.72571475013739e-06,-7.19543843115753e-06,2.47309051299718e-05,-5.23320055843432e-06,-1.76146820395152e-05,2.36440358532624e-06
2018/04/24,0.00024599433145732,-4.16334675420058e-06,-2.45481535501117e-05,2.4760053163249e-05,-1.60540330904073e-05,1.12413749801075e-06,0.00013366301127614
2018/04/25,0.000246773749715869,-1.48797054671708e-06,-3.84124639951179e-05,1.56113589690599e-05,-1.07353097103289e-05,1.67203122834163e-05,-9.30816767161811e-05
2018/04/26,0.000247530579055004,1.18080883052538e-06,-4.64964198275252e-05,7.72390157128339e-07,4.95485381815892e-06,-3.53161393279287e-06,-0.000107310598100499
2018/04/29,0.000248263344501305,3.72577979105487e-06,-4.73803473363222e-05,-1.4189290822621e-05,1.5182006710713e-05,-1.54592057253125e-05,7.36887128811833e-05
2018/04/30,0.00024897050070768,6.03733209235869e-06,-4.07614849362787e-05,-2.37262955106811e-05,1.00809779345608e-05,5.59603527248412e-06,-9.4810655601234e-06
2018/05/01,0.000249650434519797,8.01827090886926e-06,-2.75250616314779e-05,-2.4378106198281e-05,-4.68270406483191e-06,1.39174177952166e-05,-9.0252513292926e-06
2018/05/02,0.000250301468059387,9.58801519795299e-06,-9.62723399928012e-06,-1.60306091396078e-05,-1.41391176702574e-05,-7.27986230754098e-06,-2.84836601406534e-05
2018/05/03,0.000250921862283911,1.06859880883938e-05,1.01949078023118e-05,-1.90845422291041e-06,-9.24361226400229e-06,-1.21856959704312e-05,-0.000101056995717273
2018/05/06,0.000251509821107178,1.12740469514943e-05,2.88431859109691e-05,1.26774425758844e-05,4.43177384606507e-06,8.56689559637729e-06,-0.000137352165987968
2018/05/07,0.000252063496104265,1.13378482950948e-05,4.33434886968772e-05,2.23384727768825e-05,1.29390749394967e-05,1.03545585808328e-05,0.00050357206060655
2018/05/08,0.000252580991874643,1.08870950999056e-05,5.13201569021753e-05,2.36092751711887e-05,8.22364255574816e-06,-9.4616179991544e-06,-0.000106834543604507
2018/05/09,0.00025306037137046,9.95466746675363e-06,5.13839261895852e-05,1.61942786845328e-05,-4.2166612216138e-06,-8.50963454095143e-06,-0.000154248947948766
2018/05/10,0.000253499660274761,8.59469141591473e-06,4.33702185649971e-05,3.01015078723121e-06,-1.16000552984289e-05,9.9875321696019e-06,-0.000196970197914077
2018/05/13,0.000253896851227557,6.87965436325524e-06,2.8387322363208e-05,-1.09657529484169e-05,-7.02652222955472e-06,6.72742750495816e-06,-0.000128548980281007
2018/05/14,0.000254249908707152,4.89671954773266e-06,8.66355774440438e-06,-2.05848196779955e-05,4.05135700418961e-06,-1.01845690767538e-05,-3.5136154248729e-05
2018/05/15,0.000254556774711561,2.74342502259466e-06,-1.27856960110795e-05,-2.24335581614663e-05,1.01446781602014e-05,-5.07164580855201e-06,-6.42839779132596e-05
2018/05/16,0.000254815375205161,5.22977403857764e-07,-3.26212448498572e-05,-1.6047607299912e-05,5.66295552206911e-06,1.01056524632892e-05,-7.54891084446079e-05
2018/05/17,0.000255023627184233,-1.66063436919549e-06,-4.77021904327974e-05,-4.00082863809121e-06,-3.94864911886106e-06,3.59035206772347e-06,-3.19416766930114e-05
2018/05/20,0.000255179446444734,-3.7074744007329e-06,-5.55849763049695e-05,9.13196895639953e-06,-8.59938552965537e-06,-9.81258388481926e-06,-4.36579952809565e-05
2018/05/21,0.000255280756071458,-5.52621870147546e-06,-5.49198025994879e-05,1.85206409720304e-05,-4.14898784339031e-06,-2.31414100071765e-06,-4.12922468984171e-05
2018/05/22,0.000255325495649998,-7.03822766823151e-06,-4.56799366596655e-05,2.08646503329973e-05,3.91912243567504e-06,9.37150050635048e-06,-2.31626045971241e-05
2018/05/23,0.000255311631175301,-8.18094827618788e-06,-2.91850693359362e-05,1.55548117234333e-05,6.99329511339842e-06,1.25545880333422e-06,-0.000114019179203343
2018/05/24,0.000255237165586531,-8.91049717492499e-06,-7.91208225759267e-06,4.80271321218832e-06,2.50576187557026e-06,-8.84817721024139e-06,-1.13818840315309e-05
2018/05/27,0.000255100149824067,-9.2033181357961e-06,1.48796603442021e-05,-7.27387599725363e-06,-3.97014092701231e-06,-4.09111874741852e-07,3.76496367665346e-05
2018/05/28,0.000254898694448989,-9.05685413642645e-06,3.5651487289773e-05,-1.62333807491486e-05,-5.35667392872101e-06,8.30347182710224e-06,-4.99707447515677e-05
2018/05/29,0.000254630981571758,-8.48922383262489e-06,5.11388632651505e-05,-1.89505972926559e-05,-7.5879081237021e-07,-2.46050196247194e-07,-8.40621827030106e-05
2018/05/30,0.000254295276910019,-7.53793971739556e-06,5.88679325186694e-05,-1.47067670272334e-05,4.10513008362136e-06,-7.78921491839333e-06,5.12365821507129e-05
2018/05/31,0.000253889942025968,-6.25774852735176e-06,5.75528579644668e-05,-5.3497745975199e-06,3.71947058942133e-06,7.44368718118579e-07,-8.26991161731031e-05
2018/06/03,0.000253413446709159,-4.71771247147931e-06,4.73097257838597e-05,5.4951880692935e-06,-1.06295676553903e-06,7.34485296718773e-06,-8.46605442924817e-05
2018/06/04,0.000252864381255447,-2.9976809077905e-06,2.96513241396096e-05,1.38318197739635e-05,-4.32332456579361e-06,-1.12971311867494e-06,1.46119342323903e-06
2018/06/05,0.000252241468746339,-1.18432433901861e-06,7.2616325579029e-06,1.67696364965343e-05,-2.11033682096539e-06,-6.99509853452735e-06,4.81760218937356e-05
2018/06/06,0.000251543577309386,6.33082196083252e-07,-1.64161163950317e-05,1.35244104602718e-05,2.92786767371495e-06,1.45120425615545e-06,-5.87420255005802e-05
2018/06/07,0.000250769732180712,2.36693151774343e-06,-3.77140348149901e-05,5.5970181226585e-06,4.61974661747806e-06,6.74877704739325e-06,-5.81251706709954e-05
2018/06/10,0.000249919127510241,3.93541797849538e-06,-5.33131111803865e-05,-3.89387888875141e-06,5.5583601549251e-07,-1.75866123660782e-06,1.43102698015165e-05
2018/06/11,0.000248991138156359,5.26634594255953e-06,-6.07652094240835e-05,-1.14360558244735e-05,-4.80237288055435e-06,-6.59892903375892e-06,1.52380830639521e-05
2018/06/12,0.000247985331536664,6.30044105145267e-06,-5.88807103692663e-05,-1.44249958650079e-05,-4.98492549371013e-06,2.09813150183938e-06,3.02427276380285e-05
2018/06/13,0.00024690147948691,6.99401398113076e-06,-4.79198587293281e-05,-1.20596856562256e-05,9.20659896144045e-07,6.52414488375783e-06,-6.76907538623886e-05
2018/06/14,0.000245739570066426,7.32085543229246e-06,-2.95567468344475e-05,-5.5267658719926e-06,6.65185626687245e-06,-2.50783619358038e-06,-1.42379328655705e-05
2018/06/17,0.000244499819322893,7.27327661569894e-06,-6.62082933647386e-06,2.5530862964143e-06,5.404803010897e-06,-6.4909962087607e-06,3.55958402993312e-05
2018/06/18,0.000243182683015078,6.8622495374058e-06,1.73438058570076e-05,9.16892556524736e-06,-2.30000104214463e-06,3.01482390296312e-06,-4.90064868355573e-05
2018/06/19,0.000241788868094132,6.11664369269769e-06,3.86321413315914e-05,1.20399171353327e-05,-8.44185758655624e-06,6.45736409257902e-06,-7.60607675977682e-06
2018/06/20,0.000240319343673935,5.08159873692026e-06,5.39575557346619e-05,1.03960886559165e-05,-5.86118941945946e-06,-3.63256638549581e-06,4.33221690035215e-05
2018/06/21,0.0002387753514375,3.81611418205659e-06,6.09652241799758e-05,5.15490247357348e-06,3.56799825436853e-06,-6.37640692305418e-06,0.000152854816395579
2018/06/24,0.000237158415249253,2.38997376103274e-06,5.85984490006483e-05,-1.53085016961021e-06,1.01394815631317e-05,4.35967185935655e-06,0.000172964858736188
2018/06/25,0.000235470349651432,8.80152968372175e-07,4.72601458047425e-05,-7.14483940263464e-06,6.3326263162184e-06,6.2008635598902e-06,5.26757011019794e-05
2018/06/26,0.00023371326684629,-6.33117407913353e-07,2.87443276468627e-05,-9.74919683685849e-06,-4.71584024768796e-06,-5.17980616823414e-06,-4.52886338324586e-05
2018/06/27,0.000231889582118554,-2.07044125232927e-06,5.94907522497206e-06,-8.64583979178095e-06,-1.17145505215876e-05,-5.88734479526368e-06,3.1595519017435e-05
2018/06/28,0.000230002018071961,-3.35730056141907e-06,-1.75827411235352e-05,-4.53490886682033e-06,-6.79510631567641e-06,6.06281346783789e-06,3.04562253276522e-05
2018/07/01,0.000228053608092782,-4.42785264035899e-06,-3.82214224982774e-05,8.50124015061372e-07,5.74036392191525e-06,5.40030224659251e-06,0.000177161876862285
2018/07/02,0.000226047699043228,-5.22829169318928e-06,-5.28181053733454e-05,5.45659020982994e-06,1.31404680523533e-05,-6.96691650102039e-06,0.000100926556262144
2018/07/03,0.000223987953045131,-5.71960436144627e-06,-5.91920895521789e-05,7.68647926855841e-06,7.22276476571291e-06,-4.71536259776436e-06,-8.7970140568013e-05
2018/07/04,0.00022187834809974,-5.87957609581973e-06,-5.64612210531545e-05,6.94113068806286e-06,-6.64405268620304e-06,7.84183086843229e-06,5.84615401789418e-05
2018/07/05,0.000219723177810872,-5.70393952132106e-06,-4.51644027143443e-05,3.7553880497467e-06,-1.43948899937433e-05,3.82178149551811e-06,1.81058848732721e-05
2018/07/08,0.000217527050561502,-5.20659804815768e-06,-2.71590103052069e-05,-4.94194125695399e-07,-7.58864143884881e-06,-8.63255460683458e-06,-3.48340520367584e-05
2018/07/09,0.000215294888059651,-4.41890615094479e-06,-5.3121900870697e-06,-4.16443091585239e-06,7.43493460046006e-06,-2.72380730407309e-06,-6.78504882021714e-05
2018/07/10,0.00021303192321276,-3.38803730407774e-06,1.69622104281182e-05,-5.96899832980022e-06,1.5460518495477e-05,9.28352211453205e-06,0.00029809886138299
2018/07/11,0.000210743697445632,-2.17451877490739e-06,3.62452847818056e-05,-5.41767808823737e-06,7.86582662267731e-06,1.44086514279774e-06,0.000223048522870232
2018/07/12,0.000208436057052349,-8.49057314477124e-07,4.9646011925475e-05,-2.92638239975929e-06,-8.12599227487579e-06,-9.74276460411615e-06,5.93081276154043e-05
2018/07/15,0.000206115147739847,5.11183301522687e-07,5.52410457505398e-05,4.13755009753217e-07,-1.63256335984957e-05,-6.58665030487629e-09,0.000136445088447138
2018/07/16,0.000203787407247257,1.82666678954017e-06,5.23533406140448e-05,3.29423633117071e-06,-8.02880659726497e-06,9.9657289476479e-06,0.000113317426667605
2018/07/17,0.000201459556415719,3.01972940094141e-06,4.16287675854585e-05,4.68728664098497e-06,8.73402138229439e-06,-1.53319217199301e-06,2.22388307465944e-05
2018/07/18,0.000199138588652921,4.01877654127371e-06,2.49031134653365e-05,4.19933965202522e-06,1.69839762965189e-05,-9.91845189476864e-06,0.000185301657286694
2018/07/19,0.0001968317578513,4.76222447229704e-06,4.88561251569374e-06,2.16389191931222e-06,8.05429828820872e-06,3.1232524171096e-06,6.34059625360791e-05
2018/07/22,0.000194546564834068,5.20199129999661e-06,-1.52860891984368e-05,-5.37902185543743e-07,-9.27856894501533e-06,9.57990728664293e-06,8.42110969082882e-05
2018/07/23,0.000192290742280695,5.30635969528189e-06,-3.25454723297512e-05,-2.84156025633583e-06,-1.74341519025674e-05,-4.7023343680395e-06,4.66854168807172e-05
2018/07/24,0.000190072238333961,5.06205984843529e-06,-4.43704313548091e-05,-3.90254217965355e-06,-7.9213380261694e-06,-8.94343268812267e-06,0.000137042446066358
2018/07/25,0.000187899199186822,4.47545339286538e-06,-4.91561106351879e-05,-3.39099391016617e-06,9.78145479942866e-06,6.20674924018391e-06,4.36662479260542e-05
2018/07/26,0.000185779950788504,3.57273660323206e-06,-4.64314575101488e-05,-1.58104160413938e-06,1.76792675856127e-05,8.017234060775e-06,-3.6894689923836e-05
2018/07/29,0.000183722979703452,2.3991239752384e-06,-3.68905009522456e-05,7.82479279704499e-07,7.61135876553013e-06,-7.57401958038365e-06,-4.34564211912959e-05
2018/07/30,0.000181736913280494,1.01702033575615e-06,-2.2240036441671e-05,2.77824717751927e-06,-1.02663260857686e-05,-6.82399024930476e-06,3.52391719829753e-05
2018/07/31,0.000179830499429598,-4.96761655939743e-07,-4.89476840422821e-06,3.65095820481803e-06,-1.77265886029858e-05,8.74633853263214e-06,8.47483224961055e-05
2018/08/01,0.000178012586062485,-2.05463446638841e-06,1.24257292407214e-05,3.08043396031608e-06,-7.10843420142342e-06,5.39964166228704e-06,1.73867774200194e-06
2018/08/02,0.000176292100044722,-3.56257070020542e-06,2.71302364040954e-05,1.28775712292712e-06,1.07579574834153e-05,-9.6736594481593e-06,3.89251790932045e-05
2018/08/05,0.000174678025491716,-4.92495244682292e-06,3.71492233936818e-05,-1.05189683441659e-06,1.75871397004817e-05,-3.79148242348546e-06,-4.94270568811543e-05
2018/08/06,0.000173179381487105,-6.04971496489526e-06,4.12276395335962e-05,-3.05459863596522e-06,6.3996940233909e-06,1.03162707312043e-05,-7.62046721744364e-05
2018/08/07,0.000171805199242445,-6.85354199980015e-06,3.90754042260332e-05,-3.94507673622989e-06,-1.12813724645004e-05,2.05569918327758e-06,6.02546885487749e-05
2018/08/08,0.000170564498887314,-7.26685710493068e-06,3.13587812364584e-05,-3.33823519687073e-06,-1.72751406125728e-05,-1.06467479487559e-05,3.16427007393579e-05
2018/08/09,0.000169466265924353,-7.23835363956897e-06,1.95424004106509e-05,-1.38924481138116e-06,-5.47547382849621e-06,-2.54512644491795e-07,8.56091858893442e-06
2018/08/12,0.000168519427249259,-6.73881521116232e-06,5.6154427782646e-06,1.24121441626165e-06,1.18612098718025e-05,1.06512369240246e-05,6.09402839715497e-05
2018/08/13,0.00016773282678501,-5.76399767009881e-06,-8.2474205887217e-06,3.60077077001688e-06,1.68074658199704e-05,-1.54692815627919e-06,8.4103283040102e-05
2018/08/14,0.000167115200800262,-4.33637421893157e-06,-2.00319232169064e-05,4.77332785364325e-06,4.32930735579619e-06,-1.03300265789839e-05,0.00019202848800512
2018/08/15,0.000166675152781686,-2.50558701665569e-06,-2.81808461212775e-05,4.2149143989022e-06,-1.25213305893783e-05,3.28375024524259e-06,8.15849463014808e-05
2018/08/16,0.000166421127790285,-3.47500635776313e-07,-3.17969206492125e-05,1.9813248203669e-06,-1.62034256297545e-05,9.69739574739345e-06,8.12999855669835e-06
2018/08/19,0.000166361386267272,2.03818579712979e-06,-3.07259298474749e-05,-1.24104806248935e-06,-2.95816530099947e-06,-4.89449441912736e-06,9.21750655656894e-05
2018/08/20,0.000166503977639076,4.5317421132335e-06,-2.55156855076043e-05,-4.32993183091268e-06,1.32844875966436e-05,-8.78075018920762e-06,-3.20718398212289e-05
2018/08/21,0.000166856713963015,6.99852556537181e-06,-1.72676712134382e-05,-6.09997290474656e-06,1.54848257655723e-05,6.32403481015154e-06,3.91885440140742e-05
2018/08/22,0.000167427143693463,9.295236890633e-06,-7.41497530919199e-06,-5.7374507236548e-06,1.36292938657343e-06,7.61912979698417e-06,-6.79650137348073e-05
2018/08/23,0.000168222525687039,1.12770636340021e-05,2.53003366113427e-06,-3.14472841001522e-06,-1.41717608475378e-05,-7.52614795860496e-06,2.26230142339824e-05
2018/08/26,0.00016924980351856,1.28053954247224e-05,1.12133470565492e-05,9.43359396003204e-07,-1.46756494816015e-05,-6.26115131619461e-06,-6.63081045980383e-05
2018/08/27,0.000170515580230966,1.37557436058741e-05,1.7623932252988e-05,5.14192319677552e-06,4.51420668623557e-07,8.46561803893952e-06,-0.000102205217994167
2018/08/28,0.000172026093609513,1.40254615234787e-05,2.11999554897032e-05,7.86526426255701e-06,1.52018512517172e-05,4.76247915984346e-06,-9.0003105296813e-05
2018/08/29,0.000173787192107513,1.35408449841231e-05,2.1847762816866e-05,7.9060297644657e-06,1.38012903904517e-05,-9.11976727951046e-06,-9.44053527839087e-05
2018/08/30,0.000175804311534206,1.2263196372072e-05,1.9881508520437e-05,4.93999323690431e-06,-2.47601696292118e-06,-3.18295023749456e-06,-7.9863042463204e-05
2018/09/02,0.000178082452485127,1.01934613933766e-05,1.59050882841853e-05,-2.46011671107151e-07,-1.63906194411092e-05,9.47934055069493e-06,-0.000124223711601167
2018/09/03,0.000180626158607368,7.37509502544295e-06,1.06663971700303e-05,-5.92508169213748e-06,-1.2887887658909e-05,1.58349180998777e-06,3.98258267382171e-05
2018/09/04,0.000183439495794335,3.89488160025128e-06,4.91564015786968e-06,-9.9834812664829e-06,4.69849046420468e-06,-9.54869235857017e-06,3.39576656083924e-05
2018/09/05,0.000186526032367427,-1.18478708519304e-07,-7.05396544219782e-07,-1.06887513127037e-05,1.77510646157786e-05,-2.29772179551105e-08,2.06605068001921e-05
2018/09/06,0.00018988882000636,-4.49810118514351e-06,-5.72612806879553e-06,-7.40056699052873e-06,1.19620329977539e-05,9.34525126502158e-06,-2.60303080246678e-05
2018/09/09,0.000193530375385615,-9.04493244330504e-06,-9.85765836504541e-06,-9.41075655603273e-07,-7.10325324917004e-06,-1.44481893222589e-06,2.90253632597342e-05
2018/09/10,0.000197452662594903,-1.3535892424244e-05,-1.29591383232669e-05,6.55944665479527e-06,-1.92933345083745e-05,-8.89827664412238e-06,-2.30894673496904e-05
2018/09/11,0.000201657076497575,-1.7733857712763e-05,-1.49778572606401e-05,1.23418102561453e-05,-1.10505981555485e-05,2.77401354595262e-06,1.33474128292783e-05
2018/09/12,0.000206144427111302,-2.13990813860125e-05,-1.58858013716473e-05,1.40160983132504e-05,9.67144889926323e-06,8.24694448064279e-06,4.33489639532018e-05
2018/09/13,0.000210914925159868,-2.430153826189e-05,-1.56345366216739e-05,1.05241829486019e-05,2.10243308538757e-05,-3.92898471102674e-06,1.3706206322453e-06
2018/09/16,0.000215968168713519,-2.62335997975125e-05,-1.41439923920034e-05,2.68657226184383e-06,1.01804190178723e-05,-7.43783151440317e-06,-5.37207362893156e-05
2018/09/17,0.000221303130856296,-2.70223856764038e-05,-1.13305492297271e-05,-6.92416547758751e-06,-1.23807705957746e-05,4.88616912825554e-06,0.000126804570994941
2018/09/18,0.000226918148526742,-2.65411144717273e-05,-7.16813405159773e-06,-1.48036254741638e-05,-2.29471268309689e-05,6.52191085437468e-06,-1.76590585526593e-05
2018/09/19,0.00023281091266212,-2.47187876476909e-05,-1.76552247620081e-06,-1.77790311819109e-05,-9.37773924504805e-06,-5.63513829620337e-06,-1.91816938150655e-05
2018/09/20,0.000238978459521619,-2.15475905299069e-05,4.56374557485973e-06,-1.42660880373862e-05,1.52056556770588e-05,-5.55121640372733e-06,5.84070341974827e-05
2018/09/23,0.000245417163439672,-1.70874782865624e-05,1.12637396249583e-05,-5.02776635650234e-06,2.50607366325341e-05,6.17884140814049e-06,-8.62364622405748e-08
2018/09/24,0.00025212273104889,-1.1467533368548e-05,1.7550879440085e-05,6.90794760173948e-06,8.66776854483497e-06,4.57539124663236e-06,-3.26891845136342e-05
2018/09/25,0.000259090196792043,-4.88382749760786e-06,2.24908302930406e-05,1.7216274325881e-05,-1.8117593863159e-05,-6.53294331115442e-06,-0.000127564936739044
2018/09/26,0.000266313919696912,2.40631075509141e-06,2.51334858312861e-05,2.18314438341556e-05,-2.73601032883366e-05,-3.63837626834261e-06,-0.000164816680560765
2018/09/27,0.000273787581650968,1.00935391210235e-05,2.46873520913421e-05,1.85350160941593e-05,-8.07449875977156e-06,6.72428980396237e-06,-0.000181626280001684
2018/09/30,0.000281504187484841,1.78289821647249e-05,2.0702428844298e-05,7.96105433772302e-06,2.10851706049772e-05,2.77548089484722e-06,-0.000138645304331411
2018/10/01,0.000289456067075354,2.52394884631867e-05,1.3223773201121e-05,-6.42105074251433e-06,2.98359243203348e-05,-6.7885890923768e-06,-0.000212071613225105
2018/10/02,0.000297634879405236,3.19450289484167e-05,2.87834918109136e-06,-1.94215229234368e-05,7.62059901540714e-06,-2.01102862704479e-06,-3.03043049996695e-05
2018/10/03,0.000306031618551883,3.75774503111078e-05,-9.13381440693325e-06,-2.59955066485923e-05,-2.40738041737859e-05,6.76745950861139e-06,-6.1170403142291e-05
2018/10/04,0.000314636621593449,4.17996806467096e-05,-2.11576406036509e-05,-2.31916015020384e-05,-3.24740714030791e-05,1.35674625109066e-06,-4.70017349824808e-05
2018/10/07,0.00032343957828132,4.43244104166725e-05,-3.13035583860255e-05,-1.14338807018289e-05,-7.32690776519509e-06,-6.705023558934e-06,-9.8305618286009e-05
2018/10/08,0.00033242954247447,4.49312478108864e-05,-3.77428192215495e-05,5.40740718476443e-06,2.70457174263644e-05,-8.11032938371092e-07,-0.000178984062736565
2018/10/09,0.000341594945463056,4.34813772050471e-05,-3.9031784527172e-05,2.12682986586663e-05,3.52548804698765e-05,6.64426960529002e-06,-0.000206959986874764
2018/10/10,0.000350923611248997,3.99288331315641e-05,-3.44083835139213e-05,3.00715450928857e-05,7.21147558036999e-06,3.5919623680059e-07,-3.47402777766956e-05
2018/10/11,0.00036040277389429,3.43276379597523e-05,-2.4002778554431e-05,2.80526781101653e-05,-2.99604113999961e-05,-6.62343406864416e-06,-8.58634659411359e-05
2018/10/14,0.000370019096787533,2.68342330906748e-05,-8.91410822208153e-06,1.53420560395873e-05,-3.81527915795605e-05,2.53491840917251e-08,-1.25348353002451e-05
2018/10/15,0.000379758693598159,1.77048536204222e-05,8.87489574551789e-06,-3.85398283171996e-06,-7.28871923642904e-06,6.67267109172961e-06,-0.00018112241198768
2018/10/16,0.00038960715088389,7.28774492644215e-06,2.67465259420093e-05,-2.26265460927016e-05,3.27753386731815e-05,-3.78996683019432e-07,-0.000172288217649802
2018/10/17,0.000399549552425642,-3.98961648189176e-06,4.18313177378379e-05,-3.38526130120838e-05,4.11364275781454e-05,-6.81123401463972e-06,-0.00016415983423301
2018/10/18,0.000409570505470436,-1.56378695277578e-05,5.14702169371012e-05,-3.29020948999891e-05,7.56891315708879e-06,7.451088826503e-07,-0.000215631780019529
2018/10/21,0.00041965416895223,-2.7127000020604e-05,5.36810038823851e-05,-1.95330587033457e-05,-3.54465650887326e-05,7.04537211577426e-06,-0.000234532921137707
2018/10/22,0.00042978428367927,-3.79105448891126e-05,4.7547354275242e-05,1.79657389628862e-06,-4.41687402691138e-05,-1.17058218583176e-06,-3.86633445067426e-05
2018/10/23,0.000439944204692888,-4.74516646266374e-05,3.3456268866188e-05,2.34006870184521e-05,-8.05753796200111e-06,-7.36709957477179e-06,-8.62968584141174e-05
2018/10/24,0.000450116935745305,-5.52498371105973e-05,1.31308940470338e-05,3.71414176538999e-05,3.79296286028812e-05,1.70204569349922e-06,-0.000220287084632022
2018/10/25,0.000460285165534366,-6.0866842753407e-05,-1.05619462397617e-05,3.75055503172929e-05,4.72071264125644e-05,7.7539483890697e-06,-0.000230398001660125
2018/10/28,0.000470431305576825,-6.39506928642181e-05,-3.40120112724628e-05,2.3813897884901e-05,8.75441753327187e-06,-2.38196038376579e-06,-0.000195845956474551
2018/10/29,0.000480537529924143,-6.42562054229375e-05,-5.34186618935143e-05,6.78671669848449e-07,-4.01806283557865e-05,-8.16972842750378e-06,-4.28749774942492e-05
2018/10/30,0.000490585816814237,-6.16610566899544e-05,-6.54114650985167e-05,-2.3539666895582e-05,-5.02038011796899e-05,3.24488908512286e-06,2.93552839643831e-05
2018/10/31,0.000500557992294748,-5.61763284225446e-05,-6.76362736734038e-05,-3.97652026855607e-05,-9.65301893697292e-06,8.56624926562438e-06,5.086458215811e-05
2018/11/01,0.000510435775593488,-4.79508209051097e-05,-5.9204658564426e-05,-4.16252011868857e-05,4.21576313245343e-05,-4.31416439803913e-06,-5.82625618635621e-05
2018/11/04,0.000520200825969854,-3.72686987883177e-05,-4.0922393215429e-05,-2.7960674686559e-05,5.31069820417424e-05,-8.88588375299895e-06,-0.000210773157568292
2018/11/05,0.000529834790809421,-2.45403650666931e-05,-1.5246131311657e-05,-3.43680103595084e-06,1.07404381190649e-05,5.59915022727292e-06,-0.000134875081741458
2018/11/06,0.000539319355026136,-1.0286801405139e-05,1.40385950561491e-05,2.30438461841028e-05,-4.38220050495647e-05,9.06482954058847e-06,-4.25668193522726e-05
2018/11/07,0.00054863629179638,4.88204596586946e-06,4.23775703415776e-05,4.15890556881886e-05,-5.58624955670663e-05,-7.09325990311415e-06,-0.000271075208321835
2018/11/08,0.000557767514262343,2.02939341152444e-05,6.5163156944929e-05,4.50356090359086e-05,-1.19979680877801e-05,-9.03687484436309e-06,-0.000286129371426282
2018/11/11,0.00056669512786353,3.52448610164037e-05,7.84912046579715e-05,3.17325862781192e-05,4.51393159854836e-05,8.77284856291612e-06,-8.80129443644243e-05
2018/11/12,0.000575401483408168,4.90320588918664e-05,7.98340402318185e-05,6.30178138195607e-06,5.84153796774556e-05,8.73746913870418e-06,7.37047872700308e-05
2018/11/13,0.000583869230442643,6.0987863202316e-05,6.85128282202292e-05,-2.19664955718993e-05,1.34020282331237e-05,-1.05970261199589e-05,0.000118666571593546
2018/11/14,0.000592081369921957,7.05127873749559e-05,4.58817992663502e-05,-4.25270307641416e-05,-4.60799681569764e-05,-8.10789236652861e-06,-7.61430652756168e-05
2018/11/15,0.00060002130541283,7.71061288675197e-05,1.51821729805123e-05,-4.75417157705555e-05,-6.07114993137093e-05,1.25083944084633e-05,-8.32447865850604e-05
2018/11/18,0.00060767289290554,8.03925153004507e-05,-1.89221253795962e-05,-3.48912224048979e-05,-1.49250299891566e-05,7.09934749911234e-06,-8.4759377931453e-05
2018/11/19,0.000615020489764979,8.01429657944574e-05,-5.10606498318891e-05,-9.07049116024894e-06,4.66200734642842e-05,-1.44346910811023e-05,0.00019903530304952
2018/11/20,0.000622049003003087,7.62892848643733e-05,-7.60133955318493e-05,2.04104279915074e-05,6.26992056272903e-05,-5.67677160729657e-06,6.42102456528878e-05
2018/11/21,0.00062874393641652,6.8930915090003e-05,-8.95699917599802e-05,4.25512170649788e-05,1.65361004852607e-05,1.62913394568085e-05,-0.000256592516753591
2018/11/22,0.000635091435844332,5.8333737683706e-05,-8.92478310575835e-05,4.89975927304518e-05,-4.67422255957615e-05,3.82220911566996e-06,0.000648101081279185
2018/11/25,0.000641078332623387,4.49207100809078e-05,-7.47452895483004e-05,3.72223345765521e-05,-6.43306751948441e-05,-1.79848300521951e-05,0.000385041417514492
2018/11/26,0.000646692185212231,2.92546421309518e-05,-4.80472430632069e-05,1.15293651095785e-05,-1.82017749843211e-05,-1.53756027699861e-06,0.000134179385871766
2018/11/27,0.000651921317622098,1.20138156560667e-05,-1.31563136398558e-05,-1.85227378649436e-05,4.64359221943947e-05,1.94168674561882e-05,0.000200276128576052
2018/11/28,0.000656754854673655,-6.03846865346438e-06,2.45145378166619e-05,-4.16994632146957e-05,6.55631167142003e-05,-1.15351165050334e-06,0.000202799934314147
2018/11/29,0.000661182754554879,-2.40890047550949e-05,5.8994793746801e-05,-4.93234052619747e-05,1.98871504817041e-05,-2.04891010956183e-05,0.000121302812329304
2018/12/02,0.000665195838489023,-4.13127844066203e-05,8.4718069858007e-05,-3.85547236827614e-05,-4.56974573336399e-05,4.20476674159654e-06,0.000523164290334395
2018/12/03,0.000668785817428803,-5.69122410018139e-05,9.74352366142113e-05,-1.34674797006592e-05,-6.63599082602167e-05,2.11081522556247e-05,-0.000115955577335949
2018/12/04,0.0006719453156974,-7.01556986400011e-05,9.49267063689501e-05,1.64927436996502e-05,-2.15569887440946e-05,-7.54768898543855e-06,-0.000128977389396467
2018/12/05,0.00067466789134327,-8.04131020089457e-05,7.73926522467469e-05,4.00855307221675e-05,4.45303165200375e-05,-2.11906095630989e-05,0.00115842332073982
2018/12/06,0.000676948054136721,-8.71872105414777e-05,4.74519256816268e-05,4.85248964361158e-05,6.66922329495063e-05,1.10928436114701e-05,0.000824752257726038
2018/12/09,0.000678781280441408,-9.01386481365093e-05,9.74485227185439e-06,3.87832412846188e-05,2.31768713421777e-05,2.0667824274835e-05,-3.01444214783851e-05
2018/12/10,0.000680164022310996,-8.91034926286469e-05,-2.97988785396509e-05,1.46961823035364e-05,-4.29457371548818e-05,-1.47321604860201e-05,-7.75929358053323e-05
2018/12/11,0.00068109371113416,-8.41024447096225e-05,-6.49095547487475e-05,-1.45415656482617e-05,-6.65407826793192e-05,-1.94904507494364e-05,7.51108740122691e-06
2018/12/12,0.000681568758426096,-7.53410288277153e-05,-8.99891707068669e-05,-3.79007599079351e-05,-2.47142806323754e-05,1.83421642157287e-05,1.54923174330682e-05
2018/12/13,0.000681588555161051,-6.32007352748858e-05,-0.000101019300471844,-4.67059755824564e-05,4.0963216673049e-05,1.76327035319606e-05,-0.000155749464036875
2018/12/16,0.000681153469928631,-4.8221482763812e-05,-9.62153080563712e-05,-3.78873344154131e-05,6.58972649479421e-05,-2.17882066865993e-05,-5.20074029543771e-05
2018/12/17,0.000680264845932558,-3.10762353555125e-05,-7.63186753291069e-05,-1.50666024970386e-05,2.6140271362119e-05,-1.509602360886e-05,0.000418598419495841
2018/12/18,0.000678924996937955,-1.25390211406205e-05,-4.44789974555075e-05,1.29119648043123e-05,-3.8609135217106e-05,2.49297966265908e-05,0.000269069395444376
2018/12/19,0.000677137201507315,6.5520493321387e-06,-5.74507850881685e-06,3.54147417952812e-05,-6.47641062146582e-05,1.19117999585358e-05,0.000300961392130204
2018/12/20,0.00067490569438364,2.53349016450763e-05,3.37508863101534e-05,4.40805394686033e-05,-2.74309127795164e-05,-2.76269474455957e-05,0.000193897838417639
2018/12/23,0.000672235654654127,4.29647266825832e-05,6.77816742575284e-05,3.59524227791602e-05,3.59143893396328e-05,-8.14282810943822e-06,-0.000119571039603593
2018/12/25,0.000669133190631574,5.86542382548813e-05,9.1023752999501e-05,1.44981500222432e-05,6.315307785559e-05,2.97473240875277e-05,0.000622496266148683
2018/12/26,0.000665605321602527,7.17109312786653e-05,9.99034231945947e-05,-1.18364894938128e-05,2.85679360894737e-05,3.88319480504054e-06,0.000340908682523512
2018/12/27,0.00066165995615891,8.15694723563343e-05,9.31537333507665e-05,-3.29464916804898e-05,-3.29125778764582e-05,-3.11738469153128e-05,0.00018481275460625
2018/12/30,0.000657305865807964,8.78176120871635e-05,7.19942003534403e-05,-4.0955490780283e-05,-6.10839350308808e-05,7.43747499526878e-07,7.08570000630695e-05
2019/01/01,0.000652552654185749,9.02143553127434e-05,3.99081403118767e-05,-3.31730312586641e-05,-2.95385654371905e-05,3.18122790155372e-05,0.000619457167869948
2019/01/02,0.000647410722955795,8.86995362373257e-05,2.05864466452342e-06,-1.30049700328589e-05,2.96394131009278e-05,-5.58944723021335e-06,0.0003064461003045
2019/01/03,0.000641891234529533,8.33943954262804e-05,-3.55571523765366e-05,1.14926817332202e-05,5.85837372525926e-05,-3.15981369225499e-05,0.00012062624035746
2019/01/06,0.000636006070863314,7.45932248810754e-05,-6.70745227605487e-05,3.08139814721704e-05,3.03351416490067e-05,1.04862021458408e-05,-9.58440982508584e-05
2019/01/07,0.000629767788851048,6.2746614270941e-05,-8.76898577841224e-05,3.76906772866632e-05,-2.61323912637762e-05,3.05023908864738e-05,-0.000166431222247228
2019/01/08,0.000623189573413202,4.84372648732427e-05,-9.44021572779639e-05,2.98366328944848e-05,-5.56857893581759e-05,-1.52549003066336e-05,0.000119565375761844
2019/01/09,0.000616285189305575,3.2349712753706e-05,-8.6451247379599e-05,1.07096643581575e-05,-3.09543371117998e-05,-2.85354065161912e-05,-6.94565754098485e-05
2019/01/10,0.00060906893218177,1.5235599372175e-05,-6.53885648754371e-05,-1.19628518238389e-05,2.2430342250011e-05,1.97140674919223e-05,-8.4726524596602e-05
2019/01/13,0.000601555579036102,-2.12366796752515e-06,-3.47776571814847e-05,-2.92785265603687e-05,5.24286218060531e-05,2.57487918184956e-05,-7.12171409512723e-05
2019/01/14,0.000593760338418793,-1.89549202404917e-05,4.18126781529486e-07,-3.46429369043576e-05,3.13971284324735e-05,-2.36896982431749e-05,-0.000120389038244771
2019/01/15,0.000585698800613536,-3.45299533125924e-05,3.46539389133307e-05,-2.62818747964233e-05,-1.85721213085104e-05,-2.22348680775862e-05,-7.68309220317542e-05
2019/01/16,0.000577386887863212,-4.81991415793777e-05,6.26904705028029e-05,-7.82566693684579e-06,-4.88546124293751e-05,2.70253109637853e-05,-0.000163922248384201
2019/01/17,0.000568840804997922,-5.94203041748713e-05,8.04054566009283e-05,1.32250123811818e-05,-3.16686422469113e-05,1.81236012909096e-05,-0.000206942928849159
2019/01/20,0.000560076990679584,-6.77814729500458e-05,8.54022466219963e-05,2.851473165304e-05,1.45954969198218e-05,-2.95915604845021e-05,-0.000381654432439894
2019/01/21,0.000551112069498082,-7.3016559730966e-05,7.7325225665791e-05,3.21270251330131e-05,4.50086129974105e-05,-1.35770036978408e-05,-0.00022310836986549
2019/01/22,0.000541962805225553,-7.50133134116919e-05,5.78424945503303e-05,2.28643895795955e-05,3.17776229215826e-05,3.12947405168223e-05,-0.000106010739382192
2019/01/23,0.000532646055554721,-7.38133739314392e-05,3.03113859034752e-05,4.63890749803246e-06,-1.05364850425002e-05,8.78123348244763e-06,-0.000119127723464736
2019/01/24,0.000523178728024383,-6.96046485621855e-05,-8.07209668700163e-07,-1.51506136891798e-05,-4.09367873238181e-05,-3.20835393354003e-05,-8.66509294450995e-05
2019/01/27,0.000513577736928487,-6.27066315146985e-05,-3.06822380359252e-05,-2.85897832287572e-05,-3.17358664272557e-05,-3.93676896661964e-06,-2.90504487552304e-05
2019/01/28,0.000503859961515689,-5.3549640498845e-05,-5.48711495080036e-05,-3.03839859837769e-05,6.42898379778813e-06,3.19534968699124e-05,-5.13846661927637e-05
2019/01/29,0.000494042205827208,-4.26492374374965e-05,-6.99831927651637e-05,-1.99243819368189e-05,3.66859231282617e-05,-7.52787124455809e-07,-3.99375296915346e-05
2019/01/30,0.000484141160150472,-3.05773201558996e-05,-7.4147935149505e-05,-1.48434996807269e-06,3.15579080372153e-05,-3.09487491834507e-05,-5.55017137307588e-05
2019/01/31,0.000474173364035504,-1.79315051473668e-05,-6.72257937435274e-05,1.75123335232255e-05,-2.30447249693463e-06,5.09262385885206e-06,1.19544997024759e-06
2019/02/03,0.000464155170863308,-5.30446277741827e-06,-5.0741726456232e-05,2.94535452285602e-05,-3.23026748717263e-05,2.9160832405266e-05,3.31933156082421e-05
2019/02/04,0.000454102713986655,6.74518451761738e-06,-2.75680466019592e-05,2.95566479529116e-05,-3.12603442506968e-05,-8.90862678301131e-06,-4.11125288215162e-05
2019/02/05,0.000444031874217635,1.77189278269635e-05,-1.42024541006519e-06,1.77548649139167e-05,-1.8080997968753e-06,-2.67244819697854e-05,-0.00012293683978179
2019/02/06,0.000433958248565059,2.7200142823722e-05,2.37450033078889e-05,-1.2833857482593e-06,2.78325434020365e-05,1.20585249281385e-05,-0.000172939077278586
2019/02/07,0.000423897120393135,3.48705853261257e-05,4.43310839134196e-05,-2.00017764692462e-05,3.08607469502888e-05,2.38105454412594e-05,-0.000224064305554982
2019/02/10,0.000413863431209224,4.05209515002176e-05,5.76102513192556e-05,-3.09384898726259e-05,5.88214337333223e-06,-1.44415246934096e-05,-0.000174752762835994
2019/02/11,0.000403871754099165,4.40551881436945e-05,6.20692301708195e-05,-2.96711224407554e-05,-2.33190271855449e-05,-2.06163025539577e-05,-0.000133985720233421
2019/02/12,0.000393936268912483,4.54885890908731e-05,5.75512682676606e-05,-1.65701314277253e-05,-3.03764840604912e-05,1.60057596044118e-05,-0.000201419270387213
2019/02/13,0.000384070739238837,4.49400498856086e-05,4.51886780528421e-05,3.32458554542672e-06,-9.89264762522214e-06,1.7353691475102e-05,-0.000187961096572594
2019/02/14,0.000374288491233008,4.26191571488506e-05,2.71523514114337e-05,2.22557687154294e-05,1.88036228657645e-05,-1.67529678630179e-05,-0.000247019423511468
2019/02/17,0.000364602394308893,3.88090461583035e-05,6.27024523837474e-06,3.27690322712422e-05,2.9823993435488e-05,-1.42360792527546e-05,-0.000259471632159547
2019/02/18,0.000355024843745548,3.38461579708063e-05,-1.44180387579083e-05,3.06261661627983e-05,1.38152857508039e-05,1.67399815784988e-05,-0.000228750396450547
2019/02/19,0.000345567745323265,2.80981568125795e-05,-3.21001466975903e-05,1.64789112688707e-05,-1.43261734511577e-05,1.14643334452747e-05,-0.000135055826701241
2019/02/20,0.000336242502099391,2.19413236335099e-05,-4.45607633084531e-05,-4.3482024726822e-06,-2.92184126382292e-05,-1.60767688742998e-05,-0.000106308678439236
2019/02/21,0.000327060003264801,1.57387212577966e-05,-5.04363324404438e-05,-2.38853716087715e-05,-1.7625844118688e-05,-9.21301673672203e-06,-0.000119771159617972
2019/02/24,0.000318030615084541,9.82033406808556e-06,-4.93304829370739e-05,-3.4575658017297e-05,9.92508512415993e-06,1.49209712304542e-05,2.115613544713e-05
2019/02/25,0.000309164174006525,4.4662271577966e-06,-4.17887676642033e-05,-3.21871500117525e-05,2.85733827554071e-05,7.61757649199101e-06,-7.39744273576409e-06
2019/02/26,0.000300469981883424,-1.06443365967929e-07,-2.91514955914115e-05,-1.74594704919449e-05,2.12999049376094e-05,-1.34690752819936e-05,-3.59194020897149e-05
2019/02/27,0.00029195680290873,-3.75199134489361e-06,-1.33181138457967e-05,4.14819081061581e-06,-5.63743790265441e-06,-6.76338673820224e-06,-9.99660638877987e-05
2019/02/28,0.000283632862152675,-6.40003231769098e-06,3.53575561107308e-06,2.45123988791364e-05,-2.79007275680497e-05,1.19445754884216e-05,6.34321677544349e-05
2019/03/03,0.000275505845768488,-8.05456989906363e-06,1.92470180674477e-05,3.5920077849381e-05,-2.48122174746906e-05,6.677442897727e-06,-7.45605972092894e-05
2019/03/04,0.000267582902820311,-8.7885959189129e-06,3.19234566178532e-05,3.39916632729941e-05,1.49931540845534e-06,-1.05836826180945e-05,-9.21180595826062e-05
2019/03/05,0.000259870648400997,-8.73471358985525e-06,4.01451920015406e-05,1.93435088260219e-05,2.72099740718305e-05,-7.32340601935272e-06,-0.000118347203691182
2019/03/06,0.000252375168100798,-8.07250327782604e-06,4.3093965929583e-05,-2.63662040692802e-06,2.81357326885014e-05,9.61934052692667e-06,-0.000148635083561055
2019/03/07,0.000245102023870655,-7.01351269132481e-06,4.06057483904116e-05,-2.38093525204327e-05,2.45360302749446e-06,8.60053631352964e-06,3.40749536096665e-05
2019/03/10,0.00023805626130049,-5.78486005672814e-06,3.31509118307576e-05,-3.63294373527429e-05,-2.65081486622989e-05,-9.2644557959436e-06,-1.16072712635337e-05
2019/03/11,0.000231242418204936,-4.61248628141613e-06,2.17521554008861e-05,-3.55670188859472e-05,-3.12408732298863e-05,-1.03468475991711e-05,1.91266523905991e-05
2019/03/12,0.000224664534337461,-3.70507921405209e-06,7.85356551439004e-06,-2.18110365169794e-05,-6.18526314067669e-06,9.69539784071471e-06,-7.54131188208573e-05
2019/03/13,0.000218326162281228,-3.23962199851348e-06,-6.84464636619095e-06,-1.29673529815186e-07,2.58002073052159e-05,1.23465523406574e-05,-7.47679800325818e-05
2019/03/14,0.000212230379609126,-3.3493944094256e-06,-2.05711013169646e-05,2.15396443892597e-05,3.40953830233165e-05,-1.10368563522404e-05,-1.41400549430718e-05
2019/03/17,0.000206379802301094,-4.11508881024804e-06,-3.1673352591154e-05,3.5337652117496e-05,9.65868003648643e-06,-1.43415782637312e-05,-3.92101147899434e-05
2019/03/18,0.00020077659930094,-5.55950091554009e-06,-3.8798284356709e-05,3.63596283287706e-05,-2.50894511868173e-05,1.33491199389462e-05,-3.90451111095902e-05
2019/03/19,0.000195422508030699,-7.64603188713145e-06,-4.10473446233697e-05,2.43983168432445e-05,-3.66642353568051e-05,1.60466899673869e-05,2.12650970259761e-05
2019/03/20,0.00019031885091102,-1.02810056169965e-05,-3.80907693598609e-05,3.93288712816906e-06,-1.28355334404231e-05,-1.6618756954999e-05,3.63633273330906e-05
2019/03/21,0.000185466552856861,-1.33195785051966e-05,-3.02257529838183e-05,-1.75928629273193e-05,2.43777555822135e-05,-1.71674808347991e-05,5.04273668120585e-05
2019/03/24,0.00018086615966552,-1.65748118629544e-05,-1.83664544411469e-05,-3.25283062244002e-05,3.8909402738821e-05,2.07535362355812e-05,3.45404738885789e-05
2019/03/25,0.00017651785718564,-1.98293013506726e-05,-3.95941866786093e-06,-3.57712848940906e-05,1.56756268806782e-05,1.74202638865556e-05,-3.71837430402492e-05
2019/03/26,0.000172421491143456,-2.28486232461313e-05,1.11735861534161e-05,-2.65150737212785e-05,-2.36659179979478e-05,-2.5582190264565e-05,9.34077279330504e-05
2019/03/27,0.000168576587529233,-2.53957704074694e-05,2.50529912277798e-05,-8.38593290315164e-06,-4.07895280745531e-05,-1.65527126361952e-05,8.78243652643561e-05
2019/03/28,0.000164982373616057,-2.7245714945478e-05,3.57961288806257e-05,1.20166661808027e-05,-1.81359593650082e-05,3.08593670370991e-05,-4.78838614040982e-05
2019/03/31,0.000161637799445738,-2.81992507772818e-05,4.1877293626575e-05,2.75802045444045e-05,2.29544481126511e-05,1.43639947083485e-05,-0.000103039489660435
2019/04/01,0.00015854155968551,-2.80953330572666e-05,4.23561347652926e-05,3.32036435461886e-05,4.22598641190188e-05,-3.62758163021631e-05,-0.00010005105275658
2019/04/02,0.000155692115850142,-2.68212378239843e-05,3.70377574150397e-05,2.74731796458961e-05,2.01698672735166e-05,-1.07230845648511e-05,-5.63805977957585e-05
2019/04/03,0.000153087718929905,-2.43200069465932e-05,2.65346363720281e-05,1.29354892501071e-05,-2.22445323382324e-05,4.14735569995257e-05,-3.30428622667405e-05
2019/04/04,0.000150726432367981,-2.05948117998863e-05,1.22131425163019e-05,-5.04101208014481e-06,-4.32727124456463e-05,5.58394871731854e-06,2.48320127240755e-05
2019/04/07,0.000148606155282546,-1.5710053525357e-05,-3.97544487467238e-06,-2.03115675691583e-05,-2.1726727720527e-05,-4.60654231101654e-05,6.32950615173342e-05
2019/04/08,0.00014672464581808,-9.78920745256321e-06,-1.9760752887502e-05,-2.81082327966691e-05,2.15388524250586e-05,1.00360609148902e-06,2.43760888021069e-05
2019/04/09,0.000145079544657635,-3.00960326692825e-06,-3.28799736839104e-05,-2.65259423979071e-05,4.37781627607811e-05,4.96580676862492e-05,-9.53002557559198e-05
2019/04/10,0.000143668398645646,4.4054992622975e-06,-4.14168857760127e-05,-1.68770221667892e-05,2.27519949058872e-05,-8.88843806185379e-06,1.54784531908254e-05
2019/04/11,0.000142488684476207,1.21970372390947e-05,-4.40997083547958e-05,-2.90664755254219e-06,-2.08422344540624e-05,-5.18772138403636e-05,5.87400824864626e-05
2019/04/14,0.00014153783240912,2.00818651474015e-05,-4.05081242020181e-05,1.07215894012325e-05,-4.37246902606367e-05,1.78186827773769e-05,6.47484472752422e-06
2019/04/15,0.000140813249955634,2.77653929688526e-05,-3.1152493588513e-05,2.00416788818678e-05,-2.31870896863335e-05,5.23937266067054e-05,-8.09144651382132e-05
2019/04/16,0.000140312345438897,3.49544431891573e-05,-1.74080609447592e-05,2.29193469884711e-05,2.01623470177952e-05,-2.74489040098381e-05,-7.74915176797233e-05
2019/04/17,0.000140032551368481,4.13696495429769e-05,-1.31068805994686e-06,1.93851060437266e-05,4.3059735996136e-05,-5.09489145970444e-05,-0.000114687440294329
2019/04/21,0.000139971347530771,4.67567828924766e-05,1.47557112607448e-05,1.12001833256577e-05,2.29692318951339e-05,3.7353840422526e-05,-6.04920973273095e-05
2019/04/22,0.000140126283783889,5.08964873816001e-05,2.8430554304674e-05,9.76399056763735e-07,-1.95106722941528e-05,4.73773937890753e-05,-0.000124401446021849
2019/04/23,0.000140495002376788,5.36120342610046e-05,3.77460005508204e-05,-8.72071593083551e-06,-4.17307934761813e-05,-4.70483936210367e-05,-5.23531341605598e-05
2019/04/24,0.000141075259537085,5.47748426669988e-05,4.14326519294266e-05,-1.59512288050553e-05,-2.20316119933317e-05,-4.16258667443766e-05,7.78129534092528e-05
2019/04/25,0.000141864946317671,5.43076662621846e-05,3.91097643616458e-05,-1.9557202774372e-05,1.89036445528334e-05,5.60130739533153e-05,0.000132798107326722
2019/04/28,0.000142862108670624,5.21854907435805e-05,3.13276088550504e-05,-1.90281812015455e-05,3.96870151046471e-05,3.37663157695996e-05,-0.000105959357941956
2019/04/29,0.000144064966170175,4.84343203460772e-05,1.94552237772969e-05,-1.43325778272306e-05,2.03040764452842e-05,-6.37237212826064e-05,7.0282712371004e-05
2019/04/30,0.000145471929011191,4.31281459181333e-05,5.43405340732409e-06,-5.92601214340373e-06,-1.83634513291554e-05,-2.40023534911619e-05,7.2268688627073e-05
2019/05/01,0.000147081613511519,3.63844751985218e-05,-8.55813581095309e-06,5.03631384308769e-06,-3.68807371317064e-05,6.96839727867383e-05,-6.58502397206769e-07
2019/05/02,0.000148892856210964,2.83588599292395e-05,-2.04726659932539e-05,1.64708472085194e-05,-1.77141159619439e-05,1.26678144221128e-05,-1.2080595815638e-05
2019/05/05,0.000150904726459286,1.92388722902395e-05,-2.8719342124889e-05,2.54240851351008e-05,1.79182663924231e-05,-7.34586836552803e-05,0.00045557507550312
2019/05/06,0.000153116537533142,9.23796473449727e-06,-3.24017299161084e-05,2.86528110974812e-05,3.32686716992461e-05,-2.17049681359462e-07,9.3633794533101e-05
2019/05/07,0.000155527855960495,-1.41040707839069e-06,-3.14184658691524e-05,2.3713303286682e-05,1.41880231004671e-05,7.47063446207734e-05,-3.50656540208745e-05
2019/05/08,0.000158138508449505,-1.24581031570531e-05,-2.64166325844718e-05,1.02255209451362e-05,-1.76021642973043e-05,-1.27931654091588e-05,0.000101802036053347
2019/05/09,0.000160948586688695,-2.36468708796233e-05,-1.86117954336111e-05,-9.25410120614552e-06,-2.88129587442787e-05,-7.32084344885629e-05,0.000243350574063527
2019/05/12,0.000163958450462949,-3.47121027757671e-05,-9.5149414229483e-06,-2.93157530797239e-05,-9.6519739364467e-06,2.57297391040777e-05,0.000289238581647859
2019/05/13,0.000167168729078677,-4.53858415356373e-05,-6.2413644246558e-07,-4.3009876089533e-05,1.74551225534726e-05,6.88936457791568e-05,0.00010363035665633
2019/05/14,0.000170580320882663,-5.53992133441423e-05,6.85542448103963e-06,-4.416653654992e-05,2.34823155219163e-05,-3.79165044400433e-05,0.000129978193448487
2019/05/15,0.000174194390598806,-6.44845709019111e-05,1.22065033235223e-05,-2.99808836281672e-05,4.03346939878196e-06,-6.18549713310716e-05,0.00016212906254004
2019/05/16,0.000178012364729047,-7.23776977367495e-05,1.5272534054579e-05,-2.83155752939196e-06,-1.75224456848271e-05,4.8673173727108e-05,3.26176284402342e-05
2019/05/19,0.000182035925278561,-7.88204603261051e-05,1.63974098075501e-05,2.95960028880829e-05,-1.72530661115235e-05,5.23579021873073e-05,0.000160804286276128
2019/05/20,0.000186267001915434,-8.35642890527708e-05,1.62511934951176e-05,5.62779990798365e-05,2.73657410403056e-06,-5.73580532427581e-05,2.65735737011103e-05
2019/05/21,0.000190707762440908,-8.63748210607427e-05,1.55862602604768e-05,6.65080721946652e-05,1.78534112377648e-05,-4.08384031089474e-05,3.53557180358751e-05
2019/05/22,0.000195360601430923,-8.70379485134971e-05,1.49846698870145e-05,5.40648964568323e-05,1.01099576934319e-05,6.34121806211437e-05,0.000155749642424152
2019/05/23,0.000200228127271606,-8.53673889718374e-05,1.46606627027792e-05,2.03073654054415e-05,-1.07214084495129e-05,2.78898479627365e-05,0.000106802794078787
2019/05/26,0.000205313147483264,-8.12137396534418e-05,1.43709132086845e-05,-2.52052211643252e-05,-1.84994238141352e-05,-6.64022158474786e-05,0.000662213539787432
2019/05/27,0.000210618651931028,-7.4474802370208e-05,1.34614349234571e-05,-6.71869552085987e-05,-2.04652269161866e-06,-1.42387110928493e-05,0.00016885290450879
2019/05/28,0.000216147793679184,-6.5106781674953e-05,1.10484453896963e-05,-8.96640396342061e-05,1.99763353625892e-05,6.60592258405022e-05,0.000155592021037187
2019/05/29,0.000221903867104352,-5.31357794977142e-05,6.29762069257667e-06,-8.19564552910663e-05,1.95121639164149e-05,7.09544016311916e-07,0.000269484039059125
2019/05/30,0.000227890283863002,-3.86688478641319e-05,-1.26082315242175e-06,-4.33933262529223e-05,-6.93484593726221e-06,-6.23105348498745e-05,0.000545211094193611
2019/06/02,0.000234110546892984,-2.19037363804194e-05,-1.14585584100256e-05,1.52288099349943e-05,-3.05469313410423e-05,1.18195259402499e-05,0.000585756343363259
2019/06/03,0.000240568222068705,-3.13639475552247e-06,-2.33328417988052e-05,7.44016452720052e-05,-2.09419730967625e-05,5.5302041059119e-05,0.000265659301251261
2019/06/04,0.000247266906803271,1.72347272753769e-05,-3.51443728080372e-05,0.000112299057844381,1.68227376846687e-05,-2.24688783579563e-05,0.000414572821558295
2019/06/05,0.000254210195279682,3.87084922851716e-05,-4.45927254473039e-05,0.000112754572887776,4.24674154330681e-05,-4.54086626193737e-05,0.00016846671218098
2019/06/06,0.000261401640510001,6.06857895991913e-05,-4.92106247706829e-05,7.19312072085388e-05,2.28364802062201e-05,3.04144750451524e-05,0.000148936032201579
2019/06/09,0.00026884471339074,8.2479748747964e-05,-4.68757894277651e-05,9.95353221968471e-07,-2.75965866217402e-05,3.32311363331803e-05,0.000191358424355653
2019/06/10,0.000276542759208503,0.000103331789697564,-3.63450941384633e-05,-7.66258275141495e-05,-5.57592146128837e-05,-3.49467607476684e-05,0.000134649348107097
2019/06/11,0.00028449895199445,0.000122433532334982,-1.76983855898242e-05,-0.000132881565301805,-2.52389858562858e-05,-1.95780615659168e-05,0.000274819513984401
2019/06/12,0.000292716247124556,0.000138954232607263,7.4163535053071e-06,-0.000145181932572964,3.92273770249344e-05,3.55278763121582e-05,0.000584598845998745
2019/06/13,0.000301197332669942,0.000152073037498447,3.58174103443049e-05,-0.000105322822051729,7.04303312997823e-05,5.43293692609559e-06,-1.48602266868425e-05
2019/06/16,0.000309944579030852,0.000161014976515246,6.31371283925275e-05,-2.37681963046174e-05,2.81870846676141e-05,-3.18433540007332e-05,-0.000233477218300889
2019/06/17,0.000318959986373384,0.000165089261207475,8.4457623895793e-05,7.27236430529827e-05,-5.16785013456483e-05,8.09314013790868e-06,-0.000260654153321895
2019/06/18,0.000328245130907039,0.000163728170327705,9.51482265483189e-05,0.00014977946953492,-8.64748997615212e-05,2.384445656597e-05,-0.000242540554122431
2019/06/19,0.000337801111037727,0.000156524572090108,9.17680916359992e-05,0.000177624291932924,-3.17114875275924e-05,-1.9821389312175e-05,-0.000222558189856991
2019/06/20,0.000347628493544612,0.000143265996987349,7.28684486109874e-05,0.00014250088519748,6.49063619343753e-05,-1.17775924639504e-05,-0.000374189593810853
2019/06/23,0.000357727259739414,0.000123963144394183,3.9529113055607e-05,5.29412458286577e-05,0.000103872770363597,2.85752195692069e-05,-0.000452137752950666
2019/06/24,0.00036809675169695,9.88707949368876e-05,-4.50399839963804e-06,-6.18387315721938e-05,3.58355190872331e-05,-3.8021491248896e-06,-9.81218662434894e-06
2019/06/25,0.000378735619117727,6.84993133628174e-05,-5.31526727471638e-05,-0.000161372060112604,-7.88600499059037e-05,-3.32565642974849e-05,0.000154028414582612
2019/06/26,0.000389641767267314,3.36152599296567e-05,-9.88030315707691e-05,-0.000208198656975712,-0.000122588664516293,2.20355823404851e-05,0.000176507743525319
2019/06/27,0.000400812306153613,-4.76992632067939e-06,-0.000133469322198653,-0.000181929552858973,-4.05746996246923e-05,3.29245422327605e-05,0.000210481652616625
2019/06/30,0.000412243501388652,-4.54236671144184e-05,-0.000150151559274249,-8.78459525389734e-05,9.34808840491292e-05,-4.1783467811278e-05,0.000689815261301137
2019/07/01,0.000423930727203761,-8.69282890340668e-05,-0.000144161020747834,4.35172362579042e-05,0.000142571233477453,-2.68717719576889e-05,0.000231787884800471
2019/07/02,0.00043586842114791,-0.000127728600743214,-0.000114171882827312,0.000166188467130666,4.5936106246391e-05,6.1670297017418e-05,-4.07378079718589e-05
2019/07/03,0.000448050039616757,-0.000166189569992839,-6.27845843736262e-05,0.000234863005904353,-0.00010870226704488,1.46934042512552e-05,-0.00018234902836102
2019/07/04,0.000460468014662115,-0.000200662031733592,3.5446256067082e-06,0.000221648176423775,-0.000163752302886789,-8.01469013403174e-05,4.07341926809984e-06
2019/07/07,0.00047311371319012,-0.000229553792800352,7.52523600701509e-05,0.000127254353797399,-5.19176803785277e-05,3.65605221256036e-06,-0.00014561500609135
2019/07/08,0.000485977399419332,-0.000251403039484502,0.000141021918751481,-1.7820290084088e-05,0.000124449679192133,9.55697245009602e-05,-0.000316567392295317
2019/07/09,0.000499048200965165,-0.000264950631998447,0.000189555552855114,-0.000163058644660669,0.000186046251163147,-2.78226884727648e-05,-0.000206576039851545
2019/07/10,0.000512314078689335,-0.000269207707823247,0.000211489535468488,-0.000255557512910152,5.85078668851616e-05,-0.00010629329514585,3.41450348362637e-05
2019/07/11,0.000525761800586783,-0.000263515031060876,0.000201130052060905,-0.000259356756110144,-0.000140640067585986,5.70338727041236e-05,8.8511294051938e-06
2019/07/14,0.000539376920025745,-0.000247590726748241,0.000157695459612099,-0.000169379934512548,-0.000209348850351771,0.00011077137713331,6.89637548414058e-05
2019/07/15,0.000553143758708226,-0.000221563427114869,8.58141974447571e-05,-1.45897061089012e-05,-6.56851478383909e-05,-9.01026064624042e-05,0.000209627931371582
2019/07/16,0.000567045394543623,-0.000185988420826834,-4.86008847491314e-06,0.000151262315418165,0.000157180919251715,-0.000107661386781466,-0.00030430373313029
2019/07/17,0.000581063654208978,-0.000141845115508824,-0.000100910655654741,0.00026837191084381,0.000233535672512258,0.000125457310473976,-0.000442535776875458
2019/07/18,0.000595179110123031,-9.05149668392543e-05,-0.000187139263088498,0.000292550537804609,7.34172710261608e-05,9.59260241395786e-05,-0.000333537713165626
2019/07/21,0.000609371081970658,-3.37399559080908e-05,-0.000248975455393608,0.000211936434022407,-0.000173969511680926,-0.000161197378823763,0.000138678785813323
2019/07/22,0.000623617642587475,2.64373328117033e-05,-0.00027493043205029,5.24107947722567e-05,-0.000258460585813596,-7.49257458516373e-05,0.000135223993544088
2019/07/23,0.000637895628392513,8.77500196457238e-05,-0.000258682251894625,-0.000130655915075289,-8.16602986895891e-05,0.000195173279843939,-3.03934622226724e-05
2019/07/24,0.000652180654889951,0.000147796709889998,-0.000200418720345244,-0.000271723717997166,0.000190892761634207,4.44957737081493e-05,-0.000373957461779896
2019/07/25,0.000666447137550673,0.000204141040184521,-0.000107170430754816,-0.000318693783837811,0.000283954911961012,-0.000225088348145359,-0.000300385526958221
2019/07/28,0.000680668318082678,0.000254416650658656,7.97595568916577e-06,-0.000252250638624859,9.03577903286437e-05,-5.00180813598082e-06,-0.000598688267998304
2019/07/29,0.000694816296516627,0.00029643280593439,0.00012770975443835,-9.3714723471827e-05,-0.000207827467569188,0.000248617947901352,-0.000886489613749704
2019/07/30,0.000708862069380896,0.000328275677687937,0.000233118644102752,0.000101766138428402,-0.000309826964626437,-4.26305010170894e-05,-0.00079790206395646
2019/07/31,0.000722775574050228,0.000348400336854916,0.00030670094040783,0.00026453140315409,-9.94400753369905e-05,-0.000263540326047877,-0.000280122853082197
2019/08/01,0.000736525739248807,0.0003557087917166,0.000335283454055164,0.000335418908049133,0.000224640736711591,9.69160816938017e-05,-0.0017017507114751
2019/08/04,0.000750080540897972,0.000349609941634693,0.000312355410875086,0.000287424012516635,0.000335862071302165,0.000267872407249067,-0.00185147638447562
2019/08/05,0.000763407062104307,0.000330058078064196,0.000239406451911299,0.000136017872526424,0.000108824043033219,-0.00015584324872806,-0.00101603225891138
2019/08/06,0.000776471557830575,0.000297567524843287,0.000126007044548281,-6.58352309785246e-05,-0.00024119038885006,-0.0002600030282036,0.000411473520810041
2019/08/07,0.000789239524654389,0.000253202117249824,-1.14301765893726e-05,-0.000246364511055459,-0.000361823101400572,0.000216939384781733,-0.000264383237640544
2019/08/08,0.000801675775054873,0.00019853942221105,-0.000152051827282442,-0.000340735436360586,-0.000118413423637668,0.000238815684051795,-0.000302718194037022
2019/08/11,0.000813744515463628,0.000135610844214882,-0.0002737726221942,-0.000314533620452421,0.000257325425975499,-0.000277368217577778,-0.000104366325429609
2019/08/12,0.000825409428968062,6.68199802761225e-05,-0.000356790448668305,-0.000176407711982687,0.000387451716172958,-0.000203792771005491,0.000266479806239341
2019/08/13,0.000836633763411247,-5.15728927514659e-06,-0.000386840081370308,2.481294365393e-05,0.000128099773503138,0.000334055432911679,-0.00039540754283454
2019/08/14,0.000847380424551832,-7.74865202112604e-05,-0.000357644621519947,0.000217560281090171,-0.00027288676403732,0.000155093864551538,8.27283355749871e-05
2019/08/15,0.0008576120732874,-0.000147297020445384,-0.000272141513512934,0.000333236777338007,-0.000412470664352121,-0.000383837399034759,0.000341753746719792
2019/08/18,0.000867291226875996,-0.000211807039581121,-0.000142251360361509,0.000330863958043893,-0.000137763939674435,-9.36015021886663e-05,-0.000347702343114157
2019/08/19,0.00087638036442813,-0.000268445885627555,1.28076963440106e-05,0.000211724276669682,0.000287708745044401,0.000423625986497117,-0.00125937718335579
2019/08/20,0.00088484203716914,-0.000314967102811962,0.000169417989863368,1.87130458178422e-05,0.000436587313486533,2.09294490448629e-05,-0.000944581732569784
2019/08/21,0.000892638983696566,-0.000349547229489333,0.000303226724570036,-0.00017929289846267,0.000147278166176673,-0.000450580971771762,-8.69587747195096e-05
2019/08/22,0.000899734250087416,-0.000370865327684579,0.000392996900384171,-0.000312290213391776,-0.000301620755569024,6.06097250099197e-05,0.000396617421163872
2019/08/25,0.000906091314642896,-0.000378159402468795,0.000424024738205831,-0.00033415861977521,-0.000459497581652729,0.000462280444301443,0.000234765106746564
2019/08/26,0.000911674216585964,-0.000371256964811419,0.000390565162724373,-0.000238791434717041,-0.000156508472143013,-0.000148078622666962,-7.56858849719029e-05
2019/08/27,0.000916447687300648,-0.000350578276937516,0.000296861288431038,-6.16491753573131e-05,0.000314448938084965,-0.000456879070029566,-0.000449079391492256
2019/08/28,0.000920377283707689,-0.000317112184587523,0.00015659639617706,0.000133590277103694,0.000480890354060732,0.000238028902930497,-0.00135616702939215
2019/08/29,0.000923429524697328,-0.000272365818007065,-9.15875394771885e-06,0.000278205489950757,0.000165317502986873,0.000433244132739847,-0.00102461907842002
2019/09/01,0.000925572031001151,-0.000218290764976771,-0.000175186178144102,0.000322893725625885,-0.000326018258036351,-0.000326650871442173,2.33133159723615e-05
2019/09/02,0.000926773667976742,-0.000157189510702886,-0.000316037682967889,0.00025471049105261,-0.000500453308110419,-0.000391059990222442,0.000432286332974284
2019/09/03,0.000927004690616941,-9.16069321855863e-05,-0.00041000675541827,0.00010061260211497,-0.000173568489003474,0.000409952202878467,-0.000472060319003047
2019/09/04,0.000926236890738834,-2.42123726494791e-05,-0.000442523396992525,-8.32727464731373e-05,0.000336155413650055,0.000330892981095268,-0.000555947769369016
2019/09/05,0.000924443746019867,4.23217344404091e-05,-0.000408432524655606,-0.000232360184675876,0.000517881143831494,-0.000483957053412147,0.000116848138451858
2019/09/08,0.00092160057013209,0.000105438600111984,-0.00031279627631273,-0.000296559817997769,0.000181131084009543,-0.000254210693945122,-6.00484659979963e-05
2019/09/09,0.000917684662908868,0.000162807290742883,-0.000170097647025275,-0.000257212355029139,-0.00034469172119766,0.000544915028144493,-0.00043233625854417
2019/09/10,0.000912675460035271,0.000212419063017011,-1.97830166207806e-06,-0.000132237059988485,-0.00053288532228924,0.000163351929750318,4.83352311372024e-05
2019/09/11,0.000906554681752849,0.000252665290456393,0.000166124544117336,3.18017599463286e-05,-0.000187889181717128,-0.000589508280728826,7.76891861730484e-05
2019/09/12,0.000899306479672733,0.000282393510467761,0.00030890602825853,0.000177264546128056,0.000351464770065178,-6.14464505697739e-05,-0.00161874688402248
2019/09/15,0.00089091757981859,0.000300939363438804,0.000405066701835613,0.000255933597506544,0.000545204312476214,0.000615044412146416,0.0141551290327778
2019/09/16,0.000881377420850003,0.000308133550253098,0.000440527624897128,0.00024505554812639,0.00019375068566129,-4.77133526972272e-05,0.000621145522909318
2019/09/17,0.000870678271973624,0.000304284301015665,0.000410496554358382,0.000153569021301394,-0.000356318554228201,-0.000619622986549932,-0.000169175607870931
2019/09/18,0.000858815306783882,0.00029013719809917,0.00032008242183409,1.69799511954715e-05,-0.000554614175467785,0.000159843613121975,-0.000689922315566803
2019/09/19,0.000845786651231162,0.000266815511035055,0.00018338771609608,-0.000116533196850831,-0.000198658694704119,0.000602263583719173,-0.00132039457052652
2019/09/22,0.000831593423880449,0.000235745220242707,2.12465200503212e-05,-0.000203302305810944,0.00035910115779606,-0.000270373897186238,-0.000563679118972356
2019/09/23,0.000816239771445972,0.000198569597452943,-0.000142018170446558,-0.000218439823170834,0.000560933331848703,-0.000562985092418577,-0.000341331614711649
2019/09/24,0.00079973290071357,0.000157058596914267,-0.000282302024335631,-0.000162543248748853,0.000202597450571248,0.000374673309377206,-0.000515248984491807
2019/09/25,0.000782083106831972,0.000113018365100185,-0.000379317833070483,-5.92404251303178e-05,-0.000359656005397738,0.000502832041593374,-0.000339723249926992
2019/09/26,0.000763303798084089,6.82059036982697e-05,-0.000419542916793315,5.46898486611853e-05,-0.000564010608220135,-0.000468284654403987,0.00125601962897389
2019/09/29,0.000743411516947362,2.42533444831779e-05,-0.000398087766825872,0.000142514995443718,-0.00020558778392531,-0.000423846810454913,0.000389575504331839
2019/09/30,0.000722425957589959,-1.7394538196522e-05,-0.000319233918886118,0.000179288192111757,0.000357810963093375,0.000547154067486689,-0.00116308472319914
2019/10/01,0.000700369979499191,-5.55269821507107e-05,-0.000195596951595899,0.000158430820858659,0.000563707288790193,0.000328988616368762,-0.0010775797717702
2019/10/02,0.00067726961772332,-8.91966162553618e-05,-4.60776584434237e-05,9.16752646406524e-05,0.000207678461499882,-0.000607843921054923,0.000300567851889854
2019/10/03,0.000653154089857213,-0.000117731317946162,0.000107060417560156,3.29917497158066e-06,-0.000353370472357184,-0.000222002915805575,0.000352417023719972
2019/10/06,0.000628055799308316,-0.000140729463034964,0.000241530665752976,-7.86910415007417e-05,-0.000559880629542835,0.000647717714046997,-0.000359835045029748
2019/10/07,0.000602010334499619,-0.000158040523045281,0.000338277657805751,-0.000131227250836964,-0.000208935902607679,0.000107247279012589,-0.000163876594828036
2019/10/08,0.000575056464064462,-0.00016973382184193,0.000384172689026908,-0.000142117582664767,0.000346111180927698,-0.000665086906720786,1.05189772084151e-05
2019/10/09,0.000547236128103063,-0.000176058882908991,0.000373774582366029,-0.000112014402562517,0.000552369411106396,1.05179616046995e-05,-0.00070214279770868
2019/10/10,0.000518594425413919,-0.000177401144871421,0.000309927670712467,-5.26072460329649e-05,0.000209432434488053,0.000659311458487887,-0.00106044659819794
2019/10/13,0.000489179596515217,-0.000174236878859582,0.000203143976167714,1.77472557686853e-05,-0.000335781233595493,-0.000126364121472291,0.00028547240547575
2019/10/14,0.000459043002060415,-0.000167090911033021,6.98927505229487e-05,7.9375124642579e-05,-0.000540982039682003,-0.000630847998739066,0.00112271407222815
2019/10/15,0.000428239096586606,-0.000156500259563764,-6.99271257784879e-05,0.000116218315063826,-0.000209233771572611,0.000235442080662877,-4.7489335398447e-05
2019/10/16,0.000396825397561252,-0.000142986080846037,-0.000195948124534969,0.000119421266298555,0.000322102987989124,0.000581242073955078,-0.000808839520423003
2019/10/17,0.00036486244962964,-0.000127035441361078,-0.000290293685596478,8.90994407241066e-05,0.000525487814478225,-0.000333231261239798,3.84768336538258e-06
2019/10/20,0.000332413784072433,-0.000109093457148703,-0.000340112889359177,3.41283000337405e-05,0.00020838674366585,-0.000513063610710906,0.000659759129446762
2019/10/21,0.000299545873483254,-8.95653475672872e-05,-0.0003393363262724,-3.0008574247164e-05,-0.000304778346684966,0.000415776952654993,0.00036380476863357
2019/10/22,0.000266328081528415,-6.88270107442213e-05,-0.000289416434371473,-8.50406915252041e-05,-0.000505610992946837,0.000429787517713713,0.000520437530345608
2019/10/23,0.000232832607524484,-4.72419177948225e-05,-0.000198963191699055,-0.000114761600877234,-0.000206907389742338,-0.000479903530485071,0.00101646402307404
2019/10/24,0.000199134425527159,-2.51815058761221e-05,-8.23437436168368e-05,-0.000109817392581032,0.000283496339586233,-0.000335624063325401,0.000289577940286
2019/10/27,0.000165311217880815,-3.04587730491858e-06,4.25389973767524e-05,-7.10204122012753e-05,0.000481027574547938,0.000523391954249773,-0.000987473454549084
2019/10/28,0.000131443303181213,1.87184818770896e-05,0.000156958153955737,-9.86555965861078e-06,0.000204769731976126,0.000235306274394692,-0.000535710385726247
2019/10/29,9.76135585619009e-05,3.96070522625196e-05,0.000244165357014608,5.44096002821847e-05,-0.000257942765697439,-0.000545111320280101,0.000583838517856325
2019/10/30,6.39073361712425e-05,5.90543073509769e-05,0.000291871210928157,0.000100736934696779,-0.000451365007829322,-0.000133843954213538,0.000302841172895704
2019/10/31,3.04123736036905e-05,7.64412888663778e-05,0.000294036732902704,0.000113379135767699,-0.000201895423584507,0.000545096188444363,-0.000630065296000328
2019/11/03,-2.78130202963214e-06,9.11146687080126e-05,0.000251707712815306,8.78246683371653e-05,0.000227812116051265,3.62559113460441e-05,-0.000469016775228161
2019/11/04,-3.55814765974066e-05,0.000102417165299233,0.000172763508896687,3.30135216619222e-05,0.000416205371705139,-0.000524563773894337,-2.82173170712372e-05
2019/11/05,-6.78938582175471e-05,0.000109728056796608,7.06131574813779e-05,-3.1361008167957e-05,0.000198144936493075,5.2706487118634e-05,9.17222849580951e-06
2019/11/06,-9.96221933504487e-05,0.000112511439160379,-3.79679111992379e-05,-8.18749768915724e-05,-0.000192821193167669,0.000485867842557449,4.77619928911002e-05
2019/11/07,-0.000130668389892516,0.000110368899527864,-0.000135531565920878,-0.000100270626645223,-0.000375091966625941,-0.000128830341872473,0.00105435399142917
2019/11/10,-0.000160932647659127,0.000103092497018108,-0.000206762571356119,-8.07478712923245e-05,-0.000193311038393387,-0.00043238916634304,0.00119940779802589
2019/11/11,-0.000190313596414437,9.07134363808642e-05,-0.000240950027003535,-3.25239473618812e-05,0.000152723372584384,0.000188692357847845,0.00027280540396676
2019/11/12,-0.000218708441501304,7.35416391744928e-05,-0.000233720275659324,2.37206874868647e-05,0.000327538825647067,0.000368365605167102,-0.000133130040314898
2019/11/13,-0.000246013117100074,5.21915974175805e-05,-0.000187734794836334,6.43736563397467e-05,0.000187114798454139,-0.000229875930791163,0.000547896790516104
2019/11/14,-0.000272122447080634,2.75904477601064e-05,-0.000112216904519285,7.30083151518438e-05,-0.000107323043186158,-0.000298668106470956,0.000861871738345082
2019/11/17,-0.000296930313429765,9.6511628824376e-07,-2.13607216614096e-05,4.77402052343777e-05,-0.000273042748877044,0.000251141078130064,0.000508859384315533
2019/11/18,-0.000320329832151238,-2.6193384453236e-05,6.81348895600232e-05,2.37283569973805e-06,-0.000179203810251738,0.000228532002397294,0.000459830299199158
2019/11/19,-0.000342213536647262,-5.2188939040136e-05,0.000140007167168869,-3.95883399858153e-05,5.64903000745405e-05,-0.000252535820029943,0.000786495168459747
2019/11/20,-0.000362473568624532,-7.52013726531116e-05,0.000181347775097837,-5.58032563482176e-05,0.000211097757310221,-0.000163255773466074,0.000488701438683877
2019/11/21,-0.000381001876626076,-9.33866163550374e-05,0.000184984730063203,-3.61601047622312e-05,0.000169152780146441,0.000235440006698603,0.000176356080835098
2019/11/24,-0.000397690422171619,-0.000104991389790314,0.00015088592172601,1.11664226311304e-05,-1.75482123398053e-07,0.000107881832539176,0.000755488117189015
2019/11/25,-0.000412431393347246,-0.00010847630163288,8.62955141352899e-05,6.20259708765216e-05,-0.000141211952046923,-0.000202535591761661,0.000902605753776899
2019/11/26,-0.000425117425906553,-0.000102640059775921,4.5274891615634e-06,8.67516613164843e-05,-0.000156467175216198,-6.68756683488967e-05,0.000800947178769522
2019/11/27,-0.000435641832018216,-8.67366640981732e-05,-7.74206624656417e-05,6.46767235600752e-05,-6.1577253023829e-05,0.00015770084574779,0.000533898842297995
2019/11/28,-0.000443898835862012,-6.05771076383898e-05,-0.000142047567666297,-3.78388775447076e-06,6.29265623523797e-05,4.38207653568676e-05,0.000777153071211921
2019/12/01,-0.000449783815387394,-2.46072993636816e-05,-0.000174767360211743,-9.36387130895007e-05,0.000140590335132368,-0.000105829829235979,0.00101970768215593
2019/12/02,-0.000453193549886709,2.00453305226391e-05,-0.000166938910432495,-0.000163317399908672,0.000128618023973734,-4.11469688102881e-05,0.000933048474541791
2019/12/03,-0.000454026473409872,7.15627816738474e-05,-0.000117909481628455,-0.000172059121975061,2.41636551171547e-05,5.25824992107664e-05,0.000882911141011619
2019/12/04,-0.000452182933880152,0.000127469421260747,-3.56242736160306e-05,-9.99027577637602e-05,-0.000120913379057442,5.99093974582296e-05,0.000775333525598408
2019/12/05,-0.000447565457521884,0.000184709097162757,6.4406468907064e-05,3.86957049903211e-05,-0.000200681024470773,-4.07493163000981e-06,0.000746771142562525
2019/12/08,-0.000440079018117893,0.00023976605034904,0.000161695234064383,0.000194964102167128,-0.000120389325079561,-9.96334108894856e-05,0.000190209367506389
2019/12/09,-0.000429631310704927,0.000288826496880607,0.000234531718482894,0.000301782778166917,9.6787508139038e-05,-3.34769908151739e-05,-0.000257657200149356
2019/12/10,-0.000416133029165948,0.00032797496646197,0.000264266106382351,0.000300785234658011,0.00027737626268071,0.000158238612930132,-0.000703037153947226
2019/12/11,-0.000399498146800225,0.000353416839976829,0.000239335014435207,0.000170144086826121,0.00022598492428692,5.41436364673457e-05,-0.000448962355192197
2019/12/12,-0.000379644199172081,0.000361716194024791,0.000158232710751952,-5.92461422829447e-05,-6.75388553831572e-05,-0.000232051444484309,0.000503369736545749
2019/12/15,-0.000356492568691803,0.000350036202536338,3.07686441482577e-05,-0.00030813346082476,-0.000358183480876333,-5.26778265512977e-05,0.000768682490259599
2019/12/16,-0.000329968770268482,0.000316368111690996,-0.000122773912688932,-0.000475033670174843,-0.000341066743197589,0.000315911750633071,0.000732963234005781
2019/12/17,-0.000300002737340876,0.000259734312914043,-0.000274595038888009,-0.00047602810806437,3.24863941802405e-05,2.489966950415e-05,0.000891855507694822
2019/12/18,-0.000266529107142187,0.000180351371719683,-0.000394067121558051,-0.000283110901799514,0.000442449135739054,-0.000403373945675527,0.000793480568716542
2019/12/19,-0.000229487504356778,7.97400625350626e-05,-0.000453410679954741,5.54848213356323e-05,0.000465611184826722,3.19524185629631e-05,0.000170970697051138
2019/12/22,-0.000188822822401081,-3.9228499105858e-05,-0.000433362380587434,0.000424100599841742,9.03725194163341e-06,0.000486998237573268,-0.00018292238726227
2019/12/23,-0.000144485501425123,-0.000172358708312465,-0.000327757672665004,0.00067785788371841,-0.000529387199235168,-0.00011892674173391,0.000675257939653259
2019/12/25,-9.64318021444087e-05,-0.000314232888149591,-0.000146063313496261,0.000698183041586493,-0.00059943447538933,-0.000558722002594396,0.00136864044018749
2019/12/26,-4.46240745875207e-05,-0.000458390840816192,8.68019024703595e-05,0.000444826759060233,-5.76627056569466e-05,0.00023514011510113,-0.000143791155571063
2019/12/29,1.09689789811831e-05,-0.000597582772468732,0.000333568176541157,-1.75449010726164e-05,0.00061808389917218,0.000610296221706342,-0.000768631602859514
2019/12/30,7.03720474900905e-05,-0.000724087414873513,0.000550319576541346,-0.000532224456454539,0.000742174483766276,-0.000377654368510659,0.000470758132040998
2020/01/01,0.000133602962064513,-0.000830082907247917,0.000693973057269363,-0.000902246828910221,0.000113959260280021,-0.000633767188661871,0.00158279064520611
2020/01/02,0.000200672455504866,-0.000908054153962899,0.000730302661159554,-0.000964535788118414,-0.000707506182003146,0.000541461562327227,0.00171923644509281
2020/01/05,0.000271583931128188,-0.000951217179724947,0.000641075946370903,-0.000658911153600491,-0.000893275306770559,0.000621979700664721,0.00139436206193219
2020/01/06,0.000346333241609153,-0.000953938684775786,0.000428913881874824,-6.35576887236113e-05,-0.000178409611078611,-0.000719586900962244,0.00140540276205628
2020/01/07,0.00042490847804885,-0.000912127742415521,0.000118788765241466,0.000620888654187134,0.000796513866721065,-0.00056907491658333,0.000853629894800337
2020/01/08,0.000507289770397254,-0.00082357651310612,-0.000244398889774164,0.00113762663842387,0.00105197506063116,0.000903312308577173,-0.00219580337514918
2020/01/09,0.000593449099873412,-0.000688228054439955,-0.000602053854025247,0.00126901907965933,0.000251383852700539,0.000470954420701237,-0.00110724754446931
2020/01/12,0.000683350123176639,-0.00050835179094541,-0.000891118301963567,0.00092592906280877,-0.000883876253437557,-0.00108251704664486,0.00194735120700599
2020/01/13,0.000776948011019871,-0.000288610903677217,-0.00105488388036921,0.00019506952536037,-0.00121729781877708,-0.000325681938643364,0.00209655900508663
2020/01/14,0.000874189303345059,-3.60106851571554e-05,-0.00105356979181145,-0.000678286143647177,-0.00033311335460733,0.00124612503247067,0.000144363639407383
2020/01/15,0.000975011782578741,0.000240277424013375,-0.000872756347480923,-0.00137131511929106,0.000968293126640185,0.000133795585210508,6.77705483291756e-05
2020/01/16,0.0010793443661063,0.000529215110636195,-0.000528004215364325,-0.00160218573443597,0.00138805052387822,-0.00138264182009301,0.000662291769272596
2020/01/19,0.00118710701920029,0.000818312170529435,-6.45479069030459e-05,-0.00124287862652429,0.000423666319428201,0.000101493691483351,-0.000966354667213936
2020/01/20,0.00129821068953995,0.00109414302243343,0.000448250753444179,-0.000381658397964201,-0.00104841865345794,0.0014807577842436,-0.00273011219823902
2020/01/21,0.00141255726435656,0.0013429444022136,0.000927094397772738,0.000693323159664684,-0.00156282505736997,-0.000374237142527476,-0.00223567102411014
2020/01/22,0.00153003955105096,0.00155126845080634,0.00128812702260388,0.00158919698247837,-0.000522925935185537,-0.00152998850864274,-0.00356461356311127
2020/01/23,0.00165054128241413,0.00170666104961432,0.00146137204939085,0.00195143278046556,0.00112288814714894,0.000675830178345304,-0.0081331494873791
2020/01/26,0.00177393714723495,0.00179833225843105,0.00140377669886865,0.00160288357828941,0.00174000594921654,0.00152131913259964,-0.00890399176464023
2020/01/27,0.00190009284684619,0.00181778430326791,0.00110849019510664,0.000624663134685959,0.000630571223789534,-0.000995247296877746,-0.00472013840681849
2020/01/28,0.00202886517767637,0.00175936289818009,0.000608510113983383,-0.000656579275100912,-0.00119034787841526,-0.00144781683850791,-0.000764176197815753
2020/01/29,0.00216010214006787,0.00162069983482497,-2.6301380021962e-05,-0.0017765893370325,-0.00191778412667476,0.00131942773183197,-0.000964428862995595
2020/01/30,0.00229364307496742,0.00140301870817858,-0.00069873343874806,-0.00230149184859471,-0.000746061322425551,0.00130517489825901,-0.000699051071636696
2020/02/02,0.0024293188298491,0.00111128123589261,-0.00129903178175451,-0.00199514177508163,0.00124948741734431,-0.00163380076350317,0.000987440837253284
2020/02/03,0.00256695195428866,0.000754158653944799,-0.001722756179015,-0.000921503255950672,0.00209417709297867,-0.001092153076185,-0.000993574190061468
2020/02/04,0.00270635692529798,0.000343820829391225,-0.00188879282385549,0.000561260305207169,0.000868624182083189,0.00192293086768962,-0.00369863428581368
2020/02/05,0.00284734040235546,-0.000104455357843038,-0.00175443270329344,0.00191925906630324,-0.00129907398606672,0.000810882821951456,-0.00182309624340695
2020/02/06,0.0029897015127625,-0.00057284758318369,-0.00132476324764667,0.00263518334887213,-0.00226705616523917,-0.00217125471311588,0.00105885784755078
2020/02/09,0.00313323216785256,-0.00104169974163107,-0.000654453569815082,0.00240516355515169,-0.000997251095794418,-0.000467011330457886,-0.00195282798530579
2020/02/10,0.003277717411196,-0.00149035541612373,0.000158776434978251,0.00126530767945211,0.00133798781219659,0.00236387494671888,-0.0066128808684181
2020/02/11,0.00342293579979815,-0.00189807752374585,0.000988318142214242,-0.00040407936151369,0.00243418105478098,6.9666056421123e-05,-0.00426086716795495
2020/02/12,0.00356865981884817,-0.00224501270618518,0.00169843695932114,-0.00200454666891696,0.00113069836761105,-0.0024873700799639,0.000791274309285672
2020/02/13,0.0037146563302772,-0.00251315510894237,0.00216654570927233,-0.0029344300793802,-0.00136525721656741,0.000368769568938623,0.000826939796401828
2020/02/16,0.0038606870552039,-0.00268726243027438,0.00230432227832061,-0.00281534636087623,-0.00259324144999227,0.00253057638331545,-0.000477767475697086
2020/02/17,0.00400650909000672,-0.00275567768562888,0.00207403430648618,-0.00164485085962901,-0.00126749663477468,-0.000833068179418326,0.000722553962957996
2020/02/18,0.00415187545638806,-0.0027110130787393,0.00149709001973633,0.00018596264205954,0.00138009297803038,-0.00248529660019101,-0.001797340417284
2020/02/19,0.00429653568526744,-0.00255065763181622,0.00065303119882725,0.00202251394997541,0.00274190590614262,0.001305746334452,-0.0082196394428485
2020/02/20,0.00444023643393611,-0.00227707761041472,-0.00033126254182235,0.00318149888968638,0.0014059686101027,0.00234689178512972,-0.00838696656661784
2020/02/23,0.00458272213559355,-0.00189788797371015,-0.00130073320950425,0.00320591814738169,-0.0013819216208899,-0.00176780544370784,-0.000630397035163103
2020/02/24,0.00472373568042416,-0.00142568367347867,-0.00209676572160091,0.00204488321398617,-0.0028778786501191,-0.00211471671826432,0.00215651586905266
2020/02/25,0.00486301912620994,-0.000877631116909137,-0.00258333214680003,8.75339829839575e-05,-0.00154425678654872,0.0021995926952297,-0.00143697275416571
2020/02/26,0.00500031443668061,-0.000274831932176833,-0.00267031753376961,-0.00196700959507557,0.0013704159324585,0.00179236616457184,-0.00212777147268894
2020/02/27,0.00513536424597683,0.000358517262954093,-0.00233000967121679,-0.003360404762537,0.0029989638677115,-0.00258174012358912,0.00119042018070048
2020/03/01,0.00526791264705295,0.000996134688603049,-0.00160375439162263,-0.00355624545076845,0.00168036230439142,-0.00138770848141686,0.00125241968376051
2020/03/02,0.00539770600006293,0.00161078915672294,-0.000597341128202376,-0.00244691758055082,-0.00134552150019629,0.00289613291512494,-0.00362630386296133
2020/03/03,0.00552449375677298,0.002175510762587,0.00053446001997289,-0.000406210521318693,-0.00310313788748903,0.000912694320304322,-0.00470336345082947
2020/03/04,0.00564802929535164,0.0026648205735097,0.00161194709355595,0.00183651970097146,-0.00181219695041299,-0.00312685379687599,-0.00592286191609977
2020/03/05,0.00576807076490341,0.00305592111162692,0.00245934729833505,0.00345836394672503,0.00130747667858074,-0.000382940933707386,-0.0120977688664638
2020/03/08,0.0058843819372114,0.00332979000457752,0.00293380313461004,0.00384644765066878,0.00318862698713973,0.00326104889829258,0.0477813953875
2020/03/09,0.0059967330597021,0.00347212263234372,0.00294965249543373,0.00283048599203994,0.00193764720051918,-0.000182893816435399,-0.0105389415636033
2020/03/10,0.00610490163904401,0.00347407575153922,0.00249384124166216,0.000755689164926102,-0.00125682552940387,-0.00328966265928574,-0.00238395560848188
2020/03/11,0.00620867306286004,0.00333277291256841,0.0016296963172701,-0.00163469412614411,-0.00325398867937306,0.00076392033863899,-0.000950440825820375
2020/03/12,0.00630784113720055,0.00305154378153869,0.00048817706195002,-0.00346720239143694,-0.00205464787232386,0.00320799131994876,-0.000828105036877207
2020/03/15,0.00640220859924564,0.00263988195116449,-0.000752200091462698,-0.00405927650181775,0.00119441603615183,-0.00133796587258506,0.00256478287930353
2020/03/16,0.00649158760580201,0.00211311904645706,-0.00189365145871755,-0.00317489509816969,0.00329816780087882,-0.00301601408362127,0.000144839187370612
2020/03/17,0.00657580019853117,0.00149182648349241,-0.00275108930292175,-0.00111846499973019,0.00216124036250419,0.00188260588175479,-0.00196950762363063
2020/03/18,0.00665467874686591,0.000800969386891786,-0.00318252618588322,0.00137034785668522,-0.00112136507885395,0.00271848707555599,0.00566819119873826
2020/03/19,0.00672806637308832,6.88492627055399e-05,-0.00311286417507297,0.00338438265903721,-0.00332048804040126,-0.00237622065403262,0.00910127457467578
2020/03/22,0.00679581734977387,-0.000674117573901236,-0.00254703906167556,0.00418178616025214,-0.002255600545895,-0.00232479767292954,0.00999800034437532
2020/03/23,0.00685779745549639,-0.00139673056739832,-0.00157020566352499,0.0034609758373472,0.00103900767047286,0.00279902244553122,-0.00699348817792437
2020/03/24,0.0069138842849306,-0.0020683835487565,-0.000334775705981977,0.00147522300299439,0.00332062506942274,0.00184858573220078,0.000143119165189961
2020/03/25,0.00696396751837015,-0.00266042768599699,0.000963697937178124,-0.0010568771637022,0.00233606239780759,-0.00313399975946265,-0.00115726324419404
2020/03/26,0.00700794916161294,-0.00314745529767656,0.00211792403794559,-0.00321320770570468,-0.00094885175706734,-0.00130715052534171,0.00141031808623177
2020/03/29,0.00704574375829398,-0.0035084444383228,0.00294245085820863,-0.00420618320157537,-0.00329859019269795,0.00336773044302148,0.00186488877307202
2020/03/30,0.00707727858842028,-0.00372771042681468,0.00330390434067032,-0.00367230459931736,-0.00240114444667632,0.000720673852855378,0.00153894769086238
2020/03/31,0.00710249386089635,-0.0037956194108962,0.00314288649601662,-0.00180607118506453,0.000852544573843714,-0.00349102140358008,0.000720860068784122
2020/04/01,0.00712134289559303,-0.00370903019250199,0.00248388611805059,0.000711391015131638,0.00325473163199647,-0.000111297583223114,0.0132719031149534
2020/04/02,0.00713379229554395,-0.0034714432920103,0.00143152244763395,0.00296260805212002,0.0024495880473183,0.00349934100111824,-0.00444461455172416
2020/04/05,0.007139822090543,-0.00309285004184505,0.000153699946243404,0.00413036701563731,-0.000751836403921535,-0.000497897012924427,0.0090572784062673
2020/04/06,0.0071394258194982,-0.00258928862968507,-0.00114557857189924,0.00379634490593717,-0.00318973997607745,-0.0033930212817682,0.00140810373399459
2020/04/07,0.00713261055582777,-0.0019821277007721,-0.00225927686945537,0.00209191794292317,-0.00248040328201859,0.00108395381133795,-0.000313636457842828
2020/04/08,0.00711939688687497,-0.00129711087375612,-0.00301083065212691,-0.000353558975887383,0.000648537140875921,0.00317722076981822,0.00193272270420131
2020/04/12,0.00709981887122988,-0.000563206688313211,-0.00328258840769316,-0.00264661403021482,0.00310464748088304,-0.00162509475198818,0.00194012652609645
2020/04/13,0.00707392398077032,0.000188682393362823,-0.00303453343663604,-0.00395822519717038,0.00249290973458672,-0.00286165132574245,0.001969754850829
2020/04/14,0.00704177301913736,0.000927091774312051,-0.0023102572477967,-0.00382549397403991,-0.000544470038501486,0.00210171008013222,-0.000245754613243537
2020/04/15,0.00700344002381265,0.00162138355616767,-0.00122927780010934,-0.00231594690976232,-0.00300081264653832,0.00246008322302224,-0.00222301444659258
2020/04/16,0.00695901215789729,0.00224308812878515,3.29400561997401e-05,4.18225473021996e-06,-0.00248676016272559,-0.00249723546802611,-0.00131427696686071
2020/04/19,0.00690858959117783,0.00276713675994375,0.00127388100860591,0.0022834540841241,0.000441433320398675,-0.00198965355786512,-0.00674440920638514
2020/04/20,0.00685228536778941,0.00317292893713853,0.00229696671143129,0.00369959892036882,0.00287990343511706,0.00279887013515557,0.0281214324929993
2020/04/21,0.00679022525481057,0.00344518641740683,0.00294318029589729,0.00375799512864067,0.00246196194605965,0.00147001477778187,0.0136425501794031
2020/04/22,0.00672254752264875,0.0035745563871524,0.00311616104303876,0.00246524370794736,-0.000341161968051089,-0.00299809915687709,0.000139256464140911
2020/04/23,0.00664940256979816,0.00355793843150013,0.00279674705635514,0.000316647190128173,-0.00274388311689282,-0.000922368898802427,-0.00230884123208636
2020/04/26,0.00657095240369965,0.00339852374878155,0.00204474418695113,-0.00189411428359217,-0.00241890351120992,0.00309099133218429,0.00927036912318546
2020/04/27,0.00648737004567704,0.00310554912864596,0.000987843483951267,-0.00336975118694585,0.000245282634153018,0.000368439774473047,-0.00172572887995448
2020/04/28,0.00639883888285369,0.0026937817480394,-0.000200268452042635,-0.0035985199308229,0.00259497745970035,-0.00307825514096179,0.000388855433233894
2020/04/29,0.00630555196142423,0.00218276337055713,-0.0013288167828451,-0.0025323159880432,0.00235835544446125,0.000170558769671154,-0.000146862775225465
2020/04/30,0.00620771124436248,0.00159585354740123,-0.0022209915076515,-0.00059152703193657,-0.000155263522068079,0.0029650555603886,-0.00306416229049616
2020/05/03,0.00610552685022854,0.00095912023171939,-0.00274202341133787,0.00150048986648782,-0.00243559239787797,-0.000674898474570919,0.001097029335351
2020/05/04,0.00599921627522946,0.000300132471041276,-0.00281976542268901,0.00298816539554951,-0.00228142159928567,-0.00276060833039183,0.00150293121054626
2020/05/05,0.00588900360620075,-0.000353286666106948,-0.00245460355926299,0.00335793279700144,7.23785697870303e-05,0.00112720193412118,-0.00201465268174046
2020/05/06,0.00577511873184847,-0.000974288196972853,-0.00171735801723171,0.00251590680933369,0.0022682269759333,0.00247758287463645,-0.00682529317754734
2020/05/07,0.00565779655545134,-0.00153814993271713,-0.000735846853221621,0.000807448753790997,0.00218948569741017,-0.00151315383508802,-0.00246423338562574
2020/05/10,0.00553727620810876,-0.00202330233835536,0.000327368814576712,-0.00112317891964276,2.31835191336992e-06,-0.00213135507762478,0.00262949596102405
2020/05/11,0.00541380026810374,-0.00241218342773647,0.00130216224213614,-0.00257640125548598,-0.00209539927440185,0.00182202635461227,0.000212264092772148
2020/05/12,0.00528761399199171,-0.00269188786763371,0.00203835460824308,-0.00305181131578878,-0.00208415910797139,0.00173915713602327,0.000639757555135807
2020/05/13,0.00515896456015913,-0.00285458619980228,0.00242906873935124,-0.00242061948305958,-6.80085238636425e-05,-0.00204699884749674,0.00146865575471187
2020/05/14,0.00502810034106922,-0.002897701685775,0.00242625968537115,-0.000956632472591734,0.0019195816162825,-0.00131917530689233,-0.0023815811774638
2020/05/17,0.00489527017699167,-0.00282384415046155,0.0020461705539536,0.000779718700515939,0.00196722835671177,0.00218526512972465,-0.00731418876743608
2020/05/18,0.00476072269268293,-0.00264051174858242,0.00136419783634919,0.00215597252194774,0.000124115200300834,0.000889646541893093,-0.00515398004459137
2020/05/19,0.00462470562823969,-0.0023595822393469,0.000500409389293764,0.00269862616034844,-0.00174314472453956,-0.00223793395082829,-0.000452896263167145
2020/05/20,0.00448746519736597,-0.00199662463191892,-0.000401554149970795,0.00225593534892578,-0.00184060380480087,-0.000468001856937292,-0.00108100410266386
2020/05/21,0.00434924547299159,-0.00157006954314948,-0.00119848565507437,0.00103663449720728,-0.000170302105498951,0.00220973918939153,-0.0021521518558676
2020/05/24,0.00421028780218936,-0.00110028198179534,-0.00177049176705935,-0.000483480491574643,0.00156831155524143,7.00989807303706e-05,-0.00155186009773183
2020/05/25,0.00407083025019812,-0.000608583345965492,-0.00203906999375023,-0.00174663426097414,0.00170626996872102,-0.00210858569383322,0.00162178207560394
2020/05/26,0.00393110707202784,-0.000116270111231616,-0.00197765617742816,-0.00231797590421183,0.00020646456499394,0.000290420501969869,0.00113953705387996
2020/05/27,0.00379134821400833,0.00035632496324073,-0.00161327670357895,-0.00203494036569191,-0.00139712012214218,0.00194496413434393,0.000832715879820046
2020/05/28,0.00365177884665123,0.000790687091432876,-0.00101946577522983,-0.00104993374486629,-0.00156623835260341,-0.000602623071501405,0.00153204600611683
2020/05/31,0.00351261892770612,0.00117085286543543,-0.000302036769243653,0.000243136002535347,-0.000232715139824346,-0.00173127334638868,-0.00126177554022022
2020/06/01,0.00337408279364368,0.00148399374994386,0.000419606259537165,0.00136510915041052,0.00123139427866782,0.000858607493047149,-0.00805878972525019
2020/06/02,0.00323637877937489,0.00172082899778221,0.00103233329250087,0.00192899708691476,0.00142250365364408,0.0014810915925721,-0.00905115640278891
2020/06/03,0.00309970886746176,0.00187585637634293,0.00144702336660403,0.00177291894054498,0.000249365071673502,-0.00105365486080052,-0.00670882376182668
2020/06/04,0.00296426836746389,0.00194739833996853,0.00161139216370445,0.00100312889956213,-0.0010727227954957,-0.00120843831316758,-0.00451663766203572
2020/06/07,0.00283024562426403,0.00193747025049713,0.00151609658559432,-6.26412045236892e-05,-0.00127700467082321,0.00118620798362047,-0.00458533956862905
2020/06/08,0.00269782175626297,0.00185148551194855,0.00119351291976725,-0.00102429568029393,-0.000256901941949035,0.000927065773734836,-0.00432756933947063
2020/06/09,0.00256717042298573,0.00169781965288342,0.000709830598468345,-0.00154907386734417,0.000922447373394417,-0.00125769254144209,-0.00225356963894565
2020/06/10,0.00243845762008665,0.00148726115681937,0.000152171062437035,-0.00148598167605699,0.00113159092869115,-0.000649815702739933,-0.00151697738923728
2020/06/11,0.00231184150149328,0.00123238098675025,-0.00038683884647646,-0.000905908094453928,0.000255965079189166,0.00127220006261199,-0.0015918986891143
2020/06/14,0.0021874722281523,0.000946855128519952,-0.000824338771004362,-5.83766623003372e-05,-0.000781657712512035,0.000388070399971261,-0.000162364610826781
2020/06/15,0.00206549184055372,0.000644775048153957,-0.00109984978727757,0.00073292039133625,-0.000987994316936064,-0.00123605901343686,0.00160935283760658
2020/06/16,0.00194603415261629,0.000339979780749396,-0.00118333565411839,0.00119289329875818,-0.000247320005758425,-0.000151320783588819,-0.000778743788658228
2020/06/17,0.0018292246665372,4.54405781839226e-05,-0.00107769937403633,0.00118983859953888,0.000651192034960487,0.0011573247597777,-0.00317161226496186
2020/06/18,0.00171518050874907,-0.000227275154439981,-0.000815702634851373,0.000769928068126732,0.000847805294631314,-5.31340882378104e-05,-0.00121484899397795
2020/06/21,0.00160401038792572,-0.000468439231429347,-0.000452230192855842,0.000123943776021774,0.000231831959849385,-0.00104522149275457,0.000578478793242891
2020/06/22,0.00149581457553693,-0.000670482105440474,-5.3536545646751e-05,-0.000495577811895387,-0.000531642864989185,0.000220349869167051,0.00102701888326781
2020/06/23,0.00139068490805058,-0.000828187670240914,0.000314499597534531,-0.000871862023265874,-0.000712452893163456,0.000909569659022334,0.0011339944220628
2020/06/24,0.00128870481013595,-0.000938761482505297,0.00059707132616418,-0.00089879605281518,-0.000210437660379955,-0.000347763976437071,0.00177118003583737
2020/06/25,0.0011899493370713,-0.00100177688983752,0.000758381724859411,-0.000607717138270689,0.000423368867520793,-0.000760230593241743,0.000652418691898442
2020/06/28,0.00109448523436241,-0.00101900943583964,0.000785717591609968,-0.000140892142644562,0.000583190111481151,0.000435096039734976,-0.000951436398704303
2020/06/29,0.00100237101401126,-0.00099417495348502,0.00068929911435438,0.000313075547072643,0.000184117410436981,0.000606596636882834,-0.00120081876927308
2020/06/30,0.00091365704778785,-0.000932590743381214,0.000498298546092587,0.000593862211413914,-0.000326511448384832,-0.000484137086457177,0.000852597472928872
2020/07/01,0.000828385676990424,-0.000840782014597836,0.000254047516614761,0.000625024093346023,-0.000461084988014083,-0.000457150439477093,0.000531209155137803
2020/07/02,0.000746591337635418,-0.000726057255919178,1.85280356410316e-06,0.000431702796192584,-0.00015386917112429,0.000498447757759278,-0.000597161268107916
2020/07/05,0.000668300699764082,-0.000596076391157012,-0.000217039428852695,0.000117960371997971,0.000241014514253993,0.000319111634777367,-0.000143005400783707
2020/07/06,0.000593532821144526,-0.000458434507133922,-0.000371951043172372,-0.000182982889572227,0.00034701719409845,-0.000482989241113558,0.000913016665749104
2020/07/07,0.000522299315443405,-0.000320281752042543,-0.000446762056941151,-0.000363291691484922,0.000120685815609461,-0.00019818284632975,0.000982148215745501
2020/07/08,0.000454604533833245,-0.000187996854889254,-0.000440929097922281,-0.000378093430579769,-0.000166645800340985,0.000443712562790099,0.000753766087108943
2020/07/09,0.000390445759026797,-6.69278222038462e-05,-0.000367649186102285,-0.000253406177249938,-0.000241678790200902,9.84005098620773e-05,0.000930488706868097
2020/07/12,0.000329813410788506,3.87910301613721e-05,-0.000249788300377585,-6.49074092830012e-05,-8.5534755410383e-05,-0.000387132058877346,0.000893932082998437
2020/07/13,0.000272691261579572,0.00012634119576073,-0.000114542002444605,0.000100318605412289,0.000103019683700983,-2.20897876392378e-05,0.00010349704363027
2020/07/14,0.000219056661224307,0.000194241363516594,1.20628729485112e-05,0.000181343591916639,0.000145578357124306,0.000319907604459676,-0.000558499451190034
2020/07/15,0.000168880769570946,0.000242292558511716,0.000109790849897066,0.000164770934625203,4.93394585373592e-05,-3.00828007929147e-05,-0.000497847770349376
2020/07/16,0.000122128796119479,0.00027145541464825,0.000167170288302695,8.28323136189382e-05,-4.96211599360262e-05,-0.000248457742954756,-8.30619097985805e-05
2020/07/19,7.87602460244527e-05,0.000283671179815978,0.000182424525604409,-8.29724089866134e-06,-5.90483161028952e-05,5.89702568105656e-05,-0.000299692651253848
2020/07/20,3.87291723029727e-05,0.000281640470298653,0.000162395887580112,-5.82978624786567e-05,-1.29635591889316e-05,0.000178622401387473,-0.000226523509901622
2020/07/21,1.98443355510185e-06,0.000268575307972735,0.000119880925721261,-4.64556375350776e-05,5.83009191120086e-06,-6.67345732291996e-05,2.2010451603978e-05
2020/07/22,-3.15300437244466e-05,0.000247940556513201,7.00682781490565e-05,1.09611439206766e-05,-1.77446437940647e-05,-0.000115389599737816,0.000246920308673393
2020/07/23,-6.18749993001081e-05,0.000223200536261938,2.68882542373248e-05,7.19318421137388e-05,-2.2801565085611e-05,5.65826591797139e-05,0.000105097272593003
2020/07/26,-8.91155706927273e-05,0.000197585405384186,3.37784652677293e-08,9.21540075002893e-05,2.90554859614943e-05,6.26958514577091e-05,0.000287098041923781
2020/07/27,-0.000113321023008693,0.000173889952786071,-6.78346627631272e-06,4.90646941871497e-05,8.47868224908804e-05,-3.24681367876165e-05,0.000109737156608522
2020/07/28,-0.000134564478061957,0.000154314898185096,3.92765781859681e-06,-4.51408115065518e-05,5.72457775981338e-05,-2.33050205573871e-05,0.00021965797652407
2020/07/29,-0.000152922643645291,0.000140357804435913,2.46430113232052e-05,-0.000147708410768009,-5.57976599512139e-05,-1.22128157195978e-06,0.000920534180177356
2020/07/30,-0.000168475543072102,0.000132757461279302,4.51158092619513e-05,-0.000204923587208386,-0.000142203495936566,-1.23439547944687e-06,0.000763928751155247
2020/08/02,-0.000181306245770839,0.000131492284930796,5.51913720963712e-05,-0.000178162714641848,-8.97465651620267e-05,3.99719602530051e-05,0.000578209908294542
2020/08/03,-0.000191500600307293,0.000135830083475468,4.74966605282061e-05,-6.43647696829762e-05,7.51984683527362e-05,1.0558025624421e-05,0.000330698132009437
2020/08/04,-0.00019914697017754,0.000144423638837364,1.94114518619956e-05,9.8824081696531e-05,0.000190244222199901,-7.94310242863058e-05,0.000310363599868054
2020/08/05,-0.000204335972467668,0.00015544409667945,-2.6098367732759e-05,0.000246331222050172,0.000119773414638029,-5.38861994768686e-06,0.000140025226780462
2020/08/06,-0.000207160219961449,0.000166742254560849,-8.09514581597291e-05,0.000312331785742252,-8.80810834279651e-05,0.000115657153431592,0.00016883056781445
2020/08/09,-0.000207714067382532,0.000176026581597561,-0.000133612067587401,0.000259188670250714,-0.0002292675265354,-1.26155171054307e-05,0.000426453926762489
2020/08/10,-0.00020609336220909,0.000181046234337479,-0.000171578964740893,9.61209243054797e-05,-0.000146890065800804,-0.000145324220153771,0.000736447454261599
2020/08/11,-0.000202395200202259,0.000179767457403048,-0.000184170383073908,-0.000120989302745996,9.52726220813609e-05,4.10532679061445e-05,0.00044671253863161
2020/08/12,-0.000196717685831805,0.000170532539004067,-0.000165014974058678,-0.000309525577671787,0.000259724995776075,0.000165870117697739,0.00029654058508439
2020/08/13,-0.000189159697870197,0.000152191862521057,-0.000113720856594268,-0.000392380146772276,0.00017075437026117,-7.69999456022276e-05,0.000689179414056741
2020/08/16,-0.000179820660328156,0.000124201458457373,-3.63623530085023e-05,-0.000329674880065347,-9.75889435044258e-05,-0.000175586876529699,0.000887796254978757
2020/08/17,-0.000168800318853209,8.66806949954285e-05,5.53380713883424e-05,-0.000136893639320561,-0.000282145119468118,0.000117238075910976,0.000576755235347141
2020/08/18,-0.000156198522851694,4.04272137877059e-05,0.000145994667155443,0.000118497631031652,-0.00019111580755859,0.000173651869705727,0.000103612948729757
2020/08/19,-0.000142115013515941,-1.31112227056953e-05,0.000219340223480034,0.00034136329433433,9.58219296327242e-05,-0.000158485307866542,-4.21790335891062e-06
2020/08/20,-0.000126649218080315,-7.19057992871367e-05,0.000261276455424532,0.000445103361527353,0.000297117706223685,-0.000160103297672497,-0.000349480208135621
2020/08/23,-0.000109900050597284,-0.000133452139922424,0.000262608952804369,0.000385717523081954,0.000207811376516757,0.000197606389671336,-0.000602674051554708
2020/08/24,-9.19657196193249e-05,-0.000194905723542179,0.000220939491246476,0.00018022031377804,-9.07289427221521e-05,0.000135766086111395,0.000122696494747746
2020/08/25,-7.29435428362994e-05,-0.000253239126333456,0.000141345594032314,-9.81924184721626e-05,-0.000305279147491374,-0.000231798119076246,0.00101954676017722
2020/08/26,-5.29297686680968e-05,-0.000305411884178566,3.57036981711613e-05,-0.000346824979499685,-0.000220760587119736,-0.000102136716531706,0.00132603823782663
2020/08/27,-3.20194049078678e-05,-0.000348543196076261,-7.92353144427683e-05,-0.000472046774443891,8.30238067829257e-05,0.000258738661597742,0.00078573222149012
2020/08/30,-1.03060545455876e-05,-0.000380077669498065,-0.000184678633964079,-0.00042502282327038,0.000307298347415903,6.12371920335271e-05,0.000838313641828682
2020/08/31,1.21182410808779e-05,-0.000397934828399774,-0.000263025895912634,-0.000220833531768901,0.000229959644734942,-0.000276695369416513,0.001123888739682
2020/09/01,3.51631518790663e-05,-0.000400634121398994,-0.000300926769435241,6.64996669871121e-05,-7.33692822552633e-05,-1.5449314904211e-05,0.00109863766912753
2020/09/02,5.87402014003469e-05,-0.000387388614258558,-0.00029161681055025,0.000331354532049338,-0.000303863236208641,0.000284588129224726,0.000841807798343038
2020/09/03,8.27629017588255e-05,-0.000358162338273692,-0.000236118717224332,0.000475919735030952,-0.000235474470404466,-3.26592729733052e-05,0.000868141162086018
2020/09/06,0.000107146880491567,-0.000313688288810826,-0.000143101030271976,0.000446766555972368,6.23715245204025e-05,-0.000282008117422003,0.000636380475520467
2020/09/07,0.000131809998810281,-0.000255446211390529,-2.74257731838057e-05,0.000254763426829563,0.000295668290934755,8.05062723398533e-05,0.000377947995659882
2020/09/08,0.000156672461106751,-0.00018560145992736,9.23531640209009e-05,-2.9125764830506e-05,0.000237432858070893,0.000269194458491988,0.000409472283067333
2020/09/09,0.000181656915464665,-0.000106908252039382,0.000197098926734452,-0.0003004625607439,-5.05766187994195e-05,-0.000125653161268703,0.000753453750652286
2020/09/10,0.000206688544465505,-2.25824754787745e-05,0.000270266905220161,-0.000460236284595502,-0.000283403816455539,-0.000246973558560862,0.00102594468540501
2020/09/13,0.000231695146211433,6.38492749346395e-05,0.000300603131935634,-0.000451386120083186,-0.000236016756076757,0.000165942439503911,0.000357404883574325
2020/09/14,0.000256607206566141,0.000148716599118011,0.000283915499903261,-0.000279341890684448,3.84686786267155e-05,0.000216667741790419,-0.0001441548353201
2020/09/15,0.000281357963299043,0.000228379571218329,0.000223636326953317,-9.14913987303855e-06,0.000267746957023276,-0.000199607106130189,-0.000320907572490736
2020/09/16,0.000305883462435808,0.000299401557293518,0.000130108170978839,0.000259391307735729,0.000231454817226936,-0.000179981097986624,-0.000497270217684206
2020/09/17,0.000330122606882874,0.000358711911397858,1.87441496218105e-05,0.000428963424364306,-2.64689124175057e-05,0.00022534802631401,-0.000850989206163353
2020/09/20,0.000354017197478752,0.000403750510401498,-9.25990148750124e-05,0.000440324500301199,-0.000249353243751813,0.000138871265206844,-0.000155090214761467
2020/09/21,0.000377511966566294,0.000432587107029043,-0.000186573832136283,0.000293119397829957,-0.000224014230987754,-0.000242377104309679,0.000186411696008423
2020/09/22,0.00040055460404243,0.000444009838590845,-0.000249119170853714,4.45799939372383e-05,1.49359105589846e-05,-9.54159818447904e-05,0.000196003805569006
2020/09/23,0.000423095775535264,0.00043757884953003,-0.000271606882547515,-0.000212855841866457,0.000228848806034507,0.00025042639762068,-0.000275605104306509
2020/09/24,0.000445089132966052,0.000413642782614083,-0.000252025635555838,-0.000386199451127133,0.000213992165363551,5.16828491055388e-05,2.30081566337457e-05
2020/09/27,0.000466491317808199,0.000373317768519016,-0.000195043893570929,-0.000415748452154428,-4.16727377419781e-06,-0.000249725323775484,0.000378110856947824
2020/09/28,0.000487261957669406,0.000318430400961036,-0.000110987894279712,-0.000295708664444334,-0.000206824047489584,-9.60985692937085e-06,0.000393536104512558
2020/09/29,0.000507363656902589,0.000251427930642895,-1.39500241625232e-05,-7.44686751384657e-05,-0.000201707505530036,0.000240949856513021,-0.00015071323922748
2020/09/30,0.000526761981735398,0.000175260461295529,8.06219591889883e-05,0.000164875690030951,-5.59734797996668e-06,-2.90969267442543e-05,-0.000174340817526645
2020/10/01,0.000545425439815327,9.3241213103496e-05,0.000158434880009315,0.000335909072672761,0.000183829391030977,-0.000225148974205554,1.70659775736777e-05
2020/10/04,0.000563325454106592,8.89187801416251e-06,0.00020854402130262,0.000380274562885034,0.000187493705196468,6.30436830251601e-05,-0.000774203304530037
2020/10/05,0.000580436330659909,-7.42193131487868e-05,0.000224890100630273,0.000287587885710657,1.41728408069721e-05,0.000203654618583756,-0.000661257463242781
2020/10/06,0.000596735220006565,-0.00015263897960769,0.000206966274565839,9.7102486923513e-05,-0.000160372200088414,-9.12040632385909e-05,3.36622614387783e-05
2020/10/07,0.000612202073207532,-0.000223181776770658,0.000159558451526185,-0.000118687881849363,-0.000171692649899006,-0.00017798196272188,0.000267545746507191
2020/10/08,0.000626819593505733,-0.000283068268254201,9.16588128367935e-05,-0.000281721596478995,-2.14254542570603e-05,0.000112948012336294,0.000156916900311435
2020/10/11,0.000640573184207095,-0.000330041258187163,1.47826032366578e-05,-0.000336720443361346,0.000136914187403757,0.000149726845578974,0.000336682881122026
2020/10/12,0.000653450893521975,-0.000362455530215386,-5.89985927532183e-05,-0.000269884596949667,0.000154649169882411,-0.000128044585862801,0.000370598242376687
2020/10/13,0.000665443356501869,-0.000379337335233309,-0.000118968859779137,-0.000111636979136355,2.72699887909971e-05,-0.000120466723826389,0.000332711552682324
2020/10/14,0.000676543734102063,-0.000380411512337702,-0.000157320494048848,7.67325381781155e-05,-0.000113868667172048,0.000136640691990498,0.000279856709287923
2020/10/15,0.00068674765003521,-0.000366095736273924,-0.000170124494876957,0.000226795268898717,-0.000136705181025601,9.1670796371156e-05,1.19636968713988e-05
2020/10/18,0.00069605312585913,-0.000337462981196884,-0.000157609731311218,0.000287896652813814,-3.16662335348476e-05,-0.000139218918277277,4.88020856472825e-05
2020/10/19,0.000704460514247102,-0.000296174794837996,-0.000123764262580451,0.000244165657346537,9.15984739480096e-05,-6.46239944600599e-05,-0.000159186593663142
2020/10/20,0.000711972430841563,-0.000244389314661913,-7.53827515781342e-05,0.000117952397948315,0.000118193881281194,0.000136538609852282,-0.000375686253683306
2020/10/21,0.000718593684949548,-0.000184649069177895,-2.07641566722011e-05,-4.06860834165321e-05,3.46148758462809e-05,4.03683945897737e-05,-0.000211045646118974
2020/10/22,0.00072433120920401,-0.00011975444383882,3.16973231370449e-05,-0.000173734261917529,-7.04147095823921e-05,-0.000129565075315369,0.000139899958313056
2020/10/25,0.000729193988366376,-5.2629217740226e-05,7.4790824363946e-05,-0.000236439570837802,-9.94346882990838e-05,-1.96643007987688e-05,0.000168305964945558
2020/10/26,0.000733192987476589,1.38152226195996e-05,0.000103445004513052,-0.000212243410233766,-3.61534348458262e-05,0.000119392217594553,-0.000322413587124201
2020/10/27,0.000736341079203593,7.68105136404474e-05,0.000115243314052571,-0.000116495686557333,5.05763137691965e-05,2.97184903584158e-06,-0.000339512383144317
2020/10/28,0.00073865297021496,0.000133850751625787,0.000110465895504275,1.15359405782814e-05,8.07290208109684e-05,-0.000107163888165847,5.3296309431575e-05
2020/10/29,0.000740145126699113,0.000182795425342491,9.17081551218537e-05,0.000124561543203258,3.63523531836138e-05,9.54736177903121e-06,-0.000245123965329361
2020/11/01,0.000740835698474153,0.000221951498849932,6.31909152273444e-05,0.000184696671839673,-3.22899469525341e-05,9.39989568563946e-05,0.000862472205705037
2020/11/02,0.000740744440540044,0.000250131453294652,2.99146973231547e-05,0.000176013833839665,-6.23563586809736e-05,-1.80103234174338e-05,-4.00217428991093e-05
2020/11/03,0.000739892630751349,0.000266685377188166,-3.18264790768273e-06,0.000108124119343126,-3.53111493610435e-05,-8.09244918469032e-05,0.000343020161832989
2020/11/04,0.000738302982072704,0.000271506534473428,-3.1927838213055e-05,1.03163505291653e-05,1.57099553949612e-05,2.27771225889171e-05,-0.000365467106846121
2020/11/05,0.000735999550563288,0.000265011171948665,-5.33800652981884e-05,-8.07403067515842e-05,4.457022396407e-05,6.8820525191213e-05,-0.000212232099617463
2020/11/08,0.000733007640239925,0.000248094573264051,-6.60260741314968e-05,-0.000134664827382783,3.31539260774282e-05,-2.44033661690382e-05,0.000807272128101913
2020/11/09,0.000729353706189821,0.000222066466928658,-6.97179086231913e-05,-0.000137336256805743,-9.39449359807999e-07,-5.83787832202224e-05,7.12122489048548e-06
2020/11/10,0.000725065255795381,0.000188569796297462,-6.54126144096189e-05,-9.39681659478334e-05,-2.75947337246169e-05,2.35844689818567e-05,-8.25850069926305e-05
2020/11/11,0.000720170747232193,0.000149487526331789,-5.4799362650223e-05,-2.49465309166258e-05,-3.00237879740982e-05,5.00769797482849e-05,-6.95245717713197e-05
2020/11/12,0.000714699486731632,0.000106842572701328,-3.99050924937158e-05,4.32194152475567e-05,-1.19661680746696e-05,-2.10960109767255e-05,-0.000384919203135406
2020/11/15,0.00070868152568854,6.26960712128259e-05,-2.2756341625115e-05,8.79599609879802e-05,1.16232318135801e-05,-4.41689758039573e-05,-0.000280987472273854
2020/11/16,0.000702147558037422,1.90490664167106e-05,-5.14757686846777e-06,9.7941028888458e-05,2.60776902065551e-05,1.77343401024118e-05,-0.00035671710678309
2020/11/17,0.000695128818740456,-2.22476925042774e-05,1.14674857435712e-05,7.53127925518479e-05,2.29948910059873e-05,4.06900113897268e-05,-0.000376734306927312
2020/11/18,0.000687656983663722,-5.95717764880675e-05,2.59772763081769e-05,3.28070467962427e-05,3.18237531175362e-06,-1.42610172116005e-05,-0.000325504888380227
2020/11/19,0.000679764071084233,-9.15916486459365e-05,3.75457747091923e-05,-1.24790336807214e-05,-2.14813525210246e-05,-3.94753995838727e-05,-0.000271531411361871
2020/11/22,0.000671482345231989,-0.000117311444065456,4.5527706155519e-05,-4.57918233340857e-05,-3.21734652615907e-05,1.1354197384124e-05,-0.0001451495161105
2020/11/23,0.000662844222392066,-0.000136096634163621,4.94114909353022e-05,-5.93428390007588e-05,-1.66917328980098e-05,4.01904789533275e-05,-0.000168898986218306
2020/11/24,0.000653882179845847,-0.000147680296019177,4.88198986025315e-05,-5.34786968650902e-05,1.64046481361638e-05,-9.56943624554106e-06,-4.51642974547333e-05
2020/11/25,0.000644628667653965,-0.000152150721351704,4.35749583087861e-05,-3.46140493069859e-05,3.95627104747882e-05,-4.23690587940799e-05,-0.000199249506984769
2020/11/26,0.000635116023233903,-0.000149922031168505,3.38091782617125e-05,-1.13959320943636e-05,2.8805819415398e-05,9.31165729006982e-06,-0.000226599714938214
2020/11/29,0.000625376388812438,-0.000141690264024857,2.00858289259597e-05,8.9777908809496e-06,-1.101702499134e-05,4.54572751862148e-05,4.39090052106347e-05
2020/11/30,0.000615441632065317,-0.000128378040684449,3.48185181520862e-06,2.27934822569233e-05,-4.52524793967173e-05,-1.08191869619621e-05,-4.93702590943207e-05
2020/12/01,0.000605343269897376,-0.000111071349387091,-1.44096855121068e-05,2.97310206445078e-05,-3.94562722849499e-05,-4.8859656910327e-05,-1.57703264474089e-05
2020/12/02,0.000595112394951327,-9.09522269009274e-05,-3.15852711430085e-05,3.12418556872986e-05,5.48321760680043e-06,1.41599548904891e-05,-1.6137925091979e-05
2020/12/03,0.000584779605074049,-6.92311261455821e-05,-4.58483511411336e-05,2.86291810450048e-05,4.93564824986351e-05,5.19842830785491e-05,-0.000145449074409522
2020/12/06,0.000574374935839162,-4.70825734385539e-05,-5.51146461134671e-05,2.20152244103066e-05,4.86040116128171e-05,-1.92391458735432e-05,-0.000265006806436722
2020/12/07,0.000563927796028992,-2.55873459821078e-05,-5.77571663676288e-05,1.07314935775181e-05,4.01543117103677e-08,-5.42841942520128e-05,-0.000136554737316471
2020/12/08,0.000553466906294733,-5.68387085125656e-06,-5.29270467959973e-05,-5.21822881758667e-06,-5.20074112389251e-05,2.58169012943076e-05,-4.82024988527447e-06
2020/12/09,0.000543020241487269,1.18691023300248e-05,-4.07834074868169e-05,-2.36361901289463e-05,-5.62372327950808e-05,5.52927386994768e-05,-0.000188058252105927
2020/12/10,0.0005326149766027,2.65172298163318e-05,-2.25766323410042e-05,-3.96695099346045e-05,-5.40697252765305e-06,-3.35341355452845e-05,-0.000140751956070485
2020/12/13,0.000522277436141237,3.79221426839714e-05,-5.53126831940606e-07,-4.70166855927652e-05,5.33527122692639e-05,-5.46510793662265e-05,-0.00014613239930354
2020/12/14,0.000512033047040582,4.5960055415679e-05,2.23185073844036e-05,-4.05234811536598e-05,6.23695399218689e-05,4.19442043389387e-05,-0.000382476872947812
2020/12/15,0.000501906295267387,5.07083252112471e-05,4.27659417167997e-05,-1.90636007397099e-05,1.04838346881672e-05,5.21267455757179e-05,-0.000368851541719609
2020/12/16,0.000491920686000333,5.24215008519526e-05,5.77128570329789e-05,1.27477510215815e-05,-5.35507097321448e-05,-5.05479800179313e-05,-0.00031169210515677
2020/12/17,0.000482098707589266,5.14989129298516e-05,6.47776568919852e-05,4.51172278889624e-05,-6.70383148335923e-05,-4.76227454935876e-05,-0.000309356444972885
2020/12/20,0.000472461799353094,4.84462299170932e-05,6.26845149812794e-05,6.60963897665509e-05,-1.51521682234042e-05,5.88298962972654e-05,5.31293379081217e-05
2020/12/21,0.000463030323312538,4.3833621933529e-05,5.15116350983917e-05,6.61198898134166e-05,5.27668128275246e-05,4.11773684500586e-05,-0.000299007651435458
2020/12/22,0.000453823539298958,3.82532289662783e-05,3.27272977982383e-05,4.22899276954572e-05,7.03027821246191e-05,-6.62926310296652e-05,-0.000211362144853885
2020/12/23,0.000444859582524558,3.22785283548433e-05,8.99973772004338e-06,5.18453713213497e-07,1.93100100060961e-05,-3.29553386025939e-05,-0.000216040973716161
2020/12/27,0.000436155443802644,2.64279517126687e-05,-1.61941546724106e-05,-4.56602700868439e-05,-5.11695628785933e-05,7.24883026592761e-05,-6.52171053674094e-06
2020/12/28,0.000427726952903724,2.11347297176808e-05,-3.91009071875808e-05,-7.95085592518047e-05,-7.22415602574909e-05,2.32315128515108e-05,-5.10321687760396e-05
2020/12/29,0.000419588765092193,1.67244707646492e-05,-5.62774814150953e-05,-8.72731064035691e-05,-2.28734247767826e-05,-7.70444215073397e-05,4.60081982459445e-05
2020/12/30,0.00041175435073953,1.34014399336989e-05,-6.51365842270469e-05,-6.38091356411727e-05,4.89267414034657e-05,-1.23687216487611e-05,-0.000140930090559713
2021/01/03,0.000404235988144556,1.1243932403854e-05,-6.43594859145265e-05,-1.53337754637601e-05,7.29501682302923e-05,7.96833760762302e-05,0.000479569796523355
2021/01/04,0.000397044759681852,1.0208563457657e-05,-5.41071499959566e-05,4.20258861756177e-05,2.57778128889482e-05,7.91611178897124e-07,0.000149548516612984
2021/01/05,0.000390190550527555,1.01427576599351e-05,-3.59940816224437e-05,8.76416116483796e-05,-4.62017029007341e-05,-8.02347181700995e-05,0.000356895582857407
2021/01/06,0.000383682048600516,1.08042450481356e-05,-1.28290514653417e-05,0.000103913291262896,-7.2538615182655e-05,1.10415694158121e-05,-0.000100462487679363
2021/01/07,0.000377526745669896,1.18859897746888e-05,1.18341704343135e-05,8.31285422935267e-05,-2.79789567734762e-05,7.86399940249399e-05,-0.000257658485423889
2021/01/10,0.000371730940045574,1.30446999463281e-05,3.42614601961495e-05,3.09581784119381e-05,4.31499441323879e-05,-2.26672977724253e-05,-0.000167240924959953
2021/01/11,0.000366299741518799,1.39309087087825e-05,5.11251530053319e-05,-3.49467934683201e-05,7.11287402615284e-05,-7.4950357729394e-05,-0.000153044392296727
2021/01/12,0.000361237078972705,1.42185810353572e-05,6.0017162367118e-05,-9.09735900995223e-05,2.94535842982944e-05,3.36434166780729e-05,-0.000111238233252026
2021/01/13,0.000356545710649221,1.36322880070748e-05,5.98061183568091e-05,-0.000116106989021078,-3.99156225099229e-05,6.93177652639529e-05,-9.00632707460561e-05
2021/01/14,0.000352227237133044,1.19701944465666e-05,5.07834839059226e-05,-9.98889496528025e-05,-6.8850650895484e-05,-4.35725336312304e-05,0.000123198218693984
2021/01/17,0.000348282116947756,9.12141126978293e-06,3.45796363075782e-05,-4.67383117953992e-05,-3.01986885133527e-05,-6.19808283329444e-05,-5.01053358834207e-05
2021/01/18,0.000344709684720446,5.07665128303512e-06,1.38693788062691e-05,2.51398453138789e-05,3.66288216718332e-05,5.21210103991623e-05,-0.000262167392194625
2021/01/19,0.000341508171824166,-6.84289640094292e-08,-8.07936581930113e-06,9.00359307901273e-05,6.58388987931319e-05,5.32466359084656e-05,-0.00031763984253258
2021/01/20,0.000338674729657841,-6.1173455557504e-06,-2.79356002571683e-05,0.000124019743715742,3.02298396803105e-05,-5.90327315875745e-05,-0.000181736635653401
2021/01/21,0.000336205455548073,-1.27840340044063e-05,-4.28254882826139e-05,0.000113840179473002,-3.34037102374e-05,-4.3470013152535e-05,4.22036106558801e-05
2021/01/24,0.000334095421199063,-1.97104549601275e-05,-5.07589987806058e-05,6.21048718485958e-05,-6.22288191894451e-05,6.41372665418299e-05,-6.974428665931e-05
2021/01/25,0.00033233870346896,-2.64893978184927e-05,-5.08978538845876e-05,-1.32864805305648e-05,-2.95789859072679e-05,3.30317185259826e-05,-5.86237038540301e-05
2021/01/26,0.00033092841720589,-3.26910069722665e-05,-4.36285628028337e-05,-8.53795484760879e-05,3.03375088052089e-05,-6.73524052370454e-05,0.000124152597477134
2021/01/27,0.000329856750196716,-3.78913328675904e-05,-3.04380717846693e-05,-0.000127880119776187,5.81535478825364e-05,-2.2317027355354e-05,0.000100518253704548
2021/01/28,0.000329115000354476,-4.17010916387185e-05,-1.36221979074798e-05,-0.000124814760873752,2.8292370453026e-05,6.8681429904872e-05,1.35782497075754e-05
2021/01/31,0.000328693614935546,-4.37928083970515e-05,4.11698987053049e-06,-7.65630870791591e-05,-2.75099838104315e-05,1.16960051393773e-05,0.000109720269341188
2021/02/01,0.000328582231639618,-4.39246179008571e-05,2.01134533496692e-05,2.45427027471194e-08,-5.37416558289727e-05,-6.82058026975531e-05,0.000136612848735348
2021/02/02,0.000328769721444778,-4.19591965424445e-05,3.21453400446532e-05,7.75534879118516e-05,-2.64285374422227e-05,-1.50651413810303e-06,-0.000157159301278512
2021/02/03,0.000329244233010082,-3.78765896345533e-05,3.87453573040921e-05,0.000127952793479828,2.49832397811532e-05,6.60741953972887e-05,-0.00035731022933789
2021/02/04,0.000329993238563981,-3.17800609247462e-05,3.93699403973038e-05,0.000132703448744691,4.91148439841692e-05,-7.95929740296069e-06,-0.000341511113362438
2021/02/07,0.000331003581462486,-2.38945063259299e-05,3.44100358463997e-05,8.96768570960647e-05,2.40560280094502e-05,-6.24889080695508e-05,-0.00024621108801892
2021/02/08,0.000332261525467674,-1.45574181734459e-05,2.50537070888717e-05,1.4047618483923e-05,-2.28017944920302e-05,1.64645870221116e-05,-0.000150293225397104
2021/02/09,0.000333752805767684,-4.20283316525349e-06,1.30345263066203e-05,-6.70975224980587e-05,-4.43856322589988e-05,5.76907922811769e-05,-0.00013023413643317
2021/02/10,0.000335462681635966,6.66087989056369e-06,3.16017683380918e-07,-0.000124522830147446,-2.1250710328535e-05,-2.38333399082448e-05,-3.80126988256857e-05
2021/02/11,0.000337375990586031,1.7478162922745e-05,-1.12310091149104e-05,-0.000137436112665168,2.09933881256154e-05,-5.19437439639214e-05,9.07532410960842e-06
2021/02/14,0.000339477203935772,2.76768106545071e-05,-2.01049784663609e-05,-0.00010105132916686,3.96557631674104e-05,2.99519440397424e-05,-2.95734141642113e-05
2021/02/15,0.000341750483715811,3.6700167760845e-05,-2.5363035244957e-05,-2.83590970328939e-05,1.80931519583662e-05,4.5519756059912e-05,-0.000117467427217083
2021/02/16,0.000344179740567003,4.40391252575063e-05,-2.67009684623003e-05,5.45473842427586e-05,-1.9570514116891e-05,-3.47671860080905e-05,4.78194185200139e-05
2021/02/17,0.000346748692242391,4.92620566037539e-05,-2.44217303862133e-05,0.000117894726941415,-3.50154316217773e-05,-3.8685380908938e-05,-5.10329328706315e-05
2021/02/18,0.000349440922332275,5.2040937778695e-05,-1.93099279015615e-05,0.000138976362622903,-1.46663257224643e-05,3.82812298454798e-05,2.04278010446732e-05
2021/02/21,0.000352239938821797,5.2172100232712e-05,-1.24441416255347e-05,0.000110324929880383,1.85320897066844e-05,3.16902627998042e-05,-0.000173566179815846
2021/02/22,0.000355129232078651,4.9590359309931e-05,-4.98647370519258e-06,4.23571508867809e-05,3.05428285632926e-05,-4.05442946820216e-05,0.000281185197548559
2021/02/23,0.000358092331906742,4.43756269805027e-05,2.01145758584408e-06,-4.04445109669226e-05,1.10536202456953e-05,-2.47581681088558e-05,-8.41735764300558e-06
2021/02/24,0.000361112863424585,3.67515360697293e-05,7.75411415807066e-06,-0.000108401721882868,-1.78649739522555e-05,4.16458188553868e-05,-9.16163667264835e-06
2021/02/25,0.000364174601434022,2.70760501547149e-05,1.17796989471616e-05,-0.00013732906518609,-2.63037493580655e-05,1.80807213560317e-05,0.000284771742652225
2021/02/28,0.000367261523670784,1.5824485622715e-05,1.39652622961212e-05,-0.000117173352288317,-7.33687924890503e-06,-4.17048860031456e-05,0.000200034845950747
2021/03/01,0.000370357863032027,3.56580147387891e-06,1.44690199236248e-05,-5.550606852475e-05,1.75457605082065e-05,-1.18138054785239e-05,0.000200415429065537
2021/03/02,0.000373448158270842,-9.06660462897267e-06,1.36308141917274e-05,2.53430041339923e-05,2.23515473421124e-05,4.08606815311913e-05,-9.68360084089307e-06
2021/03/03,0.000376517302991974,-2.14080381790241e-05,1.18576750092173e-05,9.64177618228856e-05,3.59448022465559e-06,6.07637202344401e-06,0.000383607446106847
2021/03/04,0.000379550592744051,-3.27978003130142e-05,9.52148581464685e-06,0.000132554784498428,-1.75427424489489e-05,-3.92635445020455e-05,-6.56177579311712e-06
2021/03/07,0.000382533769833057,-4.26147120316502e-05,6.890210669832e-06,0.000121322666084901,-1.8727234966501e-05,-9.51269155381995e-07,0.000337376569565743
2021/03/08,0.000385453065330986,-5.03109263916447e-05,4.10445795024475e-06,6.72949918593605e-05,1.00471662601712e-07,3.7067019829388e-05,7.72759197590635e-05
2021/03/09,0.00038829523846238,-5.54421673404184e-05,1.19957344003115e-06,-9.80979490360358e-06,1.78179689334098e-05,-3.51233567899173e-06,0.000399130517087193
2021/03/10,0.000391047613127511,-5.76927220530463e-05,-1.83751350895385e-06,-8.23659940450075e-05,1.54601208243733e-05,-3.44211596177174e-05,5.72016552728403e-05
2021/03/11,0.000393698111599196,-5.68937939237804e-05,-4.99551243249112e-06,-0.000124784247986646,-3.68130785392347e-06,7.29541895890205e-06,-6.48566836125699e-06
2021/03/14,0.000396235285525104,-5.30341808621773e-05,-8.17237184100284e-06,-0.000122565281177683,-1.83290991099587e-05,3.14671887834984e-05,0.00014240845868222
2021/03/15,0.000398648345089251,-4.62626572341637e-05,-1.11358398605638e-05,-7.72499875026998e-05,-1.25686210070963e-05,-1.04048263303963e-05,7.82865868456693e-05
2021/03/16,0.000400927186727749,-3.68818878118863e-05,-1.35250720283466e-05,-5.5787556449568e-06,7.08883295149343e-06,-2.83335357688762e-05,1.99252315748237e-05
2021/03/17,0.000403062419127192,-2.53341618965319e-05,-1.48975274836851e-05,6.67266862031598e-05,1.90313165570039e-05,1.28686870068241e-05,0.000426699580486038
2021/03/18,0.000405045387325694,-1.21796780119642e-05,-1.48143135633688e-05,0.000114236959598316,1.00612601322771e-05,2.51331255403736e-05,0.000664218258978673
2021/03/21,0.000406868194330392,1.93148803819224e-06,-1.2947208009049e-05,0.000120785073078934,-1.02720557352175e-05,-1.47318096729151e-05,5.47283179696634e-05
2021/03/22,0.000408523718639928,1.62922586299124e-05,-9.1839725639233e-06,8.49589186592826e-05,-1.98789884967089e-05,-2.19617693524133e-05,0.000587199834483922
2021/03/23,0.000410005627043532,3.01745449002436e-05,-3.70677406703755e-06,2.02542598830307e-05,-7.93774392183263e-06,1.60512217565343e-05,0.000286012864405529
2021/03/24,0.000411308383300892,4.28664637033541e-05,2.97789498584801e-06,-5.00323991597053e-05,1.31885959733145e-05,1.88974734788195e-05,0.000421406587717478
2021/03/25,0.000412427252481991,5.37088305542072e-05,1.00709825130826e-05,-0.00010123008640648,2.08270662154837e-05,-1.6891928506897e-05,0.000137039883148613
2021/03/28,0.000413358301072848,6.21290233738374e-05,1.65757847435733e-05,-0.000115976845539505,6.18995991173621e-06,-1.60005377430358e-05,0.000331637314180545
2021/03/29,0.000414098393260488,6.76704592029356e-05,2.14446364824879e-05,-9.00953988114066e-05,-1.58049184705743e-05,1.73230183348336e-05,0.000109243810001235
2021/03/30,0.000414645183931653,7.00161660310548e-05,2.3754627753768e-05,-3.36779064266511e-05,-2.18320573415475e-05,1.33144320201875e-05,3.91695540315357e-05
2021/03/31,0.000414997108554994,6.90052500546697e-05,2.28819174018911e-05,3.28543485731075e-05,-4.80258772980633e-06,-1.74142414631372e-05,0.000599300204608281
2021/04/04,0.000415153370222147,6.46414382677472e-05,1.86419327055817e-05,8.61760498615617e-05,1.80967218224349e-05,-1.08672863848101e-05,3.09367735053372e-05
2021/04/05,0.000415113923595987,5.70932942649019e-05,1.13665499385594e-05,0.000108255761343179,2.28531232696192e-05,1.72331964439989e-05,8.4633151143755e-05
2021/04/06,0.000414879454957977,4.66861400544544e-05,1.89882310502666e-06,9.24380813551692e-05,3.75397698251496e-06,8.6738519070762e-06,0.000110627671637781
2021/04/07,0.00041445135893085,3.38861480937552e-05,-8.50052807239647e-06,4.53652991040848e-05,-2.00489528569737e-05,-1.68432305394938e-05,-4.59330946598261e-05
2021/04/08,0.000413831712274169,1.92774665095494e-05,-1.83251814337004e-05,-1.57779176659007e-05,-2.38528233581859e-05,-6.73770391760411e-06,-0.000167172552408327
2021/04/11,0.00041302324518921,3.5335884841504e-06,-2.60495597507403e-05,-6.95644111616596e-05,-3.01692113791135e-06,1.63021236445338e-05,8.10309347324165e-05
2021/04/12,0.000412029311116952,-1.26155424676507e-05,-3.03741815637581e-05,-9.78498456376754e-05,2.16557585002836e-05,5.05342652776438e-06,-8.5483926475916e-05
2021/04/13,0.000410853855713173,-2.84190018248206e-05,-3.04494048255257e-05,-9.18747936582035e-05,2.47981402673505e-05,-1.56613911283602e-05,5.75755954563869e-05
2021/04/14,0.00040950138504939,-4.31411312523508e-05,-2.60384807599339e-05,-5.48996830181277e-05,2.56008493200244e-06,-3.60856654675329e-06,-7.83156084042263e-05
2021/04/15,0.00040797693335403,-5.60967517413189e-05,-1.75892273206197e-05,-6.14408963119059e-07,-2.29199874495227e-05,1.49660393767811e-05,-0.000162532597256231
2021/04/18,0.000406286030452767,-6.66836088971106e-05,-6.1977018896571e-06,5.19474138218526e-05,-2.5661411465014e-05,2.38529225813203e-06,-0.00016404701428097
2021/04/19,0.000404434669243121,-7.44104817542157e-05,6.53521958034863e-06,8.50940523679885e-05,-2.3494603877882e-06,-1.42546120966992e-05,-1.4275386952755e-05
2021/04/20,0.000402429273458619,-7.89196299950291e-05,1.87353638772787e-05,8.84087630726376e-05,2.38524952333637e-05,-1.36176199736349e-06,-5.71545036495059e-05
2021/04/21,0.000400276665613265,-8.00025622373296e-05,2.85403454574199e-05,6.19502093017372e-05,2.6420942924338e-05,1.35594257392581e-05,-0.000145828026798689
2021/04/22,0.000397984034732875,-7.76084615516796e-05,3.43934418821403e-05,1.57688780351107e-05,2.34982176055929e-06,5.13208137509573e-07,-0.000127951922996515
2021/04/25,0.000395558903857876,-7.18449827968729e-05,3.52984870351353e-05,-3.39144414857142e-05,-2.4470952244429e-05,-1.29068989950818e-05,0.000119836884629086
2021/04/26,0.000393009097618358,-6.297152060023e-05,3.0992972961319e-05,-7.04136298993289e-05,-2.70610743478652e-05,1.87236119713992e-07,-4.1048081851967e-05
2021/04/27,0.000390342710042016,-5.13854174343128e-05,2.20088513469558e-05,-8.21568712863851e-05,-2.52610085029253e-06,1.23178977275331e-05,-5.85670695455148e-05
2021/04/28,0.000387568072520562,-3.76019185296239e-05,9.60826200145668e-06,-6.62858340556831e-05,2.47983081915417e-05,-7.67916523144183e-07,-9.41299736051089e-05
2021/04/29,0.000384693722274434,-2.22289668560538e-05,-4.39829117825158e-06,-2.91851076492033e-05,2.75718957588087e-05,-1.18080220648817e-05,-9.18002302848525e-05
2021/05/02,0.000381728371515296,-5.93815636710654e-06,-1.79243337359398e-05,1.6065219983969e-05,2.84456026205975e-06,1.25820455580534e-06,-0.000112891866214084
2021/05/03,0.000378680877360999,1.05666848258344e-05,-2.8928074667893e-05,5.43040612948915e-05,-2.48614128372742e-05,1.1387802298456e-05,-0.000100653938275013
2021/05/04,0.000375560212458199,2.65817332031503e-05,-3.57304756208088e-05,7.33423874368727e-05,-2.79489793866057e-05,-1.68815684934248e-06,-0.000117423721241465
2021/05/05,0.000372375436277908,4.14346842268809e-05,-3.727967101377e-05,6.7782317778651e-05,-3.27371043439714e-06,-1.10627505467495e-05,-0.000108074306288523
2021/05/06,0.000369135667009972,5.45140736493481e-05,-3.33188942704121e-05,4.04342416128869e-05,2.46899450991492e-05,2.08820712597074e-06,-0.000168112240226914
2021/05/09,0.000365850054057249,6.52950847313162e-05,-2.44304052726382e-05,1.013159714678e-06,2.81932453198587e-05,1.08332541736701e-05,-9.55353927241336e-05
2021/05/10,0.000362527751099209,7.33607288527931e-05,-1.19478451552301e-05,-3.73106671125487e-05,3.78533119228943e-06,-2.48879521319246e-06,-7.30450366332065e-06
2021/05/11,0.000359177889749916,7.8417544619105e-05,2.24933848468694e-06,-6.22832795965638e-05,-2.43151519109731e-05,-1.06943274373497e-05,-1.83140139088218e-05
2021/05/12,0.000355809553672432,8.03052527962883e-05,1.60267623030883e-05,-6.64222046133263e-05,-2.83107323138509e-05,2.91985216098734e-06,4.13355159943814e-05
2021/05/13,0.000352431753113741,7.90001162929855e-05,2.73250020034935e-05,-4.91695401430359e-05,-4.35557747533405e-06,1.06352859494696e-05,-0.00016736603974132
2021/05/16,0.000349053399887689,7.46120685953586e-05,3.44761662588973e-05,-1.67628870115431e-05,2.37684310910884e-05,-3.41007169355078e-06,-0.00024710310712794
2021/05/17,0.000345683282857432,6.73759736449617e-05,3.64572389023264e-05,2.00122741538737e-05,2.83121175773382e-05,-1.0639412061666e-05,0.000203680524925734
2021/05/18,0.000342330044198237,5.76376499016528e-05,3.30407502587195e-05,4.93821295342524e-05,4.96573110660188e-06,3.98592495379384e-06,6.87677700467425e-05
2021/05/19,0.000339002156246151,4.58355166113992e-05,2.48200600447077e-05,6.22944238768488e-05,-2.30800476359594e-05,1.0683731643731e-05,6.30321592131213e-05
2021/05/20,0.000335707898033747,3.24788924202684e-05,1.310672351673e-05,5.51354426473112e-05,-2.82118648571898e-05,-4.67038746228222e-06,-7.26267042985843e-05
2021/05/23,0.000332455331450076,1.81240920734798e-05,-2.82235833969388e-07,3.06702103171198e-05,-5.60228720275645e-06,-1.07390508968394e-05,-9.50540599071107e-05
2021/05/24,0.000329252277422318,3.34951944059186e-06,-1.3312102908161e-05,-3.00648855684539e-06,2.2278384972433e-05,5.48143513478251e-06,-9.35770255051189e-05
2021/05/25,0.00032610629271302,-1.12690557208682e-05,-2.40468906042264e-05,-3.51169184657718e-05,2.80275442349608e-05,1.07704027844961e-05,-9.82953749416102e-05
2021/05/26,0.000323024647719306,-2.51819206783851e-05,-3.09442262681876e-05,-5.55935777530563e-05,6.25685451500506e-06,-6.43042700325061e-06,-7.40043505314319e-05
2021/05/27,0.000320014305511758,-3.7886548995037e-05,-3.30828305932099e-05,-5.81748719046337e-05,-2.13894635518034e-05,-1.0737929745522e-05,2.52613392784478e-05
2021/05/30,0.000317081902349375,-4.89456091229041e-05,-3.02882624014402e-05,-4.22773226005265e-05,-2.77791145923055e-05,7.52052926455635e-06,-6.57471228967553e-05
2021/05/31,0.000314233729875535,-5.8001224230563e-05,-2.31394218796113e-05,-1.31019435713444e-05,-6.92565913410336e-06,1.05982370961154e-05,3.50822818439719e-05
2021/06/01,0.000311475719032348,-6.47850751709651e-05,-1.28576023395939e-05,2.00342016315544e-05,2.04368529581033e-05,-8.74531256951848e-06,-9.5504783541928e-05
2021/06/02,0.000308813425726084,-6.91241664843679e-05,-1.09850482177134e-06,4.66210969729521e-05,2.74882785464635e-05,-1.03062086895216e-05,-7.25729212498391e-05
2021/06/03,0.000306252018061485,-7.09422989846786e-05,1.03174104327329e-05,5.82394537610125e-05,7.60893107580429e-06,1.00876643044612e-05,-0.000180677178650818
2021/06/06,0.00030379626518388,-7.02574986578218e-05,1.9691913814435e-05,5.12001666409852e-05,-1.94415487691177e-05,9.81722870432562e-06,-0.000121931526916686
2021/06/07,0.000301450527741587,-6.71758306747412e-05,2.5707403598367e-05,2.77223607645334e-05,-2.7177618666411e-05,-1.15191513898629e-05,-4.84266913734719e-05
2021/06/08,0.000299218750105492,-6.18821699388924e-05,2.76166078684761e-05,-4.73055872372952e-06,-8.31010087141733e-06,-9.08970176190705e-06,-7.69298266780215e-05
2021/06/09,0.000297104454299036,-5.46286001048513e-05,2.5335652260338e-05,-3.57755001647527e-05,1.84219796979042e-05,1.29999293014161e-05,0.00026582708471091
2021/06/10,0.000295110735586053,-4.57211674955367e-05,1.94289271331978e-05,-5.5392348459174e-05,2.68698563469998e-05,8.08776109110904e-06,-0.000110475764202649
2021/06/13,0.000293240259404153,-3.55057255205177e-05,1.09919913751161e-05,-5.71434648426383e-05,9.03491945500863e-06,-1.44792712843891e-05,-0.000106121708586733
2021/06/14,0.000291495259246207,-2.43535713356463e-05,1.45502850730511e-06,-4.03007139355985e-05,-1.73944484676975e-05,-6.78401341294292e-06,-8.06035406016269e-05
2021/06/15,0.000289877536020176,-1.26475045226726e-05,-7.65851824389755e-06,-1.01699063112176e-05,-2.65876121444506e-05,1.58967364002469e-05,-6.83717311981843e-05
2021/06/16,0.000288388459312005,-7.68839623681476e-07,-1.49774566665559e-05,2.35376955869741e-05,-9.79077778159869e-06,5.16218457748006e-06,3.05727345953773e-05
2021/06/17,0.000287028970444936,1.09142113905233e-05,-1.94926594234159e-05,4.98066360320284e-05,1.63736270422138e-05,-1.7183946924865e-05,-0.000117952838561421
2021/06/20,0.000285799587063536,2.20564971024602e-05,-2.06986864588299e-05,5.99129672545073e-05,2.63533763954925e-05,-3.21954815875178e-06,-0.000145979193198414
2021/06/21,0.00028470040892557,3.23440639811493e-05,-1.86471421796684e-05,5.03414189485394e-05,1.0586563068736e-05,1.82669922701708e-05,-0.000213040305014497
2021/06/22,0.000283731124998598,4.1500434789548e-05,-1.39069491593683e-05,2.40390856157394e-05,-1.53723561858377e-05,9.68988871719152e-07,-0.000203583328930398
2021/06/23,0.00028289102193456,4.92910980945322e-05,-7.44218686542119e-06,-1.04544278315568e-05,-2.61892558400756e-05,-1.90694400553937e-05,-0.000143940809436645
2021/06/24,0.000282178994073428,5.55263675769806e-05,-4.31258821325813e-07,-4.17616039909263e-05,-1.14328949646045e-05,1.55947410766229e-06,-2.69570779812142e-05
2021/06/27,0.000281593555069122,6.00628341285462e-05,5.94015851052949e-06,-5.94253524723221e-05,1.44010259745728e-05,1.95158710863464e-05,-0.000197705092296795
2021/06/28,0.000281132851019597,6.28036708534305e-05,1.06769284742205e-05,-5.74264524197877e-05,2.61165735505966e-05,-4.31783378494832e-06,-0.000127863737693109
2021/06/29,0.000280794674850632,6.36980609098873e-05,1.31305309466949e-05,-3.62655995000139e-05,1.23422699241973e-05,-1.95358176481093e-05,-9.58541194832884e-05
2021/06/30,0.000280576482023603,6.27400024729848e-05,1.30891103876639e-05,-2.87637542654446e-06,-1.34670663658807e-05,7.24003884265716e-06,-6.06951919344839e-05
2021/07/01,0.000280475407429094,5.99667054795873e-05,1.07891027386004e-05,3.16394976941057e-05,-2.6155388140921e-05,1.90679596990621e-05,-0.000209878284899528
2021/07/04,0.000280488283238681,5.54567373866503e-05,6.84956115612617e-06,5.5717907578071e-05,-1.33289603845738e-05,-1.02428412627799e-05,-0.000226827687712175
2021/07/05,0.000280611657555761,4.93280070014097e-05,2.14316852567188e-06,6.12353819203431e-05,1.25746458385965e-05,-1.80644057698557e-05,-1.6301455071927e-05
2021/07/06,0.000280841814016098,4.17356041523098e-05,-2.37191583487104e-06,4.62791068181042e-05,2.63242424053446e-05,1.32276458167253e-05,0.000249048502626289
2021/07/07,0.000281174792168481,3.28694447116843e-05,-5.82933592077107e-06,1.58261824066876e-05,1.44092259273163e-05,1.64948389737898e-05,6.30258517328123e-05
2021/07/08,0.000281606407846372,2.29516132591863e-05,-7.61010946722035e-06,-1.99161937436084e-05,-1.17242315012427e-05,-1.60833925465849e-05,-6.05040938469024e-05
2021/07/11,0.000282132272826419,1.22332576494316e-05,-7.44995404480183e-06,-4.8954724072587e-05,-2.66400600697208e-05,-1.43502864038815e-05,2.98424941151407e-05
2021/07/12,0.000282747814205211,9.90874862491678e-07,-5.48044283301364e-06,-6.15660915182775e-05,-1.56016992005858e-05,1.86904485763608e-05,-5.19019040921864e-05
2021/07/13,0.000283448294099221,-1.04781671296963e-05,-2.19754143096376e-06,-5.35790771967762e-05,1.09119857773049e-05,1.16462654519803e-05,0.00020116524042893
2021/07/14,0.000284228829822776,-2.18610014246084e-05,1.63646146032679e-06,-2.77626452269323e-05,2.71176214778949e-05,-2.09254104085161e-05,8.45891442990591e-05
2021/07/15,0.000285084414316477,-3.28356127742548e-05,5.14020449087041e-06,7.14639086167091e-06,1.6927348789781e-05,-8.42504564277752e-06,3.91352999582332e-05
2021/07/18,0.000286009936342088,-4.3078188035939e-05,7.4837562780671e-06,3.94299165711483e-05,-1.01288395273459e-05,2.26667170712428e-05,0.000388098701300738
2021/07/19,0.000287000200349985,-5.22714098179565e-05,8.05223966767413e-06,5.83555602937078e-05,-2.77679626163675e-05,4.75677668415675e-06,0.0004668375954388
2021/07/20,0.0002880499457688,-6.01135510296146e-05,6.57325642610805e-06,5.77661834695559e-05,-1.84085369095948e-05,-2.38008813243562e-05,8.37305835991014e-05
2021/07/21,0.000289153864778088,-6.63281401462234e-05,3.18453254569288e-06,3.80809266552075e-05,9.35973926402314e-06,-7.39236964389581e-07,4.56923138676015e-05
2021/07/22,0.000290306618482959,-7.0673879618053e-05,-1.57198536320019e-06,6.05737577348143e-06,2.85965353911732e-05,2.42290197997066e-05,-0.000119486684466067
2021/07/25,0.000291502852318275,-7.29544232838671e-05,-6.83101777996022e-06,-2.75632773852662e-05,2.00677624513767e-05,-3.50395294873429e-06,0.000224420056628176
2021/07/26,0.000292737211274394,-7.30275628140862e-05,-1.15483806345057e-05,-5.16928223953088e-05,-8.58339197331357e-06,-2.38732644805869e-05,5.08052110234073e-05
2021/07/27,0.00029400435506567,-7.08133425364382e-05,-1.46861852818399e-05,-5.85679677883572e-05,-2.96019517043818e-05,7.82670724044631e-06,4.0856385004901e-05
2021/07/28,0.000295298973072413,-6.63006196264845e-05,-1.54081612131345e-05,-4.62339072405943e-05,-2.19264396055222e-05,2.26826960337274e-05,-5.99045414204051e-05
2021/07/29,0.00029661579934161,-5.95516141492067e-05,-1.32514040345836e-05,-1.90500529101405e-05,7.7727750501761e-06,-1.20653591993857e-05,-5.03221440984698e-05
2021/08/01,0.000297949627960254,-5.07040532669631e-05,-8.24328580037479e-06,1.38880838673993e-05,3.07755960103021e-05,-2.06384276014526e-05,8.70834588308351e-05
2021/08/02,0.000299295328844353,-3.99706037699203e-05,-9.39973105524452e-07,4.18247207129232e-05,2.40039969202071e-05,1.60449246294517e-05,0.00018575760576851
2021/08/03,0.000300647863712695,-2.76354016007016e-05,7.62507122057485e-06,5.58624325980286e-05,-6.89568466492118e-06,1.7757470729916e-05,0.000125023248004409
2021/08/04,0.000302002301525297,-1.40476195524595e-05,1.60798203080972e-05,5.17681904243511e-05,-3.21012129398883e-05,-1.95865003178625e-05,7.74410205524653e-05
2021/08/05,0.000303353832848882,3.87844743509727e-07,2.2922176879171e-05,3.1192776605625e-05,-2.6316838968969e-05,-1.40950781205166e-05,7.52492860122983e-05
2021/08/08,0.00030469778310836,1.52223363498369e-05,2.67680962306839e-05,9.78824263501391e-07,5.9153820194264e-06,2.25154582490072e-05,0.000275133119779184
2021/08/09,0.00030602962495766,2.99777047468199e-05,2.66006738093693e-05,-2.91443992192697e-05,3.35543524427681e-05,9.74533629036505e-06,-6.31482930277124e-05
2021/08/10,0.000307344989548407,4.41623723754763e-05,2.19786937812298e-05,-4.96891040249901e-05,2.88767373877825e-05,-2.46700537276029e-05,0.000238863364659698
2021/08/11,0.000308639676451206,5.72886164923162e-05,1.31667759774801e-05,-5.43544933848158e-05,-4.7920014016711e-06,-4.83983873141834e-06,-0.000111076735403097
2021/08/12,0.000309909662488388,6.88903903899988e-05,1.15921619910505e-06,-4.18928716579906e-05,-3.51021064241716e-05,2.59100383736393e-05,-0.000111321329368969
2021/08/15,0.000311151109600943,7.85409576125868e-05,-1.24152515919648e-05,-1.63739189599796e-05,-3.16888070885222e-05,-4.5558898079742e-07,0.000175734499407734
2021/08/16,0.000312360372292603,8.58695934877115e-05,-2.55022294226928e-05,1.41689303734146e-05,3.48462254324175e-06,-2.6124833208096e-05,-3.00945606618216e-06
2021/08/17,0.000313534004738747,9.05766222355662e-05,-3.5919559863766e-05,4.02476730046817e-05,3.67034415768439e-05,5.9460866461298e-06,-8.74662683382021e-05
2021/08/18,0.000314668767033044,9.24461076574742e-05,-4.17034514828789e-05,5.3807246986486e-05,3.47500923762626e-05,2.52408743411436e-05,9.10063630884686e-05
2021/08/19,0.000315761630662229,9.13556025601263e-05,-4.14505688538961e-05,5.06380108516426e-05,-1.95285902118546e-06,-1.14147992380798e-05,-2.61570169608366e-05
2021/08/22,0.000316809783130166,8.72824800594291e-05,-3.45999022782589e-05,3.16249326330956e-05,-3.83094989678322e-05,-2.32276658667466e-05,2.97328712901466e-05
2021/08/23,0.000317810631507716,8.03065146198133e-05,-2.16030248699033e-05,2.49067249967603e-06,-3.80484975740827e-05,1.66315672797872e-05,-8.09498634630066e-05
2021/08/24,0.000318761805165658,7.06085457495697e-05,-3.94490106956672e-06,-2.78847598278871e-05,1.58126165284889e-07,2.01020589993588e-05,-4.33898751824174e-05
2021/08/25,0.00031966115803219,5.84652318109671e-05,1.60016285408271e-05,-5.00909227414521e-05,3.98638007774952e-05,-2.13628753051316e-05,-0.000121323021114896
2021/08/26,0.000320506770564158,4.42400760834635e-05,3.52789057330022e-05,-5.70181702448747e-05,4.15616978597636e-05,-1.59303635209585e-05,-0.000185146916474554
2021/08/29,0.000321296951547624,2.83710735328943e-05,5.07696863614046e-05,-4.60795685433491e-05,1.93505033993368e-06,2.53825782639467e-05,-2.86627715024538e-05
2021/08/30,0.000322030239953053,1.13554764189581e-05,5.96859484372563e-05,-2.015453081889e-05,-4.13022888902689e-05,1.08280698004897e-05,-0.000117154914900598
2021/08/31,0.000322705406962278,-6.2676980059813e-06,6.00469868990067e-05,1.30808611096068e-05,-4.52555617421876e-05,-2.84828450705171e-05,-7.97215015220542e-06
2021/09/01,0.000323321457978094,-2.39366991621347e-05,5.10676784532614e-05,4.33229535351931e-05,-4.35712791961588e-06,-4.95706010821463e-06,-0.000197470202776584
2021/09/02,0.000323877634719068,-4.10868326977585e-05,3.33856714805204e-05,6.0743197860237e-05,4.25539226510548e-05,3.04847261652298e-05,-0.000254641320178351
2021/09/05,0.000324373417453008,-5.7170200013366e-05,9.07667871801208e-06,5.91318334204829e-05,4.90829450406927e-05,-1.47965556132501e-06,-0.000212822019057504
2021/09/06,0.000324808527590787,-7.16745902524194e-05,-1.85622722043032e-05,3.81005240949428e-05,7.13146271134721e-06,-3.12477406198645e-05,0.00010417308867951
2021/09/07,0.000325182930754992,-8.41407747730037e-05,-4.5445108802575e-05,3.56820463865734e-06,-4.35420248232922e-05,8.24549112110581e-06,2.74992818841155e-05
2021/09/08,0.000325496840227915,-9.41775363088475e-05,-6.72910027912268e-05,-3.3768821215504e-05,-5.29831602141966e-05,3.06779509028062e-05,0.000369042729399054
2021/09/09,0.000325750720532155,-0.000101473877650975,-8.02961086495972e-05,-6.16525152412087e-05,-1.02722984426287e-05,-1.50798172731726e-05,0.000116677896725427
2021/09/12,0.000325945291089982,-0.000105807991816259,-8.17787654720921e-05,-7.024239267315e-05,4.41859985461876e-05,-2.87340340904457e-05,0.000159746894415777
2021/09/13,0.000326081529741063,-0.000107052731347712,-7.06906261848932e-05,-5.55877134139504e-05,5.68818696592629e-05,2.17090573294952e-05,1.68396142167338e-05
2021/09/14,0.000326160676483725,-0.000105177478940818,-4.79003278111714e-05,-2.13691332564897e-05,1.37830190038894e-05,2.54309381833879e-05,1.02623063374771e-05
2021/09/15,0.000326184237597053,-0.000100246488782475,-1.61871191272845e-05,2.18365122232367e-05,-4.44030590236516e-05,-2.78588115717363e-05,8.75167286848576e-05
2021/09/16,0.00032615399020752,-9.24139271671773e-05,2.00746625663519e-05,5.97241180447752e-05,-6.06912095175403e-05,-2.08407940730315e-05,2.61801599391024e-05
2021/09/19,0.000326071987252896,-8.19159831513173e-05,5.55096616531368e-05,7.89588701100054e-05,-1.76544544851109e-05,3.32663675133877e-05,-5.3108448892998e-05
2021/09/20,0.000325940562719537,-6.90605375249978e-05,8.45355247148551e-05,7.18801702220276e-05,4.41103719718762e-05,1.50909667974621e-05,-0.00018940505890076
2021/09/21,0.000325762336971384,-5.42149654247232e-05,0.000102240209336633,3.95490730244284e-05,6.43103963338706e-05,-3.76929242521893e-05,-0.000249607125989403
2021/09/22,0.000325540222031734,-3.77927005862612e-05,0.000105204841463398,-8.07176373964288e-06,2.1863119970882e-05,-8.35927420606874e-06,-0.000239414444934042
2021/09/23,0.000325277426911851,-2.02392059427996e-05,9.21349118902463e-05,-5.50850736559431e-05,-4.32277993350936e-05,4.09348585642764e-05,-0.000179263118432537
2021/09/26,0.000324977463271379,-2.01797727533443e-06,6.41859744371508e-05,-8.49374446451483e-05,-6.76269494298361e-05,8.66557381941594e-07,3.67893762598477e-05
2021/09/27,0.000324644151504153,1.64028431701469e-05,2.49136572835057e-05,-8.62709337866321e-05,-2.63696994893613e-05,-4.28333722704987e-05,0.000154981353588687
2021/09/28,0.000324281627158728,3.45627450894834e-05,-2.01644197453515e-05,-5.72721605055514e-05,4.16809428025153e-05,7.13306404532122e-06,-1.19067988451455e-05
2021/09/29,0.000323894347278407,5.20196260049976e-05,-6.43442042859581e-05,-6.84411337553417e-06,7.05187941964325e-05,4.32819518526905e-05,0.000241812598328965
2021/09/30,0.000323487096361285,6.83587931539949e-05,-0.000100739635185445,4.80251728362565e-05,3.11185471166313e-05,-1.53637583722727e-05,-6.66052159104499e-05
2021/10/03,0.000323064991566659,8.32000543507728e-05,-0.000123364345126019,8.7967921500958e-05,-3.9403834809321e-05,-4.22311816468591e-05,5.94433941638093e-05
2021/10/04,0.000322633486783076,9.62028988023405e-05,-0.000128119076532563,9.81099603487727e-05,-7.28569186081548e-05,2.35407661045277e-05,-0.000144034116897999
2021/10/05,0.000322198375950811,0.000107069902183667,-0.000113520746753533,7.3660734831826e-05,-3.60380151877065e-05,3.96905598073073e-05,3.36661891676293e-05
2021/10/06,0.00032176579597987,0.000115548606395561,-8.10441361932141e-05,2.21012280761101e-05,3.634118844836e-05,-3.13836716900383e-05,8.66059889833511e-05
2021/10/07,0.000321342229288659,0.000121432215567653,-3.50051209171441e-05,-3.90071861557604e-05,7.45080315929974e-05,-3.57271148812243e-05,-0.000131599054495181
2021/10/10,0.00032093450557071,0.000124559510048575,1.80134990124143e-05,-8.79988879812415e-05,4.1041067598869e-05,3.86293770020093e-05,-0.000195620071251336
2021/10/11,0.000320549802616379,0.000124814406142224,7.01177253691417e-05,-0.000106837014386483,-3.24501348094686e-05,3.04608865711344e-05,-9.39256715029274e-05
2021/10/12,0.000320195646604306,0.000122125578105235,0.000113298756298063,-8.78258180017839e-05,-7.53367556095676e-05,-4.50439961715154e-05,-0.000108083411224737
2021/10/13,0.000319879911993452,0.000116466508524007,0.000140685150893851,-3.6778793961489e-05,-4.6025822810258e-05,-2.40574896817184e-05,-0.000295038464957844
2021/10/14,0.000319610821009251,0.000107856248748601,0.000147650988519922,2.86694215399752e-05,2.77018854314189e-05,5.04329402395365e-05,-0.000544973305488704
2021/10/17,0.000319396942863422,9.63610587828988e-05,0.000132597950525479,8.51621607483377e-05,7.52081712518274e-05,1.67181784179305e-05,-0.000473797462589895
2021/10/18,0.000319247192957662,8.20969628388628e-05,9.72775443854063e-05,0.000112022344930733,5.08767631995832e-05,-5.46485006754492e-05,-0.000380223307636798
2021/10/19,0.000319170832063638,6.52331111406064e-05,4.65913158258153e-05,9.89119408381111e-05,-2.20831486237605e-05,-8.66801269528542e-06,-0.000242023038549125
2021/10/20,0.000319177465279095,4.59956913297228e-05,-1.21095720563182e-05,4.98792156086762e-05,-7.39908028881659e-05,5.7594408707902e-05,-0.000151912405980912
2021/10/21,0.000319277040621512,2.46719945774719e-05,-7.01223084077801e-05,-1.78147293465888e-05,-5.54665780494692e-05,1.42886840946676e-07,7.16736937639073e-05
2021/10/24,0.000319479847212519,1.61412177884621e-06,-0.000118718718503539,-7.97897322595931e-05,1.55972010266703e-05,-5.92270319634711e-05,0.000200128312708568
2021/10/25,0.000319796512973401,-2.27582767980241e-05,-0.000150491372070463,-0.000113406576722811,7.15596457555927e-05,8.62371296500733e-06,3.1047353897297e-05
2021/10/26,0.000320238001741456,-4.79568904786564e-05,-0.000160505612639794,-0.000106146516827744,5.96583904013427e-05,5.95530884335279e-05,0.000174244539369868
2021/10/27,0.000320815609804773,-7.34259395188652e-05,-0.000147073317327487,-6.03696103295968e-05,-8.26446129254944e-06,-1.74132983120235e-05,0.000399659016975749
2021/10/28,0.000321540961968253,-9.85463056371765e-05,-0.000112024359063152,7.39198134464673e-06,-6.77990109435685e-05,-5.86239913068158e-05,0.000334697723637813
2021/10/31,0.000322426006751542,-0.000122643151295285,-6.04324599686029e-05,7.24258330801368e-05,-6.33082174703867e-05,2.60334174012917e-05,7.06765715013037e-05
2021/11/01,0.000323483010372072,-0.000144997437980631,1.60054817136971e-07,0.000110940486523138,1.22853322972367e-07,5.65271856901333e-05,-9.03581527448223e-05
2021/11/02,0.000324724549595016,-0.000164861566927187,6.08938503363038e-05,0.000108894636682435,6.26055118480818e-05,-3.43263155623969e-05,2.50353340277472e-05
2021/11/03,0.000326163503653638,-0.000181479140654291,0.000112936474437777,6.72331271535002e-05,6.62676669111327e-05,-5.3375039555204e-05,0.000301648408053447
2021/11/04,0.000327813045092622,-0.000194108591501767,0.00014880590194607,1.53363740435055e-06,8.7717445233269e-06,4.21745014901085e-05,0.00013472176104529
2021/11/07,0.000329686628978819,-0.000202050156094966,0.00016346762077337,-6.38303894648776e-05,-5.58914649558725e-05,4.92920805693031e-05,8.86876801942244e-05
2021/11/08,0.000331797979889944,-0.000204675405970898,0.00015503922936176,-0.000104822416577833,-6.83870583329275e-05,-4.95026702317183e-05,0.000137342341861673
2021/11/09,0.000334161076950789,-0.000201458289408641,0.000125002829807865,-0.000106719701972364,-1.83451903048011e-05,-4.4401545868742e-05,0.000255138820795895
2021/11/10,0.000336790137472704,-0.000192006416516718,7.79063817256622e-05,-6.95334939473197e-05,4.75886066267883e-05,5.62756920960178e-05,0.000197185092542865
2021/11/11,0.000339699599455788,-0.000176091143993271,2.06167123183247e-05,-7.82711669493681e-06,6.95192340874247e-05,3.88123470656367e-05,3.86863677610336e-05
2021/11/14,0.000342904102593646,-0.000153674899544387,-3.87446231820877e-05,5.4967965971177e-05,2.85054297665647e-05,-6.24926480340742e-05,0.000124440672429162
2021/11/15,0.000346418467517918,-0.000124934136858437,-9.20070175050273e-05,9.55289857551232e-05,-3.76515127033951e-05,-3.26075414186493e-05,9.13287552124677e-05
2021/11/16,0.00035025767343713,-9.02763389198196e-05,-0.000132108606905224,9.94480135356702e-05,-6.95234263575391e-05,6.81772004063553e-05,7.47994848034273e-05
2021/11/17,0.000354436834379407,-5.0349597123952e-05,-0.000154034562494018,6.64931239275778e-05,-3.9143150933683e-05,2.58353933495877e-05,0.000113422958895081
2021/11/18,0.000358971174053252,-6.04348778484804e-06,-0.000155409057112532,1.03490527387229e-05,2.60606088116593e-05,-7.33648873578945e-05,0.00062090359665164
2021/11/21,0.000363875999190506,4.15197568796406e-05,-0.000136676766990311,-4.69778518525479e-05,6.82689941027471e-05,-1.85039862547327e-05,0.000374611854924697
2021/11/22,0.00036916667076804,9.10044357992761e-05,-0.000100878477662044,-8.38320463915253e-05,5.01328470037957e-05,7.80882258750533e-05,0.000180529344607404
2021/11/23,0.000374858572142971,0.000140891163543446,-5.30878325565043e-05,-8.72283715640108e-05,-1.28246725653681e-05,1.05801500828448e-05,-3.77500090833784e-05
2021/11/24,0.000380967073946619,0.000189517032663683,3.77910461429262e-07,-5.75766550895312e-05,-6.5639190895441e-05,-8.23607549895582e-05,-5.2824416097201e-05
2021/11/25,0.000387507496162702,0.000235125444895392,5.28377214733348e-05,-8.03558124213734e-06,-6.13343225100218e-05,-1.99319704261484e-06,0.000753859438263345
2021/11/28,0.000394495067875317,0.000275924402168198,9.80844659371301e-05,4.11255859117397e-05,-2.01686040077247e-06,8.61613284835471e-05,0.00186854501002484
2021/11/29,0.000401944883877167,0.000310151559576089,0.00013107233071439,7.08005172597346e-05,6.15352452904578e-05,-7.35636414968371e-06,0.00119500382743184
2021/11/30,0.000409871854485024,0.000336143891080023,0.000148385657538496,7.05866971381285e-05,7.25947931088272e-05,-8.94199893304087e-05,0.000473728095979911
2021/12/01,0.000418290645026792,0.000352409438395024,0.000148466117832839,4.25820487980381e-05,1.83921651801712e-05,1.75832763382508e-05,0.00173652530842888
2021/12/02,0.000427215605738986,0.000357698325749774,0.000131616277991834,-4.65919994970033e-09,-5.58803275838527e-05,9.20067400754929e-05,-2.18339627722851e-05
2021/12/05,0.000436660693265449,0.000351070028214436,9.98266030670529e-05,-3.87344596049389e-05,-8.37520170738573e-05,-2.87996013229138e-05,0.000121957753454772
2021/12/06,0.000446639383562523,0.000331953795347754,5.6485413031192e-05,-5.77858303045612e-05,-3.6197443871848e-05,-9.37244980049241e-05,-0.000113256819760136
2021/12/07,0.000457164579508462,0.000300199176723145,6.02716375190519e-06,-5.04729983461356e-05,4.8622070691619e-05,4.10932476233992e-05,-8.28442399523945e-05
2021/12/08,0.000468248515798392,0.000256113762893563,-4.64423020435602e-05,-2.17368712712934e-05,9.46386262358335e-05,9.43077618137855e-05,-0.00049432049342672
2021/12/09,0.000479902662279101,0.000200485553682579,-9.55271264573728e-05,1.43720066721236e-05,5.53003424107551e-05,-5.45040685757452e-05,-0.000172609370011441
2021/12/12,0.000492137626476119,0.000134587800183687,-0.00013593253934453,4.10784283846269e-05,-3.97325819968292e-05,-9.34281897827282e-05,5.57194560796549e-05
2021/12/13,0.000504963056363554,6.0164731936139e-05,-0.00016287838245067,4.63582239866543e-05,-0.000105084805965247,6.89994943908893e-05,4.77066817386805e-05
2021/12/14,0.000518387543991811,-2.06027381753359e-05,-0.000172543153435554,2.82640889342082e-05,-7.55420991953379e-05,9.07077306728399e-05,-2.41537279263094e-06
2021/12/15,0.000532418530297147,-0.000105151459166838,-0.00016252791107937,-4.22468828241805e-06,2.92086554668611e-05,-8.4451904106752e-05,0.000107922776871371
2021/12/16,0.000547062211584763,-0.000190609912121776,-0.000132300995269956,-3.52362641863611e-05,0.000114920004816285,-8.57393038744688e-05,0.000121058259051513
2021/12/19,0.000562323448355251,-0.000273889886685746,-8.35547132011736e-05,-4.92117860926889e-05,9.67387789110755e-05,0.000100620010457441,0.000553679148255841
2021/12/20,0.000578205677052791,-0.000351793450015221,-2.03839681469765e-05,-3.81506795968342e-05,-1.70723388930119e-05,7.81143553888094e-05,0.000195450404210443
2021/12/21,0.000594710824629555,-0.000421131838502699,5.08063463383816e-05,-5.6674756736652e-06,-0.000123974933252793,-0.000117136435723653,0.000304940512184874
2021/12/22,0.000611839225503255,-0.000478852126660119,0.000121737298071129,3.40668483381828e-05,-0.000118682715898007,-6.74559531646077e-05,0.000124533423810167
2021/12/26,0.000629589541996681,-0.000522166872213708,0.000183061056944159,6.22458929458368e-05,3.37184316384565e-06,0.000133503353986543,-6.46538168233585e-05
2021/12/27,0.00064795868945757,-0.000548681448962929,0.000225494817656467,6.38076922489081e-05,0.000132084245982178,5.34555397630362e-05,-0.00031248153614523
2021/12/28,0.000666941766554597,-0.000556513495046329,0.000241167973497214,3.46751706504368e-05,0.000141144239866138,-0.000149097621093011,-5.77360344290451e-05
2021/12/29,0.000686531990909023,-0.000544398850552511,0.000224998255670538,-1.54281691993605e-05,1.18173510592032e-05,-3.59109956605383e-05,-0.000120648582226354
2021/12/30,0.000706720640572261,-0.000511778555042816,0.000175866636544398,-6.61213357968311e-05,-0.000139089282374356,0.000163186336732133,4.25475593652101e-05
2022/01/02,0.000727497001815284,-0.000458861935280708,9.73518966903971e-05,-9.44959793442533e-05,-0.000163873225723164,1.47633028330829e-05,0.000351306939009361
2022/01/03,0.00074884832362754,-0.00038666153486089,-2.17765119083402e-06,-8.50363681691089e-05,-2.83914561170414e-05,-0.000174953077081619,0.000293676763791954
2022/01/04,0.000770759778895233,-0.000296996606681222,-0.000110235529259852,-3.71503605663997e-05,0.000144840603697384,9.87111431329194e-06,-0.000228633000398435
2022/01/05,0.000793214432312297,-0.000192463077150538,-0.000211653118539541,3.3121640399951e-05,0.000186600821028778,0.000183534258393447,-0.000414811956444395
2022/01/06,0.000816193215563627,-7.63692571737893e-05,-0.000290644737066968,9.84003675744915e-05,4.62176905864669e-05,-3.7675306548459e-05,-0.000298359972935369
2022/01/09,0.000839674910321271,4.73619320072335e-05,-0.00033323452876057,0.000130551431987798,-0.000149200595003102,-0.000188064249400475,7.30109884784509e-06
2022/01/10,0.000863636139262715,0.000174321894115628,-0.000329677769177792,0.000112492095395625,-0.000209041544596464,6.81166777415134e-05,-0.000385210492741226
2022/01/11,0.000888051365457105,0.000299772584495194,-0.000276463503790732,4.63553518947172e-05,-6.51336294187692e-05,0.00018772707638346,-0.000857358245020974
2022/01/12,0.000912892900306692,0.000418824697626473,-0.000177509349664216,-4.56733362391514e-05,0.000152046625452139,-0.000100444027467847,-0.00097587451001409
2022/01/13,0.0009381309203991,0.000526631186961661,-4.42563597176156e-05,-0.0001287446227459,0.000230896145769973,-0.000181811877822604,-0.00112229939284461
2022/01/16,0.000963733493711859,0.000618588425426998,0.000105467835731216,-0.000168522632359823,8.49468998930981e-05,0.000133698314013242,-0.00157707333641659
2022/01/17,0.000989666615485803,0.000690536551839755,0.000249748620794225,-0.000145172618367652,-0.000153274642445116,0.000169768776731848,-0.00149276030403886
2022/01/18,0.00101589425391253,0.000738950140174622,0.000365769062449955,-6.25187026063375e-05,-0.000251855484679032,-0.000166737897888858,-0.00129429637136288
2022/01/19,0.00104237840572879,0.000761110315447686,0.000433422532619043,5.16725664246677e-05,-0.000105435666678847,-0.000151261481809172,-0.00177508967173217
2022/01/20,0.00106907916147744,0.000755249844103689,0.000438780963818542,0.000154994884083938,0.000152803012344436,0.000198278113162557,-0.0022355409789906
2022/01/23,0.00109595478035995,0.000720663552598215,0.000376821835797853,0.00020618744619792,0.000271605522054238,0.000126212808120424,-0.0021635589451286
2022/01/24,0.00112296177459015,0.000657777656576789,0.00025289505256852,0.000181512486744787,0.00012635007687999,-0.000226944021019375,-0.00172870402634086
2022/01/25,0.0011500550026541,0.000568173175482878,8.2585959711621e-05,8.52515659591176e-05,-0.000150576295846898,-9.48394432015491e-05,-0.00136309396475927
2022/01/26,0.00117718777120481,0.00045456050648845,-0.000110120692932223,-5.01845707830028e-05,-0.000289833063764698,0.000251334170490206,-0.00101779212070355
2022/01/27,0.00120431194612617,0.000320704357928586,-0.000296187549204402,-0.000175173579165816,-0.000147414667298878,5.76727142148037e-05,-0.000568267222600466
2022/01/30,0.00123137807303924,0.000171300498697208,-0.000445923027843221,-0.000241150298062615,0.000146568539548413,-0.000270092241994142,-0.000331770543384884
2022/01/31,0.00125833550701619,1.18080623251539e-05,-0.000533762359958065,-0.000219469278818047,0.000306231826225504,-1.55628020916791e-05,-0.000446441954699057
2022/02/01,0.00128513255141842,-0.000151756657153483,-0.000542654564821991,-0.00011353327403296,0.000168331588591192,0.000281982721228841,-0.000498439365230017
2022/02/02,0.00131171660595081,-0.000313056979504279,-0.000467298109029308,4.08617582681674e-05,-0.00014078606578907,-3.03351986418074e-05,-0.00013448101125451
2022/02/03,0.00133803432357774,-0.000465693549255492,-0.00031561899201871,0.000187658277954866,-0.000320508915238496,-0.000285966197998514,0.000166915052978603
2022/02/06,0.00136403177600742,-0.000603472053348584,-0.000108148815093217,0.000271023229810785,-0.000188784713778556,7.85939169560125e-05,-0.000428409340553865
2022/02/07,0.00138965462772293,-0.000720669197386853,0.0001247026188269,0.000256654534875565,0.000133270079637808,0.00028126962298584,-0.00098402628666219
2022/02/08,0.00141484831825862,-0.000812284911344063,0.000347130082050519,0.000145749728858079,0.000332392290877202,-0.000127564403489633,-0.00100787110521072
2022/02/09,0.00143955825206555,-0.000874269042555221,0.00052350755560294,-2.4011451288998e-05,0.000208445103342301,-0.000267446880280285,-0.000613883536886291
2022/02/10,0.00146372999546801,-0.000903711652017544,0.00062417615662169,-0.000191335721003647,-0.000124098663464268,0.000175443079147891,-0.000515134194752135
2022/02/13,0.00148730948048124,-0.000898987436359796,0.000630491836321742,-0.000293618603446686,-0.000341638878583687,0.00024442535863187,-0.000192083757044686
2022/02/14,0.00151024321482714,-0.000859846701368851,0.00053826356561743,-0.000290504080943107,-0.000226978017958466,-0.000220351988963054,0.000136104008788904
2022/02/15,0.00153247849710512,-0.000787447632831065,0.000358948373433851,-0.000179785679419969,0.000113387538841571,-0.000212534807440636,-0.00023512828968887
2022/02/16,0.0015539636362063,-0.000684327242698777,0.000118322207380492,6.14090717905685e-07,0.000348042963744305,0.000260428391500073,-0.000660221046850296
2022/02/17,0.00157464817431425,-0.000554311192050689,-0.000147240958360189,0.000185728397074998,0.000244051456679994,0.000172515657805923,-0.000854843535464288
2022/02/20,0.00159448311252647,-0.000402365572601359,-0.000396343763193036,0.000307146597541191,-0.000101289724210922,-0.000293918900351372,-0.000121742749710971
2022/02/21,0.00161342113787108,-0.00023439652152817,-0.00058912789434278,0.000318484257884625,-0.000351445007161505,-0.000125505095599044,0.000200367122875799
2022/02/22,0.00163141685131492,-5.70061062996797e-05,-0.000693766679180308,0.000213171938370772,-0.000259346021345623,0.000319272819754836,0.000292324197385083
2022/02/23,0.00164842699598688,0.000122784883053332,-0.000691811726064188,2.77135051316833e-05,8.7994346107391e-05,7.30004998115476e-05,0.000636615495973354
2022/02/24,0.00166441068358542,0.000297834876887077,-0.000581480371040802,-0.000171085977843678,0.000351740879737819,-0.000335229043477934,6.31849521520959e-05
2022/02/27,0.00167932961592603,0.000461186707710568,-0.000378291986526408,-0.000310411450062539,0.000272566270791473,-1.68012705915213e-05,0.0029821271127524
2022/02/28,0.00169314829941714,0.000606366047234558,-0.000112890152034085,-0.000338334140879296,-7.37240006905977e-05,0.000340891016151573,-0.000466477069199289
2022/03/01,0.0017058342492718,0.000727659308637156,0.000173646253679692,-0.000243296572218896,-0.000348891265835177,-4.10685580629681e-05,0.000546899584528394
2022/03/02,0.0017173581780365,0.000820358100468337,0.000436275338559835,-5.88272206629938e-05,-0.000283454355820542,-0.000335784712410177,0.00176462467182904
2022/03/03,0.00172769417027274,0.000880958856871927,0.000633210020535876,0.000148419830647432,5.87294948339292e-05,9.84530513280108e-05,-0.00143063742448991
2022/03/06,0.0017368198413403,0.000907308361179009,0.000732702664285999,0.000302985746648052,0.000342930359256769,0.000319895579463056,0.0141161954478268
2022/03/07,0.00174471647661805,0.000898688445984453,0.000718272985602894,0.000348328399738897,0.00029180488914924,-0.000153167332425864,0.000982998135332327
2022/03/08,0.00175136913808806,0.000855836056758785,0.000591500507040133,0.00026767118066713,-4.32826776294156e-05,-0.000293681782173231,0.00380722157724854
2022/03/09,0.00175676671601175,0.000780897989474664,0.00037189837991462,9.02324344165724e-05,-0.000333972467261629,0.000203105625849139,0.00175570832159488
2022/03/10,0.00176090193856106,0.000677322857088293,9.38663147550992e-05,-0.000119484490986563,-0.00029747851619445,0.000258061300912587,0.000182455595863974
2022/03/13,0.00176377134973128,0.000549695880504689,-0.000198794390942342,-0.000285367902935772,2.76671816935136e-05,-0.000246347795114143,0.000584273677062772
2022/03/14,0.00176537526139137,0.000403524819209414,-0.000459913335221908,-0.000347567225606351,0.000322212123667123,-0.000214371469627921,0.00140682282618827
2022/03/15,0.00176571768768085,0.000244987635100926,-0.000648380422022385,-0.000284262116102431,0.000300410452268839,0.000281256450377093,0.000740585312697108
2022/03/16,0.00176480626458197,8.06541845472543e-05,-0.000734753268857664,-0.000119352353460284,-1.21635164356781e-05,0.0001643048318861,0.000184902857738307
2022/03/17,0.00176265215507168,-8.28047014267202e-05,-0.00070595913582609,8.66504981353676e-05,-0.000307909356627347,-0.000306558051811114,0.000755442592484223
2022/03/20,0.00175926994202452,-0.000238907000155339,-0.000567324440609794,0.000259025762792931,-0.000300607020310482,-0.000109826103209755,0.000373242859467924
2022/03/21,0.00175467751262913,-0.000381634699289116,-0.000341609058889578,0.000336174342121215,-2.96221984690937e-06,0.000321403798605168,0.000227472324670095
2022/03/22,0.00174889593628097,-0.000505681948939014,-6.52192348884278e-05,0.00029179949410696,0.000291373556625892,5.30754123034576e-05,-0.000826432215489838
2022/03/23,0.00174194933620313,-0.000606665270507423,0.000217761783665489,0.000143893122976255,0.000298138577462372,-0.000325407316521198,-1.21402332786261e-05
2022/03/24,0.00173386475456018,-0.000681287004650131,0.000462730447380674,-5.2546397479765e-05,1.74661469137094e-05,3.73645422000628e-06,0.00102571659905533
2022/03/27,0.00172467201252231,-0.00072744563780746,0.000631724728757234,-0.000226117745392806,-0.000272947946793224,0.000318657619537454,0.000463960969176495
2022/03/28,0.00171440356452202,-0.000744289360121186,0.000699420178518678,-0.000315167242496697,-0.000293130678603543,-5.84348408979733e-05,0.0025145203790787
2022/03/29,0.00170309434497854,-0.000732212023630381,0.000656995435920107,-0.000289838826159117,-3.11328940774381e-05,-0.000301707217665376,1.23311806336623e-05
2022/03/30,0.0016907816068396,-0.000692793441008663,0.000513266535777531,-0.000162086244315916,0.000252994179973311,0.000108984051057836,0.000370835311676303
2022/03/31,0.00167750475175444,-0.000628688558720518,0.000292948386517942,1.97049274724509e-05,0.000285754072207528,0.000275536809253601,-0.000615916388485448
2022/04/03,0.00166330515550873,-0.000543472326918954,3.23774181400631e-05,0.000189135026571029,4.37796175352425e-05,-0.000153580832153301,-0.000161670058682812
2022/04/04,0.00164822599000736,-0.000441448983449885,-0.000226558389337602,0.000286202782275179,-0.000231879070479294,-0.000241499054526679,0.000354908725510923
2022/04/05,0.00163231204338237,-0.000327435874928963,-0.000443255041393544,0.000278680390109264,-0.00027621445112093,0.000190734068014771,0.000126223865937033
2022/04/06,0.0016156095400007,-0.000206532802030122,-0.000584861714473609,0.000172793500887327,-5.52567676261313e-05,0.000201244887770469,8.7947355471363e-05
2022/04/07,0.00159816596092508,-8.38881748880875e-05,-0.000631336899160238,9.68060085127026e-06,0.00020996536814382,-0.000219326609921241,1.29397540493964e-05
2022/04/10,0.0015800298651958,3.55270035509098e-05,-0.000578301853352108,-0.000150605516708253,0.000264744154063233,-0.000156636792214694,-2.20686053488232e-06
2022/04/11,0.00156125071258016,0.000147127110167196,-0.000437283758255278,-0.000251323924143774,6.54480577538431e-05,0.000238656486474942,-0.000525124684577092
2022/04/12,0.00154187868885995,0.000246892889291543,-0.000233381164480155,-0.000259231632637284,-0.000187604280026303,0.000109654104290128,-0.000463067605297878
2022/04/13,0.00152196453437221,0.000331518179119911,-8.07598758953569e-07,-0.000175514425209295,-0.000251594714199806,-0.000248456048307432,-0.000536936927016637
2022/04/17,0.00150155937658214,0.000398517058366596,0.000222894789141581,-3.38899909282141e-05,-7.42699488927137e-05,-6.22955341432241e-05,-0.00113508575012616
2022/04/18,0.00148071456743281,0.000446288234141535,0.000402984749068859,0.000112889697631533,0.000165129192733468,0.000248888855682148,-0.00205295229669035
2022/04/19,0.00145948152590564,0.000474135698126773,0.000512982606056758,0.000212756354857005,0.000237030174590411,1.64840869403005e-05,-0.00206993944647689
2022/04/20,0.00143791158580155,0.000482246837855539,0.000538593710326162,0.000232868231164243,8.16707780069169e-05,-0.000240525290742815,-0.0016720418524116
2022/04/21,0.00141605584879425,0.000471631198016024,0.000479509520733465,0.000170350042591238,-0.000142850149276776,2.60208370089582e-05,-0.00173138229786716
2022/04/24,0.00139396504287245,0.000444024847914108,0.000348872092866942,5.17467057173163e-05,-0.000221320379068414,0.000224298960298254,-0.00108050027060065
2022/04/25,0.00137168938639271,0.00040176674708432,0.000170581246197294,-7.80317357733897e-05,-8.76290405994399e-05,-6.3699959267178e-05,-0.000783624644034321
2022/04/26,0.00134927845783496,0.000347654552361396,-2.50269989962425e-05,-0.000172731830644918,0.000121049075834105,-0.000201446852201746,-0.000644501404187555
2022/04/27,0.00132678107069497,0.000284787939640927,-0.000206354055388213,-0.000201286214059089,0.00020473422478651,9.53358678331259e-05,-0.000611261833508232
2022/04/28,0.00130424515386083,0.000216407711443798,-0.00034567893894891,-0.00015792903858861,9.21508247656113e-05,0.00017343690285653,-0.00064117861538925
2022/05/01,0.00128171763798551,0.00014573873176749,-0.000423422792005527,-6.26387194256541e-05,-9.99761399652456e-05,-0.000120057463872425,0.000480015745515851
2022/05/02,0.00125924434804954,7.58441030685162e-05,-0.000430877886833032,4.76535416472633e-05,-0.000187533484615816,-0.000141887041024848,0.000213176419708374
2022/05/03,0.00123686990209746,9.49702791507865e-06,-0.000371026163155934,0.00013333313856907,-9.52666862278822e-05,0.000137365542280453,-0.000485424761478245
2022/05/04,0.00121463761553495,-5.09244539247375e-05,-0.000257407531167631,0.000166348150848716,7.98474905554215e-05,0.000108480146724363,-0.000314365418571085
2022/05/05,0.00119258941152397,-0.00010351611165367,-0.000111324790167003,0.000139303486080147,0.000169967825517743,-0.000147138952655287,-0.000431131868645899
2022/05/08,0.00117076573807125,-0.000146897378510789,4.20648431980784e-05,6.64948220615266e-05,9.70287522061022e-05,-7.48793523607049e-05,-3.34124246654664e-05
2022/05/09,0.00114920549138194,-0.000180231838206444,0.00017806370850706,-2.28932862298261e-05,-6.08435955616705e-05,0.000149621889518669,0.00022876663059027
2022/05/10,0.00112794594525747,-0.000203219302445311,0.000276414629262299,-9.63696610696416e-05,-0.000152270432415848,4.26478426686554e-05,-6.53202125762268e-06
2022/05/11,0.00110702268547902,-0.000216061841920422,0.000324306029468992,-0.000129936821856848,-9.75076904204349e-05,-0.000145393650228029,0.000113389289477726
2022/05/12,0.00108646954849637,-0.000219407330692227,0.000317958240996911,-0.000115827028756979,4.31084031334192e-05,-1.31769049620441e-05,-0.000630476928215448
2022/05/15,0.00106631856511577,-0.000214275005133852,0.00026261243249631,-6.3724368667045e-05,0.000134654226899953,0.000135322949404411,-0.000576634800115544
2022/05/16,0.00104659991011543,-0.000201968192696551,0.000171024057075528,4.38785974833337e-06,9.6789285443552e-05,-1.23744201580927e-05,-0.000405178499528202
2022/05/17,0.00102734185861458,-0.000183979713055306,6.08101839045419e-05,6.32912321202262e-05,-2.67495388144126e-05,-0.000120509598517893,4.21865757482591e-05
2022/05/18,0.00100857074905565,-0.000161895492710955,-4.88263520958793e-05,9.38311182198493e-05,-0.000117308569043795,3.31255071387606e-05,0.000355263039436374
2022/05/19,0.000990310952425054,-0.000137301674333654,-0.000140399388105499,8.90338585301361e-05,-9.49700726628312e-05,0.000102217020088178,-0.000201115695941384
2022/05/22,0.000972584847075495,-0.000111699973344559,-0.000200905411581856,5.51369126419647e-05,1.18404168219168e-05,-4.85043410777636e-05,-0.000195527450535198
2022/05/23,0.000955412798769526,-8.64352772248535e-05,-0.00022361899147265,7.71015283574052e-06,0.000100397519008426,-8.17993091888987e-05,-0.000148950892727289
2022/05/24,0.000938813146943381,-6.26385502043704e-05,-0.000208680066918088,-3.51392069587601e-05,9.21532971640397e-05,5.82607742876935e-05,0.000144837605686105
2022/05/25,0.000922802197850156,-4.11870628946687e-05,-0.000162461258185422,-5.96078020070554e-05,1.57674801707336e-06,6.06267574296885e-05,-0.000456219580209772
2022/05/26,0.000907394224187699,-2.26828745472797e-05,-9.59169930613422e-05,-6.0521016498956e-05,-8.40595569839776e-05,-6.24627357871599e-05,-0.000211689047308984
2022/05/29,0.000892601470802049,-7.44941369880449e-06,-2.22807061934834e-05,-4.18396949492213e-05,-8.84457189430985e-05,-4.00136969309696e-05,-0.000500018240086471
2022/05/30,0.000878434167340561,4.45500974493453e-06,4.54346068976172e-05,-1.36751851371585e-05,-1.34873036405813e-05,6.1476256134725e-05,-0.000230909551340098
2022/05/31,0.000864900548238967,1.32088130226363e-05,9.66749852339415e-05,1.25418827071886e-05,6.84087726674208e-05,2.11522915403243e-05,-0.000593601293410479
2022/06/01,0.000852006879684132,1.91866389949421e-05,0.000124945560925002,2.85775934587503e-05,8.39552653089369e-05,-5.59309393221372e-05,-5.57989990496257e-05
2022/06/02,0.000839757492554761,2.29100346251432e-05,0.000128536952979233,3.18469290522632e-05,2.39004293618795e-05,-5.05544999869365e-06,-0.000678126388574587
2022/06/05,0.000828154820724505,2.49929072176699e-05,0.0001103186168174,2.51328566756577e-05,-5.35362685802171e-05,4.66732415368786e-05,-0.000516079174391894
2022/06/06,0.000817199444178372,2.60854431958062e-05,7.67147277919928e-05,1.41354910602595e-05,-7.87887416325e-05,-7.48859732184597e-06,-0.000374625767272084
2022/06/07,0.000806890137567591,2.6820048576633e-05,3.61203553215175e-05,4.26740500920408e-06,-3.28456293106704e-05,-3.47104235988904e-05,-0.000501092893565384
2022/06/08,0.00079722392432872,2.77625448681699e-05,-2.8991813977736e-06,-1.74365926497095e-06,3.95113231060052e-05,1.59482048395538e-05,-0.000622822156479705
2022/06/09,0.000788196136199294,2.93713596021899e-05,-3.32672316902388e-05,-4.44548355604325e-06,7.304957365241e-05,2.11484393618055e-05,-0.000395946793569417
2022/06/12,0.00077980047826778,3.19668239788192e-05,-5.06071896967818e-05,-6.40835519666214e-06,4.03692615196822e-05,-2.0065629264237e-05,2.84086103913997e-05
2022/06/13,0.000772029099334253,3.57119706485464e-05,-5.38078395591157e-05,-9.99059844100684e-06,-2.6382774541948e-05,-7.12706042656334e-06,3.8822202985834e-05
2022/06/14,0.000764872666506514,4.06054582468532e-05,-4.48827869947223e-05,-1.54136422610501e-05,-6.68357726865344e-05,1.98594265418324e-05,0.000136335650647107
2022/06/15,0.000758320442843613,4.64864845000091e-05,-2.8205927254769e-05,-2.0219667597699e-05,-4.6530911337796e-05,-6.24445156336468e-06,0.000111205030410006
2022/06/16,0.000752360367426065,5.3050830485e-05,-9.32265834931264e-06,-2.04454733332512e-05,1.41810208715498e-05,-1.56122950475587e-05,0.000108863207947508
2022/06/19,0.000746979137418012,5.98765422514866e-05,6.39120200219166e-06,-1.29466997711944e-05,6.02385936348719e-05,1.79479148517678e-05,-0.000197203690387135
2022/06/20,0.000742162291692833,6.64572354845389e-05,1.49358744969477e-05,2.32312409407215e-06,5.13998901729329e-05,7.84540356026579e-06,-0.00034478281950159
2022/06/21,0.000737894295795694,7.22406296175451e-05,1.45151315322578e-05,2.13305618497028e-05,-2.92068331741372e-06,-2.71100854599048e-05,0.000376436149982119
2022/06/22,0.000734158628404076,7.66696951912478e-05,5.82988106445635e-06,3.69718174043129e-05,-5.33421033949327e-05,2.71917977636034e-06,0.000130212901554479
2022/06/23,0.00073093786892705,7.92237363336308e-05,-8.20054942010898e-06,4.18399183829685e-05,-5.50520982948526e-05,3.30472760624675e-05,-0.000205138151991155
2022/06/26,0.000728213784831239,7.94568268171431e-05,-2.32079417163976e-05,3.16353619229269e-05,-7.3962255201955e-06,-1.52057409375466e-05,0.00123721293460283
2022/06/27,0.000725967418681071,7.70312656845242e-05,-3.44547813914263e-05,7.68517297066432e-06,4.62237508801475e-05,-3.52986842831307e-05,-0.00032940714254185
2022/06/28,0.000724179174239526,7.17440888044469e-05,-3.79835881896492e-05,-2.27073761191117e-05,5.75676439876872e-05,2.86392783934743e-05,-0.000289101221116374
2022/06/29,0.00072282890004738,6.3545142788197e-05,-3.15864749672161e-05,-4.85009312976181e-05,1.67771027640196e-05,3.36469979182088e-05,-5.08547372529708e-05
2022/06/30,0.00072189597232625,5.25457734329322e-05,-1.53872025072038e-05,-5.90469372610867e-05,-3.89555550414328e-05,-4.20041836041448e-05,0.000104850132654685
2022/07/03,0.000721359378131133,3.90177530751592e-05,8.08870840332031e-06,-4.85258721368779e-05,-5.90288877118328e-05,-2.81252471867083e-05,-0.000268140832574193
2022/07/04,0.000721197798051135,2.33826425565264e-05,3.43728590285817e-05,-1.88332665563621e-05,-2.52353271741086e-05,5.43042709625845e-05,0.000727067023131643
2022/07/05,0.000721389688352686,6.19232900277389e-06,5.79492442646366e-05,2.04316179170531e-05,3.16062319113619e-05,1.90094577835798e-05,0.00119101443076791
2022/07/06,0.000721913361948865,-1.18980336294037e-05,7.34032474841789e-05,5.51083972805716e-05,5.95200555629581e-05,-6.46207278572083e-05,0.000283408699210039
2022/07/07,0.00072274706528342,-3.01630528939322e-05,7.65889105668231e-05,7.17016141110796e-05,3.27880375167222e-05,-6.7975235780187e-06,0.000139688948993906
2022/07/10,0.00072386904950127,-4.78441590523014e-05,6.55736782822662e-05,6.27187071148204e-05,-2.42437061385793e-05,7.21645719615642e-05,0.00022768685833096
2022/07/11,0.000725257637386018,-6.41885678346407e-05,4.11626014104145e-05,2.99832986618454e-05,-5.91282755533981e-05,-7.82440434586475e-06,0.000533105710275626
2022/07/12,0.000726891286906227,-7.84879506371992e-05,6.88619363842143e-06,-1.55157027771675e-05,-3.94550869534371e-05,-7.63204938965724e-05,0.000917369753719728
2022/07/13,0.000728748651126552,-9.01146829113547e-05,-3.15584907580834e-05,-5.73654492037235e-05,1.69368929441503e-05,2.40259003323771e-05,0.000787037178470083
2022/07/14,0.000730808633831498,-9.85537231265983e-05,-6.7316073261574e-05,-7.97642581765444e-05,5.79447191723403e-05,7.66796141658666e-05,0.000399747087395012
2022/07/17,0.000733050440229782,-0.000103428458603965,-9.36433803976353e-05,-7.35898242423374e-05,4.52596779529726e-05,-4.0883693379573e-05,0.000440570238440757
2022/07/18,0.000735453622938383,-0.000104519220989996,-0.000105201533214099,-4.01373150261325e-05,-9.75529413959311e-06,-7.30594130290398e-05,0.000309471153460478
2022/07/19,0.000737998124213088,-0.000101773602252291,-9.91211690924611e-05,9.00781674412184e-06,-5.60650210019642e-05,5.7437325284078e-05,9.56526105428518e-07
2022/07/20,0.000740664315190375,-9.53081681322869e-05,-7.56323103486462e-05,5.60391419919724e-05,-5.02297288636291e-05,6.55099871244237e-05,0.000416176763037791
2022/07/21,0.000743433032840819,-8.54016413742305e-05,-3.81303971121022e-05,8.34875706705213e-05,2.76792103113895e-06,-7.27456098282677e-05,0.000230395123772121
2022/07/24,0.000746285614722827,-7.24800859253145e-05,7.34506153951879e-06,8.08140781084592e-05,5.35898377131882e-05,-5.43065213219724e-05,-1.72339848367063e-05
2022/07/25,0.000749203930701087,-5.70950396192038e-05,5.31326897641426e-05,4.85134280037731e-05,5.4399913648134e-05,8.59405771098742e-05,0.00200130250039219
2022/07/26,0.0007521704116374,-3.98958914215498e-05,9.12912606325891e-05,-1.88572855523837e-06,3.95855946996321e-06,3.9928703604468e-05,-0.000163904315367632
2022/07/27,0.000755168073500005,-2.15980697132539e-05,0.00011501923048725,-5.19902367837075e-05,-5.06248723295944e-05,-9.62757152805762e-05,1.9595901198775e-06
2022/07/28,0.000758180534290023,-2.94878198826759e-06,0.000119892938421783,-8.33509719599441e-05,-5.78137341162563e-05,-2.30285740777558e-05,-0.000221663410569583
2022/07/31,0.000761192026850081,1.53078910722345e-05,0.00010469582962543,-8.43545739705305e-05,-1.03621779749021e-05,0.000103165559348274,0.000195866445049414
2022/08/01,0.000764187409906065,3.24647681310814e-05,7.16841962425593e-05,-5.45893546572778e-05,4.72804335691945e-05,4.38921075099407e-06,8.30193360573833e-05
2022/08/02,0.000767152177342251,4.78825393292276e-05,2.62364975146359e-05,-5.02296212864953e-06,6.05252449756938e-05,-0.00010621425245365,3.9142755420491e-05
2022/08/03,0.000770072464814444,6.10164703731629e-05,-2.40553030682176e-05,4.60843403551734e-05,1.63879693922592e-05,1.5122697151474e-05,1.15643609817036e-05
2022/08/04,0.000772935053663619,7.14376459688714e-05,-7.06931005620373e-05,7.99891821443014e-05,-4.36697662777769e-05,0.000105231951397568,-0.000199806966334545
2022/08/07,0.000775727372557312,7.8847889095567e-05,-0.000105747436692505,8.44270773564601e-05,-6.25985973599415e-05,-3.4607207800105e-05,6.84090284321212e-06
2022/08/08,0.000778437497117902,8.30878542342249e-05,-0.000123238260030287,5.81094620209326e-05,-2.19894136540894e-05,-0.000100238705869889,-6.00324338187942e-05
2022/08/09,0.000781054147969187,8.41381668813354e-05,-0.000120177111885853,1.10863408848795e-05,3.99061902770566e-05,5.31812811354773e-05,-7.04720152620822e-05
2022/08/10,0.000783566687565742,8.21138464917684e-05,-9.7086887848366e-05,-3.91203630219736e-05,6.41062279907642e-05,9.14562135194579e-05,-0.000434832724697393
2022/08/11,0.000785965116024272,7.72525861242602e-05,-5.79086210018916e-05,-7.41125423879019e-05,2.71298033784481e-05,-7.00257265984691e-05,-0.000174256615538717
2022/08/14,0.000788240066149433,6.98977531376567e-05,-9.31365676409746e-06,-8.14326004419408e-05,-3.60994477138937e-05,-7.92885357914826e-05,6.21674214243247e-05
2022/08/15,0.000790382798236927,6.0477208338834e-05,4.04554802598781e-05,-5.90482260805379e-05,-6.5126159860802e-05,8.44263682286552e-05,1.98325308770457e-05
2022/08/16,0.000792385194734885,4.94792044530369e-05,8.3009988136314e-05,-1.58734192670232e-05,-3.17828341920469e-05,6.42934920682033e-05,-0.000210609625933369
2022/08/17,0.000794239754170833,3.74267150350093e-05,0.000111254805911687,3.17853756685882e-05,3.23525619245965e-05,-9.58073013101858e-05,-0.000442986911400528
2022/08/18,0.000795939584048624,2.48515630806976e-05,0.000120592736595023,6.64373137307864e-05,6.57392660377888e-05,-4.7146918191683e-05,-0.000475370545301236
2022/08/21,0.000797478393135203,1.2269665710996e-05,0.000109685592097092,7.58868139332901e-05,3.59326778524899e-05,0.000103754746585451,5.45111106854783e-05
2022/08/22,0.000798850483846041,1.58590563586741e-07,8.06451408486292e-05,5.7562014369849e-05,-2.87592659360179e-05,2.86022799108664e-05,-0.000484030243602955
2022/08/23,0.000800050744236838,-1.10615620915007e-05,3.86278142835126e-05,1.91429434200706e-05,-6.60268463341005e-05,-0.000108030636132246,0.000103085542617427
2022/08/24,0.000801074638877158,-2.1043163332063e-05,-9.08855175065698e-06,-2.46270979632525e-05,-3.95740050049627e-05,-9.44822897050995e-06,-4.54625918557127e-05
2022/08/25,0.000801918199360202,-2.95214125334396e-05,-5.43786369117194e-05,-5.76303751506275e-05,2.54018857216227e-05,0.000108575727607995,-0.000189725388094032
2022/08/28,0.000802578014594088,-3.63197903033779e-05,-8.96686048122489e-05,-6.83561067278638e-05,6.60687981795214e-05,-9.53325184763701e-06,-0.000124078059082481
2022/08/29,0.000803051220915805,-4.13506279383491e-05,-0.000109216613408089,-5.39372467915658e-05,4.27121961856338e-05,-0.000105502696532017,0.000313739767568583
2022/08/30,0.000803335492353518,-4.4611077070684e-05,-0.000110056268008734,-2.08191929095284e-05,-2.23494313946717e-05,2.76056692985352e-05,0.000425033807731565
2022/08/31,0.000803429030913037,-4.61749994093074e-05,-9.24469317658008e-05,1.80447668504726e-05,-6.59416797051133e-05,9.90803754837966e-05,0.000198647437632915
2022/09/01,0.000803330556116399,-4.6181492312572e-05,-5.97632271008345e-05,4.82718796576239e-05,-4.53629374075462e-05,-4.41117751994005e-05,0.000126343996246331
2022/09/04,0.000803039293171205,-4.48209100349975e-05,-1.78543870640168e-05,5.94053487997914e-05,1.96561306575264e-05,-8.97107078858536e-05,-0.000275489767643655
2022/09/05,0.000802554960064226,-4.23193277017011e-05,2.60050211757837e-05,4.85400893837302e-05,6.57165953375925e-05,5.85007256601501e-05,-0.000155321063919781
2022/09/06,0.000801877754292945,-3.89224265318989e-05,6.43837326099536e-05,2.09589532879397e-05,4.75512218838987e-05,7.79002860484568e-05,9.28747840870541e-06
2022/09/07,0.000801008339812353,-3.48797568286505e-05,9.09591272230999e-05,-1.22951466502293e-05,-1.73605978100476e-05,-7.03475944348028e-05,6.44256286882773e-05
2022/09/08,0.000799947833573355,-3.04302639582018e-05,0.000101562572101337,-3.88327986444729e-05,-6.54573645197742e-05,-6.42284592216257e-05,-0.000187646519330617
2022/09/11,0.00079869779114753,-2.57898431002113e-05,9.48313238277546e-05,-4.95544275548379e-05,-4.93099122022858e-05,7.93647775557827e-05,-0.000283922709673732
2022/09/12,0.000797260191891212,-2.11415296977284e-05,7.23656676863881e-05,-4.17662278645362e-05,1.54861297120274e-05,4.9314059832202e-05,0.000313744708440435
2022/09/13,0.000795637424447134,-1.66287475981651e-05,3.83776524606818e-05,-1.97107881680796e-05,6.52197922662806e-05,-8.54052542370518e-05,-5.62407917079988e-06
2022/09/14,0.000793832272181601,-1.23518382653599e-05,-1.09458892035719e-06,7.51133982193831e-06,5.06785286059754e-05,-3.3782716247468e-05,-1.75997176329943e-07
2022/09/15,0.000791847897557898,-8.36788851312681e-06,-3.92605176346672e-05,2.96676153714134e-05,-1.40415486765006e-05,8.84581897560976e-05,-1.67117478611144e-05
2022/09/18,0.000789687825736459,-4.69366990264026e-06,-6.97473209545618e-05,3.92497029424817e-05,-6.50512598317789e-05,1.8236550534941e-05,-0.000106501828524901
2022/09/19,0.000787355927709548,-1.31131772319265e-06,-8.76641348495154e-05,3.40023249236595e-05,-5.17017786725209e-05,-8.86377261023518e-05,0.000165920704714374
2022/09/20,0.000784856403080021,1.82377930600117e-06,-9.03823256184741e-05,1.72796221230944e-05,1.3022141724668e-05,-3.22776480527317e-06,0.000313157144189962
2022/09/21,0.000782193762848416,4.7735283805042e-06,-7.79079837117974e-05,-3.72416476390567e-06,6.49899848593471e-05,8.61661451067885e-05,5.89717272806473e-05
2022/09/22,0.00077937281179814,7.60684738263667e-06,-5.27965100180177e-05,-2.10156152212651e-05,5.24280818685013e-05,-1.07626051092327e-05,-6.15090107007623e-05
2022/09/25,0.000776398629852282,1.03893033615068e-05,-1.96390646298995e-05,-2.88452587518212e-05,-1.24100166478504e-05,-8.13528656228694e-05,0.000735639272438651
2022/09/26,0.000773276552575388,1.31734204249222e-05,1.57772977896772e-05,-2.55932509756581e-05,-6.50637336627863e-05,2.33399347369032e-05,0.000221209779111554
2022/09/27,0.000770012150818144,1.59903439684768e-05,4.74819128005098e-05,-1.38901564634241e-05,-5.29078283421004e-05,7.45709890990509e-05,-2.12554118806569e-05
2022/09/28,0.000766611208588944,1.88434484157453e-05,7.03275000964004e-05,8.91518143578125e-07,1.21747218645675e-05,-3.42048969383617e-05,-2.22955001708737e-05
2022/09/29,0.000763079699649846,2.17043464559279e-05,8.08216683290393e-05,1.30148931994255e-05,6.52888231403044e-05,-6.62331291256173e-05,6.14226983510743e-05
2022/10/02,0.000759423763537334,2.4511600556424e-05,7.76490921065715e-05,1.85987365504546e-05,5.3191755940304e-05,4.31561878314213e-05,0.000276109863477491
2022/10/03,0.000755649681126058,2.71722613157638e-05,6.18083515174565e-05,1.68224331348565e-05,-1.22740417568237e-05,5.67681961633544e-05,-0.000326055881500666
2022/10/04,0.000751763849241372,2.95661737715748e-05,3.63559193292081e-05,9.75837895618596e-06,-6.56694636631557e-05,-5.00877227231843e-05,0.000148640865088
2022/10/05,0.0007477727542447,3.15528143990757e-05,5.81672064579951e-06,1.0727265200179e-06,-5.33293392080789e-05,-4.66004051843721e-05,-0.000333805271417142
2022/10/06,0.000743682945609853,3.2980256847172e-05,-2.46253819864454e-05,-5.72348441989973e-06,1.26553806163817e-05,5.49812431998807e-05,-0.000373255959866942
2022/10/09,0.00073950101008889,3.36957184901245e-05,-5.00116252899473e-05,-8.67851414112419e-06,6.61978435014294e-05,3.61315251290411e-05,-0.000236058957778414
2022/10/10,0.000735233547327632,3.35570244610255e-05,-6.64154303376472e-05,-7.90231178362783e-06,5.33675683276478e-05,-5.78954311470467e-05,-4.60309668479839e-05
2022/10/11,0.000730887147188482,3.24442464298291e-05,-7.15412151111287e-05,-5.06684924586269e-06,-1.32570136959591e-05,-2.5726988282345e-05,-7.60693272830158e-05
2022/10/12,0.000726468368370175,3.02707379225962e-05,-6.50251201171458e-05,-2.26471428733327e-06,-6.68539613807168e-05,5.89528413618989e-05,-0.000107657151869475
2022/10/13,0.000721983718203554,2.69928023212966e-05,-4.8402508496352e-05,-8.46264905774245e-07,-5.33492109564231e-05,1.57060637123948e-05,-0.000104407599878696
2022/10/16,0.000717439633718853,2.26172924016388e-05,-2.47649056997963e-05,-8.10879781472651e-07,1.40099109773172e-05,-5.83258446535593e-05,-3.93702069629803e-05
2022/10/17,0.000712842464114362,1.72065479135058e-05,1.82009027983969e-06,-1.01560863969268e-06,6.76056392014383e-05,-6.33596996342377e-06,-0.00011999916290603
2022/10/18,0.000708198454582553,1.08802244543234e-05,2.70168033306722e-05,-4.16047936336534e-08,5.33106128391145e-05,5.6222629351377e-05,-0.000200164119764406
2022/10/19,0.000703513731354623,3.81374491163612e-06,4.69331699111225e-05,2.77256598562664e-06,-1.48403143259592e-05,-2.17042990713571e-06,-0.000201106467929914
2022/10/20,0.000698794287804181,-3.76669630364231e-06,5.8718735241104e-05,6.70577599470302e-06,-6.84090532198336e-05,-5.28741265884716e-05,-7.06509229280404e-05
2022/10/23,0.000694045971755138,-1.15924375801016e-05,6.09578003353999e-05,9.81054425905729e-06,-5.32796169936831e-05,9.65394634831679e-06,-0.000145748208124127
2022/10/24,0.000689274474211606,-1.93636197172803e-05,5.38065216543992e-05,9.83086373178605e-06,1.56726374161163e-05,4.85225254688369e-05,7.09905972345354e-05
2022/10/25,0.000684485319587657,-2.67628888713455e-05,3.88687243516104e-05,5.46328414664552e-06,6.92100341521592e-05,-1.60060924238625e-05,-0.000361645380942864
2022/10/26,0.000679683857128619,-3.34708389980452e-05,1.88488916972068e-05,-2.66952533502735e-06,5.32742777695205e-05,-4.34117669657595e-05,-0.000351113895296514
2022/10/27,0.000674875253332059,-3.9182372929108e-05,-2.945084646646e-06,-1.18792528696844e-05,-1.64321146975134e-05,2.11646193379928e-05,-0.0002631610475271
2022/10/30,0.000670064486171629,-4.3623076869821e-05,-2.31574353872333e-05,-1.8295808568407e-05,-6.9945666908339e-05,3.77801632890045e-05,9.75503382731668e-05
2022/10/31,0.000665256341695678,-4.65646717194955e-05,-3.89039965761894e-05,-1.84854483544984e-05,-5.33019855128321e-05,-2.51082819225511e-05,-6.76139576101112e-05
2022/11/01,0.000660455412678203,-4.78386285639358e-05,-4.81750629754684e-05,-1.11297690475061e-05,1.70472263383687e-05,-3.18550219322382e-05,-8.83581564974232e-05
2022/11/02,0.000655666098865775,-4.7347111913331e-05,-5.00672446719257e-05,2.01301074707248e-06,7.05460307565755e-05,2.78514724601149e-05,-0.000312309256244282
2022/11/03,0.000650892608971288,-4.50705398331785e-05,-4.48230850267301e-05,1.63995806959114e-05,5.3359209503073e-05,2.58490311315642e-05,-0.000217818805441927
2022/11/06,0.000646138964605698,-4.10712220050459e-05,-3.36909024256856e-05,2.62715394629255e-05,-1.74514948198552e-05,-2.94392223740839e-05,0.000148822337556047
2022/11/07,0.000641409006169774,-3.54927459072715e-05,-1.86456788627445e-05,2.69610287264935e-05,-7.09360670778123e-05,-1.99580195755925e-05,-0.000175358523472847
2022/11/08,0.000636706400309096,-2.85550158242977e-05,-2.0303616741294e-06,1.70087139484651e-05,-5.34318996053888e-05,2.99429244436604e-05,-0.000144687761597405
2022/11/09,0.000632034648485362,-2.05450942828425e-05,1.3816653851599e-05,-8.39853953173859e-07,1.75852125431379e-05,1.43596436363728e-05,-5.76142102804559e-05
2022/11/10,0.000627397097015927,-1.18042359761679e-05,2.68877498331133e-05,-2.03007765553681e-05,7.10382892092732e-05,-2.94569605597699e-05,-0.000189594162967008
2022/11/13,0.000622796948415724,-2.71172989947322e-06,3.57413373151494e-05,-3.37643772604072e-05,5.34967011286926e-05,-9.21247599217729e-06,-0.000176197403707508
2022/11/14,0.000618237273640956,6.33363989083546e-06,3.96227926300644e-05,-3.52740181252673e-05,-1.73971840067826e-05,2.80962367399882e-05,0.000195971259230206
2022/11/15,0.000613721025226435,1.49335531838356e-05,3.84703916509379e-05,-2.31038536090427e-05,-7.07760850648626e-05,4.6549849569411e-06,-4.75400163442444e-05
2022/11/16,0.000609251050954786,2.2710469222057e-05,3.28251239650605e-05,-8.38641666102084e-07,-5.35227236584401e-05,-2.59943610358177e-05,-0.000152701917781544
2022/11/17,0.000604830107440123,2.93271927640826e-05,2.36764025118111e-05,2.3610214010241e-05,1.68461761349586e-05,-8.04026990708235e-07,-0.000110010065870508
2022/11/20,0.000600460873911997,3.45046039402643e-05,1.22806484810058e-05,4.08152842272975e-05,7.0077113402739e-05,2.33020682777681e-05,0.00124177940775893
2022/11/21,0.000596145966383422,3.80365434741746e-05,-1.33863657824491e-08,4.34712693887144e-05,5.34739302222414e-05,-2.24729986314512e-06,-0.000231743023239625
2022/11/22,0.000591887950524042,3.98009778633048e-05,-1.19081360627755e-05,2.94552928637982e-05,-1.59016790444241e-05,-2.0185425483935e-05,0.00026926401933999
2022/11/23,0.00058768935123014,3.97667584282364e-05,-2.22579677000935e-05,3.04125007018815e-06,-6.88765715412411e-05,4.43241638792185e-06,-0.000280339236875152
2022/11/24,0.000583552660513892,3.79955276302046e-05,-3.01283689970987e-05,-2.63417537274936e-05,-5.33117077508426e-05,1.68233694157424e-05,-0.000221570727084404
2022/11/27,0.000579480344759674,3.46385876780426e-05,-3.48245755902207e-05,-4.74731038965581e-05,1.45445907604365e-05,-5.71437091399784e-06,0.000354967527202623
2022/11/28,0.00057547485228375,2.99288220667333e-05,-3.59052876283053e-05,-5.16264532593095e-05,6.71201546893471e-05,-1.34042013558768e-05,0.000483388113203661
2022/11/29,0.000571538621086405,2.41680342664123e-05,-3.31959047042848e-05,-3.61398125610645e-05,5.29970451046672e-05,6.08890617909535e-06,-5.65968893712302e-05
2022/11/30,0.000567674085264744,1.77103265380035e-05,-2.68093735295148e-05,-5.82080336611857e-06,-1.2767349776805e-05,1.0121072664008e-05,-5.8123957794317e-05
2022/12/01,0.000563883679621776,1.09423766759843e-05,-1.7173334919468e-05,2.84891745418647e-05,-6.47656530511558e-05,-5.58719461941575e-06,7.96189517504147e-05
2022/12/04,0.000560169843448843,4.26166302239501e-06,-5.05263421724863e-06,5.37871059031358e-05,-5.249202992234e-05,-7.16646428664165e-06,0.000180432516051857
2022/12/05,0.000556535023887487,-1.94617857519681e-06,8.4506039187853e-06,5.98345291854948e-05,1.05735134176919e-05,4.2779869299407e-06,0.000123502521235797
2022/12/06,0.00055298167851695,-7.32961323752858e-06,2.19388872059581e-05,4.32713998488591e-05,6.17837284292234e-05,4.72564463572069e-06,0.000352587274600817
2022/12/07,0.000549512276672123,-1.15918260236582e-05,3.38182821734963e-05,9.27467342443947e-06,5.17613394138981e-05,-2.26880560089859e-06,0.0003299180599406
2022/12/08,0.000546129299013438,-1.45085120523552e-05,4.24589344827882e-05,-3.00052137570902e-05,-7.97646089068281e-06,-2.96913252514112e-06,0.000313330085729044
2022/12/11,0.000542835234749212,-1.59417795784415e-05,4.64072512940318e-05,-5.97806015355587e-05,-5.8157846163172e-05,-2.94206367416106e-07,0.000152399947601345
2022/12/12,0.000539632576532409,-1.58492975203077e-05,4.46242928276357e-05,-6.81892684868923e-05,-5.07736402459654e-05,2.04434978176511e-06,0.000180850987111356
2022/12/13,0.00053652381356786,-1.4288060553318e-05,3.67120175371704e-05,-5.09916026798619e-05,4.99762457574255e-06,3.22818478824264e-06,-9.20379772358352e-05
2022/12/14,0.000533511423600923,-1.14124282471992e-05,2.3082195476656e-05,-1.35516377644999e-05,5.38836499307286e-05,-2.06676150677532e-06,-5.74034414898331e-05
2022/12/15,0.000530597864173434,-7.46640605042409e-06,5.02455962749638e-06,3.07813272313782e-05,4.9502662730173e-05,-6.31749962858722e-06,0.000108785491916529
2022/12/18,0.000527785563553313,-2.77045806729664e-06,-1.53579563835815e-05,6.54249693172641e-05,-1.66451452411937e-06,3.11102074715594e-06,8.62713753572645e-05
2022/12/19,0.000525076911150056,2.29654156964539e-06,-3.53592360532098e-05,7.67597965470303e-05,-4.89675776446067e-05,9.32003612269291e-06,0.000167478528308392
2022/12/20,0.000522474247019785,7.31932029149623e-06,-5.20121479622837e-05,5.94547589887156e-05,-4.79273766509691e-05,-5.20269069228867e-06,-0.000110785110994455
2022/12/21,0.000519979850387022,1.18710345402914e-05,-6.25230657311138e-05,1.88492643349755e-05,-1.99054029549093e-06,-1.19759074734076e-05,-4.91326357622769e-05
2022/12/22,0.00051759592751353,1.55395744115576e-05,-6.47361449814977e-05,-3.06369644654194e-05,4.34259301668486e-05,8.31123963495391e-06,-1.65756227997281e-06
2022/12/26,0.000515324599570033,1.79538839809615e-05,-5.75507883838447e-05,-7.06165793835271e-05,4.60321597984153e-05,1.40185040194246e-05,0.000146577220398537
2022/12/27,0.000513167890706989,1.88087893857345e-05,-4.1214297255685e-05,-8.5558828842959e-05,5.93116207214819e-06,-1.23449990175352e-05,2.95402829513079e-05
2022/12/28,0.000511127716048327,1.78868633478994e-05,-1.74244905325045e-05,-6.87941769021326e-05,-3.72843457956516e-05,-1.5187535295687e-05,5.32459691297493e-05
2022/12/29,0.000509205869507634,1.50759761263657e-05,1.07967950968722e-05,-2.53867098087684e-05,-4.38067901666134e-05,1.71487522439071e-05,6.06210700060243e-06
2023/01/02,0.00050740401169668,1.03813831880423e-05,3.94623815181299e-05,2.93319098808108e-05,-1.01172138140938e-05,1.52435742242735e-05,0.000213498953306157
2023/01/03,0.00050572365805849,3.93146844422919e-06,6.41733601716683e-05,7.51697064774188e-05,3.05774946485688e-05,-2.2504519908488e-05,7.7434832108113e-05
2023/01/04,0.000504166166818947,-4.02341408799026e-06,8.07927582764022e-05,9.45176915744293e-05,4.12463365484298e-05,-1.39834150332405e-05,-2.96751240969773e-05
2023/01/05,0.000502732726137199,-1.31191924351251e-05,8.61364625363711e-05,7.90870234789353e-05,1.45050012252186e-05,2.81359806811809e-05,-0.00011107900162378
2023/01/08,0.000501424340392374,-2.28932269071055e-05,7.85662833332056e-05,3.33708975925076e-05,-2.33486688537661e-05,1.12554081495532e-05,-0.000150670033706769
2023/01/09,0.000500241815966636,-3.28057739851572e-05,5.83768483034007e-05,-2.65878667866621e-05,-3.83508297983652e-05,-3.37167594903062e-05,4.7178565790454e-05
2023/01/10,0.000499185746967681,-4.22668118030747e-05,2.78943059274524e-05,-7.88191660024526e-05,-1.90472599851627e-05,-6.97379685534202e-06,7.44139817508986e-05
2023/01/11,0.000498256501388145,-5.0666948873868e-05,-8.75250115819346e-06,-0.00010346945572776,1.56494878208937e-05,3.88826025641494e-05,2.41413139866338e-05
2023/01/12,0.000497454207829395,-5.74108719258408e-05,-4.61749158283475e-05,-9.03233330886581e-05,3.5124939019883e-05,1.13108570021262e-06,-9.1896111706644e-05
2023/01/15,0.000496778742944013,-6.19515979190892e-05,-7.85134644961125e-05,-4.29608909977482e-05,2.36931756556501e-05,-4.32471621163746e-05,-0.000108388803070339
2023/01/16,0.000496229719914113,-6.38236925197956e-05,-0.000100358339493204,2.21178850493301e-05,-7.53944715907935e-06,6.19256347700805e-06,-3.83756892683722e-05
2023/01/17,0.000495806478513434,-6.26736112907669e-05,-0.00010765647307778,8.12346070417615e-05,-3.15775016831152e-05,4.6420904573179e-05,1.27335959232873e-05
2023/01/18,0.000495508076954356,-5.82854147623183e-05,-9.84528684489524e-05,0.000112144044221814,-2.83883876029632e-05,-1.48238360608564e-05,5.32723856989202e-05
2023/01/19,0.000495333285246173,-5.06003006234766e-05,-7.33320128342352e-05,0.000102384339017192,-9.14445825004468e-07,-4.80323608001194e-05,-6.679550418053e-05
2023/01/22,0.00049528057966641,-3.9728676004355e-05,-3.54674404768436e-05,5.42375740273882e-05,2.77214288951599e-05,2.44954614917579e-05,-0.000228981927599517
2023/01/23,0.000495348138311922,-2.59538467183383e-05,9.75197055710084e-06,-1.56543954685409e-05,3.30754223096174e-05,4.77507087464457e-05,-0.000193660997738207
2023/01/24,0.0004955338379778,-9.72681220850081e-06,5.54809248133602e-05,-8.20362742100832e-05,9.63812124713539e-06,-3.48506875587223e-05,9.26488993901044e-06
2023/01/25,0.000495835252575406,8.34789513897798e-06,9.44568358001412e-05,-0.000120165772333979,-2.35738551579836e-05,-4.53084785798539e-05,-2.28508774427095e-05
2023/01/26,0.000496249652932666,2.75349225802155e-05,0.000120161263255734,-0.000115021498355991,-3.76944009619722e-05,4.54533550303645e-05,-0.000157173294481016
2023/01/29,0.000496774007795559,4.69985027685525e-05,0.000127916856799972,-6.71696200178095e-05,-1.85510634534303e-05,4.0523043679674e-05,-5.76907275725177e-05
2023/01/30,0.000497404986044136,6.5839272495484e-05,0.000115734257129105,6.98636266404378e-06,1.91562302186549e-05,-5.58035583440041e-05,-0.00024385955020742
2023/01/31,0.000498138960027297,8.31358573396723e-05,8.47561692457017e-05,8.08234984811217e-05,4.21838119354979e-05,-3.33154685921317e-05,-0.000276156828437159
2023/02/01,0.000498972009722033,9.79892828203297e-05,3.92060683367233e-05,0.000127063209702561,2.75670162641639e-05,6.5358530429518e-05,-0.000311441117275329
2023/02/02,0.000499899927840659,0.000109568072361249,-1.4172227725432e-05,0.00012784320215153,-1.44944092314625e-05,2.3725313086594e-05,-0.000122372878483137
2023/02/05,0.000500918225775366,0.000117151794293312,-6.71131610961383e-05,8.15799966970543e-05,-4.64812276834931e-05,-7.3557996462299e-05,1.00603684761988e-05
2023/02/06,0.00050202214012581,0.000120170832935451,-0.000111118752895516,3.99679058989525e-06,-3.65944147370742e-05,-1.19201002091624e-05,1.8962504190596e-05
2023/02/07,0.000503206639667101,0.000118240285062658,-0.000138836298261309,-7.72155605845546e-05,9.61910318442362e-06,7.98528938465713e-05,-0.00014299106291489
2023/02/08,0.000504466432955448,0.000111186118923177,-0.000145299105518823,-0.000132294075739158,5.052427854091e-05,-1.80157051904332e-06,-1.74830786425107e-05
2023/02/09,0.000505795976844578,9.90620678784238e-05,-0.000128819081112573,-0.000140315322582636,4.55369687547684e-05,-8.37360543716778e-05,0.000232196444589117
2023/02/12,0.000507189486261876,8.21561498491053e-05,-9.13703076878673e-05,-9.71208250088293e-05,-4.5662784378922e-06,1.70140189986264e-05,-0.000113793243975019
2023/02/13,0.000508640945175464,6.09861867003916e-05,-3.83821654107493e-05,-1.72606382755439e-05,-5.42517559304484e-05,8.47732476271e-05,-9.41138198862142e-05
2023/02/14,0.000510144118620421,3.62842229439727e-05,2.20434115376763e-05,7.09032036995409e-05,-5.42944629173607e-05,-3.3175944081387e-05,-0.000160615549802863
2023/02/15,0.000511692565986743,8.9702850641611e-06,8.03790046219445e-05,0.000135288480531819,-6.22408391989076e-07,-8.26328122441166e-05,-0.000298848115568562
2023/02/16,0.000513279655512742,-1.98835473259225e-05,0.000127190175724375,0.000151782697003778,5.76051403203815e-05,4.9649334715657e-05,-0.000365206455951011
2023/02/19,0.000514898579984643,-4.90972944602517e-05,0.000154680936832226,0.000113265861639445,6.27640355465691e-05,7.71120332851064e-05,-0.000710566152827738
2023/02/20,0.000516542373643935,-7.74335588706089e-05,0.00015801004124787,3.25910375724569e-05,5.89941465203017e-06,-6.57253592068858e-05,-0.000150843949038798
2023/02/21,0.00051820393026313,-0.000103652096023105,0.000136153036734081,-6.16997905422914e-05,-6.05300125607489e-05,-6.81584192400907e-05,3.95435136902526e-06
2023/02/22,0.000519876022780514,-0.000126565986754619,9.21550581239893e-05,-0.00013550001848157,-7.08413842643542e-05,8.0656267440144e-05,1.09804115589526e-06
2023/02/23,0.000521551324247179,-0.000145096797424891,3.27174884129451e-05,-0.000161503123595785,-1.12112170011887e-05,5.58842508599631e-05,0.000145122074501777
2023/02/26,0.000523222429956443,-0.000158326108304281,-3.28280405217468e-05,-0.000129315291155245,6.29773202996227e-05,-9.36918878145174e-05,0.000202124577539725
2023/02/27,0.00052488188067694,-0.000165540911214473,-9.40007748351068e-05,-4.95664707743584e-05,7.84221034342971e-05,-4.05730674662422e-05,3.23642401789436e-05
2023/02/28,0.000526522186844578,-0.000166270620766463,-0.000140869673821566,4.95945336741582e-05,1.64984744014394e-05,0.000104118987465546,-1.79708877976926e-05
2023/03/01,0.000528135853791139,-0.000160313799685353,-0.00016569102719082,0.000132469321819771,-6.49047866136345e-05,2.26770860497514e-05,-9.25806481708541e-05
2023/03/02,0.000529715408135363,-0.000147753153311115,-0.000164210764666911,0.000168701955113693,-8.54035520039851e-05,-0.00011130140669819,0.000239560513431146
2023/03/05,0.000531253425291613,-0.000128957880996312,-0.000136408724823639,0.000144423819149685,-2.16964646123505e-05,-2.80500453548706e-06,-0.000140936169473509
2023/03/06,0.000532742558121194,-0.000104573057050053,-8.65522033514105e-05,6.75494004886629e-05,6.62786416425886e-05,0.000114718661035095,-0.000277839000886078
2023/03/07,0.000534175566422766,-7.5496323600121e-05,-2.25402066360315e-05,-3.47971833065967e-05,9.16873801018123e-05,-1.82997602355565e-05,-0.000100823472746273
2023/03/08,0.000535545347293478,-4.28427806072238e-05,4.53610768537635e-05,-0.000125892662169988,2.67361619643607e-05,-0.000114000623182456,9.11947984806567e-06
2023/03/09,0.000536844966166121,-7.8995264646187e-06,0.000106187274741355,-0.000172644025730844,-6.70750435621208e-05,3.97897621229752e-05,7.11635927271319e-05
2023/03/12,0.000538067688207253,2.79281930199039e-05,0.000150074455229252,-0.000157652717544047,-9.71823632822695e-05,0.000108956004629501,0.000523094739740407
2023/03/13,0.000539207009737487,6.31768541940131e-05,0.000169887807427785,-8.56998191901449e-05,-3.15460717012849e-05,-6.07519492269416e-05,7.75211687590864e-05
2023/03/14,0.000540256688613173,9.63878641360346e-05,0.000162406701079021,1.77705307781845e-05,6.72810057574808e-05,-9.95925299929894e-05,0.000570240739629095
2023/03/15,0.000541210772261091,0.000126171248773567,0.000128865117363404,0.000115693553970298,0.000101807432413504,8.02520395335369e-05,0.000408518835684599
2023/03/16,0.000542063622956849,0.000151266917762036,7.47539076683918e-05,0.000172724006676933,3.6054545801742e-05,8.612704379978e-05,0.000134668955334268
2023/03/19,0.000542809938901163,0.000170600694208325,8.91546952273813e-06,0.000168050942857192,-6.68951917698092e-05,-9.73825283255302e-05,0.000540239674605921
2023/03/20,0.000543444770355915,0.000183332524464227,-5.79189348970267e-05,0.000103020229599731,-0.000105495057589144,-6.89843520468251e-05,0.000154494820113124
2023/03/21,0.000543963531241804,0.00018889463360217,-0.000114904422167873,7.61445436442019e-07,-4.01925609062347e-05,0.000111311625615907,-0.000175940252822215
2023/03/22,0.000544362006852368,0.000187017846091793,-0.000152872362751621,-0.000102085162598264,6.59285789626981e-05,4.87843863246645e-05,-0.000158041292881638
2023/03/23,0.000544636358994974,0.00017774482870589,-0.000165834528542709,-0.000168567272504224,0.000108194985901311,-0.00012133026665251,0.000426633894097268
2023/03/26,0.000544783129740583,0.000161429606384985,-0.000151949957329618,-0.000174765882735962,4.38973218440372e-05,-2.6317792607692e-05,1.1877574703667e-05
2023/03/27,0.000544799243868605,0.000138723324075109,-0.000113794659837938,-0.000118443115111263,-6.44040317875618e-05,0.000126894450254817,-0.000181909211461767
2023/03/28,0.000544682009756308,0.000110546853589701,-5.78930452407287e-05,-1.98498548624838e-05,-0.000109877142411817,2.5107871171134e-06,-0.000175027607948093
2023/03/29,0.000544429119264698,7.80514463432486e-05,6.40473349681948e-06,8.55993981368123e-05,-4.71154933372848e-05,-0.000127660147659723,-0.000239072056244571
2023/03/30,0.000544038647285411,4.25691787750208e-05,6.85050059249122e-05,0.000160120185240543,6.23561062965441e-05,2.16192301058105e-05,-0.000648972353628242
2023/04/02,0.000543509050922277,5.55540177441349e-06,0.000118341517747863,0.000177172926671551,0.000110534741488495,0.000123508296675092,0.00410402506472031
2023/04/03,0.000542839168307873,-3.14742300135614e-05,0.000148034768722253,0.000130965752963961,4.98065670114115e-05,-4.50151372702859e-05,-0.000397135889721651
2023/04/04,0.000542028212580279,-6.70093309836131e-05,0.000153161660949952,3.84237704584642e-05,-5.9830563627373e-05,-0.000114557805117903,-0.000227411944259806
2023/04/05,0.000541075754716562,-9.9610016011849e-05,0.000133426978092697,-6.70459662125802e-05,-0.000110186955373224,6.66358437922449e-05,-0.000175306639003851
2023/04/09,0.000539981701404968,-0.000127968829465326,9.26327514117492e-05,-0.00014768446529873,-5.19461474166226e-05,0.000101164870441466,-0.000145473881077504
2023/04/10,0.000538746272842789,-0.000150966557212321,3.79624572176814e-05,-0.000174976217450658,5.68829415032439e-05,-8.5512795800936e-05,-2.83301010997993e-05
2023/04/11,0.000537369980810009,-0.000167719398706196,-2.12868262842152e-05,-0.000139787004676634,0.000108879339852693,-8.39077764297157e-05,-2.54623145659415e-05
2023/04/12,0.000535853607492131,-0.000177615382071591,-7.52996233174989e-05,-5.54204976620228e-05,5.35275053357795e-05,0.000100803167980795,-0.000227317777757593
2023/04/13,0.000534198185298013,-0.000180338412287161,-0.000115388435582877,4.74282874607885e-05,-5.35752477014773e-05,6.35583006119927e-05,-6.09336777992783e-05
2023/04/16,0.000532404977974118,-0.000175878926106599,-0.000135411844730115,0.000131901873354163,-0.000106679659729491,-0.000111836155757544,0.000104871734995467
2023/04/17,0.000530475463104325,-0.000164530759873592,-0.000132729614075897,0.000168261629964028,-5.45604374547672e-05,-4.10417544242744e-05,-6.07145272398228e-05
2023/04/18,0.000528411316008387,-0.000146874486278355,-0.000108544129915765,0.000144409556876835,4.99720686159762e-05,0.000118149548371161,-0.000277363873678238
2023/04/19,0.00052621439497034,-0.000123748111293523,-6.75856569436555e-05,6.99094369157541e-05,0.000103672280607095,1.73881185333476e-05,-0.000223448462789358
2023/04/20,0.000523886727817862,-9.62066110982019e-05,-1.72119122603557e-05,-2.78262035898539e-05,5.5069125699481e-05,-0.000119514416991186,-8.88147095777454e-05
2023/04/23,0.000521430499707999,-6.54723022172136e-05,3.3909240182503e-05,-0.000113668765493376,-4.61374370768864e-05,6.32274367255697e-06,-5.31009787755828e-05
2023/04/24,0.000518848042205253,-3.28784502890248e-05,7.72982658092199e-05,-0.00015746340596367,-9.99528827394562e-05,0.00011594650864141,-0.000139177077663733
2023/04/25,0.000516141823734185,1.91184853053614e-07,0.000106083219259171,-0.000144669077124581,-5.50896792729815e-05,-2.90184941530734e-05,8.55200227042266e-05
2023/04/26,0.000513314441386307,3.23640113035277e-05,0.000116100209620709,-8.1178127821791e-05,4.21323023019379e-05,-0.000107703746355361,-0.000153422090435329
2023/04/27,0.000510368613797501,6.23385990695402e-05,0.000106497060456014,9.27695454253543e-06,9.56234477846618e-05,4.96909163877647e-05,-0.000433152592038017
2023/04/30,0.000507307174783552,8.89402517430437e-05,7.97527705642974e-05,9.40203351825778e-05,5.46672238517955e-05,9.52701175463415e-05,-0.000608948873671608
2023/05/01,0.000504133067697196,0.000111169655347955,4.1128560454571e-05,0.0001432877708445,-3.80128781748334e-05,-6.74483656075937e-05,-0.000285510810561795
2023/05/02,0.000500849340608143,0.000128242474930887,-2.33623384967637e-06,0.000140720161757265,-9.07876600910472e-05,-7.93270420139799e-05,-5.2238041341592e-05
2023/05/03,0.000497459142260338,0.00013961823781274,-4.30951795013576e-05,8.87826215459082e-05,-5.38524132274128e-05,8.15610407822952e-05,0.00100487355032749
2023/05/04,0.000493965718507938,0.000145017384259443,-7.44043753793872e-05,7.32089964336732e-06,3.38300927359924e-05,6.07140639265574e-05,-0.000306822783693911
2023/05/07,0.00049037240769503,0.000144425953702604,-9.14432212387122e-05,-7.40214457095141e-05,8.55470556579492e-05,-9.14964932906485e-05,-0.000203700256816708
2023/05/08,0.000486682633535386,0.000138087982894494,-9.20592443419654e-05,-0.000126626215453418,5.26979518978721e-05,-4.03813301318589e-05,4.53622159949041e-06
2023/05/09,0.00048289989744811,0.000126486292420901,-7.70216260618279e-05,-0.000132999025159416,-2.96295884720361e-05,9.69433749594413e-05,-4.78843251351725e-05
2023/05/10,0.000479027771706148,0.000110312885041542,-4.97576890159403e-05,-9.25694614048365e-05,-7.99980025859041e-05,1.933687163242e-05,9.18356246265706e-05
2023/05/11,0.000475069893141146,9.04306504656619e-05,-1.56378611082021e-05,-2.12788966296069e-05,-5.125584386098e-05,-9.78221678347044e-05,0.000139659225826686
2023/05/14,0.000471029957281822,6.78284497650834e-05,1.90485743529866e-05,5.46711833270984e-05,2.5451892758566e-05,1.40799491477245e-06,-0.000333953052400329
2023/05/15,0.000466911712727999,4.35719186069177e-05,4.82353841727979e-05,0.000108467576199438,7.42301451096137e-05,9.42827241203365e-05,-0.000513691460937102
2023/05/16,0.000462718955852264,1.87524713237714e-05,6.71335276093232e-05,0.000122170092206956,4.95762136549224e-05,-2.08918732434931e-05,-0.000298426387403744
2023/05/17,0.000458455526218798,-5.56299763424422e-06,7.30149991291993e-05,9.26713924906513e-05,-2.13323657988122e-05,-8.66892434520381e-05,-0.000273164310953554
2023/05/18,0.00045412530284077,-2.83793306696976e-05,6.55982643241402e-05,3.2163028978561e-05,-6.83255376180418e-05,3.82521350983255e-05,-0.000153135862954057
2023/05/21,0.000449732201204443,-4.88150869433049e-05,4.69825210133445e-05,-3.68235666742617e-05,-4.77063978324957e-05,7.55939634675771e-05,-0.000106167634235302
2023/05/22,0.00044528017126846,-6.61374588071678e-05,2.11602252152202e-05,-8.98063830315781e-05,1.73015165042569e-05,-5.27667811144594e-05,-2.52290034731539e-07
2023/05/23,0.000440773196314389,-7.97887095718587e-05,-6.78846267959244e-06,-0.000109047737039097,6.23582479441966e-05,-6.17013931723109e-05,8.79158582042729e-05
2023/05/24,0.000436215292619309,-8.94031857639411e-05,-3.16624341314549e-05,-8.94647796402776e-05,4.56902286124797e-05,6.38871748119639e-05,3.62707034919209e-05
2023/05/25,0.000431610509958323,-9.48144578148003e-05,-4.90873671316686e-05,-3.97988931888999e-05,-1.33855731620156e-05,4.58254089456575e-05,-1.5091627606596e-05
2023/05/28,0.000426962932806605,-9.60526502181834e-05,-5.62740219598654e-05,2.11374385098591e-05,-5.63944983477447e-05,-7.12600608065822e-05,-2.77621399840881e-05
2023/05/29,0.000422276682115612,-9.33325089962661e-05,-5.24568712636223e-05,7.15651133330311e-05,-4.35676459943425e-05,-2.88419051860565e-05,0.000315880135991645
2023/05/30,0.000417555917922014,-8.7033196430463e-05,-3.89452554162877e-05,9.45169496944881e-05,9.6072184926253e-06,7.4737978451801e-05,0.000180263387285822
2023/05/31,0.000412804842633016,-7.7671181048761e-05,-1.8791964957133e-05,8.35143320749107e-05,5.04932231223198e-05,1.1639884559795e-05,-2.35521363841471e-05
2023/06/01,0.000408027704004806,-6.58678857551577e-05,3.84631384288919e-06,4.42570822940908e-05,4.13746150873097e-05,-7.43778856171637e-05,2.62460561432254e-05
2023/06/04,0.000403228797345454,-5.23139522235044e-05,2.45284226037209e-05,-8.04773626880368e-06,-5.98612682938181e-06,4.92612420802422e-06,0.000614694471164491
2023/06/05,0.000398412467332438,-3.77320702415264e-05,3.93709507288437e-05,-5.45333070038226e-05,-4.47064433523975e-05,7.04285335543954e-05,2.55868689820696e-05
2023/06/06,0.000393583109128257,-2.28403091104375e-05,4.57569276839087e-05,-7.94608684940287e-05,-3.91431584873898e-05,-2.00796008281374e-05,3.19339001078277e-05
2023/06/07,0.000388745168041977,-8.31777541770762e-06,4.27840197341254e-05,-7.55120426045236e-05,2.53896969053358e-06,-6.33078038898059e-05,0.000402165464445401
2023/06/08,0.000383903138487216,5.22578513214446e-06,3.13770922793851e-05,-4.5821802969374e-05,3.90792975069835e-05,3.31591716969949e-05,-8.79146821333497e-05
2023/06/11,0.000379061562600864,1.72751026782611e-05,1.4054204826315e-05,-2.24118801616885e-06,3.69016218637432e-05,5.35718422515185e-05,6.6037853795467e-05
2023/06/12,0.000374225028032971,2.74282104589381e-05,-5.60040018866955e-06,3.93262417670349e-05,7.20831018905757e-07,-4.36474820978093e-05,-6.6422428991371e-05
2023/06/13,0.000369398165111682,3.54083543720959e-05,-2.36498130214363e-05,6.46984961689446e-05,-3.365009161027e-05,-4.1878236719669e-05,0.000111956125698653
2023/06/14,0.000364585643406686,4.10687440127758e-05,-3.65660450798803e-05,6.62135875183796e-05,-3.46746190183679e-05,5.1190665651506e-05,-0.000106830976491099
2023/06/15,0.000359792167903032,4.43902887167224e-05,-4.18957124285168e-05,4.49457125449115e-05,-3.7826090365633e-06,2.89456808239653e-05,-0.000183298528523551
2023/06/18,0.000355022474768733,4.54728210424937e-05,-3.87070827162456e-05,9.74287440252403e-06,2.84507903202949e-05,-5.56078909413217e-05,-0.000168936986876478
2023/06/19,0.00035028132697634,4.45206276224951e-05,-2.77392674803841e-05,-2.63610139304069e-05,3.24830645715515e-05,-1.55125063220026e-05,6.25057685624067e-05
2023/06/20,0.000345573510152325,4.18233675445244e-05,-1.1231610581486e-05,-5.09311258657111e-05,6.63816709038611e-06,5.68910047660675e-05,-6.34543131061062e-05
2023/06/21,0.000340903828678124,3.7733649534071e-05,7.52851466536422e-06,-5.6370987598178e-05,-2.3507337885225e-05,2.29646178305093e-06,0.000113746870822793
2023/06/22,0.000336277101614822,3.26426550646981e-05,2.48494107228197e-05,-4.21887118668688e-05,-3.03443847972684e-05,-5.51948355747613e-05,0.000117696764836558
2023/06/25,0.000331698158329595,2.69552336357212e-05,3.73460174793188e-05,-1.4651401040137e-05,-9.28168050180256e-06,1.00421075997611e-05,9.71915644975438e-05
2023/06/26,0.00032717183366941,2.10658577455208e-05,4.25834288607102e-05,1.58600125347407e-05,1.88401242436884e-05,5.08192282972071e-05,5.64825146487231e-05
2023/06/27,0.000322702962572423,1.53367138032549e-05,3.95330147000574e-05,3.8712682578078e-05,2.82729160570753e-05,-2.09318428113769e-05,0.000148997553100488
2023/06/28,0.000318296373844591,1.00790297638489e-05,2.87579882080658e-05,4.66808838376978e-05,1.17095382860016e-05,-4.41842876370543e-05,-1.57995263031504e-05
2023/06/29,0.00031395688287163,5.5385133206194e-06,1.22969131548764e-05,3.81616664015201e-05,-1.44644802102562e-05,2.99153119703895e-05,-0.000124450807508779
2023/07/02,0.000309689283304907,1.88551032268642e-06,-6.72962967826515e-06,1.72985791141747e-05,-2.62800690951732e-05,3.58005799181095e-05,0.000109628746113561
2023/07/03,0.000305498338281644,-7.89792961762627e-07,-2.47127625345266e-05,-7.86755526190566e-06,-1.39199640049768e-05,-3.66663232053939e-05,-8.9740940313078e-05
2023/07/04,0.000301388771424042,-2.4770937012697e-06,-3.82365992285841e-05,-2.84365661618189e-05,1.03912018717182e-05,-2.62361832537833e-05,6.4317469049696e-05
2023/07/05,0.000297365257635999,-3.24087590882141e-06,-4.47192807920796e-05,-3.77475661935767e-05,2.43745707604301e-05,4.09991274508363e-05,0.000127986767047212
2023/07/06,0.000293432414070488,-3.2110045989152e-06,-4.28947599744464e-05,-3.34786531229722e-05,1.59128867621523e-05,1.60825580061465e-05,-2.30441142452852e-07
2023/07/09,0.000289594791146366,-2.56974351464527e-06,-3.30470447272846e-05,-1.81109615376315e-05,-6.62688943468352e-06,-4.28694316759132e-05,8.1910279743792e-05
2023/07/10,0.000285856863339748,-1.53610221001772e-06,-1.6955262880399e-05,2.27509037987543e-06,-2.25627492273593e-05,-5.92116325544457e-06,-3.38546761464026e-05
2023/07/11,0.000282223020003675,-3.48534649421653e-07,2.43827771180092e-06,2.03365898068399e-05,-1.76898970939697e-05,4.23675877737778e-05,-0.000123405043552703
2023/07/12,0.000278697556342898,7.52930433757208e-07,2.15738613342628e-05,3.00615746327146e-05,3.17434357763236e-06,-3.70733742513162e-06,-6.88349288961335e-05
2023/07/13,0.000275284664697097,1.54404979476103e-06,3.69319471024894e-05,2.87225685465264e-05,2.08489175372603e-05,-3.97047755156841e-05,-0.00010778937216245
2023/07/16,0.00027198842610639,1.8322001924109e-06,4.56808253020045e-05,1.75756787559098e-05,1.925432016977e-05,1.23296902945888e-05,0.000334804859178926
2023/07/17,0.000268812802092724,1.46978663820828e-06,4.6195425065253e-05,1.15714864381387e-06,-3.26688861470473e-08,3.51934010241177e-05,-0.000112077894577969
2023/07/18,0.000265761626233331,3.6448629708663e-07,3.83529269225929e-05,-1.44890080708709e-05,-1.92354621660287e-05,-1.95612486474701e-05,-8.24032056864085e-06
2023/07/19,0.0002628385949467,-1.51420959132424e-06,2.35524406533335e-05,-2.39822164254935e-05,-2.06113309117899e-05,-2.92231591484807e-05,1.83428804770551e-05
2023/07/20,0.00026004725804493,-4.13246550817496e-06,4.45686292268126e-06,-2.44148211112219e-05,-2.80287803858261e-06,2.51208756911133e-05,-5.66938320007449e-05
2023/07/23,0.000257391009524594,-7.39365598556828e-06,-1.54942607685368e-05,-1.62077555907618e-05,1.7722719565438e-05,2.22343929457635e-05,-9.23744969092858e-06
2023/07/24,0.000254873078652155,-1.11438439868849e-05,-3.27107219676799e-05,-2.77564109978749e-06,2.17677861354075e-05,-2.88390714016942e-05,-2.74405863315163e-05
2023/07/25,0.000252496521430249,-1.5180804414469e-05,-4.41018184083698e-05,1.08213726987679e-05,5.34074341639066e-06,-1.46904638352217e-05,9.59944911265283e-06
2023/07/26,0.000250264212422424,-1.92660225604001e-05,-4.76326084474077e-05,1.97283255270488e-05,-1.63086655151348e-05,3.06593612669796e-05,3.77539730649019e-06
2023/07/27,0.000248178837070991,-2.31389423011632e-05,-4.26861923767918e-05,2.09910301252416e-05,-2.27313554912363e-05,7.05077101798519e-06,1.92258519549733e-05
2023/07/30,0.000246242884478542,-2.6532628024902e-05,-3.01679602794788e-05,1.45184399341955e-05,-7.59236354146806e-06,-3.06333577407187e-05,7.19098517382963e-06
2023/07/31,0.000244458640634227,-2.91899410662785e-05,-1.23349717577165e-05,3.00489501205695e-06,1.49887833261628e-05,2.54133886527457e-07,-1.54225400349794e-05
2023/08/01,0.000242828182110233,-3.08793176012664e-05,7.61658951049679e-06,-9.1281665923037e-06,2.35097673125989e-05,2.89102064590133e-05,4.19137388012283e-05
2023/08/02,0.000241353370305097,-3.14092698909338e-05,2.6129637481934e-05,-1.73744703500439e-05,9.57153210026881e-06,-6.84408972621539e-06,0.000113247290079893
2023/08/03,0.000240035846077263,-3.06408136572529e-05,3.99247373232921e-05,-1.8777763502159e-05,-1.37561578888572e-05,-2.5721397182301e-05,-1.98884511699846e-05
2023/08/06,0.000238877024519434,-2.84971450464815e-05,4.65838398997369e-05,-1.29793161937797e-05,-2.4110440881718e-05,1.24065664837449e-05,-2.85805287809366e-05
2023/08/07,0.000237878089843922,-2.49700438270049e-05,4.49750631586727e-05,-2.31053232184205e-06,-1.12938795602597e-05,2.13621107929634e-05,-1.3808808086451e-05
2023/08/08,0.000237039990706341,-2.01226575762639e-05,3.54439875251155e-05,9.09653813789247e-06,1.26017342530885e-05,-1.67089473065771e-05,-2.71706457395963e-05
2023/08/09,0.000236363435984574,-1.40885165870897e-05,1.97395628302526e-05,1.68570809071757e-05,2.45402090498703e-05,-1.61703747321036e-05,-4.07213974526799e-05
2023/08/10,0.0002358488909304,-7.06682908820008e-06,6.90567819187584e-07,1.79772808595044e-05,1.2776353794609e-05,1.96055294078947e-05,-5.56607937233961e-05
2023/08/13,0.00023549657368215,6.85699629873126e-07,-1.8307026165614e-05,1.19909106049987e-05,-1.15143792723905e-05,1.05053407994784e-05,3.83458807215046e-05
2023/08/14,0.000235306452193486,8.8661023109394e-06,-3.38983666843767e-05,1.16202921735238e-06,-2.48046738122093e-05,-2.10392090709025e-05,9.91156658457109e-05
2023/08/15,0.000235278241528698,1.71388636475228e-05,-4.33643205162512e-05,-1.03375576090707e-05,-1.40364460132852e-05,-4.72596257808056e-06,7.25601815404666e-05
2023/08/16,0.000235411401465406,2.5151416968113e-05,-4.50967323250212e-05,-1.79899073064406e-05,1.04810642067986e-05,2.10381371804676e-05,-4.06483801893237e-05
2023/08/17,0.00023570513436724,3.25506452896648e-05,-3.88712493175502e-05,-1.8662336642911e-05,2.49076535192677e-05,-8.2875403239866e-07,1.8399906816687e-05
2023/08/20,0.000236158383446321,3.8999567400177e-05,-2.5871664357221e-05,-1.18582928134225e-05,1.5091313253775e-05,-1.9707894146717e-05,-1.03204127829121e-05
2023/08/21,0.000236769831497727,4.41933903096344e-05,-8.46448235792325e-06,3.54301030667644e-09,-9.48744793474589e-06,5.85693731160103e-06,-7.22987718366e-05
2023/08/22,0.000237537900085375,4.7874150408655e-05,1.02332020385553e-05,1.24232742842643e-05,-2.48509919373685e-05,1.72199657084896e-05,-2.0935005879707e-06
2023/08/23,0.000238460749198155,4.98432439668886e-05,2.69133084347666e-05,2.0490477583538e-05,-1.59568938580943e-05,-1.0107697325117e-05,-4.18101880001365e-05
2023/08/24,0.000239536277399478,4.99712579744493e-05,3.86631005726602e-05,2.07839276619712e-05,8.51875322123381e-06,-1.3797436990521e-05,1.88671201607287e-05
2023/08/27,0.000240762122284161,4.82046485711088e-05,4.34741264021397e-05,1.27779368356221e-05,2.46347449770044e-05,1.33911202561696e-05,-0.000177225699326205
2023/08/28,0.000242135661173356,4.45689703387478e-05,4.0584809068439e-05,-8.11049805012385e-07,1.66473896033795e-05,9.69891227664077e-06,-0.000181775692655551
2023/08/29,0.00024365401200666,3.91685271496939e-05,3.05984312503568e-05,-1.49229184751687e-05,-7.56046016262433e-06,-1.55841383762417e-05,-9.40514533926762e-05
2023/08/30,0.000245314034773905,3.21824863883238e-05,1.53588201300718e-05,-2.40111459018523e-05,-2.42575342324262e-05,-5.20168501559912e-06,-0.000105834976142423
2023/08/31,0.000247112333701533,2.38576634204533e-05,-2.39087452856729e-06,-2.41870562432437e-05,-1.7175078154293e-05,1.6632261114941e-05,-9.0501249310823e-05
2023/09/03,0.000249045260305161,1.44983349992628e-05,-1.95029788717703e-05,-1.48330175672913e-05,6.59887042295043e-06,5.85182412088952e-07,-0.000159491651700402
2023/09/04,0.000251108917381531,4.45357186720872e-06,-3.29841830636676e-05,9.71021173166016e-07,2.3717007506342e-05,-1.65473942679331e-05,0.000195385059403354
2023/09/05,0.000253299164044163,-5.89731384057844e-06,-4.05190982313159e-05,1.74380704723558e-05,1.75502450480482e-05,3.88442539539035e-06,-5.8587492888063e-05
2023/09/06,0.000255611621619363,-1.61605366800034e-05,-4.08668476757751e-05,2.81745075096293e-05,-5.6216004866224e-06,1.54021805298033e-05,-6.82183248163951e-05
2023/09/07,0.000258041679959295,-2.59441107576457e-05,-3.40628950845626e-05,2.86353292953755e-05,-2.30102127882497e-05,-7.96768805137095e-06,-3.79701025728418e-05
2023/09/10,0.000260584504377677,-3.48739081972637e-05,-2.13937167993136e-05,1.79999257780817e-05,-1.7781034591618e-05,-1.33214650884865e-05,-3.80643054790772e-05
2023/09/11,0.000263235043513355,-4.26088099014646e-05,-5.15244952354933e-06,-2.92408653390864e-07,4.61815317450919e-06,1.14628240935443e-05,-0.000113931352703004
2023/09/12,0.000265988038152969,-4.88543127597438e-05,1.1777955346997e-05,-1.96296562714967e-05,2.21341228827129e-05,1.04716110593661e-05,-9.74497584108044e-05
2023/09/13,0.000268838031105246,-5.33740411949279e-05,2.64380069213688e-05,-3.26053277484639e-05,1.78734882050318e-05,-1.42137808802702e-05,-0.000119756376407985
2023/09/14,0.000271779378157015,-5.59987165233077e-05,3.63097016383921e-05,-3.38374699498143e-05,-3.58040332073731e-06,-7.04839292585047e-06,-4.48380970756972e-05
2023/09/17,0.000274806260150416,-5.66322590077868e-05,3.97484315947579e-05,-2.21612725378787e-05,-2.10862158238558e-05,1.6115215380906e-05,-6.01921597565589e-05
2023/09/18,0.000277912696161527,-5.52548289851947e-05,3.62546898578269e-05,-1.31337312021698e-06,-1.78316819999344e-05,3.26420952430619e-06,-4.53677114383144e-05
2023/09/19,0.00028109255766705,-5.19227490677875e-05,2.65409927039971e-05,2.123733409658e-05,2.50302534552656e-06,-1.71143526405127e-05,2.96811918951461e-05
2023/09/20,0.000284339583530022,-4.67653830112896e-05,1.23862158544548e-05,3.69592051955517e-05,1.98650324807145e-05,6.6464737500153e-07,-3.8971301424455e-05
2023/09/21,0.000287647395640391,-3.99791725921589e-05,-3.69303743498493e-06,3.94767533253643e-05,1.7657912050841e-05,1.72098458883348e-05,-8.00826968777875e-05
2023/09/24,0.000291009514928255,-3.18191467533054e-05,-1.88929672782949e-05,2.71275361564582e-05,-1.38373812089343e-06,-4.52998572078911e-06,0.00013718578678857
2023/09/25,0.000294419377728075,-2.25883121053614e-05,-3.06138761712895e-05,3.83999674236779e-06,-1.84705521055776e-05,-1.64479181605028e-05,-3.09887159277117e-05
2023/09/26,0.000297870352371967,-1.26254081259355e-05,-3.69057256043699e-05,-2.20883068240581e-05,-1.73528785869564e-05,8.14237492201112e-06,-2.87914081526585e-05
2023/09/27,0.000301355755881905,-2.29156070397445e-06,-3.67913633696718e-05,-4.09451818722352e-05,2.2350725034796e-07,1.49162007828864e-05,4.1986420307422e-06
2023/09/28,0.000304868871025901,8.04360755568474e-06,-3.04139665658018e-05,-4.52406215705075e-05,1.6904693247123e-05,-1.13400071921335e-05,-4.7175765002662e-06
2023/10/01,0.000308402963860427,1.80158506353891e-05,-1.8987209887131e-05,-3.26646542544249e-05,1.69160037058471e-05,-1.27357330293554e-05,-4.53422103075207e-06
2023/10/02,0.000311951301565132,2.7279618090719e-05,-4.56162624770553e-06,-7.20333748408749e-06,9.7312640901476e-07,1.39954188191902e-05,-3.56585011522629e-05
2023/10/03,0.000315507170474603,3.55203252600434e-05,1.03476546796672e-05,2.20958914618278e-05,-1.51720519614535e-05,1.00516533818689e-05,-1.96666432965565e-05
2023/10/04,0.000319063894097814,4.2465141205583e-05,2.32036274447652e-05,4.43403489233407e-05,-1.63457683229261e-05,-1.60198149621413e-05,0.000214780571613565
2023/10/05,0.000322614850936237,4.7891936084339e-05,3.18820116893926e-05,5.08467843141619e-05,-2.19757843780576e-06,-7.02316241583611e-06,4.73331578295118e-05
2023/10/08,0.000326153491612473,5.16361146734697e-05,3.50227880918862e-05,3.8523681328094e-05,1.32807318797932e-05,1.73648734148803e-05,0.000601142318999404
2023/10/09,0.000329673354776522,5.35951548959516e-05,3.22403738006469e-05,1.12658495848996e-05,1.56402077078207e-05,3.81337572061852e-06,-0.000163361316486459
2023/10/10,0.000333168081213338,5.3730765265837e-05,2.41604874737574e-05,-2.12474858711449e-05,3.43703008806488e-06,-1.80220681142653e-05,-5.96810055586634e-07
2023/10/11,0.000336631425702374,5.2068669837672e-05,1.22828600344001e-05,-4.69933957157832e-05,-1.12431089963934e-05,-5.79644360618609e-07,1.14371934983492e-05
2023/10/12,0.000340057267739045,4.86961210448481e-05,-1.30081284946293e-06,-5.60609008796688e-05,-1.47977008882721e-05,1.80196693946831e-05,-1.74706435611721e-05
2023/10/15,0.000343439621715894,4.37573196118934e-05,-1.42802108759428e-05,-4.44669901803035e-05,-4.67458515713229e-06,-2.53507299385373e-06,8.91699178794452e-05
2023/10/16,0.000346772646563778,3.7446986817973e-05,-2.45236708336344e-05,-1.5863291561272e-05,9.07643370040486e-06,-1.74176532697864e-05,-2.35634514174635e-05
2023/10/17,0.000350050654927278,3.00023878694067e-05,-3.04304275255009e-05,1.95851529426299e-05,1.38178613506903e-05,5.40926734447223e-06,3.03421030910236e-05
2023/10/18,0.000353268121770354,2.16941436707171e-05,-3.11792847074362e-05,4.88177245049258e-05,5.88995917830238e-06,1.63010290518346e-05,-9.94596934686979e-05
2023/10/19,0.000356419692492473,1.2816192348998e-05,-2.68354183122272e-05,6.07034655424421e-05,-6.80264875446288e-06,-7.94800356932128e-06,-3.47112797479017e-05
2023/10/22,0.000359500190480703,3.67527079508343e-06,-1.83030759083907e-05,5.02864151204144e-05,-1.27020286807256e-05,-1.47721486700974e-05,2.76323768630126e-05
2023/10/23,0.000362504624230081,-5.41971742892243e-06,-7.13900186189056e-06,2.08293021727554e-05,-7.06032533182689e-06,1.00859403216201e-05,8.16317789818349e-06
2023/10/24,0.000365428193973696,-1.4168097443507e-05,4.73530968122656e-06,-1.71801052014944e-05,4.44803334706267e-06,1.29425541952508e-05,0.000325774111447766
2023/10/25,0.000368266297732963,-2.22872563025609e-05,1.53688662361806e-05,-4.97701114340037e-05,1.14539191790858e-05,-1.17881771032354e-05,3.95434616915703e-05
2023/10/26,0.00037101453648265,-2.95216210157322e-05,2.31047721426755e-05,-6.46368596416575e-05,8.16142093385192e-06,-1.09249244213113e-05,0.000217495675519523
2023/10/29,0.000373668718114344,-3.56505249275566e-05,2.6838055787724e-05,-5.58014065034861e-05,-2.04275342770511e-06,1.30490375832688e-05,0.000196428873373411
2023/10/30,0.00037622486048987,-4.04947454486256e-05,2.6167782937692e-05,-2.6004943635956e-05,-1.00802974721166e-05,8.8256284706291e-06,2.7273714658507e-05
2023/10/31,0.000378679193575888,-4.39215403798541e-05,2.14238156230526e-05,1.41145984801517e-05,-9.16874385966818e-06,-1.38889883052578e-05,2.79756648656876e-05
2023/11/01,0.000381028160658288,-4.58480567663788e-05,1.35711190071276e-05,4.98295531312688e-05,-3.79864678768561e-07,-6.73831342775301e-06,-2.33195979237842e-05
2023/11/02,0.000383268419026833,-4.62430347506967e-05,4.01521074609519e-06,6.774760178731e-05,8.59136590795557e-06,1.43499948918883e-05,5.64364423906151e-05
2023/11/05,0.000385396840256255,-4.51267805867503e-05,-5.6523398823429e-06,6.08497194260314e-05,1.00589403215896e-05,4.73895081380786e-06,-0.000100642330348591
2023/11/06,0.000387410510052942,-4.25694357055593e-05,-1.39218727817306e-05,3.12397142175173e-05,2.78472808220521e-06,-1.44897187933716e-05,-4.03909250720027e-05
2023/11/07,0.000389306727582997,-3.86876208520828e-05,-1.96015351622298e-05,-1.04721460031534e-05,-7.00052414492792e-06,-2.88261596267109e-06,0.000181690714542068
2023/11/08,0.000391083004625045,-3.36395838254187e-05,-2.19843513956664e-05,-4.89825810924279e-05,-1.08108334176879e-05,1.43750711262377e-05,4.23342739799181e-05
2023/11/09,0.000392737064554554,-2.76190268948345e-05,-2.09241485477207e-05,-6.99311832350759e-05,-5.13619599880133e-06,1.2021313104776e-06,2.21635881140082e-06
2023/11/12,0.000394266840975039,-2.08478324744675e-05,-1.68151920589278e-05,-6.52752072195192e-05,5.32405744127897e-06,-1.40756276885483e-05,-5.12510389748552e-05
2023/11/13,0.00039567047624619,-1.35679408155983e-05,-1.04870396215875e-05,-3.63840188117261e-05,1.14061577217303e-05,2.91431090437548e-07,-7.78940658094464e-05
2023/11/14,0.000396946320283585,-6.03266204479769e-06,-3.03936674920039e-06,6.34027537896301e-06,7.3991325417759e-06,1.36574429314456e-05,-0.000151517142341772
2023/11/15,0.000398092929736787,1.50227372271861e-06,4.35069559042443e-06,4.72221867492211e-05,-3.58071175250998e-06,-1.60653302820988e-06,1.23371589815688e-05
2023/11/16,0.00039910906755181,8.78761222710486e-06,1.06147405169973e-05,7.10884768912584e-05,-1.18301887483261e-05,-1.31777331187607e-05,-0.000161242975320084
2023/11/19,0.00039999370269085,1.5589098720774e-05,1.49434006836655e-05,6.8922935544923e-05,-9.5399915223106e-06,2.76755618238112e-06,-0.000225997702300283
2023/11/20,0.000400746009763843,2.16953209676871e-05,1.68806196618158e-05,4.1283932841817e-05,1.79135946131395e-06,1.26808037370098e-05,-0.000267693046433487
2023/11/21,0.000401365368718685,2.69245854994753e-05,1.63533839352172e-05,-1.81537257271368e-06,1.20726889581817e-05,-3.81020694637002e-06,0.000453945552407524
2023/11/22,0.000401851364854922,3.11305748102602e-05,1.36402059519596e-05,-4.45515244952651e-05,1.15281652768873e-05,-1.21954441483048e-05,-0.000122303342250459
2023/11/23,0.000402203788624282,3.42065771542126e-05,9.29138539704113e-06,-7.11274068486511e-05,2.13374494247225e-08,4.77641019052131e-06,-0.00017140909196683
2023/11/26,0.000402422634362902,3.60881369795076e-05,4.02024122420458e-06,-7.16379381462576e-05,-1.2128952806052e-05,1.17338746644389e-05,3.21520037212562e-05
2023/11/27,0.000402508098727533,3.67540427609639e-05,-1.41357584911002e-06,-4.57766284900165e-05,-1.33373533800028e-05,-5.70916645168372e-06,-9.54614173176842e-05
2023/11/28,0.000402460579410299,3.62256396892256e-05,-6.30971041709338e-06,-2.98992501898015e-06,-1.83340993144515e-06,-1.12921539920251e-05,-8.50280197399808e-05
2023/11/29,0.000402280673831663,3.45645254426665e-05,-1.01078813016212e-05,4.09925780445001e-05,1.20003813288857e-05,6.6478189448052e-06,0.000566738903709101
2023/11/30,0.000401969177863823,3.18687581030098e-05,-1.2436800855048e-05,6.99706391039743e-05,1.49466116584376e-05,1.08518121578856e-05,4.35428019679177e-05
2023/12/03,0.000401527083849036,2.82677689691745e-05,-1.31309862213464e-05,7.32695305568879e-05,3.62049763029582e-06,-7.62397029654386e-06,0.000193147075512496
2023/12/04,0.00040095557673698,2.39162292416123e-05,-1.22205777465954e-05,4.96893584524614e-05,-1.1694250897389e-05,-1.03824408066207e-05,5.86041050195509e-05
2023/12/05,0.000400256028621525,1.89871678092926e-05,-9.90236214151285e-06,7.93959307036058e-06,-1.6341030337392e-05,8.65815687417988e-06,-5.35765538964534e-05
2023/12/06,0.000399429992078882,1.36646687234712e-05,-6.5007792124013e-06,-3.65982488510716e-05,-5.35886788691518e-06,9.84505570374801e-06,-6.78418205557133e-05
2023/12/07,0.000398479192746806,8.13649059994744e-06,-2.4261596113117e-06,-6.75691566139694e-05,1.12231911541771e-05,-9.75737565024689e-06,-3.46671826254026e-05
2023/12/10,0.000397405521759467,2.58694562543831e-06,1.86535723859541e-06,-7.36814632696349e-05,1.75120457916121e-05,-9.19604597510767e-06,-3.87583611703702e-05
2023/12/11,0.000396211028300799,-2.80964780290605e-06,5.90878996235907e-06,-5.28419338028923e-05,7.02642727561504e-06,1.09136712736745e-05,-2.28335206649125e-07
2023/12/12,0.000394897912408347,-7.89466499553926e-06,9.26499133940073e-06,-1.28676200805215e-05,-1.06040176532975e-05,8.39148834083166e-06,-2.82660893592208e-05
2023/12/13,0.000393468517987508,-1.25298084835309e-05,1.15547082519906e-05,3.14658316707845e-05,-1.84570010129781e-05,-1.2103873714835e-05,-0.000169973374698939
2023/12/14,0.000391925325957823,-1.66005221456978e-05,1.24929543861128e-05,6.39180877544593e-05,-8.60343316368003e-06,-7.39151833804307e-06,-8.3707894450974e-05
2023/12/17,0.000390270947599549,-2.00181061301232e-05,1.19225958806812e-05,7.27656302457592e-05,9.85655767243779e-06,1.32904825321194e-05,-2.70910780042336e-06
2023/12/18,0.000388508118309687,-2.27205292775997e-05,9.84345737575765e-06,5.50556788676091e-05,1.91786773656468e-05,6.16447282649805e-06,-0.000196647875467599
2023/12/19,0.000386639691477019,-2.46720116949664e-05,6.43103521030576e-06,1.75816850406657e-05,1.00731495943149e-05,-1.44236202820604e-05,-0.000109169929345278
2023/12/20,0.000384668632312303,-2.58615179707341e-05,2.037964358296e-06,-2.57379083486816e-05,-9.00251370323894e-06,-4.69053972147267e-06,7.24498830735283e-05
2023/12/21,0.000382598011958769,-2.63003571013613e-05,-2.82765680192262e-06,-5.90611539577791e-05,-1.96846022566531e-05,1.54439245664229e-05,-2.19361664074754e-05
2023/12/25,0.000380431001958759,-2.60191269615685e-05,-7.54998211007971e-06,-7.04489368915251e-05,-1.14220946819104e-05,2.96472129713653e-06,3.68164173891885e-05
2023/12/26,0.000378170868889925,-2.50642651188908e-05,-1.14774269561221e-05,-5.61611116567374e-05,8.06441841084265e-06,-1.62862136576808e-05,3.04467300886634e-05
2023/12/27,0.000375820969309604,-2.34944714363578e-05,-1.40118108362068e-05,-2.1869381318228e-05,1.99860368065253e-05,-9.98933650000051e-07,6.03025911246632e-05
2023/12/28,0.000373384744996286,-2.13772532814628e-05,-1.47024836844515e-05,1.95999771595214e-05,1.26400509820815e-05,1.68837652138552e-05,-1.763180138583e-05
2024/01/01,0.000370865718358062,-1.87858122370207e-05,-1.3329962693868e-05,5.30935717966686e-05,-7.06457499055809e-06,-1.17690972318171e-06,0.000293977969489898
2024/01/02,0.000368267487780488,-1.5796444537241e-05,-9.96295428395393e-06,6.67009541567941e-05,-2.00969650512281e-05,-1.71729975794903e-05,9.67839195146312e-05
2024/01/03,0.000365593722597387,-1.24865695532992e-05,-4.97518013008382e-06,5.6007758559265e-05,-1.37200353686926e-05,3.5149779791583e-06,4.40743259162656e-05
2024/01/04,0.000362848157179975,-8.9334357909395e-06,9.85950960786291e-07,2.5506415508464e-05,6.02429486946838e-06,1.70982852460213e-05,-6.11476679737757e-05
2024/01/07,0.000360034584356287,-5.21348542858633e-06,7.07887580162301e-06,-1.32773322679727e-05,2.00333823716398e-05,-5.95084989159104e-06,-1.17617494139988e-06
2024/01/08,0.000357156848485044,-1.40229419236618e-06,1.23868223876996e-05,-4.61657239451802e-05,1.46582170951812e-05,-1.66165860963802e-05,4.09357162660018e-05
2024/01/09,0.000354218838430601,2.42505226311521e-06,1.60592794587833e-05,-6.15435715467956e-05,-4.9633879817713e-06,8.40612143458307e-06,4.45126679414844e-05
2024/01/10,0.00035122448047994,6.19332734360074e-06,1.74534255858365e-05,-5.44766587262971e-05,-1.98126504924444e-05,1.57015439352543e-05,1.99685318741105e-05
2024/01/11,0.000348177731208872,9.82648731623402e-06,1.62510213146102e-05,-2.82676216178856e-05,-1.54536328769478e-05,-1.07921626163985e-05,9.54161772715159e-05
2024/01/14,0.000345082570308835,1.32471688483301e-05,1.25287516062513e-05,7.02952366930378e-06,3.89991123223163e-06,-1.43467316824397e-05,-6.41181939825122e-05
2024/01/15,0.000341942993372393,1.63765691072311e-05,6.76675209417408e-06,3.84853555498961e-05,1.94530049672368e-05,1.30148354031072e-05,6.59948950596217e-06
2024/01/16,0.000338763004569676,1.91348874782834e-05,-2.09932482885959e-07,5.50608176194963e-05,1.61079340255941e-05,1.25677640256897e-05,-0.000140998475235853
2024/01/17,0.00033554660928573,2.14424604451745e-05,-7.35060963766399e-06,5.14954560239174e-05,-2.85000407298736e-06,-1.49798999898585e-05,-0.000119969012054312
2024/01/18,0.000332297806633298,2.32216584393597e-05,-1.35414705323696e-05,2.99433913256661e-05,-1.89731599631314e-05,-1.0403053667591e-05,-9.13921722352316e-05
2024/01/21,0.000329020582086075,2.4399541221924e-05,-1.77854321034875e-05,-1.13715666872738e-06,-1.66249915323077e-05,1.65987813507766e-05,-2.98523243542526e-05
2024/01/22,0.000325718900441501,2.49111906187864e-05,-1.93691208787001e-05,-3.03116313412104e-05,1.82811777727446e-06,7.913082824488e-06,-5.69315394421399e-05
2024/01/23,0.00032239669914572,2.47035626704625e-05,-1.79878841444335e-05,-4.74023460878744e-05,1.8392224501777e-05,-1.7794283896026e-05,2.49050278103744e-05
2024/01/24,0.000319057881901029,2.37396324290548e-05,-1.3806041220237e-05,-4.70505640260056e-05,1.70105632118566e-05,-5.1781664673413e-06,-0.000124533305828356
2024/01/25,0.000315706312580843,2.20025497599026e-05,-7.44020803136956e-06,-3.03566450385226e-05,-8.47236456664535e-07,1.85058667692775e-05,-4.83106395834661e-05
2024/01/28,0.000312345809467223,1.94994876384279e-05,1.33364987704201e-07,-4.11391320213528e-06,-1.77296040640959e-05,2.29479576984598e-06,0.00016941905940303
2024/01/29,0.000308980139964613,1.62648492625052e-05,7.73322572664533e-06,2.1946555235229e-05,-1.72721252792912e-05,-1.86940986680751e-05,-7.50855462416263e-05
2024/01/30,0.00030561301545799,1.23625078396516e-05,1.41636644660824e-05,3.87859733499863e-05,-8.11359846322929e-08,6.2926503048728e-07,2.24007098404352e-05
2024/01/31,0.000302248085946422,7.88678574919619e-06,1.84101439935179e-05,4.12009383405476e-05,1.70049640300763e-05,1.83439554112908e-05,0.000586462126528949
2024/02/01,0.000298888934574664,2.96193696571668e-06,1.98059964415977e-05,2.93838447861602e-05,1.74190393308827e-05,-3.48087385701239e-06,5.66811217579916e-05
2024/02/04,0.000295539071397061,-2.26002726335822e-06,1.81418337547262e-05,8.45388219559858e-06,9.47223546225517e-07,-1.74666419454964e-05,6.14766583152435e-05
2024/02/05,0.000292201925418478,-7.60323473592375e-06,1.36988767579885e-05,-1.37209384550155e-05,-1.62381609908958e-05,6.1480348855301e-06,0.000117123497119838
2024/02/06,0.000288880835703081,-1.28735256586349e-05,7.20054215064369e-06,-2.94963320214567e-05,-1.74626599001415e-05,1.60996859686616e-05,-4.79645462421533e-05
2024/02/07,0.000285579042181285,-1.78655467358256e-05,-3.09226918971586e-07,-3.40905975318157e-05,-1.74314645501792e-06,-8.52653510529678e-06,-5.22779894343576e-05
2024/02/08,0.000282299676400579,-2.23711021451628e-05,-7.63977818573785e-06,-2.69777896339022e-05,1.54489694484912e-05,-1.43051924538214e-05,-4.61467834304461e-05
2024/02/11,0.000279045752675006,-2.61883994272663e-05,-1.36497582934414e-05,-1.16549657993504e-05,1.74161262657615e-05,1.05261480898635e-05,-1.96879035105731e-05
2024/02/12,0.000275820159931099,-2.91317481756383e-05,-1.7431839507138e-05,5.9733376294093e-06,2.46328047640938e-06,1.21664551449009e-05,-4.29896454990419e-05
2024/02/13,0.000272625654224805,-3.1041212897865e-05,-1.84550899089401e-05,1.98750564181888e-05,-1.46561900265933e-05,-1.20759252501077e-05,6.60437074405123e-05
2024/02/14,0.000269464851873648,-3.17916920081668e-05,-1.66417227545555e-05,2.59528526244582e-05,-1.72937463983045e-05,-9.78321623934415e-06,-2.83623270977354e-05
2024/02/15,0.00026634022314296,-3.13008957588098e-05,-1.23667214059644e-05,2.31847553131104e-05,-3.10444192493683e-06,1.31282340210865e-05,-5.20181533874456e-05
2024/02/18,0.000263254086470432,-2.95357280447427e-05,-6.38239114079834e-06,1.35571751156813e-05,1.38769604877428e-05,7.26592478815064e-06,-0.000162636027676466
2024/02/19,0.000260208603340579,-2.65166393601575e-05,3.17209387896071e-07,9.78232192250317e-07,1.71103976516165e-05,-1.36613101111236e-05,-4.59584931010606e-05
2024/02/20,0.000257205773995063,-2.23196080492151e-05,6.66704434148556e-06,-1.02966611540936e-05,3.66580758706152e-06,-4.72938710950393e-06,-2.95659696107976e-05
2024/02/21,0.000254247434095502,-1.70755200065749e-05,1.17068648214157e-05,-1.70962932723346e-05,-1.31262466719444e-05,1.36802004019769e-05,-6.68914393680411e-05
2024/02/22,0.00025133525224991,-1.0966847168868e-05,1.4731917259467e-05,-1.81444000297984e-05,-1.68808862449318e-05,2.28623643949507e-06,-2.36152725052737e-05
2024/02/25,0.000248470728301265,-4.22166486478951e-06,1.53940260875518e-05,-1.40825114253821e-05,-4.14881275573347e-06,-1.32160675561609e-05,2.53873022132491e-05
2024/02/26,0.000245655192431592,2.89481001468677e-06,1.37381058832797e-05,-6.8610924997707e-06,1.24162653275467e-05,-4.06407073258447e-08,-0.000125062640450008
2024/02/27,0.000242889804954424,1.0090840610913e-05,1.01710645260721e-05,1.14023828670903e-06,1.66192459094205e-05,1.23239464274534e-05,-0.000127280140714992
2024/02/28,0.000240175556757971,1.70605073746707e-05,5.37202198799843e-06,7.88149425496127e-06,4.55691841484536e-06,-1.91736906366648e-06,-5.55271297267801e-05
2024/02/29,0.000237513270529321,2.34972117969447e-05,1.62624983196688e-07,1.20786964690379e-05,-1.17561303742653e-05,-1.10791357109948e-05,-8.24465376932397e-05
2024/03/03,0.000234903602770019,2.91077173628472e-05,-4.63772126583728e-06,1.32395430828255e-05,-1.63380613133608e-05,3.5166402408555e-06,-5.74417208773487e-05
2024/03/04,0.000232347046466423,3.36260493422846e-05,-8.34560144412465e-06,1.14664388704679e-05,-4.89504733408754e-06,9.57247552363721e-06,4.42206385753991e-05
2024/03/05,0.000229843934444953,3.68265610403028e-05,-1.05137253885475e-05,7.23670797156854e-06,1.11518913936831e-05,-4.70845296164827e-06,-0.000123928916500312
2024/03/06,0.000227394443225454,3.85354961709679e-05,-1.09822981345498e-05,1.30393117567601e-06,1.60479492241717e-05,-7.90479891041887e-06,1.33402772486987e-05
2024/03/07,0.000224998597241776,3.864043595028e-05,-9.87628169051542e-06,-5.27651129599494e-06,5.16898514647575e-06,5.46870212657941e-06,-4.17792747860055e-06
2024/03/10,0.00022265627353295,3.7097112481115e-05,-7.55343922771424e-06,-1.11224535139868e-05,-1.06066967254578e-05,6.18088483409674e-06,-2.14686813810025e-05
2024/03/11,0.000220367206795398,3.39331912157153e-05,-4.51677145993239e-06,-1.46628655320957e-05,-1.57572815314412e-05,-5.79857342514657e-06,-2.7185906062497e-05
2024/03/12,0.000218130994725236,2.92487696265656e-05,-1.31058625804776e-06,-1.45215245120517e-05,-5.38505565532943e-06,-4.50328342980365e-06,-0.000102504314496569
2024/03/13,0.000215947103796352,2.32134988808696e-05,1.57892806832084e-06,-1.00706158651682e-05,1.01209294926409e-05,5.72368342674397e-06,-0.000119494527799759
2024/03/14,0.000213814875599535,1.60604009395941e-05,3.80023514256324e-06,-1.92563368664429e-06,1.54721797581945e-05,2.96642483912369e-06,-0.000127525482592366
2024/03/17,0.000211733533920945,8.07661692156474e-06,5.17760134324532e-06,7.90369759199094e-06,5.55004496516313e-06,-5.29176474400174e-06,-5.6453729998907e-05
2024/03/18,0.000209702192567339,-4.08524726067737e-07,5.7123821459774e-06,1.64028372095503e-05,-9.69223505328784e-06,-1.65137063902959e-06,-9.69932815044815e-05
2024/03/19,0.000207719863891375,-9.037596623191e-06,5.54838210463164e-06,2.04642701634343e-05,-1.51962814274492e-05,4.56909173146537e-06,-1.39397298402663e-05
2024/03/20,0.000205785467898292,-1.7440683039115e-05,4.91235552584017e-06,1.80508193746407e-05,-5.67076810775414e-06,6.215127578785e-07,-6.53307044097827e-05
2024/03/21,0.000203897841922997,-2.5251797031995e-05,4.04515847546756e-06,9.1650591915885e-06,9.31570496990513e-06,-3.63589802818869e-06,-7.31540694997745e-05
2024/03/24,0.00020205575075293,-3.21253415378584e-05,3.14001245146033e-06,-3.8209746600915e-06,1.49303881145934e-05,8.0539427908565e-08,1.74546254510579e-05
2024/03/25,0.000200257897257394,-3.77518411687396e-05,2.30172419651051e-06,-1.67218397475836e-05,5.7534386401377e-06,2.58109659440565e-06,-3.47874757721242e-05
2024/03/26,0.000198502933483507,-4.18721992814842e-05,1.53518418493371e-06,-2.48887677691058e-05,-8.98430929042418e-06,-4.34727651062542e-07,7.548886323636e-06
2024/03/27,0.000196789472121445,-4.42897996533778e-05,7.64286391395226e-07,-2.49173590049295e-05,-1.46724309608724e-05,-1.49663354717225e-06,-2.15775353464885e-05
2024/03/31,0.000195116098373397,-4.48798706442646e-05,-1.24855982813036e-07,-1.60734236340516e-05,-5.80316951138903e-06,4.43888082756894e-07,3.76873333163649e-05
2024/04/01,0.000193481382289453,-4.35956579236047e-05,-1.2283125233698e-06,-8.38323096461453e-07,8.68958125659614e-06,4.71848300391602e-07,-5.21551830300456e-06
2024/04/02,0.000191883891513505,-4.04711033102754e-05,-2.57132708997675e-06,1.57324550904635e-05,1.441780801101e-05,-1.32682162738922e-07,-6.78030420519872e-05
2024/04/03,0.00019032220429159,-3.56198936121376e-05,-4.07251881478108e-06,2.7697813927141e-05,5.82364027861739e-06,4.11797955236556e-07,4.73595597433326e-06
2024/04/04,0.000188794922663439,-2.92309155394901e-05,-5.53618949490911e-06,3.03979163546292e-05,-8.42225809673558e-06,-4.54763572913018e-07,-1.405471231402e-05
2024/04/07,0.000187300685823068,-2.1560322399347e-05,-6.67729798518355e-06,2.22952088484193e-05,-1.41596817569341e-05,-1.08530042901972e-06,0.000193547707898997
2024/04/08,0.000185838183450284,-1.2920577288528e-05,-7.17604139427062e-06,5.75351790063395e-06,-5.81690396142205e-06,1.25831017246777e-06,-1.49494888791651e-05
2024/04/09,0.000184406168777535,-3.66697742595418e-06,-6.75170630470886e-06,-1.36156227218046e-05,8.17259261090796e-06,1.49572553172202e-06,0.000151436819532303
2024/04/10,0.000183003471082342,5.81772122661686e-06,-5.24011958433138e-06,-2.88751736138627e-05,1.38890866979517e-05,-2.2060806149902e-06,-3.95190519372608e-06
2024/04/11,0.000181629007688833,1.5139876312725e-05,-2.65687155213641e-06,-3.42872398685527e-05,5.78321359684995e-06,-1.60866810003905e-06,4.16706819223202e-05
2024/04/14,0.000180281795358433,2.39119746117391e-05,7.69886375572299e-07,-2.75061482760139e-05,-7.93074448766377e-06,3.21923753038043e-06,0.000149580998887553
2024/04/15,0.000178960961195323,3.17693219937073e-05,4.60801701543057e-06,-1.05891778568588e-05,-1.35952461979104e-05,1.40946006808887e-06,-9.34833621778097e-06
2024/04/16,0.000177665752936105,3.83856590958311e-05,8.27433877210433e-06,1.06081900820796e-05,-5.72082737419895e-06,-4.21692959959958e-06,3.16638160876783e-05
2024/04/17,0.000176395548429169,4.34870091323299e-05,1.11257842990619e-05,2.84833105411737e-05,7.68751806784689e-06,-9.03086431198159e-07,2.6340915961617e-05
2024/04/18,0.000175149864354487,4.68631520452933e-05,1.25741244742153e-05,3.64555990957329e-05,1.32662570567816e-05,5.12104598042366e-06,0.000386584956993066
2024/04/21,0.000173928364084156,4.83762341551497e-05,1.2203517658376e-05,3.14291840219932e-05,5.62602686491465e-06,1.12911486508163e-07,-3.78962382710978e-05
2024/04/22,0.000172730864129102,4.79661591133207e-05,9.86784483124507e-06,1.5012761769624e-05,-7.43503101513028e-06,-5.86045447412017e-06,-3.83301443540414e-05
2024/04/23,0.000171557338702305,4.56525590952879e-05,5.74695766627579e-06,-6.9898722494077e-06,-1.2889929535076e-05,9.21590788054583e-07,3.57993555325604e-05
2024/04/24,0.000170407923012825,4.15333072437114e-05,3.47410063566907e-07,-2.6659485831318e-05,-5.49348308663414e-06,6.37447565830611e-06,0.000131247852939542
2024/04/25,0.00016928291576341,3.57796905911054e-05,-5.55708800464644e-06,-3.68552660227413e-05,7.16711235346492e-06,-2.14783223398641e-06,-5.12035324466066e-05
2024/04/28,0.000168182780707618,2.86285101622054e-05,-1.10390775276161e-05,-3.38489522410969e-05,1.24545708838191e-05,-6.61540558681943e-06,-1.77554263981099e-05
2024/04/29,0.000167108147278523,2.0371507299692e-05,-1.51675871637542e-05,-1.87120317736954e-05,5.31676788146613e-06,3.50352528496133e-06,6.22586711928073e-05
2024/04/30,0.000166059810615091,1.13426258149076e-05,-1.71701753173308e-05,3.06887235550369e-06,-6.87925685743825e-06,6.55006858350276e-06,9.40600548057643e-05
2024/05/01,0.000165038731069787,1.90370261346256e-06,-1.65780277027138e-05,2.36092314462607e-05,-1.19491154623841e-05,-4.92020952502042e-06,0.000114987687560609
2024/05/02,0.000164046032943422,-7.57076684182189e-06,-1.33268050346108e-05,3.55240434846646e-05,-5.08845108343363e-06,-6.16046090909099e-06,-2.66159255912917e-06
2024/05/05,0.000163083002315275,-1.6709117466301e-05,-7.79251551275329e-06,3.46244602736926e-05,6.56855774175308e-06,6.32664289260829e-06,7.29619697557252e-05
2024/05/06,0.000162151083984612,-2.51575925795761e-05,-7.52407323411133e-07,2.14133108821137e-05,1.13631183031684e-05,5.44361461878872e-06,-1.58741278856956e-05
2024/05/07,0.000161251877697715,-3.25943801931108e-05,6.72606958626821e-06,8.36763087628773e-07,4.80015766487416e-06,-7.65187353038515e-06,2.01263856870096e-05
2024/05/08,0.000160387133639731,-3.87420386665446e-05,1.34521053660662e-05,-1.95927837096129e-05,-6.23378666642316e-06,-4.41084684828208e-06,3.04012168850658e-05
2024/05/09,0.000159558747378006,-4.33778276663342e-05,1.83073483766592e-05,-3.2580991700757e-05,-1.06871030434477e-05,8.82788746322384e-06,-8.44806080734988e-06
2024/05/12,0.000158768754377086,-4.63415647463726e-05,2.04375914317753e-05,-3.36956651513767e-05,-4.44286138740354e-06,3.08658055119469e-06,1.47861649250973e-05
2024/05/13,0.00015801932421396,-4.75407461800576e-05,1.94066573593484e-05,-2.28970583644848e-05,5.87563582834786e-06,-9.79176423373383e-06,4.67599513766196e-05
2024/05/14,0.000157312754581203,-4.69527972045569e-05,1.52842718201503e-05,-4.41881603524532e-06,9.91327560567609e-06,-1.50692533746355e-06,7.90722365702362e-05
2024/05/15,0.00015665146507089,-4.46244451964367e-05,8.6503987366464e-06,1.49077498602918e-05,4.00743618589812e-06,1.04873692550796e-05,-1.79519739123687e-05
2024/05/16,0.000156037990572964,-4.06683329543483e-05,5.12671534853202e-07,2.82172673698776e-05,-5.49679105262642e-06,-2.81823476678117e-07,-8.28998199404161e-06
2024/05/19,0.000155474974224101,-3.52571018524678e-05,-7.85126228226383e-06,3.10857186342178e-05,-9.03607234363781e-06,-1.08666583562508e-05,3.98764019763019e-05
2024/05/20,0.000154965160005695,-2.86152717294001e-05,-1.51011597072867e-05,2.30109742705947e-05,-3.48522902646029e-06,2.22465496234247e-06,7.73828712245153e-05
2024/05/21,0.000154511385062102,-2.10093228181591e-05,-2.00566879766776e-05,7.3985996677027e-06,5.10166789506917e-06,1.08907020142984e-05,7.23446561556639e-05
2024/05/22,0.000154116571610294,-1.27364422610586e-05,-2.18969255055876e-05,-9.86943851137599e-06,8.05231988118439e-06,-4.2592219163419e-06,8.65621367028855e-05
2024/05/23,0.000153783718338797,-4.11243195123753e-06,-2.03020328138888e-05,-2.26832770900825e-05,2.86849032697047e-06,-1.05305442381749e-05,6.67700774276159e-05
2024/05/26,0.000153515891254456,4.54071405943167e-06,-1.55117707044906e-05,-2.68995673105045e-05,-4.6961304736749e-06,6.3171315103006e-06,-6.27662683355186e-05
2024/05/27,0.000153316214068357,1.29070644954156e-05,-8.28969653996713e-06,-2.16808717569862e-05,-6.96141233733706e-06,9.76800623649942e-06,-3.95593041659813e-05
2024/05/28,0.000153187858303645,2.06883697026181e-05,2.01779011551725e-07,-9.54674802366145e-06,-2.15079344355976e-06,-8.32519567108898e-06,-5.88552698795046e-05
2024/05/29,0.000153134033397264,2.76146225430446e-05,8.59463582164232e-06,4.78864874434377e-06,4.2873406517215e-06,-8.5965036514823e-06,3.75622249346565e-06
2024/05/30,0.000153157976791174,3.34531997022671e-05,1.5543804665501e-05,1.62714887122114e-05,5.76563342556873e-06,1.02067366249201e-05,1.01741600783573e-05
2024/06/02,0.000153262943912193,3.80162937608465e-05,1.99516554055443e-05,2.13175348054527e-05,1.32758784608416e-06,7.02191743154617e-06,0.000227995066838333
2024/06/03,0.000153452197751461,4.11664265776731e-05,2.1149576961853e-05,1.89169874106611e-05,-3.8833664969142e-06,-1.1883054002319e-05,0.000124625231797585
2024/06/04,0.000153728997656951,4.28199195733524e-05,1.90052881855975e-05,1.06997570622723e-05,-4.47026894260965e-06,-5.06349789028666e-06,-9.95019564527732e-06
2024/06/05,0.00015409658690432,4.29482826194372e-05,1.39376162540222e-05,4.92067217514716e-08,-3.9690266728464e-07,1.32751429971018e-05,-2.81139328293479e-05
2024/06/06,0.000154558179287579,4.15775672805556e-05,6.83685820300921e-06,-9.29824588116392e-06,3.4923377720657e-06,2.75473074168424e-06,-4.12524274037294e-05
2024/06/09,0.000155116945172785,3.87858057342744e-05,-1.09446176912647e-06,-1.45855385284745e-05,3.08334007789409e-06,-1.43057426875857e-05,1.15426520002336e-05
2024/06/10,0.000155775997270695,3.46987203876039e-05,-8.55163966092669e-06,-1.48153249635173e-05,-6.40138957166533e-07,-1.44034536540779e-07,2.60164204598524e-05
2024/06/11,0.000156538376238696,2.94839399674967e-05,-1.43511000131469e-05,-1.07717429395741e-05,-3.1216223153117e-06,1.49017643766475e-05,-2.54156153148073e-05
2024/06/12,0.00015740703616538,2.33439951441871e-05,-1.76274951303577e-05,-4.40273590905968e-06,-1.61496075180353e-06,-2.70481538155819e-06,-5.97302413678769e-06
2024/06/13,0.000158384829962034,1.65083905734706e-05,-1.79703428256402e-05,2.08344324179856e-06,1.77959556490173e-06,-1.49970927742375e-05,-6.75382374232733e-06
2024/06/16,0.000159474494821907,9.2250615677204e-06,-1.54773261148342e-05,6.99862252732329e-06,2.77762973745909e-06,5.71267075416149e-06,-4.4260153293737e-05
2024/06/17,0.000160678637825321,1.75152318752404e-06,-1.07167921435732e-05,9.54975945952417e-06,7.67264150326772e-08,1.45357324667224e-05,-4.84155872105515e-05
2024/06/18,0.000161999721800228,-5.65399048326417e-06,-4.60857366467656e-06,9.75787655301022e-06,-3.0152730580307e-06,-8.78554749413547e-06,-7.13942136531314e-05
2024/06/19,0.000163440051506814,-1.27411174402598e-05,1.75306015833279e-06,8.08916273555677e-06,-2.46583939086471e-06,-1.34752250796979e-05,-3.63690924898816e-05
2024/06/20,0.000165001760268706,-1.92754346234148e-05,7.30044496118013e-06,5.07168313853725e-06,1.5187279594144e-06,1.181587454843e-05,-4.83440562528529e-05
2024/06/23,0.000166686797152725,-2.5045775955162e-05,1.11800473488186e-05,1.12255468062547e-06,4.33913309414019e-06,1.17902051675471e-05,-4.54989614886944e-05
2024/06/24,0.000168496914725913,-2.98706107524018e-05,1.28923957072604e-05,-3.35445591459671e-06,2.1908520919084e-06,-1.46845792140511e-05,6.38814833559673e-05
2024/06/25,0.000170433657342932,-3.36033277931048e-05,1.23600971047893e-05,-7.72836061678276e-06,-3.15796374864167e-06,-9.47591081338203e-06,4.53678085241901e-05
2024/06/26,0.000172498349936442,-3.61363071482785e-05,9.91380723742e-06,-1.09917700805689e-05,-5.74157347259166e-06,1.72640990767839e-05,-2.78666055492072e-05
2024/06/27,0.000174692087181623,-3.74036984561831e-05,6.20188981282654e-06,-1.1902930537986e-05,-1.95644724110526e-06,6.55142379457208e-06,-2.73632455374752e-06
2024/06/30,0.000177015723131873,-3.73828590712102e-05,2.04400693497788e-06,-9.45499837022077e-06,4.82703793283617e-06,-1.9422362900324e-05,1.22704523420679e-05
2024/07/01,0.000179469861473682,-3.60944389564652e-05,-1.74075757234423e-06,-3.49692782215511e-06,7.21182087415742e-06,-3.06237908979673e-06,-1.24771789070782e-05
2024/07/02,0.000182054846483279,-3.36011311497846e-05,-4.4963979956983e-06,4.81639608840301e-06,1.76556463480274e-06,2.10277274831252e-05,-2.09320055441273e-05
2024/07/03,0.000184770754698988,-3.00051369496733e-05,-5.85092563215025e-06,1.30598538897076e-05,-6.51203679441301e-06,-9.17141830943866e-07,-9.8545367381515e-05
2024/07/04,0.000187617387352996,-2.54444239303297e-05,-5.77256220998316e-06,1.81943394890467e-05,-8.73847230927657e-06,-2.19547568013183e-05,-1.77705115911353e-05
2024/07/07,0.000190594263614963,-2.00878832645857e-05,-4.55153886976186e-06,1.7691547817992e-05,-1.62035584044065e-06,5.28382093660087e-06,-3.51508543947675e-05
2024/07/08,0.000193700614822818,-1.41295207991895e-05,-2.71322422124396e-06,1.07100506539291e-05,8.19947412063946e-06,2.20906484382255e-05,-3.66260430151782e-05
2024/07/09,0.000196935379614022,-7.78184454303453e-06,-8.82446339164618e-07,-1.20492264217942e-06,1.03099793600313e-05,-9.90566274594541e-06,-3.8138482703729e-05
2024/07/10,0.000200297199854993,-1.2686380320333e-06,3.71057720632632e-07,-1.43050613627759e-05,1.52244444632129e-06,-2.13420301834051e-05,7.05402755626751e-06
2024/07/11,0.000203784417309886,5.18266649136008e-06,6.7218658559259e-07,-2.37848676915104e-05,-9.87641014856738e-06,1.46240904376222e-05,-5.69810829843829e-05
2024/07/14,0.000207395071112739,1.13487804671685e-05,-6.58330061087462e-08,-2.55553047933381e-05,-1.19150489431909e-05,1.96417966811811e-05,-4.64704615184505e-05
2024/07/15,0.000211126896057461,1.70182666876164e-05,-1.61497475972077e-06,-1.79871818798243e-05,-1.47323374757863e-06,-1.92577077448919e-05,-5.00910646130621e-05
2024/07/16,0.000214977321793837,2.19989032382994e-05,-3.4804382289574e-06,-2.88795508184718e-06,1.15305264053189e-05,-1.69555893045749e-05,-0.000106568768822076
2024/07/17,0.00021894347293325,2.61244439252615e-05,-5.01453317509035e-06,1.47940869671354e-05,1.3542944595407e-05,2.36077683518707e-05,-0.000151984183597834
2024/07/18,0.000223022170135629,2.92605241948064e-05,-5.57327043003571e-06,2.8570468167892e-05,1.47405586453572e-06,1.32874954427167e-05,-0.000102808443375544
2024/07/21,0.000227209932204386,3.13094801232348e-05,-4.68240823249426e-06,3.28100961276846e-05,-1.31502584519588e-05,-2.74652842844117e-05,-8.69855574864406e-05
2024/07/22,0.000231502979144102,3.22138766478806e-05,-2.17622398721374e-06,2.50422697962361e-05,-1.51837422541566e-05,-8.68451513376174e-06,-7.10106442130865e-05
2024/07/23,0.000235897236062647,3.1958579846459e-05,1.72364751555986e-06,7.22337337042696e-06,-1.52633613967374e-06,3.06195839875274e-05,-8.36020846429467e-05
2024/07/24,0.000240388337922882,3.0571256558712e-05,6.41090657328365e-06,-1.46398725233211e-05,1.47249261027049e-05,3.23937072953266e-06,1.88607463620552e-06
2024/07/25,0.000244971635037868,2.81212411917405e-05,1.09843333635365e-05,-3.25038424578288e-05,1.68288152608423e-05,-3.28680096428639e-05,0.000109818827246706
2024/07/28,0.000249642199167486,2.47167730257174e-05,1.44120693711876e-05,-3.92687954343166e-05,1.63208476338485e-06,2.90871195704305e-06,8.49269571494982e-05
2024/07/29,0.000254394829968588,2.05006755595539e-05,1.57414811622687e-05,-3.16149840919923e-05,-1.62447595279905e-05,3.40263325842706e-05,-8.04395756546983e-05
2024/07/30,0.000259224061631698,1.5644620086388e-05,1.43142014235868e-05,-1.15567487618962e-05,-1.84714036790403e-05,-9.57552645120788e-06,-4.91672042495284e-05
2024/07/31,0.000264124169769933,1.0342185010548e-05,9.94202290076405e-06,1.39906075453774e-05,-1.79445275853325e-06,-3.3939381098996e-05,-4.51331513690929e-05
2024/08/01,0.000269089178901225,4.80098574037661e-06,3.00410038243559e-06,3.55911692501636e-05,1.77008065118849e-05,1.6535891050494e-05,7.02108681634206e-05
2024/08/04,0.000274112870599225,-7.65797882539088e-07,-5.56109728944361e-06,4.47988578783057e-05,2.01069144942204e-05,3.24913208935699e-05,0.000394855931306661
2024/08/05,0.000279188792104009,-6.14813148353405e-06,-1.43765674897991e-05,3.74830580933849e-05,2.01813690147754e-06,-2.35301669510596e-05,0.000167615878825522
2024/08/06,0.000284310264607605,-1.11476870305829e-05,-2.1846011081985e-05,1.56523917927583e-05,-1.90846141488111e-05,-2.96149707791804e-05,3.20456266401962e-05
2024/08/07,0.000289470390608804,-1.55858641219397e-05,-2.64368996549052e-05,-1.3018421681944e-05,-2.17328242979836e-05,3.02731900017446e-05,-8.72657085377627e-06
2024/08/08,0.000294662060908445,-1.93108951746945e-05,-2.69778207940246e-05,-3.78886473382767e-05,-2.30956009881447e-06,2.52995122020764e-05,-7.80276497047108e-05
2024/08/11,0.000299877962045963,-2.22036947883223e-05,-2.29142365729305e-05,-4.93283127755737e-05,2.03879035155627e-05,-3.64653261085188e-05,-1.98002953161799e-05
2024/08/12,0.000305110584504967,-2.41821719560817e-05,-1.44707764742597e-05,-4.24755592690985e-05,2.334841202411e-05,-1.95959876931349e-05,-5.86895011365025e-05
2024/08/13,0.000310352231950309,-2.52037988938717e-05,-2.68227547729376e-06,-1.92989679967959e-05,2.67685176794659e-06,4.18052212230698e-05,-0.000111774262573364
2024/08/14,0.000315595031558973,-2.52663185427662e-05,1.07221515815925e-05,1.19074969144545e-05,-2.16021241206585e-05,1.26201574016876e-05,-9.65893947932829e-05
2024/08/15,0.000320830945465201,-2.44065689978086e-05,2.35713573165821e-05,3.94982153316e-05,-2.49539348110688e-05,-4.60036711806961e-05,-5.32473431238101e-05
2024/08/18,0.00032605178324768,-2.26975022601518e-05,3.3604163846511e-05,5.28501615287226e-05,-3.12933918813963e-06,-4.55238805458626e-06,-6.29488791200357e-05
2024/08/19,0.000331249215415725,-2.02435709717692e-05,3.88638925503484e-05,4.64844388372962e-05,2.27179720755857e-05,4.87979747258678e-05,-0.000171997922633054
2024/08/20,0.000336414787729123,-1.71747449015309e-05,3.80668827616946e-05,2.23252846370796e-05,2.6549444783594e-05,-4.36564120596946e-06,-0.000102359013803991
2024/08/21,0.000341539936188127,-1.36394931279378e-05,3.08770416732265e-05,-1.08374168870097e-05,3.67676671892962e-06,-4.9966066542787e-05,-6.21537680225489e-05
2024/08/22,0.000346616002649079,-9.79712338618082e-06,1.80314175820861e-05,-4.05535863378047e-05,-2.37250324617414e-05,1.38374712537938e-05,-0.000145930149299232
2024/08/25,0.000351634251160646,-5.80990327329507e-06,1.28535088828599e-06,-5.54146062168715e-05,-2.81336627240954e-05,4.93396986377109e-05,-9.95921284723806e-05
2024/08/26,0.000356585885206936,-1.83539647093937e-06,-1.68238216240604e-05,-4.94655955731865e-05,-4.32839255101207e-06,-2.35215189752692e-05,-9.54441600124685e-05
2024/08/27,0.000361462066060064,1.98057006901288e-06,-3.33634024085588e-05,-2.46106687714158e-05,2.4611765932111e-05,-4.68159245488113e-05,-8.93406332402316e-07
2024/08/28,0.000366253932206904,5.50993418508324e-06,-4.54830297403284e-05,9.96598668402675e-06,2.97030981545165e-05,3.30435941148788e-05,-0.000131105515605081
2024/08/29,0.00037095261979352,8.64711386151734e-06,-5.09051341000027e-05,4.12013113583159e-05,5.09196624759716e-06,4.23661926898652e-05,3.58969301491875e-05
2024/09/01,0.000375549283826618,1.13121871203537e-05,-4.83437513447564e-05,5.71142331594043e-05,-2.53657586648231e-05,-4.20118250816658e-05,-0.000164774369015131
2024/09/02,0.000380035119868843,1.34524134369672e-05,-3.7775730024025e-05,5.14327747948266e-05,-3.12512520750741e-05,-3.60424225730818e-05,0.000153872096571545
2024/09/03,0.000384401386010567,1.50420812924304e-05,-2.05104638135165e-05,2.60893447861588e-05,-5.97264661120148e-06,5.00333723320664e-05,0.000417669926003495
2024/09/04,0.000388639425243913,1.6080775037348e-05,9.63301706702839e-07,-9.41591902298999e-06,2.59740432494661e-05,2.7979568798848e-05,-7.14241950132884e-05
2024/09/05,0.000392740687366552,1.65902542180304e-05,2.33375534861395e-05,-4.15827909891245e-05,3.27679432706396e-05,-5.67321744102682e-05,4.03395270580316e-05
2024/09/08,0.00039669674972778,1.66102278426089e-05,4.2999740162589e-05,-5.80669974077057e-05,6.9720571947854e-06,-1.83943335094388e-05,-2.1501444010619e-05
2024/09/09,0.000400499337467433,1.61933784126623e-05,5.66212857543217e-05,-5.24468537949648e-05,-2.64234062037845e-05,6.17668505149785e-05,8.22084078493542e-05
2024/09/10,0.000404140343667489,1.54000355043752e-05,6.17232222028727e-05,-2.67493720125104e-05,-3.42387160854664e-05,7.57995653033808e-06,9.34055301929015e-05
2024/09/11,0.000407611849302247,1.42929146946367e-05,5.71224592617648e-05,9.26597433417845e-06,-8.0873882970821e-06,-6.48478711950178e-05,-7.03029381007273e-05
2024/09/12,0.000410906142693666,1.29323248772088e-05,4.31789086283484e-05,4.18183701894819e-05,2.67008021929359e-05,4.10283083153858e-06,-0.00030218537941318
2024/09/15,0.000414015738487526,1.13722062921508e-05,2.1794578533841e-05,5.83982004034226e-05,3.56445918421748e-05,6.57532076499617e-05,-0.000317144523209077
2024/09/16,0.000416933396684903,9.65729416568189e-06,-3.84398369656734e-06,5.26009185532032e-05,9.31088605926421e-06,-1.6238448870828e-05,-0.000274249062895657
2024/09/17,0.000419652142056766,7.82161074779033e-06,-2.97454983762312e-05,2.66247480604152e-05,-2.67937048614459e-05,-6.43416417926884e-05,4.90243441653945e-05
2024/09/18,0.000422165284037398,5.88837887915782e-06,-5.17430736346728e-05,-9.54998364115358e-06,-3.6962062976196e-05,2.83723243603265e-05,-0.000110624867024859
2024/09/19,0.000424466437051346,3.87133138060697e-06,-6.61723507469283e-05,-4.19977930913528e-05,-1.06294143647857e-05,6.05629862068732e-05,-0.000185986196435759
2024/09/22,0.000426549541068485,1.77727153381796e-06,-7.0487176756508e-05,-5.8224598425597e-05,2.6690919647377e-05,-4.00293498472906e-05,-1.23466072202846e-05
2024/09/23,0.000428408882503699,-3.90369365631024e-07,-6.37085842108584e-05,-5.20017246677247e-05,3.81638322946705e-05,-5.44645676979721e-05,-7.87784688561837e-05
2024/09/24,0.000430039115611134,-2.627323714325e-06,-4.66278877214721e-05,-2.57785244070422e-05,1.2024385294156e-05,5.07342002922307e-05,-1.89089653546813e-05
2024/09/25,0.000431435284183364,-4.92404263056648e-06,-2.17237142271645e-05,1.02684967756541e-05,-2.63836727133511e-05,4.61934846487621e-05,0.000284830163963302
2024/09/26,0.000432592843362302,-7.26146420947494e-06,7.20047859206915e-06,4.21849142625201e-05,-3.92200481640136e-05,-6.00326505085342e-05,3.54339266651315e-05
2024/09/29,0.000433507680802951,-9.60744632805539e-06,3.56050793618804e-05,5.76525705841967e-05,-1.34719340640811e-05,-3.59942858017343e-05,5.38693354448426e-05
2024/09/30,0.000434176136506274,-1.19142790214064e-05,5.89369862109155e-05,5.07630126327926e-05,2.58666759249494e-05,6.7512926422156e-05,0.000481908541324319
2024/10/01,0.000434595021471963,-1.41176192340509e-05,7.33697495518847e-05,2.42932070035331e-05,4.00995234845531e-05,2.42018872038659e-05,-0.000132601769481748
2024/10/02,0.000434761634605529,-1.61370912287689e-05,7.64393740860218e-05,-1.13996086498244e-05,1.49430593732393e-05,-7.28260014218638e-05,0.000363273633235667
2024/10/03,0.000434673776998606,-1.78786721355745e-05,6.74689096938232e-05,-4.2428192318396e-05,-2.51392991332438e-05,-1.12298087486989e-05,3.14202856434836e-05
2024/10/06,0.000434329764162997,-1.9238840263688e-05,4.77080537520429e-05,-5.67866864772563e-05,-4.07711691688731e-05,7.570371406617e-05,-5.24688360713921e-05
2024/10/07,0.000433728436323435,-2.01103201460172e-05,2.01599856769294e-05,-4.90107540168062e-05,-1.6403822224798e-05,-2.44582061386355e-06,0.00062335729500112
2024/10/08,0.000432869167278126,-2.03891191260846e-05,-1.08809307920841e-05,-2.22719428421296e-05,2.42070065936218e-05,-7.59736652042123e-05,0.000260738484092763
2024/10/09,0.000431751871672519,-1.99824285283433e-05,-4.05086512809427e-05,1.29016617358573e-05,4.12058434977609e-05,1.63058283977628e-05,-4.67041254946138e-05
2024/10/10,0.000430377009802374,-1.88168649799644e-05,-6.39932142545268e-05,4.27663428067558e-05,1.78160120307952e-05,7.35701438290784e-05,-0.000151103429234512
2024/10/13,0.000428745590434255,-1.68464585512397e-05,-7.75484461192504e-05,5.57369637167557e-05,-2.30823197957574e-05,-2.98103766567479e-05,0.000367235046971984
2024/10/14,0.000426859172514073,-1.40597666405957e-05,-7.89530824742385e-05,4.68906172878555e-05,-4.13779901807881e-05,-6.85403504830098e-05,0.000224752399976703
2024/10/15,0.000424719865734975,-1.04855111013136e-05,-6.79217182982823e-05,1.98450504632296e-05,-1.91381243539863e-05,4.24232505323875e-05,-7.37808129770098e-05
2024/10/16,0.000422330329454877,-6.19619807560416e-06,-4.6162476036197e-05,-1.47083430407435e-05,2.17852499023859e-05,6.1045325134734e-05,-9.38038873394522e-05
2024/10/17,0.000419693770226785,-1.30928118978102e-06,-1.71096822244446e-05,-4.32253308952088e-05,4.12674098321853e-05,-5.36368742049801e-05,-1.32730115445559e-05
2024/10/20,0.000416813938551028,4.01443264036881e-06,1.46263511211655e-05,-5.4617782641459e-05,2.03273641968222e-05,-5.13552240775754e-05,-0.00010251607979035
2024/10/21,0.000413695124939112,9.57526649526648e-06,4.40031582349181e-05,-4.45686182181239e-05,-2.03428862766713e-05,6.29967681289691e-05,-0.00011046781330347
2024/10/22,0.000410342155417431,1.51419912211716e-05,6.63617190555534e-05,-1.71716728528137e-05,-4.08611096820719e-05,3.98389124667499e-05,-0.000208490995626021
2024/10/23,0.000406760386509799,2.04617308050811e-05,7.81796339286274e-05,1.67276429638401e-05,-2.13419633806257e-05,-7.01240618318416e-05,-0.00014590236899488
2024/10/24,0.000402955699650147,2.52720231167028e-05,7.76377593307608e-05,4.38200747723314e-05,1.87891050508459e-05,-2.69481535326688e-05,-0.000290077508388119
2024/10/27,0.000398934494979001,2.93144380518699e-05,6.49071054802247e-05,5.3553816855731e-05,4.01553769266277e-05,7.47346924623898e-05,0.00188103407524416
2024/10/28,0.000394703684531476,3.23490202950836e-05,4.2109398710986e-05,4.22409043136108e-05,2.21435169914051e-05,1.31970718921268e-05,-0.000257910596734688
2024/10/29,0.000390270682702128,3.41687269198413e-05,1.29591447557249e-05,1.44509319394233e-05,-1.71642439800201e-05,-7.6654049419791e-05,-7.2297192917306e-05
2024/10/30,0.000385643391063055,3.46129862372856e-05,-1.7851910941681e-05,-1.88329748270059e-05,-3.91577828299642e-05,8.6208900016915e-07,0.000104103202298142
2024/10/31,0.000380830180372408,3.35795247627378e-05,-4.54243496384971e-05,-4.45510991401708e-05,-2.26994632531471e-05,7.58259541277434e-05,-0.000119680747231075
2024/11/03,0.000375839871766641,3.10336691865314e-05,-6.54460926465309e-05,-5.26837731152404e-05,1.55142998479969e-05,-1.46654871048992e-05,0.000165469512065501
2024/11/04,0.000370681717025516,2.70144351857772e-05,-7.4881144591269e-05,-4.01438859852161e-05,3.78883959435565e-05,-7.23151864857141e-05,-5.36163310926504e-05
2024/11/05,0.000365365378141334,2.16368688911229e-05,-7.24394806634543e-05,-1.19359884073276e-05,2.29851848864033e-05,2.76647319556327e-05,0.000218502305196289
2024/11/06,0.000359900906165992,1.50902987997785e-05,-5.8753477676636e-05,2.08481443648755e-05,-1.38888968548428e-05,6.63036468013746e-05,-3.74156216005417e-05
2024/11/07,0.000354298719478323,7.63237774127027e-06,-3.62364750426927e-05,4.53908869645445e-05,-3.63787268574993e-05,-3.93528547459049e-05,-7.24079275380409e-05
2024/11/10,0.000348569581094826,-4.20967185395413e-07,-8.6527269755394e-06,5.21500197314083e-05,-2.29850003931126e-05,-5.80806057962709e-05,-4.63463004759163e-05
2024/11/11,0.00034272457535864,-8.70931449924703e-06,1.95240764125735e-05,3.85498449941721e-05,1.23385862354034e-05,4.92878556302449e-05,-0.000181745624131787
2024/11/12,0.000336775084465531,-1.68446631532966e-05,4.38525285963352e-05,9.93976060007426e-06,3.46695406850764e-05,4.80276769533871e-05,-0.000135872928147108
2024/11/13,0.000330732764915793,-2.44306806529389e-05,6.06398063863811e-05,-2.25278198440149e-05,2.26924842496471e-05,-5.71126005744765e-05,-8.76859544803903e-05
2024/11/14,0.000324609523807607,-3.10833137275661e-05,6.75141326103689e-05,-4.62509826465283e-05,-1.09122895055065e-05,-3.65994427206169e-05,1.58973721822417e-05
2024/11/17,0.000318417494998887,-3.64516700797463e-05,6.37622931626042e-05,-5.20594230825825e-05,-3.28083334576801e-05,6.25701459052339e-05,-1.15095074467161e-05
2024/11/18,0.000312169015245163,-4.02380165110838e-05,5.03833489065926e-05,-3.77337697246749e-05,-2.21101326709893e-05,2.43008653911599e-05,8.38526893638324e-05
2024/11/19,0.000305876600287994,-4.22157389105573e-05,2.98592211491265e-05,-8.81991644500706e-06,9.65531120368852e-06,-6.55138483796661e-05,-4.94646289055783e-05
2024/11/20,0.000299552920716048,-4.22441749514646e-05,5.69087043860288e-06,2.35481248103767e-05,3.08469184909751e-05,-1.16627067132571e-05,-0.000109913952791281
2024/11/21,0.000293210777662889,-4.02793587984362e-05,-1.82130146624008e-05,4.6950703533416e-05,2.12486579354185e-05,6.59119089121003e-05,-0.000131189674582987
2024/11/24,0.000286863078677295,-3.63799047103884e-05,-3.81859804985232e-05,5.24403016854108e-05,-8.60782458552528e-06,-7.83763752769379e-07,0.0001465900931845
2024/11/25,0.000280522813900631,-3.07074962125798e-05,-5.13813318829868e-05,3.79321983434435e-05,-2.88391653331388e-05,-6.38462730449392e-05,0.00023822725422957
2024/11/26,0.000274203032277309,-2.35217277651294e-05,-5.61833382507585e-05,8.95206120176464e-06,-2.01260999915819e-05,1.25315207309535e-05,4.50455517974428e-05
2024/11/27,0.000267916817457306,-1.51693513361034e-05,-5.2391234033039e-05,-2.3511512663191e-05,7.80359044572113e-06,5.95061053251946e-05,-0.000134110415195888
2024/11/28,0.000261677263399394,-6.06829484856218e-06,-4.1157467588788e-05,-4.71991581894396e-05,2.68388870764232e-05,-2.31208082544448e-05,7.77485784054173e-05
2024/12/01,0.00025549745016231,3.31287293529713e-06,-2.47054251821818e-05,-5.32071737837204e-05,1.87669984053735e-05,-5.31763060055183e-05,7.26165834684401e-05
2024/12/02,0.000249390420168306,1.24790716564225e-05,-5.88911502377635e-06,-3.93009447649921e-05,-7.26878085210036e-06,3.21593934276783e-05,-8.76490446115383e-05
2024/12/03,0.000243369154828908,2.09352293933731e-05,1.23184707666191e-05,-1.06924473278232e-05,-2.48978764180784e-05,4.52217708185609e-05,-3.75193020615597e-05
2024/12/04,0.000237446551516517,2.82138045822193e-05,2.73142984230128e-05,2.1968493501671e-05,-1.72013176427412e-05,-3.93391662087664e-05,4.2389335828087e-05
2024/12/05,0.000231635400995736,3.39018059614369e-05,3.72477839612861e-05,4.65950030869578e-05,7.02151761376561e-06,-3.60682310785052e-05,-0.000161699280540678
2024/12/08,0.000225948365102473,3.76657710142494e-05,4.12382222869268e-05,5.41381282573696e-05,2.30644407117213e-05,4.44484144165522e-05,-0.000282806341789292
2024/12/09,0.00022039795463629,3.92732139931763e-05,3.9403165271651e-05,4.18761802080585e-05,1.54631219233363e-05,2.61806308880957e-05,-0.000234230266920607
2024/12/10,0.000214996507729482,3.86091912939375e-05,3.27108289663358e-05,1.43342212639462e-05,-7.07198767588236e-06,-4.73793042170732e-05,-0.000107952457360746
2024/12/11,0.000209756168885135,3.56868491171342e-05,2.27018596732228e-05,-1.8452414865619e-05,-2.13821996751852e-05,-1.6040065813945e-05,-3.52611973207431e-05
2024/12/12,0.00020468886868403,3.06511074900338e-05,1.1147146280595e-05,-4.4640418849225e-05,-1.35892040307196e-05,4.81303052323179e-05,-0.000124684804807032
2024/12/15,0.000199806304174531,2.37749835104794e-05,-2.84886993866862e-07,-5.48623540772278e-05,7.42273336760872e-06,6.12037599249168e-06,-6.6324155974016e-05
2024/12/16,0.000195119919905274,1.5448448053267e-05,-1.02866250141191e-05,-4.55383882261629e-05,1.9889275779793e-05,-4.6803507711859e-05,3.05908772138074e-05
2024/12/17,0.000190640889726399,6.16012474442027e-06,-1.80517903082964e-05,-2.00585224843889e-05,1.16181683572566e-05,3.13451034814819e-06,-3.24223803835389e-05
2024/12/18,0.000186380099341428,-3.52744482767573e-06,-2.32840250938187e-05,1.25261076433891e-05,-8.06885907754856e-06,4.35970180331551e-05,-5.74298960189296e-05
2024/12/19,0.000182348129544577,-1.30078519072648e-05,-2.60901067505904e-05,4.07708983726806e-05,-1.86177365344785e-05,-1.13314203933091e-05,-7.30691233161518e-06
2024/12/22,0.000178555240100267,-2.16647198622591e-05,-2.67998077558307e-05,5.48635909789667e-05,-9.58963560892776e-06,-3.8792852276432e-05,3.15518442421569e-06
2024/12/23,0.000175011354275929,-2.89077004346249e-05,-2.57691139349807e-05,4.99880349369522e-05,8.99833424476713e-06,1.81460155699074e-05,-7.83619246579507e-05
2024/12/25,0.000171726043998053,-3.42086162771798e-05,-2.32243984823262e-05,2.78894410371166e-05,1.75929998382795e-05,3.27409403174836e-05,-4.86964104314272e-05
2024/12/26,0.000168708515681876,-3.71356996939716e-05,-1.91921392148107e-05,-3.8340639818298e-06,7.54318872675483e-06,-2.33372796200067e-05,3.84747810198811e-06
2024/12/29,0.000165967596726768,-3.73838886195398e-05,-1.35348466947524e-05,-3.43983983295391e-05,-1.01924942152459e-05,-2.58400160074495e-05,9.96060471397584e-05
2024/12/30,0.000163511722695569,-3.47992667813229e-05,-6.084479468685e-06,-5.35003463786954e-05,-1.68332649867861e-05,2.67577576492041e-05,3.94988772707162e-05
2025/01/01,0.000161348925174388,-2.93959739642298e-05,3.16347159640592e-06,-5.47356179772952e-05,-5.51726669804291e-06,1.85163092824509e-05,6.23231525863231e-05
2025/01/02,0.000159486820281533,-2.13642558573667e-05,1.38521738678778e-05,-3.7655949053779e-05,1.16267384371282e-05,-2.83590632989679e-05,-1.08864643764255e-05
2025/01/05,0.000157932597760248,-1.10687565271686e-05,2.51258888632908e-05,-7.84250058791196e-06,1.63493146617365e-05,-1.1201060474787e-05,-1.21148369540774e-06
2025/01/06,0.000156693010661443,9.63340184644723e-07,3.56081258519695e-05,2.49663816907715e-05,3.54828198612877e-06,2.81923900919275e-05,-9.6730530466885e-05
2025/01/07,0.000155774365609052,1.40641656282237e-05,4.35278844353317e-05,5.00432857649684e-05,-1.32713956989219e-05,4.30794222204737e-06,-6.45572479607014e-05
2025/01/08,0.000155182513543832,2.74562976131089e-05,4.69928899952706e-05,5.91088387141322e-05,-1.6144633491895e-05,-2.64039868965018e-05,-0.000127499919477947
2025/01/09,0.000154922840817168,4.02918960405186e-05,4.43717136507891e-05,4.89655970786052e-05,-1.66989384314052e-06,1.78851103088256e-06,6.83863352251775e-05
2025/01/12,0.000155000260616756,5.16980632900795e-05,3.47142079633911e-05,2.25332983762727e-05,1.50925529439812e-05,2.32257953085554e-05,0.000185353821500964
2025/01/13,0.000155419204569804,6.0826215283891e-05,1.81195044035388e-05,-1.20121048648383e-05,1.62154980435582e-05,-6.77239391565262e-06,3.06620764796985e-05
2025/01/14,0.000156183613945645,6.69029150833282e-05,-4.04140354691519e-06,-4.37275549620419e-05,-8.76648373119516e-08,-1.89616762406168e-05,0.000128862770557913
2025/01/15,0.000157296930120009,6.92794118502801e-05,-2.91234138640149e-05,-6.22775555283845e-05,-1.70527405616583e-05,1.04028454849448e-05,0.000186360522498824
2025/01/16,0.000158762084674048,6.74770605574317e-05,-5.34637933309384e-05,-6.11929362045102e-05,-1.6550989081429e-05,1.39698712784629e-05,0.000118753702106934
2025/01/19,0.000160581489247996,6.12258795615642e-05,-7.28865804544359e-05,-4.0033249749241e-05,1.69824187901155e-06,-1.25265036790575e-05,0.000165698723194163
2025/01/20,0.000162757025193343,5.0493738552526e-05,-8.339123823109e-05,-4.76717145952275e-06,1.91116577171257e-05,-8.64254943535577e-06,0.000147473537662974
2025/01/21,0.000165290033169454,3.5504053139604e-05,-8.19158276347964e-05,3.38185033117453e-05,1.71331871849283e-05,1.30853152844819e-05,-7.3182644554166e-06
2025/01/22,0.000168181302723781,1.6740380004166e-05,-6.70358141968173e-05,6.32971957171676e-05,-3.14019350206969e-06,3.38351031870514e-06,0.000157295618935067
2025/01/23,0.000171431061901596,-5.06306307589677e-06,-3.94549262147513e-05,7.3485078993143e-05,-2.12267613779601e-05,-1.21192530824701e-05,-9.01213714366071e-06
2025/01/26,0.000175038967023426,-2.89452140930634e-05,-2.16762248988172e-06,5.98664952850538e-05,-1.7937331738132e-05,1.41481165511261e-06,6.60498943574842e-05
2025/01/27,0.000179004092563483,-5.37558202871975e-05,3.97781322868375e-05,2.54468212802159e-05,4.39679863557663e-06,9.76377299485584e-06,1.62402025262285e-05
2025/01/28,0.00018332492136662,-7.82056553797274e-05,7.99210320050896e-05,-1.96889229590984e-05,2.33538320517236e-05,-5.39386397645132e-06,1.0222656891844e-05
2025/01/29,0.000187999335223214,-0.000100927287195416,0.000111357173676632,-6.11697697675643e-05,1.89320772285848e-05,-6.24207994781887e-06,9.19285507823685e-05
2025/01/30,0.000193024605889277,-0.000120543713605763,0.00012789963975318,-8.47845587851928e-05,-5.45639010022012e-06,8.24986346554292e-06,0.000164785553383176
2025/02/02,0.000198397386630115,-0.000135741627137019,0.000125235746275038,-8.12610977220073e-05,-2.54472904111758e-05,1.85250972145911e-06,0.000456383372643589
2025/02/03,0.000204113704236714,-0.000145345656635254,0.00010187237222656,-4.98071928498579e-05,-2.0079692863249e-05,-9.75191246200543e-06,0.000319003378347092
2025/02/04,0.000210168951192659,-0.000148389696251148,5.96784984942389e-05,9.08925190017814e-07,6.31252413376723e-06,3.0483948825239e-06,3.57314023579411e-05
2025/02/05,0.000216557877614306,-0.000144181387525719,3.88956352789862e-06,5.49277402778094e-05,2.74606287471515e-05,9.75633187469927e-06,0.000108295245483854
2025/02/06,0.000223274583318233,-0.000132355980329097,-5.74767458177151e-05,9.38799298506258e-05,2.13362358736136e-05,-8.06630178022388e-06,-9.69572111543627e-06
2025/02/09,0.000230312510679823,-0.000112916166817434,-0.000114742360859246,0.00010314898395626,-6.96444851422538e-06,-8.21636209655709e-06,2.81568436513796e-05
2025/02/10,0.000237664438487397,-8.62550507054657e-05,-0.000158077111885009,7.72812916158835e-05,-2.93472178789086e-05,1.27920151341923e-05,5.53506352319099e-05
2025/02/11,0.000245322477165337,-5.316015885198e-05,-0.000179161094454193,2.26646158291098e-05,-2.26518982605398e-05,5.18659532590689e-06,0.000151773463246359
2025/02/12,0.000253278065622879,-1.47972932644706e-05,-0.000172723045988855,-4.37331768111746e-05,7.41775845713956e-06,-1.68257002980927e-05,0.000141781392282575
2025/02/13,0.000261521969828003,2.7325982150542e-05,-0.000137677038093595,-9.94833845258335e-05,3.10616601686581e-05,-8.21730718167021e-07,8.00005411903929e-05
2025/02/16,0.000270044283074912,7.14163731117555e-05,-7.76294865944643e-05,-0.000124196650220876,2.39720225319117e-05,1.98010788235676e-05,-6.42226207268061e-05
2025/02/17,0.000278834428025542,0.000115468502478158,-6.22027597759499e-07,-0.000106927001840637,-7.68464390890084e-06,-4.63041222019053e-06,-0.000106600844936213
2025/02/18,0.000287881160627649,0.000157353268735034,8.19004683271136e-05,-5.08078636208971e-05,-3.25612202263829e-05,-2.1408246614782e-05,-0.000328157567227735
2025/02/19,0.000297172576054373,0.000194917115435773,0.000156773498105671,2.69879685954896e-05,-2.52385298032224e-05,1.08413683996487e-05,-0.000526325996787733
2025/02/20,0.000306696116721919,0.000226087675449869,0.000211203666702926,0.000100338344816758,7.78375349311008e-06,2.14138111520071e-05,-0.000727198368336589
2025/02/23,0.000316438582555015,0.000248980721926948,0.000234935734191536,0.000142876755755786,3.38070787496873e-05,-1.74194252964255e-05,-0.000775287447882547
2025/02/24,0.000326386143508471,0.000262003065357462,0.000222130946916274,0.000137438908831883,2.63913307484313e-05,-1.96771535178637e-05,-0.000782273241844657
2025/02/25,0.000336524354323916,0.000263946008424795,0.000172618701074946,8.287599195108e-05,-7.73993019693262e-06,2.39311047912965e-05,-0.000684826230369102
2025/02/26,0.000346838171465758,0.000254064219194415,9.2270757438181e-05,-4.43910541967665e-06,-3.47653695710813e-05,1.616179726102e-05,-0.000527489470368616
2025/02/27,0.000357311972278522,0.000232135406681953,-7.61727001701981e-06,-9.53443140530326e-05,-2.73696542665563e-05,-2.99256262574555e-05,-0.00028590851436641
2025/03/02,0.000367929576396172,0.000198496964293905,-0.000111889448232807,-0.000157573201774936,7.58384931672736e-06,-1.0941117956923e-05,9.0544377957861e-05
2025/03/03,0.000378674269531922,0.000154056755873474,-0.000203826673301978,-0.000167199043048889,3.5408241525912e-05,3.49610603497398e-05,3.55133890698192e-05
2025/03/04,0.000389528829467796,0.000100276411810309,-0.000267829853114949,-0.000117781258962697,2.81136690047268e-05,4.19792321027909e-06,0.000138487278584536
2025/03/05,0.000400475553856822,3.91268252569448e-05,-0.000292057803904524,-2.37312254993962e-05,-7.35139327283277e-06,-3.86307440650476e-05,0.000299620787628033
2025/03/06,0.000411496289855271,-2.69830717580705e-05,-0.000270574261602191,8.36884204550843e-05,-3.57149315640588e-05,3.7822323634577e-06,0.000194583322250507
2025/03/09,0.000422572465614761,-9.53017872211384e-05,-0.000204619427207137,0.00016671307146081,-2.85662873459672e-05,4.05884944819392e-05,-7.56795297832676e-05
2025/03/10,0.00043368512341923,-0.00016285122898923,-0.000102750873521208,0.000194366677271705,7.08276149211959e-06,-1.26237925307689e-05,-0.000165688667141848
2025/03/11,0.000444814954582714,-0.000226558207970846,2.02225844208602e-05,0.00015401033286275,3.56725415812214e-05,-4.05711935286876e-05,-0.000250606011948013
2025/03/12,0.000455942336452644,-0.000283395594991697,0.000145390673002918,5.68424813635493e-05,2.86749630922763e-05,2.18795057535314e-05,-0.000249103364673222
2025/03/13,0.000467047371809237,-0.000330526557856095,0.000252664123133438,-6.49715652039084e-05,-6.82111485664507e-06,3.84174208291262e-05,-0.000223271677855153
2025/03/16,0.000478109930770144,-0.000365444932585827,0.000324015920600169,-0.000168917592805836,-3.5276288963284e-05,-3.10534606865311e-05,-1.99045763288341e-05
2025/03/17,0.000489109695219356,-0.00038610474932287,0.000346515355986131,-0.000217006680887952,-2.8393288546948e-05,-3.40809294845274e-05,1.97535970368112e-05
2025/03/18,0.000500026205737652,-0.000391032250300577,0.000314642665927983,-0.000189687994215433,6.61129487796238e-06,3.96277355984521e-05,-0.00013276765762604
2025/03/19,0.000510838910941993,-0.000379414398567669,0.000231472659992489,-9.369157187678e-05,3.45299550839014e-05,2.76380060861169e-05,-0.000181083561660051
2025/03/20,0.00052152721914362,-0.000351158857626378,0.000108489315760925,3.9316903710372e-05,2.76827297255543e-05,-4.70912836347497e-05,-0.000182847027079344
2025/03/23,0.000532070552357739,-0.00030692168273215,-3.59868770124664e-05,0.000163164492547185,-6.49866235663854e-06,-1.92880629904955e-05,-0.000120696759813173
2025/03/24,0.000542448402630068,-0.000248100448464357,-0.000179546604484136,0.000233256963243552,-3.34465695481923e-05,5.29694893350164e-05,-0.000270681232711951
2025/03/25,0.000552640390587389,-0.000176792174760093,-0.000299199713597815,0.000222697099186167,-2.65145700297388e-05,9.34716432120146e-06,-0.000191478195707111
2025/03/26,0.000562626326012723,-9.57171257103932e-05,-0.000375089210072354,0.000132585420178341,6.52770637256816e-06,-5.68527164378491e-05,-6.96424003430361e-05
2025/03/27,0.000572386270473745,-8.11125627506037e-06,-0.000393805842051146,-7.4387039784422e-06,3.20489571071718e-05,1.76542474664829e-06,-8.05928500229159e-05
2025/03/30,0.000581900601920854,8.24083139372999e-05,-0.000350746308420953,-0.000148940610312871,2.48720871408697e-05,5.84221461863255e-05,2.32847695484753e-05
2025/03/31,0.00059115008101494,0.000171998997870097,-0.000251100867736577,-0.000241519481997679,-6.740155541227e-06,-1.35471559949339e-05,-0.000122529417614621
2025/04/01,0.0006001159187625,0.000256762642467723,-0.000109271711624132,-0.000250848033844499,-3.0370008634098e-05,-5.7471293820197e-05,2.77404866927017e-05
2025/04/02,0.000608779844926893,0.00033292182615391,5.3222365911524e-05,-0.000171432939486808,-2.27528633417663e-05,2.54376809402191e-05,-0.000286169915103973
2025/04/03,0.000617124176783962,0.000396994275356791,0.000211048342896603,-2.93386190341827e-05,7.17279290672064e-06,5.39217466791862e-05,0.00048561628441092
2025/04/06,0.000625131887079678,0.000445957056243493,0.000339055712224709,0.000126371042468612,2.84526532074273e-05,-3.68486250257969e-05,0.00256294427380188
2025/04/07,0.000632786669161953,0.000477392544881367,0.000416329436105241,0.000240662743223193,2.01707967337544e-05,-4.78319540658748e-05,-0.000778730236039634
2025/04/08,0.00064007299394287,0.000489608928052599,0.000429638621190807,0.000272092155933443,-7.85539694561867e-06,4.71960214578212e-05,0.00309520267636808
2025/04/09,0.000646976154936013,0.00048172911976261,0.00037570698540367,0.00020790038263462,-2.6349668162426e-05,3.93982162329871e-05,-0.000497215190807474
2025/04/10,0.000653482302272338,0.000453743436299503,0.000261914178378101,6.91242846349474e-05,-1.71581424831244e-05,-5.59336828034864e-05,-0.000606636376298279
2025/04/13,0.000659578463220063,0.000406523064787533,0.000105287584247641,-9.63066629566615e-05,8.80764041515662e-06,-2.89472662252416e-05,-0.00063596382348849
2025/04/14,0.00066525255441915,0.000341793230043304,-7.00781374704338e-05,-0.000230218826353354,2.41216067216849e-05,6.25853761202236e-05,-0.000489562803480575
2025/04/15,0.000670493390899404,0.000262066885369387,-0.000236777530198368,-0.000284770999469514,1.37665977280252e-05,1.69206127550946e-05,-2.81159570840288e-05
2025/04/16,0.000675290693491753,0.000170541634465761,-0.000368433345514825,-0.000239638176110627,-1.00347275105129e-05,-6.67729853637283e-05,8.08779065421788e-05
2025/04/20,0.000679635095466976,7.0964355276446e-05,-0.000443922360897138,-0.000109597880067893,-2.18318331017165e-05,-3.85180667514819e-06,0.000175852429998474
2025/04/21,0.000683518148614373,-3.25304453857847e-05,-0.000450802992481037,6.03175323455188e-05,-1.00645403568167e-05,6.82390422148679e-05,-7.5437744951122e-05
2025/04/22,0.000686932329116312,-0.000135601239877952,-0.000387382649427445,0.000210508885172798,1.1526947557131e-05,-9.66179059925749e-06,0.000796636518058414
2025/04/23,0.000689871043333036,-0.000233890810641613,-0.000263078777495063,0.000287839951473825,1.95431744894096e-05,-6.68624997803456e-05,0.000102765918620751
2025/04/24,0.000692328632874523,-0.000323219520943983,-9.70018185341572e-05,0.000264544748457644,6.1327154348477e-06,2.29910667793157e-05,-0.000282080824068189
2025/04/27,0.000694300377682742,-0.000399771613773579,8.50237482976929e-05,0.00014824714606385,-1.32616382892239e-05,6.26668280397225e-05,-0.000234493848021204
2025/04/28,0.000695782497961408,-0.000460265916059024,0.000254529651459534,-2.05398625848934e-05,-1.73157872083731e-05,-3.55092308902913e-05,-8.48653526783605e-05
2025/04/29,0.000696772156104684,-0.00050210302730679,0.000384915570932687,-0.000182612697420993,-2.06004309321889e-06,-5.58199601942355e-05,0.000360037000977867
2025/04/30,0.000697267458766209,-0.000523482153548383,0.000455678406444443,-0.000280967406420368,1.52053746366128e-05,4.66260155353244e-05,0.000195027304586162
