row_id,TRUE,Model 1,Model 2,Model 3,Model 4,Model 5,Model 6,Model 7,Model 8,Model 9,Model 10,Model 11,Model 12,Model 13,Model 14,Model 15,Model 16
3,0.000131801,0.6430830401867818,0.5969340382461162,0.5607843221857659,0.5846617230727669,0.5523719434258418,0.6681677211098281,0.6681677211098281,0.6681677211098281,0.6458961076456746,0.6681677211098281,0.6681677211098281,0.6681677211098281,0.6681677211098281,0.6681677211098281,0.6681677211098281,0.6681677211098281
4,0.000280711,0.6628605774383513,0.6230962822270094,0.5718092944417661,0.5947007179590392,0.5550106791964224,0.7799158494046875,0.67742422335818,0.7245690284145784,0.6283866676820015,0.7799158494046875,0.6957667215385274,0.7759695262141121,0.6932007173118571,0.7799158494046875,0.7685734652125606,0.7377410453786449
5,0.000405018,0.6867139899643168,0.6513142806978944,0.565185867686328,0.5802592048580114,0.5560150756733179,0.7799158494046875,0.6138129650230122,0.6649854477365558,0.6076105334857544,0.70086498765602,0.6496565661892579,0.7737128589165816,0.64562381939948,0.7799158494046875,0.732251711835669,0.6857510147385283
6,0.000245613,0.6982027017540265,0.6733811613632122,0.5874726236150175,0.6173598549776073,0.5618942003195502,1.061542594188357,0.6370721109458127,0.6960183068986742,0.6427992326984241,0.7864757226554925,0.6912323073199237,0.7727168416790983,0.6887715400211538,0.9225953600813286,0.7678651155837528,0.7401725793654705
7,0.000268281,0.7175452635377426,0.7000130732162244,0.5968985302058905,0.641254531958677,0.5690374597365689,1.097413687410225,0.7492171049016032,0.794853446197486,0.7575421071758186,0.823712442192785,0.8030279978952874,0.7511267206413261,0.7943745716490963,1.097413687410225,0.9176071080322682,0.8867064148997074
8,0.000207302,0.7413351454290826,0.7367224639028894,0.5904489177644403,0.624784937715394,0.5687584889415395,1.097413687410225,0.6984451336274647,0.7720970057265725,0.7620141514448507,0.780802015639732,0.735553850282177,0.7262451966127359,0.7537042793804607,1.090530697341574,0.923410280813696,0.8631330467517295
9,0.000205922,0.7148996426415782,0.7334543427455705,0.5990430036838073,0.6480191596716325,0.5666903825887418,0.8414745381525794,0.6254227919018127,0.7032937317532018,0.6736997494689376,0.7083712189246969,0.6397497796384584,0.7240650885848782,0.6651068249509967,0.8429989327505388,0.7945720222535265,0.7449002529587712
10,0.000261718,0.7341014967548182,0.7437117898875996,0.6081815805145053,0.6537640780961417,0.5724103612175464,0.8200852531462602,0.6334215016078468,0.7164561537879895,0.689683235957802,0.7567136108289481,0.6556523012398899,0.7378435156506931,0.66047169876214,0.8293003010362299,0.8053823207892217,0.7352744599718772
11,0.000215838,0.7246073756718224,0.7492793758679375,0.6127499638484866,0.6546867004852138,0.5707064812262753,0.8426462691465315,0.6418775724806312,0.7331649226979081,0.6827097336609055,0.7919195762526178,0.6600048032288336,0.7526061494906584,0.6458825274870869,0.8131281007216553,0.793280996838776,0.7156650822532368
12,0.000703466,0.7370047697547226,0.768902599747392,0.6208958006645189,0.6618518670207615,0.571259438385665,0.772384238269382,0.5850089095868113,0.6735302928655508,0.5647819542639634,0.6144499197470754,0.5823070589670014,0.7463575299292778,0.5745503271038876,0.692933308085394,0.6663540866432918,0.6169015732227991
13,0.000240718,0.7295972489757603,0.7729960370693835,0.621832867806314,0.6675952699202803,0.5749252891447605,0.7843284894595423,0.5532937490492679,0.6472251545565888,0.5206357808912226,0.7748621747614962,0.5372270307951608,0.7660772816268541,0.5384615768548061,0.6414065893156656,0.6222240606896295,0.5640569741209103
14,0.000242953,0.6831702773141971,0.678068507317223,0.6300723296785921,0.6751142949848186,0.5749941417918718,0.9977714717046228,0.6241099736165668,0.7063632484015221,0.5740354287940145,0.7069813208086896,0.5560318618432658,0.8194050587521496,0.5703911422391832,0.700335287691609,0.7125313569961716,0.6002485735867862
15,0.000229403,0.6814442872818952,0.6498622239925255,0.5923148050505808,0.6367311210054757,0.5669163802987797,1.097413687410225,0.7290766483455633,0.7708791110600238,0.7393729791881174,0.7737858183459512,0.629900633463225,0.8952322593659083,0.6682532458566892,0.8806356543931546,0.9586935034956714,0.7486481116649876
16,0.000201581,0.6836961739343351,0.6620044336554192,0.6137903833323795,0.6581596464274144,0.564787061681811,0.9595884840430751,0.6657044870424019,0.7278273674172087,0.7025497878547701,0.7938398256395767,0.7028722381685111,0.9057967670194107,0.7479380308063724,1.0527931557253392,0.8361851455032742,0.8885613268315389
17,0.000249015,0.7061612816256119,0.6827588540487153,0.6118843313843136,0.6532611933975763,0.5650363585162036,0.9201683908380717,0.659760418344681,0.7125621260677949,0.6525370433218156,0.7570086045954579,0.7151668061723472,0.9671330949354688,0.7334419142441023,1.015528400781698,0.8084007278629755,0.8289627506163095
18,0.000173731,0.7302281051241843,0.7200745950661487,0.6167145561800597,0.6583195589841374,0.567727374627249,1.097413687410225,0.7400231747954124,0.7598781123173226,0.7214853417134417,0.9267418322029979,0.7015666011344834,1.0056967625146078,0.7296045893452517,1.0042228994983584,1.0244734275742218,0.8162313488325694
19,0.000204285,0.7386724353687135,0.7390485234070696,0.6208015731224766,0.6651077517502486,0.5643590872080618,1.097413687410225,0.8205982526369983,0.7670193814738814,0.7589028419033556,0.8543504238313887,0.6717338586740194,0.9481320057880144,0.7054635012886843,0.9589100701810466,1.097413687410225,0.8026628621538889
20,0.00022122,0.6980880100815323,0.7287167908907706,0.6298903991322695,0.660419974175559,0.5753627741180358,1.0736071849657052,0.7474429639106263,0.70346144507133,0.6358620037942773,0.7441449518489713,0.6367400660111767,0.8435051272897147,0.642832700756287,0.847583946262164,0.982571786873904,0.7177327001728494
21,0.00020689,0.7210834500348428,0.765599050117928,0.6396648436552599,0.6667169390192079,0.5764771639343704,1.097413687410225,0.7216545734881261,0.7050138113170707,0.6629991541483735,0.7935610507492765,0.6772803197599062,0.8488719662478711,0.6854880728049476,0.9250017427338313,0.9333839017094256,0.7779804162011741
22,0.000173026,0.7350729454701067,0.76026401455577,0.6445642482735411,0.6768999556330955,0.5774663804786819,1.097413687410225,0.7620768800747031,0.7424078056360236,0.7703155127733343,0.7887550482497196,0.7484406858121678,0.8612876258740412,0.7866014079495678,1.097413687410225,0.9714936559117111,0.9331329775997408
23,0.000205759,0.7502272782690962,0.781007522029985,0.650554945053035,0.6725430604756982,0.5778592406129954,1.097413687410225,0.7036380573352146,0.6988640840837362,0.6694398752307118,0.833026211532976,0.6664435786951965,0.869568603619681,0.6997074889508812,0.9235070255898208,0.8803367770368515,0.7907332867857745
24,0.000304771,0.7566385517450968,0.796172842804218,0.65957956742523,0.6765592483258972,0.5771851312880335,0.9610083472271338,0.6509308055151553,0.6596600277169705,0.6057914141160796,0.6738028339191046,0.6088637054051065,0.9177093437681733,0.6326559638862226,0.7864129025968711,0.8088637571274431,0.693949007978415
25,0.000334674,0.7707535998363015,0.8213686874005643,0.6676862006684292,0.679330018387014,0.5792176361017277,1.097413687410225,0.6872286931166439,0.6985073913887124,0.6333518651633522,0.7340890353264877,0.6350924355403317,0.9806233431636614,0.6597984159416718,0.8472542350632867,0.8609939381081508,0.727160313371728
26,0.000171176,0.7916865803086303,0.859453991407065,0.6662963088498124,0.6763340199370899,0.5786241818283505,1.097413687410225,0.7382335459232895,0.7476377133218018,0.6646402106031482,0.8338760505488881,0.6591217758804114,0.9913568612212137,0.6894363910017229,0.9137232594304097,0.9228750135582,0.7704091199180556
27,0.0002037,0.7128677538962537,0.7194743610102118,0.6611297511008005,0.6522615180183448,0.576373997981198,1.0909558172769207,0.6985170535680134,0.7243175255235897,0.645199533459545,0.7014806870075951,0.6306151187950221,0.9756825200010225,0.6662180532281644,0.8507200065831105,0.8777648708766568,0.7496559821539005
28,0.000251832,0.6956807992024366,0.7187024937560642,0.6523953009947947,0.6450946496472999,0.5736913452791244,0.9557428882644297,0.6708552803087819,0.7077483805042406,0.650709376992044,0.7500996198447125,0.6303601172999832,1.0077601543426669,0.6602766607564385,0.8312655344685345,0.8648843901188683,0.7495909637710177
29,0.00023018,0.7134390078976107,0.7442695935910031,0.6657955769398971,0.6635322447457802,0.5744929813863083,0.987913028166067,0.7029685127454494,0.7396443229893919,0.6804685406520001,0.7534683686983897,0.6782099660149643,1.0199180216108832,0.6981083717654876,0.9108103882943526,0.872625166382984,0.8071853216850977
30,0.00022652,0.735837324401172,0.7656923622343863,0.6678916346438027,0.6605034654962615,0.574662081105903,0.9798608366025409,0.7150688882193103,0.7479947102037044,0.6695183264532365,0.7700305811435841,0.6801997299243036,1.0011712043710876,0.694257646770179,0.9143053422810258,0.8399061195999912,0.7992380308036191
31,0.000224171,0.7591190910194164,0.810457107777358,0.6637605797325118,0.6519845953909206,0.573382911126495,0.9347290209270781,0.6855185139121769,0.728129965254977,0.6488221167290239,0.7884090298652903,0.630353016424326,1.0045165151341537,0.6596518899446896,0.8506792818167412,0.8136654752544087,0.7466864664259335
32,0.000267203,0.7578476685488126,0.8203112021179008,0.6677087047323844,0.6571284106151748,0.5739538166874035,1.0862016787923634,0.7330929314647655,0.7669511612937304,0.6995198017744915,0.7082111591879904,0.6290324921680673,1.0304491362067354,0.6850623226632032,0.925196265208969,0.9027316295454555,0.779700751296862
33,0.000264708,0.758684026267134,0.7858374978538432,0.6699270967219795,0.6655122056942189,0.5770252935022887,1.097413687410225,0.8506288687796576,0.8488083889193626,0.8129368017540995,0.7453198453639766,0.6713913556066615,1.0208349644773795,0.7624633511081371,1.097413687410225,1.097413687410225,0.8994474538622447
34,0.000252513,0.7812327152266577,0.8241370521564819,0.6685542532206897,0.6673348699409078,0.5760130518331498,1.097413687410225,0.8533307905478991,0.8308912456746469,0.8217092756447084,0.7510012710555192,0.679918365797069,1.0138303676599538,0.7717405870418077,1.097413687410225,1.097413687410225,0.9261957483266906
35,0.000188347,0.7976314754552077,0.8322116438086827,0.664358311391763,0.6585452518548883,0.5744684952182618,1.097413687410225,0.7815904218444208,0.7673934946174665,0.7655891553791744,0.7698882338449392,0.6656859018605529,1.0724047124752938,0.7271288252905644,1.045237187226013,1.097413687410225,0.8539244788280866
36,0.000253201,0.7838001114434009,0.780211900185334,0.663149759805557,0.6606323947134662,0.57414509401249,1.097413687410225,0.7896065833392074,0.7760372372137381,0.7908392113751214,0.6998769685934465,0.6911324546322152,1.097413687410225,0.736706090039423,1.0679877558485928,1.097413687410225,0.8595299924676073
37,0.000222491,0.7485225786049872,0.7065887236022679,0.6742262650678104,0.6800352282061695,0.5736978878067118,1.097413687410225,0.8286793831679163,0.819857754868987,0.8237247660091491,0.7272184559627434,0.7108904344196112,1.097413687410225,0.7566030770432085,1.097413687410225,1.097413687410225,0.8801262405611993
38,0.000196573,0.7697244165233774,0.7408466619465799,0.6807774213176205,0.6927531126099067,0.5746549077679508,1.0711210986049935,0.7811441159969841,0.8094361465544568,0.7407903113312124,0.7590984222882569,0.6588891825221864,1.097413687410225,0.7135225259238714,0.9908815042716964,1.097413687410225,0.8065300876504352
39,0.000298344,0.7750512926541857,0.757074205630101,0.6755732247947974,0.6834597221898799,0.5741194600999507,0.9529774306441746,0.7320848038940887,0.7959122495201718,0.6923210073254015,0.7051010303175949,0.6170384325557399,1.097413687410225,0.6711779142020479,0.879849335955827,1.0098817161642057,0.7417256003585609
40,0.000267833,0.7932841418650981,0.7736515889421948,0.6788840915382165,0.687950610379741,0.5747703115473906,0.9336375919138509,0.7180473648883369,0.8126086916183399,0.6834999519706652,0.7121999875622421,0.6229325088727964,1.097413687410225,0.6616209339540776,0.8590962573687073,0.9507389501303718,0.7267416143649222
41,0.000362543,0.8051273782675763,0.7736442958671472,0.6824242434529546,0.6915946364489838,0.5760293069342088,0.8711220141269848,0.6881650631476032,0.7923846187666496,0.648764479323973,0.7177653128450129,0.6358895401399003,1.0829185230045673,0.6428728693270656,0.8156974257851393,0.8521568655017814,0.7015622502933833
42,0.000206019,0.7982219835316056,0.7411773404334467,0.673369619829587,0.6864346559950456,0.5757525560260781,0.7908298633754831,0.6408197301929293,0.7455259918081931,0.6253164755656565,0.7567600221639502,0.6393616591741856,1.0670986473415605,0.622585583979017,0.7669696357951238,0.7929148570955419,0.6781549437796981
43,0.000171049,0.8193755988041475,0.7814175190748304,0.6713598983239059,0.6772861915810771,0.5734209185074153,0.8203998946566896,0.663083627611448,0.7686406887785875,0.6791947663472712,0.7604828150985499,0.6817305449328218,1.097413687410225,0.6590956193774798,0.824387544920885,0.8727151843930101,0.738727034135995
44,0.000181302,0.8223339135344789,0.8032091204385506,0.6592869042922336,0.6754110856262467,0.5713833849521732,0.9907834511938297,0.7601685216479681,0.8609939381081508,0.799613004192022,0.7424284297937529,0.7698034381394121,1.097413687410225,0.7529380424207077,1.0413133512258408,1.097413687410225,0.8954719206923607
45,0.00013355,0.837492124019012,0.8100214718031946,0.6699498281401699,0.6854799558612246,0.5718428664473295,1.097413687410225,0.7621689100937291,0.872470316863135,0.7574654323189469,0.7598034894140839,0.7988475255621023,1.097413687410225,0.774630730503557,1.097413687410225,1.0073413080881364,0.9307109930700378
46,0.000153348,0.8303947832073374,0.8233552919560198,0.6737614017709996,0.6947852864568929,0.5722845644642008,1.097413687410225,0.7128757419835793,0.808420698318914,0.7146649702072652,0.8007443335235337,0.762407506692508,1.0027396172701402,0.7334021472847517,1.0086252733450027,0.8669911086276849,0.8479985479238066
47,7.69e-05,0.8496707885204895,0.8585694639287966,0.6756169349653383,0.6936155513344167,0.5752715990323237,1.097413687410225,0.7212275809565776,0.7891804712384993,0.7501062671123824,0.8112514358534402,0.7491733920100054,0.9439129325088833,0.7232640660162097,0.9827959753594041,0.8813270324422002,0.8336131617173183
48,0.000426104,0.8236948377003136,0.857498915615596,0.6838593176849944,0.7130926641123263,0.5769411898322557,1.097413687410225,0.7558320545594045,0.7836060339570337,0.7338685730151823,0.669814420942737,0.7295899088278134,0.8841676991905723,0.7049762839868418,0.9745813819076875,0.887247147226271,0.8120278635959802
49,0.000187168,0.7707132184579217,0.8377364764794087,0.6914925436042489,0.7093136260463963,0.5819733502504217,1.097413687410225,0.7162674001380621,0.7361487708127641,0.6179908269141956,0.7447492689848716,0.6597875588154769,0.8248909845070796,0.6448774322532517,0.8750042704414189,0.7851916748115024,0.7149514397486818
50,0.000168321,0.7935893873239513,0.8900390085855622,0.7075362976481556,0.7280861928303346,0.5847990115166383,1.1801166148546176,0.7021503470258226,0.7201404655170466,0.5928982496742898,0.7410029741198474,0.6335576391396799,0.834022207411649,0.6349077353389591,0.846284587942513,0.7751965235909104,0.6907646214866568
51,0.000157722,0.8006505462600736,0.9026598011128777,0.670257877431252,0.6917812289414146,0.5796085634585388,1.4210797543848939,0.8373422862824341,0.7991817498890419,0.7410657830942469,0.7651555774230575,0.6880973195559156,0.939255981748623,0.7407749452130734,1.0928544703823795,1.0621007133616107,0.841649141110163
52,0.00015315,0.8176069091893524,0.9287591646992629,0.6866538126001419,0.6995230364808294,0.5785204690097102,1.436701533680927,0.9297626564670151,0.878364104275654,0.8437566745619258,0.7961760223510822,0.7730265924290877,1.0093144405956243,0.9329692179858662,1.436701533680927,1.3022423081624874,1.1881657570617887
53,0.000117331,0.81929243492333,0.8914392801746777,0.6893982001977854,0.69984457443056,0.5781329550710362,1.1690201250822332,0.892299629756978,0.8575585062235473,0.7430957743644302,0.854018642202178,0.7778410274675448,1.0917665564126702,0.928282572085398,1.436701533680927,1.1757763934611158,1.1236051515564032
54,0.000144438,0.8357784276627689,0.9242596953610727,0.6920608790223075,0.6999655355954426,0.5798632753591881,1.0689175602695407,0.8429328925115098,0.8485850182868319,0.7193559013110365,0.8401992965269438,0.7442202487460877,1.2700832134978126,0.8713324046660087,1.436701533680927,1.3192658059610491,0.9995126065602518
55,9.32e-05,0.8563571795372248,0.9667913356799799,0.6925845685808488,0.693890065835088,0.5759059230040475,1.1774131404630406,0.9305891190852634,0.9253959029758689,0.8273203989911676,0.8589524902715168,0.7549223995727394,1.436701533680927,0.9197220488002475,1.436701533680927,1.436701533680927,1.079966380046728
56,0.000162786,0.8417637246734954,0.9670077411299606,0.7059927387719793,0.7009539303266391,0.5832603811354015,1.2531018396399647,0.9465038320390257,0.9507714362559239,0.8216358823770465,0.7753315588856622,0.7471077726457722,1.2687944427818338,0.8950989462994297,1.436701533680927,1.436701533680927,1.0592215408948327
57,0.000170598,0.8622411618141069,1.0125231775219958,0.7086165558768236,0.7008487213181733,0.5843384069978383,1.1449400806450536,0.8331464170733184,0.8694795556858067,0.7126555973195348,0.7962412114576883,0.6894580696870832,1.1492811237957874,0.7682090487991962,1.198849206326841,1.355416767984074,0.8714157698025051
58,0.000197664,0.8166290489034824,0.9843665987457065,0.7197701791779377,0.7123456875995803,0.5858552014651728,1.092727036979658,0.7421359852457877,0.8071621296083545,0.6606405688280494,0.7959614883942717,0.6808022692221422,1.0632385282083543,0.7117497935800363,1.0195439236175536,1.023347422314788,0.7905853751454545
59,0.000292018,0.8382647859119502,1.0347566670335162,0.71683991071121,0.703918057228666,0.5858216338902418,1.0403827284919973,0.7077383301709251,0.7744521622054654,0.6592616307008613,0.7534090888546794,0.6956850415336133,1.004688974739779,0.6942871628241577,0.953271997229657,0.8925324635379369,0.7675116744308852
60,0.000268478,0.8582546492036944,1.0783116828636554,0.716369285416912,0.7020631282554761,0.5854938618346421,0.9296006645619659,0.665104044576487,0.7276088567758193,0.6243382959830144,0.6894085214108266,0.6686107373980461,0.9652267291280576,0.6552203537585206,0.8485850182868319,0.7941236270520775,0.7168886490436038
61,0.000238237,0.8773837916464989,1.1119781743670794,0.7137812746641284,0.7006319449806334,0.5834329648422303,0.9054411433815467,0.6518318711453288,0.7111701210826756,0.6118230014954366,0.8011522060386191,0.6627184201605243,0.9793988587768571,0.6478015445837216,0.8243275469831698,0.7607947244590799,0.7035173761792414
62,0.000398697,0.8415327270638929,0.9709886112961675,0.70083137180609,0.6833280193682371,0.5807885803522166,1.065422298237047,0.6897638536400784,0.7522224001788397,0.6568872058509647,0.7336943366624038,0.7005983626504877,1.032086717547842,0.6882369342799014,0.9138891118905524,0.8357416498959794,0.747149811120521
63,0.00017915,0.8623906274798675,1.021247389873885,0.6962542168569608,0.676474395638189,0.5765858195445703,1.3422758331930533,0.7419699482103913,0.7963270947193682,0.7066187291865423,0.7658507881742135,0.7181208462241593,1.0531535590196885,0.7200205007155488,0.991458154610256,0.925258638131128,0.7792397866473922
64,0.000188249,0.8814737017159809,1.0662461197730788,0.698253098211089,0.6774957197837799,0.575174473285249,1.3050338275677469,0.7391706213259984,0.7741582327546068,0.6835673527716145,0.8724201130979115,0.6891516610578478,1.0260724310389118,0.6950876377585786,0.924919481691077,0.9159832317452881,0.7412774002022784
65,0.000240666,0.8342434157654787,0.925271114229401,0.6781294022936174,0.693226950569537,0.5710223437948798,1.1701641606572806,0.7073154877296817,0.7457728095380702,0.707416945399711,0.8502413755954433,0.6954274606837374,1.0482683064674192,0.68891053571656,0.9009041912801431,0.9489384829414774,0.7342136781747606
66,0.000238105,0.8507684960747708,0.9540232860566947,0.6988210801064949,0.6845474157386204,0.5703151646614619,1.1381132283119306,0.680816185237172,0.7427367078903474,0.6954295795231463,0.8259769540996994,0.7279452020332482,1.0025745081194226,0.6993408845982173,0.9292086910001582,0.8839413489128509,0.7430699248575395
67,0.000274413,0.8199341453864755,0.9392455413949062,0.701330684860067,0.6861393815485028,0.5730358498122136,1.0231921697276374,0.6362762364161374,0.7216427352254511,0.635855525173995,0.8147042478407932,0.6876738627076385,0.9006808563804419,0.6621699095107796,0.8507956538120621,0.7578723488258384,0.6892228104703627
68,0.000306776,0.8096784844551479,0.8752977476118696,0.6963520516717195,0.6846585939380523,0.574370581846385,0.8798085736347757,0.5737442866969589,0.6879136913843659,0.6032859877111583,0.7651852123815686,0.60906644218536,0.8164318404496366,0.6140958113586478,0.7490581855974786,0.6772284586380598,0.6340878092975092
69,0.000358684,0.8088637571274431,0.8370945830462501,0.6950717703634973,0.6849782801617197,0.5726858680584198,0.8238691719194632,0.5636069686104384,0.686893596138399,0.6225574597885557,0.6834506714681264,0.5671190902926878,0.7568856486052558,0.5969353782962407,0.710424645898614,0.6617441290224282,0.6207254685961218
70,0.000611488,0.7740544868874414,0.7577709008814508,0.6917927004454435,0.6562025618580826,0.5761684346301357,0.8008252110711378,0.5662100328270148,0.6791483846202415,0.5837416209626778,0.6635681366495877,0.5403610157779751,0.6955228276349157,0.5539629700352506,0.6527761145607547,0.6652227048925256,0.5780976544824157
71,0.000491348,0.7932872869288267,0.789322948306141,0.6825494143552743,0.6454628140488545,0.5736509055313066,0.7352469140525411,0.5286057172402754,0.618861767402083,0.4958500014911976,0.6725430604756982,0.5052265995539825,0.6610951635211957,0.49052382261698024,0.5682422301503577,0.5951158964838299,0.5070124562658734
72,0.001083124,0.5462243442176608,0.5414112636951404,0.6683359823492349,0.6376046283160778,0.5699456456559117,0.6894291652276866,0.48326371617515235,0.5692418733213557,0.4451061464189863,0.5451106836629905,0.4841156547045204,0.6523629407024205,0.4609267659567386,0.5257078198963326,0.5249579480905057,0.4707271140900142
73,0.000282867,0.5465588498972956,0.5165401575841576,0.6411905838574906,0.6073711305880616,0.5628263963236951,0.722183153170425,0.4760915274483752,0.573650310892937,0.45797315778444386,0.7854953033159169,0.49315249689315604,0.6786663803373814,0.4722577640719877,0.5373051933735287,0.5178168853150571,0.47646827010574294
74,0.00037463,0.5729961411193417,0.5536799120148637,0.6367018490769059,0.6113330253703646,0.5572477464933446,0.8183568563797227,0.5285801291852297,0.6299872516219156,0.5273890591335488,0.6764558688386177,0.5333250732585643,0.7190980726870085,0.524039384207244,0.5988690520633512,0.5792898796615015,0.5295588378462843
75,0.000353604,0.5143659322339996,0.5381628207895821,0.5785052218277928,0.5961436438952638,0.5433912202779491,0.8703920382976787,0.6267904648444874,0.7279524926520666,0.8068939094684872,0.7507825519797602,0.5975621696421868,0.8068359957898386,0.6719153399584239,0.8117817255730627,0.7777076403524796,0.7118452179324769
76,0.000317143,0.5386583984598802,0.556674668755542,0.6131482140628147,0.6058404405893834,0.5425415922939267,0.8826193743942737,0.6471491586451721,0.819465721593286,1.0037479155040474,0.8820848921928967,0.681706593187431,0.795699515585902,1.0948044039934894,1.436701533680927,0.7874721277327391,1.3438020142809073
77,0.00041041,0.5349822846980102,0.5220233890725916,0.6044610505554834,0.6008961223979531,0.5431518117262716,0.900076154164671,0.6701365026880065,0.8484060639671858,0.7285498517422164,0.9273466560264225,0.6900959242310627,0.762323763071453,0.8227792020702608,1.1669923175473391,0.7817995619520522,0.8440557978334333
78,0.000311928,0.558661580437696,0.5508908956070906,0.6055268766736485,0.6105852048060215,0.5498809660603463,0.8820697590696539,0.6552637759705431,0.7787067450056161,0.611085603063214,1.0115469114553126,0.60831484392266,0.704542946708192,0.5800611387657502,0.7152347964070783,0.8350933203550137,0.5802930563146915
79,0.000418777,0.4798168582254903,0.5305872268304793,0.6070946514050092,0.6198669028184024,0.5481083313240663,0.8047560890980756,0.6627422595133172,0.7222507908153919,0.6178369884992946,0.7989487126962395,0.589902409535793,0.6632333718660162,0.5499076788003052,0.6596130136335941,0.8042476331639694,0.5615787312493914
80,0.000315332,0.5008786544359429,0.5353453531613079,0.6079896367541814,0.5990484209531993,0.5640535823476904,0.7816490845026649,0.6290395485098524,0.6951934481704999,0.5745031351060151,0.7764291313363607,0.6208483046207594,0.6197776423739794,0.5805603830702728,0.7273153912820797,0.7196257461632,0.5982050996144471
81,0.000353642,0.524341554713745,0.5660505683548539,0.6096551691786917,0.6002077030015837,0.5627421739080146,0.8207723693760628,0.6048308007285523,0.7276379801573778,0.6453391759571132,0.7734518332517882,0.6291211056899386,0.635274066621282,0.6887077331465089,0.9105320447036087,0.6878655005291455,0.7163507575868473
82,0.000395317,0.5493600610941061,0.5983514790284461,0.5995026395028737,0.5890603730269174,0.5621850138466841,0.8460002549835002,0.6259752760988951,0.7875305862884933,0.928013080152945,0.707211845310386,0.5925532191050852,0.6667057367676288,0.9793692670948366,1.436701533680927,0.7612612244215572,1.0715742963062782
83,0.000381964,0.5554868183146427,0.6131881544324054,0.6029508217006256,0.5973485436839252,0.5630399291365579,0.8187611308453886,0.6174792201215465,0.7369341628678912,0.6325530918949289,0.7705964366276508,0.5365489391516651,0.6948053604982461,0.6948941297468879,0.9487420507211907,0.8125427792816683,0.7077729497883061
84,0.00068198,0.5756690075681944,0.6128072234603621,0.5995399720057619,0.5948266387552621,0.5619400294043801,0.8356515648823486,0.5953384341664286,0.6650262082441478,0.5283239883129692,0.6058978867425464,0.5230922582619717,0.7160082518261316,0.5501860370415094,0.6710113046716933,0.7790043987232713,0.5508898423458833
85,0.000350787,0.5711314645291402,0.571622106440361,0.5957243142775467,0.5869470693322674,0.5629145896348864,0.9220738551097818,0.5720438330773017,0.6315834625939799,0.5137155832599188,0.777569879065203,0.53422329571372,0.7246828896307262,0.5279879911113801,0.6427231123362399,0.7358611712338982,0.5280728580387068
86,0.000514693,0.5560952297975348,0.5255938993582472,0.5928673954228355,0.5859692476413486,0.5606632584739268,0.95219869178894,0.5636018931405048,0.6137867413576165,0.5246324218241012,0.7512148398410405,0.5472575860859322,0.7335413599503944,0.5398433821301064,0.6505679547382183,0.6867670407605163,0.5428950773473129
87,0.00051649,0.5782638671392897,0.5521575882890524,0.5718016384965908,0.5827385606324168,0.5564248756946417,0.8933241164914423,0.5549148446529657,0.6140907049968505,0.568057367540144,0.6418359244095151,0.5652467285845929,0.7536085403355757,0.5839403464286999,0.701020116964832,0.6704486068723587,0.5951517513589306
88,0.000361912,0.5814345396006785,0.5344679174359506,0.5823916647929106,0.5974486103354516,0.5547684966990385,0.862600818777242,0.5522965723288792,0.6423145325382796,0.6049053899992886,0.7504548313776194,0.5951165604041087,0.7500717032501516,0.6650187966852656,0.8439402758347753,0.6388879738156233,0.6860223954242334
89,0.000375214,0.5912852098989926,0.5529829495231714,0.5684614104403938,0.5840708507551204,0.5526466188327078,0.8295213684664297,0.5795950700257941,0.6689706893688837,0.5786595789653527,0.7719317747072977,0.6223614564588552,0.7428464391537953,0.6396021941297148,0.8001369183419162,0.6654657859019284,0.646443421149079
90,0.000368143,0.5743896829631794,0.5127391484835121,0.562801687162511,0.5801213982780986,0.5511264511577895,0.756000769503335,0.5797699443218157,0.659528955812998,0.5766045386576675,0.7697344724684771,0.6073252597003453,0.723206866687076,0.5940782553101221,0.7075340662109546,0.703002437077254,0.6072772828165871
91,0.000488166,0.5872932408052911,0.512662734049916,0.567316266233284,0.5894180396089648,0.5491664072930312,0.7100894384966248,0.5755945058187204,0.6442877429411569,0.5564666654486847,0.7197807508620943,0.5697830049878013,0.6978277518685082,0.5731716329232417,0.6843494505591884,0.6700379342463144,0.5901754738732259
92,0.000309623,0.6110999798566066,0.5338970161145794,0.569476756097996,0.588941938914566,0.5569786749171481,0.7443241440512242,0.5746812113204959,0.6491734346291591,0.5439642555964397,0.7623656314323591,0.5783436757809358,0.669752899352351,0.5741784828607204,0.7010819804435519,0.6476380492280854,0.5865531922698721
93,0.000310063,0.6116874196865746,0.5462684987021017,0.5686623073094845,0.5843830354629425,0.5560226563360039,0.8383408705892286,0.5970801568510921,0.69056328956444,0.6267640936862284,0.9500656135594623,0.6161795783693351,0.6745122186142828,0.6472960512799578,0.8183982928692958,0.6775672388516971,0.6677931152426025
94,0.000492353,0.6082602520419639,0.5269962802942287,0.5624813245018832,0.5740431748171303,0.5560221148498151,0.9184942880062971,0.6210798565143787,0.7162604549974402,0.6540053821810214,0.7299351354516866,0.6186155344354906,0.6811773058070177,0.6698930039327139,0.8816895249082823,0.7177583240410162,0.6876912777095309
95,0.000332375,0.6339625659469877,0.5613679704836907,0.576873449593778,0.5872619773509503,0.5600663077110496,0.9741472108552558,0.6144667277333564,0.7048747694846755,0.5888068567980831,0.7840565753987361,0.6045222805437024,0.6824432649920082,0.6245860561335668,0.8127135083599164,0.7043502417860776,0.6289337283104501
96,0.000272545,0.5358385117871334,0.4683509910781471,0.5804457692295825,0.5874630438669184,0.561485030495669,1.0397695992747966,0.6306569907089258,0.7072163021112436,0.575922770768332,0.8723887401452498,0.6110281060348656,0.699296715348659,0.6121572925616,0.7980810386725067,0.721873686488929,0.6080646927451969
97,0.000231326,0.5375672868046895,0.4557566647779023,0.5803065985563288,0.6018319008281243,0.5598423204459088,0.999226498383601,0.6475601970622457,0.7293905861960965,0.6389693135631214,0.8793305757801859,0.643159288519012,0.7241320603362663,0.655226556403159,0.8687247837270936,0.7965801346845467,0.6550361269477254
98,0.000269035,0.5630286845077502,0.4895563358824647,0.5869285985679671,0.6113934881124496,0.5587950920090149,0.8490261524204711,0.6329728696223272,0.7422184015886117,0.685848552731274,0.8685100849820844,0.6730764716005766,0.7232890949907902,0.7146074877077225,0.9563043840944263,0.7730731599454845,0.7237639454864179
99,0.000263754,0.5658564209082823,0.501308285728838,0.594579511923679,0.6342187518731858,0.5639885851837212,0.7491826638021948,0.617196118598981,0.7515703015560963,0.6514152620861329,0.8972891907003319,0.6495261870092768,0.7032751043437515,0.7124231271243547,0.9472017402815043,0.7255090896857206,0.7134607426428303
100,0.000458318,0.5839190223080658,0.5245760285137795,0.5998470417104835,0.6362202555727503,0.5663581868432165,0.7136862147684729,0.6112488392933271,0.7774144300803163,0.6440671313396779,0.8555452856991154,0.6164694003564742,0.6854099591879338,0.6831200639216443,0.8622330848026849,0.7215527834643135,0.6791059585966802
101,0.000303349,0.6075151621326771,0.5496982715228511,0.5996411442006403,0.6371698701225029,0.5659791673899162,0.6898796618198104,0.6174117443599021,0.7883982241272615,0.6630009901847291,0.8120362969458642,0.5923246241210348,0.6609805172180707,0.6494381607131582,0.7825275936064783,0.7341850046976413,0.6515250020015066
102,0.000266679,0.6113531776245618,0.5335780328368147,0.6061860644900022,0.6477125055816005,0.5707703146773399,0.6623693767483342,0.6021019363738236,0.7438102872079154,0.6084418091448675,0.8439951902140785,0.5594045249811876,0.6358871103184424,0.5846623526155384,0.6899262083213052,0.7248303897136267,0.5920113094449934
103,0.000227385,0.5241014997258188,0.4525607783831654,0.592673845697911,0.6224343663019531,0.5684596745080936,0.6645181642837149,0.5775464661716739,0.6884485714699697,0.5505715078839499,0.8189652231236081,0.537433747273736,0.645654339255657,0.5345607597455736,0.6302512635693793,0.6904461000113138,0.5390171683268676
104,0.000905036,0.4923933775626683,0.4550002261027498,0.6012881243183285,0.6372880558599032,0.5674934975456633,0.7148213928124494,0.5533641915407517,0.6687218647241356,0.5365800818586413,0.5955213010544289,0.5579101003894419,0.6658290479269702,0.5449831713164256,0.6470800170904625,0.6378268368966965,0.544540124889812
105,0.0002791,0.5071726467940829,0.47620646339010825,0.603353088010019,0.6417751327815785,0.5670737057137972,0.7762714183498475,0.5488744871406468,0.6763924991916346,0.5465259373049693,0.8525177071898011,0.5737966476805695,0.6900669394776133,0.5802788995302679,0.6930423317289527,0.6030710025605451,0.569926984457853
106,0.000207963,0.5317082619673539,0.5074790743021683,0.6082283545000179,0.6391000151679683,0.5687608071734283,0.8119907599777364,0.5557212932725876,0.6914633825234165,0.5700115576800667,0.792387753143683,0.5707240479298864,0.7102891514196011,0.6159166589664747,0.7345854907118196,0.6018511279823444,0.6007396727446233
107,0.00040265,0.5512319430287792,0.5134305512267846,0.5615463768778481,0.5849445924739362,0.5556229289204451,0.835247460264103,0.5977578585104748,0.7257365497371933,0.7252433889389368,0.7334207872415299,0.6067566191298338,0.7749970353756049,0.6677546575959238,0.8287026872406944,0.80532308674073,0.6728307146332901
108,0.000277564,0.5754323842778838,0.5379783124157201,0.5914272184609366,0.6263751182653878,0.557134405677002,0.839168002630533,0.617054713780388,0.732384082963406,0.7179669112058567,0.9472579609460863,0.6629734512409075,0.7470552345295883,0.7081339663635741,0.905312566939689,0.914611260942974,0.7409529947157558
109,0.000331233,0.5914500275343999,0.5401816855307054,0.6043344748151159,0.6448183059945628,0.560652710763719,0.7580232251511999,0.5859882618134196,0.6768686945584934,0.571796338406993,0.8265206604719527,0.6375156466538551,0.6852852356728831,0.6403676130023811,0.7773611547436382,0.6875100216058402,0.655492549690021
110,0.001053117,0.6142505215469948,0.5555127364323791,0.5923848584374144,0.6212187610365183,0.5610934456114417,0.6771893260563423,0.4931268089553295,0.598494589465445,0.48083860972515835,0.5614080970966345,0.5275855468858771,0.6352546852143178,0.5092981639924012,0.5884458080468401,0.5656544912822459,0.5092561402714236
111,0.000560713,0.6210308092493717,0.5693145163949217,0.601401831972401,0.6360045835606115,0.5547088070795454,0.6568782774412981,0.4725583100205811,0.5611997553186167,0.44801782835039455,0.6006611524028772,0.4610248892514081,0.605827132226836,0.44304826586088764,0.5000526270576557,0.5128223941842266,0.43957215173187564
112,0.000679077,0.6348996734996609,0.5953045391848601,0.6115288745203005,0.6342943016593197,0.5681671079506119,0.6880911620395771,0.501014875324594,0.5714691961685441,0.45961003894590546,0.5489187664831742,0.46971937215736576,0.5757164874816398,0.4561325648492103,0.5157980898732196,0.5183363751228214,0.4547769611170883
113,0.000498868,0.6064676272880493,0.5444826590304568,0.5581476587231513,0.5606560415552618,0.5546018441758644,0.7203570243426964,0.532043825698205,0.6143797795640912,0.5517460266090135,0.6295592336870083,0.5315213234499945,0.613029891154935,0.530553822846972,0.6187244376112979,0.5927545230476013,0.5432371341688897
114,0.000356021,0.6100581393161622,0.5287467508201803,0.5698197181294857,0.5739323769449336,0.5449408569990509,0.7484988005088041,0.54497450372583,0.658124624967301,0.597394205448301,0.7310820548160062,0.5978103438771439,0.6632416429093945,0.6378873309132436,0.7909747946322978,0.6251478674003011,0.663508320045266
115,0.00030664,0.6229629685562477,0.5316183175586243,0.5571414874519898,0.5553826424890164,0.5421576713077395,0.7866642731970567,0.5909631387301058,0.7114977852624084,0.6144002346362111,0.8899479638387499,0.621410662886544,0.7370274691359242,0.7033178400097886,0.9175219376813494,0.686151592244898,0.7036424469112051
116,0.000303419,0.6311292191133341,0.5238377743941346,0.5609343722511226,0.5639631576265781,0.5402522041014951,0.8329861545801369,0.6253311101035929,0.7735115979271374,0.687472150019993,0.7769663708862651,0.6230048579176359,0.7979305663766351,0.7362945831716816,0.9517448555303106,0.8075450547049627,0.7225369777112836
117,0.000297734,0.5659243497888427,0.4626402358171544,0.5654772681027032,0.5720721386501574,0.5361465186424166,0.8312926765035266,0.6825554242911087,0.825209421968727,0.7706757271463008,0.9712799980429041,0.6284155893373389,0.7884059424662302,0.7496228073956996,0.9708041058726826,0.8833979480848769,0.7450383013975704
118,0.00036418,0.591240283543115,0.49696396560358086,0.5777820626254425,0.5962611348275026,0.5516111585470458,0.8014650064036829,0.6765914421818605,0.8086854466616039,0.664080460591579,0.9154414358786945,0.6317311243509043,0.6991857904859199,0.6735793836089662,0.878449504225714,0.8560112001868182,0.6754868007668766
119,0.000352922,0.5943095486549311,0.5107365470462908,0.5846359135699368,0.607359132582958,0.5553491891162401,0.7848107305132934,0.652044841893671,0.7682504661129369,0.5818343190677405,0.6994066153152335,0.6337924823398002,0.6619404707265273,0.6012764831989679,0.7758709353712419,0.7912087227220883,0.6064339033381185
120,0.000223425,0.6196741785330928,0.5494666319193254,0.5911836518618967,0.6218396846168754,0.5626680894499021,0.7674347801544571,0.6327963973557028,0.7620671212703731,0.6012840156107601,0.888895209943968,0.6565936520789305,0.6333910828644105,0.6385498023290596,0.8237406117287123,0.7376259753641394,0.6509316743073265
121,0.000352033,0.5615162588686516,0.4818249809581906,0.5888107149973061,0.6327030305967544,0.5656881312077311,0.7112483111827866,0.6094447136082164,0.7577243033208138,0.6804804510797049,0.8673546893702646,0.6359948591659569,0.6259204252493518,0.718674430128187,0.9599421631535401,0.7018866097474468,0.7496533280111585
122,0.000475379,0.5719848766260228,0.5019030284279058,0.5874164291153824,0.622927178887541,0.5657229177808488,0.670883813217198,0.589115108570126,0.719765480801163,0.5991357947191213,0.6104475777699949,0.5868012614511964,0.6402758160596076,0.6413060365453096,0.8092173937894976,0.6896574029383705,0.65308738811353
123,0.000259382,0.5649749974717256,0.5126682517255391,0.5952640057308286,0.6385014188016757,0.5672944115376662,0.6936197559951527,0.6041774089656954,0.7032794871304646,0.5558478385221931,0.8390377296942059,0.5926253239736408,0.6691338956366764,0.5912773958840295,0.7191121289187209,0.712049827996374,0.5949353926260471
124,0.00027246,0.5901754738732259,0.5457101690638065,0.587390891491289,0.6182191951479746,0.5670823222008913,0.7769323914190743,0.639298275638458,0.7267367781421482,0.598826433348193,0.8690078512098631,0.6313138106715059,0.7111927822257623,0.6326296430180689,0.7884538012279809,0.7857106504078828,0.6379592921537878
125,0.000393864,0.6049988397925686,0.5670484329506406,0.5792702855163455,0.6144630737059615,0.5630213758602916,0.8754646756543039,0.6450363090264457,0.7386254647228987,0.6694266452123264,0.705871950077315,0.6388682597665467,0.7528210907763645,0.6929930550558706,0.8916401779629471,0.8481157447198986,0.7059040804657902
126,0.000268232,0.614415577281146,0.5852708108890868,0.5908714935115733,0.6219510576005225,0.564103334487999,0.9598557959543944,0.6393353156752141,0.7221665433221301,0.6368555717580565,0.8571614699940044,0.6267222169224912,0.7648650550265995,0.6808847837806903,0.8724075635106859,0.8082160712791957,0.6882153705758207
127,0.000304772,0.6387056884642226,0.6119276341765613,0.5914754464679834,0.6258624998684619,0.5673024629737762,1.0255929634756469,0.6420317408682293,0.6993613561130045,0.5993147253935817,0.896841220874206,0.6304713956910075,0.7680876918040545,0.6420867683727973,0.8087737539273259,0.7830897022015738,0.6424456276182302
128,0.000307693,0.6635626144391272,0.6466945965996291,0.5810547389419236,0.6086959782693506,0.5640077993969773,0.9799378964830359,0.6152516596686928,0.675499422432772,0.6070911273230786,0.7791459038615189,0.6374732098100256,0.7666940780033572,0.6347683088034632,0.7884599771869456,0.7616436716822673,0.6418492509102219
129,0.000395735,0.6846201807996265,0.6574692297968621,0.5983116693812734,0.6429096971326275,0.5638998861912853,0.8435164704415363,0.569292429958467,0.6419633930665996,0.5828102590896133,0.7589413950842132,0.6223849974613561,0.7277302272752465,0.620398011249367,0.7504548313776194,0.6647817575613281,0.6324183975156112
130,0.000368797,0.6738452375186895,0.6660774487381963,0.5989184470365365,0.6396648436552599,0.5685053926973154,0.763056057354658,0.5454181010232643,0.6259698676278819,0.560708231707599,0.7768659227448128,0.5989204772284153,0.6915519186349353,0.5957869241540296,0.7073032265727971,0.6205771075965408,0.6069558489848672
131,0.00067758,0.6672983633753279,0.6288976832543336,0.5963893860141074,0.6335031735943772,0.5678726852331316,0.7590254062902778,0.5513823736649812,0.6327102111879218,0.5478864658226184,0.6566605369989941,0.5715032962875848,0.677254876966143,0.5635669325175882,0.6637034738873205,0.6340974464762029,0.5749737827814578
132,0.000468723,0.642562595416672,0.5813986308087273,0.5906746979564381,0.6297597584374713,0.5645613326491978,0.764698788283126,0.5501571855828982,0.6210096847773189,0.4984022288797513,0.7121840570440431,0.5220780665536472,0.660408179041784,0.5124214040430467,0.6067861744142828,0.6103594593410018,0.5196676089559302
133,0.000438009,0.6623446623098673,0.5917402588779549,0.5907740453884163,0.6287958502873707,0.5653924195341515,0.7371031488904872,0.5219638012227528,0.5967953918441258,0.48022484642621877,0.729064441056981,0.5089228158053484,0.6487627590405156,0.5014349285075961,0.5846327663034193,0.571547988443592,0.5085292398937666
134,0.000342382,0.671930629308631,0.5859781206913086,0.5666898093343093,0.5992130405748881,0.5576968848680242,0.7296009191328123,0.5361809902277143,0.611637680885052,0.550532083368314,0.6858455040389848,0.5497380404969627,0.6958675352259857,0.5466221204844217,0.6375687046286864,0.6140804926553903,0.5617640398223059
135,0.000361529,0.6217851564087193,0.5806226480685059,0.5817288708116355,0.6004967008993737,0.5540074211976128,0.7857992843264565,0.5732902997884688,0.6685043707697843,0.6329680765701304,0.7428089959628633,0.6186237374662888,0.7485278629341137,0.6451944572585151,0.7954584118191357,0.6675652802963209,0.6747172469370377
136,0.000360953,0.6371087653637796,0.5829606000014455,0.583086077086521,0.5933984973594502,0.5517952384085336,0.8521997524023478,0.6001430083121999,0.7233331999832535,0.6262845646647938,0.8017765498692637,0.6451699239757931,0.7774647557349463,0.6918709304588843,0.8984703119161973,0.6880449859354878,0.7111610572319562
137,0.000359115,0.6466945965996291,0.601888900972337,0.5935808994692585,0.5966314182165652,0.5540068855777536,0.8688115341354654,0.6006399913178603,0.7403616994569248,0.6128804521723195,0.7322950029033873,0.6079924685511304,0.7806146512729246,0.6549750475626105,0.8279650821932204,0.7207400109087417,0.6659555394497603
138,0.000336252,0.5911029635616403,0.5269635499109367,0.595163040346103,0.5919302818254929,0.5525482836548201,0.8779694532378416,0.638412880829781,0.7731532175308625,0.6548520554454919,0.7854372967948973,0.590841604294069,0.7737697655006055,0.6525650527347459,0.8250483880575468,0.7795529745421118,0.6693283896257075
139,0.000415158,0.6033288739801904,0.5502558238780692,0.6000899062037771,0.5937298431849898,0.5590084695607879,0.8774071956113557,0.6574817634394111,0.7991753185415432,0.6882944474018136,0.8252678421828029,0.6192211978089528,0.715133394350059,0.6739917843013167,0.8762647184854389,0.8111740836475894,0.7041807921909093
140,0.000303323,0.6197379001317544,0.5528934852466889,0.6010403829490835,0.5932445413317545,0.560834325493948,0.7882068818117085,0.6372065414179715,0.7655835014149893,0.6665610917506046,0.7724364968171425,0.6345766465949352,0.6761859403504016,0.649992805675694,0.8276952391577755,0.7725918834727961,0.6884824926615626
141,0.000442639,0.6222012967000893,0.5663965313369294,0.6032092302932538,0.5988034365517562,0.5632069912019535,0.7000044292920395,0.6058369383036811,0.7110138182127683,0.6104905762212035,0.7214049096196451,0.6100359694918861,0.6678559749688798,0.6022601411549846,0.7320094236595175,0.7254212919839487,0.6348650110897434
142,0.000300426,0.6473404803765317,0.6027831030865324,0.5963873814528337,0.5908740927883399,0.5618461477141398,0.6918740602114677,0.6107710055060336,0.7075441078446244,0.6034305925015567,0.8504893102084732,0.6007226004856563,0.6960161826735095,0.5933688811222204,0.7172382315880675,0.7407122101532245,0.6210345817033757
143,0.000263335,0.6710998302862162,0.6285539995494243,0.603598852320527,0.6107602402201668,0.5626602337234644,0.7561028696820034,0.6443888621447398,0.7451855507972257,0.6118056881592748,0.7648284106659397,0.6199081706791397,0.7259606083125201,0.623312813540095,0.7733585697344659,0.78053974328413,0.6480371612872796
144,0.000251153,0.6922781547807544,0.6450422269187243,0.5943373220141124,0.5890925685574697,0.5614231467950546,0.8158393607071939,0.6626744158055251,0.7609667852941898,0.6272027527136228,0.7980169975041582,0.6231099993451737,0.7623684229017049,0.6471397677507421,0.8167508750621776,0.8148899793064853,0.6683952330353831
145,0.000304619,0.7161551451264009,0.6792855836235678,0.6005178468427207,0.6001321144227445,0.562442648713719,0.8414388799468132,0.6362389142120787,0.7390332654210984,0.6167603707097694,0.8844421643476221,0.6095495574409233,0.7913023520892795,0.6553107525730882,0.8206069558423498,0.7935138298694677,0.6716374468856753
146,0.000253759,0.7290766483455633,0.705128638010564,0.6050434878148829,0.597935557102846,0.5635071761968955,0.9019077917660024,0.639245607562193,0.7414596643838743,0.6492225612535495,0.8328223453801931,0.6276750478183801,0.8168109502776976,0.6922656140778002,0.8789581494737453,0.8029317754114341,0.7061413163023775
147,0.000307213,0.7501993474193797,0.7274220649178657,0.6124458149281179,0.6148844469514448,0.567756773722784,0.9824911165685626,0.6462537436564398,0.7469882645035866,0.6866752298485801,0.8653698207754671,0.659266143629005,0.8046805798627185,0.7230555922247686,0.9321670196912478,0.8387160295172966,0.7442072648917428
148,0.00016924,0.749685179584788,0.7366406055012699,0.6090337060516434,0.6056269122491049,0.5667052878146426,0.9520328440118945,0.6334126957314147,0.7189950188338925,0.6914904605475491,0.9286632828877547,0.6376871124802816,0.7781139437435413,0.6954158074131644,0.8587668978842582,0.8390730834921039,0.7340840509328408
149,0.00026926,0.7707781201987143,0.7620197266958162,0.6151218506877889,0.6168801278530506,0.5706643277548636,0.8978449683054094,0.6054646417909265,0.6814562490202895,0.6528085363812784,0.766048958955405,0.6016699165721835,0.7327134664219126,0.647401157957501,0.7742298563487551,0.7894856523351259,0.6916613337405844
150,0.000481849,0.7931756600681512,0.8032434006541345,0.6139842299062044,0.614409001721147,0.5708113199331732,0.8999865871498469,0.5875607792922197,0.6635598533855968,0.6254166271551908,0.6621013271127428,0.5763812358902387,0.6993753639747861,0.6092380373774908,0.7196750549772875,0.7317118375079744,0.6475619077971251
151,0.000243873,0.7526692693950274,0.7931332227824239,0.6246436277885684,0.630947162984585,0.5727148607817797,0.8724661328849986,0.5538270052119548,0.6321604072995256,0.5634457484781545,0.7521727971604145,0.5397447886973467,0.6546920040470555,0.5632649632896092,0.6528295693346187,0.6329824560533817,0.5928851196168056
152,0.000393874,0.7466549955248531,0.7992235574327913,0.6198819083596113,0.623751905294477,0.5724139059894713,0.7725555697840979,0.5087053859301324,0.5808422766368888,0.49176806917021,0.7035678352900596,0.4875507739836398,0.6251270895349426,0.5038663761381316,0.5709777748241341,0.5451530375565738,0.522522846570758
153,0.000991557,0.7407198911409434,0.753553271022552,0.6032617817588027,0.6113409420896995,0.5690920259029357,0.7263815798951311,0.47835618189951656,0.5484988047657193,0.45971834078158624,0.5520632238531915,0.46005750816051305,0.6263240319183477,0.4679482902538674,0.5261201994742598,0.5114961508638348,0.4799982514271548
154,0.00042166,0.7622163325112978,0.7864190307204182,0.6178912275793744,0.6257760278981872,0.5677659979096662,0.7780100830476951,0.4916778104861489,0.5571986963047505,0.45379883831593043,0.6621671658056585,0.4671601250469765,0.6426612321940827,0.4709391802217224,0.5345901137521019,0.5133730050566925,0.48048111067119875
155,0.000364832,0.7174673052159175,0.695663830653796,0.6085354880750455,0.606207817204935,0.5677867539740677,0.8807496950137154,0.5415703053422021,0.5939244296668825,0.4762721298407904,0.7260715097198754,0.49596448110513436,0.6784046163619603,0.5114068080295647,0.5925453547115186,0.5479947730206256,0.5246497072861066
156,0.00039161,0.6923115999875681,0.6383825568459178,0.5652478663586664,0.5583986833095363,0.5525004638956412,0.9392246617318832,0.5849420706664589,0.6354995057337869,0.5752032461555925,0.6482103963405897,0.5497966631420951,0.7841021278612031,0.5906338047556525,0.7113185909564772,0.6968418451306401,0.6305716756258561
157,0.000204384,0.683655909497653,0.6089447758202947,0.5872785655008682,0.589973550919283,0.5462741471411416,1.0028603255569144,0.6337860667705498,0.6874885261539402,0.6502438126049893,0.6602077584118374,0.6422177240151656,0.8680317146798547,0.7200475463668875,0.9623474902474035,0.8044672990557838,0.8080880504818327
158,0.000170766,0.7053595652715171,0.6357089992937475,0.5927683005222186,0.5972713454035243,0.5512388020972934,1.0774793005456624,0.7156870210906249,0.7385302814374587,0.6587918909455054,0.7650300198544001,0.723827249935503,0.8914973033647788,0.8036452960278636,1.195363693064372,0.8745888403761358,0.8945392301094232
159,0.000180308,0.7236708106499642,0.6649298773027155,0.5885793571990964,0.590196195644553,0.5503613416134703,1.0305835797119938,0.7028011516587349,0.7452376954048711,0.6796076861722129,0.7762051191609517,0.7099845720750757,0.8835000309483771,0.7556199606291527,1.042863999710483,0.9545324386771943,0.8285915624073076
160,0.000235807,0.7418451720343838,0.6897824617356743,0.6027568881368626,0.6118511388018566,0.5494410283656034,0.9383619844910106,0.7098155305418266,0.7343546010294562,0.6851079008092011,0.7297796004083034,0.6706147975032195,0.8258935386666151,0.6923178715035139,0.9070259526108597,0.9351975813257137,0.7628420205009236
161,0.00020687,0.6825444061966804,0.6831843390485014,0.6217783413912492,0.6429289505500877,0.5672777346533284,0.9620304093573521,0.7415701151235681,0.744161826752486,0.6422427565057398,0.7704537753455909,0.6665023274532439,0.7375728842841361,0.672674376761414,0.9027015058571332,0.9116254739645064,0.7413441292328582
162,0.000282316,0.7070392091430784,0.724000526276753,0.6291948481337944,0.6473772267330742,0.5725031377723462,1.0701353489943013,0.7516385116552939,0.7669071121004121,0.6343763117658089,0.7138351206092485,0.6831431607070154,0.7131246483283074,0.6856139223161274,0.9654959469753501,0.8850027794142247,0.7613432281997711
163,0.000191545,0.7309651510903841,0.7629007577800514,0.6306514599780888,0.6493863972540355,0.5742536290722745,1.0631703832983947,0.7209819014582505,0.75884364667076,0.6334863561910747,0.7829309198289527,0.6836629552605465,0.7100522225123057,0.6939321658333573,0.9740802428475799,0.8280205130924269,0.7709195185211217
164,0.000203863,0.7508492143744286,0.793279424339642,0.6400576466996787,0.6618765263343656,0.5784881464151798,0.9598697245710606,0.6954507689824843,0.7382994562377727,0.6390778149022773,0.8028111384682497,0.6780606510957956,0.7331823030699209,0.6985814783450504,0.9434390919008614,0.8108968065642373,0.7713080428082206
165,9.94e-05,0.7499427956078506,0.753273067571221,0.6348593689091544,0.6529531790058256,0.577185736986734,0.9549134671330225,0.7321280653637761,0.7585410039220364,0.6940163888237949,0.7269254624049433,0.7021841530389515,0.8097537370373761,0.7251016410632618,0.9995723744518922,0.942622797716311,0.8074057461668098
166,0.000192478,0.7477759724809253,0.7626519166477803,0.6449137607345857,0.6628403947055015,0.5766582907600565,1.0457915847122827,0.7957058633828042,0.8048020616500462,0.7450096435231152,0.8361980376720443,0.7553931091157541,0.897986355109586,0.7866152063469732,1.1858214480738714,1.150785550798861,0.9013744279216215
167,0.000200627,0.7682576077061841,0.7985698600990546,0.645889317459307,0.6662916500052035,0.5761208428205378,1.0866419623380694,0.7989760237493896,0.8165501483745293,0.7390917594999666,0.9297348080814398,0.7645692317828112,0.9709828439092444,0.804273852467314,1.2409705650663,1.1769660771474206,0.9245931466285232
168,0.000165445,0.79044999200997,0.8357637159734205,0.6586622358596551,0.6829273473344937,0.579265999562126,1.0907391075065918,0.764746684529365,0.8031177279830684,0.7086031061544551,0.7581206568254044,0.7148559116283705,1.0075603317421948,0.7655750207035797,1.0924928402429235,1.1078177865819743,0.8605258662905677
169,0.000198746,0.7946700123946674,0.8086088260626993,0.6546999596314944,0.6656886895385979,0.579264775021251,1.1446754158054926,0.7955963851741114,0.8157726591672666,0.7436483057795483,0.8804808022278477,0.6921298001320352,1.0391646222964104,0.7457545183360172,1.0334747337183539,1.1640845642156414,0.8339728708789395
170,0.000253583,0.8107607927360436,0.8374088709024743,0.6583258500624912,0.6759396813080121,0.5811159268332624,1.122454076461205,0.7865707474437738,0.8069766649325623,0.7655750207035797,0.8252129622345955,0.7080512079009776,1.000028851248544,0.739281324852183,1.0141390648057818,1.1301454601045233,0.8400573381550944
171,0.00014274,0.8308894387431558,0.8755598039532521,0.6631901836662896,0.6814761866508261,0.5811264357896846,0.9635738625927076,0.735298252121173,0.7598532355733061,0.7229151230412071,0.7818296678720487,0.7085145812614476,0.9717219058061365,0.7072463877211038,0.9286052635839094,0.9645052038074692,0.8076097581850711
172,0.000165955,0.7793560695104983,0.7720607617712694,0.6638158574908077,0.6793655724768282,0.5821920293310592,0.8875839557385201,0.7055387176928111,0.7365184983056944,0.6992902522579936,0.7668858006991753,0.6919241420298784,1.0001454317194267,0.6893125520168538,0.8823898824846617,0.9059278919210988,0.7858390265109004
173,0.000217602,0.801215384876009,0.8076927341207292,0.6553160713156945,0.6877896460875267,0.578539377189692,0.9364263862390129,0.7307007864433658,0.7701845200749207,0.755841575782002,0.7355688937701229,0.6935503888693964,1.0816805408756671,0.7203582018266704,0.9495608746765869,0.9607903560852245,0.8351758846925413
174,0.00016797,0.8163752765738711,0.8370742589605819,0.6662646306334945,0.6864122425007932,0.5791533742990921,1.0177327136704233,0.7568678932471523,0.8026644911175042,0.7487935446689488,0.7331152713020874,0.6792026620557644,1.072202751554444,0.7336085086740324,0.9966188756370351,0.9515032556127206,0.8503091486763144
175,0.00020235,0.8298902073773394,0.8377605530654371,0.6731908019123569,0.6883951300688675,0.5805240197148512,1.0003093434809025,0.7330284056270481,0.7845246253703043,0.6951966232294651,0.734762861954903,0.6423262192864713,1.035280564430119,0.6959991895723339,0.9183576312751408,0.8702321464485988,0.7859598186157218
176,0.000317992,0.850378875041529,0.8877800535728034,0.6693841254652569,0.6847253268648327,0.5794853175661274,0.9783086990954862,0.7037302556865177,0.7645382606353379,0.6892578777068354,0.694796908058237,0.6261901830664474,1.0368816239689551,0.6690121871531475,0.8657272769993787,0.8449436787563475,0.7469160621076216
177,0.000145908,0.831759936036631,0.882714687790306,0.6789649245688523,0.6866548324236733,0.579247632264376,1.0179220385918306,0.7299081852519161,0.7771673841153928,0.723793804006,0.7389277568851038,0.6456662092575485,1.0459032909064088,0.6788495984249966,0.8926175828956852,0.8835869378623787,0.7657036751125691
178,0.000277735,0.8415233409391233,0.8732936384286273,0.698404353084828,0.686101736004696,0.5810522671101159,1.0430212329877844,0.761275121502063,0.7864864495359868,0.7281980713881508,0.7036139161356338,0.6658922846778397,1.0560613026740004,0.694990334838357,0.9423564422354759,0.936672211253348,0.7992299899449742
179,0.000254946,0.8416247277103598,0.8444424785846426,0.6886007420691841,0.6631506784475757,0.5774785125331321,1.03788738696688,0.7475626904581639,0.7818402057657541,0.7164271941531141,0.7155438776821869,0.6609577770261457,1.1378439875384123,0.6980644356205464,0.9624598064274092,0.9620079730310215,0.8078886587750687
180,0.000215183,0.8470742065835801,0.8652188010028904,0.7077561977261737,0.6903072091616823,0.5770125848337615,1.105546405922459,0.7506039842801577,0.801045322045464,0.7015491982557465,0.6916894774486932,0.6616893671633781,1.2009170148753565,0.7166867977856909,1.012689980176577,0.9428656152162364,0.828817443655515
181,0.000186379,0.8658785632311378,0.9062465753413729,0.6995295060281286,0.6699706673063466,0.5767326021232785,1.1973594103350769,0.8093025359948297,0.8483079757817422,0.7631974484167133,0.7282151009077571,0.6771893260563423,1.2687944427818338,0.7543646577550558,1.107441103011897,1.041886462776475,0.8805410128070368
182,0.000119155,0.8301964472486105,0.8203633707156033,0.697702546130948,0.6791089182938064,0.5748666342309192,1.129110195500092,0.8206800737016358,0.8551727073624539,0.7953078332155764,0.7307954329038225,0.6913582249861157,1.2953411344710863,0.7608849030820165,1.118519111803307,1.1445951074309029,0.907068265491106
183,0.000127019,0.8456400030107896,0.8496997737069171,0.6991513391384289,0.677209869815882,0.5734927968695682,1.007154606623078,0.8227283254581343,0.8368877160728849,0.7826740482607162,0.7504255439327279,0.7208025251292169,1.3092549722644258,0.7589827085845725,1.0989196775818597,1.1392712822207594,0.9221430086731962
184,0.000122663,0.8650209623459003,0.8807690648029088,0.7045407434726613,0.6833682258952757,0.5775191604876712,0.9921403908452481,0.8260124576954836,0.843698023129036,0.7813694274036106,0.7466917119630113,0.7739069765804556,1.3050338275677469,0.7885619014674142,1.1925382962055384,1.1743708697398911,0.9877946004916676
185,0.000176696,0.8331391304076976,0.8776093987266008,0.7138454329251448,0.6945856972617207,0.5774912520132964,1.0610342655693572,0.8527461519370187,0.8715137544200856,0.7911307236325298,0.7312532045428054,0.7909217997714544,1.3214410189896533,0.8094478406271409,1.2851920530477352,1.2040938756820565,1.0304732632178937
186,0.000123072,0.8254236900996241,0.8825046060600372,0.7197560843236295,0.7061368797938499,0.5807737702045386,1.1277749207515975,0.8574016109991345,0.864587008891338,0.7575831925712595,0.7677253909786445,0.7491667695120536,1.2420797265089571,0.7808305068371825,1.2064986682356083,1.1823126365065773,0.9686755091633813
187,0.000200128,0.8465787637613218,0.9304875939958738,0.7287582388213498,0.7100962056679556,0.5835887968843394,1.1702600693393566,0.8321081758754311,0.8290435097360622,0.7226926826723812,0.7308273997558307,0.7137136980638762,1.1845419049938612,0.7408979009393512,1.093393471978046,1.1304047215081754,0.8988383683567289
188,0.000140928,0.8167628890448557,0.919102661946527,0.7259124061573079,0.7053308251210026,0.5842937887558018,1.2442766586900045,0.8216166635803221,0.7984768347302679,0.7239240303448706,0.7163982380296582,0.7159215462542184,1.1826668063424632,0.7348628460156146,1.0824947348893281,1.115411254726522,0.8943656607590231
189,0.000124382,0.8380051406258977,0.9640222627725401,0.7348490957869424,0.7145339303440305,0.585760213835211,1.3185431185302305,0.8029594969864564,0.7697790106776298,0.7054845152151227,0.7486137489713246,0.7275142299310118,1.197862610534256,0.7387791047027134,1.0932246910882746,1.0595436236478506,0.9032047350531195
190,0.000201715,0.8277720550069545,0.8968866694464754,0.7230817904520596,0.7049277281010315,0.5841932780615984,1.363329367413972,0.7896903373647236,0.7458682069019525,0.7007966766469578,0.7178748307673684,0.7272499556901297,1.3022423081624874,0.7391082929527351,1.0771051600513146,1.041149778701512,0.9004139934258321
191,0.000121633,0.8372627754648476,0.8832372935650509,0.7292525013191663,0.7094136968454186,0.5838607064984153,1.436701533680927,0.7955583163881393,0.7462279095294314,0.7038180973434702,0.7272342053147893,0.7245115189423289,1.436701533680927,0.7539768634159182,1.1056656041367394,1.0608837898672205,0.9231573996901112
192,0.000131407,0.8580476182788451,0.9321083412482795,0.7330879673338084,0.7119145382492958,0.5835474798439162,1.436701533680927,0.8484079876050754,0.7701154519405877,0.7309540789084674,0.7458433739269361,0.7320637939471413,1.436701533680927,0.7934398674363923,1.2117327187829807,1.1209114890632963,0.993796506195519
193,9.06e-05,0.8745614470166909,0.9616520064825265,0.7248771768419267,0.7106461204003377,0.5836695782645316,1.436701533680927,0.8717932963781136,0.781542298244645,0.7622121478242639,0.7699788093544421,0.7367501760053189,1.436701533680927,0.8130400525660908,1.2675095873203386,1.2124844106103276,1.0429068744612446
194,0.000166366,0.8707495178621799,0.9190928793152827,0.7341164513065357,0.7109402329898593,0.5828289673877993,1.436701533680927,0.8424051287471913,0.7567736741818644,0.7159192345368012,0.7367400985153413,0.7195130783504786,1.4192752079371211,0.7587445600794528,1.1000249444484638,1.1224273493490031,0.9398725795287567
195,0.000151765,0.8882432719688178,0.9596218858189205,0.7392991438591495,0.7304121575795645,0.5847335040498518,1.436701533680927,0.801299646581194,0.7302563174694435,0.6827087313143975,0.7675216438998553,0.7173103021638713,1.3043342650261533,0.7199194004927383,0.9865279674276499,0.9930090494493311,0.8694588507844804
196,0.000111056,0.8688074025743137,0.9535477188510846,0.7462632538498655,0.7376879294498508,0.5861607414862965,1.3990051015303693,0.7671402327178695,0.7214888908078264,0.6817295468930251,0.7416227892497553,0.718859242788544,1.2359980102366321,0.7126555973195348,0.9608378543325892,0.9234648510516548,0.8599623818543851
197,0.000189299,0.8783150105811095,0.9722280961180471,0.7384110369981732,0.7212382169889278,0.5847675147943958,1.3837335150430166,0.769144711758157,0.7276986651026442,0.7080411446614847,0.748304697505464,0.6964307748271021,1.2224199918188954,0.7171812879507162,0.966219699710506,0.9364470798301548,0.8750274844980381
198,0.000161494,0.8517011051593272,0.9702454657747545,0.7434113557248109,0.7212996788351755,0.5859686138674894,1.436701533680927,0.764718509176972,0.7356804951218429,0.7188569024967386,0.7273238749669233,0.6772842342903845,1.18513920852825,0.7294553786979963,0.9954174433130448,0.951199481055991,0.902465255372385
199,0.000359661,0.8719143755916251,1.01233684852957,0.7493920330162684,0.7254116722558362,0.5859990373325891,1.436701533680927,0.7496798707072402,0.7303728813778978,0.6857662523068054,0.6665452331867625,0.6563744129142951,1.1523344592573554,0.7066976510062123,0.9551521848709923,0.9062090657176304,0.8536186628358156
200,0.000151987,0.8473960403884574,1.0002305296914125,0.7411696452063521,0.7114501381183048,0.5854331768422785,1.436701533680927,0.7139588979050892,0.70241874854378,0.6518702602841014,0.7272632837301439,0.6203754470823494,1.139238678181989,0.6543546008464757,0.8533053464691592,0.866459912409292,0.7582799218345536
201,0.000321477,0.8669808446245327,1.0248563709354979,0.7467284338182475,0.715603895105472,0.5832685066413633,1.436701533680927,0.6888518383818378,0.6727645214940572,0.6307115157003774,0.6883232093701979,0.5960562383308532,1.1606168905982044,0.6142972494922553,0.7779893158987853,0.8514365545837862,0.6980440777806857
202,0.000162437,0.8814434991148046,1.0254231008820265,0.7176977629566693,0.6993150284120928,0.579291104361594,1.436701533680927,0.6824182369815861,0.6605061885724716,0.6492682504034758,0.7330482579161887,0.606651803066665,1.2330347494302079,0.6149935892172407,0.7783663501333298,0.8722737349358496,0.70450549451502
203,0.00020567,0.8664988472901691,0.9495824513147508,0.7389239441697005,0.7080780453041599,0.5790279723993406,1.436701533680927,0.6592165065161301,0.6612007636702694,0.6319742772694221,0.732072444882696,0.6271468015914864,1.2138849339654896,0.6330727496465334,0.8070627576313684,0.7990354751362108,0.7306233757763958
204,0.000322327,0.8676652246003227,0.9627042299651754,0.7168468727215216,0.6929532220251419,0.5750121074206783,1.436701533680927,0.6552744112976873,0.6720176073414277,0.6602621532069214,0.7077885861195614,0.6310270899676623,1.2170014165419758,0.6484215534980143,0.8189358105884779,0.7772413252707074,0.7471826586169834
205,0.000183215,0.8831201144874454,0.970752232669989,0.7323147956632376,0.7054657131925134,0.5758638100612236,1.3585652432320374,0.6513247248706732,0.686798673046994,0.6865518531882134,0.7194133645500046,0.620398011249367,1.1164136435801704,0.6632388858605529,0.8286650431772049,0.77291457382063,0.773278448348029
206,0.00025666,0.9025138800146337,1.0151096825884132,0.7269024737692995,0.6977849389053392,0.5738400943767946,1.1721730623962445,0.6676627613545523,0.6906027118500964,0.6765182809731288,0.7270985521467201,0.6029694657453079,1.0187836372153096,0.6396664925756015,0.7796246133833955,0.7735611693868085,0.7445021658668801
207,0.000292617,0.921659260193072,1.0622592589571298,0.7125085676608817,0.6771228162330377,0.5760606169325602,1.0310390100406248,0.6451453934914655,0.6694190855539855,0.6382940683040429,0.6872450518583257,0.5820590530203094,0.9274898788865538,0.5943379833320274,0.7145258863853772,0.7772028732362112,0.6856809350046766
208,0.000676015,0.9324886722715949,1.0555867383416058,0.7211165216225989,0.6910804651593363,0.5736556627048337,0.9724510706009748,0.6152523932862428,0.6431869457148337,0.5754587947416301,0.5994924591214683,0.5552715142793946,0.8824591441968046,0.5557477849099125,0.6640546317247282,0.7006167781690366,0.6269293561509715
209,0.00023378,0.7905604718773412,0.8241987721259394,0.7131189365455226,0.6763038115978384,0.5762624480439669,1.0203192982167046,0.5971740510882064,0.6341866112149716,0.548955239871787,0.7168178656833635,0.5453368555314888,0.8544781351530629,0.5441113498712714,0.6497420892030297,0.64992534305801,0.6016932452229012
210,0.000193952,0.8045788401673635,0.8197432091155881,0.7037017142288302,0.6681959124529296,0.5737074046100668,1.1655930816317555,0.620099611240263,0.6530093086962164,0.5908325084759676,0.7387156054852106,0.5572444760777611,0.8909777301181717,0.5654442352603203,0.6779251742447308,0.6915269167578976,0.6306285485003651
211,0.000239798,0.8267519720290929,0.8569512642578595,0.6533165241857949,0.6091632581595392,0.5635009761578479,1.3392390061505133,0.688732430478198,0.6879372778346272,0.7143972199825104,0.7033474308043223,0.588795925645473,1.0176264722844919,0.6202333494217163,0.7693884872731105,0.861599746809922,0.7276804580248342
212,0.000317758,0.8485061104911347,0.8938388096754502,0.6828491027972158,0.662809206835148,0.5646503441851273,1.436701533680927,0.6981973410709622,0.7043040161289899,0.6966500637637707,0.7107727702945474,0.6425943548445778,1.0523707049711046,0.6921600901621994,0.9152360951800719,0.8601968654018247,0.8526075011697097
213,0.000116466,0.8395759630447849,0.905036896748767,0.6840528245566079,0.6669775506581288,0.5655724122494751,1.436701533680927,0.6977474840258793,0.7080053677290589,0.644410777581614,0.8670609135180583,0.6733955891148377,1.087528189639789,0.7023237908806722,0.9450594503550129,0.8008543329880604,0.836432042047874
214,0.000140007,0.8551707373428444,0.9095634034206594,0.6784803589935403,0.6678606667050418,0.5674008331886325,1.436701533680927,0.682260123625371,0.7045693871469109,0.6351013116602992,0.8279150251418341,0.6427891933003607,1.0873135156709053,0.6657379442928043,0.8639058193290938,0.8245252367651256,0.7661013583677276
215,0.000224679,0.8756697686179538,0.9444883235052852,0.6699460394097829,0.6871479389495063,0.563639116437898,1.436701533680927,0.7013806748834256,0.7084249696021679,0.6809633496092338,0.8108111602473979,0.628224155367711,1.0314189968900296,0.6505800978152637,0.832496834120199,0.862839491274466,0.7514098804282835
216,0.000257032,0.8961489851175534,0.9932651533841976,0.6970978001729586,0.7202875630067106,0.5760112457957542,1.436701533680927,0.7337901512966212,0.7168155452724277,0.7004261936650641,0.7017570297082868,0.6570694249144088,0.8899368627321433,0.6727271166212414,0.8801691949209826,0.892243687258678,0.8037859384121464
217,0.000272092,0.8913812683124372,0.9492400957436354,0.697590239368869,0.7179948920280351,0.5789374889611547,1.436701533680927,0.7925821571919203,0.7293270329709507,0.7266787509987671,0.7552655100739767,0.6885791441518351,0.8618476714969386,0.7110568478511958,0.9661912865816873,0.943534332126639,0.9106462060721113
218,0.000164762,0.8594179979406044,0.8626776577897354,0.6873094757613549,0.7027781898572587,0.5784143736206694,1.436701533680927,0.771772441787802,0.7122056772921084,0.705177235427491,0.7874013795272411,0.6886295424539491,0.8750317054341136,0.7139577515236676,0.9669194529386729,0.9608769758261873,0.936216940862907
219,0.000259063,0.7474758500882381,0.7090338775081381,0.682379198783207,0.7018103775028137,0.576667351583537,1.3981433797969132,0.7344469307738879,0.6816866353279593,0.6642678100541042,0.7203487821165504,0.6710826935618723,0.9222344140368219,0.6837223496334942,0.8951757635063744,0.9439076342557701,0.8656680107754978
220,0.000158587,0.7718593384206043,0.7499016123324032,0.6794070593046303,0.6765251083484513,0.5784381485462805,1.436701533680927,0.7296572018108547,0.6715115059186061,0.6535801971438715,0.7143340610305623,0.6645810282328425,1.0049606189765887,0.672488447882932,0.8723678267237068,0.9574109994517824,0.8243681323898144
221,0.000153495,0.7749354598388039,0.7305582715682517,0.6843423835503363,0.6872174471593488,0.5775792381055598,1.436701533680927,0.7609418014781294,0.6869109519264323,0.6650595633259466,0.784527667395564,0.6743044797238105,1.1286570287634654,0.6902015424418702,0.9147076768845604,0.9812566546982139,0.841015082321738
222,0.000135261,0.7917366023650284,0.7592390029625767,0.6735610936460864,0.6843131082743849,0.5753171811567147,1.436701533680927,0.7913694735863674,0.7019977355030077,0.6796116411967492,0.8151628428779294,0.6787628961058648,1.2726725805353545,0.7085425918796271,0.9638924725841739,1.0224034990731794,0.8665172919605227
223,9.16e-05,0.8093977267409913,0.769526251186108,0.6819692022317609,0.6872706147310628,0.5762485841995304,1.436701533680927,0.7779774497031743,0.7032225172936749,0.6603111200195634,0.7430686324530065,0.6774349953437753,1.3377283017710189,0.7135225259238714,0.982317891965176,0.97971861995622,0.8692994725724108
224,0.000112599,0.8250271598512928,0.795138336511241,0.6901849716725138,0.6986362534233639,0.5781889623746476,1.436701533680927,0.7757870891576322,0.7064942865303586,0.6571221538029216,0.7830216407849622,0.6902170786221783,1.3484119832729615,0.7211495977611334,1.0047912149491403,0.9468191703112728,0.8732831489567507
225,0.000149832,0.8452307515731728,0.833202895215111,0.6953829695294627,0.7077238137786559,0.5818914091015315,1.436701533680927,0.7634720554784326,0.7094755595289909,0.6701895960241261,0.8311497583160957,0.7070258490345682,1.2759316705849215,0.7284195483777566,1.020165419543526,0.9354037649982462,0.8886011077169674
226,0.000208704,0.8108078021212618,0.7631162439425173,0.7069345752249424,0.7264685190635981,0.5826525574028755,1.436701533680927,0.7567996150515641,0.7041829920512422,0.677888864543972,0.736645642153479,0.7004575860914608,1.199484735262292,0.7209476680051691,0.9879616262022366,0.9046425192122131,0.8919417794800009
227,0.000132128,0.8244546169452219,0.7911120072833006,0.7106924754521075,0.7220692800771327,0.5863448031141364,1.436701533680927,0.766033382825049,0.7022474161154356,0.6813755195080055,0.7335799060373512,0.6858455040389848,1.1356923039129496,0.7128723184847011,0.9660975410377993,0.9277513688733808,0.9023726587441867
228,0.000130031,0.8315243967302243,0.781184657666054,0.7097547051409877,0.7195318526443444,0.5864330872502801,1.436701533680927,0.8076661790387621,0.7182351953775,0.7199675941239246,0.7352869818678195,0.6897586849918904,1.1363434599898459,0.7294064770984898,1.0155580933887522,1.0213715506308365,0.9590156302091389
229,0.000163426,0.853283818641704,0.8181739204749845,0.7071004526658161,0.7101052288640305,0.5850486454627274,1.436701533680927,0.8351685446486447,0.7260534245008068,0.7529999009548799,0.7168642786347945,0.695443352451395,1.1528795046674556,0.7361663642595614,1.0442457939527479,1.0955864766973866,0.9820134777180011
230,0.000210382,0.8719979078967579,0.8526348354045723,0.7146810677930788,0.7137721106103638,0.5851502294990474,1.436701533680927,0.7985153240432579,0.705402682085354,0.7185107911273115,0.7062500368891509,0.6827488286186798,1.166482012598414,0.7111621901943439,0.9769107214101409,0.9995849585321939,0.9163393085146769
231,0.000209181,0.8869986392453438,0.8881439498446034,0.717643038240912,0.7115011889961712,0.5846428377351948,1.436701533680927,0.7691260796369708,0.6906037493698416,0.6905902619778773,0.7357043267098721,0.6697226180266158,1.2441189149361052,0.6873851714263599,0.9213043378840552,0.9243492438397121,0.8490955636142555
232,0.000199969,0.9025393532022732,0.9007867470671549,0.7175173352477293,0.7082189917545706,0.58368147913178,1.436701533680927,0.77707720447674,0.7006882874771351,0.7007836672906831,0.7315650304143599,0.6735957495756022,1.377104813377321,0.6862258880294801,0.9307643279975681,0.9475740538101651,0.8309544957045866
233,0.000165794,0.875885588936073,0.8396598642410504,0.7260956254476908,0.691003542266437,0.5817511962455778,1.436701533680927,0.803218914338005,0.7170732485399178,0.7272233018082359,0.7532097956516387,0.6840871085214385,1.436701533680927,0.6959248593863268,0.9637429966907599,1.017789167942708,0.8433369242569518
234,5.45e-05,0.8687020676758787,0.8087554236252531,0.7269992827692152,0.6936386779147682,0.5818994775266937,1.436701533680927,0.8109001657963896,0.7246517222787301,0.7596418818477833,0.7448585930357522,0.6945054876485005,1.436701533680927,0.7197560843236295,1.0088774805937437,1.0834910266122852,0.8928327297959553
235,9.95e-05,0.8879211481105602,0.8365979909101002,0.7257413660186149,0.6927698690497135,0.5806195651715026,1.436701533680927,0.8202816443299927,0.7430246947108982,0.8362901419367182,0.7207753943187536,0.722320821731097,1.436701533680927,0.7763509998061304,1.1325355866849507,1.165862542544267,1.024646207260488
236,9.52e-05,0.898006884552707,0.8640764738146983,0.7299351354516866,0.6980976548676276,0.57993760400742,1.436701533680927,0.8134856668001829,0.7676398829378622,0.9272813483317967,0.6979680195080108,0.7549359523775541,1.436701533680927,0.8416679220942151,1.330250723344397,1.1703762008812464,1.2166098340657048
237,0.000193579,0.9109103687875995,0.8946632701047654,0.7516278108037728,0.7351067282646992,0.5820658860299206,1.464582583879156,0.7566426453010326,0.7494835214903751,0.7865324268528804,0.683576408129742,0.7038598336553041,1.3779281945052235,0.7550986429901506,1.0477498149563453,0.9739085184851896,0.9824642308818783
238,0.000244573,0.8668946413874858,0.8847496071893134,0.75167998177225,0.7371346890028359,0.5847757034525999,1.165902478575469,0.6993010241753276,0.7097896215148611,0.6932143582341669,0.6726293179814258,0.6276470071381797,1.171534356049877,0.6444217361385878,0.806397910772239,0.8591641724850126,0.7678437242197377
239,0.000468893,0.8593320318501767,0.8446341202625387,0.757355937185194,0.7365046549310782,0.5869750972705559,1.1487841414735465,0.6766314470117495,0.6881188721649506,0.6354752534523929,0.629214464851674,0.5812043434788904,1.0652889883296057,0.586245769106711,0.7210444786472898,0.804946598121616,0.6761099898936783
240,0.000343544,0.8198369247967889,0.7676983103408687,0.7496174998430938,0.7215042708220788,0.5868553695981872,1.2980884146187,0.6679376252889473,0.6717510453323917,0.5841286017389442,0.6531128357719082,0.5595198089714774,1.0157495082416212,0.5533556516239484,0.6842454866565679,0.751619785465054,0.623800070903987
241,0.00020677,0.8305661877965473,0.7672839067233043,0.7430931892923434,0.7144098537833652,0.5855324318969821,1.3730099342159063,0.6494838953999574,0.6602875420461682,0.5961196202140997,0.6753033810406427,0.5780751385193998,1.0295748151528636,0.5727379397701668,0.7078455558056448,0.7243606217053096,0.6543907892911108
242,0.000195796,0.6590433157121791,0.6063510225368575,0.7070403225196413,0.66468830792282,0.5765767625636763,1.3515117850263527,0.6698513420356902,0.6727645214940572,0.6788101841613621,0.6753693561135854,0.6147380385701524,1.2370580992148137,0.6246113857005169,0.7873552496651187,0.7916787652187427,0.7413710826039611
243,0.000158669,0.6718599248117791,0.6015183464547779,0.7051860724010613,0.6662143274577207,0.5712799926625545,1.5543436399792578,0.721816816374589,0.7118372644371409,0.7679235944351915,0.6968066733562672,0.6705065221493051,1.6184281108540532,0.7089485583208107,0.9609664143301958,0.9142403440141218,0.8925772601643391
244,0.000178543,0.674320898601659,0.6189050750994203,0.7143352092256305,0.6841183719235988,0.5691727429461175,1.706598950163793,0.7967441824561299,0.7546163007037203,0.7656852919401469,0.7181838481847527,0.7182328611752631,1.706598950163793,0.7691017165984029,1.1397700069265981,1.0150701454405069,0.9954951247299861
245,0.00019234,0.6764139453860141,0.6314739739827064,0.7141286232667072,0.6866966491012035,0.5702228635440264,1.706598950163793,0.8026368000847737,0.7533350087221224,0.7198007208698333,0.7421784777438738,0.6924004623623229,1.706598950163793,0.7404230668417876,1.0478693985550034,1.0545360790816047,0.9259455738992629
246,0.000147264,0.696967654454258,0.6415762234451482,0.7193347958240325,0.6947631013827041,0.5705671761667391,1.706598950163793,0.7929855312783047,0.7426386363971654,0.7062012173530734,0.7511253857404083,0.6696346362323842,1.6224490564571363,0.7106370765697434,0.9784237472112537,1.0396881665973936,0.8740330485730367
247,0.000148428,0.6405695397444546,0.6345822812409065,0.724509123011481,0.7071004526658161,0.5765272586109262,1.706598950163793,0.8090071576103617,0.7528869533894064,0.740940181112851,0.7428167423654147,0.7031513244629733,1.2759316705849215,0.725006788496907,1.028103147873217,1.0486095526481805,0.9081964383164355
248,0.000139035,0.6665172502468648,0.6698503952647302,0.7246061772278722,0.7149042463730088,0.5801306233301903,1.706598950163793,0.8060182639292007,0.7560579405072737,0.7841628768301189,0.733792640488611,0.7411683626918056,1.1002933905373722,0.7421050861946326,1.0838397775691533,1.0309630630553483,0.9595829174195254
249,0.000124451,0.6918438077155281,0.7083499459945672,0.7290449106705952,0.7298787884382248,0.5811975407655945,1.706598950163793,0.7755004522812824,0.7312864633977421,0.7615824413845816,0.7352707035278423,0.7201698778053018,1.0339235645677487,0.7210114169701163,1.0137187806469343,0.9588378649794327,0.9320955865312754
250,0.00012746,0.714953742103651,0.7307401155714586,0.7304391636440504,0.7303814725056089,0.5825790486019338,1.706598950163793,0.7636403286187092,0.7216308975453535,0.7413697990434348,0.7260148472164258,0.7022866914539558,1.043475464595772,0.7159909081915211,0.9934195285352495,0.9370840782188349,0.9218319400999809
251,7.83e-05,0.7375728842841361,0.7608238555849167,0.7340915275613858,0.7365424114278415,0.5829618481306773,1.706598950163793,0.7862536216514932,0.7412709848988924,0.7574106788161308,0.712220471227972,0.7138007494504053,1.0858909751713626,0.7424838657356914,1.0704211293315695,0.9711068653807525,0.9709943787858624
252,0.000108231,0.7132777752525992,0.7572533286106797,0.7372785632575918,0.7409888763408465,0.5838839053190277,1.706598950163793,0.7887565939962703,0.7445957759972156,0.7368257703638771,0.7023303384486781,0.7076211079094253,1.099086928123515,0.7394710361408098,1.0679110210137954,0.9467603545268412,0.9536597137422856
253,0.000123089,0.7293759185926082,0.7782594186217859,0.7391260994504881,0.7430246947108982,0.5855185205038966,1.706598950163793,0.7503829501333068,0.7194778805101478,0.686798673046994,0.7392393280045956,0.6769107026278907,1.112320490163785,0.7018648265713092,0.9645136829368254,0.8807884358701222,0.8684440558481612
254,0.000124574,0.7526074923020099,0.8084556501784148,0.7485054053082157,0.751206827723131,0.58691968227136,1.706598950163793,0.7454790066855408,0.7170732485399178,0.6708771552129282,0.7040697260468861,0.673681449699549,1.1550868640310363,0.6945160399574198,0.9480836825221878,0.8672293358817824,0.8447803110092903
255,0.000199552,0.7749838393820584,0.841598438732444,0.7506013200555622,0.7514165625911311,0.5879490082371145,1.706598950163793,0.7832818824112121,0.7431410174936003,0.6898041730840684,0.6975464009727316,0.7004467606400463,1.1899981622277571,0.7190945587578688,1.0258955278632527,0.9058459321849053,0.8812063009391734
256,0.000174196,0.790052026311073,0.8388498713353266,0.7527794315183838,0.7522532394341667,0.588284771151065,1.706598950163793,0.7878215342153325,0.7485067262890794,0.6902108640241591,0.7030418392397174,0.7110953546767864,1.1935760537278814,0.7255969192736648,1.049660794205574,0.9168001596236938,0.8945798193374028
257,0.00011894,0.7979561726717936,0.8518548911913918,0.7553374462628243,0.7553374462628243,0.5880066365489534,1.706598950163793,0.7833772684189436,0.7368358513698956,0.684091142267973,0.695663830653796,0.7101097405910598,1.238102985106725,0.7217114052599505,1.0298361896633763,0.9278469684756043,0.8930098944999195
258,0.000133446,0.7457087962183631,0.7445905745080414,0.745207710918007,0.7678622632985872,0.586822266366189,1.706598950163793,0.8351410212075288,0.7528385628462432,0.7298432720267715,0.6926075921856816,0.747406136544376,1.3879253862485508,0.750468144986196,1.1238778229768063,1.0893723196665779,0.9570683939659684
259,0.000129897,0.7691819800631678,0.7797261355588523,0.7407173307851539,0.7484842705655204,0.5844377349910008,1.706598950163793,0.8993489087651177,0.7773064109481812,0.7742342421126022,0.6979530250364026,0.8055946835122887,1.5323443709415303,0.7851459322042386,1.276586498275237,1.269438337491021,1.0367868252892056
260,0.00012981,0.7835484449504551,0.8070577899958942,0.74474536544472,0.7512508975443992,0.5841976743195076,1.706598950163793,0.873890061608386,0.7616756843070129,0.7399644593097844,0.6877127921857114,0.8028747106201329,1.5414927768207025,0.7690042875908981,1.199740317917808,1.1544756684192448,0.9949207124991858
261,0.000150635,0.8024837366810624,0.8214053457873799,0.7419982567219604,0.7485159733509584,0.584477983531431,1.706598950163793,0.8330025408169379,0.7477061749381885,0.7250740219176369,0.7086737257421283,0.7741100076563184,1.6131130616527578,0.7507252365188831,1.1105904895986518,1.0879984861477743,0.9449903287774913
262,5.6e-05,0.7768083303577774,0.8165844501421795,0.7443501246770104,0.7472930579465777,0.5838933110341146,1.706598950163793,0.8860264100780838,0.7869788256800168,0.7947980864106268,0.7218144470781686,0.7945988869109687,1.706598950163793,0.7935720701676212,1.2411391588362282,1.2362717046509955,1.024934367770734
263,0.000126131,0.7998611305672195,0.8515298972236274,0.7504295374733032,0.7379561556907546,0.5852682848601053,1.706598950163793,0.9612404751883908,0.8295393492000889,0.8534580450918381,0.7089912140642696,0.8203164185298121,1.6131130616527578,0.8361556799279634,1.4201766213070917,1.4156866428822934,1.123475590465811
264,0.000152159,0.8206121778984826,0.8835065480774298,0.7603055444377125,0.7346716621012487,0.5860858970436319,1.706598950163793,0.8809671404219322,0.7977737815899968,0.7869343050973244,0.6963754530644327,0.7728927576805291,1.4745798506793628,0.789611235641526,1.2192846431511577,1.2014793454892465,1.0162880300428225
265,0.000181232,0.840380584824881,0.9185772879341538,0.7824989162402406,0.7548058755740998,0.5872409251847712,1.5058465048420855,0.8066408358110424,0.770046402384472,0.7342436019068763,0.6956373197821001,0.7233558516285249,1.4518850627581634,0.7481371246043202,1.0688790904859233,1.0349347029000928,0.9155961365871718
266,0.000149332,0.8528321103122318,0.9117424345581588,0.7787602974948484,0.746008102094084,0.5877691888196629,1.706598950163793,0.8562009426382431,0.8075666208036796,0.7995260535053349,0.7054458068070172,0.722062164797204,1.5244717239243188,0.7711953247425362,1.131904655231647,1.137412672434188,0.9433967721681019
267,0.000172329,0.8278042168295187,0.8385581042453701,0.7770934640587545,0.7432082511189769,0.5871650285958668,1.706598950163793,0.9009825129474909,0.8484657028268515,0.8649210748099266,0.6964020484201378,0.7385023679864011,1.5004971220211456,0.8001046477298207,1.2204053199305889,1.269438337491021,1.007502340989507
268,0.000133621,0.8397419252922723,0.8336989383766861,0.7716609674303413,0.730494412652832,0.5854907006920953,1.562690769794985,0.8633539168685036,0.8310647660045526,0.8276541603879765,0.7064443057604612,0.7276901682962613,1.4626074210332172,0.7804768372358717,1.1392060769422776,1.2019604095641552,0.9778106258132246
269,0.000154379,0.8607608111972714,0.8692994725724108,0.7760593207202191,0.7386432363459058,0.5861055567900852,1.42470959364246,0.8436923478329901,0.8261562940908364,0.7981418920655425,0.7130595421393442,0.7294566013640047,1.5036998943354634,0.7718578899028591,1.1136276596290686,1.2050904485958591,0.9510829305947541
270,0.000137721,0.8819249528552062,0.9164993148506064,0.7706396829674032,0.7305951208691729,0.5835474798439162,1.5145258072928476,0.8754858125966941,0.8544152547301961,0.8263926329689064,0.7363574600544166,0.7514579959801527,1.5699535080852072,0.7837060871553039,1.1640050692475277,1.2851920530477352,0.9588323114087346
271,0.000118614,0.8913121151226951,0.9055791317598779,0.7748401932923361,0.7372444801628014,0.5833053882061511,1.2733224006341355,0.8205251566429386,0.8232779413233258,0.757101544428463,0.7610195369882465,0.7304453018037571,1.4007333357921807,0.732551195733234,1.021492399168112,1.091631307697932,0.8641821677622192
272,0.000140014,0.9103798963117531,0.9385754775773418,0.7725599271563813,0.7366645305194248,0.5831379146490339,1.0207813523633276,0.7406469314036448,0.7651922688316076,0.6758745115102966,0.7347741081244155,0.6862106198023452,1.2919314388110619,0.6673077234620054,0.8619848274512575,0.9149391996075807,0.7565212313861609
273,0.000187233,0.8841198029000665,0.8691794793083737,0.7758547524060203,0.7410721930713261,0.5842196570979028,1.0300116973685118,0.7332679815368827,0.7748211441988642,0.6684432094201672,0.7364920707224091,0.6738423461098587,1.253455289836689,0.665295044672686,0.8598562258988944,0.8980137280133116,0.7442488156179018
274,0.000159046,0.8580098115048577,0.868817731587711,0.7791831548741026,0.7400563679923213,0.5846554277568974,1.2096030604741073,0.7672042359188951,0.8269229114314761,0.6898186484553476,0.7424580800320143,0.6855763631904962,1.174917146956365,0.6974790556385272,0.940283447086994,0.914510057010395,0.7800354253020232
275,0.000191704,0.8716931310278868,0.8734762157682874,0.7777520950993022,0.7370552156725735,0.5856772957553885,1.171134429436527,0.719514251700791,0.8001675790404251,0.6487051374515392,0.7225583663220433,0.6634761178039777,1.0617235093971333,0.6788101841613621,0.8942349869030077,0.8260337620506325,0.7488226414417555
276,0.000222294,0.7794127389976989,0.7404307388379073,0.767298136264674,0.7266110702293477,0.5843289797570537,1.0371521186503725,0.6514318066181901,0.7396736408986081,0.6155952797232214,0.7184593848084488,0.6347932859941195,1.0234216985384337,0.6447017904175182,0.8122151458177613,0.7503377021674016,0.6987436929487157
277,0.000282581,0.7987527978616609,0.7576941565383585,0.7681290894912722,0.7314072188623677,0.5840476296451634,1.122944412132175,0.6525624266990631,0.7452233545465482,0.6515075792642465,0.7359729056927099,0.6566944331611518,1.0181812861022954,0.6653265847838314,0.8473040504433269,0.7649721995192548,0.7199628918801733
278,0.000345353,0.8096717963520238,0.7520535219702937,0.7608224683125673,0.7156096668074704,0.5831797695144919,1.336974864199693,0.6889867616636005,0.7773641141972303,0.7161551451264009,0.7301373571491065,0.6937711747261699,0.9837752333726345,0.7046079514566315,0.9310082616288938,0.8246259013705849,0.7791459038615189
279,0.00033897,0.8324114279302725,0.7911322833882616,0.7513497489836426,0.709464310564588,0.5810133399197676,1.221971424746676,0.6768677177197,0.7543186857157101,0.715263611678296,0.7238141099102531,0.6706566020225807,0.9318660911230126,0.69248203677352,0.8956642410636257,0.8309472663986666,0.7871877127168868
280,0.000196364,0.8387959551191271,0.8117497103690335,0.738902339897153,0.7051264292757877,0.5776690860857624,1.113314561917022,0.6629514225564594,0.727980442053633,0.7147167163187778,0.7356779866683482,0.643312705224585,0.915108129133883,0.6785118439140709,0.8589644681062812,0.8532994750818965,0.7822831824394109
281,0.000200412,0.7043931737613485,0.660489850620384,0.7236887184031461,0.7275190816916494,0.574521652098618,1.2083173052993823,0.6791089182938064,0.7368597954176195,0.7552234437152682,0.7001308785962953,0.6575104144571224,0.9027756618997997,0.6886213134038465,0.88963728979443,0.9334223263265563,0.8023779461629832
282,0.000217532,0.723365389800044,0.6670962815903436,0.7127616519269007,0.703652323757559,0.5706988694917773,1.1355354549895178,0.6522248076747473,0.7027683497741368,0.6963073828359703,0.7163831822329384,0.6418167690189297,0.8527168538856893,0.6406275048177759,0.8107205054845226,0.8416322392994098,0.7265494488363942
283,0.000416933,0.7392393280045956,0.6713513198323443,0.7221784073825369,0.7051584579616716,0.5706608153871893,0.890447944007316,0.5720644721426197,0.6252487079451264,0.5530905771889777,0.7155115668622816,0.568541859413272,0.7906274047474812,0.5542566528755558,0.6623950094587449,0.6476953869053533,0.5992245622538455
284,0.000760039,0.6420642554108269,0.6482249818670611,0.7203994174037809,0.7076568266182628,0.5715438716224114,0.8416679220942151,0.5377224741636468,0.5965605164009908,0.4970080462428037,0.6324494731967444,0.5242893407874042,0.7715191608116042,0.5148278068237042,0.605563947014238,0.5712717706855617,0.5388756446259264
285,0.000442251,0.6411880927602228,0.6183971555602774,0.7182480338966134,0.7141378010592071,0.5725728976239238,1.0236716554895076,0.568478191939238,0.6347256126930706,0.5108293179851578,0.7090731795998975,0.5325283838822574,0.7709079728838578,0.532622122753803,0.6411573716143473,0.5893316244155399,0.5504669200747948
286,0.000250315,0.5868636462815611,0.5373785017837727,0.6937459313844492,0.6605515781349184,0.5706520347517342,1.2502480230177264,0.6368067588446602,0.6904502472955466,0.5611702497090582,0.7348203478028025,0.5619718928146997,0.7832016640201682,0.5837121742019052,0.7309417770742015,0.6678784962042794,0.6109296800572209
287,0.000234243,0.6121262230069833,0.5646095183818287,0.645316319162012,0.6066229705914997,0.5625547744058396,1.1417855417213578,0.6884074615952741,0.7163600213221792,0.6598472796431305,0.6950347506671264,0.6040114415153671,0.8666607907264249,0.6625955965863585,0.876224452327163,0.8650882530486005,0.7297024821137144
288,0.000155447,0.6268478724032326,0.5636989147471223,0.6521199551231608,0.6266338379793024,0.5568181802794538,1.16368725215785,0.7752508227815192,0.7760519593419184,0.7922749389979657,0.7181663459768638,0.7002941751869473,1.022949307469913,0.8504331185193227,1.4210797543848939,1.2554950072813624,1.0162814172222057
289,0.000169554,0.6058999887409496,0.5705677612687262,0.6605897125996532,0.6427122402061906,0.5573557025211996,1.3673379893185416,0.9381616418510126,0.8844835741321426,0.8645218704193299,0.8420043145246886,0.8089104372844543,1.1477159040899152,1.0926448455349291,1.706598950163793,1.706598950163793,1.3689513680382595
290,0.000169045,0.6295623776946475,0.5983622762347145,0.6600799835427218,0.6397176154318827,0.5581241082930082,1.1642137782835262,0.8623926478184781,0.8775136008792873,0.782449115675627,0.832909698259118,0.7341139588177822,1.1036910442492673,0.9278595495708625,1.706598950163793,1.4745798506793628,1.0421573288834238
291,0.000195875,0.651047254674058,0.6277739991302582,0.670679407783124,0.6645523674551335,0.5605783385499767,0.9463356024301776,0.7732405814509511,0.8326513589081538,0.7218796112322329,0.7517348398903161,0.6385842515426446,0.9836522912664506,0.770721871076118,1.0929038114122651,1.1467408832026007,0.8289860786044646
292,0.000207387,0.628246024681475,0.628221031366461,0.6833209839556131,0.6906213879209907,0.5728752878517278,0.9832208595459252,0.8335182907250754,0.9060520447404031,0.7669923754758354,0.8065747120186532,0.6472909254343786,0.8622754916451327,0.7860439472812571,1.166747087481269,1.263678315319703,0.8483272060778649
293,0.000235289,0.641364201803327,0.6200222629190658,0.6890042766041485,0.7007858354664162,0.5791533742990921,1.0501018733553045,0.8732223174727259,0.9845198671933064,0.7857901139093719,0.7797724308904861,0.698528863442801,0.782607605032279,0.8132500607904444,1.33547180035834,1.2257188468397286,0.8885701665665824
294,0.000319178,0.6521706275418819,0.609638039221701,0.6874189356655955,0.7027508573135605,0.5800457694471257,0.8463151373891067,0.7259931501960478,0.8360801886068867,0.6549794730308163,0.725648669441092,0.6650808761448322,0.7431991993757162,0.6971650351201112,0.9512238807616565,0.8810166802107287,0.7430893117347974
295,0.000295872,0.6661221345532392,0.6303664293909187,0.6855185139121769,0.7060126914949392,0.5809163649222762,0.7314503603134668,0.6367034751892499,0.7413402789912474,0.6024852819235429,0.8019145888279688,0.6321325568779214,0.7691060157899186,0.6412512095082312,0.7993184527403782,0.761275121502063,0.6690970930435519
296,0.000299457,0.6650011952260098,0.6070277043407676,0.6788417150230202,0.6946648787360568,0.5791662249485197,0.8051109386754923,0.680794317596675,0.8079850130020981,0.6928735765656572,0.7058187783841187,0.6887972736173729,0.8522952965028824,0.7172115012528992,0.9395249408212359,0.8548931008009558,0.7429226341617278
297,0.000239497,0.6426244470680406,0.5625979606793933,0.6656803266095255,0.6730063650200331,0.5761455408951869,0.9976150591263853,0.7768851230539362,0.9266265230915046,0.7855899731310362,0.8007087551646631,0.7627022244242881,0.9173054684293076,0.794213560973884,1.1776291465447473,1.0719077830443549,0.8211610492094268
298,0.000158479,0.6621086415532613,0.573705620173362,0.6619103232041016,0.6645320297977686,0.5732327371549363,0.9927038349914075,0.7552370127403981,0.8741424389165505,0.7208343782511003,0.8700598941395461,0.7148455554585192,0.9457808140090953,0.7402300667615305,1.0320659398581393,1.0339514182996505,0.7634440207686223
299,0.000213309,0.6692027988667528,0.5662986824551448,0.6563209732535844,0.6600410314984099,0.5712917389598168,0.9717739346191114,0.7299449362644944,0.8296832371749445,0.7196363114844244,0.7906087240968189,0.6956945870625318,1.0041495358098997,0.741135019650295,1.0164070828920668,1.0181181178197358,0.7630336659802053
300,0.000165167,0.6812509932101188,0.5853857798192158,0.6582872077155347,0.6657974363067556,0.5708288963198647,1.127933095537642,0.7716464937847469,0.8782552554534859,0.847914042684796,0.9190097395596786,0.765716402699914,1.0152843602709996,0.8477163223508128,1.3476403597572564,1.1239046538409814,0.8758030505615058
301,0.000282371,0.6613073254423735,0.593960729666896,0.6665704208463431,0.6783062871614123,0.5720756771422117,1.0458996869220494,0.7296523071478608,0.8361243761669839,0.7869788256800168,0.9078356250482782,0.7684319243215749,0.9017322082563716,0.8078371732358948,1.2212593335125075,0.9262908677914911,0.8341830687590828
302,0.000267888,0.6754256442528719,0.6180570053355048,0.6670822549495652,0.6828822029729776,0.5746029091002092,0.7994713213267881,0.621125896057894,0.7187083407590179,0.6461746898066989,0.7845307094562108,0.6612909279700586,0.8124093136835789,0.6610851523401894,0.8327532105059269,0.7388947153122019,0.6777044621025626
303,0.000453251,0.6780154831212578,0.5987513653645136,0.6776181977566452,0.7047126579405607,0.5768184282158378,0.7704436911832143,0.6074057170521407,0.7089923366878118,0.6323881230524658,0.6832586797855311,0.6110626023041907,0.7837212500743942,0.62893921397103,0.7734197701120188,0.7300392892787008,0.6444065629008683
304,0.00016348,0.669132008176479,0.5713375564432812,0.6716784884136873,0.7048185140307752,0.577303278615185,0.9128546120449197,0.6744204033389778,0.7894438045466645,0.6947145129309912,0.8086587935481521,0.6169281981729219,0.7598159250379132,0.6668756982708915,0.8739678546346757,0.8195159952980973,0.6829755111899997
305,0.000493723,0.6659825212331888,0.5862895664204941,0.6703062560571645,0.7015633379960696,0.5768988493869358,0.8975965630105907,0.6405620882336562,0.7550620284319548,0.614405348723481,0.6878285952336475,0.5917637569523762,0.716591731571193,0.6210760832352586,0.7979337670287198,0.7400104093704344,0.6333870807244115
306,0.000866753,0.6395931279601045,0.5467029124343654,0.6469213314296459,0.6739773181954644,0.5706549615851838,0.7378511077398934,0.5499873163387643,0.6500542322239776,0.5265427476814586,0.576894615855085,0.5300727533064707,0.7222519776103766,0.5446098202957982,0.6547866058832615,0.6197079110485022,0.54776527938531
307,0.000378797,0.6645126183211046,0.5757693903335911,0.6669495132364694,0.6981994853293708,0.5715762204712269,0.7372116638719017,0.5341195891377399,0.6424289231465723,0.5097106311904722,0.6725679759020095,0.5277609531000731,0.76182466569332,0.5409125428691683,0.6455399121060008,0.5964087644819054,0.5346103275186125
308,0.000407461,0.540056607855204,0.473363804789541,0.6387221041732137,0.6509525263631024,0.5656408089618123,0.8512149887800512,0.6151651112184051,0.7311583801338335,0.5941390262545134,0.7198723916415961,0.5863949740987436,0.8468675069544097,0.6036043941318777,0.7555601715385972,0.7054380658899528,0.5947424617816689
309,0.000365316,0.555993418345437,0.47684181010046717,0.6067784333270998,0.6083205166493252,0.5545486545181184,0.8245234710484545,0.638822267414759,0.7800742993123823,0.679862926747235,0.6951796900843328,0.610644728651313,0.937813299375468,0.6551512504903887,0.8520282436387098,0.8977856969369373,0.6659741472253004
310,0.000538419,0.5814042024265644,0.510007894572753,0.6309424158026258,0.6341729529148246,0.5495601936982458,0.7363838731491058,0.6047834125384572,0.7654633842817951,0.6004557796121283,0.659162369723335,0.5960128834259472,0.9558143964676096,0.6614102930020286,0.8502336311322954,0.7852099740931084,0.6690536926609773
311,0.000521261,0.5861017515234662,0.4987449910060808,0.6271040712374563,0.6243244975876218,0.5539645765173948,0.7619402909203943,0.6281851087014686,0.838385417575489,0.6078962096469538,0.8063103793693273,0.6139084184043563,0.9410621694107179,0.6869650695934841,0.9006509375190132,0.7979657756680533,0.6699289909184537
312,0.000345055,0.6102348691507402,0.5269400431171296,0.6231747868673676,0.6177924191263903,0.5503812970637793,0.7730571514124992,0.682311148202405,0.9204654946017364,0.6975153983165302,0.8788319743805623,0.6252448581736013,0.8883448357000642,0.6958728424235283,0.9023356280727545,0.9252187180077959,0.6857926664981863
313,0.000237454,0.5737835560907066,0.48243712638834246,0.6065786750426442,0.59770202387607,0.5467595396063827,0.6488969822593867,0.6547981023584093,0.8055815088448495,0.6695429072086905,0.8481407273680825,0.5951524153992174,0.7991463793991093,0.6338767047498148,0.7670805108466094,0.8642268961096179,0.6525878130387447
314,0.000289834,0.5892858526626763,0.5014706758079805,0.6067298823553993,0.6039982533183385,0.5543650261083668,0.6009391845757993,0.6039947828837494,0.7321824620941271,0.6250847706614064,0.8531116546588249,0.6090465152144554,0.7540052183345073,0.6281874512961297,0.7503762955072865,0.8167182683528239,0.6576241601256347
315,0.000194171,0.594143650894232,0.5188618316549243,0.6127231515741269,0.6175823302114907,0.5546824637369847,0.6981876921525964,0.6729382001779701,0.8428517786042717,0.7154434976751006,0.8420287609729057,0.693112595375695,0.7717507222149498,0.7539782135775995,1.0063253631418767,0.9130943222009477,0.7844166563943777
316,0.000382242,0.6194299695890708,0.5532665398360257,0.6203619097638453,0.6331271042404047,0.5590618521528814,0.8794226851406719,0.727804293111259,0.9542996602829139,0.7331760956523088,0.9665750754523151,0.6971276799700535,0.7370110749280092,0.8275148953062337,1.2393243721544889,0.8861162564339357,0.8264797563295637
317,0.000247546,0.6374405718500873,0.5758932881511,0.6174844114811291,0.6341472455671459,0.5601083698554966,0.8455333500364576,0.627250944848188,0.7975755332274154,0.6265059872826803,1.1177397126499962,0.59674585086601,0.6890424019749483,0.679107931723798,0.8547337297072981,0.7100071200723017,0.6646198648800294
318,0.000184115,0.6571033844384374,0.600030013051808,0.6294649353552774,0.6608668397232137,0.5658895260463284,0.8414501399431107,0.5891891868324325,0.7132366269856234,0.6060072196769295,0.7689641805249501,0.5820031556155801,0.6662264364402148,0.6222475861038785,0.7478128545463377,0.6831712816949954,0.6081468613526455
319,0.00027393,0.671702353226178,0.6006570565344524,0.6208339825562593,0.6577227277187505,0.5692883616847475,1.046982556040828,0.6549361073100456,0.7476600929350213,0.7346729111849077,0.9732109136692215,0.701337204691724,0.6620035197687366,0.6869415829972438,0.8826496980347907,0.8266932360883408,0.6790309925079931
320,0.000217229,0.6501953196464079,0.6030841301103748,0.630700451515014,0.6654732124159569,0.571211291337723,1.0291487889155195,0.6256317304366181,0.7083331529297565,0.6734889109696884,0.925983087140039,0.7632884842432394,0.634298321021258,0.6822741292321228,0.8820805683639203,0.7712950343550989,0.6887653643872237
321,0.000398855,0.6750881263553397,0.6357567507449824,0.6376176929807476,0.6718818981431902,0.5720603441508406,0.7796514830411883,0.5287495447042488,0.609110573153797,0.5210104892102811,0.737470526709371,0.6146070917177654,0.6133022089869247,0.5712981997321626,0.667534357729214,0.5952580260860308,0.5707486440403651
322,0.000719696,0.6951437112588928,0.6480525924376637,0.6323108632116226,0.6668411351310778,0.5737633253960712,0.7523216356630338,0.49833555443043887,0.5900058964215416,0.4880513176316857,0.6379740144989238,0.5398235600160773,0.6124125308912105,0.5267221789040332,0.5985803699158105,0.5586170978424736,0.5179796599986346
323,0.000410898,0.7081462707747912,0.6673620197330852,0.633859055369135,0.6754450572195857,0.5717044935982017,0.8329825133255023,0.5163778683475984,0.6223386773867158,0.4993502561989941,0.7499095827594334,0.5270631429851704,0.5940861808975301,0.52258082793084,0.5948034368090022,0.5569079313652274,0.5104836777806158
324,0.000521561,0.6560237308543564,0.5949267697154853,0.6202521398050704,0.6738837931934012,0.5719288848782648,0.7098989092730439,0.4854254714951676,0.5767549615693472,0.45602468585206074,0.6964967526252239,0.4906502781094635,0.5588847028112576,0.4788164610977658,0.5342684461476619,0.5076722647964231,0.4725310545900702
325,0.00110725,0.6121320030310431,0.5346801307679847,0.5875837829529172,0.604746485348579,0.5628690834505187,0.5822392764984692,0.4311440569687324,0.5119592070904053,0.4186471036334034,0.5599434962201645,0.45493644492629315,0.5631878587138494,0.43648982125718816,0.4773268439059248,0.4699886040142873,0.43369481681772987
326,0.00044984,0.6240433629709491,0.5556472449159631,0.5957882564935447,0.6283647836780656,0.5569585374693553,0.6000865027031989,0.4338997580403433,0.5158815372009277,0.426185926230984,0.6785453014452663,0.47640524725230715,0.5952028889655767,0.4489797774499872,0.49355382496564754,0.48001985126660957,0.44515810041629533
327,0.000789055,0.6488221167290239,0.5827335738980268,0.5830099072027217,0.6076585894027816,0.5542003453538967,0.7213410562338013,0.4814146616033438,0.5666812107265791,0.46540724829733826,0.636118878620627,0.5256625173180487,0.6215664304939026,0.5007662766972747,0.565046019020454,0.5192058237663244,0.49509634257139523
328,0.000436887,0.5985587524681556,0.5775149132849027,0.5398453644616085,0.5659363397780394,0.5389747488283305,0.7407839086657799,0.4779684113806182,0.5695675312511799,0.5036597872807976,0.6756898041072739,0.5113579421400534,0.6450895759214141,0.520185600085008,0.5909338856232375,0.5595082221915555,0.52306520852827
329,0.000388476,0.6234906293813415,0.6114914182182319,0.5589088996205629,0.5776775873899713,0.5330500477318043,0.7076612918371938,0.45708978556990343,0.5491017276821344,0.47026255797740796,0.6440747058425317,0.48430876769615366,0.6307913531517458,0.5067044139032317,0.5705215437568574,0.5188151965414373,0.5115526464358173
330,0.000989275,0.5697993210635619,0.6021328796730664,0.5418632484022444,0.5781798296384483,0.536333035817762,0.793054653199622,0.4869906359781165,0.5754239817110498,0.5025538591815795,0.6705283629536937,0.5060998096436286,0.6149020229877205,0.5218066409961841,0.5998320849150012,0.536922522349116,0.5192613846918723
331,0.000588299,0.5935202996089765,0.6290144603734216,0.5600054450714154,0.5926325359083084,0.536430743547378,0.8534286736055938,0.5000388420256402,0.5974963107965588,0.5305382991993113,0.7384554297737509,0.527175252718236,0.575989574671988,0.5265698806330308,0.6149576903808264,0.5411045793190348,0.5272006372791322
332,0.00039497,0.5514029684910468,0.6154792068757353,0.5634761780479951,0.6011560030962018,0.5352632118515473,0.6986856694492606,0.500293458151032,0.5663484588819249,0.4864792009375572,0.724182301347,0.4949182969468914,0.5421581732895477,0.48772390693406065,0.5547055811624703,0.49876609513928555,0.4945993654540779
333,0.000330616,0.4927378256521978,0.5102006418804457,0.5356171720606784,0.556006412438471,0.5411260402458645,0.6597016254793285,0.5055706189616374,0.5604224749678359,0.48837388474327975,0.955929943632333,0.48743034719298056,0.5460714265835092,0.4822144508524588,0.5520997975829839,0.5482733499546838,0.4913105475885509
334,0.00070443,0.5122075035822471,0.5173608844064955,0.5448119355887704,0.5696216678652165,0.5338093105599915,0.8178135852173729,0.5847631056593837,0.6333854798896535,0.5221408323793663,0.593210345151494,0.5240810943822664,0.5765622722819473,0.5323339265990907,0.65289005040175,0.6453857436090134,0.5356200762760046
335,0.000495571,0.5042253895435858,0.5225713877894663,0.5586028217311527,0.5790298069618176,0.543391725693978,0.9460900948590919,0.660419974175559,0.706626509036106,0.5059594000583707,0.756981275863618,0.5688489209957822,0.5803029051236741,0.584192650032856,0.7623740059323889,0.6473532981623089,0.5697649423958917
336,0.000315662,0.5283760230930848,0.548629321537303,0.5652052045323965,0.5851571719545838,0.5479797409111579,0.7392940525828245,0.567640357017462,0.6767720080291687,0.4843509972365793,1.4139025380236458,0.5613189385283066,0.6001314335743508,0.5894025594663619,0.7276743893025855,0.5713698702710219,0.5622241963147825
337,0.00034429,0.4742184405546522,0.4648272207734317,0.5426709219305869,0.5602418138292643,0.53942905901841,0.689814512541994,0.5756413664472132,0.7381879260447555,0.6497852954831894,0.6848021950183792,0.6425559098213434,0.6840276190471684,0.7277314412869778,1.0082699177019718,0.6887602181525069,0.6699479337669415
338,0.000332407,0.494701539495184,0.47668068790381496,0.5526083416045949,0.5694028878538804,0.547635895505365,0.8196911587330286,0.8025048998064294,1.0771012238029567,1.706598950163793,1.0208751791068753,1.12854834991304,0.7399465921532445,1.706598950163793,1.5255889624208718,1.706598950163793,1.3947123479262051
339,0.000247293,0.5184754919587473,0.5025466626776429,0.5624723554926402,0.5871101972745394,0.5534634970971484,0.8227037677126859,1.2845239001286235,1.5773184594165761,1.1781645308266857,1.0877105598370431,1.706598950163793,0.7492793758679375,1.4121251614090042,1.0377887913974424,0.9594437833080852,1.2381508146262703
340,0.000354891,0.5430761154153033,0.5345573915622926,0.5599634061088221,0.5826581651484855,0.5565068359043955,0.6826686410739351,0.8469363900172184,1.0509783888266793,1.4413951153889064,0.7522250817026507,1.706598950163793,0.7395958923415811,1.706598950163793,1.2939740194363865,1.1641740155259654,1.1957674239542286
341,0.000265161,0.5506772073663206,0.5195893808724162,0.5611407487528665,0.5882886190963073,0.5542620163918213,0.6785866381707889,0.6487679199319425,0.8891276022990745,1.706598950163793,0.7743629243530876,1.1511217386946528,0.7119145382492958,1.3272946069722635,1.706598950163793,1.706598950163793,1.706598950163793
342,0.000284761,0.5705379233622078,0.5435808502423464,0.5705946779061131,0.5960909290676031,0.5629409995185862,0.7312495093945856,0.5355508719956218,0.7612765112519738,0.8203720664495929,0.8767610836328489,0.685250771264092,0.6013552451336789,0.6595669134298362,0.7780887166075594,0.7657602470259465,0.6847728606948925
343,0.000251449,0.5743759538428754,0.5554959972331134,0.5657628447079177,0.5920727557861832,0.566784993401727,0.6271584568404479,0.41515072872468645,0.5460262942550941,0.4808750340270658,1.6065423090395996,0.4413532816428925,0.5121190567774685,0.4219299086134145,0.46921971199169366,0.4578385720080672,0.41754597224508505
344,0.002542634,0.5979301699684291,0.5767289765121942,0.5701749780935137,0.5996839371148914,0.5672449602355477,0.5495633306751879,0.3530936750065932,0.43549751018388777,0.36478394485656374,0.45686883889951674,0.3508298098622168,0.4739455670073289,0.3348023036878657,0.367453613509646,0.36478363904975536,0.3300500708343016
345,0.000288833,0.6161523133786352,0.5822647698790204,0.5692546564859572,0.5988304918814338,0.5684052900172805,0.6115202301473652,0.3619774025447984,0.4139776244207728,0.35883796489360537,0.5913653214182616,0.33841005097827026,0.4772052755492795,0.3294104693889551,0.363725279784526,0.35808856453246496,0.32526435561423866
346,0.000285734,0.6317247711759882,0.602994327162091,0.5739722806133031,0.6183196978347383,0.5706871597256951,0.8088187517716406,0.43221896228758566,0.4732983318778146,0.4086806273894968,0.4983160640327888,0.3964032633533704,0.5069110807386761,0.3996733030771014,0.4443472516441214,0.39844938337558167,0.3968013847697169
347,0.000449379,0.5074733108113196,0.4767591804326589,0.4634223220032329,0.6471918496820778,0.5290464142455454,0.8165055625383131,0.5090220796898073,0.5629893336117281,0.7291694437821414,0.5356834967552567,0.5458023368621945,0.6521444161953996,0.5611674664012114,0.6825624360835678,0.5928319518031271,0.6140659044799385
348,0.00025788,0.528420171790373,0.4919926205549052,0.5230534882801198,0.5663713490005331,0.5198724066954554,0.7644777369856376,0.5122015774838049,0.621597446763994,0.874239241542327,0.7309971402202562,1.0320209258350181,0.7936870143211837,1.706598950163793,1.2872027849990777,0.6401840585829002,1.706598950163793
349,0.000455062,0.5340269764656856,0.5063306781077637,0.5256927177355093,0.5637395433227554,0.5287411631849049,0.8582008863883499,0.65455503669546,0.8227178004408046,0.6959885695161266,0.9598140137422275,1.0294510756157118,0.9336119572482581,1.706598950163793,1.265589601990944,0.6813954500533701,1.706598950163793
350,0.000194628,0.5439860585940828,0.5208408357333897,0.5265197569377922,0.5790090162747517,0.5344174276845697,0.9363798306743536,0.6725536012796627,0.7874413653002517,0.6920744527640869,1.5910944280431316,0.6128130227971889,0.859176159177618,0.7371725424825195,0.9090589423323014,0.9825777632425864,0.7046509305762421
351,0.000571779,0.5554690017129168,0.5153452413043869,0.5349837316421785,0.572485406281766,0.516007866144138,0.7709570454251256,0.7064054391611455,0.7317809537878541,0.7082402528882046,0.8443590319037182,0.5143860810958373,0.7202710836052829,0.5552596501602602,0.6421076158196075,1.002463422871834,0.5662855253632515
352,0.000352085,0.5366151238867765,0.5208844578031965,0.5572979000771789,0.5019858876541605,0.5639185264548209,0.7528520037278347,0.6742909591954975,0.6700824742128998,0.5030776340688894,0.6217321566229985,0.5062280763082341,0.5721087062346779,0.48536459029108936,0.5803379955814973,0.788192999485137,0.5001865981546612
353,0.000222946,0.5612598943644703,0.5523592024819438,0.5722231727015966,0.498888473738741,0.5656562016421134,0.903739031441362,0.6494096892788843,0.7491959098167857,0.596098268268887,0.6872736824674843,0.7079438887956985,0.5634153238376726,0.6379020482768243,0.8371038217564101,0.6958229595601144,0.6617687762952191
354,0.000264234,0.5850126936071234,0.5755963079389741,0.5515112613051728,0.47883548091489814,0.5597947922999149,0.8566006047961132,0.6716899432062279,0.921590215396565,1.6091609616480218,0.846991891376637,1.2066259269814166,0.5877864596774686,1.3071392881906374,1.706598950163793,0.7281506383110852,1.706598950163793
355,0.00027197,0.6094390093735155,0.6061257305054673,0.5701387800291395,0.48635268088493266,0.5618858181634733,0.6587819840364342,0.5907980781124338,0.7661948542929211,0.6811743189841781,1.2441735117537398,0.6047750510728669,0.6284546790006029,0.7582785484313888,1.1717927542494055,0.6960586708725233,0.8033397352294258
356,0.000320547,0.604378280495546,0.5686553563114546,0.5815931131103744,0.4933577667515916,0.5613863607798748,0.6433135438688645,0.5964328231390693,0.7186089611122438,0.5533620565244831,0.6111999266112637,0.531014506835847,0.7123195005337658,0.6068199571712971,0.748708918793493,0.7584557790744992,0.6176172064616663
357,0.000222308,0.5797288192908422,0.5261486435869109,0.5847442104960554,0.4853757561336931,0.5679124921229063,0.8066110780920291,0.6992913294273265,0.8341940399679805,0.6278067334850024,1.0860523463670064,0.6323522773368446,0.7866688736850211,0.680557884107244,0.933624774317109,1.1313477525385358,0.6960363635978727
358,0.000283175,0.6041225342956914,0.5518344055933583,0.584281222081848,0.48635050661813345,0.5639908455774751,0.8998350730958856,0.7147213165171238,0.8411800247283365,0.6798886646195328,1.6292177510810018,0.6524644107130392,0.808284263026433,0.7216510219481501,0.9940532200429535,1.1405637219781113,0.763030867196995
359,0.000311921,0.6291422843760087,0.585422432508021,0.5921872015553641,0.4905357201424864,0.5692732517173569,0.8093325926020527,0.6153257682964365,0.7140552136629704,0.5879803815499792,0.5775355434333057,0.5723973642838908,0.7789597289053694,0.6335320065449688,0.7879725231112744,0.8292859287876558,0.6676327626345591
360,0.000370624,0.6517359279630871,0.6137670758140945,0.6034832018484785,0.5003183099558768,0.5723312117994115,0.8872713494261589,0.6137139154739081,0.6890939328027664,0.5820547048667573,0.836882177102071,0.5673133904711314,0.7911276041487423,0.6118583541211453,0.7556104477789528,0.7924818017539322,0.6416020129625621
361,0.000179377,0.644616554542703,0.5817040677882184,0.6002880897565147,0.4956189789245627,0.5713258073196983,1.0675850823939597,0.6653247293590019,0.7141297704714189,0.638571947612041,0.8839935681625739,0.6531154684580772,0.7823857468884717,0.656249740672456,0.8422996949013177,0.8096182974928218,0.7024602363920346
362,0.000195818,0.6133661654947713,0.585528005437081,0.5988047892311473,0.4968202050577229,0.5703706837504183,0.8594599907578259,0.6053500120232845,0.646772989194518,0.5897459890375518,0.674960234623618,0.6459105375027937,0.7497927086273576,0.6231267659421506,0.7587830891413935,0.6878193698378791,0.6740284359388291
363,0.00023764,0.6384842001999547,0.6200395323642652,0.5939633699265373,0.4956492774333293,0.5677879071555031,0.7499401384175809,0.5641542309785361,0.6023165747620182,0.5439804808335079,0.7133395110086498,0.5864737494709544,0.7787498836455286,0.5779778024707858,0.678115650381025,0.6379723786324639,0.6174250894588545
364,0.000401936,0.6623785309461616,0.6426177595419245,0.6063566405004364,0.5033859357439849,0.5709173887925643,0.9612740497771257,0.6460803731781327,0.6691848631002763,0.5959935435201004,0.6428151293741041,0.6209727221377047,0.8310249913270901,0.6420542504100407,0.7964973529333198,0.722336255010796,0.6846737587990314
365,0.000381908,0.6696545000582554,0.6606033336520468,0.6089341068101988,0.5031979969779367,0.5719100282019601,1.668753914405863,0.7917944521892759,0.7737639283500014,0.6788959189589093,0.7751803827883899,0.6949765888074494,0.8353025309201071,0.7523967588980967,1.0625349953323904,0.8377198092896619,0.8156393051532708
366,0.000240901,0.6862757713414255,0.683773703007863,0.608220558086327,0.5042104489756949,0.5729214874240246,1.2100660450955385,0.7055088494761175,0.7121021455472624,0.6165609303699632,0.7437960285945636,0.6499331261341789,0.8129655726167495,0.6918062584132595,0.9075906117181163,0.7670492335277072,0.7484684206833155
367,0.000110044,0.6200290203562078,0.586249577179141,0.5969936792129477,0.4971844861709823,0.5700903321206636,0.9902752675973422,0.6540750048964664,0.6703100509022474,0.625863272101093,0.7885588122720836,0.644391390734883,0.8832546573957382,0.6616145479378169,0.8377216611505077,0.8035570234162966,0.71768378949867
368,0.000248719,0.6444723213395767,0.6132905826802675,0.5955339417182971,0.4990058541080682,0.5701755619897616,1.2987779702660676,0.7492515507513821,0.7491826638021948,0.7944487958068921,0.7342672941230854,0.7796350623646443,0.9943596812145734,0.765061050805672,1.125603374325022,1.1452427796587583,0.8651922786664127
369,0.000219105,0.6688321050191003,0.6428452526258076,0.6456501001279189,0.6466818179007343,0.5690345577205412,1.4796558720615842,0.8147860221937944,0.8084223625903832,0.8537930945173362,0.7944582727289404,0.8467776015790097,1.0129125120053686,0.8150946012886529,1.3569882662139026,1.2586298624026957,0.9509772590785983
370,0.000153921,0.6934379742509356,0.6785758111553399,0.6593329458033875,0.6682570059397728,0.5715756322613124,0.9586241221420817,0.6788397442154394,0.7303569272307038,0.6580429299633788,0.9294463448118765,0.6838824895382051,0.9614951703396094,0.6902968475335413,0.9248945584349311,0.8467011089160763,0.7702464093949211
371,0.000248735,0.7101864531105225,0.6782994057184831,0.651608650601599,0.6551344209543598,0.5711050586149219,0.8517692279347122,0.6314898383692477,0.7225738148333799,0.6369239286985237,0.7211082532990652,0.6225635403716498,0.9777664548732293,0.6448056381977225,0.8170049979292673,0.769309593361325,0.7072976535304516
372,0.000300792,0.7342835059083137,0.7144224882545134,0.6625103934928214,0.6756227636291329,0.5738585473292758,0.9311709906398654,0.6800451345700702,0.8080348649251824,0.7290656617582462,0.6947472562021981,0.6629697796410048,0.9189999598952103,0.6776201579441473,0.8867810913872296,0.8410525607122343,0.7561982005136716
373,0.000158634,0.7065564996393762,0.711549981215397,0.6742639205786022,0.6902678374568155,0.5786339459069841,0.8114045239062112,0.6714991064734395,0.7768954622716053,0.6813874776253545,0.8012461697247667,0.6614841312087992,0.8171699612708325,0.639659896970744,0.8017489506307084,0.7792353152689695,0.7183916387888333
374,0.000143697,0.7009463363376719,0.6739252479259379,0.672950679515563,0.7102180478455284,0.5798466935275249,0.6675099975208305,0.5943935419190459,0.6801977472653478,0.5919649105269718,0.7177210538672194,0.6136542175886646,0.8071356268254704,0.5787749698990344,0.6811394756205458,0.6895850859241374,0.6459793048124203
375,0.000148364,0.7230865540720701,0.6961001043591556,0.6629440801495953,0.6982284347516337,0.5749588143004536,0.7080254915861998,0.6135232345193056,0.7073756881133224,0.6464136400894608,0.7282321316221678,0.661181642650571,0.9045818914930668,0.6170746970449152,0.7388438907770178,0.7487512281444795,0.7024383997660832
376,0.000138247,0.7192386721075258,0.6642613470880085,0.6845160934818695,0.7137102624783139,0.5764071739702881,0.9689247001463284,0.7390561527544548,0.840380584824881,0.7896639674822974,0.7299351354516866,0.783293992988808,0.9566516851259105,0.7405484059831734,0.9905813086174546,0.900030219021914,0.8888509653900497
377,0.000177009,0.7312125609930383,0.684855815765492,0.6929228277540427,0.7195459343292322,0.5790548810634351,1.1259539357824402,0.7659201304522474,0.8334198051240719,0.7626323552007326,0.733186027596168,0.7560266309700313,0.9255631990813546,0.7505973237718614,1.0075828864060314,0.873052476161789,0.8978472482078704
378,0.000111703,0.7551054240484413,0.7258834894725141,0.6948243796162042,0.7201404655170466,0.5790505998886608,1.042471227402822,0.6935976823793107,0.7437040154498018,0.6904305483610111,0.7476864244649225,0.6919742347254929,0.9345464217529978,0.6884177383735247,0.8616581813216316,0.7961951004322532,0.7959027204709324
379,0.000115653,0.7341363921305651,0.72653374392981,0.7018604701794527,0.7201239962096214,0.5805307988052848,1.356201834234656,0.7510706609298923,0.764472107609401,0.7736311688517994,0.755638987407471,0.7724873139092878,0.9662964276808867,0.7320983995296109,0.9608602088866608,0.8857898723767638,0.8642533297614474
380,0.00015842,0.7558687812579286,0.7467625375354842,0.7048350583543167,0.7129910285696863,0.583739114681876,1.706598950163793,0.8746626045246484,0.8071025020177564,0.9327237401410023,0.7218950162475725,0.936291911327425,0.9325116601989907,0.8152242749652512,1.2013755551802965,1.0767117487023117,1.0369202531091162
381,0.000141021,0.7624647473757594,0.7633851579290397,0.7172568283666484,0.7209287826700512,0.584657316330306,1.4265349750363767,0.815658107527571,0.7357632884847749,0.8114364982837957,0.7291731074868679,0.8421999457518281,0.8915017671564014,0.7549847485193407,1.0140405138056166,0.9943534872743337,0.9535586434450145
382,0.000150193,0.7788391587699541,0.7715480945885059,0.7209972490720401,0.7233808901335284,0.5854085289535497,1.1345819220542614,0.7752816463173727,0.6937270006863442,0.7280983510453071,0.7612514969180297,0.7438517714734232,0.9244736599172443,0.7107456253311258,0.8979909170863802,0.9547763539962423,0.8751858114165671
383,0.000146765,0.792635486527782,0.7646903369385202,0.721104709818901,0.7155715761548818,0.5854173765554131,1.5069232632956129,0.897273261486695,0.7436146269355238,0.8093409422539424,0.727019859665112,0.7814115071303085,0.9957189488633843,0.7729407556274626,1.0424069978125436,1.1964627990332992,0.996014503519794
384,0.000139727,0.805808862493674,0.7671260119594914,0.7277532945371403,0.7208697755619898,0.5847649952764622,1.706598950163793,0.9883780407155935,0.7578504106827466,0.8151065423295883,0.6949861052035116,0.7895042534884996,1.0117752155436814,0.7908579083689229,1.097996992624833,1.324358110881686,1.0377078231965362
385,0.000119105,0.8260408638686758,0.7926229374802928,0.7347428700396285,0.7276052165989984,0.585695648631406,1.1565021529201158,0.8296040895240063,0.6788998615698463,0.6718312671843556,0.7518526247103366,0.7024121985028411,1.0534848678874063,0.6970636565375345,0.8761757165090095,1.044719586452298,0.8477527846298388
386,0.00014382,0.8455047891269264,0.8272490585868726,0.7351517792371592,0.7287558005120074,0.5850776640744008,1.1154943196620923,0.7868652363909031,0.660313840717492,0.6427222759989554,0.7304698559901144,0.6884958569319747,1.3171012994893327,0.6860885106629443,0.8547593017795774,1.026501460855302,0.8173075070798078
387,9.66e-05,0.8665070447760239,0.8663738644511465,0.7369442483235961,0.7241105316752876,0.5843145255406621,1.706598950163793,0.9603018126698732,0.7338312262040467,0.7458825850212626,0.7213126823931855,0.7807270537045671,1.706598950163793,0.8118693655054897,1.166977299017703,1.436701533680927,1.0303009645942416
388,0.000144224,0.8771753662302484,0.893940054882714,0.7438789992951315,0.735523766075035,0.585279020709166,1.706598950163793,1.099710609090661,0.7815934298645792,0.8136111808932739,0.7386965589125774,0.8088154183404178,1.706598950163793,0.9275024454613888,1.6319490484738621,1.706598950163793,1.2946570355934433
389,0.000118551,0.8712803136038734,0.8576956117826023,0.750288471033263,0.747619284560997,0.5852480778056369,1.706598950163793,0.9664869057048546,0.7429549272550898,0.7719419174149365,0.747078875310216,0.7354322826295233,1.706598950163793,0.877151980811451,1.3625318655221463,1.706598950163793,1.1930354399877243
390,0.000155703,0.8829834644915697,0.8822816937006959,0.7665294533118814,0.7535923626924895,0.5862756009936632,1.706598950163793,0.9710289858824049,0.7458120095035567,0.8134144549072078,0.7168724018282407,0.7495843301933135,1.706598950163793,0.894952144899323,1.4348368975497363,1.706598950163793,1.289898500590478
391,8.67e-05,0.8898480688319241,0.907047108310787,0.765584914894292,0.7460538792918132,0.5864553233542426,1.706598950163793,1.1099653549090207,0.787502893770833,0.9708732830802458,0.7831441641152758,0.8402011648799844,1.706598950163793,0.9754017699280091,1.706598950163793,1.706598950163793,1.706598950163793
392,0.000168084,0.8960651179529696,0.9218418104550372,0.7685906269994781,0.7518981473118442,0.586936878350114,1.706598950163793,0.9458634369508003,0.7494569996435462,0.8894865083219405,0.735334570907605,0.7929242792281328,1.706598950163793,0.8665029460040147,1.356201834234656,1.706598950163793,1.3673379893185416
393,0.000153241,0.8802164519814609,0.9265738962833923,0.7672070808774314,0.7416497730274815,0.5859438982908878,1.1245939709927844,0.7882176796839605,0.7014230661037807,0.7768024241704863,0.7185610397834012,0.6824612868647253,1.706598950163793,0.7410760391374143,0.980442198009747,1.3601477309475798,1.0027269136700552
394,0.000189889,0.8885303898363425,0.9483388054240603,0.7811005782712536,0.7452181398942364,0.5874202600462893,1.1665120120072325,0.7829037096904549,0.7272269362559276,0.7902353889316365,0.7118429454780343,0.6469725075961437,1.706598950163793,0.7267150163344129,0.9647483608980696,1.2344900072032579,0.9612852420885326
395,0.000118692,0.9007729331203975,0.9452083791301943,0.7700248282068552,0.7325809166478316,0.585838100281467,1.3812365502745747,0.8160994819204144,0.7681790611325975,0.8358887901020344,0.7490833410824461,0.6360580757056841,1.706598950163793,0.7270549654615689,0.9957065102284113,1.1684066535938897,0.951693262569273
396,0.000357057,0.8953181535622553,0.9585186913283306,0.7748050268324596,0.7385366258450428,0.5856399624705098,1.1720208947075448,0.719167190430479,0.7180287065533142,0.7160602902930895,0.6604571783530262,0.5913692301302395,1.5797965732138883,0.6534298644436063,0.8467661263579268,0.9077178054138874,0.7974812572537672
397,0.000487618,0.8773646443409324,0.8989939566895939,0.7728913033368714,0.737003508739484,0.5837303429532835,1.0697996565647128,0.6532085104767014,0.6761869142403899,0.6392488989356079,0.6399717624065264,0.5584738372830224,1.706598950163793,0.5991866109989062,0.7549589938210088,0.7777921108900194,0.6939805903059549
398,0.000262458,0.8681821511315309,0.9012452700360111,0.7830080306310916,0.7557626965106569,0.5849956660939427,1.4320535061846307,0.6783741297364905,0.705727971198783,0.6544137411721069,0.6927028505849102,0.5703204236694338,1.706598950163793,0.6115461643659896,0.8033234048957955,0.7938839525421989,0.7024569607683148
399,0.000285131,0.757849039612059,0.8546904591207527,0.7437351146639599,0.7076478964339676,0.579247632264376,1.706598950163793,0.7606657553983092,0.7616214044107553,0.7577064888780801,0.6993322655508463,0.5961236239592697,1.706598950163793,0.659416928691523,0.949280512157157,0.9505413979190407,0.7827163391273942
400,0.000314886,0.7597316510965794,0.8649720335146185,0.7131977712717043,0.6918166881617216,0.5722444214604281,1.706598950163793,0.7756385862844556,0.7627483486328326,0.8207288298008238,0.6489374376396416,0.6026444785886595,1.706598950163793,0.686893596138399,1.0688752437360012,1.2060176621508991,0.8528731450652357
401,0.000227755,0.7767802771679063,0.8616299700730161,0.7245510552334045,0.6956362594102738,0.5691117664674764,1.706598950163793,0.7900908636673368,0.757256064298116,0.7763303652265632,0.7069835470201752,0.6180986565893775,1.706598950163793,0.7044812639253955,1.188118206233399,1.2818616715670608,0.8902923043290344
402,0.000263758,0.7263731291406892,0.8337390982523506,0.7168700808876496,0.6929018685178572,0.5691332511808668,1.706598950163793,0.8301946448462353,0.7679378595965823,0.7704004778289032,0.7215563335540646,0.6421376397107621,1.706598950163793,0.7171359751559055,1.3185431185302305,1.4256214078757312,0.9039297491332998
403,0.000283035,0.7252578086343826,0.7832077173785231,0.7035952632741024,0.6761606206876133,0.5648404141063037,1.6957435990759995,0.8055354025984959,0.7438530679685659,0.7605798124533574,0.7219483489172706,0.6238841963431837,1.706598950163793,0.6867935707696635,1.175674003347151,1.4973147279359031,0.8523167495956798
404,0.000175597,0.743152652776869,0.7849142924634507,0.7104461063025169,0.688853897683463,0.5658421532440125,1.1924902184922743,0.7824294998818749,0.7139417027635662,0.7148674190116706,0.7481107454300049,0.5959188691421107,1.706598950163793,0.6596889644577395,1.0498721512042408,1.4675603895639455,0.8131839922749964
405,0.000338722,0.7519463567272955,0.7634860739915443,0.7105443972093504,0.6842212688635768,0.5715232888508178,1.2080117769700194,0.8223216520378268,0.7342610591069886,0.7134790471269767,0.7111248052943278,0.6047081718307905,1.706598950163793,0.6923481862334606,1.2229439449362243,1.706598950163793,0.882476462173388
406,0.00015804,0.7682633211241815,0.7651499330594321,0.7045319307372312,0.6827668747107308,0.5710434590556812,1.4889263441293663,0.8684358032652654,0.7789150667709817,0.7564939554023554,0.7759400921767683,0.6315080838920042,1.706598950163793,0.7605132959825517,1.706598950163793,1.706598950163793,1.037229441735936
407,0.00025332,0.7860041739999457,0.7745092320847299,0.7150274292088875,0.701839778425857,0.5726509642947609,1.487887678956479,0.8496630596383957,0.7701025037339296,0.7325499574402925,0.7552003780509391,0.6274663906348652,1.706598950163793,0.7754035086653924,1.706598950163793,1.706598950163793,1.058645521227968
408,0.000220874,0.7421990827947256,0.6980194364626656,0.6966383489246774,0.7146868171944945,0.5730832739921323,1.346101078432811,0.8290488945166373,0.7442799832301654,0.7490118531795508,0.7228532473495306,0.6116326355975528,1.706598950163793,0.7702003508065041,1.706598950163793,1.706598950163793,1.0463324312357056
409,0.000193534,0.7659243765097588,0.7298787884382248,0.7115840282438062,0.7109255186866984,0.5738216432043144,1.5736230577147716,0.836452319389388,0.7488239641029325,0.7173533223763651,0.6899303462440757,0.6184932733905737,1.4557567631327215,0.7695908534999111,1.706598950163793,1.706598950163793,1.0342405336651925
410,0.000241878,0.7459283391151992,0.6849175458040606,0.7008660721188139,0.708981110692357,0.5741331708353703,1.706598950163793,0.844053903647688,0.7567013269048333,0.6834396099631519,0.7279123969591202,0.6311846587883477,1.3392390061505133,0.7671715211703379,1.706598950163793,1.706598950163793,0.997171248186275
411,0.000283175,0.7669383720363305,0.7159492886100526,0.7027792832253428,0.7191578173650592,0.5761822926903323,1.706598950163793,0.7831093676930249,0.7426812152996266,0.6495425880195121,0.7121954358765298,0.6102026599652944,1.3171012994893327,0.7356328388927249,1.706598950163793,1.706598950163793,0.9150091733457806
412,0.000539419,0.7766400567936093,0.710315115189201,0.701740701182734,0.719702061718594,0.5745073162059101,1.706598950163793,0.8276755920265036,0.746622217567267,0.6357065715413084,0.6191628692516271,0.5855444470799185,1.2662286273293106,0.7034022384358753,1.706598950163793,1.706598950163793,0.8541383531168347
413,0.000400005,0.7990226196577888,0.7455142446946632,0.6979615931875591,0.6963456698831406,0.5777310327549419,1.706598950163793,0.9034345986146172,0.7530644652482206,0.6321627946498074,0.71005673322906,0.600528761752069,1.3135173437318346,0.7050447206775795,1.706598950163793,1.706598950163793,0.8806851382780777
414,0.000167459,0.8214367711686951,0.7804543744757318,0.687590903512004,0.6882194777917584,0.5745228468047867,1.706598950163793,0.9348885612992163,0.731599565310122,0.6235142987552178,0.7544647436086348,0.6376266754035794,1.2720237542986723,0.7071294096897195,1.706598950163793,1.706598950163793,0.9319272733232705
415,0.000276706,0.8187179105406248,0.7597095510979973,0.6551769401777034,0.6415437829852126,0.5688077574690581,1.5069232632956129,0.9697682190214363,0.7134378640186751,0.6489839276314793,0.6882687701194103,0.6843767110729058,1.0843253823771377,0.7215220182146155,1.706598950163793,1.5519832078808515,0.994799747043005
416,0.000130896,0.8344885958203672,0.7852725062933655,0.6528593694989087,0.6429900706824707,0.5647626608247074,1.706598950163793,1.1123941944002596,0.7497940364355561,0.7028963031043602,0.7576009983187427,0.754525626109498,0.940301778572776,0.7970805582033131,1.706598950163793,1.154160748208643,1.1962578338284862
417,0.000118779,0.7957661750314201,0.7208107829405282,0.6679235455110121,0.6708942761958507,0.565516573335851,1.706598950163793,1.6672920184490376,0.8424823464944644,0.7404614292073933,0.7597882911474538,0.8139218235113627,0.8786267886199175,0.9244861042883107,1.1767247719522351,1.0584811167101833,1.5015624378259316
418,0.000109409,0.8121071474599907,0.730915945243837,0.6574925071321327,0.6680455998424284,0.5664234343615148,1.706598950163793,1.706598950163793,0.9649492455146973,0.8578467027340501,0.8348824338007881,0.8319974897728453,0.8340130703560971,1.1071289182798203,0.9788459378240378,0.9106295548647286,1.706598950163793
419,0.000169974,0.8303659255060477,0.7634804664936358,0.6714704949904786,0.6765816859826126,0.5674635637214817,1.340754840258987,1.706598950163793,1.1477492414123118,1.117555009530952,0.7898501643403912,0.9240235117757845,0.8137062031591926,1.5687360177833725,0.8471239902134977,0.8035799061151002,1.706598950163793
420,0.000154398,0.8104772310254189,0.7687022066438415,0.6819312399617957,0.7037247666749441,0.5759691097453052,1.2772423352043336,1.706598950163793,1.466565770412374,1.706598950163793,0.722709328851623,1.2445619631928255,0.8379272940753302,1.706598950163793,0.7696569082401626,0.7601062630471628,1.6658339578129553
421,0.000161928,0.8187991703761616,0.792263973525885,0.6961659882127684,0.7203864631743843,0.5834880237498699,1.706598950163793,1.706598950163793,1.706598950163793,1.706598950163793,0.7941315147701807,1.706598950163793,0.8668782246384451,1.706598950163793,0.7630798503500388,0.7286509763576634,1.3754624695450766
422,0.000119185,0.7497873974651053,0.6946955028333551,0.7004164520460754,0.7290143975837989,0.5824283802622833,1.706598950163793,1.706598950163793,1.706598950163793,1.1514582214022218,0.7495776967917196,1.706598950163793,0.8691050257184918,1.706598950163793,0.7931379377000227,0.6832225109904225,1.253046059041833
423,0.000167838,0.7733440003572338,0.7293881415340646,0.7078343841947374,0.7265724039935013,0.585397785976283,1.177557131308689,1.6571652053500325,1.706598950163793,0.9527212707596472,0.7281323972878345,1.706598950163793,0.9291707843832315,1.706598950163793,0.8368507916780507,0.6809792649879093,1.2237513438579224
424,9.42e-05,0.7843026530603107,0.7264866353198711,0.7100522225123057,0.7272996366549459,0.5847977515500301,0.8262273521302823,1.0504193567574835,1.5211346785712858,0.9791947307515638,0.7598725839408356,1.706598950163793,1.118677833287566,1.5810400181708297,1.0604214778864582,0.8341556426305573,1.706598950163793
425,0.000135128,0.7973375108187506,0.7496878340658566,0.7192386721075258,0.7307020153824991,0.5850360300217297,0.6156423152641798,0.7115000544128226,1.706598950163793,1.706598950163793,0.7603207737664066,1.116610937447175,1.706598950163793,0.8096450455967826,1.6672920184490376,1.706598950163793,1.0376972635239656
426,0.000146325,0.8160292931415293,0.7794455532988754,0.7156431454332798,0.717505699422655,0.5836357587211728,0.516787356614988,0.5754479900214826,1.706598950163793,1.2156353585418775,0.8142039166065119,0.8023584201804409,1.706598950163793,0.6066918940710836,0.7748826924873279,0.9986518810455535,0.6748575862908603
427,0.000184332,0.8375976136207905,0.8173212654810524,0.7289619240353438,0.7308261701839528,0.5851495983789787,0.48705613465098624,0.52732299612759,1.6052377677696241,0.8004840742104952,0.7274414651676302,0.7000152342473048,1.3015472228137073,0.540635572801946,0.6451648484735963,0.682363185050053,0.5756587919074617
428,0.0001724,0.8545567552080809,0.8477239982291018,0.7307892859131757,0.7265277038522948,0.5856121253456807,0.49084722258273333,0.5119380741591535,1.7050354143796023,0.6493268845748825,0.7604578789192775,0.6673198921635535,1.0361554978764789,0.521154891968309,0.6131532969491378,0.5699847234770092,0.5418256650321777
429,0.00018733,0.7382158038544063,0.7025082841384931,0.7313061744903501,0.7247056683159432,0.5862140380553849,0.5222875236482631,0.512541814370349,1.706598950163793,0.5939957159648568,0.7424335861017568,0.6336337542379953,0.9368301588915217,0.5261844346694424,0.6245584273928816,0.5168277937253468,0.5346449850250383
430,0.000142641,0.7625820612477514,0.7430931892923434,0.7311423744574647,0.7491561738806184,0.584281222081848,0.6179231833126445,0.549332905898005,1.706598950163793,0.6242838742910796,0.7117452505204127,0.6388879738156233,0.9195578995621435,0.5754599953036601,0.7281664483068665,0.5211669309519046,0.5692366440931327
431,0.000143282,0.7136346921458941,0.6628514032403287,0.7316427408083717,0.7473206654260538,0.5845377427941353,0.8502316950495743,0.6370607086393328,1.4962584211180552,0.7519302858918129,0.7313788729219647,0.7007067100879147,0.8942642708904297,0.6852649618614893,1.071655700390959,0.5694965367273621,0.6593437805020373
432,0.000384151,0.7355613719107756,0.6846434300846896,0.7298530691396545,0.743698832626719,0.5824794200756396,1.1964520087642416,0.760682392882025,1.3689513680382595,0.9356333046594631,0.6173383617802195,0.7838183136018563,0.8720459498446864,0.8331227361090521,1.706598950163793,0.654260186104604,0.7727895196778481
433,0.000267588,0.7402249562283584,0.7003948054590347,0.7359892307169605,0.7510012710555192,0.5823593111521631,1.4077108800193412,0.9921896154511636,1.5145258072928476,1.235659119201213,0.6804417444761324,0.8868250275472389,0.8870052341043145,1.1380667938531244,1.4837546496422758,0.8916602752129923,1.020510070598158
434,0.000274993,0.7610931300437763,0.7141836953300722,0.7377283976882512,0.7489761169024098,0.5823580668890439,1.706598950163793,1.706598950163793,1.2454920815076675,1.706598950163793,0.6807336956128979,1.2209496181348962,0.9620780917635234,1.706598950163793,0.8388015321766308,1.5860433218741126,1.706598950163793
435,0.000377452,0.7301790479631728,0.6609486816065246,0.7082424910136611,0.7091416931554765,0.5784168119396607,1.706598950163793,0.8411987743248903,1.0149219222700048,0.9157315640626588,0.6142870268429824,1.706598950163793,1.085234130562589,0.8926780772405405,0.6717309943592065,0.666143549693725,0.9324707939478187
436,0.000360278,0.7503589943081733,0.6751860320164994,0.7152509325298966,0.7105986441413961,0.5753927753994305,1.2939740194363865,0.7642653142559523,1.092398382435334,0.8897526450260917,0.6755159287557806,1.2181613538671487,1.2064046332981961,0.8485330521415281,0.681376515993738,0.5632739702689464,0.8678072358767477
437,0.000225707,0.7038016245271911,0.6150360898436368,0.7201298779754174,0.7018408674198954,0.5741522482753328,0.8382703523810433,0.7715799255032209,1.561490085199888,1.0443283023333831,0.7411260434464186,0.864617547619019,1.706598950163793,0.9805639402472534,0.7946984679365076,0.5238717372724686,1.0042739445925928
438,0.00019122,0.7286680376724628,0.6486183040661749,0.7064965081441359,0.6762921191338136,0.5704361586647234,0.7447713902051989,0.7714396097063013,1.706598950163793,1.1464749678651927,0.8389819170054975,0.8115964268905969,1.706598950163793,1.0683025417003258,0.8745951622861808,0.4939644868030752,1.1603067606808786
439,0.000136985,0.7353232989841705,0.6700559386952023,0.6969186020379454,0.6742928906497482,0.5644842611314056,0.7183951424233215,0.8030802008327376,1.706598950163793,1.706598950163793,0.9874395728459687,0.7948502824694645,0.9998209980740079,1.1824740568159813,0.9939944366648882,0.5121008652704148,1.4755908757214737
440,0.000176231,0.724676895596865,0.6384014063817474,0.7126042975665663,0.6906722360136551,0.5680204166638679,0.6941459415140477,0.9977526983106495,1.706598950163793,0.8802895005947301,0.965592353378425,0.7007890877677495,0.8021990113289392,1.706598950163793,1.4586809510740368,0.5916939236565801,1.706598950163793
441,0.000132538,0.7402914014170369,0.6617331755629073,0.7156593092102964,0.6964297108227101,0.5702877033166052,0.7771378135614582,1.2289100701502975,1.6543055566182172,0.7290156180337117,0.9350842384057273,0.6709399385594357,0.6876544004475871,1.706598950163793,1.706598950163793,0.6232296815215357,1.3601477309475798
442,0.000181529,0.7422016585467519,0.6805390197806853,0.7233427372587349,0.7157297498805527,0.5726497812281635,1.1554705694554706,1.2017580735951796,1.706598950163793,0.809549767575027,0.7853289506175662,0.7353834218998894,0.657946012723287,1.3339737945022832,1.2103563787637788,0.6328530759723646,1.706598950163793
443,0.000189793,0.7451490560839075,0.6657741953406249,0.7237711111941106,0.716660129054041,0.5764560435870687,1.4616228316109425,1.706598950163793,1.706598950163793,0.8476894584187107,1.0227740144621458,0.7841264257544891,0.7172661272984111,1.3415146900452644,1.2514686977196345,0.7051109687134952,1.706598950163793
444,0.00014742,0.7647861352552281,0.6921788928709157,0.7351693012967948,0.7369492912067307,0.581459927416302,0.99485557177064,1.2352670670904717,1.0338121721465414,0.7229079827273811,0.712957920756436,0.7648199550229471,0.8904434960265376,1.706598950163793,1.706598950163793,1.0175700450793679,1.0997525049030055
445,0.00015029,0.7859338206744932,0.7238284445187388,0.7314947423426919,0.7404729390798762,0.5824787975580681,0.869819327254903,0.9466080191496118,0.7941567570476481,0.7502804885191947,0.9255956700313764,0.8844595993374589,1.3250904073771703,1.6039363992802589,1.4910102168694037,1.3171012994893327,1.0883110028558587
446,0.000115919,0.7964591546748245,0.7218274784972113,0.7300356125022244,0.734741620599106,0.5827504046396984,0.9437407849378628,0.9726886927077795,0.7288399363302818,0.9409545539039298,1.706598950163793,1.2368077200026313,1.706598950163793,1.706598950163793,1.706598950163793,1.5847880440186748,1.6197651024995416
447,0.000205843,0.8127101265415863,0.7493708230824426,0.7325103353814799,0.7353445908302884,0.5821273939474324,0.927155795382322,0.8552416666272359,0.6326208701253555,0.9599588820786438,0.6218821053649106,1.0666855087659084,0.9084962638939624,1.3092549722644258,1.3657303015323357,1.6805891968530968,1.6278572349764238
448,9.69e-05,0.7907706670747174,0.7494477176623133,0.7336570164444353,0.7372823505599226,0.5832035121005698,0.8818385353747574,0.6898962106076562,0.5589727062764239,0.9160001783701673,1.1319320651105778,0.8228932701506568,0.7110500531783808,0.9918913036577757,1.0557905743001903,0.8950198904158576,1.18929279578616
449,9.07e-05,0.8127896104351887,0.7855731743757467,0.7364996211702028,0.7424464773418082,0.583356658951083,1.1348534571869744,0.6436921070696008,0.5456815041591737,1.6131130616527578,1.5101674506098957,0.9650228402921556,0.6320657308813972,1.124638775711984,1.2733224006341355,0.7877429926913843,1.2228920953736973
450,0.000104438,0.8344464973086657,0.8194310554629427,0.7260594527570047,0.7349628709039223,0.5827921761137427,1.706598950163793,0.605701796479672,0.5508835229055042,1.2919314388110619,0.9153109681320813,1.6224490564571363,0.5751385132685448,1.4130130113309913,1.5426478858451562,0.7428412742390954,1.2543371171637334
451,0.000116252,0.8561238445512036,0.8621220489081446,0.7396608935531912,0.7367123875500168,0.5846038138361053,1.6557335288794484,0.5063691187458236,0.5181517904320374,1.4499607609678522,1.706598950163793,1.706598950163793,0.527815137598842,0.9720949637443592,0.9373382041257333,0.5855210497743428,0.8468560280778937
452,0.000271201,0.862279530718371,0.8769139811514417,0.7451008391500521,0.7481384436362869,0.5860085456372908,1.2282850080045258,0.43823386162087613,0.49677115407604416,1.7050354143796023,1.0372505328518065,1.3228971527856948,0.496380809578284,0.727449953265012,0.6777123059496003,0.4954683359613783,0.648194096034883
453,0.000127712,0.8831548293518705,0.9233730793794307,0.7476548269628707,0.7511600954775244,0.5875671689269587,1.245510339972973,0.4022279097579266,0.5163427402916404,1.5687360177833725,1.1548539131636817,0.9382683018278035,0.46118455059293817,0.617575652454591,0.5863867172286588,0.4557277419981608,0.5647938717878198
454,0.000436658,0.8672108457053659,0.8712032359744274,0.7490767209722666,0.750595991691479,0.5866670105944358,0.8463246847696584,0.3570141321280041,0.4963307331745863,0.9406057136622302,0.7143409502840231,0.5881328376842169,0.40811910040422517,0.4691315490290401,0.46627115670681774,0.3878977730477796,0.44557912563437385
455,0.000540006,0.7607864018948582,0.8289483959101149,0.7294969527916696,0.7244875607034335,0.5857507176131439,0.5246606253003513,0.30324004977435753,0.4164020751614219,0.45507323655194787,0.9065515137985851,0.4073793806701039,0.3620923470184651,0.3490864757609775,0.3524713124313535,0.3128530908168554,0.3390639644171964
456,0.001742539,0.7822334230506506,0.8439705720977722,0.7414943354638431,0.7284706871566716,0.5845811583835869,0.4035553914186704,0.2662339302922253,0.3595250267235283,0.32256751615855433,0.4584534911149816,0.3217828525753606,0.33074502878445133,0.2830520684078782,0.2884852655900216,0.26294457370399976,0.27510121596902726
457,0.004091064,0.7923611121244323,0.8292643718157967,0.7050712176511379,0.6934148677390666,0.5779309770188578,0.3584666672912518,0.25009053978597756,0.3292871335366048,0.27842384228015127,0.36051899201516413,0.2798976724416094,0.3134093893818369,0.2503248625876271,0.25728489033457796,0.24204987553212953,0.2436470767801426
458,0.00096078,0.5660951362514328,0.5830454910558673,0.6797303240503242,0.6552992290750362,0.568804858965948,0.3339259935354422,0.2490714961079687,0.31532523618144703,0.26011513867266156,0.4603534748862663,0.2604645463714329,0.3089017802826772,0.2373569347267344,0.24314581565650584,0.236602381405908,0.23276191618304015
459,0.004965956,0.4636237220044319,0.46025577958284974,0.5624942182043801,0.5158811047269671,0.5382173263212544,0.32081608700226527,0.25547199360270156,0.3152612583435823,0.24962337155671058,0.26279654948697695,0.25847887837943934,0.3211994291904543,0.23798986591044022,0.24488597420049155,0.23710523123608382,0.23541935038806983
460,0.001228146,0.46924737482308826,0.4441208081635085,0.43272395633986044,0.4224794402874544,0.4713222822274718,0.3334327110907312,0.26523640455673225,0.33896835312438744,0.2685930045471441,0.34551411377897717,0.2802997824567048,0.3669697738341627,0.25457836970948905,0.26647220012896805,0.2719953111719962,0.25106340134500704
461,0.000758536,0.43488349446030183,0.39664954062548635,0.48745953337188175,0.4677963357853178,0.4497340418400798,0.3761904972840154,0.290099451198188,0.401697224552212,0.27874072883776724,0.39195524074662735,0.3202504150567482,0.41247975293894573,0.2927013417183409,0.30928866003535893,0.28947011976076403,0.28243184479036976
462,0.000418979,0.3741043460836515,0.3869248373902751,0.3678261382496787,0.36091522014089544,0.403947859021865,0.41905309407192404,0.36023857872928305,0.4836449278836096,0.4443740611670698,0.8189012116628206,0.3880552440436463,0.5865500139380482,0.36407243091936575,0.39878496982599815,0.40683528295403143,0.3449503032898066
463,0.000303893,0.37484126256595796,0.3661331222047152,0.4073306205025935,0.3981820403971414,0.3880154902814854,0.47673870038262917,0.42393421977938334,0.6395453308951116,0.6091839087149905,0.6731840749870673,0.5218111165310758,0.8369468052722753,0.5188833936467971,0.6149166708360035,0.5853800929500129,0.48400311208341706
464,0.000413583,0.3913762969492782,0.3869434506264903,0.41602550639110075,0.42019893937797137,0.39527984684406614,0.611600925220466,1.0562988249869034,1.706598950163793,0.7013600255345355,0.6931692413334858,1.2009442942462074,0.9007407030493024,1.706598950163793,1.1293369836590263,0.5524048616121034,1.2039399304177834
465,0.000241831,0.41343451813629734,0.4143690476338841,0.4416034546626704,0.44089550829370405,0.45851360115316436,0.9828916758295039,1.6026381907314322,1.187600799808089,0.5239514627739393,1.3057345169216235,0.9956505421391311,0.5645959117484827,0.5893393615401628,0.5450275354607653,0.6082184318437165,0.7248855754906953
466,0.000347248,0.43611073743705436,0.44422432166512804,0.4470305158795138,0.4559133012119598,0.447061472950399,1.0024539029972235,1.1669272414396636,1.5810400181708297,0.4793873494031628,1.1280777707414869,1.5449659155310718,0.46401944290217917,0.650273260052533,0.6343940043909377,0.6186252289614939,0.9010631595342118
467,0.000243239,0.45341428538393497,0.4627809751334532,0.475254129549574,0.4789371889368589,0.5371376741514919,0.7897461881903998,0.6412968977291842,0.6127862022444746,0.3827490002396769,0.9327314083908834,0.6048649550071669,0.3652231112705299,1.160784365651513,1.706598950163793,0.6773811405538306,0.72195190484888
468,0.001172959,0.4604985965176736,0.474508612308797,0.48697099152846113,0.49931221549987675,0.5545540265159924,0.6928505264260265,0.5270543802181221,0.5416884268971192,0.4382383685836408,0.6405206956862483,0.48309031615229636,0.33654531981605496,0.5500984475512031,0.6743634000908065,0.5585528639595791,0.47567397081874446
469,0.000536188,0.47440499047112944,0.47327629099055335,0.48592888819969143,0.4986141270496737,0.5637039928386908,0.6316803043178917,0.4966406796967572,0.48825358043011835,0.4279530033988826,0.5419956041079548,0.44658516536207243,0.3268946924349121,0.4391583056663084,0.5049980487260282,0.5001728020403736,0.40818313942968354
470,0.000283695,0.4947076414411462,0.4952761112612488,0.4892513409451618,0.5064218866422934,0.567609247848893,0.5531460139646379,0.4839324111677138,0.4510567698700691,0.3915318049471066,0.9994308362900138,0.4759600313338011,0.33785923621568487,0.43129712398633574,0.47946961729918197,0.4946778965870814,0.41661853047823527
471,0.000342711,0.5066949887084405,0.48678412440042185,0.4526188920145187,0.47669843064905393,0.5509140688821995,0.5556683213612902,0.5033690608428115,0.4809398477201981,0.42234126283782525,0.7458891208049225,0.5946715687558591,0.38487100734297525,0.52904734711962,0.5984709556652913,0.5457209195677298,0.5109557525178116
472,0.000331816,0.5283825285216949,0.5024831069835861,0.46263274996136217,0.4979772967757564,0.5468589370890719,0.6865192357676657,0.5423927512756599,0.5740836975870882,0.4647652260976217,1.2838567882165144,1.0610718945007054,0.4634781355801049,0.8272847264820211,1.1457493912441579,0.6375605410010633,0.7356516494557385
473,0.000699129,0.5532137334086666,0.5326621076843565,0.4664392098709992,0.48944069563374604,0.5469661204812425,0.8108245931692054,0.5829705852597765,0.6514361606519354,0.4401632844892303,0.5489328339289162,1.3178216174537558,0.5737502360868406,1.0161591033198998,1.6000512024577311,0.7104483654055367,0.7556158836493583
474,0.000605355,0.5567600012487187,0.5143204988103737,0.46320991324133126,0.48705904631654,0.5514256782820834,0.7266678724567346,0.5440951129214925,0.6572652113144314,0.4269642008400821,1.706598950163793,0.8838913141479458,0.7074403649089707,0.8249935518755978,0.8632424474542717,0.8014925763283034,0.6467687279948017
