Model 1,Model 2,Model 3,Model 4,Model 5,Model 6,Model 7,Model 8,Model 9,Model 10,Model 11,Model 12,Model 13,Model 14,Model 15,Model 16
5.380688978118969e-05,5.380688978118969e-05,5.380688978118969e-05,5.380688978118969e-05,5.380688978118969e-05,5.380688978118969e-05,5.380688978118969e-05,5.380688978118969e-05,3.111641062741172e-05,2.7374268162481952e-05,5.380688978118969e-05,5.380688978118969e-05,4.976436239964577e-06,1.8758229024876116e-06,5.380688978118969e-05,5.380688978118969e-05
0.0013414692311384119,0.0013414692311384119,0.0013414692311384119,0.002067044998425721,0.001395366494959513,0.0013414692311384119,0.0013414692311384119,0.0013414692311384119,0.0013414692311384119,0.0013414692311384119,0.0013414692311384119,0.0013414692311384119,0.0013414692311384119,0.0013414692311384119,0.0013414692311384119,0.0013414692311384119
0.00109643861173353,0.0019696046301983794,0.002660511794852903,0.002806163218481636,0.0035504061707912968,0.0011068288644518684,0.0013177486404859912,0.0008211925760649302,0.002701266286415163,0.0017287479105566328,0.0008211925760649302,0.0010036383944681398,0.001986851392619865,0.0022488834763471285,0.0008656759291210542,0.0014209797935997165
0.0005891496763289275,0.00013881030030469393,2.8623214146095144e-09,2.1744178001145698e-06,0.00024210920764969335,0.0010212541113220203,0.0004662334800749554,0.0036099359290813204,2.1343663933470758e-08,0.00046625222196334387,0.0036099359290813204,0.0006248056339954594,7.536258439805321e-05,4.3160226703933824e-05,0.000666256706902596,0.0004854509192250972
0.005272331316949402,0.006245315035364567,0.009066022964656216,0.009933199987683015,0.009905703888290408,0.0033481182701460416,0.0033481182701460416,0.0033481182701460416,0.0060074673575404025,0.0069537393010009885,0.0033481182701460416,0.005786368765109087,0.005243689250432629,0.005320428023045963,0.005887830573036504,0.0033481182701460416
0.00011399464292581596,0.000310817660519741,0.000961201285875915,0.0004447621503814031,0.0025717476068278927,0.0014445581761150378,0.00030915097808944386,0.008441443007042568,0.00022911526405806903,0.001331845369850107,0.008441443007042568,0.0006442837960382586,4.613946422843407e-08,0.00018951214051253495,0.00017676118144025615,7.222824113316956e-05
0.001181042675612587,0.0008239728657712733,1.836249105061083e-07,8.570073638288628e-05,0.0004313943923027058,0.0024228247975653858,0.000976679718787364,0.01898819385822012,2.3585448258992003e-05,0.0002773791893835448,0.01103723080394367,0.00011927481645916671,4.3320006014008205e-05,1.258368666753884e-05,0.00027904667139844186,0.000544899824486661
0.0001157948168881151,0.00015251066811393377,0.0024335929083013352,0.002758954143420797,0.00379654403223402,3.469866695750973e-05,0.00011907238152039645,0.005332090756589122,0.0013003150015475223,0.0010711921760535453,0.004920524409333202,0.0005186473341829978,0.00098753984828992,0.0011061697761303446,0.0006966265397368165,0.0002124169010078933
0.00010077935152566497,2.1483724414475547e-05,0.0012421987349991795,0.0006828496673379758,0.0029419128207679307,0.002791532420596085,0.0028197380609412265,0.007283245781439643,1.1357997280386778e-05,0.0019950839898828163,0.007283245781439643,1.3859943592126056e-07,0.0005844099897309857,1.033213248324144e-05,9.798082917858442e-05,0.0015573676053487334
0.0007866412634125186,0.0006607533204826821,0.002866337356158849,0.002160054535274722,0.005195988060590184,6.03654382660343e-05,4.3552706835203736e-05,0.002583272686057847,0.0018381792725474105,0.002738073213904818,0.002583272686057847,0.00027348585780510165,0.0012531398115581613,0.001204460363436674,0.0016393911306166464,9.334265033821704e-05
0.0009660883228855,0.000623742205874335,0.002626827250510305,0.0019429604629342886,0.005188943987117306,0.001684620737530479,0.0009886992401175326,0.002498964433576299,0.002190669656596367,0.004095158671347451,0.0003187611691859507,0.00010311430835756308,0.0017909842651655794,0.0023585304967818285,0.0005236892547882607,0.0008259742969893569
3.545335324685317e-05,9.416410919442508e-06,0.0009029655497403491,0.0004963117599524336,0.0030318751573334135,0.0004778458158148993,0.0005962779311434324,0.00669617213426206,0.000166968482849153,0.002060430902938802,0.0011210371281818107,0.00010669628384649132,0.00016163423175412361,1.9564732868848633e-05,0.005024151123517659,0.0016563832662343445
0.0006630962848816341,0.00020615244936662142,0.0022129972675178702,0.0014147367171919306,0.004714623739583257,0.001148543666620691,0.00020785751946723885,0.0031290483162617483,0.0019385673617040161,0.003143104201691775,2.9372955226703024e-05,0.00037597535142823435,0.0012240284194819304,0.001207225159152378,0.00011194056352992893,4.421022543433378e-05
0.00857564692795007,0.008295587227398496,0.006811336345398794,0.009831364535462447,0.0014135798925121248,0.006648935534051201,0.0008390350146544392,0.01501144753520145,5.823991008367668e-06,0.000469245010670076,0.0077969640275754315,0.014084743128264757,0.00013679902580263775,0.00027947373515981727,0.0011016466079256798,0.0006661725223512729
0.0008592805702995476,0.0014259253692876228,0.0034494507153241746,0.00263855075554445,0.0041931865226743775,0.0010654041998953007,0.004547675149716476,0.0001253940188163452,0.005185153665314475,0.001699173897474579,0.0011414368484067364,3.831573075437078e-06,0.0055964144693392975,0.00548016042611648,0.003021825674283246,0.004547430416541903
0.0007786910855379081,0.0011116777282699775,0.0016055299634855358,0.0009013936311607074,0.003932812025756079,1.3041322528134502e-07,0.0002863035029642483,0.0051177893175571865,0.0009734528715637653,0.0026848351575825408,0.00016475015771732354,2.3203832469342878e-06,0.00023769980746081443,0.00018760757226817665,8.874398234319514e-05,0.0015617332024561933
0.0007152278219419439,0.0010544272957853512,0.0020419611775431695,0.0015798543652841418,0.004348840138575061,0.00019848343960263137,0.002223626187106323,0.0040778382112123535,0.0004799666521471818,0.003334460388204924,0.0040778382112123535,5.882455632237604e-05,8.323054082275821e-05,5.8890638844830145e-06,0.0009448796009939933,0.0040711952095887904
0.0009905234107474362,0.001123399477625034,0.002847434723234135,0.0020847676772388912,0.00550272988703851,0.0004369458641468038,0.0012716338839685315,0.002241134062688971,0.0023283671097708916,0.0015967023370553751,0.002241134062688971,0.00048287200244316597,0.0023759706785652646,0.0020889317211928993,0.0011572951342528615,0.0008761509218448982
0.00010590453861107629,0.00010044872726579918,0.0012239068618618981,0.0005237012053432022,0.003436962849237571,6.889361526492277e-06,0.00018666485827135287,0.005610830942861772,0.0013076211930488774,0.001841374465564552,0.005610830942861772,4.832084253003632e-07,0.0006353403643565153,0.0007837890134135411,8.460295242339322e-06,4.829578349933861e-05
0.0026138971183721493,0.0018988923612338615,0.003691516350867681,0.0031540605975467415,0.0067343564342181375,7.147124600519195e-05,0.00026059415770745414,0.0008773315619658995,0.0007264493045892884,0.0031340931583521206,0.0008773315619658995,0.0012489299789997244,0.0014724857654527246,0.0008736625414814334,0.0008773315619658995,3.206417244685372e-05
0.001069732548712829,0.00048067765880101254,0.0019253689560514015,0.0013461090071028026,0.005132103451879394,0.00021528671841745256,0.00012104368301458363,0.002400412059353922,0.001762391361259788,0.002342934378488863,0.002400412059353922,0.00019938551254884002,0.0008670753839783163,0.0009447079655134222,8.725980859547455e-07,4.608804046429826e-06
0.0004917886614480907,0.00026823916806721637,0.00141111597711234,0.0006013672430196931,0.004408763577530686,5.00533006751111e-05,0.0008223018212539235,0.0034938977750472028,0.0019214032303988132,0.0019443930071524618,0.0012808119187522685,5.813918905975962e-05,0.0014144097470433076,0.0020782700877976373,0.0002190216415847296,0.0006194892791204637
0.0005804530179104456,0.00027207579512409513,0.0017881910429480077,0.0015291575080511252,0.0050350160514378225,0.00020122614968111352,0.0002529205277347901,0.002557985502947377,0.0008510622705717313,0.002707538765376105,0.002557985502947377,0.00010822425598433494,0.0007980237720152522,0.0010716359996144273,5.36185495437283e-05,2.6597616470391827e-08
0.0014139359823333447,0.0008187063942172584,0.002861130905805323,0.002279325240104678,0.00670152859053344,0.0001646764238434975,0.0003213796551842438,0.0008499213959480764,0.0017368106780434739,0.005056256110036954,0.0008499213959480764,0.0001935305066744844,0.0011565455610234726,0.0012542228806284583,0.0006767475965489822,8.378800780417528e-07
0.00036918562952199113,5.293064381253765e-05,0.0013496300465294167,0.0010909362367794995,0.005038180131022162,8.692948880867357e-08,0.0008505017841324708,0.0024890802046256266,0.002183816943671271,0.002470746491426881,0.0006937112136955262,6.542545345243622e-05,0.0016907517910164371,0.0016781336045961562,0.00029517447889688964,0.00039167546687796095
0.0007151554922481679,0.002070504632122952,1.2774353688342621e-05,6.243622732715615e-07,0.0018582230781717876,0.0003696815093436612,0.00014850414771688802,0.010842794542310477,0.0008359706593359592,0.0011419910301290748,0.0015582546577580028,0.0011340084058607883,0.0005228574571334646,0.0004864620389383664,0.00012330319993575367,9.404912343906335e-06
0.00013007141900495123,0.0001786791343194108,1.3427017165681954e-06,0.000143911362959534,0.001334903194425613,0.002625008706843346,1.1714001138751762e-05,0.014089614516687388,0.0002940980163180437,0.00045625111680041436,0.005716983660708164,0.003024730813291354,9.077628915889202e-05,7.379851021962341e-05,3.272086433587368e-05,0.000203695862425822
0.002788624143796402,0.0022274158703850314,0.0036845249991845075,0.004742970402179879,0.007001019837741408,1.085057959546859e-05,0.0018788008495387587,0.0007798090354309423,0.003444376335174845,0.004096415893657099,0.0006398460278335197,0.00012436964104631937,0.0027883290011567197,0.0030354595100532122,0.002901910057905688,0.0012455995352004742
0.001219970499322473,0.0007376039106704452,0.0014936138077415867,0.0016137763043831271,0.005240277577014937,6.50555865484917e-05,0.0008021661279119449,0.0023655800696492923,0.0017805372432959238,0.0038084500103255092,0.0009557944376062111,2.110412198197409e-05,0.0013368253577996647,0.0016810125915642515,0.0010185566137027105,0.00032432255667839277
0.0001018645894403647,1.4744552827850033e-06,0.00047493009701443656,0.0005819413601531737,0.0033641888310064205,9.22120692799927e-06,5.9402658862693636e-05,0.005845527751139071,0.0005463280631637993,0.0012269965364423152,0.002607154158758826,0.0005302795464836516,0.0003485173752836024,0.00043952784794255156,3.6181995207579254e-07,8.123759565690364e-05
0.00014524499103211325,3.950726333301624e-07,0.0010782050518489128,0.0015784289194478857,0.004142139834546164,4.79242679003386e-05,4.611068243616512e-05,0.004135059205903055,0.0006017372524413644,0.0017387732293620284,0.0030720275321803325,4.117780987353964e-05,0.00034484621873422105,0.00046873322765697556,2.3930132469256182e-05,0.00012203255860209622
0.00019332153495315446,1.7809854480077547e-06,0.001031378164740901,0.0016052178002761153,0.004243836805410892,8.594656274738682e-05,0.00022857294524666893,0.0038681815226776634,0.0012121586599962847,0.0021450223127907064,0.0019132666263596415,1.2095907136050466e-06,0.0007201557180488427,0.0009134681195708816,1.34178477157465e-05,3.306281619953888e-05
0.00021470310140087046,7.936506949947353e-05,0.0010210284237102962,0.0013072118103358288,0.0043480556715236734,0.00023737146417990296,0.0009387813905494535,0.003700494674308455,0.0020224855518506876,0.0021608511744149878,0.0005115308219684686,3.143012368242437e-06,0.0017874816993011383,0.0016994475399081804,4.711070579574428e-06,0.000489857802964469
8.252856065902453e-05,0.0003990428511718158,0.000287479301620909,0.000311938136239448,0.0028807360055549333,0.0005268623864093519,6.955343718013929e-05,0.007185627477111656,0.0006101107187475446,0.0010166936583803216,0.004296735339547858,0.0014891050652652837,0.0003934457072748698,0.0004328171705818215,9.9671029171855e-05,2.946761148927418e-05
0.0001693355563562038,0.0004330111408876805,0.0004437943278232312,0.0007707749709210537,0.00298512067816592,0.004715067583784829,0.00013555562249650127,0.006961475266825043,0.00010192999550291681,0.001243124737154419,0.006961475266825043,0.0028728298006809594,5.539615342199655e-06,3.066291594201742e-05,6.281245339683633e-05,0.0008999751067719705
1.586451921195553e-05,1.4005076542505934e-06,0.0006472517225842578,0.000878088267067742,0.003385112495059836,0.002954524921276777,4.1570113487945926e-05,0.005902786318634806,0.0001974353731091713,0.0016482227954111722,0.005902786318634806,0.0023322178067261765,4.632229019080336e-05,9.344677959886166e-05,0.0001370556589941549,0.000461175633311689
0.001067093395417322,0.0018342844044621637,0.0021807895684257117,0.002621920972809548,0.006011402369235287,0.00010245485479670052,0.0009236679244455509,0.0015275368238570827,0.0019221998770040868,0.0031282822405610325,0.0002875118275301389,8.95524032150305e-05,0.0016015618084108812,0.0017210273585806651,5.045404245410112e-06,0.00035539369669045084
1.8603537599304332e-08,7.348506549482298e-05,0.0003045473982801056,0.0002797056715299548,0.00331064147830952,0.0002826279692865821,2.6780655483296667e-06,0.005960837903989866,0.00033652934922639294,0.0016544409258119064,0.003228733850464585,0.0015401466327273905,0.00020947316885211453,0.00018482377819688256,0.000937372751546886,0.0002788877002224688
0.00011981678910758659,0.0002530335947017459,0.0010957857390827969,0.0011633862451808363,0.0044406486299344156,4.874731730751536e-05,0.00018159817285139795,0.0035823194305806966,0.000820340514953076,0.0023166704379115888,0.003498088321597065,0.0006609417652486752,0.0005651862103770791,0.0006064197151923884,3.4780294204367346e-05,4.118182465268072e-05
0.00031028522503843275,0.000541812797045696,0.0016811482968559013,0.001729601066077599,0.0055471764728271394,0.0003889597947254464,0.0012714559339397774,0.0019579631272916495,0.0020111982551041935,0.003390612370445363,0.0006130151244713861,0.00015525950703831892,0.001596305866165229,0.0018600396488262505,0.00018568979164085286,0.000401325184943839
0.0008098435566027268,0.00030575282921211505,2.2835329002920957e-06,1.2062247339274246e-05,0.0020250339727038713,5.1080547154663813e-05,4.22324977488453e-05,0.010181804035862496,0.00030391852655075463,0.0011506328478968486,0.0034741123011239328,0.0033657110042257105,0.0001278262963949131,0.00020867559469114894,0.0002889401495723698,9.627510987923749e-05
0.0002061254182979741,7.2327946406408605e-06,0.0003719675344012255,0.00038188179666719807,0.0029118549172728533,4.584043814131328e-05,0.0003458372285059172,0.007242621029239157,0.0009740492225498443,0.0011713994382523268,0.002327190219463038,0.0011944566917834118,0.0007400899729694474,0.0007373007835669854,6.484593971696484e-05,2.329033288419463e-05
0.0032314936609791345,0.0017904499771929788,0.00012199734176102789,4.884946743062557e-06,0.0009094676767479326,0.00018687784442111832,7.897210043086855e-06,0.01734588253383254,0.0005299776722022184,0.00016917493104418035,0.006811071947706512,0.0034354642627682785,0.00016740754305570593,0.0002180780767920762,2.2524075521390685e-09,1.4142821593822463e-05
3.135318096570555e-05,0.0001624693689622203,0.002235850679641993,0.002252855878366454,0.005292534528085646,0.002395861807865815,0.0022854676487596842,0.002504853894740991,0.0028556086948654247,0.002816399875142081,0.00012280420061558384,8.23606787374101e-05,0.002834230611163391,0.003310311589244039,0.0007246496446607631,0.001743934149293594
0.00036751340105902613,0.0007187750157315459,0.002830416923520873,0.0026939419028474965,0.00697599474518118,0.0032955815568292135,0.0007290946367010803,0.0007750930817227511,0.0009279970218144321,0.0039633609177632395,0.0007750930817227511,0.0006041295769332738,0.0009790574248032674,0.0016917603065312453,3.27204255063801e-05,1.490950453476858e-05
0.00024428600832410163,0.0003588395752625942,0.0021692576295827964,0.0017642393488724734,0.006307124728815082,0.0010438065243612432,5.964584856416044e-05,0.0011950652058305075,0.001808427484810124,0.0027665366055147633,0.0011950652058305075,0.00017461638310903305,0.0005838582822739052,0.0009218276633743139,0.001201632071582609,0.0001307838832625488
0.0014133136238163868,0.0013753498343070727,0.004628168142120831,0.004362330436510839,0.009270961338619446,0.0018624679066939903,0.0024606016808304543,1.7493427025352948e-06,0.004294301232950645,0.005508889156327107,1.7493427025352948e-06,0.0012840332272167285,0.0036858073211911146,0.004098766213198803,0.004474783938518037,0.0017310626505189497
0.001024570658240992,0.0006647255891492898,0.002984686075231155,0.0020195079966905255,0.007782566252338585,0.0011180813844546209,0.001023037053088538,0.00024741973588268684,0.0021129166174628927,0.004431790593817736,0.00024741973588268684,0.0006298925261628008,0.0017547491145372546,0.002397898180584626,0.0013014985400398443,0.0003977484212719165
0.008027843440177755,0.006322733190622237,0.009236009214875565,0.008764902946848972,0.01457921325340654,0.006334934789017824,0.003743250888232852,0.0022308146426203296,0.003824090241583762,0.010348752606589504,0.0022308146426203296,0.006718456728303547,0.00502773180649542,0.0056761001557410345,0.0022308146426203296,0.0022308146426203296
0.004691824432361741,0.010032138780770347,0.0032175795095952253,0.006144181422598358,0.000162886366181135,0.008517200637054731,0.0017822936807829134,0.06075377615508151,2.7253487683773225e-05,1.1470705122154645e-05,0.015393441916378203,0.005070227841291922,0.0002421811174331684,0.0005594702341035485,0.0016514993870566722,0.0022588965044086987
0.00041130709254811465,6.63614313001909e-06,0.0028839501945731316,0.0020043014343180676,0.006063655375717791,0.00011105091789489346,0.004316438675810524,0.0009161348738681019,0.005832236634839491,0.0033065071781694516,6.15754898332238e-05,9.19662436095689e-05,0.00552521303089356,0.0054491303423559595,0.0027400207656906456,0.00445942432901153
0.0006508837170750709,1.7392822853623535e-06,0.0024244785573071526,0.002132062394297446,0.007013047840826743,0.0002894285333590735,0.001370627731635779,0.009195635487192294,0.0012255468932898805,0.003755242812256504,7.4311527819143075e-06,7.101380621966219e-05,0.0017098832501178801,0.0026473387433542522,5.345764428343891e-09,0.000674066418895454
0.0009434044390886701,0.00025793775596894,0.002794451424519624,0.0024101421728833644,0.0075981164497787995,1.835633439346146e-05,5.9546309168705125e-05,0.007469513383298557,0.001669294882105564,0.004959331376749906,0.007469513383298557,2.9294009439476132e-05,0.00032852601922792046,0.0005083819861883207,0.00046704821319429324,0.0016443810862379962
0.0008643140698702534,0.00014982533967084627,0.002924071467981848,0.0025385462629893274,0.007895918916851784,2.4084731629563094e-05,9.899396630902446e-08,0.006764140526590509,0.0006778679663375087,0.0035430671478702755,0.006764140526590509,3.0336582515250177e-05,0.000437102257910528,0.00028093339036085185,4.938024993495632e-05,0.000830415066121401
0.002163012828029942,0.0007299099660017933,0.005220066381050707,0.005144838807826804,0.01045767967935457,0.002449502993970079,0.0006087415670140844,0.0022130791308856215,0.0035416643447218135,0.005990688227376452,0.0022130791308856215,0.0008287242014639873,0.0014972228895318573,0.002001044572349453,0.0005586503292016806,0.00010664238449945018
0.0010892062696669647,7.398709640424328e-05,0.0028137969664277784,0.0026033089640581653,0.008317465509354055,0.001589954533720274,0.0003235687943146798,0.0054906718815121575,0.002690854071306731,0.004328662079763949,0.0054906718815121575,0.00024801080148453836,0.0018247727602870023,0.0012322214786112187,8.498487661300069e-05,3.683486677679565e-05
0.0038631269798670986,0.0014698398270292512,0.006795991507184476,0.006738838892201615,0.012681898610702774,0.003954681781353074,0.0008062049305935376,0.00040716926874428266,0.002914372622801767,0.007557509067444637,0.00040716926874428266,0.002201279769141154,0.0025217776714977214,0.0023455023443110373,4.141163665555281e-05,2.868970444306479e-05
0.0008244530629506058,4.872840240573856e-05,0.0015514789301244308,0.0012830868276350327,0.007096283968244743,0.00019837599990384785,6.332544329522988e-05,0.008278849317761794,0.0012716778357152736,0.002750983275299261,0.008041204317036171,0.00012220117910310274,0.00026635452842658364,0.0003049433614655678,9.363783493365752e-06,0.0004784304932107797
0.0003770685061870241,0.0005514376723065595,0.0015939899975978278,0.0016923828266613913,0.006676776266031546,0.0003872862627003898,0.0007543416843735357,0.009582165938355022,0.0027233501595157056,0.003890920336979811,0.0023521190611816845,0.0006170418376519882,0.0017100368397906934,0.0020469336136266086,0.001029223462396589,0.0007268782442095556
1.4125580978519015e-07,0.0025990585213555017,0.0008011125439910463,0.0010256496380949762,0.005302712918172144,0.00011682173994086859,0.0004297466828104002,0.014556310499552735,0.001749706466796147,0.0020628074950642256,0.002712421357753181,0.0012643390467706184,0.0012752644868875423,0.0014587200619267104,0.000535174175821343,0.00033298045025118017
0.002378911081311573,0.013198418088746056,3.412763030460203e-05,6.063411628599857e-06,0.0020964025008539874,0.0005072765741412077,0.0004955950400372389,0.03600012883286274,3.2369693904056585e-05,0.0007537522851816386,0.008778353733860433,0.0037798109838747818,3.2422727208464286e-06,6.015306531763354e-06,0.0005253722670991931,0.0006627766246562819
0.0007541163472590123,0.00391237808113272,0.0001365103153437089,0.00044758722120000205,0.0028408570581847717,8.006293044988955e-06,3.618664439687669e-06,0.030171116022914474,0.0006411388250930974,0.001611556159050398,0.0024760071709466966,0.0010844559552110056,0.000384941543389028,0.00042514533760592416,0.00032215498397365067,3.4602979440134796e-09
0.0004108659711213464,0.0037068522707156687,0.0005341146543866651,0.001062982274803309,0.0038628555057201724,0.00032222417102980433,0.0005953197548475841,0.011516000670806978,0.0018546731039960768,0.0016722279737163004,0.0005141295117602473,0.0002424491290033831,0.0013807932053977179,0.0014021524623482051,4.765891270956668e-06,0.0005624853105637984
0.00848343845390745,0.023108399785320144,0.0009580252487230365,0.00029513160127969673,0.0004706634785257152,0.0038601360441449933,0.000961664161397896,0.04239278928333376,1.8926066341316827e-05,0.00015614364993334767,0.013692212287226155,0.006466482060006773,0.0001207751729877804,0.0002566619156583322,0.002130450171750793,0.0012164225971105225
0.0002584501702307465,1.1206643716663023e-05,0.0031158905510733567,0.0008073791665136193,0.006660554483786427,1.835466949318132e-06,0.0015909749663734346,0.007286774885620198,0.0034327753740592964,0.0032235025638931436,0.001325476934232822,8.811165808271515e-05,0.0030166846990432594,0.002682406038771998,0.0019202499356454558,0.0013343935648458538
5.2723030562376594e-05,0.0002482184038221785,0.0015408921067048137,0.001622581757822407,0.006024282530235979,2.1883726068414044e-06,0.0004888499306991909,0.009033554817492961,0.001043589620389855,0.0023140998860634032,0.0008701172700722529,0.0001759253834487315,0.0009080483789316376,0.0015757395909384575,0.00034806020565503193,0.00034203523037856787
8.161639354171274e-05,0.0016286329978071404,0.0003139521200450565,0.00045155554068965903,0.0037352479037078765,0.00013535420661162784,0.00017077259654593724,0.0148611518109827,0.00014846005389547445,0.0011307502032539413,0.003032511916174263,1.1189450828522074e-05,3.166736334089815e-05,0.00016308380327622468,1.2044867410999915e-05,0.0004034053600118284
2.4922123666594465e-05,0.00046195103889162814,0.0005007952357455811,0.0006344133406665856,0.003854339016670122,4.818604653768904e-05,5.711042053851978e-08,0.017126405655628896,0.0005941857953106477,0.0005015591057436902,0.003620481370808934,0.00024402945315971092,0.000384973918642402,0.0005397880075049197,0.00039508951153883337,9.615127069893814e-06
0.0003922604637232874,0.0007222700039909991,8.977359428868209e-05,0.00016068110829284277,0.0026589554140241667,6.218627442611258e-05,0.00014185287943530023,0.013407900958860783,0.0014408398217429091,0.0010991215347273958,0.0042774074524449535,6.887488291102556e-05,0.0007053766192518171,0.0011036827254375797,0.0012192592032566549,0.00029422835325473157
0.0004524292981611805,0.0002502578088758173,6.571107729128056e-07,0.00029446906815082385,0.001897424017659119,2.4095318988254233e-06,0.0006318455571288906,0.00449148484458102,0.0016913469471772774,0.0001988244605953815,0.0012891395029534514,1.7273786027255378e-07,0.001474234375155828,0.001394153146464891,0.0008458145365127928,0.0007418920438544488
0.0021039391266124835,0.0018959730073545497,0.00011165620434580581,9.092274853839816e-05,0.0009933884226145107,1.5256372195925072e-05,0.0003070896687423913,0.0016156705961679133,0.0007945617253558718,0.0013392354497496067,0.00016942128706207843,0.0002488105680750474,0.0007528389751655928,0.0006052257091254329,8.045247805454903e-07,0.00022977843087337163
0.00020703673821223512,0.00020841329907907852,0.004331645940144721,0.0018275562260949146,0.00035871757446235414,0.0035940637832735517,0.0012967964699013984,0.0056968141766539915,0.0005903484494424738,0.00011334537457430988,0.0015488632993019003,0.005080243548806665,0.0006850071135775168,0.0006734608227150427,0.004671088285096395,0.0014478641257251387
5.926070931541044e-05,0.0003032080236137838,0.00028151397107330917,0.00019824617914523945,5.015260742725208e-05,0.0003768789955634344,0.00020009106465132542,0.00027871359959193154,0.0009334211375759821,7.224880999604638e-05,8.948026008458176e-05,0.0008814818558601639,0.0006009434419098347,0.0005387903574775657,2.3452975579166258e-06,0.0003084390316198046
0.010026486284536285,0.00829112542534445,0.016095012323467897,0.008296516392523157,0.0073262830262191825,0.012171319599174307,0.0008716817624236164,0.007087924837366422,2.2289621634440093e-05,0.0015550999101216212,0.005070095829371166,0.015353336419822672,0.00022112705636240237,0.00042428395372574174,0.0008973686533797487,0.0005059138188507478
0.00398252938708149,0.003051731089855819,0.0036655735598589423,0.0023960628405799572,0.0034730431497165676,0.0012543701416496758,0.005084893437669213,0.001349589032302173,0.005411858369841337,0.0020560659992893346,0.0021195701145131085,0.0011329146226386477,0.006170505204569257,0.006080359180206205,0.004742739617939404,0.005543194388943587
0.0011995682588805123,0.0007164846133119532,5.717219690003911e-05,0.0002568932914833802,0.001156135226720617,5.729604302079361e-05,0.006314370619061385,0.018759897539765535,0.023530968122030316,0.0010033063408665457,0.00038983085496986647,0.00015525773039588853,0.008923228853807696,0.001030738489488793,0.001551761787553417,0.009942907058003436
0.0016399401487375773,0.0018449429812734675,0.00034705317595955243,0.000628497078632953,0.0013868641949291716,0.00011357715477303132,0.020875955602609575,0.05238136049723663,0.0005687252110934127,0.0010677544350762846,0.010109273980095188,0.00024717743764530314,0.007865680868259547,0.004301714984768945,9.175763154567473e-07,0.022954193498040593
0.001754110067709938,0.0018218183036986038,0.0007047606466019235,0.0009467479909442411,0.00204679489367178,4.646079816907067e-06,6.678812973377746e-05,0.0069701602486632736,0.0005784890252230196,2.3728660530422663e-05,0.015079885868562792,0.0004555986916187499,0.0006137429845024661,4.027904462226145e-05,8.382877495537178e-05,6.619357326731468e-05
0.002176485773148898,0.0008104606304729228,4.562058846663275e-08,1.932943578808466e-08,0.0004469774419523162,0.0012747425292225847,2.0522141146922523e-05,0.004616850332113856,0.00046906346415179906,4.118077933703418e-05,0.03583797110871542,6.843808663716672e-05,9.244991011157777e-05,2.92639654711907e-05,6.0660553657498895e-05,1.5444381117731e-05
0.0036218847736406365,0.0023081267310251646,0.0007289143866273939,0.0010072013237713007,0.0020083905969331337,8.068309229204707e-06,1.4286621506563735e-05,0.0017548118240543961,8.369941258967728e-06,0.00015166942797061045,0.009680747875724136,0.0005529784882367592,0.0004682434637090088,0.00038525389989996217,0.0019439886480289437,4.3033073247107645e-05
0.0009020846125499388,0.00019880842155628464,2.474605765050847e-05,1.397949626696926e-05,0.0003810697708035854,0.0003294862126206957,0.0008711197394059705,0.006097726395336914,2.8543114746766574e-05,4.606184336813923e-05,0.00541277847749648,7.19335495183368e-05,0.00016084447833290133,1.54589388075832e-05,0.0006477016087049342,0.000425186815941489
0.002033511183505393,0.0008308183418744147,0.0008122563362503998,0.001497068024108865,0.0019395869175580296,0.0002699357824859083,0.000109901495244695,0.0071659728576496246,0.001266110907182115,0.0005516000191279485,0.0002648664269549253,0.00011113200393435274,0.0005400852896751684,0.0017347526490657517,0.0010595794365875072,0.0006483941764021742
0.0011573853627183522,0.00023132253035564043,0.0001827982447059895,0.00043192997923170023,0.0011822344847217392,4.3184260581016765e-06,0.001938566204441057,0.052391908990266994,0.0005627203437478454,0.0011974019371021466,0.0006584721885738998,7.720944003894448e-05,0.0006360528179278346,8.55338711742773e-05,0.0005360326804239313,0.0013630000743550946
0.0003151266868219177,1.2022684358688196e-05,2.9460470138346906e-05,0.00016160690910967807,0.0006140008117729023,0.0003357879929378055,0.004228341205822508,0.026371670704191136,0.0004918367708526064,0.0010314758123737416,0.000860374154858172,0.000504883711107823,0.0013074836143290927,0.002471812040745598,0.004920268699072514,0.004673293448044624
0.0004998763638860287,0.0004306261546284662,0.00012720660855326804,0.00047858575227896494,0.0008028969860564145,9.949525281505861e-05,5.315103817835065e-07,0.0019039205124301711,0.0006444588725714878,0.00026694174421409284,3.0180825189476956e-05,0.0002448855600083108,0.0002903907525994634,3.8388861530472274e-05,0.0005889007854913697,4.130950111275872e-05
0.0009456475397839059,0.0003733539400615424,0.0026595065453692973,0.001543661133571704,0.0008706586304457128,0.007171761931593579,0.0006479639283020963,0.004949683505289848,2.140821593998865e-06,2.1326379346001123e-05,0.00423646509495848,0.007265815083755275,0.0001024268768302361,0.00021092198462369094,0.0011216171958611035,0.0002088102257222224
0.0007566089417690158,0.0011714851707870927,0.001188332108498863,0.0015935014382961604,0.0014658687698242134,0.00035686489730279297,0.0008668555346378198,8.874134050096405e-07,0.0015622518069468502,0.0009156900856056166,1.7214419792223323e-05,2.5348818582168753e-06,0.0016049087599202191,0.0018051147777033982,0.0009858421187154756,0.001382100283314286
0.00010313473035566262,4.5670916449400134e-05,0.0002457833685189509,0.0001694082801892774,6.155236250825202e-06,0.005036544535103049,0.002363885135708156,0.005023255154359002,0.0006785998844607011,3.1800142695562195e-06,0.0015680303258106473,0.001265703756206639,0.0013816198811324315,0.00026902860891969693,0.00015708342950333104,0.0012992782430344477
0.0002050503762439232,1.9461692372935158e-07,2.6772770872304785e-05,3.3440907127799124e-06,9.549045026660541e-06,0.0036466216801938622,0.0011641164169532564,0.005756522659833646,1.1695652792201305e-05,0.00011054046125559547,0.002234829570452561,0.0011307477491848128,0.00021585430359984115,0.00010949670238698944,2.8262835509461348e-05,0.00041747513209706294
0.0006784484259528129,0.0019959242493703955,0.0008954286402834272,0.0010708982283177404,0.0012814893281131307,0.0001885788809620273,0.00012651802444605537,0.001521196371081432,0.0007274063365386094,0.0002685467439469888,0.00039581886187517457,1.167080897919448e-05,0.0006038046500542876,0.0004627161946202732,0.0006233495887636581,0.0003751208260819039
0.0003477843457623739,0.0017953512808736721,0.0004350798421457955,0.00036363989488714943,0.0009581356218755985,0.0002041198886924625,0.00047044632969783784,0.005351784647146682,2.3454224957822345e-06,0.0007506739720373329,0.001420958245024334,3.768170951344574e-06,8.968403740670927e-05,3.738528932949181e-06,0.00015143131564508,0.00010636381393723526
0.00015829810628906205,0.0013608708303291597,0.00046745548602279,0.00043191188122722324,0.00104734694177238,3.301435859415225e-08,0.00021784324362520563,0.00372837495296377,0.00011376608963521717,0.00031032767354838287,0.0005410639894291303,0.00010105181382017575,3.532498933296602e-05,5.9679335608631146e-06,0.0005993569023361872,5.704120097812376e-05
0.000257204550412643,4.4837304965281155e-05,2.8943502131575927e-05,8.007317851971285e-06,4.036992810630552e-05,0.00038041982184212203,0.00032498992313927805,0.0067488094169168705,0.00020073694246183077,3.2946273795936287e-07,0.0017017781861300499,0.00039759409436670307,2.560726485738296e-06,8.709551660032733e-06,0.0002546533952523314,3.0409450627363888e-05
0.0008401291278143652,0.002755106921745354,0.0017015144166987323,0.002164239119193459,0.002148936840090182,0.00037434144261123264,0.00015610253717679434,0.002153036888665423,0.0006873924497235867,0.0012401258785022587,1.912763272368667e-06,0.00047325065934807065,0.0005289168360386801,0.0010849059440985118,1.5195964199257728e-05,0.0006145793923539311
0.00044471663262704575,0.001752193522894685,0.0010180862260575074,0.0010697389814945182,0.0020521161735300164,1.0894026887905972e-05,0.0003194018052261535,0.003930672382252795,0.0002105786297002324,0.0007750222107286431,9.760681280832767e-05,0.0004309304034619543,1.9173085381470056e-05,3.305892599509558e-05,5.648736080914041e-05,4.7167618249424614e-05
0.00013175982459868313,0.0012017720058390552,0.0001710780553109692,0.00011656565809498726,1.9761531787634845e-05,0.0037320816962265885,0.0013747507327007344,0.008500145647728205,1.5167637473702256e-05,6.237834382172291e-05,0.0038528002452146437,0.0008304033810587683,0.0001680485361029299,0.00033888222971122095,0.00031506970560184894,0.0004866659827571576
0.0019873629744212515,0.004656060758501002,0.000973658664135929,0.0014463700944679844,0.0016573176412443824,0.0003996970538521563,0.00025821076403229754,0.0008802546933807456,0.0013393404476166465,0.00052446649932366,0.00013924416987785848,4.655863012360123e-05,0.0009749569417819015,0.0008742949650397125,0.0007205591199429401,0.0007432003901857928
0.0027265549069559886,0.005157674127887701,0.0016725362196381433,0.001982037281174895,0.003004261526124638,3.5701428327677975e-05,3.805063528911079e-05,0.0024058367237787467,0.00038946217260128757,0.0014212699783840987,6.530945005684546e-05,0.0005962854525062428,9.878306793877772e-05,0.0005538359244268709,0.0007809009956936189,0.00013055713075568742
0.003984787356355254,0.006091009226257577,0.002447018074614324,0.0015917005164282766,0.004306997428139031,0.0002033463177445738,0.0017482141214916064,0.009921395817533887,7.42147482285932e-05,0.003137197934232769,0.0002608329973367088,0.0017088345643893887,1.3712741879577661e-05,8.994382508897836e-05,0.0008333201544651198,0.0002640886191436556
0.002245284660858979,0.003855627412444579,0.0012084906393848849,0.0007380263864585138,0.0029687595309179082,0.0003882230861317615,0.0021331303605035545,0.026474056528713458,1.1634129221810285e-07,0.00082022746558328,0.0013359159871101853,0.0008196784593357959,0.00014398079368396766,1.1358569256568474e-05,4.1342957177545325e-05,0.0007038730883587585
0.0017951339116277013,0.0033345558748634208,0.0014170902270946861,0.0008661572303809151,0.0030704268912787464,0.0013231161985963122,9.77382206074004e-05,0.019843874424889482,0.0007559725081174584,0.0014330916693965773,0.0012542928713882295,0.0006608563044528462,0.00014261719297616743,0.00037218455430051284,0.00022492011025220665,3.7057625463264576e-05
8.44491081751289e-05,0.0003107187103244119,0.0002937871106224177,0.0006664559470606624,8.382615244529462e-05,8.658883027352904e-05,0.0020347312000178752,0.03418569548894107,6.593138786588348e-05,7.951761323127249e-05,0.010593734359913037,0.0012381364347742313,0.00033452212068385556,0.0004655129253641477,0.0014533569415158681,0.0009897329272027314
0.003072515552761515,0.005630583037966416,0.0011412370300024066,0.0015961143743376816,0.0021544668062360647,0.0011236071125563726,2.3477595163523546e-06,0.003479158640477903,0.00021312302048438064,0.0019311374625479369,0.0001228015302437227,1.769062598950405e-05,0.00029161673155354145,0.0002583771552450223,0.0017278097197123282,6.314513483912654e-05
0.005331113159527438,0.006721096954496429,0.0013952076915214051,0.0010708580774893284,0.0031041794437045925,0.002395490412854799,0.0006789606977402191,1.1637901065252032e-05,0.001896157178245289,0.002637323240737996,0.0011301708939213811,0.0003798109147412701,0.001389529416469179,0.001617845397182939,2.3373360250412978e-05,0.00106653788216763
0.006250735600482518,0.007408398005159064,0.002331283199278854,0.0015050453193002633,0.004407220649035967,0.003690143435432572,0.002731422068271497,0.0005949742607550892,0.004356624967626496,0.003614422352473612,0.002916821044729491,0.0015320778913560443,0.0037075949867376307,0.004419073188199549,0.001878957940077322,0.0035482130567735526
0.0028658662040415422,0.0017981327633898592,0.011589378505900652,0.01340367688901456,0.004536900517638068,0.008542339329475374,0.00631610873726185,0.022721698792961154,0.0018674699128581745,0.001189558302891927,0.01113302442654647,0.011740887103905653,0.0032857273124786007,0.0028495646685341852,0.002963649996617246,0.004661914478778173
0.002889574409850132,0.003986527242582499,0.0035248574452925036,0.00376236095812528,0.0031718798806403548,0.0007679857529635653,0.002489467831082226,3.583972538147989e-05,0.005161904221210191,0.0015275002499732515,0.00010303525908676725,0.0006661079849420853,0.004074531416922086,0.004049353909167504,0.005277431232936225,0.0035119866683184647
0.004608531720296308,0.005808661470548468,0.0034505321556240753,0.0026464991176196745,0.00549232198636667,0.002210950133782877,0.0020734369534564437,1.873741887253172e-05,0.0030223394433850567,0.0016611347772325993,0.000539774741649568,0.0026129808415453343,0.002747807737567262,0.0036431826883465135,0.004350206254766967,0.003315225753857079
0.00011500305814005074,0.0007464906134694027,1.2961489695026418e-05,0.00042053868749227646,0.0005332228800422403,0.00023478133281035207,0.026029024351500507,0.02749468945378275,0.009722216278641532,0.0004818423356287016,0.006191007953020883,3.8654132277410325e-05,0.010437568906229669,0.007510188852337396,0.002812085076433962,0.019130225439670565
0.001322692323897534,0.0026521879293839243,0.001654213691255707,0.0014219745129664257,0.0029517147842169564,0.00046372668854897936,0.003387598043354645,0.0036256325261907335,0.00012764606580491916,0.00021051934751587648,0.0002599746783882445,0.0008946985220240344,0.00021315212126782335,0.0009335414014378304,0.00014395852065118842,0.003192575553450233
0.0003660754967253835,0.0010593599038167534,0.0003770156730275448,8.541846050951624e-05,0.001489164898833134,0.0002573453538633405,0.0008660253177508737,3.56454384721136e-05,0.002971362760790741,0.0012832224363076017,0.0001187819565980075,0.0003992991877247304,0.0014264279002539626,0.0015431540748133132,0.0010801525321716687,0.0017815251606196625
0.016964996723928927,0.012134602294709668,0.015884664205805532,0.01577999878705856,0.007637956001429941,0.010814673618826195,0.0015585504550996235,0.0075546221324179486,0.0003431828978437759,0.001253058113486194,0.007134555925581251,0.01002837035976345,0.0003947624015011725,0.0009581657978473893,0.002953415858235775,0.0008505911959578658
0.0008644602932825762,3.2226351602340775e-05,3.623940198865111e-05,0.0006510913707904048,1.065743236307315e-06,0.0002548084490980179,0.0006221533110527672,6.463306830197663e-05,0.0013107904073120027,1.4933871227862383e-05,2.1858818240738653e-05,0.00045606953451664267,0.0013337860343294317,0.0012212313972022049,0.00020382725027150161,0.0009568801670931243
0.002921365687542185,0.00040634822493984535,0.0010786963134778935,0.00016574219910125282,0.0005057375105949682,0.0020114030869737287,0.0008576921450191635,0.003611768445327429,0.0005262452261132547,2.948703723566759e-05,0.00045280995270884083,0.002013682285718084,0.0008575361985937377,7.10985984322815e-05,0.0013553161989103349,0.0002871780549931341
0.0005145378827487168,0.00012819727326968816,6.730986376081438e-05,0.0008162704273990892,0.00011354252258338748,0.000344534585740415,0.0010229628913104374,0.0033872513394569703,7.0006120040239095e-06,0.000643794522069141,0.00020230029815136719,0.00015294573578303328,0.00021869476108300756,6.552712447704945e-05,4.855808136686873e-05,0.0003063397891476388
8.528271257685766e-05,0.001781736693747947,0.0010766385319373323,0.0019133499007688085,0.0015686672968924925,0.00010141974988921859,2.234373842793791e-06,0.0021260471478035947,0.00046372564927222443,0.0006361960116968574,1.3245772676716283e-05,0.00032553951993247177,0.0003450491790541396,0.00016804689702160786,0.0004822261485088672,8.287099660159863e-05
0.0017984805515085384,0.005029400893963941,0.0016011488122783107,0.002240279842134936,0.0023264530443851683,0.0002632917492117054,0.00016815118663218026,0.005983818066862781,0.00023255571622250726,0.0006419703026546292,0.0007987183440486476,0.0008838335657871885,1.845964797752425e-05,9.959038299299505e-05,0.00045793855261336974,6.124726048398199e-06
0.0012803189058498698,0.0038858876194365205,0.001204606395695841,0.0011910087654840862,0.0022707856847051094,5.0975270894468294e-05,0.0009481602491021729,0.013668441621288982,7.358250051695686e-05,0.001123135285294341,0.00465853494507433,0.0011778130720460286,5.738260021120878e-06,6.443336257776905e-05,9.775391457383237e-05,0.0003828590675580626
0.0013270229765841995,0.003471551576806217,0.0011471062317640335,0.001046864424537955,0.002289048146490176,7.930284457381004e-05,0.0004367573423654722,0.004942705049062357,0.00013959782005441151,0.0005940610451276862,0.003211483274594265,0.001054166035505226,6.989460760851995e-06,1.4617375365677532e-10,9.956130833035232e-05,4.1520322847515834e-05
0.0001172571753000548,0.0010901839411856587,0.00017340101013178094,5.6542404636164556e-05,0.0009593962196453518,1.5028724842956753e-05,0.00037086692160550466,0.005114560012290895,0.0002716178469408456,4.936699079207546e-05,0.0031666838412774123,6.528209992190392e-05,1.4149898108772874e-06,3.58019226343112e-05,2.0744198615682552e-05,3.964069089645861e-08
0.001045275618885011,0.0031293081982633197,0.0003509287816448256,8.149700423273898e-06,0.001156717624228698,7.809187329441136e-06,0.000800861141210002,0.01093099646134997,2.5613782440876698e-05,0.0012109999597512827,0.00240174711594536,5.044373386359213e-07,3.105911996283128e-05,0.00011435262220109432,1.4091976879716805e-05,1.7133350146393556e-05
0.004090477043179358,0.006503878422906326,0.003105778472463877,0.002809439378043954,0.004636923689776938,0.0020750739944982166,4.030573559368755e-06,0.007454891795952309,0.0012055278190423735,0.003438872237881141,2.444456236861542e-05,0.0012661755292985022,0.0006375327856733698,0.0013143427872337327,0.0010766505201346005,0.0003847333517249668
0.000989056922412121,0.002176679487918408,0.00013505785165202067,4.624530698604801e-06,0.001113834937103944,0.00025846758776007506,0.0005595218238777303,0.013169736058113501,9.36139070746092e-05,0.0005756370150371282,0.000712261526782873,3.3486261642672044e-05,4.959038428647977e-07,3.7717673380399663e-07,0.0004824099245586827,0.00012202914538068932
2.6557932486258318e-05,9.584304266811033e-05,0.00011209142666202682,8.934016306681725e-05,5.161105469581734e-05,1.7572081520748906e-05,0.001359280249262039,0.015605196586895867,3.9093304000072104e-05,0.0005946628224233752,0.002652562229717312,0.0015424090728250878,0.00020832088069456384,0.00022552526153669233,0.003662251627142024,0.0007126761634217715
0.0019710791994844296,0.002888931417516845,0.002519817468567928,0.0017673265753978679,0.003447023221520254,0.0020463189851603752,0.00032263658357387093,0.0026046063812415754,0.001710696375065518,0.0025822362964503243,4.048819453107699e-05,0.0003776550719356564,0.0011008712948388788,0.0015168214024580615,4.605536996899612e-05,0.0007789261885585361
0.0014338943695589579,0.0020383419679303183,0.0013633952037579583,0.0007279508888427752,0.0029199641763521245,0.0007027322842051778,1.430836701878102e-05,0.005785490610824021,0.0007679843701020803,0.0021438979777078024,0.0003628456141873404,0.00017245450945855417,0.0002301910338664906,0.0005112531618352636,5.428595024868643e-05,0.00010997510499052149
1.041548116897939e-05,2.581530866837406e-05,1.6195314874366262e-05,5.090480196138364e-05,0.0005917980450213384,0.0007054400721987208,0.0008849538740185736,0.008986052769716382,8.110119967303514e-05,0.0006635938512131387,0.005758771058497633,0.000715486787420179,7.107374467379968e-06,7.54779343383194e-05,2.2236276878639938e-05,0.0003391716919269386
0.0006360061679878543,0.0008601509591369336,0.002015956104422803,0.0017934981132005229,0.003108812670718261,1.4604009036689458e-05,0.0001755814523228122,0.0008106835621054867,0.0012131614050838388,0.0013712103612575008,0.00038397913282590956,0.00010195796881356384,0.000810086800435067,0.0009002422858120362,0.00099033077106718,0.0005044977308705165
5.260824739303227e-05,0.00019111476862876398,0.0006762560540332502,0.0001321906960553565,0.002038628308379295,0.00031207769768463317,0.0007756233374826282,0.003665415748101933,1.8584521534206755e-05,0.0007357778786440602,0.0009254700876858632,1.3208759960997574e-05,0.00010732038558308038,3.0246129701101687e-05,0.0001914881176905761,7.778052673935998e-05
9.326605854362291e-05,0.00011582501928039668,0.0006685843094734467,0.0001675252872006261,0.001983759409777436,0.00020561309514252613,0.00030089727382569265,0.004472698977552175,0.000605906207514377,0.001792979359911781,0.0007542423118317501,0.00014430090545106827,0.00016687189959765925,0.0002063237756794109,0.0009040658383715067,2.835071017927293e-06
0.00018425794990544614,3.5088299836227854e-06,1.223997040635666e-05,3.763403244111396e-05,0.0005696751189566071,0.00039943143223611366,3.869435748691391e-05,0.0039588804134749606,0.00042411833793928183,0.0003571694873424347,0.0010640633459087709,7.791120386040767e-05,0.00017861334466379164,0.00016758721689037748,9.408109042283175e-05,3.844704427497653e-05
4.356703321398148e-06,0.00046457882414152607,0.0002404493521906692,1.37779498175436e-05,0.0009336687124954501,3.95479485543887e-06,2.2517358672646814e-06,0.0006647548009560064,4.850220649332826e-05,0.0006099569132271832,1.5835999150198843e-07,1.923129222744513e-07,0.00011166524903520603,0.00016379441086618318,0.0016933294789374803,4.797036855314768e-05
0.0059594926595477465,0.002216593899256422,0.002656843177034948,0.003937952347502202,0.0008539725141868335,0.004920984567658604,0.001531507023854295,0.005950398968797843,1.7039390299192214e-05,3.960218666708426e-05,0.00271021281732009,0.004793175311866654,0.000347705810538744,0.0007067167824623619,0.0020211903721137417,0.0010009403358211821
0.0011674608509456424,1.1280675375473226e-05,9.247559122074755e-05,1.510954155697214e-05,0.00016354323134343263,0.0007678505277665601,0.0005795870545008963,0.000280355452832462,0.0017749041173174274,0.0003745465458961858,4.5070026919981354e-05,0.0007611347535601276,0.0013027232594372204,0.0012226644219431315,0.0006403055188505952,0.0011009296258770035
6.697961449216028e-05,1.734331745665424e-05,3.315197426570493e-05,4.665635851070632e-05,0.0003563917473609693,0.0001862807978183778,6.514529594381369e-07,0.0014916933405420482,2.370860851464568e-05,0.00033449815441953523,8.595664770932876e-08,0.0002604419725667842,1.6765904540139154e-05,0.00025680000830130556,0.0002535876398514908,3.384891822590802e-05
0.0001224254572811806,0.0007197541739937668,0.0007458191922454366,0.0009344598335801896,0.0015629106161800105,0.00017729954715040713,0.00023682259501388997,0.0015291846160627176,0.00023834737762322422,0.002208565385368344,0.00015941756957226633,0.00020710292369983258,2.0179450974724955e-06,0.00010863118934084648,4.635107936454275e-06,0.00012061506038250902
7.313581354813359e-06,0.0002553779834189099,0.0002725166626873429,0.000280984632934439,0.0011781769706132733,7.176767822740515e-06,1.5441689401665681e-06,0.003442097649512102,0.0007760405495760014,0.0010102954412526538,0.00021063623045666086,0.00013771801509129128,0.00025871893093672854,0.00020527843368622206,0.0003879380138644764,5.279531488865813e-05
0.00043980011481804804,0.001571650555061553,0.00028671422696303905,0.0004743013022420334,0.0011152135627955084,0.00023229171706128093,0.00021901277570018918,0.006225712038592346,5.660577183927429e-05,0.0006554417296709275,0.00179595284990864,6.956011284005303e-05,9.431173728230435e-07,1.9602805249881172e-05,3.987894991852592e-05,1.3335944738006311e-05
0.00030579528314608057,0.001136450909569417,0.00023121569941740583,0.0003313841348927746,0.0011186191734121123,0.00029022462968849444,0.0008184761942976182,0.008435192454631923,6.531965665604322e-05,0.0006457835461219363,0.0027444426021539375,2.9096717374978154e-05,7.239630330099778e-06,1.910582725093979e-05,3.243149594355649e-05,0.00034030747016339236
0.0003330849806598424,0.0014449592625253652,0.00042288110054859024,0.0007090079101006036,0.0014883958074913134,9.474133676554142e-05,0.00024546449285267613,0.006844958582256033,0.0003350747986440028,0.0008876297168802158,0.002705481607535018,1.2651652243990397e-05,3.3412906014461397e-05,8.69115736653811e-05,0.0002469368957366616,3.989597951982449e-06
7.902303202758643e-06,0.00021710247585306208,1.577121053239483e-06,5.87534251668409e-06,0.0004181234747981655,0.0010211399637014978,0.0011747747031221403,0.01276459058787481,9.109648376540158e-07,2.4659777643973313e-06,0.006774839380072228,0.0006443172076746537,7.477579021287345e-05,6.694100888543497e-05,3.888815692432851e-05,0.00038744178691986486
0.0003646794397891076,0.0009593569329932883,0.001053622141119176,0.0013666230138478438,0.002217165420316136,0.00024445471442244987,2.5160817091481047e-05,0.0026240120249224064,0.0008048710792254304,0.0010375687206001794,0.0003178108250525627,2.8997776395020547e-05,0.0005738577504518783,0.0006502992784472306,2.755555707917995e-05,0.0002021853623676087
0.0007415191497863599,0.000178841167192495,8.659425927660253e-05,0.00032784154044233904,0.0002097787086668343,1.8984730372477443e-05,0.0004947586732187079,0.00543907100568379,4.648467782239485e-06,2.5992109616290726e-05,0.0011042898729267184,0.0011857922527259007,2.0550897298313164e-05,4.312616350247989e-06,0.0028314920659205933,0.0002505767823158325
4.037760517392602e-05,0.0003751438053146011,0.0012021140018753512,0.001655872200431903,0.0023045033527347505,0.0010425736558534945,0.0003327046944526582,0.0005708919132680138,0.001403235358139826,0.0004703616362093377,4.2659778385308045e-05,6.4700196559172585e-06,0.0010838588595518395,0.0011710545713632461,9.255247102517988e-05,0.00045839823897035614
0.0001400396560095954,0.0004392226458229745,0.001538032917534668,0.001613415778212314,0.0032561852923659526,0.0009383096242812361,0.00016908005436264834,0.0013736579217642417,0.0008977966748431876,0.0017440286177044864,1.1282543527363353e-06,0.00016349105620795668,0.0007117053149911651,0.0009950320028754706,4.774339512368664e-06,0.00017088389645003588
0.00015828687250198092,0.00036100270057552036,0.0016427240338739296,0.002042990704472468,0.0035531820739955478,0.0006094310419143684,1.8576310301728072e-05,0.004414152776846508,0.0009754481441562324,0.0021531094309340804,0.0005055915131544769,0.0003152255751194266,0.00045257555205977656,0.0008368915754952272,0.00029602348708724496,2.3412199967612346e-05
0.00017001393198650544,3.136781985285664e-05,0.00046414845717464986,0.0003323650695904873,0.002027640216024043,1.7306167159746033e-05,0.00010533424961375881,0.014631664954990561,0.0002549490504725957,0.000156278883763121,0.004272012098708838,5.36174050985716e-06,8.013782715535905e-05,0.0001850725032613021,5.640400688498165e-05,0.00011603688510995053
3.261378955499161e-05,7.320038040214971e-05,0.0015828463549796973,0.0017775693174558876,0.0034143620679602804,0.00019842051403993338,6.8548609001573e-07,0.019657493407903126,0.0008872066727914976,0.0006090825037003353,0.006200157306936821,0.00039396270237790354,0.0003403134142117778,0.0006649206597449386,0.0007532212404945046,1.2767138823539803e-05
0.0004196582027729476,0.0003140809586387183,0.0003843450225438985,0.00028867805540645775,0.0019251910779507428,0.00022861345484329054,0.0008704663534805784,0.03989938148256489,6.983207278861425e-05,0.00033711298068859336,0.0183023958972887,1.3145695266704449e-05,7.903086070223941e-07,5.165351967865994e-06,9.886843387178074e-05,0.0004484841846060031
0.0009615191689350544,0.000853520286641693,0.004612523663861175,0.004527909012787962,0.007122027458435362,0.001958729790503988,0.0010918456831695844,0.00252265505593037,0.003041849453681092,0.003269578071801768,0.000145915916340493,0.0027052274780813568,0.0026763380833098246,0.0030163648521650543,0.002621678253498183,0.0014655862248319773
1.0284468522220314e-06,0.00016006405363742926,0.0006309103672378497,0.0003767244877970616,0.002837193718438505,0.000139113551886276,0.00012122407393602708,0.002179230881166068,0.0011449348922896799,0.00041146022497461077,0.0002512817911885651,0.00012430381335427898,0.0007486819357606506,0.0009576303517406515,0.0004485656311287792,0.00020614271293269842
0.004424090642915324,0.007546443686091309,0.0007243405701675074,0.0007477766868849711,1.5996885938431016e-05,0.0028334574720786376,0.0016090379455325696,0.00790294471631936,0.00045745411621248705,6.42333688442645e-05,0.0029090272149444457,0.0028028281718155135,0.0005647382538058812,0.0002984047530453157,0.001378333025910873,0.0015004240643831657
0.0001457590887550611,7.857122249065734e-05,0.002454469976771498,0.0022560480294496546,0.0038944426471371613,0.0004773549463832974,0.002156607421215276,0.00043042127832547405,0.0035351921141953332,0.0027672468213863002,0.0018635872126489608,0.0006723554034495233,0.0032876695867735117,0.0033260628380755025,0.0020641552230351717,0.0022195679353926717
0.002164842638887346,0.0029730322146750005,2.6392614650504187e-05,7.004506803679617e-05,0.0005701680934588199,8.050135914994955e-05,0.0013840167162895989,2.6214299817514664e-05,0.0025486646127794166,0.0005838030819761628,0.0007585063822260971,2.513126668370752e-05,0.002030631683964383,0.002087764834162918,0.0007871665359918123,0.0016439987697887681
0.027494395915398373,0.02400203111768273,0.012230508490018707,0.008769393351884286,0.0059888502945439764,0.013707972375217148,0.0011048018946000562,0.007491624122458823,0.00022900022288020738,0.0011323283744631082,0.0033842121815177567,0.011834914115062017,0.00037629685779131533,0.0005693952733320518,0.002323227324005056,0.0009701266778133488
0.0008643717954880739,0.00013816538591084754,0.0008450987434698853,0.002152419444225742,0.000653303010619527,0.00035470545622647703,0.0017968857392185733,9.36904183768128e-06,0.002888957224690382,0.0002706854323837188,0.0005278448190377538,2.4320715823492045e-05,0.002594292976391549,0.002481142671789144,0.0014625577841842208,0.0018978526905945592
0.0001096216042112616,0.00017541731373336283,0.00042828882697348164,0.0008190313286633374,0.0012612740310852938,0.0006000177106394444,0.0003413420076806839,0.0006362149211887186,0.0006630709984331851,0.001231381318583788,9.990139631779055e-05,7.204171981434193e-05,0.00039155079829984035,0.0010420716641775934,0.0004181911493423146,0.0005132937505729629
0.000656685374956445,1.3419548072525489e-05,0.00010931784170079006,0.00014854730434119695,0.0008220128094494975,0.0019917370830627792,0.0008716412565310042,0.008553723901160992,1.1723619474768299e-05,0.0014975729884670122,0.0025671637051181556,1.5882726550620063e-08,2.210385224737238e-05,0.00010414407599917269,5.3354576978748014e-08,0.0011616948883758013
0.0010465679553349275,0.002134947840017186,0.00420659477277549,0.004813665897105898,0.0057941528860753835,0.00026707775311371473,0.0007988845412598353,0.00362254006366336,0.0023085483226857884,0.0039731446124008085,0.0010673335819488608,0.0025620593906943157,0.002045164909004117,0.0013781588362673097,0.001970535770933979,0.00034381416265272247
0.0018068422477177104,0.0028293647229101493,0.004727998896125393,0.004603087346441714,0.0071081775864793376,0.0004531430518837365,0.0013143663818901766,0.007080986482153689,0.00433744072853727,0.0058196865105174245,0.006885728053118087,0.0036908936078311402,0.002108739628732939,0.0027480314749672163,0.0033609312154890617,0.0014928336081249244
0.0027364468918255544,0.0026473400673366135,0.0033952987854407868,0.002558829837059101,0.006409262924184589,0.0003218061289325391,0.0005486984910016354,0.011288796742084578,0.002004151234986311,0.005813529627970319,0.005727378563477908,0.003539995389484435,0.002207662568193172,0.0015370936098348179,0.00042095177907890136,0.0003762041018787604
0.0005990516954816616,0.0003982854008388048,0.001282098118453888,0.0010003704752276146,0.0038761799865853624,2.911149616636327e-05,1.2294451466610123e-07,0.015221139233391079,0.0009971545060520892,0.0024289334673889412,0.0013122232038142306,0.0011085744362502384,0.00047985514349239283,0.00041836780769421295,0.0006043292125465297,9.796870223689746e-05
0.0008688296985938787,0.00047265395032668883,0.002262363342968983,0.001710146272723742,0.0050217257963232065,0.00024768383795582827,0.0004907242272553514,0.008561190704886493,0.0021305166934541403,0.002743681194407002,2.3670422365618116e-05,0.001061179301874618,0.0012416222543729302,0.0018317669848803703,8.736923817087572e-06,0.0004752904500342908
2.708729872012705e-05,0.00028858206562731165,0.00031125036558495717,3.710981155314458e-05,0.00240835768536371,0.0010603194451260234,8.247886006199773e-05,0.03356517281700619,0.0005707589531462193,0.001833505985904725,0.004333692567737024,7.574600590598557e-05,0.00020593443148498453,0.00028895889807031144,1.737148299305047e-07,7.529836647922339e-05
0.0009738516892066618,0.0009066967141928145,0.002894721421999452,0.0027865346099192334,0.0058189954820636255,9.968484880956002e-05,0.0010785829464657892,0.013374324372987634,0.0032021630393259393,0.004298339428928197,0.0016516659847018028,0.00033455987835418616,0.0026458780884735036,0.002686089157654406,0.0016344080308180534,0.0009663560808716581
0.0006982300303137526,0.0004824749304270237,0.0019106010942800816,0.001531937847040081,0.00519413630187171,0.00035375266227444246,0.00021940025053790446,0.015785086500359174,0.0008110495618658259,0.002208302682295507,0.0021360451873072075,6.549692402745e-05,0.0008218703759317186,0.0012310909463243078,5.097283754134513e-05,1.8481527916086593e-05
0.005640943601079439,0.0049144877146918425,0.00830238013991004,0.007510756579031025,0.012225896336677082,0.005561007622075231,0.0021144564157170725,0.0007498867795655909,0.004602272894620972,0.010134005536114474,4.2449200146642274e-05,0.003998897529959508,0.0037570062405311994,0.004667606009077126,0.0006901941984102794,0.00074593783092642
0.00042393835139198366,0.00010024938002686085,0.0016767461665566086,0.0005058247696342749,0.005592090536666594,0.00022015931746350442,6.992223612860976e-05,0.013552504967531728,0.0009357601646335159,0.0029016851999314475,0.013552504967531728,3.286708141147371e-05,0.0002534305623837496,0.00034706494014486583,3.0485550837511255e-05,0.0007464230692588655
0.00024783086680699173,0.00015513303917532445,0.0018051657064603738,0.0016949666279629239,0.005220269723118939,4.9949863718160015e-05,2.1051978018125916e-05,0.015139795947894982,0.0010001368473542271,0.0017670118310211674,0.015139795947894982,8.617009022594824e-05,0.0005194907034758861,0.0006321502167986603,2.872445475324281e-06,7.28404389215287e-05
0.0008332694199253698,0.0005429973458851642,0.0031717502038712334,0.002440474941773796,0.007076798132348003,0.0006891490123612648,0.0008208313633628339,0.008715175481770254,0.002396980989955548,0.003874521226181135,0.006536869980474244,1.788991010887031e-07,0.001934773741006507,0.0019230903041611846,0.0006119718786431749,0.00021861148431996658
5.1378310632260726e-05,9.1049345468594e-06,0.0015899749889172338,0.001041696647719484,0.00529510284257044,2.9818439212590808e-05,0.00017789456251895291,0.014768555448731735,0.0015056362615156055,0.0020462199095350603,0.011507306433990158,0.0006363470010184794,0.0008641497120470548,0.0010469098069337684,0.0004632263112538254,5.4743099598686396e-06
7.0950705407107906e-06,3.5334382614271576e-08,0.0004240080640517327,0.0002644438642504937,0.003212991567190862,0.00026772588185019347,2.2268974807795883e-05,0.02662906861208822,0.0003747870287905894,0.000615201832328563,0.015428124196672263,0.0026280277412034786,0.0002008954709604438,0.00022187478630012608,3.598919585019733e-06,0.0002929973033150776
0.0018641557882871224,0.0017822785228542304,0.004793924774724956,0.002045626338284111,0.008625297057775566,0.0027125700413387216,0.002514157052409427,0.005253808919482655,0.004143319455481874,0.004651398631093401,1.1489202597345094e-05,0.00021237272210909014,0.003599073711436765,0.004160161254123329,0.0017234471827664438,0.001697129795043821
0.0007456606449663186,0.000558841988988576,0.0027532064090065797,0.0015692430104102956,0.007048602774384141,0.002310165406036749,0.001307085140163089,0.008799735209636297,0.0024057435298114466,0.0037078339097274954,8.512476304227412e-06,1.8519226403772293e-05,0.002008523872908556,0.002567461946488825,0.00011898583392632583,0.0005463045410794287
2.061515772269762e-06,5.8843133395047875e-06,0.0009273036068058738,0.0006320790973039087,0.004497912448253642,0.00032444128961974655,1.188118354294998e-05,0.0186138956076366,0.0004902517247671878,0.0023739222815921043,0.002857870830559009,0.0006170006772868025,0.0003278401753411958,0.0003803399744585906,0.0002501255677991518,0.0004286277945328362
0.00032650966593817526,0.00014486347279624862,0.0029214562432973157,0.002429644597574672,0.0069701764884793835,0.0009529265020175384,0.0011207248201151043,0.009136530693266198,0.0025182509731428715,0.003593532016267685,0.0015980120003079926,1.3074140828295278e-07,0.001973822362595315,0.0020669358151300526,0.0008210895735592527,0.00024718196124463854
2.785639480729074e-05,4.40942137643896e-05,0.0012548377604407468,0.0010507455320233755,0.005147979593232807,0.000289227842214107,0.001358400361449151,0.015482345934352798,0.0028625558878929702,0.0030462022198694955,0.0020962535593488305,0.00028926356604253023,0.0020872919363067732,0.002238010204040554,0.0010732445746334113,0.0007927992252313373
0.002240219152888162,0.0031184548363285686,9.379468365410676e-05,0.00015025085467215704,0.0015632085025567843,0.0005839092631916218,1.587213463438708e-08,0.03465431785771003,0.00017561593396219627,0.0005935633497845955,0.007677937464429921,0.004283214748468267,0.00013885796689695057,0.00013020583199203906,0.0003464991048353627,0.00015536971103534414
0.0010532127225987287,0.0010774358501263737,0.004182341939670681,0.0051839818090193696,0.008490945298536112,0.0021213807472317894,0.0029104722037052444,0.005698791719730784,0.004040977608023924,0.005128566904870575,9.422082890526984e-05,0.00044984818225400625,0.003822268083244054,0.004043577446606661,0.0012408436402373685,0.0016550170153287191
0.00107868163723987,0.0013277114487434405,8.305975452982395e-07,8.675977201388907e-07,0.0025245601512929317,0.00020818089072601603,4.769407959696881e-05,0.03243104901617774,0.00011859189566468947,0.0011060931669162818,0.003301551451546411,0.0017780127616471922,1.8389877265295729e-06,7.543652472071644e-05,0.0008903620410138854,0.0005000282909396192
0.0008240140388327891,0.0013797714585145962,0.0002871517230260204,0.0009858722777922324,0.003280035713989715,2.7152384245832106e-05,0.0002737619998291335,0.0186635263680463,0.0014200925331982472,0.0016250692839885478,0.0031251157551380193,0.0014471118168172606,0.000902581666185967,0.0008006291101555624,0.00010807079953044363,3.19157115151944e-05
9.194320248900878e-08,1.154767779124044e-05,0.0009892680085454436,0.0012640543334471038,0.0047700831815593175,1.8317896412947676e-05,0.0009303561369433944,0.018105727971497468,0.0017309223666018142,0.0021850523608110545,0.0038985713953215984,0.0008828242830154764,0.0014956206518691034,0.0015124427128468468,0.0004836193989353199,0.0002896984740156372
9.360168546829889e-05,9.792867940099786e-05,0.0016910216325140698,0.002188454404591006,0.006040380837572933,8.190780703015016e-05,0.0005216500267481855,0.012401448120767627,0.00161222072786147,0.0032909757294712835,0.01124354863275756,0.0003679786919917119,0.0009762632386470793,0.001272379263800992,0.0006261002381343084,1.4743733253733127e-05
0.0019247604228610285,0.00174007126742301,0.0049885286160569545,0.005371856485475224,0.010432030264732647,0.0026125733785712785,0.002220428348838871,0.002396710352156932,0.003573959346614239,0.006822344350487182,0.002396710352156932,0.0007764656296313302,0.0032893524669384694,0.003453314675722123,0.0017048455211157304,0.0005077047356599126
0.002072659445297463,0.0014078185081320554,0.0038355450216598364,0.003731519261204526,0.00967037357607705,0.0031099179919247266,0.0015697824818551379,0.0032535925145372874,0.003322007283506373,0.005651279826174527,0.0032535925145372874,0.00045329670079543444,0.0021929991342254235,0.002924920465617674,0.00046475089499978944,0.0001964478650882326
0.002478794882682364,0.0015186301186539339,0.003982559856612472,0.003793356868683255,0.009974348169029933,0.003423487037461509,0.001893490677136525,0.0027661647187847693,0.0036665968549938754,0.005854054495062801,0.0027661647187847693,0.0004894725099237121,0.002811775983432456,0.0032092860649338903,0.00023025505444674438,0.0003488076211352886
0.00021050851734976533,1.3678041630757476e-05,0.001088771320502127,0.001020705779147528,0.006336467376512486,0.0004470907702381899,0.0002719755311124672,0.010643179076647913,0.0016524119130675308,0.0031866238154325405,0.010643179076647913,0.0004685792223182855,0.0009213934864545845,0.0009477736255594504,3.2828535173730355e-05,0.00013822610375934657
0.002634808446886752,0.0010267510631664992,0.004022607477376386,0.004189984690623774,0.009925887490611844,0.0019918782532252557,0.0026602290656059235,0.0028106017008186907,0.00450980750564399,0.0056346578038719355,0.0028106017008186907,1.6850925175927733e-05,0.0036953200093642682,0.003999816757992401,0.0010637745216209443,0.0010379588037974091
2.3806768846702797e-05,0.000607026561133546,0.0004174247758312946,0.0003825776100697398,0.00515674298218613,2.966693334292836e-06,0.0001400910335787528,0.015041033241321222,0.0009093504259651136,0.0023765477711929425,0.013125016939499495,0.0032955327832083353,0.0005157653825718367,0.0007171445702760654,0.00017920018127290382,0.00018074770335105295
0.0014840742942270474,0.0006355014218473037,0.0030811180183808184,0.003255998959189904,0.008614244724403114,0.0006937264967543794,0.001891855542132101,0.005005298281810108,0.0036812892679670556,0.005570436895485739,0.002849988143245649,0.000316195189557264,0.0029070594606339095,0.0032322521891491665,0.0007684393929248828,0.000578776345396291
0.002148368758892405,0.0014861465121208811,0.0036760992485338206,0.0035386135749597702,0.0098398829973068,0.0010933024064254532,0.0028690658763942944,0.0029548043988927436,0.004525299575798586,0.006588247388828454,0.0008674517910398499,6.16188246665289e-06,0.003850292415488954,0.004304355047030903,0.0012535084920121814,0.0012389586394763522
1.3191761727565643e-06,0.0002828803375879152,0.00042779324457659085,0.00040993044378954263,0.005103310900936443,0.00029550069717767385,0.0001550687762612718,0.015355826142634282,0.001124158844107201,0.0027388643730962142,0.009368580894370898,0.0021019501803734714,0.0005797644899899063,0.0008229243741043682,2.5414190066547215e-05,0.00015883123999158727
0.001632214157235537,0.0006382141538216479,0.004314340331143238,0.0036177725679462647,0.01010220211327889,0.00035696671706074434,0.002887933802909068,0.0026555047011819904,0.004905696346946695,0.0068664045555403425,0.0026555047011819904,2.596429936329442e-05,0.00410429882881546,0.004183486664834521,0.0021149894186481694,0.0009642496233204373
0.0012215868651254819,0.0007316881112252455,0.003029994369167642,0.002937337866962264,0.009261311824401784,0.00014628940581797034,0.0014427086265494868,0.0037751725425801963,0.0028249825938484047,0.005606680741268896,0.0037751725425801963,8.984548016544025e-05,0.0020193969141470286,0.0023854828356095342,0.0008031396943094238,5.2047404761369764e-05
0.0035799136193631967,0.0025320516546940147,0.006246904342307853,0.005739245915824337,0.01295535678579117,0.00019784302099001144,0.003571319012867176,0.0002919161622448943,0.005502032978265556,0.008836503236089525,0.0002919161622448943,0.0007405361333821664,0.0047765940869344894,0.0047525440114432466,0.0027299879750922323,0.0007334177046052631
0.00021890922067462765,7.070310559728621e-06,0.00102556261261013,0.0006873426081380057,0.00688984956036863,0.0010893798292286039,0.0006874666717061745,0.008868082370467822,0.0021528738055907604,0.003497060315674122,0.008868082370467822,0.0006773078915300393,0.001415103500449516,0.001454322069285259,0.00027415522288481986,1.4328128360927006e-05
0.00043797773476053625,2.4951715834262145e-06,0.002063545703486533,0.0023148012231563597,0.007824111977833267,4.056469934954343e-07,0.0020085671386082388,0.006555374801673952,0.003489422305512413,0.003600963049495094,0.004437745844472429,0.00010490818489872211,0.002793821696638464,0.0032266049118544887,0.0007474062202158238,0.0006275026612357903
0.002711818182741854,0.0010201660783618755,0.004372870544602767,0.004580799237970126,0.010931545821249312,0.0013871861593968415,0.003898953682979968,0.001627841719566439,0.005062138025854493,0.007351690193003385,0.00020860840369544414,0.000641598507398658,0.004792372174559981,0.0054264132507422375,0.0012396445398325032,0.0015430375691198733
2.892480257664365e-06,0.0008808723743262414,0.0004557768175130067,0.00044061887775293657,0.005662510549717961,0.00011521575348134167,0.0002097790006356931,0.012948474297914014,0.0008872612337192873,0.002885957199100994,0.00577618172908527,0.0007555402964766825,0.0005245804072942853,0.0008844687153778605,0.0005630588084692967,0.0005649208236152004
0.0005137651935355411,8.87405478938591e-05,0.0017003927374656114,0.0024691370808512733,0.007254707747429076,3.337311157772249e-07,0.0017159833543884673,0.008069630896468824,0.0029256385701902157,0.004668967628299783,0.0012110411538042223,0.00018279080587484814,0.0024529413315265147,0.002461535458789202,0.00015360227991166597,0.00018341712738543375
0.005116655289400293,0.014814173155147645,0.0016218499526667943,0.0008937328589007226,0.0008181221334571942,0.011103419301809858,1.208810097375751e-05,0.03493702029246809,0.0002907252020357548,0.00033184937290232225,0.009507885572392502,0.01393068475857337,4.525183908052344e-05,1.4211960021534575e-05,0.0005653694339620083,0.0005350823961695061
0.0004066513643108602,8.400483569787065e-05,0.0034288955861551534,0.0036181229817942306,0.008074802375981363,2.2679591808807964e-06,0.005030657260753468,0.00043846668242501774,0.005532905649710963,0.00491235145726468,0.0007867920248861293,2.3621332105594472e-07,0.005696074802697432,0.005730361541239917,0.002269143585322181,0.003485720380007301
0.0031916396618779097,0.0064224170797204105,0.0006041000033430236,0.0003010856713670587,0.0015267181154983017,0.0069027465691505335,1.2223558289586878e-06,0.014216842799165075,1.5884485855294228e-05,0.0004858820949381129,0.001294299842645466,0.004604287551278355,7.783364894056732e-06,8.187962447548519e-05,0.0013353905925468437,0.0008157383878987998
0.0003031792757169152,4.356295259709542e-06,0.0028136385653053098,0.0030874329360227604,0.007464043128957126,6.53356714494513e-08,0.0036270960665541613,0.0005129020466941858,0.005094295042351281,0.004597428461698888,0.0004927451003368319,0.00029658230736396424,0.0043117910137822416,0.0048212421995373345,0.0030430886167811116,0.002038114218374368
9.181062547664043e-05,0.0008708325246157486,0.0005412628782211354,0.0007498055867869446,0.0051284501943635805,0.000735692312156859,0.002065751142162578,0.005116940863220551,0.0025764953016835027,0.002112626971982959,0.0005159197296642423,1.3437273717747944e-06,0.0023755380203552834,0.0029118768962771643,0.001821692122807514,0.0007923459053508011
0.004746767649969952,0.009986071998504181,0.00027585554795189066,3.230931896885253e-05,0.0015053953123944641,0.006345535115605663,1.3906999431552436e-05,0.027586710420432342,0.0003711705170963489,0.00022569824438938013,0.013461033960540394,0.002261381415140311,9.282409864999619e-05,0.00024215662202482086,0.0001027661166879898,0.00039331248752599857
5.7973256673019e-05,0.0014258395485506267,0.001993745112503831,0.0033652981458968598,0.006307131092044692,1.4682129151136203e-06,0.003072448734763686,0.005195191602395455,0.003780597562415805,0.0037423273200650475,0.0005295134941999541,0.00024803794694955306,0.003784097829644173,0.0035437933653012996,0.0023491279188370268,0.0012584111888329363
0.0024001473006648316,0.006414894713226177,4.437467191559241e-05,0.0002917104148630126,0.003177879280027135,0.0004100296632462627,0.0004434486154498221,0.008159589065709294,0.000410197533593587,0.001949758741638427,0.0002927917828034962,0.00016865356336974446,0.00037578929067032946,0.0007020623748678484,0.0004990853295797001,3.322339015425502e-05
0.00042650838073739206,0.0008963095915094504,1.1928053513660108e-07,0.0002902721106662967,0.0022196911297010097,0.0002865141675113189,0.00047817804576225087,0.0030480389468752894,0.0009155548380035405,0.0012182874977313407,7.008173411898744e-06,0.00027590553825271313,0.0008433650303891621,0.000755876352371683,0.000486585779207252,3.166402937765378e-08
0.02015294858396896,0.02182116655018876,0.009454073538847474,0.004999134438132505,0.0009936057360440606,0.013589065610464926,0.00024859422256443,0.012465750616797736,5.988192452455188e-05,0.0008115161322581887,0.00554048084600238,0.015778252704689258,1.615677380821523e-05,7.56554520582528e-05,0.0008686446056471453,0.0006375018500152027
5.271407461569094e-05,0.00022184831305941538,0.0025389443473926715,0.005606757526335861,0.0044579752803919764,6.06867854477805e-05,0.005221914827146498,0.00017060301320295096,0.0051791558433396875,0.0030989937366553977,0.0011611648353735682,1.709653388290433e-06,0.005532151190914679,0.005883326989466378,0.002801697060740474,0.004406991065507945
3.2137879762264565e-05,2.338706037575966e-05,0.0018925396068396882,0.0026139747643263433,0.005986073122292823,9.950309265022855e-05,0.0022410909998719364,0.00037443031656632375,0.0014821092975567524,0.0037754345479467377,0.0010489951739411363,0.0005039259061103904,0.001965724667897281,0.00305403570550037,0.0003749240686763272,0.0004237125119681828
0.0001828948970015662,0.0008651550633336086,0.0005697555868814375,0.0009989029507127614,0.003925463137041833,0.0006231026193978181,0.0002257467618497211,0.008383355471268769,0.0011816847536308753,0.00285671634042884,0.0006402643678199565,2.379621467857307e-05,0.00041426306160038256,0.0007732113839267613,0.00036281377954214267,0.0005079752881286398
0.0025906050871805364,0.004283134036291769,1.1084153761289905e-06,5.011095409798716e-05,0.0017449948823268502,0.004955980072681873,4.827132690614355e-06,0.026790355679204736,3.70107579372031e-06,0.00018363369314287198,0.00992313900127495,0.0005563137958028014,1.025234049600865e-07,9.306331538484758e-06,0.000396040242825732,0.0015889038198779667
0.0019372557143610067,0.0010679207361350834,0.006926068543527036,0.005047949990944087,0.010789818260525948,0.0008473006006281397,0.005157924234758131,0.0019153848027032919,0.006445714851694387,0.007054146768852222,5.6364062972366624e-05,0.004195141457757234,0.005036990967722227,0.00621584948481918,0.004323228017479433,0.002695407811011019
0.0005985765005234595,4.114541169829289e-05,0.003389800789826883,0.0021921642542557795,0.008767693509808695,3.700641936143362e-05,0.004962309881543739,0.004880696093356882,0.006748240886206881,0.006030636431432937,0.0015732223595231742,0.003175176372972266,0.006221926872306147,0.005893939352375567,0.004609476167768606,0.0030991898810115853
0.0004410634968008906,0.0010986882105579882,0.0004474159596980984,0.0001458696189631653,0.004213329576980791,0.001874143496701626,0.0013739693437303524,0.020124210153650665,0.00212154808542786,0.001782354030383057,0.010863832210380356,8.003396891544112e-05,0.0019194842318866756,0.0021667418704314143,0.0006474112425473855,0.0002514402658093384
0.0007192805649043343,0.000692058038355918,0.0002539309135216744,0.00022827323630883467,0.003126388338768174,0.0037921153938358376,0.0002803861418006204,0.027438484834429316,0.0008469578761296503,0.0014106137992755535,0.010917652385168536,0.0005802432200947144,0.0004234166657464608,0.0007960744489676624,6.419506528437813e-08,0.00022537967984224277
1.0724864843436599e-08,9.339601468754538e-05,0.00018295839318804852,4.125103785599521e-05,0.0026964112986038943,0.005598747960774059,6.2765659791796935e-06,0.031048247487695968,0.0004316726155384476,0.0018717857392090767,0.009586250471854782,0.002255297655678043,2.6462393031584375e-05,0.0002719220299216424,0.0003197747272680046,0.0007146361120909245
0.0015117049869207283,0.0018716073061549043,0.003121333739719019,0.003726878116824456,0.007268017279500424,5.687970286796101e-05,0.002342917005537931,0.008602368631916282,0.003910505391444372,0.0054452812962739044,0.00016371140738807854,8.970993708876107e-06,0.00336415421028137,0.003216520245707663,0.0006091127806037988,0.0006913015088679392
8.486091693328535e-06,8.902044838689921e-05,0.00016468675006811595,0.0001280847447562225,0.0030959002913625647,0.0020494926218760715,0.0003289534191332974,0.015920612289448813,0.0010707735676724547,0.0017073666744553129,0.002082051316521033,0.0023203880587444603,0.0007925160214775698,0.0007085746330312143,0.0004626260739012747,9.23690944775804e-05
0.0014020791092465706,0.0020086093298334468,0.0035575570034105317,0.002578087831176322,0.007636805142309383,7.269928586885188e-06,0.0032139353408130386,0.002947404225769182,0.004198238941819102,0.005698707061074011,8.667315103613737e-06,1.0258348179838228e-05,0.0038436663778463956,0.004014751980868064,0.0005165098193803674,0.0009649677735934087
0.001305230984036565,0.0020163276429896876,0.0031696263268798375,0.002768663886539499,0.007863721532447278,0.0005434249867333069,0.0023661444334171083,0.0068165038771106495,0.0030253883051068187,0.005571738751482799,0.0002393563938827975,6.386417823062845e-05,0.0024517105542095838,0.0031315945432435557,0.000395827874133739,0.00017711446746055542
0.0018377963233514039,0.0023751654089785995,0.003983615431181788,0.0034879614220288055,0.009047520688922457,0.0015828228980064862,0.002546627709238025,0.004257381584444317,0.0035491353907777315,0.005822131142510192,0.0009649007305114476,0.0004971606635775783,0.00264032980318496,0.0034954783511562115,0.001305558939882795,0.00018705327505528363
0.004510480789953697,0.004845773809618988,0.007325303441260714,0.006523661562795539,0.01289314434087397,1.3712054997512546e-05,0.00623377382050308,0.00033416974663250804,0.007389811945253871,0.009155216242620258,1.127493617558012e-05,0.003079938024174979,0.006672274325801829,0.007217022117974592,0.005080298476327717,0.002618744016267986
0.003528110520657615,0.004674457882653908,0.00478683620898325,0.0035569433952176155,0.010779609317470233,0.0007155042223995767,0.00437569363693157,0.0017648766604025923,0.00587443346266163,0.00693226927467834,0.0017648766604025923,0.0016013119083108651,0.004683733655459016,0.005596433657248323,0.003943590552512213,0.0016141606428078034
0.0012095442834594086,0.0018154607523617958,0.002381307306531827,0.0016359020839216976,0.007914010435117788,0.002673099762119102,0.002133512355524697,0.006267926307416016,0.0034392523751851298,0.0036917032962929114,0.006267926307416016,0.0002834282573833738,0.0027386805551734006,0.0031519060627084663,0.0015285710938838515,0.000262471141332328
9.91726811311322e-06,0.0002840898664515992,0.0005685205771913254,0.0002040789735008458,0.004768613488808485,0.003881998428712466,0.0005026158556799415,0.016765690213830522,0.0014098293994852865,0.0016519536586654462,0.012206273707674659,0.0005115944863460994,0.0008369027601310697,0.0011369436094998409,2.2477301603318622e-07,9.862629304082521e-05
0.001504955874702285,0.0021367502281566947,0.003971276510684005,0.003524533767463714,0.009243423725041035,3.392058164419787e-05,0.003574349879401223,0.003863702602845645,0.004873294347156373,0.005549529763071333,0.0003834479477006353,9.921980573310285e-05,0.004097524669876833,0.004616832740402539,0.0007058071423450621,0.0012512152965653556
0.0013064666734488306,0.0016419168225667094,0.0035369184260173395,0.0031980144695264168,0.00937706294485608,5.308677413842777e-06,0.0028676621028747573,0.003608406291234184,0.0038849380883915624,0.005834768022805664,0.0003625091159189589,2.260063514766819e-06,0.003366272114858057,0.0038266381572102798,0.00011587221418227212,0.0004360820926615702
0.00016263535459737355,0.00020748720113514252,0.0017567112595496329,0.0015534162242018396,0.007108364417107237,0.0017388379012059432,0.0011175019269928366,0.008383167183802775,0.0020628783338344087,0.00460589185474497,0.0020973840208292696,0.0010984073107125347,0.0015870457332747973,0.00188632337920977,5.327683468536043e-05,8.484726451369468e-05
0.00027702102749600777,0.00020216774910179758,0.000520565060852983,0.0003687958065097946,0.004744930501531283,0.004166436536245613,0.000610691693821927,0.017109758786332474,0.0011722799514803164,0.0022567653756555214,0.0022655335797210283,0.0036950820517654415,0.0008588210365359089,0.0010962574177805912,0.0005107156297684129,0.0001549297517476969
7.76358602682728e-05,4.062911259532231e-06,0.00059396921984807,0.0010770670247500364,0.004838161277643069,0.0035282355783545494,0.0013491657012675295,0.012980777525240017,0.0021931313417040132,0.00197238972518151,0.0009423767784429021,0.0026506518371910426,0.0016540502300595797,0.0019297620941835791,2.0798381253350762e-08,0.00011687852994383963
5.126706168583073e-06,0.0001944171007032397,0.0007861110099791485,0.0011156205792311746,0.005290193408423308,0.006477940127567097,0.0018126161540246502,0.012616527296125363,0.0028142463626627534,0.002386059102933616,0.001701783304535888,0.001531401110364372,0.00232875030299471,0.0024926910580896286,0.0005427523813032256,0.0003918718479789668
0.00012672792410605566,0.0005923545503842692,0.0018900442981761231,0.0023222399962951334,0.007098101283103016,0.005718053287823946,0.0018789603914243572,0.008773010832360983,0.002367146672538477,0.0033388703227226896,0.0034905901841575104,0.0003427033198875676,0.0021630363799675645,0.002883236100468707,0.0009560987572928281,0.00015283921748557305
0.008173373874812491,0.009196055135031085,0.011859338257579247,0.012297501911123662,0.017834454508262446,0.0030669682239973586,0.009249962690943359,0.0010004479482349365,0.009804062394527045,0.013384078093217844,0.0010004479482349365,0.005226907156675439,0.009146655678698962,0.011251778924154035,0.008589591189081723,0.0037041157917055145
0.002452730219961466,0.002938323582356517,0.004648912197957447,0.0039270434452420774,0.012016871557835328,0.0004830197934437841,0.00205592892433408,0.004933102775788331,0.002608366772175408,0.008096670067614706,0.004933102775788331,0.0007441667351429787,0.0017253102714834337,0.0036604369694311772,0.0014985125832858853,0.0011435808374276116
0.0036985649027674317,0.003450334439574952,0.005292298911538262,0.004711821193674942,0.012436229149819351,0.0013067916246006714,0.004393495209601514,0.004138643560101574,0.006555315020615023,0.009326853377245675,0.004138643560101574,0.0011017576481667582,0.00521628671174576,0.005587598417521086,0.004051672434304099,0.0005918385438395402
1.2111959347041457e-05,6.853853136167681e-05,0.0002674765267131271,0.00025591442535914666,0.005415148030146269,7.07888228113282e-05,0.0012939572329965648,0.03130427436287969,0.0016913099867533476,0.0033087843535006684,0.005830565824240755,0.000820339636162605,0.0015118917613246297,0.0016949525229558518,2.2528265254131985e-05,1.1408967576800877e-05
9.215481995119429e-05,2.0052149823257537e-05,6.109205243215454e-06,9.005986413524597e-05,0.0034009560449099613,9.951712507505484e-05,0.0011054175400085492,0.004516189857870695,0.001298038821904407,0.0018299048254553085,8.516439627245104e-05,0.0021903891838217227,0.0012388208500422188,0.0012893088239745304,0.001934785262260194,3.912105941523969e-05
0.008914884031307566,0.004865735334036295,0.004402111396806491,0.0028542283218160047,2.490110874763668e-05,0.007699748884829577,6.787372932928748e-07,0.009616390302051248,0.00029759905956632665,1.5976459285388378e-06,0.0023812506461964866,0.018098584292093725,6.888020095869446e-05,4.6135918937491305e-05,0.0009230991216117798,0.0002550054038562427
1.7499336249442166e-05,0.00040045508472622005,1.2570676189850583e-05,0.00043022327121897824,0.001284487068995456,0.00374448371339596,0.0011497235211032283,0.0027215491576395717,0.0015672253747077147,0.00049237518827739,0.00026614830412175633,0.008657167839864269,0.001380887063840236,0.0017214853148586062,0.0002768907864375905,0.000569393486406819
0.00201750303776424,0.003739392216444315,0.001441224101572637,0.002900148605789965,0.005333869349703285,2.9074514674563845e-05,0.0030085897643898837,0.0007376135577555551,0.0029554242605562137,0.0032513602970986183,0.0003567623667048228,0.0005030733906806195,0.003041958946987333,0.0039151902731070845,0.0016146053455704176,0.0014761234770490628
0.0023515783351564096,0.0037471582231358783,0.0012103834984491454,0.0021808864338367373,0.005734979004351895,1.0817077873002956e-05,0.001911033189864901,0.003801290273452801,0.0025780210950526114,0.004115821114212326,1.2640839489333477e-05,6.700198423015974e-05,0.00199488642072905,0.0027458989662399874,0.001038073058488742,0.0002992803918130463
0.0039886900182709295,0.005171873960051893,0.0025842208304770534,0.0036110928012224736,0.007701595250704754,0.00014753411571779423,0.0027963165757617856,0.008622994638158299,0.0035410649011254486,0.004584553896307547,0.0010889292364180125,0.00026669105103756946,0.002994335590559012,0.0033101284475887394,0.0015544091932401458,0.00044304236903258687
0.0025083225698390166,0.003767654198571599,0.0014921022417213603,0.002150004021048292,0.006398552468523708,0.0003867881874587281,0.0008316016927989167,0.026242538406499066,0.0014178233600098608,0.0032319713417505724,0.016887270485085926,5.453527845197814e-05,0.00072354264824806,0.0013128293673826397,0.0001077217522040888,0.00022636096746449924
0.0033493337810400897,0.0033916753164503766,0.0009775764400242887,0.0013904880990819393,0.005632358848673358,0.0009274078347499409,0.00043988349091570594,0.03087819845741141,0.0012505473030864078,0.0029693631759604502,0.027591765824320796,1.374442950845961e-05,0.0006813204404550466,0.0009620246524470882,4.5880188215691176e-06,0.0003674079809070502
0.004933621467512854,0.004672474780256591,0.0027468814793998597,0.0029929847600392023,0.00822671678190269,4.37706107956487e-06,0.0024838810266015615,0.01657934600891975,0.0037198422115025595,0.004464070781772668,0.01260932590096675,0.0005801961887698798,0.003166699907516342,0.0035530352400411497,0.0011506196001228944,0.0005686331260474561
0.004146673648608053,0.003631280397360326,0.0023637923285841217,0.0018390085882280666,0.008099373011699912,0.00010071228905917523,0.0022645252362174448,0.016914964475505695,0.003447555070355074,0.004615125525103542,0.016914964475505695,0.00020058929858684377,0.002769483243440868,0.00357532754581133,0.0014321509443057656,0.0005065337924324842
0.004097006529672903,0.003671954965029714,0.0028203817886987143,0.0026543135106921675,0.008734184647813205,5.829333861116781e-05,0.002086559775657887,0.014266707442173551,0.002924442031002422,0.005389118252357744,0.014266707442173551,0.00014884094929142055,0.0025294224473757995,0.003559828182792213,0.0011023661278358882,0.00019324262000916526
0.004476263396327035,0.003836870987559811,0.0035867462977696996,0.003328863984123784,0.009820767895204058,0.000394921395871807,0.0029275656118310095,0.010450029388404058,0.003996619463992324,0.00645425207041074,0.003651071068700301,0.0002498074786294463,0.003193612504449883,0.004539460589014013,0.001151416502677756,0.0005109413119206221
0.004917652240082712,0.003713393685099209,0.0032181336489376863,0.002834859629188495,0.009555699377102992,0.00048275873374052647,0.0027588982959990682,0.011205745774780285,0.0038792588707435433,0.0060169823031096525,0.0019279369605440938,6.0338316515196055e-05,0.0029636799280727544,0.004264744877820054,0.0008696750738561923,0.00047405413355427334
0.009160306338020507,0.007670097677989471,0.007632331755214911,0.00709096256346238,0.01435645332170294,0.00217930273543622,0.006141159143818992,0.0015780448498717917,0.007657058792572315,0.01079421343521442,0.00034858811010959195,0.0021694735811542895,0.006787015311471863,0.007915396646950013,0.004576291486018465,0.002281885685492445
0.005346279982690855,0.0039975659659804985,0.004016353248594978,0.0034046933292540132,0.011132763973337012,0.00016421196355057704,0.0031821686432531165,0.006698311402687784,0.0045388129093695065,0.007709124479188388,0.003537618478593421,0.0004976138872232333,0.003698013743617015,0.00475042620346712,0.0021321422430710876,0.00040744499167758713
0.0036321131201065143,0.002259838949716486,0.0030613063751509517,0.002580885779044445,0.009850172413783918,0.00027583863568531736,0.0030942648260537803,0.010113731182006397,0.004162495246415848,0.006042814155646642,0.0011225690908760813,0.0001945406183935794,0.003498242895492616,0.004442510578417394,0.0012129396759911482,0.0006336077512768268
0.0031823879697229288,0.002266248920455613,0.0030012146811664447,0.0027393839413624513,0.00973475636592458,0.00025213035565074815,0.003614446052624863,0.010480579036055454,0.005066435718550838,0.0059974133045275005,0.0009673070841795181,0.00015831364974569495,0.0041457098060804914,0.004886207323395252,0.0019333605947455118,0.0012290451635214028
0.0002643458455234213,8.548652792754463e-06,0.0002475414816106858,0.00015247145534410395,0.005150053639914526,0.0035977686858604807,0.0004358671765662403,0.033379716548754435,0.001377187954671219,0.002474882158602462,0.022629204590406765,0.001585555234762795,0.0007693149091417412,0.0011790041941463492,0.00016405965909101206,6.80189828906122e-05
0.0016532423014178205,0.0016321534775396232,0.0011988239872872397,3.726333739288018e-05,0.0065046254131808715,0.002276479600431966,0.0012097334558367132,0.024825647851072885,0.002467310842236739,0.003032522440624172,0.019818867226314985,0.0008607548831124148,0.0018029020834656878,0.002101045554868397,0.000669717608313386,8.257113315820325e-05
0.0040692435983360475,0.0037551732886542052,0.004003198557391743,0.003269528908637853,0.01030472723860635,0.00010947243147645808,0.003794989112708466,0.009112224297416954,0.004692576356870162,0.006498732449388825,0.0019645507543778473,1.4278309647286491e-05,0.004108712933035094,0.00481327035254725,0.0012584871724374488,0.001458941243287229
0.002783280791766672,0.002339871213075946,0.002675874274372006,0.002180369126448145,0.009108953522143824,7.020672077019674e-05,0.0018947190725991797,0.01275926020765697,0.0032074488249480004,0.005812761240143301,0.006731713525397698,0.00015923778336674604,0.0023579112492709275,0.0028283534331823984,0.0003170494322792816,0.00010238124281364974
0.002585475738180548,0.002310750611421955,0.003023042536738102,0.002516076402604768,0.009383498972753954,0.0005440065131619015,0.0016146374840505379,0.011830326309167832,0.0030137794798703738,0.005423114642764917,0.011830326309167832,0.00012058820576298784,0.002253829687674666,0.00262261965896253,0.0004896780039911827,3.4813214792525637e-06
0.003153898052833587,0.002363060133507816,0.0029656680342468184,0.002665145061313018,0.009373859800679472,1.286686756978711e-05,0.0021757764133360988,0.01180784011174657,0.003628540890044815,0.005278388401429551,0.01180784011174657,0.00013385495758351518,0.002619312324999498,0.0033209698863938264,0.0005409088166841713,0.0002588043426488412
0.0015978197630577146,0.0008749044254413307,0.0017418937354823777,0.0017260579773855367,0.00787934992942034,1.979646432892501e-09,0.001625062479963968,0.017556866941247237,0.0028809771412733193,0.004098598635972089,0.017556866941247237,0.0010004092702515233,0.0020650148941726773,0.002566329138447128,6.421219883887691e-05,0.00013146443925735052
0.009923728093053967,0.008398255200241497,0.01061168830396711,0.011081201542696189,0.017483288393830645,0.004866778483195125,0.007564916288873118,7.472634521062116e-06,0.008238338819363304,0.01291072844753604,7.472634521062116e-06,0.0029936373430757557,0.008052465880673515,0.009075124773590536,0.0028517130990726863,0.002435549288616154
0.0020520616936526292,0.0009460232896277218,0.001999283481033655,0.0017574793517327464,0.009591155726437362,4.598403957308678e-05,0.00032877138228300934,0.009508456521273231,0.0017455032483888883,0.00549806511462049,0.010869826662362123,0.00020183555279826987,0.0007419809066289695,0.0012680943087561986,1.3784241687450627e-06,0.002662626822298786
0.0007438097765354451,0.00024969187057644754,0.001211045542404962,0.0013251353929432247,0.007755737187076846,7.61012927744803e-06,0.001357542243215798,0.018004295638074597,0.0029829389504461915,0.004301762093307057,0.012897978908307725,0.0009128411036978534,0.002089587310488236,0.0023749215611658797,0.00025678691114555674,9.873860058631778e-05
0.00031241645595562334,0.00027163926224427204,0.000481291410062909,0.0006139721873732601,0.006076673824527867,1.3255642966156223e-05,0.0010675598393819208,0.0271298031250988,0.0019446200522679896,0.0028518332328208162,0.002825743264232336,0.002726193614221467,0.001561682477645085,0.0018685810409940287,7.111458889833e-06,6.26990447801512e-05
0.0010139180014740734,0.001178752995613555,0.0017063367103415106,0.0025947991587820657,0.00799062110521595,0.0001040666481187183,0.0013376879663827695,0.01717701825017852,0.0029590227632646515,0.004637266914566632,0.002855197595015291,0.001130535561904511,0.0021099788533398,0.002530733486265757,0.0005196527663122175,6.661465739965511e-05
0.0002044022821506286,0.00017542298909505039,0.0007105651892153481,0.0009959647168366892,0.006607079540747546,0.00020642880110394168,0.0003598157457563589,0.024223892925470503,0.001394614801848569,0.003628625111540225,0.0153540834082449,0.0027076070917245176,0.0009203095226834115,0.0011349199405794666,0.00012039513752801212,0.00024067161896833278
0.0010212140370679662,0.0007177245794789261,0.002508794691280465,0.0031696303040573692,0.009143489045858436,0.0007020127450182642,0.002040651055165793,0.012805645641471589,0.003331437209148691,0.005405742290030283,0.00530539941332786,0.0006673810020837168,0.0026496423643440764,0.003149620449349688,0.0007574188182066927,0.00029707355679749886
0.0002963779993501725,0.00024172409028618697,0.0012832307032253354,0.001657242162462852,0.007677920339721742,0.0003481768522195436,0.001294586023244386,0.01866204696196616,0.002430822593971871,0.004100206820005475,0.00937039900687972,0.0014479045364545196,0.0018121221882285293,0.002102548920542159,0.0002493364974498341,4.6045589410556587e-05
0.0005374858441328095,0.0003753841658456422,0.0021647106182248674,0.0023876423993425683,0.008812729301347542,0.00045056648374455083,0.0015743278295685115,0.013907539845081099,0.002806259633125238,0.004692963341920445,0.013907539845081099,9.458888386768699e-05,0.00232139327709803,0.0025745152445822567,0.000661151804071794,8.961372410509066e-05
0.0017029706799704253,0.002045587616766542,0.0031319865910620845,0.003387178177011882,0.010288328325331515,0.0021842757513695493,0.003471727522508204,0.009035032210969102,0.004627221046797622,0.005461638075329886,0.002310534671496549,0.0005544484777359193,0.0043099346364048885,0.004649683031220472,0.0011291542144166167,0.0013009909324357
0.0011060940443421013,0.0010017679603721782,0.0017323068297239452,0.0022397213652470688,0.008609328438289529,0.002858845638720367,0.003558255512036944,0.006570048748442497,0.004306634320650038,0.0043030516574690605,3.410446275627088e-05,0.0003727919750361533,0.0039815738684097005,0.004601283834483383,0.00017763290682433486,0.0017392168754536697
1.4025566525188715e-05,2.2549564176889414e-05,0.00034042107770979046,0.0007512790053566878,0.0057850023158281805,0.0008593271080455378,0.0012648802768844628,0.01922674675535839,0.001730547985687128,0.002421037003410176,0.001990940606073681,1.3916409161846e-05,0.0015830229206504343,0.002012041229753646,0.00013352492022752904,0.00013778544567953632
0.0016215897860690567,0.002334485357442559,0.0014235479326340922,0.002257521300753157,0.0073952603524177,0.0007470247085390944,0.0012677533593522666,0.020067329039866882,0.0018032702401134248,0.004168175218989295,0.0063302173469617085,0.00029333420404342725,0.0015825671867107788,0.002268220290633928,0.00022098538896179326,7.84082306378997e-05
0.00039401274149684223,0.0009054962290506383,0.00039613347865535137,0.0006137783687759843,0.005600445845351132,0.00024847162324576066,0.0008997644331407567,0.030660090984940186,0.0016934682752687835,0.003219218792177514,0.0075142652924202885,8.940521689584924e-05,0.0012904086772732096,0.0018350475950701176,0.00041853574177284913,0.0001704045845841301
9.528436614072988e-06,0.0003294271253413972,0.00010351891365548149,0.0006271832340473543,0.004297037629066358,0.00030186234235871773,0.0011998198625258402,0.028564133066152186,0.0020185275403962616,0.0024277469015945574,0.004002792976226882,3.6323872167759452e-06,0.0017328533550516403,0.0020959461836740495,0.0005528874333271538,0.000617881549091287
0.000836572485372486,0.0002411729948013433,8.065792933037441e-05,4.1761170253645785e-05,0.00239071081498627,0.0001945730682938046,0.00014129816729940847,0.06523462197750352,0.0007704328797890347,0.0007389930709597314,0.014268518119385468,0.0004977988501637318,0.0004978134955391858,0.0006904141353706178,0.0002283309511353082,5.042512080249972e-06
0.00305005385675422,0.0020099266392472614,0.0005163785121094638,8.932470089012545e-07,0.001137892645775268,0.003352220843205772,0.00037387213568897126,0.0920868385195727,2.501485205856635e-05,0.00014306230365553757,0.04116824613219189,0.0025029376871078812,2.2145943353743536e-05,3.7205045526136904e-06,1.2161307264654808e-05,0.0007494798091844668
7.752221855031327e-05,2.407042252158126e-05,0.00015024255891071814,0.0009684515072448455,0.0013250103397738772,0.0020357049818313863,0.00017190587037633348,0.07183523485076074,7.405521056721293e-05,0.00026104335055295025,0.016626071903845602,0.0029987765491262947,8.838566244867563e-08,3.409002628456531e-05,6.570857103614658e-06,0.00033478672822879335
0.00132826241625289,0.002437084175236817,0.0016587286568026244,0.0015239392367015492,0.0057646779306956344,0.000488951555973359,0.0013676589648987103,0.006302258159349622,0.002380421861084933,0.0028362033063019307,0.00014382917583837668,6.094635119496816e-07,0.0020290585757436197,0.0024465364126119576,0.0014269483496053142,0.0010356501096246626
0.0009506114405149757,0.0022037316651116884,0.0009318851261598468,0.0013421967285384626,0.005465945550902865,9.441909965533096e-05,0.000325812276578602,0.004660509974829932,0.0007076537378985504,0.004475543152812914,6.615873990301752e-05,2.7307099222925735e-05,0.0007547551821798296,0.0010970899809994161,0.0002549605599587168,3.314978094881571e-05
0.002358208654629629,0.00208732022525418,0.0005724705894412652,0.0007289882812974574,0.004655681021166584,3.1966822147226626e-05,0.0004339307180804969,0.001175698946083402,0.0010380641224531223,0.0035142214221965673,7.033677488584716e-05,0.00020863726476642863,0.0009720025954125661,0.0012382350691954869,0.00011285507354896057,7.208196402804651e-05
8.743017185314922e-05,6.599616280709986e-06,0.0017875990140887449,0.0018942536650092823,0.000295416338771011,0.0010794236458012002,0.00013953809759383734,0.002166489572429063,0.0007914184657803469,1.569737559494605e-05,0.0002433359309112204,0.0011619721671917854,0.0004244678366977783,0.00044862322212232963,6.88605005172982e-05,7.542671638564175e-05
0.003286541835755455,0.0013855755603873823,0.010138529946960573,0.004504760344128722,0.001985009333278616,0.01100020122612784,0.00045057092139676874,0.009617016963127265,1.1931050157898415e-05,0.0013748185343544217,0.005505905581267817,0.010972080463318074,0.0001098436071240369,0.0001612820720747199,0.0017021255495804771,0.00043270609480033223
2.7457546298813307e-05,9.479774175724653e-05,1.74946648882901e-07,0.0008590407547150597,0.0003308150826663442,0.004873328604640029,0.00041471366930523335,0.003066361535154008,0.00119129578206556,1.568942708097404e-05,0.0011151402757109269,0.0014911874305949605,0.0009995842103243668,0.000813270567524671,0.0003168506486406139,0.00046367651751790667
0.0017344664797553921,0.0032582105859786936,0.0014763949782355679,0.0029806917290424867,0.003956785142627192,0.0007802034141215983,0.0009599247799228078,0.0038139999056903823,0.0016017806642392163,0.0026899264701898823,2.0299722715277912e-07,0.0002458545728247566,0.0013940380318614373,0.0018200170192388676,0.0012767085149283028,0.0010192013073899858
0.002729113163476224,0.0036485916350731534,0.0012244013532326375,0.0020302093179294586,0.0043738964783562595,4.7745600966410395e-05,4.8739405806019764e-06,0.017739601567731744,0.000448410303538857,0.0034239588909158528,9.769564390809532e-05,0.0003239419662954962,0.0001530753811324545,0.00019783525466120916,5.5565106005538156e-05,0.00010363792454907983
0.0055703958828390715,0.0064147046251800816,0.004247694318828821,0.005494918479554703,0.008133118384880601,0.0008365830365862151,2.6954839006124165e-05,0.018980967886915,0.001117824196954935,0.004925803465778013,3.6117417896719406e-08,0.002348045170824202,0.0005236868574121228,0.0003874073350607632,0.00022041186092226078,0.0003022374268542294
0.004134357057666002,0.0047308565951580395,0.0028656442294241885,0.002958793891040812,0.00697933659965122,3.720782228572306e-07,0.00045242450544860646,0.023337213442274893,0.001613967567381261,0.0035638628256333266,0.008894135261827488,0.001717249483647286,3.234208609236011e-05,0.00010441445653153886,0.0008665344812692766,0.0006655955030922117
0.004838370212990328,0.004701446532342057,0.002494997634880057,0.0021281879564415684,0.00689048119886039,0.0002932936152939686,7.442830365009256e-07,0.023175594434056673,0.001319580835004698,0.0034349612388445833,0.008364399584153623,0.0019185222139617153,0.0008405325007087017,0.0006393833591420289,0.0002310130670109406,1.2707616967033708e-07
0.0031880955741157013,0.0036687259231318464,0.0013126522832884527,0.001045745939292464,0.005450789214490395,0.0009633663209679122,1.0672820254728488e-06,0.03209790976738064,0.0009849933290537044,0.0027121061497574206,0.0024299027094822553,0.0005825948255722829,0.0005305018637733264,0.0005102888999933344,0.0003649590242450623,3.5493001766424837e-05
0.0024648487160861127,0.0034850334849469283,0.0010835684962403058,0.0008492001806689048,0.0049293793203592715,0.0005992033104805297,8.412854782967327e-05,0.036153912925928344,0.0006778954992547673,0.001600134551088775,0.00777269109323836,1.3654157825795932e-05,0.0001448865471736227,0.00032629013238650445,0.0001582256576974847,8.40071682228008e-05
0.0013089662894737036,0.001967042280452816,0.0005261094203050237,0.0002748441883222985,0.0038439515561046605,4.2580671881273235e-05,0.0008296743783323957,0.0464656263714851,0.00015544891176941938,0.0020399906634874787,0.022046810392930036,0.0002479474875040147,1.7912952642723523e-07,4.5661897706640586e-05,2.6636412426124523e-05,0.0005240550363024635
9.113773536761904e-05,0.0006984682555891061,6.416515344540019e-06,3.622583431431292e-05,0.0015750437419555785,3.283618344454564e-05,0.0009391298336848611,0.08065780878423442,6.051515361996107e-06,0.0005919836357720087,0.00654720889768097,0.0019742721623404874,5.7873387177331814e-05,3.840327940922428e-06,0.0010455429671752808,0.0005199590520865577
0.0005396779073779667,0.0020521426668217713,0.0001679297247522693,0.00031014057039542575,0.0021767981753972876,0.001081764088423795,9.273381335668518e-06,0.018557983742114564,0.0006777398227792927,0.00026258975298645154,0.00048675794275137435,0.0009472807432347602,0.0003778863302360616,0.0005595630187796435,0.0007570085826816494,5.4802344226091704e-05
0.00026867112077111344,0.001701492221112877,0.00014632664873376333,0.0004303510431451357,0.0021225690348703127,0.00037610623765197554,0.0001401518453200551,0.032943133442285666,0.0002960844302176205,0.0010628332843058974,0.0031429123909178375,0.0012063176671869014,7.171451018523484e-05,8.591010914647812e-05,0.0005635307093300318,6.426372670565589e-05
0.0011501206186600166,0.0036089284811487155,0.001131013703847758,0.0017410888192728805,0.0039181629030847626,0.0001837846967185225,0.0003719167086018438,0.048074250524735934,0.0003189207324563459,0.001692152675180407,0.014712850201176672,0.0002013124008944031,5.491315396101426e-05,8.615347000019008e-05,6.516379903894615e-05,0.00016280990831388925
0.0038786177140819195,0.006662690170084293,0.003889291000037022,0.004118376438009441,0.007741718797638367,0.002437299710332984,0.0003230821529576905,0.016981899034164888,0.001964055810576258,0.003654985932277935,0.0027070210593139743,0.0005644867352366245,0.00121993379052579,0.001853878748663565,0.001746889778719396,0.0006267131156859757
0.0020469048174522053,0.0036843245650012846,0.0012128741060725146,0.0009230366036971777,0.004780844134155346,0.0007713638715351467,0.0006668346306306291,0.03369014915187479,7.774308710011696e-05,0.0015518705585471151,0.005857706774377108,4.179722521258089e-06,3.323355120005145e-05,8.89807611058474e-05,9.464030077904056e-05,0.00021238255373094012
0.003684298385512312,0.005281302662073745,0.0031761153202870818,0.002212944273549858,0.007185606133026781,0.0010553994547594647,0.00045207192733984214,0.021954832916382325,0.0011698653417169108,0.003526841600700839,0.012840766083413918,0.000934556718678585,0.00034716109432385983,0.0004646148492465224,0.0021034957017547692,9.126916487460501e-06
0.00029285426911479506,0.0014800104349395882,4.216960546064852e-05,1.8570520866206808e-06,0.0023742361872674117,0.00011825445819443198,0.0020248786968164387,0.06514819378598444,2.0970984944509996e-05,0.00036884107296087515,0.0170002291962683,5.169111045007224e-05,9.463066149403149e-05,2.8525766599979407e-05,1.402149978792927e-05,0.00047152456279396515
0.000594256342773665,0.0025102783063075534,0.0003511987456938301,0.0002725164824570331,0.0028474617932041646,0.0007823703344698799,7.209987571423632e-05,0.005289974012099324,0.001005079554004834,0.0006153743264667305,0.00015600064099597494,6.374791481578157e-06,0.0007041011082486309,0.000831563192787016,3.975853304028637e-05,0.00040652772426938433
0.0007444653891717362,7.994933111377112e-09,0.0013043666672787613,0.0014306498302870327,9.646609895114927e-05,0.000345327845813273,0.0011217449925328832,0.009683850381547385,5.728268906358275e-05,0.00012841617863338511,0.0019630907104199874,0.00398947695594451,0.00022668838986528855,0.00023750427855451922,0.004288307027225338,0.0006038999768385248
0.004800021097531401,0.007886173141637962,0.00476102240811245,0.004892733316867015,0.007589727827923172,0.0026405379672120727,0.0017776549879505305,0.0001872321494646792,0.0030976511458962325,0.006183899159503341,0.0021507377036685676,0.0014897778975944548,0.0028910076139859464,0.0032684192269046147,0.001307711386442506,0.0024200550489332368
0.0013430255825381682,2.6040140317908078e-05,0.002596753552123632,0.004042932968096102,4.600856622967442e-06,0.002912098153612097,0.0009552704591167596,0.0060092414212571665,7.647537132816906e-06,9.34139990733246e-05,0.0014632591608517084,0.0037678976536185405,0.00015364111787889712,0.00019070624295623034,0.00031267886833214603,0.00038083072718870375
0.0026781244873286952,0.00043178444075341743,0.00895371214896487,0.006937773636188166,0.003445984233920063,0.008030190629813042,0.0014487707364544758,0.008867293705285134,0.00011686102735451731,0.0006301630539490843,0.0053339140449285005,0.016764040340720404,0.00046751042869745685,0.0007089340524802715,0.001594962914440036,0.0007383073174486859
0.0008078371515053834,0.0027806411083663024,0.0007054572963405004,0.0014288556505378039,0.001135335250382015,9.376653941408492e-05,0.0012392112012645229,8.56626945980321e-06,0.002040228525310453,0.000845880146948863,0.000349563916315479,0.00023593414081937714,0.001967044248838812,0.0017909032932890562,0.0007838055134975069,0.0017571220130980572
0.00018184728768518704,0.0013227998466512625,6.921609112184313e-06,2.7890590782245206e-05,0.0006345405163198231,0.00033556571410641584,0.0035386667600735833,0.005222784405122152,0.0025927120788546976,0.0011272701304808064,0.0002884344005540801,0.00023455287402526087,0.0032168305255866197,0.0010351463771221953,0.001935989270899871,0.0016656547237822728
0.00047916490709892096,0.002358021628837345,0.00010100061976735242,0.0005367822045392601,0.0011938270372548465,1.9731560960203898e-06,0.0013094655629222254,0.0037665891902693566,0.0002499051365484409,0.0017499083780340985,0.0005015589906657847,8.621149008569695e-08,5.549245110814116e-06,0.00024307996839158935,0.00011312029573352922,0.00044865838331905467
0.0006583758751730617,2.324732144177999e-05,0.0009436675604777914,0.00018406273875527096,3.059103544533759e-06,0.0005849549816829072,7.756425403217942e-05,0.0045053665228464435,0.00034802316140875034,4.397192640439446e-05,0.0038315243019152317,0.0027261051581693313,2.23695906062249e-05,1.998183450840907e-06,4.298668113111165e-05,2.5575671258951105e-06
6.471033136767196e-05,0.0006377621940388614,0.00021630333697197912,6.824618260817955e-05,2.0779219415123507e-06,0.0008023927139321832,0.0009945010004523344,0.011696276646887424,9.099151735655203e-05,2.388306082107272e-05,0.00941088034460505,0.0030910495287150286,0.00038492723327712697,0.0002605976435087476,0.00016550056620284748,0.00031417521343702487
0.0006711992364531183,0.0026144850330964975,0.0005649947731396626,0.001489857156643043,0.001523927897285414,0.00010215946661029651,0.0014274682924308585,0.01997316992296709,0.00010400163628553061,0.0008390640693696494,0.004495667323952152,7.94335743591057e-07,3.868619055866218e-06,7.220252622126833e-05,7.778205926654846e-05,0.00038146264491086684
0.0029508923526250647,0.005225725235953459,0.0022384766175755078,0.003008075510372063,0.00428932632031654,0.0039079602498074545,4.344798277759743e-06,0.004188871703365071,0.0008662300518829796,0.003017946405995467,0.00026359826351534527,0.0015583620005757692,0.00036748712692265956,0.0010034884631622693,6.258067881054208e-05,0.0005034561716507346
0.0010103628269604176,0.0025046804799854633,0.0006265874209761962,0.0008333765848810917,0.0025120747841047703,0.003290477852372499,0.00047344070189965504,0.004972853961274698,7.979907429114808e-05,0.0009336143082381704,0.00011929425711846436,0.0004541010812155258,2.2339246270042246e-06,8.24621659436045e-05,0.008284728442380124,4.7994305817693206e-05
0.0033699116410607285,0.005137926841226367,0.00345762018948044,0.003919068215735552,0.005893674525799614,0.004471245392044673,0.0004626660356136583,0.010139398071361966,0.0007748022794042339,0.004695328194038416,2.5384567870559427e-06,0.00225909452124394,0.00016099456374563809,0.0004321562671009832,6.507274697177545e-06,2.725255457700776e-05
3.293767736843589e-05,0.00013270723781992622,5.1090988762429734e-05,0.00012067077744362664,0.0006467609014070633,0.0005694263703805921,0.006200494021196365,0.06903961452338556,6.600045812386879e-05,0.00012393574159949572,0.036206241077627654,0.00019239435260451354,0.0010501605227868846,0.0009604718000573095,8.748574417724586e-06,0.002599074333892573
0.0009292063603115602,0.00233255551282794,0.0017388599028859142,0.0013791369939865211,0.0036526373923351785,0.0006915070808453383,0.0004366457777273611,0.0035507558503276165,0.002199703897822418,0.0013362622585518097,0.0035590803091093276,0.0008126709885313416,0.0018080755025933412,0.0018464514380105296,0.002032170538665126,0.0013027081823366177
0.0034601946584363052,0.004607323749121983,0.0032666543275242377,0.0028607418170576993,0.006289480764437069,0.002787835215339693,0.0007918138330458985,0.0006377523102664151,0.00190869196323451,0.003520382223767979,9.699952570420278e-06,0.002856972818912812,0.0019458541913669192,0.002795792477915976,0.0016482599144589383,0.001724191148496354
0.00042911152980241313,0.00092143525991914,0.00044896654740278485,0.00021748196730441566,0.002697747473011533,2.5096484623045312e-05,0.007143435328983483,0.013216413319795062,0.00015500276989977024,0.001681309852066118,0.01042311128259639,0.0006513333829538115,0.001070895944598603,0.00018732792227954542,1.0464384981624664e-05,0.0021552079198764312
0.0012407409905403621,0.00212948103326481,0.0020485833632870876,0.0017333207442848733,0.004713305660782534,0.0004161210447436517,2.4263835057825034e-07,0.0004884991968042707,0.001415737523504955,0.002663720230455066,0.0006391228827405671,0.002483047886982906,0.0008793963750215461,0.0010925695385895218,0.0016786828696610384,0.0004331388260906052
0.0007729247009894205,0.00024900356591704004,0.00016585373547761684,0.0006046046445841724,0.00045152778482660666,7.30287253337264e-06,7.568449473920047e-05,0.00028297976990454554,0.001027037742153493,1.3613791374531004e-05,0.0002598058822680313,1.06526464205281e-06,0.00046355958451296114,0.0005851708857960644,0.00019448693572020337,0.0004376840789652031
0.006688692912718494,0.00308026631076333,0.004808112028698575,0.009916957189758338,0.001437160735580749,0.00436462710603118,0.001036817608256295,0.004380949288467731,0.00011946438490994388,0.00013114892415563156,0.003890440440604895,0.004656421452119169,0.0002702978110084922,0.0003819352146076718,0.0008187378780242852,0.0005036295138581212
5.000657828199695e-06,0.0007329861966172413,0.0003138190980482361,0.001121504154736469,0.0006006413537554267,0.0002925591221991722,0.0003068226225800552,4.760834518489909e-05,0.00108042780562001,0.0002557423102128309,4.48133488217331e-05,2.759717619101043e-06,0.0009615895591542079,0.0008274339102367426,0.0010148653361909538,0.0006423571876260151
0.000751669304120732,5.907184526289522e-06,0.00035696408600695284,0.00028812444537984483,2.0983237393676357e-06,0.0003157661335431508,0.00026307775211861784,0.00010742857079248935,0.0012228362910375878,0.00019265844608507,0.00013523206400749277,6.497189525656727e-05,0.000675604963267587,0.0007858899321113305,0.0006293359096513768,0.0007296541873603249
0.021141476884849103,0.012219214869528303,0.011231258175663048,0.008514907617682616,0.007635556274251484,0.005120556814381491,0.0013603705860079016,0.005492297138969274,0.00033395573067629414,0.0016555261542370373,0.002008203200933284,0.007608069685266575,0.0005785001812991103,0.0006092921467326373,0.0021406890606388354,0.0006988208393679737
4.260168902245343e-06,1.2358627842573577e-05,0.0010914155093298544,0.0014003189418943657,0.0005257760791573113,0.000474088369983347,0.001607240879293384,0.00026513540806973046,0.002740562647656722,1.3119060948835193e-06,0.001443944413602391,0.0002700958370137341,0.002448593359521037,0.002435586797722586,0.0016534568595656524,0.002119618963856082
0.006312979014867978,0.005730781120388176,0.0024793062569893956,0.001523124081114921,0.001543488705420426,0.005784490518158117,0.0037845310124832443,0.007581231661945756,0.0015781753743885907,0.00030015410776174783,0.001982875901298767,0.0014672647582912035,0.0030197917231416793,0.0013327611372207712,0.0007195096016530747,0.0018669461994757844
0.00011978939166278069,1.731745521552086e-06,0.0007762959263226121,0.0005394807530557794,0.0005787802432396516,0.00011572369828283247,2.394640068840992e-06,0.00029575762945054096,0.0005849155284761848,0.000685771787669362,4.530933035595819e-05,0.0006227553510735201,0.0003914231354402581,0.00027671694466843005,0.001124264185021942,0.00012819328483713865
0.0001929993044018849,4.605170531024605e-08,0.0005907676130560008,0.0006500048951362247,0.0010410475462803576,9.274657018842197e-05,0.001222879228515647,0.00014606656305615057,0.0025816713776945083,0.0004652877494036589,0.0006716747248106808,0.001237652880660356,0.0020127704024827664,0.0018881275807883374,0.002546674285906228,0.0018233513846936111
0.0056029616458565246,0.012551981697600578,0.007160906124064406,0.00747770761550752,0.0052650394067838,0.01804985280419144,0.0047295387687268375,0.011515221925685382,0.0013860167397449774,0.0041334864446513075,0.009592687912954811,0.0037724936553603927,0.002861867809566987,0.002411276357980406,0.0012677889165001802,0.0025425968631372226
0.00013241215414230845,1.173184025512336e-05,4.653603969197867e-05,0.00029261507869358244,1.728106976554844e-05,0.005861977508714922,8.713549732028425e-05,0.001536782668583793,0.0002131056208896226,0.0003089100626453775,0.0007121839446520631,4.688998274091083e-06,0.00020568767147648853,4.4783010493404385e-06,8.76082397841052e-05,3.968490480739384e-06
0.0015368752362744445,0.0013411862723244003,0.000929730742100357,0.0012477788585299396,0.0009588704623621144,3.5850585052510375e-05,0.0012866349329103272,0.0006108734575528615,0.0021114563413159038,0.0009032173056695708,0.001974529397953853,0.0013910385116516072,0.0015522259523452347,0.0018570175044711618,9.848583104003772e-05,0.0021445587507844532
0.0030544563489645488,0.002394384025634945,0.0012900296261649097,0.001287510480462939,0.001902779825002185,0.0009221303472568762,0.0025658433359195265,0.002183506671310606,0.0037836746231644652,0.0006563935862697323,0.0040751969429021345,0.0023088932062713258,0.0034620605652163905,0.0030596254844800913,0.00020638857341254147,0.003116505896264027
0.0004760739539424602,0.0010527608578641753,0.002020855780297953,0.002148903062416059,0.0008849230641196568,0.009331020558271605,0.002530401860223505,0.0036620697861051432,0.000913009730056577,1.2678803515409065e-07,0.0009647966330848662,0.0008883973737817338,0.0011063006004142437,0.0015295526779479027,0.00367640900905096,0.002602489914471956
0.0011371634849504236,0.0013091155240136931,0.00018419110186050636,0.00027488999861376845,7.496198239605179e-05,0.005836437619942111,0.0012892900178973835,0.0058332646740540395,2.7830804075409943e-06,0.00017584696409946032,0.0026992615751410265,3.0127162125997975e-06,0.0005674713703219744,9.624518361577017e-05,6.388878427802946e-05,0.0005708060134997361
0.0037633663602741896,0.004308346597994284,0.0018590948878719205,0.0022036714355816583,0.0021615505063930993,0.00029148206722021813,0.0014715770241889303,0.0002280540960101357,0.004399752591369349,0.0016328850221879188,0.0014395582715538285,0.0017909885151844301,0.0032095331078001027,0.0026016581510186626,0.003794867189238438,0.002514101292383192
0.0022990802675614402,0.0026953779763378427,0.000774255672074009,0.0005667836904564294,0.0014528455489541542,0.0004463031235166018,0.000189241758394125,0.01346519876341043,0.002278104484766369,0.0038517081695517846,0.08016397539946718,0.000692299385237613,0.0019604021785157508,0.0009229716673929689,0.0018203797223381446,0.0006694491712022632
0.0018646908612347732,0.0020091597904474123,0.0010371257730461964,0.0009031617336778541,0.0016582650002085128,6.407920606910089e-06,0.0863957943384405,0.003984444917620122,0.021654769728750314,0.0011815235089204304,0.009493099240254183,0.0001856675809091199,0.038589544045165486,0.038589544045165486,0.0015681429183159734,0.0863957943384405
0.003938412821856821,0.004884415876016193,0.0029932870436584977,0.002474529981730332,0.0037938842098678566,0.0008951150963671661,0.0006020966233766245,0.0005626078891598496,5.133156663617022e-06,0.0044989126662080825,0.00124786963642326,0.00044802282836415436,0.0002734594727581349,0.0010349067765733772,0.051088440722588946,0.0004210388699609352
0.0008615784234682344,0.0013435127561146482,0.00037372542132341896,0.0001768660906305078,0.0010774711005355209,0.0005182522740362489,2.6124985246817056e-05,0.0015016921187671062,2.355251301479344e-05,5.096264637724501e-07,0.09632523248070388,0.0010395882417332455,0.0002614167263536027,0.0025467534825135973,0.0008575322186881867,7.661964640123115e-05
0.002647072485183366,0.0030526404133195545,0.002283313938342066,0.001961347625707155,0.0031369326304970524,0.002309423553531746,0.002104963046355622,0.0514823487996621,8.754103226588095e-05,0.0029756336640354847,0.0139220278524851,6.346672799548841e-05,0.018666502661320333,0.014976789052516357,0.008201812806838266,0.0016765472415908172
0.0015510318919970262,0.0019521223577273067,0.001470136269396738,0.0009260590037414793,0.0025226109645691414,0.0011393643057256847,0.00013235483614798538,3.0566157142863926e-06,0.0005489526927361724,0.001046553697647043,8.427963625209922e-05,0.0001494048657039171,0.00017126999485308353,0.00016201568953125994,0.0012458694072780552,3.937809999660091e-06
0.0019525048743136084,0.0027429642294110185,0.002375502447790237,0.0018453210411028056,0.003493508250655933,0.003720765469836594,0.009474569266896861,0.006744143070549186,0.009654501846903956,0.001034632721744616,0.007024956937308639,0.0028247598981295807,0.010078059931612919,0.010313646383375917,0.007268564903737923,0.010149775273778666
0.0953685170846714,0.08255989323705298,0.0831068044826811,0.11855273086916973,0.06177845155400419,0.03898714980449555,0.003182795216348594,0.008683489397693783,0.00190100942339623,0.008575852401852713,0.010397439899558741,0.051636934800348144,0.0017307590220617744,0.002147918866737021,0.005683727024698784,0.002377761486746177
0.004070862576294874,0.0050491062193490435,0.009028852704394505,0.016224491198521207,0.004382564869474644,0.002530192376896556,0.011027015905913526,0.007639059999609593,0.01090982417612129,0.0031562799890135634,0.008584743734168405,0.0019109860004941012,0.011466858988427708,0.012197590031788573,0.010147118286092733,0.011717938933824952
0.0034461386086407364,0.004611844312583428,0.002976648162273242,0.00028403853230630355,0.003687519598756177,0.00022738382269986424,0.00026559314814603857,4.242311921551917e-05,0.006377549934059867,0.004161784683958655,0.004194354712242818,0.002305683886796875,0.00020379964445527143,0.002158117908872381,0.0012877176090981962,0.0008590804195636736
0.00043418965065528115,0.0008643635950354583,0.00028180403135605325,0.0006095386956264798,0.0004181875487285422,0.0011084278292251282,0.12096566764300976,0.043872356222949105,0.002709956758573412,0.0021326691740226195,0.007051722826605253,0.00017792857336928342,0.021356534604190458,0.016354436932132246,1.4427695123213347e-05,0.08714557062587566
0.003798066192172614,0.004413072970179177,0.004197775051785119,0.000402984711496468,0.004175202718738856,0.0010589544561215303,0.0007674709590941159,0.004585532309235446,0.001638709284327064,8.864941683228711e-07,0.010941086467787242,0.003251142169626055,0.002788666525913072,8.79851965604056e-05,0.0020066521069364296,3.1570599562644186e-05
0.00014689818768882923,0.0006222731093532136,0.00015632953746923944,0.0009688641492633515,0.00013434060003403997,0.0028304150559039093,0.0005053035243761522,0.0063856867418433105,0.0005930103909025791,0.00017936900488429303,0.14282282820800254,2.3706816970961442e-05,2.880439371583804e-05,0.0002570760532000574,1.6254947258112495e-05,0.00013021339571471502
0.006640945537964342,0.007160180498406277,0.005441555107013316,0.004608536075628805,0.0060122905339528715,0.0002971239487526908,0.00039640242244511764,3.9014108969837036e-07,0.00034682099313878417,0.0036779770186200628,7.482374410572312e-05,0.006638122889772856,0.002988905489661131,1.3106009488415837e-05,0.03166621946498066,0.00014441925952571322
0.00016664927965457516,0.00011754650172779435,0.001066433586576765,0.0003233883847847188,0.00014089171076512447,0.0035979610643994964,0.0029519181062917232,0.004207157231194372,2.5075536138480237e-07,3.280264439909503e-05,0.0009460275419347353,0.00017304497706675803,0.0005983321963974123,0.0010049765431095065,0.00587620340166066,0.002497458257671288
0.0006489877462471233,0.0007526023147525068,0.00124955307428741,0.00290122280432277,0.0012947222739869632,5.5425890319010795e-05,0.0012153546897414186,0.0001438327858476196,0.0028866707509287853,0.0013990676742234587,3.0463564414787148e-05,8.877831075350395e-05,0.0018471584328251661,0.003392725760240564,0.001972540331582062,0.0025601380434731175
0.003022610141945603,0.003001131763557721,0.0035949254896584237,0.0057562210251844576,0.004786577907462883,0.0005541008865333902,7.472416523583714e-05,0.011455944106013152,0.00029593977171051,0.0060631437496991986,0.001440649317589908,0.001124516872836115,3.7323792552113044e-05,0.0012063784763861121,0.0010369560051953497,5.622550194969711e-06
0.0018934023327986521,0.002613914956802993,0.001671612412970598,0.003309352995768948,0.0031375085066701683,0.00019132411966982926,0.007219690305188833,0.057781816573967304,0.00011679761578675674,0.005369722315881481,0.008678641781508886,0.00031213090406953525,0.0006504067467806504,0.0005330682971516204,0.00024389873183810334,0.007788606684458035
0.0023113729977610256,0.003847930773133293,0.0014949151224411122,0.00372571684035318,0.0029182643732607386,0.0020631828661157314,0.00037699950118908615,0.004421733234280911,0.0015584101686139662,0.0003234563471820398,3.180586504866745e-05,0.0003438219133009221,0.001266216622842889,0.0009235088580720544,0.00010123707325327552,0.00042335331545061833
0.0007686057450630168,0.0017931097057275053,0.0006485350363965511,0.002284549662396898,0.0016562064862086362,0.0011674169142734184,1.911490040398811e-05,0.008616377835948319,0.0005638895097947599,0.00234668882251117,0.0004216537785439872,5.18083427196378e-05,8.843061755764436e-05,0.00021045184813718587,0.0016472239039052178,5.180211113307853e-06
0.002521079202393861,0.0036490384329231004,0.002896087289149682,0.005736922874470633,0.004555675738270412,0.0010422347965020964,0.00032604233537701643,0.025611403361637558,0.0007464608223976543,0.002862651899151275,0.0022371949210140338,0.0004643777626909956,0.00023400173725605933,0.00024944927539811285,0.0001398240478126811,0.00018083426029545657
0.0005977990348188938,0.0011805605953733797,0.0008053702071180863,0.002432794408556288,0.0024982238236571364,3.570244432983538e-05,0.00023316307127599356,0.011003708336169524,0.0007461048810083887,8.652372874909386e-06,0.0038945644915993755,5.947939730033269e-05,0.00014906348464058944,8.750001908160859e-05,0.0004050898135066344,7.247480418871854e-05
0.0003209203275416489,0.0012456958276103186,0.0005405883001484701,0.0024016514049803803,0.0018316107824899452,1.404560689340778e-05,0.00018504586857775313,0.0016382221331248253,0.0010907624466005017,0.001900230624600853,0.00029353192352422897,0.0007622152941406113,0.0007004206297794857,0.0008128312211535191,0.0002776973737702859,0.00034495878653098555
0.00013817153119180525,0.00040738287545633717,8.211653247058165e-05,0.0011535571502552244,0.0008440409877559021,0.0008044874337677921,0.00029327891196685024,0.007104412042974684,8.181041720378007e-05,3.877817970725228e-06,0.002115578488688305,0.00262552300545138,2.0040831098522283e-06,2.3771312702085268e-05,1.302078946538443e-07,0.00018118284657970413
0.004009880290110415,0.004468055079291697,0.004879861992815496,0.007263240346959229,0.006643862177442124,0.0003623536084045309,0.0007330808029253622,0.0017307174427068014,0.0027617685141974047,0.004230741281717763,3.815852526491137e-06,0.0011267718011944844,0.0021498073057412137,0.002664630583169861,0.0028086884192333322,0.0010818981591193405
0.002649167666603988,0.003036062484984184,0.003077411289048655,0.005409349330599819,0.005670369960494803,0.0013432886899850949,0.0017361975019421771,0.00018908548711819156,0.0035382210041013107,0.004810126580826857,0.0005885322972012802,0.0014280784302790894,0.003063939463690407,0.0033177289566477877,0.0010421690157418756,0.0019472130143960917
0.0011865295272618231,0.0013156943623843717,0.0016566469744920126,0.0038242641301974023,0.003865162418299539,0.0014070730099713519,0.0018806682026020483,5.510515255253978e-05,0.0032949398982109954,0.0026171518609720973,0.0005904946758725493,0.00043489524382293865,0.002864416405070659,0.002966338870388774,4.395136113267972e-05,0.0017128521844743255
0.00044389877778160114,0.0004284165842073709,2.693137182849248e-05,0.00044810448735572994,0.00042974942721602655,0.0032448411538871513,0.000662535772441547,0.01728744008384435,3.3599700562797485e-07,3.218285563717088e-05,0.006798260402615344,0.0019339608020347496,6.433374772012862e-05,7.885870967930947e-05,0.0015575474231804137,0.0012447816061985292
4.506259390472944e-05,0.00027211092609409626,0.00010247884392099171,0.0011630733436078372,0.0007041713988741663,0.02093148622060692,0.0026313079708815135,0.05980420787932303,7.915424023571122e-05,3.960387387572095e-05,0.038588233789999565,0.00221919656059235,0.0006436079071808418,0.0005402029502078604,0.0002788525106646317,0.0029636084200725943
0.0016025198552834102,0.0022071088350338885,0.002393090254592972,0.004328897195499205,0.003962545345678664,0.0007605320638296095,0.0003931727555157513,0.008077787666160283,0.0016636780192357398,0.002207004023334007,0.0025493257310174877,8.090186481110595e-06,0.0012697556367481794,0.0012209896228066591,0.0004190838334171554,0.00045815563858480485
0.00765589952116081,0.008376395705061546,0.007637883865624126,0.007674113037978124,0.011444759535778417,0.004438914932307053,0.006110818070300381,0.00032655919991596283,0.007683067778199382,0.007471704241329619,0.0026543597221060367,0.004189427632238021,0.007552550910724293,0.007628042653784112,0.003582916225689542,0.005760989990466481
0.0005832283731642754,0.0007524661676532179,0.0004539792403597809,0.00015888466654070954,0.003464911837427004,0.0013091334579816497,0.0008068132248822274,0.039590606457169386,8.900675823320103e-07,0.0014111395446341352,0.0073876992939802405,2.032886044170401e-05,1.8388300802842095e-05,4.321647129337802e-06,0.0004506105616680148,0.002663390166544946
0.0009382349313284133,0.0013950626679188824,0.0015953354727842872,0.0016508046233021448,0.0045662650420394,0.0015955408349269465,0.0011725457936464581,0.04040601714510508,3.735339534072235e-07,0.0023759801520437107,0.014529783353846512,3.829414552337235e-05,0.0002304950936669048,3.936970524587302e-06,1.1551364863388036e-06,0.003967568442657152
0.002786760696502938,0.0032072369185618538,0.0038904886447566414,0.0038571352439487824,0.007864257892108345,0.0017733190940740773,0.002851037784517549,0.0016092331648428215,0.0049430035521502574,0.003399469553657136,1.7613510332775695e-05,0.0011746937800997323,0.0035472525861262663,0.004447363771956009,0.003066722526009924,0.002351685815348628
0.0004221892992537016,0.00033611560420224174,0.00033200363389757764,0.00010313189522784261,0.0033486244313525315,0.0002345188830695233,0.0008845672395843135,0.00894788150702766,0.001951960627075408,0.0016466118954537035,0.0017464388540398418,0.00036161647381119377,0.0015333329610043925,0.0017226259038305852,0.0006310768741110556,0.0005340198935824755
1.904165857487261e-05,0.0001298903118139641,3.147573051175134e-05,3.939318989124724e-05,0.001984395278621598,0.00027745583265823687,0.00011806046213994059,0.07282232385927767,4.192310659009019e-05,0.0005566813861691833,0.01768084468629577,0.001991254821656463,6.824234396698992e-05,5.524935329064701e-05,5.7979158817264564e-06,0.0011124857655216286
0.002814297860698853,0.0034425265123764204,0.003972073151195042,0.0029540812917135395,0.007668774038012957,0.0033903810855120883,0.002139462816069207,0.019942068410875355,0.0034111618040018193,0.0038973541936029865,4.8410340841964494e-05,0.0007117652999849775,0.002875049431746171,0.003972915490968454,0.0014949933493732456,0.00106408715238112
0.003715358363974304,0.005118110296408809,0.0036600737707510045,0.002707538500018432,0.00853432037928533,0.007044038377186673,0.0047842591750373725,0.0015798531861793627,0.005847020333779172,0.006110353751509673,0.0019029977410398233,0.0015688388061307762,0.0053567768228005574,0.006497194101383524,0.0009947575296888056,0.0037124788547246088
0.003153043240839218,0.004240827090152374,0.0031144674006233775,0.002296618591229399,0.008167726402953199,0.005672857158740156,0.0032180985858680927,0.012990456816882268,0.004421449760026744,0.005213185797773613,0.00022899188659723096,0.0010750295775887944,0.004398906018125218,0.0047842548547473995,0.0007968390781979418,0.0014916952191402072
0.003155433143984948,0.0038750679107200994,0.0036778605467237616,0.002673242421583087,0.008823676457262085,0.0021678050702653787,0.0006556526213385427,0.014050971137935603,0.0020407039556279497,0.004541287948575251,0.014050971137935603,0.0010391345039375902,0.0017081570059733486,0.0023662870723164184,0.0019089358904653686,0.0004311149958048724
0.00178053051452165,0.0019042695860443798,0.0015962157136339972,0.0009740148088951267,0.006348318955863498,0.00010412454651984038,6.129242287059022e-06,0.025740044952971386,0.0006730133609371969,0.003202078014751794,0.025740044952971386,7.065311561194748e-05,0.00026503042122731635,0.0009063511131074259,0.0008422680771601118,0.0012358330574668078
0.004981302999042592,0.005178781248894697,0.005401209863740111,0.0051326679395569536,0.01091423863301623,0.0035183886524401548,0.004172803236393199,0.007452562666627943,0.006152445591138082,0.006916542092234704,0.007452562666627943,0.0020166398932785837,0.0057259491727693,0.006140646080604384,0.004568787718901096,0.002436963999730868
0.004495600723261398,0.004444333426604337,0.004399699608514038,0.003815788608751952,0.010522053331158937,0.001326600059109409,0.0027428080172234373,0.008344230944166975,0.004694552047175456,0.005797524370767221,0.008344230944166975,0.0013053664037719487,0.0045358477393227375,0.004835346178193797,0.003777067997057862,0.0010066054764322069
0.0016578805571683883,0.0018525343095898983,0.0018395374026262262,0.001504064361208042,0.0073838454994744895,0.001119298866192879,5.738412522937608e-11,0.01987709661753556,0.000724486541993731,0.003407523354827219,0.01987709661753556,1.1475297769493464e-05,0.0006433030418208016,0.0009541581425213108,0.0005548234984343384,0.002443169829382849
0.002187999467630243,0.002704222157281576,0.0028993914431474366,0.002849839446153954,0.008556203527724196,0.0002298456219815906,0.0014142520296344385,0.014814961232280363,0.0029887494542035903,0.004612110556005911,0.014814961232280363,4.103566482425297e-05,0.002476815399485001,0.003014326418119523,0.00036852532824117185,3.8453229768149744e-05
0.0015177392284351776,0.0022319957083676567,0.002214647282892751,0.0020579813583659415,0.007919236544469091,0.0008132046815609029,0.0026337447160241986,0.017427735281409243,0.004052089054325518,0.003637480040357917,0.002079195481634419,0.0005265492013512563,0.0033518106445454138,0.003750826631634993,5.827538114119152e-05,0.0007887400595208288
0.0013213222959340964,0.001935086699800373,0.0022906052631954804,0.002300883781637758,0.008157809023948435,5.495769020216756e-07,0.001624154634042592,0.01643609592055996,0.002864329290650648,0.0042564387401187315,0.012961161388198278,0.0018615527493441725,0.0026199216882892146,0.002451463611951872,1.0192445070167366e-06,5.666817821936565e-08
0.0013035500846818177,0.001668523898534939,0.0026473569266763086,0.0023358053810015184,0.008653098632547943,0.00017879709422505274,0.0012287650785152565,0.014457007670830468,0.002280158091328706,0.005180018087550718,0.013502844989185678,0.001124699549694505,0.0019976381077261712,0.0020605185757818084,0.00023187283037886391,0.0004395489964190355
0.0019755243449750687,0.002075979136677994,0.0038833290477483795,0.003953950184110294,0.010243626934679118,0.0017982899431333507,0.004612294313646584,0.009151378570090102,0.005887638384017492,0.006192519736754033,0.00010905825175935857,9.538548209619968e-08,0.005059643411824605,0.005503000546021382,2.123081129985077e-05,0.001594204482069636
0.0007124311368653241,0.0006346509247441359,0.002130183357560031,0.0015349882761491324,0.008342637759238491,0.0008325297289463601,0.003687898940815275,0.015598454368330322,0.0049201608748521836,0.00451552877772176,1.0630745800717378e-05,0.0002283353053927767,0.004186115754583115,0.0043044962634450346,2.885421965587165e-05,0.0011538483986116288
0.0034869737301123013,0.003938020996588909,0.005480855159500281,0.0037681129472112163,0.012318950426087182,6.409739589159635e-06,0.004687101293375309,0.004391556022514967,0.006668174903646469,0.008929560363169373,0.004391556022514967,0.0003479003429795735,0.005614267367615736,0.005521124795428434,0.0025247912084519555,0.0009040675059090106
0.0006332556140695861,0.000721332532889328,0.001606221164276292,0.0012886989477610758,0.008286150269813913,0.015712566466912534,0.0006496802974273602,0.015712566466912534,0.0021224419290465646,0.004152843408587639,0.015712566466912534,0.0007653249347950516,0.001076085977113797,0.0011711418521850314,0.0007970501832964411,0.0011906957411339306
0.001607778380832904,0.0015191118775667659,0.003328272311582836,0.0034530768655038208,0.010265572044375934,0.0019025222582770562,0.0027932189095540155,0.009020140390760586,0.004627144545084415,0.005969025057942105,0.009020140390760586,0.00044538182198434334,0.0032497755188696797,0.0034652587502394597,0.0020540115800907893,0.0002827209688109761
0.00023416153050263844,0.00012077852027814889,0.001202174502613021,0.0011460736077787553,0.007537814394355163,0.0033585487218851656,0.0006461357541975854,0.019057650868827408,0.001845411512885746,0.003827212320387803,0.019057650868827408,0.005664017185691303,0.001010874229667183,0.0011351644543380612,0.00020662016733677402,0.00039945879207835266
0.0042172481833930575,0.0034243858490989043,0.006183322905868788,0.0066738472348435995,0.013376458375388665,6.201062773963928e-06,0.0029568981791750076,0.0007021944443261832,0.005386559758947584,0.008426403366252291,0.0027306766897181867,9.318005053794015e-05,0.004071660383659956,0.004554914752573663,0.0029582055046084924,3.542333422829058e-05
9.897532176150053e-05,3.081105876753809e-06,0.0005466734040039112,0.0006686371522898679,0.0067750888215925495,6.617361628608737e-05,0.0004122731421542722,0.02287132701768485,0.0014289559515784575,0.002739178684240312,0.013972793375262471,0.00595943896590663,0.000764642681532382,0.0012257396571021123,7.149206351800275e-05,0.0005108828955725439
0.00024690075633904823,5.28112821364668e-05,0.0015144991319663223,0.0020671584220579714,0.007729970381628058,0.0015088747254540166,0.0025476690569455063,0.018323996240824342,0.003538585854458702,0.003928732612374745,2.5815099387767326e-05,0.005638524423665234,0.0028004181142833595,0.00365358821128374,1.6327070383320708e-06,0.0005562181637009528
1.3860913720326051e-05,0.0002808213184256475,0.00035255535565074936,0.0007147373697856951,0.005662694206803598,0.00032547487643847656,0.0009331645789169285,0.03003993892841675,0.0012833661613144004,0.00278397484487887,0.00038313019853081914,0.01237855713712091,0.0010151972776379359,0.0017100944624818953,0.00048362527235752684,3.209978476462205e-05
0.001814034205658524,0.0016342350898213842,0.0035059001426555325,0.004713287804990793,0.010318764146562832,0.0022710333816711864,0.0036243123430053925,0.009053481234111246,0.004099700784265331,0.007202792643892633,0.000748875203065387,0.0006667657401929275,0.0037097341925477895,0.0050733528547834625,0.0008146897708957851,0.0008381666989380754
0.0048705638430017045,0.00626822412173049,0.0029020115816274505,0.00249652734567761,0.0008416055288814756,0.001724117576064145,1.256940974109222e-06,0.025616092607418095,0.0002511548047745768,0.00014166580405235857,0.0021864875453839264,0.017187686280955447,4.7036959009170987e-05,0.00015552652043449022,0.0008960801500896495,0.00042461425527848956
0.005061942152679397,0.011806313409286326,0.003644914208107808,0.0012981764075985433,6.693870620466669e-06,0.004691858707418672,1.0688100541271506e-05,0.015883594717316152,7.210340639906415e-05,1.7534854895813468e-05,0.003577963414971422,0.02763433603695456,5.823867465816479e-06,4.6471204568077074e-05,0.0011974081363004957,0.00024129335424456083
2.8307727882592726e-07,0.0007973829444172728,0.0005138076097065195,0.000972526530994583,0.003273324030133265,0.0006189227283699486,0.0018632448766028112,0.003132748368356905,0.0024469892862449827,0.0014400083909045097,3.6570297538354724e-06,0.004576377611310717,0.002253340877106276,0.0026670492280104763,0.000674514893224766,0.0011049624549476222
0.00016959975748390144,0.0013787516273141356,2.3021706237885686e-06,0.0003058264093953045,0.002546612551327293,0.007412630900331327,0.00011940456024363277,0.013293007199994974,0.00023009326829345755,0.0016113796679867315,0.0013304600446846573,0.005395251186231562,0.00013150952552769268,0.000573294194573068,1.0013474602207917e-05,3.928478547001596e-05
6.446853821028692e-05,0.0016638388943926025,2.4904435549630288e-05,7.379880228124136e-05,0.0018577092039601673,0.012942032083870236,6.352463406363029e-06,0.012791459927173912,0.0002593969790301784,0.0013304615873037107,0.0034824360829219664,0.00774078711182194,8.797824261441711e-05,0.00015957223256433256,5.579104914225225e-05,0.00038753550691574684
0.0005464277658336625,6.486653708591417e-05,0.0009232886892822784,0.002072792133123627,0.004433986125787243,0.005471050926177612,0.001543099679211804,0.0030952396531546272,0.0021976725075144726,0.0020373877473942523,0.0006180109301727812,0.002740615960642359,0.0015838750267858775,0.0020939264844511557,0.0005064112422079048,0.000605747641373236
2.321561717692766e-05,4.8004683185623453e-05,0.00012038519934758074,0.0005701355067852382,0.0030578409660888956,0.013704835778332286,0.0005941325054511504,0.008984913143946865,0.0014840499554786002,0.002341622549212191,0.003194790075294787,0.0037815706017794992,0.000762516687025018,0.0011618206274724222,6.054931515541567e-05,0.00014506080000645238
2.3033481972897785e-05,7.920876363260582e-05,2.6598993507410962e-05,0.00041952447047772373,0.002513335343865372,0.008237080029368585,0.00010064191790878918,0.018026824230002195,0.00025565999473480677,0.0015611288684114072,0.002803773123594089,0.0032285518454476525,0.00023451813420435896,0.00043231478496637277,0.002599925212024165,0.00010026268297728264
0.001214649554857096,0.0012274010108975775,0.0023510875572010925,0.003606650829250241,0.006735079556137474,1.3487751418239657e-05,0.0023325530988724044,0.00381209213131789,0.0034484128010345907,0.003915500568397914,0.00025849668563335954,6.955386658474838e-05,0.0024485766536437997,0.0033828940413483527,0.000511370888706203,0.0009261958947768822
0.0012389231767493125,0.0010027352260542008,0.000415827359353374,0.00019795939084363973,0.001235159260410429,0.006332715562692173,0.0001004917267723171,0.04963208257910309,7.290929691598086e-05,0.0007049864347828533,0.00565995063663878,0.011894138115641426,7.484784070621586e-05,2.6233973918592113e-05,0.00622625122937151,0.0007852641000216515
0.002415251454944131,0.003407334624591085,0.003531970748336055,0.001741303981085636,0.007775266797843648,0.00013803353663584955,0.003051711270687263,0.01976187956439303,0.005280832979892659,0.005548920785767228,0.0005285158069319798,0.000992024612739617,0.003994105755923502,0.004419354218161711,0.0014304922137544085,0.0019208025256787775
5.400297172351853e-06,0.00011914381907189575,8.042812478293443e-05,6.911071916480133e-05,0.003297364067407091,0.0036398891036388686,3.8105252271602996e-07,0.053447807935913666,8.890295657139335e-05,0.0019620796571698657,0.00404027648643876,0.009361626675436052,4.597838433942347e-07,0.00030225770863475526,0.003706263000748722,0.00043129458936110726
0.0004281218678707649,0.0012636102095781448,0.0008260337480918423,0.000688714444463473,0.004490985943230323,0.0007730234299684197,6.528174174457585e-05,0.04105813225887772,0.00021612946204473127,0.0028703003352352624,0.0003522879133603038,0.004969183743096545,2.0081945920819022e-05,0.0002534438923123897,0.006632800652207976,0.0012903994657092674
0.0007276371041043395,0.001505199701703576,0.0014129886631008143,0.001284937585641327,0.005710587703621636,0.0006313392511582555,0.0007287925251759503,0.03128877233822286,0.002962775788818914,0.00462367817923523,5.0213616708399966e-05,0.002157405330203886,0.001433041892548434,0.001948470305192615,0.00018752389412408227,0.00038198476169552104
1.5068906942319882e-05,0.00045772444883285246,0.0002989958669246187,0.00019240867259823213,0.0036395911359591443,0.006601119382851295,0.0005474042626943676,0.0313023575557774,0.002052385958281125,0.003343885415087622,0.0001045320508419878,0.0065776195092424605,0.0009207241282628426,0.0015520271563752852,0.0002650131848763934,0.0005839075036496166
0.0003591891355026189,1.1214465206493829e-05,3.029119891223564e-05,0.00010619239125993218,0.0024329731630321066,0.01811921989089256,0.0004618823302416433,0.01935131797370228,0.002093327276608624,0.001467198846040088,0.00030793503972745273,0.012673684736532437,0.0011149408200524305,0.0011304088022224684,0.00047129141330968377,0.00040206368891210903
0.012455685255185409,0.009161588150630104,0.003764375135950307,0.003157975807002625,5.457944596101022e-05,0.10757499811377016,0.0014771066380081313,0.06665952381480561,3.155994139326934e-05,1.7841693371115075e-06,0.009172607423908824,0.07158673426364037,0.0007018385477599379,0.0005361699335627926,0.0012962484244586833,0.00137852064135114
0.004533938842252602,0.0021158798537051493,6.655307886488382e-06,0.0003000939940848782,0.0005910600265686822,0.08291697982472856,0.0001482379811542367,0.059353847636424734,0.00024895535802434837,0.00025324153051052567,0.002988661561431502,0.050822422046203436,1.450880816739053e-07,9.488222487558096e-07,0.0005578749479712014,6.333202959666467e-05
0.0005436840635345622,0.0012010992013720412,0.0043000833184459325,0.006013195726056408,0.007492419379691792,0.0029314619578668932,0.002258989382624081,0.019310210009766612,0.003845368777612629,0.005472278921844154,0.0017652667505096697,0.003941789341302945,0.0030037113106461677,0.0032546932914880033,0.0006236101825301196,0.002534088218427405
0.00023815209562483286,3.1951582611239315e-05,0.00017944040059930666,0.0002752302836935977,0.002761510241825499,0.007008645088019599,0.00011292839391206788,0.06282628459329329,0.0003040691854720237,0.0024560947275268433,6.400163571164408e-05,0.014657239036536734,9.655967353680572e-06,9.587509677201622e-06,0.06282628459329329,0.0001893345509781652
0.0023485841548841757,0.004131279504380608,0.005920439379571152,0.005573013188281496,0.00973477537364283,0.000331589344872818,0.0026542201917918035,0.012089519073668259,0.004880837062875662,0.006426349074128326,0.0008488695895271653,0.0008096497257677332,0.004028994357574568,0.003485201331545222,0.012089519073668259,0.001791623475419321
0.0027079621180325364,0.004226324470660958,0.005718070544129664,0.005671040590021333,0.010454317221036357,0.009074074027525816,0.0010781856675493445,0.009074074027525816,0.002436295519813003,0.007975364800107548,0.0018569753081522575,0.0007493722861064422,0.0009508925695548218,0.0020818692068338487,0.009074074027525816,0.0003152133095450371
0.0038158510897474407,0.004835872247049698,0.00598172071613888,0.004637878008147453,0.011147928873796679,0.006951035462099575,0.000310848215843533,5.1422325604601193e-05,0.0005599439091755892,0.008544698315248692,0.006951035462099575,0.00033204554180332746,5.03216046126298e-05,0.00022157520965179062,0.005201503828988915,0.002433202709151268
0.0006630409318267652,0.0010827545195333105,0.0018173033573855302,0.0010444216475123391,0.006721310251154841,0.023470812390933696,0.0038352631125605358,0.0005715769176552685,0.00041412436490107646,0.0035183678110111624,0.00958929356355602,0.00708315375385693,0.00022638491832166485,0.0003712516284051365,0.012974096163221274,0.005183511497932988
0.0024289247627522284,0.003708050368447874,0.00269990614998937,0.0019088291384614514,0.0076704241465003625,0.01866770662316855,0.004663752035871174,3.9506546191281355e-05,0.00014005291232900563,0.005066873037602435,9.528949398326242e-05,0.01409264794310272,0.00045103722566799953,3.818295707776198e-05,0.0011754318065250874,0.0019692548862941944
0.0016271320724040306,0.0024801735494552057,0.002093055990336018,0.0015758788119744765,0.007189413889192198,0.02014387525412238,0.020949907307752966,0.0002518912988328792,0.0014032142401223038,0.00430833083610252,7.01543082070738e-05,0.020949907307752966,0.008004602233680103,0.003169949693876198,0.004102164393963256,0.020949907307752966
0.0037075236454798266,0.0051731006395145315,0.004584551018853522,0.003950916905119228,0.010254920972323507,0.000724917642955937,0.009170382892204426,0.00154460250096905,0.000827183644964681,0.00799175792475093,0.00023286361282082169,0.009170382892204426,0.009170382892204426,0.0025128741177899427,0.00040899767594985287,0.009170382892204426
0.0010172550789414314,0.0018335438933352738,0.001519660225493616,0.0009640323217048608,0.006837692631345246,0.0013507737614958312,0.02279362380111942,7.001874387929652e-08,0.0034933551688701298,0.003815396275464067,0.00041023589010457523,0.02279362380111942,0.02279362380111942,0.006896217296145105,3.824326566071595e-05,0.02279362380111942
0.005011334061126263,0.0059692070532005245,0.0067177807169331236,0.006711303943411975,0.012598237089979203,0.010220342726030875,0.0004875110220323442,0.0007057650610968469,0.0008564988427236311,0.008912126864172,1.3068708387589667e-05,0.0039614845512705305,1.6381797242039087e-05,0.001186839192058295,0.0038568138739654423,0.0007825776988514069
0.0016560289066386985,0.0020781825277336186,0.0027470584194406733,0.00225996516137892,0.008947986960815835,0.010924047816512288,0.00046086505200533534,0.01320730243649823,0.0006185715951244272,0.005687877391695781,0.01320730243649823,0.01320730243649823,0.0004422069121789163,0.0021875081685209935,0.0005213320422289142,0.00017037200878332326
0.0009286881994862231,0.0010928171184181948,0.0023142892369865664,0.0021860529647231425,0.008169002766981015,0.012896491834647736,0.002596135265987537,0.00809839482298308,0.0027800470159568824,0.0037091677914141905,0.0001449555673051911,0.002949673707258821,0.002638415728301896,0.004593511358313512,0.00029373435420745886,0.002026625456558559
0.0014537756749345362,0.0020974347580944713,0.0008985850708946655,0.0009812389282602418,0.005930618731232323,0.011574152990070252,0.0019395275587541089,0.0032034036449904435,0.00167798235207256,0.002337467762862991,0.00039571481092583877,0.00014913619899957486,0.002055643791103047,0.003716933697602634,3.864664894055736e-06,0.001522854621004044
0.0014297003585513474,0.00178443641452794,0.001438617258573846,0.0007853024737252551,0.006601940862033605,0.01213189862304119,0.002360226605435292,0.002160384030041637,0.0021220140709724555,0.00137193747724014,0.0008792838938631309,0.0007259005882610386,0.0025500931521598366,0.004464369663142023,0.0002619628936958579,0.002160358965143633
0.0018246727423347209,0.0028952645657844556,0.0009192795918187557,0.0005191094786023559,0.0058389956848893115,0.010339439730950532,0.002453921599895187,0.003905926036137042,0.0029231232892041256,0.0016869505425650272,0.00019004216694382126,0.0012561596528831848,0.0030770668060527556,0.0042727786131114415,0.0018184852745283392,0.0026206466846094845
0.0033841722142112785,0.004690076994761497,0.0028439569889800523,0.002427394380586541,0.00852442944898215,0.010465540502360603,0.003787440332740588,0.013226285734125862,0.004725561124299421,0.003210590659974019,0.00026686749376438057,0.0036543600936719753,0.004937291988712712,0.005766437388668291,0.005765547864691495,0.00456912576056779
0.003234720474978886,0.0042224738320390115,0.002475368855715851,0.0017869421705149352,0.008447712092212047,0.006036536952429096,0.001028739700789802,0.01544689141519899,0.003252928927471685,0.001944592278587308,0.01544689141519899,0.003703621695388584,0.0031079590451317043,0.0030052015753468664,0.006175928484962567,0.002285343133735983
0.0017281495217169734,0.0007309499896240509,0.00216233775943709,0.002797825370468493,0.0005206259384892137,0.001871560065040967,0.01234334518051207,0.10955145535568836,0.0008163178571144458,4.2746163015965066e-05,0.10955145535568836,0.0013027650995553336,0.0017671515839000618,0.00392166852158668,0.00012033124275472734,0.0037906329794590438
5.333423381766872e-05,0.0006752769697088018,0.0002536165657511594,0.00041428754991673644,0.002921456030757816,0.0008185939188753572,0.006790075699506973,0.05912902252424865,0.00020327227891342448,2.732190887227981e-05,0.05912902252424865,0.0007504065220137121,1.947805253620788e-05,0.0018360675971928336,0.0001419296573834869,0.0004916948756531897
1.5106547650162172e-06,0.000364554596125409,3.7301200157879855e-05,0.00017394872280528106,0.0027120822313107112,0.011310857590310502,0.05763111586606143,0.022496277529921324,1.5120000626860086e-05,0.0003888282353693359,0.06212787179382187,0.012579751393621344,0.00286813658633131,0.030061000678370586,0.012317444470190328,0.007293972635456961
0.0003961863448928918,6.978901391837405e-05,0.0007542809685361779,0.00014935783596662505,0.0007309152263556967,0.10649481656385928,0.10649481656385928,0.024569991749336467,0.0038435979203217535,0.00012530157739787384,0.10649481656385928,0.10649481656385928,0.028113061111496473,0.10649481656385928,0.10649481656385928,0.10649481656385928
0.000532495595431344,1.1594802614769972e-06,0.0001352898766628849,7.434773350625812e-05,0.0010497260954423007,0.02053026676893116,0.09873543772474883,0.09873543772474883,0.0035034397226732655,3.207780322566495e-05,0.09873543772474883,0.09414831791113346,0.025589597701134725,0.09873543772474883,0.01590689624454783,0.09873543772474883
0.0004700655219884234,0.0014470585387498722,0.0011742547219079774,0.001953739526300728,0.004540420111402155,5.052406984712432e-05,0.04285282153725925,0.04285282153725925,2.5702638701316505e-05,0.0022724713577757377,0.00203106626188395,0.011514960928395032,0.015424326713063874,0.04285282153725925,0.00016443419840828782,0.04285282153725925
0.0014786693532429784,0.0033777514098568134,0.0014671456918044848,0.002291052209774533,0.005962676238621373,0.001433012771050013,0.03049438635991153,0.03049438635991153,5.5983533127426655e-06,0.0032175019695422358,0.00019590949012219389,0.013171265912167718,0.010209253049308628,0.03049438635991153,0.0014384998179414465,0.03049438635991153
0.0036075039070349313,0.005646781724946447,0.003719649846762693,0.004575599943927103,0.009138491084817062,0.004603056936236097,0.013707624171602442,0.013707624171602442,0.000609887964768227,0.007825423435634069,0.00032626354143572983,0.013707624171602442,0.004297579109396571,0.013707624171602442,0.0027813642878510014,0.013707624171602442
0.0016672479165568965,0.0030240734328871866,0.0014148948337089698,0.0014819364869632784,0.006510155084723433,0.003281213152779988,0.003340428168424864,0.025486227366004116,0.0014037058856498918,0.005257899784439191,3.995149370168705e-06,0.025486227366004116,0.001401315967946598,0.025486227366004116,0.004431895094205454,0.013715128664193527
0.003766454609582137,0.005954731404757767,0.0036141660704451795,0.0041120385431954315,0.00926249377630669,0.004049953098761584,1.6846751845538133e-05,0.012519452542307671,0.00418327353085797,0.009891235191473644,0.0007269884250109271,0.004777461960297505,8.909337568809711e-05,0.007477607902861325,0.002345441672609125,0.0003301774460634163
0.001094373126087303,0.0024713632567279625,0.0009379749634825726,0.0006204820131823358,0.006111162688259425,0.0005463818193462144,0.027228297151592473,0.0009873603669762199,0.00033965024228929663,0.008293711837512284,0.027228297151592473,0.002273604413848794,0.008326585375647538,0.027228297151592473,0.00043955947133333256,0.027228297151592473
0.0005823711324358591,0.001512574879935752,0.0009087022605779871,0.00034738583935080974,0.0057081454100773935,0.0029817450617091457,0.030007232039481024,0.00031138232646288344,1.3881846780111617e-05,0.003946820692815753,0.02173028662616376,0.00022861231394803033,0.014628717837482999,0.030007232039481024,0.0011954907916752466,0.022647294027122872
0.0018245538974085845,0.0034228864673984047,0.0025964608195885586,0.002168475803407288,0.008195052970961958,0.0013888358976651832,0.003998648822557599,0.00011563548189075928,0.0024629983935175875,0.01035688310928046,0.016624207144331105,0.0008326482027914001,1.0086996432033535e-05,0.0023511467747329914,0.0023789367594209965,3.720001320949018e-06
0.0014139561389430316,0.00264781447024158,0.0022096661355623243,0.0019433927885298546,0.007965235694362999,0.0026539303299380895,0.005648976637256012,4.137990560132421e-05,0.001969004305740818,0.007107040956895926,0.0014946246763401921,0.0010880919584495274,2.769718043049013e-05,0.0001987757271174756,0.0007725876013190344,5.939635127974463e-07
0.0037985105827534407,0.00475522101262954,0.004287924490962644,0.003928975334366806,0.01055268830689201,0.003435995233823416,0.00840551872030594,0.003423237719343074,0.0005537025048554106,0.008631649448851357,0.0017864757831012046,0.0030953650225283014,0.0005650117591241427,0.0005312344294637131,0.0004537521067642658,0.006228824832777161
9.866354118041182e-05,0.00032149098934963066,0.0003218064814931032,6.550025373007473e-05,0.004916141486025732,0.00021661465420939885,0.03560270980417987,5.5394060679628265e-05,0.010707996474800502,0.00841458481537629,0.007190256217795954,0.00014308618532057893,0.02722803568940363,0.0053931547486563425,0.006957432602304678,0.03560270980417987
0.004320033556009545,0.004727189691658612,0.006451977846713433,0.0047001386097464196,0.012348331190126679,0.006387094427886625,0.0024432780092577752,0.0032852864807667442,0.004446483355768083,0.008311175567540324,0.000971221720479476,0.005290119829228959,0.004446483355768083,0.0008154477581780312,0.0007306128387015165,0.004446483355768083
0.004398170589172051,0.004376803441682134,0.006026460629821387,0.005046345183711762,0.012924831050104002,0.003742169990166702,0.0035782970273129933,0.006170436345446159,0.0006937359051693431,0.013816764189741856,0.003365080787004107,0.006973809756298847,0.003365080787004107,0.0012881042229813885,0.00038348478971069605,0.00023692425658481536
0.0030688482722257063,0.002826280524137817,0.004526847817336158,0.003293628877859313,0.011509392654112181,4.743836735395662e-05,0.006715967517887188,0.006525145610078019,0.004236205533515877,0.009053409275247323,0.0022811761048436574,0.007615480101699691,7.23212111467253e-05,0.005907538308889793,0.004021070564919613,0.0010802891823353186
0.0018732094492616633,0.0013457030012543614,0.0036040366650193986,0.0026311234138412243,0.010433445428709977,0.0002804661800870495,0.00560024581359532,0.0025367166737217187,0.00500184362083049,0.0019276588314997012,0.0032458851527876476,0.008551662806102887,4.980655353425956e-09,0.00444220204704926,0.006035103050677865,2.7410578111092265e-05
0.0011898014812138785,0.0011383478102421837,0.00017556939410308392,0.0006158123479149888,0.002546664793739342,0.000730544296605358,0.00018004474427762984,0.060588047624237945,4.941658032946855e-05,0.001951233215221608,0.003973316817925232,0.0021594415592633143,0.011705848530115859,0.011772609783183771,0.001494028287642342,0.03152673027436462
0.003699459402196792,0.0022643786056458365,0.0041455797077858125,0.0037662246382223277,0.009629818896539376,0.0027126014144047,0.0002112366827886139,0.000213756215688643,0.0030446990176052624,0.00040322264713123224,0.011269818129749809,0.010244828303875506,0.011269818129749809,0.0007834109383203294,0.011541455291877861,0.011269818129749809
0.0042646637737603355,0.007847763946508102,0.004391675548352833,0.004427905647893027,0.00012359634251884327,9.008226425907817e-05,0.013708272886297931,5.753946810347493e-05,0.02820917879064072,0.0002677658338269412,0.0005537884410397598,0.0012861409422111197,0.029116658275229773,0.0005082163675751913,0.001504798454622272,0.007461949180237085
0.009846770128646168,0.013064528945434098,0.0032293657509713664,0.0026872770796499412,4.2615218599925675e-05,0.0012773773668565969,0.002822368682351424,0.0038699560319137433,0.0026792403771460915,0.18451420986637432,0.003206693504644628,0.0014731797976544891,0.002852737157182192,0.004023117636148897,0.005624488928683585,0.003406164184560981
0.03050210313324908,0.035796680709424294,0.05478818777342234,0.03895000365009291,0.027320831920934152,0.0015788486782659372,0.0005547141052551774,0.0002002532971576501,0.0009896968830268443,0.003552759636006153,2.040104826592226e-05,0.003741982104977809,0.000934764322044021,0.0008189519123758537,0.0010426772614801835,0.0008532799542312688
0.07089772746178599,0.07027306961937152,0.07659436785723522,0.032914406601561585,0.10232414717083713,0.018010568546487624,0.002829887958960456,0.004887485053706703,0.0037372788729570783,0.008892158853057844,0.003952750681164421,0.029793966099874808,0.0027634183516477284,0.002407717615279456,0.004919525183737367,0.0022051341315822356
0.0008290738130281861,0.00033265657428625806,0.001354483092150069,0.002772735245363353,0.00019231321035686338,0.002181978867649259,0.005858559289200982,0.005749310681956853,0.005988901316043009,0.000292861970907915,0.0066034138921267915,0.0006324058488636347,0.005927214025741853,0.005977404549176363,0.004451782644180113,0.006114366998579639
0.07890373503197629,0.057528113603273756,0.092672198193062,0.05773327710163778,0.09748956361228017,0.018445066885812253,0.005191737407762562,0.0057031992715236846,0.004564037194465104,0.0059112427799594275,0.0041631197294900585,0.029757303489685638,0.005226483944291621,0.005045698745886035,0.009027508217135286,0.004046882824494238
2.4572364778610578e-05,0.00014126101473053987,0.0015983588151174538,0.0030413796960720163,0.0004892998589183448,0.0006921705104327158,0.00453217293817311,0.0036871655866072134,0.005665613912263216,0.00010280372231889767,0.0029586813129511558,0.00011572583702101902,0.005683094279228015,0.004543067917753253,0.005370043228899529,0.004973910007875122
0.0014899580309574653,0.0017470674295949687,0.0012844775813925721,0.0026604671320737405,0.0001883346429772323,0.0022183423770144386,0.006934273748415411,0.005632152303626382,0.006577738760559379,0.000993583767527756,0.004712021050849641,0.0029806051196828373,0.006612787145408361,0.0067233029307195505,0.006670653966321612,0.0072545161117530885
0.005569850906587917,0.005749536418791931,0.0049842789496281625,0.005716535077688337,0.0019049305516886592,0.0050882592011618905,0.006784300650118355,0.007685082757869735,0.008767620607450743,0.0012016177003746076,0.005546130451764969,0.008903766673559504,0.007551436341488804,0.007625555275463207,0.009419704687658556,0.007971428869295638
0.007578742712346154,0.007421765201701937,0.0060142662750515205,0.006586865680996319,0.004072424577644743,0.0052271127084387164,0.004924154242346865,0.00611525837993783,0.007571228554733814,0.0002954245326057883,0.0037578912626188704,0.01251741149310413,0.006718291943681634,0.004040470291045123,0.008754996317611778,0.004995643118375054
0.0036972297464837878,0.0033163255509936415,0.002821826929421095,0.0025870282448769433,0.0005579028544697578,1.0328448291074821e-08,0.02159405128183023,0.0013392170462044814,0.010224225008444943,0.12316670094487686,0.01895049093629332,0.0082387607525463,0.04750724342245263,0.12316670094487686,3.617481133608158e-05,0.12175937502047918
0.007957408635459323,0.007383883597927202,0.006080769177121061,0.005730943573498695,0.004176255395580655,0.006344878954871583,0.0032403971187186936,0.04897208906214767,0.0042008490121921566,0.04897208906214767,9.896761079205424e-05,0.01328769387994469,0.0032778640354340915,0.002500614452859644,0.005427737250976547,0.002104882141125343
0.004236458107034408,0.003544640157179743,0.0020541557032941887,0.0012539491448312345,0.0012414566862435222,0.02090046079968612,0.00021060576952441207,0.07859229713316151,0.0572269421257465,0.0019506149900541947,0.0026073012740895074,0.008341836088129731,0.09292591108263801,0.000837734011076674,0.0014381769747920797,0.003884414432099484
0.00698164261028502,0.006966229548556503,0.0051978954561041485,0.004381857255198657,0.003862531570320127,3.3369045245597306e-05,0.0003197112953787079,0.002184916641347505,0.004426346046375346,0.005343056887594601,0.049515617168634785,0.0102542808870815,0.005138550303592934,0.0014547884009950829,0.0038109677062765773,0.0027519108258722627
0.004498087914276361,0.0047857013267633974,0.007660919481480136,0.012252856196700315,0.010812422783046255,0.03306179637178272,0.0019942364514182465,0.002207928091283319,0.00038864596028580917,8.698829301360261e-05,0.09556210822490038,0.0015300242056319538,0.00025296372068724787,0.0007058053933995112,0.0054626429708205665,0.00048319927776994953
0.00022136068752744154,0.00042887244881181785,0.0014963138350817737,0.0004949689711443023,1.4997760049775821e-05,0.0016537973022274013,0.00045044786598849584,0.00037271413412351406,8.80309113384728e-05,0.005425217955304755,0.003405499779426946,0.000331167308058343,0.00032658980571814017,0.0015503325081966945,0.0015241108776990614,0.0012050780064934985
0.0035194325263440684,0.004301844349756639,0.0051791591820345845,0.00152741250367891,0.003185858249561614,0.002362682680617151,0.0017520541319026445,0.0030681403831605975,0.002124497505910712,0.005317874166316017,0.0017961227214462125,0.0033085684325018377,0.0008935185868312601,0.003933075986694047,0.00028341408147936065,0.002799232761627135
0.001425742074330008,0.001840906298081646,0.002886426923776414,0.001373089898448282,0.0015805104924857122,0.0013052467678755161,1.0033392185103407e-05,0.0004978525322730451,0.0009472082361480783,0.007405969243237588,2.3301456550037236e-05,0.0012071896246586972,4.449697015400378e-05,0.0007533876547319712,0.0008332988769055305,0.0005962291944181797
0.001543168477531942,0.0025908217626712388,0.003367860066160966,0.0018688102918968247,0.0017859783425783413,4.661863824140938e-05,0.0002915045740389047,0.0006656879229181775,0.0015323244849033968,0.005433297754805874,0.03316671591824519,0.0010769416357504571,8.704492165832745e-05,3.4807222100689816e-05,0.004414916816993131,4.0812675383694597e-07
0.0008851149334402689,2.107065513844153e-05,2.8469674837883208e-05,0.000566277317321208,0.001064164742277808,0.01293818376360184,0.029337247042305864,0.03560303284272276,0.002876973306724151,0.003718901041078873,0.11150089249217413,0.0016866406352212607,0.02022382201737989,0.01964238486323583,0.00012950195099593886,0.01139970190934278
3.7306145243047595e-05,0.0005149078293575637,0.00037254715110783543,0.0002846389624756862,0.00017024711482453714,0.003290117702492143,0.012738394322769186,0.012118254888862104,0.00045480465579059853,0.0005271285091648925,0.18900135718039088,0.00041140679795236695,0.0034726507674194967,0.014196570509552212,0.00013010030348887397,0.003549401598249277
