row_id,TRUE,Model 1,Model 2,Model 3,Model 4,Model 5,Model 6,Model 7,Model 8,Model 9,Model 10,Model 11,Model 12,Model 13,Model 14,Model 15,Model 16
1,0.000572624,0.545805922108899,0.545805922108899,0.545805922108899,0.545805922108899,0.545805922108899,0.545805922108899,0.545805922108899,0.545805922108899,0.5118113315054211,0.5402690929281169,0.545805922108899,0.545805922108899,0.5206233341675891,0.5228903881673976,0.545805922108899,0.545805922108899
2,0.00035554,0.545805922108899,0.545805922108899,0.545805922108899,0.5162772737913127,0.5433720155138114,0.545805922108899,0.545805922108899,0.545805922108899,0.545805922108899,0.545805922108899,0.545805922108899,0.545805922108899,0.545805922108899,0.545805922108899,0.545805922108899,0.545805922108899
3,0.000260954,0.6507909753251407,0.6068516336311247,0.5787749698990344,0.5733425365639927,0.5475583091712083,0.6501806007162454,0.6383579730038783,0.6681677211098281,0.57724025767961,0.617778307502311,0.6681677211098281,0.656376194461139,0.6060955702681191,0.5949884649454977,0.6651809811364151,0.6329177560949939
4,0.000441293,0.6725306038008697,0.6350746844168065,0.5999048398434269,0.6041662939008985,0.5530847146585107,0.6955747661398083,0.6644941327818782,0.7799158494046875,0.6001825036351842,0.5349933782366771,0.7799158494046875,0.6747007990911034,0.6257767998107768,0.6194449434204524,0.6771472660959503,0.665815101068898
5,0.000131801,0.6989931436658346,0.6637854530147738,0.5749588143004536,0.5505425957443815,0.5513000174311057,0.7799158494046875,0.7799158494046875,0.7799158494046875,0.672122790727755,0.6398520775651121,0.7799158494046875,0.6800223505802968,0.7000768320477854,0.6971799788616122,0.6763788526754435,0.7799158494046875
6,0.000280711,0.7118259027633931,0.6856829659989644,0.6354017051803363,0.6726762943571778,0.5612983266560634,0.8948708705818599,0.8180773246044272,1.097413687410225,0.6950580195000434,0.6147556020541192,1.097413687410225,0.6565339188312576,0.7527767440618033,0.7002098090405318,0.7019813901698109,0.7839230006281738
7,0.000405018,0.7335973159394975,0.7158764718034333,0.6273675846869046,0.6550033721093219,0.5610133358173345,0.780098224669296,0.7238487533387132,1.0573510434738358,0.6108248404753945,0.5738948631761918,0.9548723269896332,0.6602113843132682,0.646628155636319,0.6371299463559325,0.6783141519240795,0.699093214035657
8,0.000245613,0.7606505053305365,0.7542646117225069,0.6056150173112543,0.5927755176780547,0.5562366671875207,0.8275809481824782,0.7600426367300739,1.097413687410225,0.6589603768120779,0.6723486236549767,1.0858587095632268,0.7123639063923451,0.6775897769493391,0.6702180440742734,0.697813836791104,0.7453211495506233
9,0.000268281,0.7305828371493143,0.7513657826240119,0.6336417679495432,0.6686917230244637,0.5605894370013327,0.972393140402396,0.9734171322692698,1.097413687410225,0.7821535263239631,0.5974069657542258,1.097413687410225,0.770623825130765,0.8621664581181419,0.7815543283112306,0.731122676606373,0.920967049079823
10,0.000207302,0.7523283421798876,0.7625750767634416,0.6407998367846318,0.6716966254391901,0.5596616674235916,0.8410469386342407,0.8461662400765807,1.097413687410225,0.6874578218627189,0.6461007624632028,1.097413687410225,0.8026856685470543,0.7201592889663758,0.7231973347848757,0.6978909153759048,0.8327695829990981
11,0.000205922,0.7415225895698148,0.7683318920842761,0.6529768569538299,0.6844676029853342,0.5617484043048346,0.6977902900948036,0.7399351068074654,1.097413687410225,0.6725028183279845,0.5970466339267739,0.9563429544198903,0.8333906309088802,0.6921893394823482,0.6647762049964323,0.7775091688416265,0.75180443331976
12,0.000261718,0.7555914231563583,0.7907254998927805,0.6617678633841517,0.6920285140915984,0.564369845495414,0.6936576013830357,0.8738606318259474,1.097413687410225,0.8290919765388826,0.6020256299608223,0.9091512456757208,0.8189980997075722,0.8282817245164025,0.7615532230388847,1.0547799665354811,0.9372526080297257
13,0.000215838,0.7471484973107688,0.7959980263680059,0.6558530436713464,0.6962850516413934,0.5631479118632922,0.7122477855317685,0.7957439533548248,1.097413687410225,0.6687736802950167,0.6171731614699683,0.8343238988175289,0.7744214374954073,0.7075485709301611,0.7085818123268608,0.8121965805336566,0.8290524844286464
14,0.000703466,0.6949596717352017,0.6913384482362179,0.6710331948425744,0.71051275890237,0.5643132298316877,0.6686823045791384,0.5438127211642636,0.7660135600332304,0.469284157693276,0.5264650510787483,0.6847364509165217,0.75688838030972,0.5027951208650394,0.5147212421244588,0.5538473400376752,0.5363174852844054
15,0.000240718,0.693018216299009,0.658718050192147,0.5735736180451991,0.603477663374498,0.5491199817089583,0.6795098213125823,0.538232060389101,0.766570599542879,0.5196707034483047,0.6446714054357577,0.6748624271409517,0.8040887335146593,0.5082974207365425,0.5114687530364521,0.5888435127531702,0.5382394278768134
16,0.000242953,0.6955154087982358,0.6735428051730291,0.6463549409111918,0.6869548577339002,0.5548438083886594,0.8097520645298096,0.8766761751173427,1.097413687410225,0.9343870564470534,0.5988825837172207,0.8601667926891644,0.8144488615917702,0.8706019002482879,0.7529366978392679,0.8463647872966876,0.9680062241668341
17,0.000229403,0.7205914574702817,0.6967672446689285,0.6438795372930569,0.6665079233833906,0.5575461415113023,0.8904168095415682,1.0279457210643472,1.097413687410225,0.740703249302881,0.5916547756160332,1.097413687410225,0.7999223920945616,0.8697654344610933,0.821728500941306,0.7039751962888028,1.0971972678399116
18,0.000201581,0.7477311944513347,0.7386597397159308,0.6506139285442183,0.6847870216217745,0.5582429862606506,0.7946257542934954,0.7291523472235788,1.097413687410225,0.673278270296254,0.7100792881023786,1.097413687410225,0.7898734482097995,0.6711007823649507,0.6845848059968513,0.7364329335809875,0.7560402433343587
19,0.000249015,0.7573121524253149,0.758384322315589,0.6587369582638188,0.7070392091430784,0.564361918276663,0.7879155068993526,0.7438530679685659,1.097413687410225,0.6540397501098374,0.6270931958145854,1.097413687410225,0.801168404315703,0.6977720965529006,0.6866334170836924,0.8100047305993916,0.7706512165544095
20,0.000173731,0.7115068619943319,0.7475903278328819,0.6654750690833139,0.6874445179473913,0.563651525842743,0.9154486857227665,0.8787015792804473,1.097413687410225,0.8270387118701316,0.6882954745528862,1.097413687410225,0.7869527264909877,0.7724582743428704,0.814588442976283,1.097413687410225,0.9829156053155834
21,0.000204285,0.7373265400667168,0.7848487999945299,0.6880860309022333,0.7197737030208996,0.5657383171655426,0.9461461178007902,0.8329879752253609,1.097413687410225,0.6964520559391162,0.6681432914985329,1.097413687410225,0.8192439343520725,0.7516973745093715,0.7460120255237103,0.8855950901063806,0.8909398568894681
22,0.00022122,0.7531425025985684,0.777700231969092,0.6879670207302269,0.7432043717599386,0.5658467187791562,0.8770308317726445,0.7256149704001498,1.097413687410225,0.6614157616508838,0.6603083993552649,0.9986424693462761,0.8793605616966936,0.6877814471103744,0.6539859975341993,0.7843862506445147,0.7416510580427469
23,0.00020689,0.7703961568933861,0.8036714564629645,0.6907127149725771,0.7046509305762421,0.5651471999474279,0.9380368178423637,0.8062608459237696,1.097413687410225,0.7481463579746008,0.6480251600434935,1.097413687410225,0.9214718889808331,0.7521915647160456,0.7325425278145127,0.8438418355081443,0.8766252418473836
24,0.000173026,0.7777209759761214,0.8207706276600086,0.7016373136495376,0.7291608953525371,0.5657577107722798,1.0192536135460795,0.871945697392801,1.097413687410225,0.7582167530116684,0.6172657462032253,1.097413687410225,0.8911760864725375,0.7949341340283069,0.7881960843832077,0.8332156499335835,0.9621818956314268
25,0.000205759,0.7939343922997061,0.8463647872966876,0.7169803504677706,0.733264255761544,0.5666004029414001,0.8770202070586137,0.7502419099592923,1.097413687410225,0.6730908797759484,0.6600247280388487,0.9939820625456566,0.8427933156600966,0.6977389237573962,0.698414010988835,0.8028649293060812,0.7914022600607443
26,0.000304771,0.8181739204749845,0.8858686972268895,0.7087802555322631,0.7245282911238461,0.5661299979686376,0.7910558662047582,0.6777044621025626,1.097413687410225,0.6173472552448029,0.5997376110203574,0.8641171207433651,0.8431895930709521,0.6391674523827158,0.6420909376997133,0.7617452908975882,0.7106110774799831
27,0.000334674,0.7279537077765,0.7347103866574701,0.6846919579624168,0.6473738082033644,0.5628724539005263,0.8651045683113037,0.700467329426891,1.097413687410225,0.6296299852540737,0.6151306487004143,0.9490407836290391,0.8780611354851526,0.6558743722834188,0.659101030812255,0.7083790568031497,0.7378270669280294
28,0.000171176,0.7087028764893902,0.7357231427575149,0.6707003151075505,0.6313685062161561,0.5600956395222959,0.9471000330908561,0.7542619083280996,1.097413687410225,0.6803851851656874,0.6547972179926682,1.0847513250292715,0.9092648883980957,0.7087163318937731,0.697688638542069,0.7035897774206723,0.7930310868776254
29,0.0002037,0.7285803065326784,0.7628713874445588,0.7121647142804522,0.7054358542461671,0.5632351307564005,0.8471431401008153,0.7577352666793593,1.097413687410225,0.6964999455749654,0.610360891855801,1.019196915248949,0.903019114842039,0.7213658860912464,0.7017798915590868,0.7418798972246865,0.8032564609384423
30,0.000251832,0.7538513300747967,0.7890953315712624,0.7074069091791502,0.698155531980299,0.5636735263476745,0.7818612828315432,0.7633207047241991,1.097413687410225,0.7011319172999098,0.6548670939281789,0.9966032852214439,0.8853261080138868,0.7198089442973346,0.7106936061764507,0.7963032354702194,0.8296940317916724
31,0.00023018,0.7803765185872342,0.833026211532976,0.6940785229311526,0.665456503109025,0.5631906721927556,0.8016726616834264,0.8022217782050699,1.097413687410225,0.7285644695650118,0.6572804166666047,1.0605492109948675,0.8570603139657558,0.7533121156472301,0.740522821396967,0.8507277643446253,0.8762837938664678
32,0.00022652,0.7789031581658573,0.8426839660431533,0.7026809005310156,0.6694058567681255,0.5644355410181322,0.7982956889791305,0.7738193866150062,1.097413687410225,0.6913759214115894,0.6432498162496597,1.020175452987041,0.8324950166935015,0.7247776151102905,0.7105975138702496,0.8524298926993085,0.8130315879045452
33,0.000224171,0.7798232158985571,0.80399049220616,0.7070325289941535,0.6893538242633832,0.564040015866645,0.7766503862298019,0.7125609864014664,1.097413687410225,0.6522588956453732,0.6458935613006906,0.9366307955882952,0.8489317034204805,0.6635911473439312,0.6680268178977309,0.8323405789157865,0.7483522189723307
34,0.000267203,0.8057511821174798,0.8477239982291018,0.7054015764272523,0.7026787147181865,0.5639038400321182,0.859198136083815,0.7386026173780569,1.097413687410225,0.6755538007753114,0.6478640650516381,1.0233507981559375,0.9194525963441087,0.6943019222629369,0.6905684763215798,0.8092157246030977,0.7916615728356218
35,0.000264708,0.8247495750270094,0.854934433786932,0.6928002431962949,0.6668728956539349,0.5628235883005678,1.040230230924804,0.8194449213871352,1.097413687410225,0.7352757121326832,0.6378529943592738,1.097413687410225,0.9818911948459556,0.7652529623617692,0.752925941447064,0.80505176448105,0.8905191207662405
36,0.000252513,0.8086338086475703,0.7975355816989957,0.6919898909241715,0.6753742079851044,0.5621990066448537,1.0083215824535934,0.8184034728730694,1.097413687410225,0.7371422592322704,0.6319035273691359,1.097413687410225,0.9842884894333713,0.765863523099065,0.7545229199075885,0.8392536436072879,0.8779758487417958
37,0.000188347,0.7680748456068313,0.7214297460717465,0.7036643960235015,0.6829825359370364,0.5621324102738908,0.8715554600283566,0.7785149392691358,1.097413687410225,0.7167737817285531,0.6612881951765914,0.9958464717547652,0.9614531736866568,0.7343234164164573,0.727595509727906,0.9077060259732546,0.8314845560257779
38,0.000253201,0.7923062714272178,0.7578298454037493,0.7226796043384432,0.7255572115369779,0.5639823692410312,0.8583203730349509,0.7852877603159486,1.097413687410225,0.7191425869153623,0.6307415499961011,1.016714829843113,0.9471294712766769,0.7344693946266755,0.7379460286331523,0.9129720464290969,0.8578785215311932
39,0.000222491,0.7984159046989938,0.7774647557349463,0.7048438824699257,0.7005961962143619,0.5632159954004965,0.8741298148576435,0.7877322143154721,1.097413687410225,0.7236839428723101,0.6413725124179223,1.094424318075094,0.9532174272535848,0.7442423228581745,0.740644371804351,0.8695499634161008,0.8717452961726426
40,0.000196573,0.8194587880152442,0.7940195311956595,0.7143811415689432,0.7117452505204127,0.5639659827408682,0.8099913383836845,0.7383932821295184,1.097413687410225,0.6971074039744496,0.6369792813939391,1.0098460306674133,0.9545872348240547,0.7190898735991463,0.7048273375250156,0.8373774261859044,0.8085938376231694
41,0.000298344,0.8331956070675359,0.7931803757426222,0.7238977404677783,0.7167424638606723,0.56529053784677,0.7554745891350955,0.7057080426049681,1.097413687410225,0.6658290479269702,0.6056975966287744,0.9443715693152729,0.9409912965112907,0.6881753290736972,0.6767251446239292,0.7914022600607443,0.7651936801450421
42,0.000267833,0.8250979269119292,0.7594831372529295,0.695598089253682,0.6946152551780156,0.5621273745361469,0.7437739941685492,0.698253098211089,1.097413687410225,0.6497032109190333,0.638094285147713,0.9555229636477807,0.9028660642910563,0.6651198004931023,0.6653173078149098,0.73883880890031,0.7512589110725081
43,0.000362543,0.8497538873258224,0.8016742846257786,0.6982252179713324,0.6689952098534635,0.5619098480146332,0.706910093143254,0.6523856798643114,1.097413687410225,0.5855191528184353,0.6186513318740041,0.9347238758232466,0.8555985509383708,0.6188767000638391,0.6128260719070631,0.6618399950008701,0.6741249161954774
44,0.000206019,0.8531859854117765,0.8218194024325364,0.6702370114537555,0.6694493257241052,0.5584760320155641,0.6629394912691886,0.6679470123022537,1.097413687410225,0.643232210641534,0.6448478670909192,0.9263960339348329,0.8379310005619973,0.6441117405926657,0.6252494779079649,0.7596170282967997,0.6944822742618514
45,0.000171049,0.8709804508655884,0.8341848972638383,0.7070670451351626,0.7133212172616302,0.5610244601257675,0.6868109189765657,0.8332612072816487,1.097413687410225,0.816589595780183,0.6600881371689674,1.097413687410225,0.8449303778381481,0.8126070013580504,0.7652063823173694,0.9908692460449068,0.944719305899548
46,0.000181302,0.8625603854378503,0.8470588903093098,0.7177839506537822,0.7391757100526395,0.564135001796326,0.7845322304998045,0.8995506171491267,1.097413687410225,0.7367300214388809,0.6896078116772041,1.097413687410225,0.8738606318259474,0.822637122058611,0.7936381963190842,0.7735072244323353,0.9891850105741647
47,0.00013355,0.8852780232302118,0.8880490731601972,0.719367627384344,0.7301753690746571,0.5653480173904019,0.8549580553279469,0.8198091538367631,1.097413687410225,0.7329936680017731,0.6856189983471185,1.097413687410225,0.8948753852408309,0.7592679557392598,0.7412209512482179,0.7255644306405885,0.8634086540220254
48,0.000153348,0.8545685500881767,0.8862434028506813,0.7394837736725461,0.7887936946400218,0.5686292923388173,0.8473002181790522,0.8546904591207527,1.097413687410225,0.78356662958081,0.6787481206151278,1.097413687410225,0.8897260206052523,0.8043049912209096,0.768296175751554,0.8338778770354575,0.9159445001343808
49,7.69e-05,0.7930719365044151,0.8655004962622125,0.7463365766016505,0.7641739285103728,0.5693331174932683,0.8649496105749143,0.9971993594695321,1.097413687410225,0.9924789580517183,0.7059317825983885,1.097413687410225,0.8478967606343262,0.9273441439368553,0.8954968022323327,1.097413687410225,1.097413687410225
50,0.000426104,0.8193721331368097,0.9160001783701673,0.7834439078897364,0.8495471517107521,0.5713921993913404,0.891977545134705,0.7391744378611261,1.3625318655221463,0.5944087571066489,0.6206757520436788,0.9889655628448991,0.8276380877515858,0.6578312032788276,0.6825223716084572,0.7343570959701315,0.7553808893865647
51,0.000187168,0.8275202503556598,0.932764639659341,0.6736294479694295,0.7147615720420021,0.5623518760339905,0.872380374596144,0.6183882166447533,1.0602712627132191,0.5692604673000208,0.6561331473890365,0.8847714238236525,0.8767462228616992,0.5786412692903499,0.5810059261038462,0.6798787650919536,0.613418508431693
52,0.000168321,0.8472178370722887,0.9646889683591846,0.7320143659123568,0.746895061705216,0.5644768956537152,0.8884884090824076,0.7913335692656738,1.436701533680927,0.8011133341818899,0.6735495428582056,0.9578563834748897,0.9301756124087102,0.7703155127733343,0.7212677639923637,0.9714474476685414,0.8450311004198467
53,0.000157722,0.8491264184986588,0.9226324675912378,0.7380346545262797,0.7569416544592367,0.5659643193834074,0.9817004055393821,1.041897150856013,1.436701533680927,0.7982540268697637,0.6499547472574059,1.436701533680927,0.9760425855702074,0.9122752938226898,0.890094537390613,0.8947896184029498,1.2065927251655129
54,0.00015315,0.8684048581746133,0.9557483883256502,0.742799958799514,0.7615866157085069,0.5657383171655426,0.9930738281096916,1.0164533925228119,1.436701533680927,0.8855250874313491,0.7150631295921616,1.436701533680927,0.9900184122316892,0.9116326335236616,0.9327365206625443,0.9822850493583296,1.1647410197582875
55,0.000117331,0.8926444677527879,1.0059980872008785,0.7429407177752104,0.7459793321681604,0.5683989268948464,0.8752892980986603,1.0196307311051411,1.436701533680927,0.8170204589987135,0.7129933120371692,1.436701533680927,0.9957002910857301,0.9380888217906591,0.9029680893438474,1.0256609321528865,1.1030605703336667
56,0.000144438,0.8753209850349871,1.0032227121375479,0.7702694417879782,0.780870999694028,0.5702789398926134,0.8393057857367289,0.9540232860566947,1.436701533680927,0.77641143911273,0.7034537692936902,1.436701533680927,0.9657625527969076,0.8244034289209428,0.8643143397548474,0.9999879002196107,1.0164963999911107
57,9.32e-05,0.8994680836801596,1.0548686948455819,0.7671132139531015,0.7693798794850308,0.5702088470414084,0.8946903402343267,1.1197598188238682,1.436701533680927,0.9527730311008266,0.737775197392224,1.436701533680927,0.9988872600447175,0.9773574220425243,0.9890173637207964,1.2630431414593584,1.2700832134978126
58,0.000162786,0.8456971551369277,1.021929154071004,0.7929886727917307,0.8106080686848738,0.5715468121998915,0.9179236628310333,1.0267536817321175,1.436701533680927,0.8113961102245261,0.7285023498940347,1.4302068858082686,1.0420432542500324,0.9068849524308306,0.9012452700360111,0.9723554913246131,1.0954580853108469
59,0.000170598,0.8709367467454198,1.077845942311778,0.7720346692836925,0.7661806860432839,0.5704993165487319,0.8696763260505027,0.8321263253530683,1.436701533680927,0.7129008491492033,0.6637476835758075,1.1984965709009439,1.0843936601530297,0.765148521988043,0.7463850338501815,0.8098624722638313,0.8345599948177697
60,0.000197664,0.894435527177876,1.1245446919861024,0.7693009882208994,0.7526249495036738,0.5698436146214136,0.8476913771863074,0.803235238299936,1.436701533680927,0.708698391524899,0.6926191048491772,1.129473122166381,1.0554385681397511,0.7361135877029884,0.7249911834131717,0.7924661246599916,0.8143586825221726
61,0.000292018,0.9170648566997742,1.1607695855245785,0.7588023558735638,0.7463444338927038,0.5684828215797813,0.8202938147968806,0.8193322811229136,1.436701533680927,0.7162940250488038,0.636060507487531,1.0826505990730821,0.9639037566065175,0.7439049333338478,0.7282260490869964,0.8217617114504325,0.8321698889452587
62,0.000268478,0.8744856019142805,1.0093824631930428,0.7239909629590991,0.6875734961343938,0.5639964966807668,0.7580314573607256,0.7615963560646051,1.436701533680927,0.6715630186596588,0.6145734540844463,0.9602125595865796,0.8955148992005457,0.6934799920093367,0.6896388049617102,0.8379143217593212,0.7686836066617324
63,0.000238237,0.8989802250571366,1.0647372370328207,0.7219317552644747,0.6831903657718723,0.5625951560739577,0.7429923925195928,0.7166740428034577,1.2542252332190464,0.6404900703666542,0.6493587951363319,0.9087940222816584,0.8798021379966959,0.6645976716765344,0.6634292029306014,0.825163402658417,0.7194591104406381
64,0.000398697,0.9215483029113425,1.1105516573861811,0.7286180757774983,0.6851676726078687,0.5625256152749973,0.8269799147989116,0.7288033519592652,1.2805367495886617,0.6446941937692958,0.5915471585577015,1.0001296752191333,0.8846645377332187,0.6656403747427372,0.6815120787961443,0.7765869404883259,0.7410016924703241
65,0.00017915,0.8656230583103312,0.9570407805152791,0.6785718741873012,0.80755500807429,0.5571834388875534,0.9349091531047141,0.753560010531627,1.3430382733756339,0.6655363478255375,0.6740737764996941,1.1126327497002308,0.8971071930836044,0.6827879302934703,0.6975303645999584,0.7350466731830281,0.7693626647755579
66,0.000188249,0.8849176369160606,0.9905904942324011,0.7380283230463653,0.7333126952712524,0.5618975532870196,0.9114632358549202,0.8167422939705539,1.3546330635138213,0.7699356741727208,0.697391429016535,1.0536874884089438,0.8573579339857341,0.7799024005572168,0.7360017891671768,0.8325986290162093,0.8333432293429397
67,0.000240666,0.8488083889193626,0.9759957252167953,0.7401751340764476,0.7258365072291575,0.5639524225794631,0.85936601536059,0.8651881985234335,1.3071392881906374,0.7626477247824099,0.6755790523273699,1.0357352530920467,0.7985409866776608,0.7892733823131454,0.7602681672377234,0.8262166922554885,0.8936813854840048
68,0.000238105,0.8368600223185607,0.9042230385993767,0.7251220572430324,0.7136541549362488,0.5630309333796151,0.8448182950523578,0.8174554463162158,1.3507348307885132,0.7169675798061932,0.725052409135441,1.0621195841147781,0.7527068802919825,0.736380099675845,0.7216320812871485,0.735334570907605,0.8291386563097043
69,0.000274413,0.8358648745301431,0.8627484487338153,0.7245187068774942,0.7123456875995803,0.5644604660116257,0.7905371272006706,0.7152578483454353,1.2008788268790078,0.6162031618208961,0.63447685773874,1.009256146456445,0.7289899898726616,0.6595524526125702,0.6342155375874621,0.6277654266929802,0.6953204844715696
70,0.000306776,0.795815386798255,0.7762110117343174,0.7163993962071861,0.6575972857448384,0.5626501339872214,0.7137320220248305,0.6289094363960223,0.9603520284678875,0.5714021895822193,0.6686013223742775,0.8484483870235695,0.7178200655402531,0.581221660554305,0.5850246768225549,0.6147160863319591,0.6213524691326745
71,0.000358684,0.8177998019391328,0.8100633293544762,0.700379654042206,0.6335167886638016,0.5603986354246853,0.6782247063879547,0.606945284172793,0.7989294359919195,0.571475075063933,0.5435100318345726,0.7085269055241689,0.7176989274483451,0.5739698980711214,0.583404815741338,0.6622494917983186,0.61481342582382
72,0.000611488,0.546144790492276,0.54626644476771,0.6771511783198061,0.6183934309650334,0.5577384153825274,0.662211069180726,0.6012265025471607,0.7017646500769619,0.5713857354293989,0.5366112299890599,0.6097465533428794,0.6910617518210158,0.5761636146696659,0.5755993115103454,0.6835965324363119,0.6064226632716088
73,0.000491348,0.5464981719295242,0.5188899947939714,0.6160572826559978,0.528361619070498,0.548249470114217,0.6235456075516509,0.5281758663162957,0.6158195302617842,0.4815503802181203,0.5442194641208794,0.5414927675364237,0.6527498301441499,0.49870904198531096,0.5024099878161387,0.5640230591418266,0.5184649555343843
74,0.001083124,0.5744780504235188,0.5571044473091027,0.625648701427737,0.5571610999306529,0.5466499047570962,0.5939851534121144,0.43932835129618736,0.5439627345548987,0.3918532331087776,0.45829786137748024,0.5191079740864101,0.6199877283571481,0.41127954853767634,0.4222430541440996,0.4401549572438088,0.4258690420331668
75,0.000282867,0.5127302317055376,0.5421877926844598,0.5223310613544391,0.5657577107722798,0.5283667300404471,0.6164435726478753,0.48201289520579294,0.6115007816484996,0.4735597176115611,0.5792629382244994,0.5766601028905844,0.6230292337985416,0.45488010248530625,0.45703715014528207,0.49115521372353915,0.47023635290017585
76,0.00037463,0.5381986649056011,0.5638044544119473,0.626312423128059,0.598756774725649,0.5402581646829776,0.6755567142714256,0.9095420711680052,1.0966941713446685,1.1501715682179448,0.5478315594379625,0.715180633123901,0.6103680545810953,0.9583606103116655,0.7554107608826992,0.7791280252730899,0.9754514684283755
77,0.000353604,0.5343333098871356,0.5261036856546936,0.6075865098023435,0.5860110812633806,0.5452393067319715,0.7056958648509265,1.1540154873141943,1.436701533680927,0.7498843439456476,0.5605289584335447,1.00681687650487,0.6173265044253068,0.9670989026994238,0.8897104907968048,0.6732032953086449,1.177536557953492
78,0.000317143,0.5593108058505949,0.5564786071079375,0.613554517294067,0.5986202332259395,0.5474275215701995,0.7150850131155173,0.6785521903749251,1.0027809073051883,0.6223819597625393,0.6902295083218345,1.141841811799918,0.6319575813306368,0.6198278935105809,0.6850106784261367,0.6750735895426757,0.6786811504904965
79,0.00041041,0.4768332719877951,0.5333771659363893,0.6212361306555638,0.6223326033898936,0.5561597031936296,0.7329204870267235,0.6359867558444704,0.8331828532694652,0.5545551009343015,0.6019459173152524,1.2105575014602095,0.6476243589007121,0.5920021594989969,0.6050790737855329,0.6461186046712286,0.6096801529545585
80,0.000311928,0.49869536776845486,0.5419925949465711,0.6170532336158002,0.6001539027949303,0.553505691442719,0.7234810701606036,0.6998683297101738,0.862762609014012,0.7030308935300202,0.6694238103104357,1.0642850603967762,0.6294759346439542,0.6361691555311687,0.6433420597260318,0.8706102147379714,0.6899520715601851
81,0.000418777,0.5232009503217729,0.5722526855059361,0.6309693179172782,0.604146844013535,0.555565123703968,0.671532491159917,0.7065109491445578,0.8560329351105556,0.5992103296881888,0.594764331101995,0.8421303305550253,0.641764308687095,0.6546964237803834,0.6035531382003544,0.693998488872402,0.6791306239218747
82,0.000315332,0.5495188951778938,0.6072377809779819,0.6083864737447905,0.5722314358265361,0.5532569375426539,0.6512055170981105,0.6722998014955661,1.0097876443772194,0.5832622562220209,0.6261731679746108,0.7672227287151298,0.67209218683052,0.627047369891292,0.5617366785234574,0.5940155222701138,0.6191583831222259
83,0.000353642,0.55599720819513,0.619010395534531,0.6246681965405468,0.6003398813804092,0.5547803293622163,0.676919496004382,0.8174468429981921,1.436701533680927,0.7494211996161203,0.5540438469930212,0.7559163979103977,0.6993926055755967,0.7544403947345364,0.7009387425955145,0.747514003492967,0.7936287487139493
84,0.000395317,0.5774178599061061,0.6226753028110811,0.6164642345550438,0.5933840177560976,0.555153446249071,0.6917186671453874,0.8396822421418563,1.148173355082482,0.7039257482148216,0.5319058264336533,0.7265941529915954,0.704851603842956,0.7482241956820365,0.7911806403922257,0.855900575328373,0.8502510564719814
85,0.000381964,0.5725776280284779,0.5777553310069248,0.6082886096259977,0.5741289978988662,0.5533108235465665,0.6767925138306741,0.6422919956109263,0.7852831840158359,0.5628168492165364,0.5919799399677491,0.6623492388490148,0.6950812906701451,0.5897156242772654,0.6246712678383877,0.7228603860415651,0.6239255067432556
86,0.00068198,0.5566192508321774,0.5290501457714524,0.6068389624519315,0.5772148127670156,0.5536173660750171,0.6867211307015643,0.543843625932906,0.6521487845336766,0.47891123685520254,0.493580337250192,0.6394464744262738,0.6880562725691216,0.5068536479200483,0.5174734622088832,0.5632266884471994,0.5172976461781906
87,0.000350787,0.5801638371620207,0.5575603367575679,0.5567355388789924,0.5384168300567558,0.5439059581325616,0.7362166382019041,0.5736526894575101,0.6695107636885091,0.5397398356788558,0.5709015626136293,0.6587243527017936,0.6780341383643689,0.5379371183876828,0.5297797740738553,0.5670748545560499,0.5476395170064706
88,0.000514693,0.5835343353530802,0.5365708358015333,0.5988670223943813,0.5914760982786061,0.5484468319938262,0.7523927338685594,0.6903372605220988,0.7521325856996964,0.6276680372959976,0.5602872397545806,0.6652876241219161,0.654120844643272,0.6585452518548883,0.6008790367975898,0.5901366264341228,0.6554224733716411
89,0.00051649,0.5940604238981577,0.5555915930123551,0.5687109714338857,0.5594376135711466,0.5458033612111864,0.7217528535592341,0.6489417418488055,0.7646734350899018,0.5448893793746022,0.5252261081529236,0.6854048877984036,0.6475764495910391,0.595092660673867,0.5833735437406345,0.5396328837500124,0.6110036747118864
90,0.000361912,0.5760100417802615,0.5143247844681065,0.5631732293032075,0.5538987222077921,0.5437220638054653,0.7077316301865749,0.6250140019353598,0.7914085055655172,0.5729522933492261,0.6079960083529606,0.7281384774765974,0.6509473131612901,0.5808929005646032,0.5910307625361617,0.5795864837865163,0.5981262207148533
91,0.000375214,0.5897666656010193,0.51261902337821,0.5825809171250875,0.5883996006700748,0.5497506009137233,0.6968770222315058,0.7209512091707344,0.8883227536644375,0.6454340152691515,0.5613128104372086,0.7730033118263845,0.6441016395726925,0.6812121549768247,0.6567024619684063,0.6904336586070031,0.6839540349029077
92,0.000368143,0.6153235666641496,0.5355155542768311,0.585646922372008,0.5883989589775925,0.5503791963878414,0.6572276496739222,0.7050888839599478,0.8571019621105661,0.6216125783368431,0.5987946443591526,0.732999870786941,0.6236273380947371,0.637117726294958,0.6486105681297039,0.7370085528392756,0.6814273425640527
93,0.000488166,0.6159497815307777,0.5511333062890507,0.5855634199274409,0.5782924969734494,0.5521093397514926,0.6258339292704818,0.6216231710953637,0.8044476201453432,0.5298294291434882,0.5718611273891765,0.6878408963387924,0.627075330276712,0.5747870598403871,0.5618103956356303,0.6157224474935559,0.5859470667797809
94,0.000309623,0.6122339028368023,0.5280890940806773,0.5683272119302396,0.5494535684344942,0.550043397729654,0.6467346414288445,0.6712712697653921,0.8821151607761953,0.6221390878740626,0.5899289228610287,0.7110489207518488,0.6381196570315739,0.6336666123877375,0.598082412584398,0.7020445984536012,0.6272493900898046
95,0.000310063,0.6400493870920171,0.5657423098038942,0.6013442850978624,0.5984844603511086,0.5534319911580272,0.7036841519808494,0.7794276540753649,0.9397810582461679,0.6635782610601838,0.615898259850615,0.7508358804749371,0.6412279538010127,0.6998272993828231,0.6949226699461919,0.742379450225379,0.7400614750344514
96,0.000492353,0.5352071841846885,0.46937729282615315,0.6049277024319852,0.5984459744063818,0.5551744665508578,0.7412299309010266,0.6730572621393012,0.8295375510741063,0.5567382567608441,0.5453726195131525,0.7440125885876027,0.6496047504927215,0.6045974518756008,0.62005680325256,0.6181871934705598,0.6304240359815201
97,0.000332375,0.5370229919147425,0.4552862359722475,0.5832422562303741,0.5596506239834639,0.5503939016245487,0.7601394657305289,0.6355366979588065,0.7935752186571785,0.5646061166312658,0.6119290777613074,0.7318328038528846,0.6674828296651734,0.5831703982392362,0.5888917547048702,0.5983082960475714,0.5968623587188001
98,0.000272545,0.5639060994070784,0.4891152742643759,0.607099585222816,0.5932734811807445,0.5540052787274969,0.7859506425771636,0.786688810065583,0.9503115264741376,0.6878480722882488,0.6192982466793653,0.7939879950777036,0.6699744564545842,0.7252265670479185,0.6733523086418223,0.6565214393161501,0.71955180194195
99,0.000231326,0.5669060496355434,0.5051116764334821,0.6234738333963623,0.6631157727344755,0.5565410419328981,0.7692952516210347,1.0015317622692776,1.2409043505943018,0.7926762750489058,0.5963726819544184,0.8952480801235072,0.6571436064747512,0.8436942395856133,0.7890767593055155,0.708794837030195,0.8956642410636257
100,0.000269035,0.5861302928298447,0.529638380482056,0.6346024062018638,0.6637780828618487,0.5588550110218434,0.6924412459641583,0.9454931353644681,1.393006277137239,0.7668034133275713,0.6581210333387678,0.9084868160392225,0.6581578503190944,0.8141971157335067,0.7810570478245468,0.7434191209880178,0.8700059566205742
101,0.000263754,0.6114230062048319,0.5517798913807817,0.6297495309714835,0.6616090743567682,0.5608337698281479,0.6346740666072934,0.8141121191974826,1.3221684845107549,0.6691169090698749,0.6289274591598318,0.9131374900871079,0.6760515838774129,0.7294431523760438,0.700934403425089,0.7175929819118073,0.7521526906238886
102,0.000458318,0.6155401736655408,0.5366316738978126,0.6389348019973861,0.6644627109053843,0.5615592063905616,0.6158805982505813,0.7212299444786575,1.1325493143058347,0.6123922736993296,0.6147387703519297,0.8913589590732436,0.6920379098940246,0.6423178715440995,0.6519863414313599,0.7006763677385508,0.6810708000760572
103,0.000303349,0.5228845338186732,0.45196952776210525,0.6011820097152833,0.5788690431975799,0.5554868183146427,0.6021294412931129,0.7178247259226921,0.9367032766077732,0.6705654022394614,0.564425911791275,0.7634468241006304,0.7081541011886158,0.6616026886839073,0.665229195960272,0.8737072246891611,0.694625812491222
104,0.000266679,0.4898459806141256,0.45525264717148517,0.6274119248897609,0.6452663812827348,0.5565779698047335,0.5826986703415078,0.6709846586592553,0.7846585079669184,0.6035247452645113,0.573397756860154,0.6418176018263361,0.696321207985593,0.6277054294633895,0.6163410317850945,0.7901483534671573,0.6455212704830956
105,0.000227385,0.5052229435473765,0.47593659773319974,0.6337997000880913,0.6734379158701551,0.5581717599239624,0.5817344519291547,0.6171746424977614,0.7336060213554173,0.5597682702255732,0.584351605901523,0.6098865650185283,0.6719889295326773,0.5811350906524927,0.5577990884664354,0.6544216866166791,0.586662558353555
106,0.000905036,0.5308876755561315,0.5075832626666494,0.6442127769366246,0.6612162438060653,0.5598318189997373,0.6123235589184205,0.5852051447634251,0.7344269646350212,0.5092790231858665,0.49101084062649375,0.6397299857064402,0.6456814716505602,0.5388184750338879,0.5305684069088682,0.5327840220853615,0.5617618060970191
107,0.0002791,0.5514441650673106,0.516059376139104,0.5302689692848619,0.5228498620920468,0.5417735623639844,0.649641020178395,0.5659997280975316,0.7315625638232284,0.4832263909785791,0.6067657667325672,0.7158614488783251,0.6568184664861151,0.5134459001407292,0.5141906941609674,0.4802115905009521,0.5306780611041579
108,0.000207963,0.5771051957941257,0.5407246947799117,0.6170524935375006,0.6489279686809435,0.549917107755696,0.6682504258360287,0.6747404694733866,0.8925571008477706,0.6335007710261884,0.6956118721965213,0.7721608074872669,0.6503555608965149,0.6446671856391741,0.6099866324297193,0.5855362260853715,0.6221337782289025
109,0.00040265,0.5941984941409134,0.542091923743949,0.6391666298490719,0.6922426245590242,0.5553723900065225,0.675966922033255,1.1343473622368256,1.1484118275454525,0.9374056599939229,0.5589534519661605,0.8748755714682674,0.6473823546291826,0.9485914456449234,0.899922299113538,0.7943398355736769,1.0620705222485658
110,0.000277564,0.6187057857261437,0.561495625252503,0.6024349992491161,0.6136382040465966,0.550794020857415,0.6747966005037651,0.9762916444237756,0.983892221092878,0.7989390741696646,0.7013589387772196,0.8171854317076864,0.6431215799101871,0.8114230349272611,0.8717473829732342,0.8015866598410957,0.9698630372912904
111,0.000331233,0.6260255043111457,0.5795938433968196,0.6250432295823549,0.6602603398304692,0.5586813538912605,0.6367246157835609,0.5903912166916094,0.6715849628718408,0.503576498789488,0.5682607263393518,0.654526770269027,0.6230856139836077,0.5615251822180114,0.5562816679828504,0.578493634775767,0.5461571062141234
112,0.001053117,0.641067724330406,0.6020648107110116,0.6328850142952072,0.6320776625406933,0.5578805636538082,0.5901003757445852,0.464866138267053,0.556952551081743,0.42419245240697573,0.45694635919094373,0.5521947111574007,0.582623275139506,0.42680026991644626,0.44831924539867224,0.4937250938886056,0.444845817132736
113,0.000560713,0.6102756747751978,0.5471605511207126,0.5160437916560732,0.4641771961256181,0.5348048818806455,0.5745240415184085,0.46570284973219017,0.5534458744680973,0.43574306387574174,0.5217780002995845,0.5196207562555742,0.5888711700219593,0.43490189011429725,0.43909162269555546,0.4940780450457855,0.4497664238041568
114,0.000679077,0.614127911407021,0.5321999749232221,0.5628651513353659,0.5145919923722723,0.537833684636945,0.5918858614472519,0.5542663073169448,0.6287488671377182,0.5389249433652481,0.4965974682544756,0.5349104345730766,0.5919472687309785,0.5542598709666302,0.5038538849936399,0.5724647216249064,0.5244360334529539
115,0.000498868,0.6280508437500674,0.5321415808550699,0.5409359753239706,0.48349568163379364,0.5340221791942746,0.6164258640952037,0.6542813596876205,0.728221183168595,0.5715374025117154,0.4925133818026995,0.6041899141469024,0.5989549936494407,0.6057837110380582,0.5869056717690855,0.5837284633486026,0.6134388676375107
116,0.000356021,0.6368848648946042,0.5267926212672072,0.558170116561091,0.5216804783062542,0.5354870149243215,0.6340942340344816,0.6627257550719968,0.8216551025225001,0.5958222341715331,0.5835074232145235,0.6798668862296423,0.6074791446404688,0.6057003965196658,0.6244372112637827,0.5944021416641239,0.6373239321262002
117,0.00030664,0.5669152324194194,0.46435497924058805,0.5755278392664567,0.5492050173073394,0.5459611798233514,0.6611024446657848,0.7661226044361585,0.9977495695146774,0.6646152411126212,0.6283272735614824,0.8211418637129869,0.6125268770200505,0.7349303583352437,0.6835743957968357,0.6424924070720089,0.7105715191223648
118,0.000303419,0.5938821980438571,0.4978470360297906,0.5977666051115897,0.5984770326607767,0.5509509414839495,0.6974630239099433,0.8346405695386762,1.1460859253773001,0.6922614339949305,0.602085435231368,0.9701160220458381,0.5991703483826045,0.7146201326675354,0.7523122468407436,0.6875274241627976,0.7940447627957578
119,0.000297734,0.5971639888725616,0.5150523247736333,0.6065076817869901,0.6120337648840005,0.5554878981637875,0.6976447815934964,0.80645242585971,0.9868214648335488,0.6870212429628026,0.6411739770907823,0.9370451996328336,0.6116225453971017,0.7398075278287544,0.730111610507664,0.766583370410169,0.7536800040572937
120,0.00036418,0.6244494831032467,0.5512029267256287,0.6167263783070863,0.6353726162093554,0.5579494900023837,0.672991002120853,0.7237639454864179,0.8962668922978557,0.6057914141160796,0.6833873264820107,0.845950669197708,0.6335231960590513,0.6562675466433476,0.6404428994154998,0.6752286973103613,0.6608513841142135
121,0.000352922,0.5622297944790412,0.4830622627971498,0.6078254602019074,0.6610687713886197,0.5565969796632482,0.6612708882713639,0.7655354477764705,1.0212239050941305,0.6536707985068593,0.553951725051563,0.8349741039740655,0.6682598260437387,0.6893290600258852,0.6347836170544287,0.658053701189549,0.6845211451679526
122,0.000223425,0.5733377871761646,0.5030006471194005,0.608010876195831,0.6194966114756826,0.5558981561587626,0.6508986626501516,0.8344153851121194,1.206753226004614,0.6965499741879387,0.5957369678737047,0.8220397889078126,0.692914443831336,0.7364656459837247,0.6900886777002961,0.7045925249728686,0.760212803739384
123,0.000352033,0.56589865952077,0.5148467203779765,0.6324693959147841,0.6787077391964436,0.5594359590021974,0.6175103702432343,0.7509052245106504,1.0567855036471545,0.6390030088196863,0.5909345356450839,0.7610917412979376,0.6909162555079857,0.6738519842840436,0.6694257002410278,0.7452298730158803,0.708576209007071
124,0.000475379,0.5927322186967829,0.5495575795918288,0.608431876038153,0.6051516607168637,0.557086474607934,0.5899541461712302,0.6843635852337286,0.938765661153391,0.5959075370916818,0.5073872934672728,0.7266461168382771,0.6913124287824237,0.6195437979497256,0.6212315993101296,0.7526880741387412,0.6549732774004452
125,0.000259382,0.6086228187619123,0.5720438330773017,0.5859331258131139,0.6178429318111941,0.5526333272270962,0.6053395308427979,0.7120191252386613,0.9818941768115524,0.6204988279300278,0.5835161848973431,0.7573874121726364,0.7062644627806973,0.6524985362673761,0.629941575776174,0.7557314236371178,0.6731120134403284
126,0.00027246,0.6187572690266515,0.5909696400105171,0.6223546224745781,0.6603029581275554,0.5570472674787269,0.6621022414045508,0.7777061586588647,1.053551167190038,0.6575095190561225,0.586564634692257,0.835966069827626,0.7131532093010775,0.7053684091015803,0.6769791045901483,0.7351517792371592,0.7232485731911414
127,0.000393864,0.6450726643663692,0.6187013095247004,0.6220549080826304,0.6574754965285369,0.5576116670800371,0.7191343863047821,0.729253722965307,0.9357210385867486,0.606243609025401,0.5530617992825466,0.8757036122358306,0.7197325947397476,0.6432909016244761,0.6624050802663333,0.6497965305279508,0.6932857238760151
128,0.000268232,0.6722615170469812,0.656456379086462,0.5965651978168702,0.6063720907054877,0.554804534895318,0.7545635159939355,0.7182958926248288,0.8787763890432699,0.6352934498023151,0.6268339069506753,0.8446322221806112,0.730424432692081,0.6597884635555222,0.6538573976301448,0.6482206919041293,0.6828701659885064
129,0.000304772,0.6955037511059411,0.6717921076900681,0.6278402525346962,0.6801888255145906,0.5587533250168296,0.785420507831812,0.8221693049065195,0.9401368337873043,0.7061202436315848,0.6237977770505151,0.8314483421725165,0.7085616409977051,0.7590570898902076,0.7018310666560336,0.6717434066546986,0.7534993614588783
130,0.000307693,0.6835603099640866,0.6795928554451478,0.6253842652259576,0.6717605940459701,0.5582917646330976,0.7697373456680392,0.780536747413104,0.9584160684276736,0.6298439572835957,0.5661774431096402,0.816869321753895,0.6751026641071369,0.6718513271384927,0.6666581334971698,0.6102627879041935,0.7121954358765298
131,0.000395735,0.6763106324819236,0.6392579504746504,0.6222475861038785,0.6527524584429331,0.5577455202156196,0.69661385617072,0.6530242205785367,0.8325695409499254,0.5681122297960525,0.5734803201740039,0.7366217189755575,0.6612772643415119,0.5910054008885276,0.5923324797290022,0.6026113883753932,0.6136913447129719
132,0.000368797,0.6492018749997305,0.5853459752149719,0.6051837748085818,0.6438728105071625,0.5558175463203854,0.6495253238326264,0.6511263714608924,0.7406226162817383,0.6332038639777079,0.5750354652559069,0.6547432784574639,0.6574871352199376,0.6213857207042609,0.6140673632506984,0.7910309184504841,0.6333294583188972
133,0.00067758,0.6708248492187974,0.5979409443828739,0.608743581628225,0.6358684826125922,0.5547243998055257,0.6537684790630754,0.5787108553034808,0.6706822586667797,0.4939941031435088,0.49923380850347143,0.6099902071768732,0.6515493961820857,0.5291303926814754,0.5483387759352482,0.5928030765162574,0.5605683505073311
134,0.000468723,0.681348616045717,0.5917037118809848,0.55395065413645,0.5706210130856231,0.5447212868021168,0.6625580298807899,0.5118822957924021,0.6306498797960044,0.4593484725340047,0.5256199710174001,0.6014648784618706,0.6622046660612922,0.4769121816134211,0.4801903135477396,0.508304453438396,0.48538800342783867
135,0.000438009,0.6266222119542314,0.5894535195366738,0.5846579458588427,0.5814289671106376,0.5451657966882049,0.643069636689603,0.6044179224157413,0.7182398638502484,0.6166443763003044,0.5469388033450846,0.6011060524803309,0.6505636180897691,0.5896639503632337,0.5537542462895434,0.6499201544959012,0.5844767256386723
136,0.000342382,0.6432171212707957,0.589550961017373,0.5879118789685911,0.5768160100549387,0.5462962290841602,0.6355544878531597,0.7332766752335392,0.8140152556088832,0.6283264921721501,0.5208933616131604,0.6379012306187896,0.6318924003340557,0.6760496372708756,0.6454026798001944,0.6735562807455844,0.7182748802978156
137,0.000361529,0.6536505638671374,0.6096658761351113,0.6079181469918062,0.607074917336608,0.5488911557530552,0.6714857539929204,0.6667272082458879,0.8569849660864722,0.5703169176479546,0.5573044428473899,0.7106936061764507,0.6237305019378999,0.6093206826350699,0.6151423799711752,0.5973559294359325,0.6385375003895623
138,0.000360953,0.5936039586385193,0.5316912163633013,0.6069952958249899,0.5909280355231447,0.5524117645588464,0.7136736193191024,0.7122079532222373,0.924757516531042,0.6381925157125468,0.5782516855207753,0.8036534708894049,0.6354849540317558,0.6663587467977409,0.6484584842744127,0.6422002030132568,0.6752471234605302
139,0.000359115,0.6067038525761781,0.5527716068216328,0.6142870268429824,0.6043205702416882,0.553654249577733,0.7214640482469589,0.7599347851341975,0.9701361543343004,0.6379674711085864,0.5803589297630161,0.8389781965555883,0.646902569877847,0.6737777810090365,0.6793635971031631,0.6459028980462009,0.7261559252816556
140,0.000336252,0.6243674289335467,0.5564786071079375,0.6164199615834466,0.5955911674237657,0.5545303908930311,0.7205018982089001,0.7408863712390474,0.971282884371854,0.6241804356695755,0.5847152414694256,0.8657497604756847,0.6748450005681296,0.6672066553647098,0.6550378976195217,0.6330807420911914,0.6939258503451028
141,0.000415158,0.6270248489672486,0.5727799625286003,0.6222164724155024,0.6108399168179915,0.5551151846494099,0.7171290047189978,0.7243007679745815,0.9676321441608718,0.6153830190321562,0.6134788648371087,0.8728073246886797,0.6968109363180022,0.6450684366854244,0.643629106771223,0.6376136101867687,0.6791888447466042
142,0.000303323,0.6543254779222224,0.6113668535035365,0.6059917973448501,0.5896852642067459,0.5530852476081225,0.6668458055116059,0.7052545702125486,0.9086781925677083,0.6207827327615588,0.6068896519317145,0.7878785300276747,0.703920254627558,0.6367514511091349,0.6311608971387321,0.7044107891505523,0.6719669456988228
143,0.000442639,0.6803653431359088,0.6388731881077274,0.626694303742823,0.6530452743869396,0.5554652226541508,0.6118778367583321,0.6654314415084421,0.8196512601536822,0.5923763459517662,0.5835668852396545,0.6983303224624515,0.7019367187505671,0.612405295949058,0.6050497672358229,0.7581563454292265,0.6462282392444919
144,0.000300426,0.7037829567335792,0.656484005040227,0.6008674194217818,0.5789851708912507,0.5524075165609953,0.6095267296862914,0.6605851724360878,0.8137146889091771,0.5907337809113097,0.6480551644032351,0.7031392785845328,0.7176325604680278,0.6072257908735492,0.6025059496869482,0.7618413793386062,0.6490640171557026
145,0.000263335,0.7304440741594362,0.6950262898527291,0.6241421381151089,0.6204559372161704,0.5548685603534195,0.6574719155170661,0.7259051766621272,0.9202567552804174,0.6600673007246632,0.6142673131748083,0.7805052928499032,0.7267464506842487,0.6728211202140743,0.6539304964886408,0.7848640293383015,0.7256366335303487
146,0.000251153,0.7449783841586223,0.7194638028202922,0.6338815184731499,0.6153228327919721,0.5580474531218679,0.6968599660021647,0.777855852495086,1.0590793187948597,0.6708419661973365,0.610544337064747,0.8843658983883509,0.7244145027516515,0.7104257753450721,0.6799965975231375,0.7265977780144974,0.7757547347309589
147,0.000304619,0.7689183515612927,0.7420716165774685,0.6440982726716367,0.656056639014676,0.5593334043894874,0.706842224309046,0.7589000883295397,1.1584413934423143,0.664227188829302,0.6767368595625552,0.9577622754502445,0.7134996413557585,0.6895468704057138,0.6727558890465444,0.6947504251515694,0.7607364722445922
148,0.000253759,0.7683118903242958,0.7570619041370215,0.633566451062708,0.6241697116437058,0.559825186811891,0.73519183150028,0.7941693790890605,1.3453334130847003,0.673107210159988,0.6933004195385316,1.1022750499170222,0.7124049037875962,0.7179447620414957,0.6889249549012322,0.6823651867050422,0.7767655135518453
149,0.000307213,0.7924285034301827,0.78249740699251,0.6483434184706369,0.6577388611813179,0.5611084700187243,0.7731444827674334,0.8248397151663955,1.436701533680927,0.688769481458053,0.6528146707826696,1.2050243008614823,0.7057722630080349,0.7219981367418128,0.7106348156660447,0.6830668498122308,0.7949151464456827
150,0.00016924,0.818301617516262,0.8269852594690182,0.6395873587801703,0.6426177595419245,0.5598036338291494,0.754145689859891,0.8084489923318526,1.2116598678289785,0.7013871961093726,0.6915706718224331,1.0269446752171245,0.7165975272085756,0.7179459277358835,0.7025082841384931,0.720517215188811,0.7830760884984113
151,0.00026926,0.7716855744971011,0.8163615658895483,0.6713656175009761,0.6932804756515845,0.5633088763954774,0.7225132148157491,0.7255247282371179,0.9470037091257535,0.6378938718379628,0.6899210360225398,0.8286471192356474,0.7249911834131717,0.6627505121963936,0.648993399040032,0.6864856039213041,0.7126738399017989
152,0.000481849,0.7648284106659397,0.8232463041654191,0.6511855105303429,0.6524250417258829,0.5624723554926402,0.7267077628329214,0.689064043514523,0.8290668445430436,0.6353289902427586,0.5509504146803672,0.7287314187646081,0.7258798751298874,0.6421476486104308,0.6235234618172238,0.6804923621328461,0.6851109396757309
153,0.000243873,0.7580657611209383,0.7710104585459611,0.606919930874502,0.6151680444661228,0.5550332990824576,0.7186335098964394,0.6194382050619504,0.7230782177988347,0.5669249896162399,0.5945682561082427,0.632628845467286,0.7021699757292931,0.575473802307102,0.574127209525361,0.623497500857356,0.6167234227115916
154,0.000393874,0.7825049533184932,0.8078903197628116,0.6511272410363608,0.6613856857606895,0.5590288301887562,0.6632995488786398,0.5167364976004547,0.6185693052731918,0.4745782924225554,0.5581279418808185,0.5474027186876163,0.6507328116691473,0.49178755059349305,0.48978934295385623,0.5457664882805451,0.5061226780835256
155,0.000991557,0.7318155192732883,0.7100330529250966,0.6213418902065689,0.5874400543834074,0.5549169976929801,0.6343240467471546,0.4665962448769184,0.5732546919901685,0.43037538344008724,0.46741950892138506,0.5164798236659791,0.6177344933588927,0.43890880054191544,0.44783834479586465,0.4965265025074487,0.46241176910348436
156,0.00042166,0.7037401362310318,0.6496073409830959,0.5243669862741732,0.47122271102027813,0.5351371743360986,0.6713246332947492,0.4835074310996274,0.604157958004867,0.4486599568612809,0.5630759164766692,0.5430670339845901,0.6286768467586142,0.45729508700979954,0.4607405657954196,0.4962271616470255,0.4799038734404982
157,0.000364832,0.6941343525469668,0.6159232830518573,0.5913509901374132,0.5652188552658176,0.5424767107065217,0.7403898242808314,0.5986715943135663,0.7427909219660004,0.5746794177817182,0.5438730156820423,0.6266400387906087,0.6316112404996266,0.594343935292604,0.5531401496711925,0.5921603825937553,0.5848840780949917
158,0.00039161,0.7182270257692351,0.6483142324110919,0.6033703855306717,0.5978554385011884,0.5453864160723462,0.7787186446040261,0.7306344329368314,0.931061647681117,0.6257536436756033,0.5134655146452616,0.7979401684484371,0.6362518951033491,0.6516191089421429,0.6691386143570494,0.6373883615398077,0.745150359374199
159,0.000204384,0.7387168753091038,0.6776681878524167,0.5954780627643516,0.5755512600099852,0.5458581722918496,0.8092541185037859,0.7567218004440512,1.1464702210580526,0.6695523620663294,0.6035212829854828,1.0252193771344598,0.6582306044701055,0.681995180069702,0.7176861183516572,0.6856646877000555,0.7995614744349719
160,0.000170766,0.7592072965785835,0.7077003661086898,0.6326503803972386,0.6370582653675964,0.5576925137745794,0.8614990255644953,0.7893492840383989,1.369760202004272,0.6466358208562113,0.5963686731889406,1.3641282713017062,0.6712522144458293,0.7427496149268796,0.7114127077911117,0.6846494955051279,0.7778617827434519
161,0.000180308,0.6928515741097399,0.6968802204139365,0.6649002454338387,0.7009495908741499,0.562683240708707,0.854101060712749,0.8283676562571123,1.436701533680927,0.7282394308655634,0.5805634650246554,1.293292083146897,0.6591362083875352,0.7178340469598906,0.7543322060312738,0.8420061949451112,0.8472657301403624
162,0.000235807,0.7200440185003968,0.7385797721532433,0.6735620562385675,0.6907002591502586,0.5650471555829424,0.7983149198452613,0.8190102131313567,1.3265586520462762,0.6909089831044579,0.6182727904816399,0.9690508010176708,0.6838633474033138,0.7305865222002148,0.7365411527843957,0.9212944847832475,0.8610522494386057
163,0.00020687,0.7468556907245868,0.7807345489265284,0.6676327626345591,0.6948328330588678,0.5655849497893354,0.8070246747701221,0.7789314419949216,1.2811986967766231,0.6737941614416763,0.6465404508597802,0.8972618839963409,0.7332791592036657,0.7216249789237561,0.6885030533999408,0.8630074898164228,0.7804693494336549
164,0.000282316,0.7693411480135882,0.8135178878489886,0.6836851005050546,0.7269896001286246,0.565839299840666,0.8719101996064935,0.7838774793759867,1.436701533680927,0.660259433147846,0.5892922987431692,0.9966375851015818,0.7824581696165057,0.6960268039938298,0.6860976665873133,0.7513911713206561,0.7823616104476261
165,0.000191545,0.768280462143021,0.7732653399464058,0.6654323696653782,0.6700521481642968,0.5631135981176199,0.8648762385991828,0.7608377287257982,1.436701533680927,0.6527559628906978,0.6119095902292137,1.0953007638817653,0.8270672240557492,0.6761947055117878,0.6744223359057935,0.7263091544264207,0.7688281497297388
166,0.000203863,0.7658083430123662,0.7854800371959564,0.689541706633755,0.7097062812812471,0.5644191149866723,0.7994085541375279,0.8170393570534427,1.436701533680927,0.7567422756451739,0.6750609917312765,1.086298576011854,0.8466839009235348,0.7559068738599867,0.7275882298295302,0.9138891118905524,0.8634228468354647
167,9.94e-05,0.7891278361920926,0.8207375371615563,0.6879629180325098,0.7160973023289107,0.5650488604395344,0.7925021833670783,0.9731383326791553,1.436701533680927,0.8350382910650477,0.6276197489683701,1.2225120666505835,0.8641232182774263,0.8763961519402623,0.8320065607423822,1.097684392050057,1.091111273623661
168,0.000192478,0.814622498104204,0.8626493462909243,0.7221843396320159,0.8059918736578834,0.5685673323931965,0.8407397698114213,0.9460794249508389,1.436701533680927,0.7692149526953865,0.6635239628258065,1.436701533680927,0.8820805683639203,0.8358280853505982,0.8235223733855713,0.9331816103375694,1.0321629131478254
169,0.000200627,0.8194639881822757,0.8340843473544792,0.7005203836091399,0.7063787914860628,0.568147465520641,0.8580456283240382,0.8690719413749918,1.436701533680927,0.7488292548177291,0.7025279428766439,1.436701533680927,0.9307617880311937,0.7881112628822433,0.7776587489342555,0.8819400785264936,0.9274345920248019
170,0.000165445,0.8381238056728237,0.8653739034885363,0.7036786640480069,0.737555189804814,0.5675021331829894,0.8509295406665345,0.8391828948301567,1.436701533680927,0.7397208118078606,0.6746495282323841,1.3754624695450766,0.977425068291936,0.7640755497441357,0.7647269614557001,0.8583422843342852,0.9070847220993894
171,0.000198746,0.8616481055575945,0.9071599637167805,0.7155023360033689,0.7494583256690184,0.5685239145967401,0.8692767114103943,0.8340788638596371,1.436701533680927,0.7202922716148789,0.6915487932520035,1.3730099342159063,1.0063959939558733,0.7623223675782209,0.7490979059426912,0.797505222552324,0.8832221010532211
172,0.000253583,0.8017067455428666,0.7919133186405797,0.7097130375038881,0.7268407782141006,0.5669393393503351,0.8558966252337613,0.8098373756314069,1.436701533680927,0.7145867974031145,0.6930517688868515,1.282525676621468,0.9939635022332757,0.7351004718402139,0.7322455280241541,0.7836651516693802,0.8588826295540269
173,0.00014274,0.8268748240079167,0.8319303738181032,0.6894580696870832,0.81605154615944,0.564843252424751,0.7799143550539439,0.7901483534671573,1.436701533680927,0.715133394350059,0.6949258412965234,1.0723969426371707,0.9776869622637935,0.7382082005021792,0.7144443130109147,0.8356350218218058,0.8373126982157718
174,0.000165955,0.8444614471900506,0.8623926478184781,0.7214096401746628,0.7842813779426608,0.567449749707846,0.7429588027092866,0.8012008038176661,1.436701533680927,0.7381461152514827,0.6802314548256578,0.992257311249099,0.9569469126579362,0.7588395172877104,0.7302158399069617,0.9246504170988133,0.86369670236435
175,0.000217602,0.8602109004138653,0.8644384332642127,0.7240387833374231,0.746716629773932,0.5676789625416068,0.7771599911604541,0.8393598003318704,1.436701533680927,0.7595259194761816,0.6460132720800319,1.0823708908548093,0.9601540007734979,0.7767581320594825,0.7707968726432209,0.9216173382874234,0.9424909103422235
176,0.00016797,0.8842787614457955,0.9136055349624406,0.7093923298606087,0.732523954739017,0.5663124125723114,0.8220642872400722,0.8093893753315269,1.436701533680927,0.7281944223608111,0.6807366766433057,1.1664070242011395,0.9703490580733388,0.7561641496488489,0.7511293904645137,0.8328296237370606,0.8956891386389008
177,0.00020235,0.8623098255769758,0.9150888181663545,0.728811887819743,0.7421346977082633,0.5679465365383132,0.8103699243532915,0.7224668839121807,1.436701533680927,0.6487498573507684,0.6412678222769072,1.0884368973277248,0.9609999602085963,0.6833621944637731,0.6761849664646211,0.7406059809991237,0.7609931597699471
178,0.000317992,0.873715628467557,0.9037855368204615,0.7407275723676165,0.7498166102542841,0.5668463724150656,0.7918773402498523,0.7060703421987873,1.3641282713017062,0.6597016254793285,0.6204506705487026,1.0160533539300156,0.9377093917251842,0.6648882086186475,0.6662059447027628,0.7722724986375388,0.750548041520542
179,0.000145908,0.8737681575771489,0.8718329547027932,0.7057501160610263,0.667529672866628,0.5624645079614929,0.8028160280976556,0.7616673327983572,1.436701533680927,0.7114989198349017,0.6695419617449563,0.992392744424533,0.9324043977472043,0.7205949933894875,0.711392293738898,0.8593100446681265,0.8308551092844938
180,0.000277735,0.8801326833142558,0.8937196094260375,0.7594320840618681,0.7595079776636461,0.5660642804326401,0.8105258683972797,0.7820917362141254,1.436701533680927,0.7148236939112744,0.6302741339485916,0.9731789760328545,0.9153737789723085,0.7508612154913654,0.7231568284048239,0.8687764177443336,0.8405114843544669
181,0.000254946,0.9023032299746858,0.9355997658554698,0.722197391095473,0.6651763456481234,0.5631006617762124,0.8096099392539844,0.7237746941277708,1.3280317881493262,0.6403783665787276,0.6300100932709523,1.009602821247758,0.939133329575906,0.6705245643996156,0.6774193271709594,0.748038217086011,0.7667636496160052
182,0.000215183,0.8601687974385498,0.844273714290175,0.7237985817120742,0.706187904691097,0.5622751457734894,0.8404871698167932,0.7278820258446385,1.436701533680927,0.6802036952942278,0.6581300125203577,1.1269985705472503,0.9864614374303534,0.6927908163094644,0.6918594550627825,0.7644284841597008,0.7857748305943411
183,0.000186379,0.8782083135510553,0.8771881227016095,0.7331028600292201,0.706991338925992,0.5642311673755249,0.8810899282530884,0.8174623291662192,1.436701533680927,0.7375766761239655,0.6581443799753885,1.4121251614090042,1.0113643794176548,0.7786769983960474,0.758257948279383,0.8073924824467649,0.9051326519085622
184,0.000119155,0.9009986405325155,0.9134518408991781,0.7465842005440552,0.7312137925161901,0.5647558518476183,0.8592101241980333,0.882247081693574,1.436701533680927,0.809180674074562,0.6775182507450649,1.436701533680927,0.9933732084322471,0.8232023697183765,0.815053664560693,0.9159009329443764,1.0241484321954872
185,0.000127019,0.8634147365706543,0.9081610454441927,0.7717188701581814,0.7764453502705506,0.568229515068044,0.8061783104636312,0.8964256870194861,1.436701533680927,0.7957249076850766,0.6976971969598775,1.436701533680927,0.9988778416890137,0.8561317510888033,0.815591450430925,0.9973837034461307,1.0395395128037797
186,0.000122663,0.8543759615146308,0.9159057734362624,0.7786145416105024,0.7872445710664151,0.5695081733545951,0.8047610143518179,0.8900567766724556,1.436701533680927,0.7931473677874833,0.7023739935823714,1.436701533680927,1.0117197560531066,0.835955028554528,0.8153403512567285,1.051249090785485,1.0313291439015524
187,0.000176696,0.8790415831895876,0.9653258884475299,0.7914288044772539,0.7963955031215393,0.5705660059681646,0.8475954547646632,0.8696452481639306,1.436701533680927,0.7551596790923798,0.6802820255634202,1.436701533680927,1.050382849764595,0.8039495689538058,0.8019048425626463,0.9749519058033066,1.0035154510840316
188,0.000123072,0.8441941078468577,0.9537143597182721,0.7755224899926705,0.7681062485602543,0.5699403970086814,0.8822384293282589,0.8427914299612141,1.436701533680927,0.7543362622677119,0.7094249434024261,1.436701533680927,1.112355172685352,0.7904842202556833,0.7765441602782313,0.9504629524443414,0.9527239947778225
189,0.000200128,0.868859051325572,1.0002967320226048,0.7996081728540653,0.8034883870470223,0.5708189361680638,0.8982556307609297,0.8378809671416367,1.436701533680927,0.756305831489271,0.6735062326955732,1.4007333357921807,1.1462139809958427,0.7894577530700763,0.7713383984253188,0.9501953020716262,0.9504521339029667
190,0.000140928,0.8568600910061845,0.9275124990890369,0.766735250751944,0.7584915150292144,0.5687787744317587,0.9215187210702978,0.8304777658607875,1.436701533680927,0.739323328858219,0.6652366145560865,1.3445670596114723,1.1556406878068888,0.7751759809263179,0.7595976994435787,0.9141849860525988,0.9336222108611087
191,0.000124382,0.8678648835335354,0.9119215430928429,0.7872046152636513,0.7936696907731616,0.5693743951915444,0.9429052228202844,0.8271224748080381,1.436701533680927,0.7497024342157705,0.6712036307250291,1.2960263189328987,1.1156473826081528,0.7791846450257409,0.7590942887446122,0.9296892433931039,0.9308532399230096
192,0.000201715,0.8921698592695001,0.9616744179115184,0.7953379420952773,0.7972736484601997,0.5702234475874003,0.9633203283269562,0.8318433286700021,1.436701533680927,0.7383641161968857,0.6549538065638325,1.316382161407062,1.090424494987838,0.7802792314843959,0.7598394162156369,0.909435432414175,0.9429738878264767
193,0.000121633,0.9116016099855394,0.9980657266291197,0.767190011600934,0.7988089881940124,0.5682699751111784,1.034446196944333,0.835412704918949,1.436701533680927,0.74230342220691,0.6690602965222252,1.436701533680927,1.1132580585261203,0.7764365034531759,0.7729233007939533,0.879682032002826,0.9649973632713444
194,0.000131407,0.906990696400271,0.9504115676627352,0.7965673973504874,0.8012283464850963,0.5702146871252193,1.165523251888734,0.8903300950332274,1.436701533680927,0.8069799756807635,0.6875827116402029,1.436701533680927,1.1511457633917426,0.852112036118918,0.830660054216979,0.943322726337353,1.059412508006125
195,9.06e-05,0.9276482550682611,0.9906058041585135,0.8005470951006771,0.8222515968629678,0.5703402923459076,1.2305385344284518,0.9281238708487205,1.436701533680927,0.8327222873200247,0.7015046092896119,1.436701533680927,1.1435290819282322,0.8662284607075647,0.8673814110754424,0.9778341860957609,1.1443967709487817
196,0.000166366,0.9045212759618102,0.9897678651582239,0.8203772840227184,0.848739048123202,0.5713921993913404,1.1379785840372245,0.8487274929759296,1.436701533680927,0.7501727495102121,0.6879670207302269,1.436701533680927,1.1038859057056531,0.7930593667161396,0.7905309023028217,0.8959155755085756,0.9952683459550211
197,0.000151765,0.9156759347919627,1.0146125099006325,0.7904048797515045,0.7766695705619527,0.5703847121912113,1.0259465482351109,0.7935201254997329,1.436701533680927,0.7206315342694731,0.7158418049417182,1.363329367413972,1.0750641158465397,0.7524101761297725,0.7322294508473816,0.8828945676086891,0.8945978607678713
198,0.000111056,0.8842395582239434,1.0045995401535865,0.800238596297932,0.7909498545473277,0.570540263420996,0.9728887780314619,0.822272611535436,1.436701533680927,0.7702248184027852,0.6829915680731665,1.2818616715670608,1.0441131041041396,0.7817122744474861,0.7551881676724406,0.9850613874574901,0.96071493216843
199,0.000189299,0.907918126095157,1.0515932572420703,0.8179583517277376,0.8195974930248515,0.5711725476769745,0.9648502022055473,0.8493907512260233,1.436701533680927,0.7793247574648835,0.6697415433738606,1.263678315319703,1.0415552953701916,0.8108397060043068,0.7795395444577976,1.0243481322990107,1.0245276235565417
200,0.000161494,0.8790480021518913,1.0381022817914167,0.7869987856356037,0.7450891121218999,0.5691930727948911,0.9885423196372168,0.7860638361862243,1.436701533680927,0.7232843273667281,0.6526928914653731,1.1639106901223442,1.0584250872198064,0.7458982711906924,0.7454685667535076,0.9299703324108828,0.9242721310934702
201,0.000359661,0.9019285913430164,1.0686176060625026,0.7980986526969395,0.7636305096294492,0.5693203290423033,1.0143395404823354,0.6758774291578369,1.2851920530477352,0.6076925180923942,0.6038192569506338,0.9882168836102723,1.056376796923945,0.6419842284979803,0.6518065729208364,0.7433091357814304,0.7411645151881124
202,0.000151987,0.9189021804190598,1.068775242813391,0.7227343002773673,0.7145890962371003,0.5627842803893001,1.014247504100107,0.6595253411436431,1.1289379278464937,0.6418642442157894,0.6638121718772523,0.8786161057987386,1.0244260131442517,0.6363005805228422,0.6351416623511262,0.7785387214287176,0.720265198378884
203,0.000321477,0.9011622692793172,0.9842374280121339,0.7890287870212613,0.7636389258827679,0.5653964048535205,0.9945765420710246,0.7065598329483331,1.1215908657523725,0.68867274980756,0.6252309995848894,0.8290740248800726,0.9410752957791589,0.6928735765656572,0.670883813217198,0.8310647660045526,0.8030214732438696
204,0.000162437,0.9024629401092613,0.9988401709301493,0.7263489857531329,0.7138889787422334,0.5615078936149741,0.9872606869414715,0.6908528894235351,1.100461269177756,0.6357478471159529,0.6533929564882812,0.8788084562198499,0.9034044045006904,0.6639707087167138,0.64533240332018,0.7158683824185428,0.7653871039355693
205,0.00020567,0.9205932640015715,1.0081278805738454,0.7763126797535683,0.7582263646402456,0.5639422531002849,0.9976463357573437,0.6788624095390067,1.1927146309181533,0.6555440124376026,0.6766099801232336,0.9782762569638894,0.8734132451301362,0.6644155864473941,0.6414764223660048,0.6910264085514505,0.7548614209824432
206,0.000322327,0.9434893539814302,1.0523780475960405,0.7600246582752085,0.7216924598441623,0.5656111673399546,0.9812507024032688,0.6886634904042641,1.2845239001286235,0.6341496554981858,0.6490355948984062,1.1088384731381633,0.8686029639382873,0.6679432574494393,0.6471474511794126,0.6661789357558208,0.7713340616891594
207,0.000183215,0.966219699710506,1.1065181426848374,0.7229805857784665,0.6608050237926524,0.5611819400542758,0.9364237996365778,0.6728192013794838,1.2662286273293106,0.6446308988088528,0.6460829217332035,1.037876821811716,0.8574889850553075,0.6444984616945232,0.653737674160844,0.705219214011058,0.7656909481598696
208,0.00025666,0.9790498477480402,1.1013438944930485,0.7602197235152438,0.7192550807458633,0.5647518800580453,0.8660340208658165,0.703610624346389,1.1415980348569532,0.7067754871448076,0.6127883767526966,0.8536950860299334,0.8374773216501851,0.7101887097374748,0.6822271138218094,0.8742560800646718,0.8090772181291063
209,0.000292617,0.8125647482784324,0.8467623013879032,0.7377840523922229,0.6737710364722368,0.5630135053274756,0.7988459197270732,0.6559846032711356,0.9398228932291947,0.6250847706614064,0.6079761862590072,0.7267633785622862,0.7976810341171249,0.6295678798213605,0.6352667983857863,0.8177446757943749,0.7371674950149575
210,0.000676015,0.8285109352785518,0.8424635109396457,0.7201404655170466,0.655869039935322,0.560935484182536,0.766998060712053,0.5227647879958945,0.7550728766346556,0.46581583546829275,0.5535836962703485,0.6649058011074959,0.7888988415679721,0.49430311400507493,0.5056382040991576,0.555971763548081,0.5457378145005045
211,0.00023378,0.8539107492715523,0.8853632698046572,0.6164000418579975,0.5155000857086044,0.5489140775749247,0.7919023681764461,0.526275780914652,0.7701845200749207,0.5274972158117648,0.5946437485145043,0.6836055889541516,0.8186107537130959,0.5175594722775565,0.5079829026016298,0.6059224114185685,0.5504916163419072
212,0.000193952,0.8790116298913314,0.926528794726738,0.7078768391304634,0.6733927034903222,0.5546899900233089,0.8595339930819559,0.6905217997142411,0.99218038527946,0.73051651576691,0.6267237677640581,0.758153599973068,0.8031144645437612,0.7041082083640763,0.6546831648489241,0.8170702839718396,0.8115459129045215
213,0.000239798,0.8686070925835246,0.9332456123684623,0.7164920686129587,0.6850228289605476,0.5587203576903974,0.9151370978775908,0.7524719046419942,1.1860578825713606,0.6737536943075925,0.5961670030367415,0.9165259907231408,0.793748443315102,0.7307954329038225,0.7004759905108378,0.7361073055356362,0.9052775101427374
214,0.000317758,0.8866427351545176,0.9380524181187323,0.7030549747662309,0.6817594899938144,0.5591543447934478,0.9555559426619638,0.7145396761951147,1.2851920530477352,0.7135740242541615,0.658887380434579,1.0588025242969619,0.7901265990940893,0.7079070091221764,0.6959949414915131,0.7771023333518728,0.8476395750341027
215,0.000116466,0.9105106442264833,0.9766758616932177,0.6816437318650975,0.7527055369485741,0.5611006794346619,0.9975181202610999,0.7482123205630933,1.422891201588564,0.6987920569092634,0.6771726967631612,1.2112510256165472,0.7893570303436924,0.753155959766284,0.7072241017154981,0.7836287699553466,0.8643794313246184
216,0.000140007,0.9345155704912124,1.0306180608828868,0.7548031663556302,0.8155025997176845,0.5662649334951203,1.0323812030313402,0.6897369779382437,1.436701533680927,0.6274267070467208,0.6513334287318028,1.2759316705849215,0.7647762720013842,0.644827596186773,0.6560459655552,0.7033156482476509,0.7683876195109637
217,0.000224679,0.9287818778995774,0.9798223134789402,0.7516264732294676,0.7897632560842365,0.5677291038593906,1.0224573671957724,0.6847425188095994,1.436701533680927,0.6469477709325944,0.6630955666828549,1.2785570471686678,0.8029236225534223,0.6563966832925571,0.6448968630028307,0.7335886108334816,0.7738806964678245
218,0.000257032,0.891222908977798,0.8892095363795496,0.7232306980916026,0.7264781808982838,0.5661448590189803,1.0278054668017715,0.7200498983066895,1.436701533680927,0.6714933838842535,0.6382694946831619,1.1963980617976404,0.8804915532111144,0.7049917356911689,0.6749815448647113,0.7868391485010172,0.8448315906779447
219,0.000272092,0.7633907633271706,0.7268794873145282,0.7121305838360752,0.7392584165934907,0.565480685623726,1.0495369546066833,0.7542186579704577,1.436701533680927,0.6844413416020577,0.5985634810846984,1.1376955226749823,0.945147203434841,0.7441410578034929,0.7008118551450265,0.8320773244887392,0.8658765182939216
220,0.000164762,0.7907130413424769,0.7692106516767976,0.7073411267547005,0.6819232487127443,0.5631366607637127,1.0185372429574617,0.7439775630749214,1.436701533680927,0.6746311509591548,0.6193805636487898,1.044317539261557,0.9668254953027171,0.6968759561804806,0.7031918469616267,0.8604034499208907,0.8524903842179117
221,0.000259063,0.7941583347699126,0.745830304936316,0.7325313837996873,0.738463040767807,0.5649909039710874,0.9599393767509496,0.7117725101831496,1.276586498275237,0.6546875844032367,0.6210383542261277,0.9613412095103065,0.9712857707265354,0.6725775594956425,0.6785758111553399,0.8669377397916789,0.8203720664495929
222,0.000158587,0.8131450363389751,0.7762625774764139,0.7020903806296945,0.7464623230456754,0.563310002507606,0.9869637691610356,0.7168654390740946,1.2720237542986723,0.6763359690012085,0.6228320236085826,0.9857244606259091,0.9844297006134076,0.6903248250004117,0.6834979403129031,0.8867657152739198,0.8450615143161714
223,0.000153495,0.8332156499335835,0.7885958850124194,0.7306528626531942,0.7493708230824426,0.5660242896574504,1.1354386101723515,0.7695822389180036,1.436701533680927,0.7372419556771441,0.6373785735347877,1.0955740497514737,0.9762769886249132,0.7651499330594321,0.7323754209753515,0.9157509157509157,0.9492427900106006
224,0.000135261,0.8510867928733202,0.8193132235195236,0.7414237143263585,0.7633977702484784,0.5680839304370872,1.2987779702660676,0.8099511657217768,1.436701533680927,0.7606047606299168,0.669997192694194,1.251536617858794,0.9625159792664736,0.804967956702768,0.7630532583250488,0.8875773479628847,1.0092075757220513
225,9.16e-05,0.8743402872733648,0.8582048684726379,0.7530496677974613,0.7847665768544793,0.5690194679528883,1.340754840258987,0.7967123205905615,1.436701533680927,0.7505746793698377,0.6866058860191305,1.3384830145542,0.9511046111575953,0.7787454206951363,0.7572287087578896,0.8472484877001972,0.979561660988593
226,0.000112599,0.8346881928449191,0.7814250342006208,0.7765751383448689,0.8332502728366002,0.5709461137386116,1.346101078432811,0.7946099496207787,1.436701533680927,0.7323011879684431,0.6930287009592246,1.436701533680927,0.9497470215605076,0.7810225288516267,0.7431979062965343,0.8145033238386046,0.9487958556353564
227,0.000149832,0.8502839739258689,0.8099896644034267,0.7781317526110552,0.8211157038394018,0.5714445067890055,1.2953411344710863,0.7915568797753865,1.436701533680927,0.7274584416595292,0.7165778226151861,1.436701533680927,0.9426254360285645,0.7599458447233592,0.7403412470525351,0.8280598579045703,0.9458900941321472
228,0.000208704,0.8583641973117675,0.798600340997496,0.7681262342634609,0.809803917083883,0.5709824658032998,1.1437788116954244,0.7743380602835708,1.436701533680927,0.7083700992490132,0.6948677067715197,1.3538507168915261,0.9707234178168195,0.7459505655705309,0.7250668174421576,0.8700287751158859,0.9154003566822027
229,0.000132128,0.8834544150827986,0.8427292089980223,0.7506985826371491,0.7707031241050056,0.569166354014959,1.064136993347973,0.7684119147484507,1.436701533680927,0.713482479374602,0.6878009201598954,1.2033686502485428,1.041466325715026,0.7452520370911397,0.723685136746156,0.950460247774364,0.9022037433460792
230,0.000130031,0.9051817090062273,0.8810102180251903,0.7763171010085038,0.7924535836546946,0.5699118235840588,1.1175857870255108,0.8090288410641193,1.436701533680927,0.7605326948171216,0.6828811998666263,1.2100381394059652,1.1131624569985807,0.7843406486485898,0.7631260431071337,1.045391897794431,0.989496145074079
231,0.000163426,0.9226869000392728,0.9145486069279811,0.7789954641449041,0.7913132776807705,0.5700734074494829,1.1910080092163549,0.8208019802455547,1.436701533680927,0.7617202303266465,0.6511055026947751,1.2112006490641916,1.1488414526856154,0.7892222771614427,0.7715119278759789,1.0214957566842846,1.0309181931792157
232,0.000210382,0.9408968242158353,0.9303632710337842,0.7695205095455158,0.785206924123992,0.56944650735713,1.148946545522582,0.7612848499112765,1.436701533680927,0.7199111732789926,0.6622924964677879,1.0753303623265356,1.1326133831375857,0.7413351454290826,0.7248135965439109,0.9667600258729954,0.9226695795789869
233,0.000209181,0.9094780834145227,0.8623219444145142,0.7649510490134305,0.7281591512577713,0.5681457324628608,1.1298136839477273,0.7111191414298503,1.3673379893185416,0.6671290138600536,0.6776662272480701,1.0048071928015412,1.0953421576862765,0.6939626931242754,0.6797679199182812,0.8704730561122979,0.8240136538031434
234,0.000199969,0.901026289836139,0.8288264110082831,0.7660404627665157,0.7421488609896126,0.5669330253330909,1.2494792318702053,0.7012817919178006,1.3913064518828038,0.6546204168354288,0.6733398069476242,1.0747081246262558,1.0652661402267323,0.6759688679253708,0.6685307223714366,0.7871585199731309,0.8027557289116173
235,0.000165794,0.9233904394892168,0.8593940048084567,0.7657729774345752,0.7427057337477779,0.5662855253632515,1.3484119832729615,0.7663975462856297,1.436701533680927,0.7404371323501853,0.6957720264297487,1.2675095873203386,1.0690329945472077,0.7509305665474698,0.7157678657993487,0.8271902166445848,0.9179821395491695
236,5.45e-05,0.9351589370636885,0.8883183374549144,0.7773507969222367,0.7603401578720174,0.5670541764637392,1.2340398654567066,0.8859234490886715,1.436701533680927,0.8617005033907643,0.7194204018113657,1.436701533680927,1.089686022071668,0.8905191207662405,0.801466628085199,0.9157605920551237,1.1872685381253403
237,9.95e-05,0.9502817905907274,0.9207186279935498,0.8324532191643761,0.8672930333212396,0.5707597718969761,1.1242491539250883,0.9766964051564543,1.706598950163793,0.9405113574411346,0.694790568930664,1.706598950163793,1.090767722149962,1.0007289462700326,0.8809628330091389,1.0185771866387352,1.4766039832048627
238,9.52e-05,0.898609708664826,0.9120147212563234,0.8215712426940839,0.8480773141869673,0.5712641363104985,1.0578615521827048,0.8633093239212278,1.706598950163793,0.7685219867486575,0.6677349623498252,1.706598950163793,1.0769516783355504,0.8249564109961974,0.8086454679796425,0.8802937981383717,1.1341864739634928
239,0.000193579,0.8897681770420761,0.8680420160517944,0.8314773128765737,0.8330954144285297,0.5723477477702691,0.9436190143238558,0.7426592797989114,1.706598950163793,0.7193242437771323,0.6450870391033642,1.2512464909178618,1.035203676346909,0.7294773876268488,0.7191238430748217,0.9270152366071592,0.8902322936883342
240,0.000244573,0.8442794013264829,0.7875736693455573,0.7956550852609369,0.7673849536140928,0.5707041391216832,0.8457943403510273,0.6716870794531506,1.0763069853472491,0.6604871277462382,0.6333014531073036,0.8427838872922565,0.994130582484608,0.6638361294627626,0.6609759689919159,0.982789995008143,0.7804169408517571
241,0.000468893,0.8565016264003738,0.7847513531827385,0.7748416586654134,0.7372457424153551,0.567308789342649,0.8370964307638109,0.579428932732754,0.867104036727323,0.5316400893855834,0.5855027133061768,0.7237854432480232,0.9731934927505032,0.5576815864906087,0.5620658375637285,0.6702123541744306,0.6282811765782101
242,0.000343544,0.6655159196972642,0.6117213066883836,0.6917833146269733,0.6092387496929121,0.5579259646468158,0.8877051244521944,0.5644927601177897,0.8570365177515734,0.5451862131623552,0.6043184846384515,0.7351793144648423,0.9959584834809933,0.553437864738624,0.5387199494873278,0.623179360867861,0.5986344237837224
243,0.00020677,0.6793932295175489,0.6082751392790616,0.7098538360401988,0.6402443991487536,0.5562187783390548,0.8997868801240441,0.6358741517410743,0.9951441493217978,0.6380067344709681,0.6263673771062405,0.7934194133932556,0.9744239642622603,0.6345452563148061,0.6020503748077923,0.7001341217872702,0.7078522590260942
244,0.000195796,0.6820721318540182,0.6248033765162484,0.7437597376422347,0.6901445854218872,0.5594552632201045,0.885577587881234,0.7035810003220788,1.1779482300572994,0.671802613223721,0.6115648966871745,0.9163902105309679,0.9372344542965215,0.6993096420676157,0.6644774971155181,0.755336088785981,0.8225021265632341
245,0.000158669,0.684351469744788,0.6405447023863514,0.7459675636123375,0.6996729604318794,0.561314481714876,0.9394491911125914,0.7357407057045762,1.464582583879156,0.7026011315757047,0.6615807963520206,1.165219140129983,0.9185235795293459,0.7265373680486293,0.7124686915852196,0.8030247355496984,0.8949295664787607
246,0.000178543,0.706771038672609,0.6535072156827639,0.7607766925817959,0.7242852084347545,0.5657731129984962,1.0356022821377895,0.8069319738197239,1.706598950163793,0.7653673312717858,0.6748672680952169,1.5555279019719948,0.908069043337904,0.8160720890226628,0.7720665604611223,0.8939535568432718,1.0138139554940155
247,0.00019234,0.6455653351037872,0.6439089694604637,0.7664202351175894,0.739062510724436,0.5675505000384493,1.0467621002353245,0.8131721355278629,1.706598950163793,0.7478115372357426,0.6609250352726691,1.662929275641853,0.8915977548973251,0.789876552881303,0.7675544034619683,0.898708010944129,0.9955013400290291
248,0.000147264,0.673586122391934,0.6833672206456015,0.766136769463837,0.754210549356661,0.5673703387025504,1.0273406438746833,0.7794888148472039,1.706598950163793,0.7215989387186895,0.6913707164395055,1.621105413115721,0.9131638734761736,0.7460852742411945,0.7287789654389739,0.8621180120475116,0.9144161120054561
249,0.000148428,0.70116231887219,0.7225405423478418,0.7827329552721658,0.8123873572913367,0.5687851503198352,1.0860119968235458,0.7880680915449949,1.706598950163793,0.730525111964245,0.6828581296405308,1.706598950163793,0.960890948946313,0.7620141514448507,0.7249503748807643,0.8384466812782904,0.9177507346154528
250,0.000139035,0.7265264958548688,0.744750570178562,0.7847620096599285,0.7932416871656133,0.5691977199233463,1.1092724751109677,0.8244475559611949,1.706598950163793,0.7795753595585618,0.676293093482653,1.706598950163793,1.003305416738464,0.7997950483865941,0.7497316370748187,0.8911047520815746,0.9942172498664411
251,0.000124451,0.7515582664073288,0.7795798367932608,0.7911728402756901,0.8035570234162966,0.5697608639838392,1.0171388530412442,0.8238251376799437,1.706598950163793,0.7723726266990923,0.6757024371563302,1.4705564329469738,1.0401061544908305,0.8102442285705187,0.7489006904452029,0.9377457554739524,1.001715353583834
252,0.00012746,0.7246613118048764,0.775929791054983,0.799414991117592,0.8188614283190929,0.5705086750565622,0.9933485070264723,0.8228686976323089,1.706598950163793,0.7684190608451258,0.6831301057143839,1.360941051359707,1.0726029004269728,0.8121864545516234,0.7515609408348675,0.9513974439476761,0.9944588000028195
253,7.83e-05,0.742443899040077,0.800324164924037,0.8018609887658665,0.8243240181006534,0.5708124916417748,1.0914633414140675,0.8659153745787507,1.706598950163793,0.8008543329880604,0.6841698145903244,1.5567148749810147,1.0922136445214607,0.8373126982157718,0.7904328795543861,0.9422114920940917,1.083731508476663
254,0.000108231,0.7682861760709323,0.8281832939329032,0.8272847264820211,0.8577115123338848,0.5721382013305866,1.1334335083467633,0.8694526396025083,1.706598950163793,0.8030883584613988,0.679376437340004,1.5711738374634694,1.0759536820749431,0.8428065159066913,0.7936870143211837,0.9314305164597741,1.088802645101615
255,0.000123089,0.7933942413577194,0.8656700542357719,0.8214315333546681,0.8471335649948217,0.5720627029923434,1.0412848982922198,0.8197449442991127,1.706598950163793,0.7692608347166067,0.6942091642812646,1.325823919975487,1.0563916506792546,0.7997595964069739,0.7571398237223114,0.9378392816856819,0.992663777226142
256,0.000124574,0.8104051296567485,0.8601146741246396,0.8196009615525764,0.8333961008408559,0.5719341886545469,1.0391787617448325,0.7894794522428308,1.706598950163793,0.7270646507141955,0.69171032685496,1.3043342650261533,1.0577832510351517,0.7653969908421411,0.7342747763520677,0.8806313518408252,0.9309320117677266
257,0.000199552,0.8193669347182565,0.8788319743805623,0.8217092756447084,0.8368064888549972,0.5718499349914908,1.159348408099002,0.7987704564026521,1.706598950163793,0.7263815798951311,0.6700256162490622,1.562690769794985,1.0694373092233669,0.7681833448699625,0.7387511630296842,0.834752314016745,0.9286481463687385
258,0.000174196,0.7605105248416453,0.7617522526062713,0.7893198501579959,0.9254408392860408,0.56963738783833,1.1823022245629866,0.7885696246145821,1.706598950163793,0.7174975546819167,0.6917416044997382,1.6265001215808887,1.0946060488992653,0.7519168943160027,0.7358009310732437,0.8310593418486023,0.9112057415012934
259,0.00011894,0.7867609003972251,0.8012656146155555,0.7897632560842365,0.8249458002376785,0.5688767549226235,1.094787870283552,0.7993940715008897,1.706598950163793,0.7595452428502049,0.6895830200579934,1.4112389829964014,1.1333968166669355,0.7849782776820436,0.7544890948403982,0.9503142298746872,0.9345978473133111
260,0.000133446,0.8029382978766596,0.8268481123972924,0.8085438821769961,0.8359973558107563,0.5701761458878034,1.1363203501912813,0.8532622924435271,1.706598950163793,0.7817935411853864,0.6748730773778499,1.538042956509323,1.159441681641851,0.8258332113386797,0.8006182134646471,0.9935307232245448,1.0354518767527343
261,0.000129897,0.8243857800886634,0.8397363294562853,0.8015331255041505,0.8281832939329032,0.570022059052115,1.234341879896539,0.8833328073088033,1.706598950163793,0.8019990713492917,0.6983989877557227,1.706598950163793,1.166122200129345,0.8430291277442892,0.8223742051713254,0.9831190765380786,1.0951145498190278
262,0.00012981,0.795291987810195,0.8370262260967846,0.8047002758749565,0.8203633707156033,0.5704882039188297,1.1256303289667051,0.8478967606343262,1.706598950163793,0.772745910417886,0.7041027105038645,1.706598950163793,1.169765635156939,0.8228283332734037,0.7871738841702457,0.9772074739237712,1.01685059204268
263,0.000150635,0.8213547235917799,0.8747026557364561,0.8123046145799708,0.8132805593832806,0.5709203197108794,1.0267468625069744,0.8196131017464088,1.706598950163793,0.7510279571926556,0.6979283933594118,1.706598950163793,1.1888585327645245,0.793280996838776,0.7665067547790569,0.9853897427686457,0.9676692472222969
264,5.6e-05,0.8450101927708842,0.9121509561187753,0.8164301262200482,0.7974540991936938,0.5705309033585979,1.0963328681886133,0.9514245717785598,1.706598950163793,0.9195309580857562,0.7270961304585556,1.706598950163793,1.223007325581006,0.9281994327139909,0.8816657765968604,1.234057624875666,1.2681515268840655
265,0.000126131,0.8677207859269194,0.9492885960593798,0.8710095906011299,0.886664692137529,0.5724901345181614,1.1598444890119746,1.0201052250985863,1.668753914405863,0.8874672400912141,0.7059040804657902,1.706598950163793,1.201495735891916,0.9690221374054987,0.9220689161648471,1.1152233341600741,1.4112389829964014
266,0.000152159,0.8820870541312289,0.9406686335889632,0.8436469495872473,0.835464134373072,0.5716238715060306,1.00727691654447,0.8332047172818883,1.706598950163793,0.7424490556704005,0.6864193738289922,1.6013431293557023,1.1756586471370671,0.7879216702174734,0.7724931222155947,0.9395301656145205,0.9706197055873591
267,0.000181232,0.8531546858846265,0.8587409644447461,0.8332065393606193,0.8199167820302189,0.5710962574573899,0.9188264227883263,0.782973252350805,1.706598950163793,0.7295152965635094,0.6859756177263304,1.1846047365246348,1.180183922722611,0.7509452394257724,0.7335898544010823,0.9483414920237808,0.8988109199769458
268,0.000149332,0.8668433421432713,0.8540029461432498,0.8180480076268666,0.7683990522768336,0.5701860724289819,0.9784001442887658,0.8424484434053553,1.706598950163793,0.7505746793698377,0.6799490611035318,1.3064363361160343,1.204313899964289,0.7941977808828241,0.7716609674303413,0.9134758504835697,0.9889137701075335
269,0.000172329,0.8911270422385934,0.8961761903366462,0.8318179456480862,0.8082925802740533,0.5696787317572678,1.0286787130115826,0.868708262785847,1.706598950163793,0.7805292578864579,0.6706708553502817,1.5543436399792578,1.209430274766594,0.8141580140206418,0.7980730326832837,0.9070800201199108,1.034177813352462
270,0.000133621,0.9157654303222545,0.9439182308512165,0.8169569024369583,0.7831063421363684,0.5688176127110841,0.9455250866954384,0.8437377534084193,1.706598950163793,0.7753726705928751,0.6892413748111628,1.486851184453149,1.2306970397612575,0.809399397053906,0.7840763138243689,0.9399353524357195,0.9959864923188095
271,0.000154379,0.9267117474151719,0.9351692417318143,0.8323769094838005,0.8075998027911945,0.5697445512113907,0.9193913901710289,0.8315751113650471,1.706598950163793,0.7640277794793313,0.6893496967051209,1.5047720512590872,1.2069137909101748,0.7981707222159526,0.7815182397779334,0.9339376744675526,0.9795912701141348
272,0.000137721,0.9491215707046851,0.9695671813835832,0.8238216152457941,0.8112766641836324,0.5696560206030046,0.9596274531206787,0.8605840825649523,1.706598950163793,0.7892114379508745,0.7058431472518949,1.706598950163793,1.125774119767147,0.8149411203543453,0.8012056640819948,0.9355455954055534,1.022753794144153
273,0.000118614,0.9181186286981636,0.8952073998699241,0.8331099856569639,0.820180824153489,0.5701253534679727,0.8864846930151519,0.8160053303887926,1.706598950163793,0.763357132790428,0.7293514745530487,1.4348368975497363,1.0206138689332616,0.7770860732131316,0.7624033188559731,0.9624485730397279,0.9481830216967552
274,0.000140014,0.8876852934487081,0.8962419465131813,0.8431631571844879,0.8127929932458561,0.570773243331124,0.7800922431236853,0.7471760887711071,1.4962584211180552,0.7153731414798251,0.7155184902409281,1.0958309592694988,0.9619518890822166,0.7288167655889618,0.7036194025537127,0.9937872311056697,0.8427216679994897
275,0.000187233,0.9035019656261282,0.8988818334347649,0.8358023358150221,0.7945578008908996,0.5705882409723592,0.7857885855377386,0.7570113376314387,1.5590969955404301,0.7292292912089374,0.6942218109078309,1.126160830758785,0.937917241575453,0.7375741482242482,0.7142399278721949,0.9739405280038101,0.8667038542600402
276,0.000159046,0.7978617616713064,0.7576640133538721,0.8105443193462942,0.7616756843070129,0.5694552324607822,0.8624835777547805,0.8211558166679412,1.706598950163793,0.7868928616910463,0.6765202316307003,1.3964247025894199,0.9134566426646015,0.8002967153934503,0.7611139621436429,0.9247525343368657,0.9547763539962423
277,0.000191704,0.8196321802838638,0.7730353231974078,0.8193894619132691,0.797225761760214,0.5694598860133888,0.8382258237330025,0.7734693239179528,1.706598950163793,0.7227140851141114,0.6518004668941495,1.3043342650261533,0.8669233729427311,0.7465068734884748,0.7150447029201767,0.8168641708261377,0.8505513277592843
278,0.000222294,0.831975720656392,0.7683318920842761,0.8020299466239414,0.7392062446197024,0.5680556353067262,0.7716103132335655,0.6986674057833937,1.5590969955404301,0.6551928870209391,0.6368384859615583,1.112329160490038,0.8369652732140254,0.6691376706049884,0.6515868640093773,0.7456709185480922,0.7399938153055355
279,0.000282581,0.8578646003717875,0.8076728175637022,0.7831320604857954,0.725260212000579,0.5662489191506245,0.8017489506307084,0.7049321418578876,1.706598950163793,0.6454619669708983,0.6476063916635161,1.1971053459659646,0.8330863077990018,0.6658662438337244,0.6510116180720437,0.6928515741097399,0.7410619371878373
280,0.000345353,0.8651575992909432,0.8299208161151753,0.754979326258546,0.6811544078359371,0.5636052767718917,0.874211881018515,0.74349419774644,1.706598950163793,0.6609968916096719,0.6374063073869127,1.3657303015323357,0.8475379169395353,0.693902695030002,0.6714123295852722,0.6661295830634981,0.7707507152416312
281,0.00033897,0.714429380066772,0.6675174926855116,0.7262427834411458,0.7907815706576133,0.5597583254195279,0.8386788626026221,0.7291645589284099,1.6013431293557023,0.6548600168660914,0.6290230840817358,1.125482102395767,0.8716701813307323,0.6832868150422352,0.6643269087781437,0.6755334073579274,0.7469081867491352
282,0.000196364,0.7352444100315686,0.6771570467827335,0.7159943768176169,0.7235908389129749,0.5577651965551522,0.7996774304008389,0.7328324508380745,1.2559565657057046,0.6797520893188125,0.6596735913400732,0.9529937882911818,0.8955714592985243,0.696585107103493,0.6767270970714511,0.7292671614780749,0.7544119906940743
283,0.000200412,0.7527592762955897,0.6810648292712214,0.7541173190913418,0.7269327224272393,0.56097384986609,0.846716405790293,0.8096350147471238,1.1937314153086418,0.7715828194180986,0.5922670258777313,0.9261481995816138,0.8667018034700168,0.7677068618116243,0.7425676878308622,0.8189029415049544,0.864334679290735
284,0.000217532,0.6468070818245856,0.659082993214666,0.7520253866589701,0.7388985275751735,0.5627898953009626,0.8300685058448338,0.7652459042325017,1.0006658143733378,0.7166068005208877,0.601023285040604,0.8183965662232286,0.7925241345553857,0.7210574684077217,0.7039235507644818,0.8088437538196085,0.8179549040125901
285,0.000416933,0.6458630075097198,0.624941719578653,0.7474534870151993,0.7512882962030348,0.5639908455774751,0.7183752891723255,0.580573327608524,0.7606130772343446,0.5302262338543804,0.6047931680199896,0.6651411191038659,0.7221795938207377,0.5534554866025329,0.5516719691534818,0.6426169236158399,0.5902227486041949
286,0.000760039,0.5879893462761573,0.542049777584975,0.6870702782566902,0.6103573105877146,0.5587989394399097,0.6966479337490679,0.5054977713710458,0.6810747806998578,0.4648879743120815,0.541718970888699,0.6265447216538589,0.6963414154548976,0.4809433519097054,0.4860138474080211,0.5512662409320278,0.5045265027818522
287,0.000442251,0.6147907335387319,0.5699293170073675,0.6003473786470971,0.5112989847170317,0.5446118556002579,0.8082060934467203,0.5380931171285266,0.7649679692777378,0.49570528677281445,0.5872294431392568,0.6991244275663635,0.7147673233865522,0.5043890150734788,0.513669895000694,0.545774169524824,0.5345925200326452
288,0.000250315,0.6304966585674073,0.5690455856176597,0.6433294787333765,0.5789399339017728,0.5458638080119402,0.907531743852243,0.6729573994464567,1.0422108142659288,0.6369654418671428,0.5898144884847935,0.7981114636290724,0.7338872485591509,0.6476577305948388,0.6264564177687663,0.6540512072901868,0.6692056309617151
289,0.000234243,0.6081638659134501,0.5745670561732338,0.6791612126579181,0.6377287750649947,0.5509751760824027,0.8516232705695471,0.8322697479887335,1.3713821803131883,0.7360256519937952,0.5823418921942245,0.8638652022097537,0.7491032024661509,0.7722594413262714,0.7652910796348666,0.7925021833670783,0.8650841743771545
290,0.000155447,0.6334094936855854,0.6058390396678137,0.6812101634516046,0.6359729809087623,0.5548491889687852,0.8643672255350893,0.9842734705433526,1.706598950163793,0.8415796623992609,0.6558983694594401,1.0114654117273878,0.7656768078455874,0.8948821573574075,0.911058019233574,0.9354940132477478,1.0983432487733649
291,0.000169554,0.6564911348848116,0.6348069844150362,0.7085806916522684,0.7044052841994611,0.5633956067955381,0.9646041408999142,1.0704559020180164,1.706598950163793,0.7732012640221585,0.6787491056178243,1.4237995267379435,0.7670790890672905,0.9400426185878462,0.9181210665577147,0.8251457049736146,1.0923655332883584
292,0.000169045,0.631996540579726,0.6367994378756822,0.727000493126492,0.7454972776220733,0.5668280139846166,0.8860351743731538,0.9731905893550032,1.706598950163793,0.7930090935391182,0.6850491573366827,1.4121251614090042,0.7567927882482736,0.8285431833055743,0.8464985035699553,0.8953701541671755,0.9707378249226577
293,0.000195875,0.6460608352578294,0.6275761432826178,0.7371283806564672,0.7546487891085488,0.567895183750959,0.7604994405809336,0.9048524785648995,1.706598950163793,0.7589400180837205,0.6657992956891923,1.1220756203388753,0.7915615666361246,0.7965323728321009,0.7985265511413685,0.9861894093545961,0.9270177460247284
294,0.000207387,0.6576886720849933,0.6166273889841706,0.7308692088926334,0.7473890399746305,0.5677429382853866,0.7677838379101428,0.9149826296931604,1.706598950163793,0.76096956142566,0.6998812881550487,1.2605119903354218,0.8586970824373595,0.8222078214696984,0.7958455533620512,0.9298842059863063,0.9149536756156236
295,0.000235289,0.6727702766436808,0.6392110512105208,0.7271542576538058,0.7532676821062223,0.5667339550165826,0.7945530606063785,0.939642519757853,1.706598950163793,0.7701485447695309,0.6358644333279379,1.4311293024703062,0.8860176460430871,0.8196131017464088,0.7936004079228026,0.842546396832046,0.9153641149244726
296,0.000319178,0.6715401226445603,0.6120142673488962,0.7141332121187259,0.7264238380920776,0.5652655027354306,0.6849965036198009,0.813256837958999,1.706598950163793,0.69652761964562,0.6194112538267824,0.9905078328958323,0.8618718707314769,0.7320254863472633,0.698291707134177,0.8192144917786736,0.7856037183687898
297,0.000295872,0.6473720989588178,0.5665476959270591,0.6849914414022159,0.6679545221978582,0.5615831943602265,0.6119976598071861,0.721297314627458,1.2313493169067893,0.6371087653637796,0.6731043282411406,0.813248366524779,0.845166087136564,0.661258136684354,0.6458188819100381,0.8332120056685354,0.7053385625082398
298,0.000299457,0.6683839459754645,0.5778944975419024,0.6840175376235184,0.6525352928532576,0.560340435368922,0.6574549065116138,0.7711476512042851,1.388768341313356,0.6654138072645516,0.6093755605632888,0.9321313010584273,0.8544859961821082,0.6972248158525219,0.6943114109706523,0.8144675817568422,0.7572341796287652
299,0.000239497,0.6760583971327145,0.5695698593900392,0.677209869815882,0.6442557317827261,0.5593086012617416,0.7589207408637805,0.8926041413780411,1.706598950163793,0.7414108762873194,0.6466596699503548,1.307843376196551,0.8718580048544986,0.7839396937411196,0.7763215223389801,0.7812447310027061,0.8660422051661938
300,0.000158479,0.6891526920514022,0.5923422996785004,0.6887241977390852,0.6796650407871203,0.5605084334609269,0.7537514881133048,0.910848472219306,1.6528812726205317,0.779028225768617,0.6982702569418109,1.2611433512517123,0.881903346103306,0.8260160083068703,0.7853381048981758,0.7916475071734188,0.8755217489126048
301,0.000213309,0.6674921975165428,0.600828471960836,0.7124197101421892,0.7315909311276659,0.5644038230740314,0.7428399830272536,0.9740103779102832,1.6543055566182172,0.8246011733149168,0.6927196033776521,1.1927413551231492,0.8714491225575836,0.8874958641957068,0.8219453158529793,0.8206713681696782,0.9254882791604168
302,0.000165167,0.6828009656780698,0.6241084420978118,0.7040807203508093,0.7497396020832072,0.5648216822775971,0.8210825715884202,1.084538290971281,1.706598950163793,0.8126695480142494,0.6892279670812266,1.5357559025207013,0.8304759616255205,0.888992571224269,0.8746668201826026,0.7555139805972194,0.9951286280115618
303,0.000282371,0.6856027554447883,0.6055366681774375,0.7254116722558362,0.7548641308282444,0.567092088027767,0.7905215652317601,0.9184454750279347,1.706598950163793,0.7325883474417315,0.677759374752015,1.238539635069031,0.7767079434915553,0.7862230017946532,0.7697775738405295,0.7357181250036494,0.8311588015860397
304,0.000267888,0.675932871641266,0.5769218330433947,0.6976287384347035,0.7062200782464046,0.5643789055830343,0.6621022414045508,0.7370753969403335,1.0496862960357414,0.6477381861411872,0.6742803364937899,0.8178273691925507,0.7600384877426335,0.6676290130788695,0.6587693758894482,0.7940242619374633,0.6921548674594861
305,0.000453251,0.6725133572398806,0.5920446449793135,0.6986437725770134,0.7036973235435602,0.562718598406295,0.6467653190956691,0.6908809345561221,0.8829552747678084,0.6141746113737369,0.5582495623741427,0.7228794235877011,0.7786710494831988,0.6363297971396098,0.6373802048376432,0.7855441608819853,0.6644932085454124
306,0.00016348,0.6440242142040304,0.5478429537452107,0.64541368903948,0.6407434821873701,0.5561450728092354,0.7321948266784571,0.7776394912101411,0.9179504632729493,0.7111553925012388,0.5979308433522684,0.7568788194734929,0.795201687080721,0.7204594870543642,0.7036984212071727,0.8072002319329922,0.7429949765398637
307,0.000493723,0.6709028371788756,0.5814735515177075,0.711475094952287,0.7472693968277919,0.5609254770378578,0.7199958095213839,0.6546301371775533,0.7867762413227664,0.5591664603246702,0.5396056607741264,0.6754537936007312,0.7410298902961461,0.6021473215121215,0.606157298366504,0.6171376200012285,0.6223318441527955
308,0.000866753,0.5386697222651118,0.47240082546535234,0.6304058842557552,0.6061615077873151,0.5535446897344052,0.619680175022127,0.5093818263203445,0.6294264423851099,0.45106977861719716,0.48165206855254006,0.5842089794384591,0.7049784913109709,0.47420366042511686,0.48491032648032545,0.5133921849633787,0.48607859092518163
309,0.000378797,0.5553373200176349,0.4766564654313539,0.5613640697441146,0.524984836770231,0.5382728309494443,0.6159895356625938,0.5333929401245714,0.6568041856894401,0.5011349526903022,0.5531961346259953,0.5868165375293092,0.6970465866011029,0.5037809713696906,0.5103588494737419,0.5567159713046167,0.5116568328703364
310,0.000407461,0.5820634012713096,0.5106446655053866,0.6323570564134097,0.6076656574111403,0.5455351788078855,0.6813137459297294,0.8097888620904066,0.8496785176135022,0.7830503756628321,0.519368588295748,0.6771472660959503,0.6719411413423588,0.8011457270028817,0.7245522534038721,0.7614586343229701,0.7515114685465832
311,0.000365316,0.5870216070263049,0.4991229256874901,0.6260440531691814,0.5828071412150638,0.5452898621398431,0.6637965087044881,0.7784317188704055,0.8614406234246978,0.6070650510240346,0.5212958449462006,0.7329787819598139,0.6581991645311215,0.6669308235862371,0.7105523074465006,0.6241130366879013,0.7289777869363852
312,0.000538419,0.6126210073231606,0.5298725373161266,0.6263588621626675,0.5797938868030039,0.5477104094230059,0.6086221086047247,0.5668716181697573,0.7251857187567997,0.49231630513343344,0.5609643967204718,0.7110070247734066,0.6847081362149242,0.5301220215231109,0.5467997040833836,0.5251626794843006,0.5386204935261046
313,0.000521261,0.5740211292674253,0.48214700217199497,0.5924051589226723,0.5290324217265839,0.5478486511654543,0.6299825260736723,0.6388370495874186,0.850223950850948,0.5781451291873025,0.5653098854385156,0.8194882569374707,0.7052258428937949,0.6059588535797273,0.5963666688365165,0.5873213183664209,0.6007314778786681
314,0.000345055,0.5903853826934284,0.5048435569729132,0.597635446395064,0.5473469245258838,0.5458586846228267,0.6439670046997975,0.8063698315565465,1.1575120772220862,0.6436593446057699,0.5800113466061538,0.9056235821265658,0.6752209393826082,0.6849134974212691,0.7070592507259813,0.6483348339263035,0.7444774690807346
315,0.000237454,0.5955299498427472,0.5220807560533731,0.6241850318498768,0.5933886247876436,0.5498636834205068,0.5620429062254496,0.8090772181291063,1.0821792161829074,0.6972814082126216,0.5930210579357351,0.7512268584986014,0.6562203639888492,0.739231692983056,0.6880993720980966,0.8499375641799062,0.7258726466066009
316,0.000289834,0.6224244915939849,0.5548567220439453,0.647417398514198,0.633221458683326,0.5545835752951671,0.5277864223670897,0.820551260112696,1.000972115678252,0.7069857732526913,0.6269798143979218,0.6996254920635279,0.6611898371701708,0.7345093354549679,0.7064387529963518,1.0768336601135116,0.7656739798767381
317,0.000194171,0.641711861217046,0.5801017196377286,0.6383186447634241,0.6211357090874484,0.5570870192096858,0.6018552483265764,1.0013830640170127,1.359355796248159,0.7783084234270216,0.594373036340829,0.8969412168548082,0.6892743817879795,0.8467833393645029,0.8101654890184922,0.9156759347919627,0.927743822794837
318,0.000382242,0.662899113230187,0.6072899814734071,0.6674378694682356,0.6798015636148363,0.562466189547659,0.7212937683594705,0.8981209626598096,1.4910102168694037,0.6705834492434223,0.6085376176445478,1.2574946024282054,0.6890990865214478,0.7488213187875868,0.7442631002874699,0.6539375434572224,0.8086704539610121
319,0.000247546,0.6787116785297723,0.6073894818536308,0.6338021060589868,0.652071041235069,0.5587813518331033,0.6954730199995129,0.7170953171390305,1.0393378703203575,0.612976922118055,0.6544004994075756,1.039617371123684,0.6866211806461449,0.6305116598372087,0.628714419520635,0.6202694284661721,0.656249740672456
320,0.000184115,0.6554171520378617,0.6133843386070849,0.6631644585359974,0.6801967559423713,0.5603249184162759,0.6833812945447512,0.7978697613039583,1.045748353212927,0.7256811693918834,0.65305229277561,0.9429659641755485,0.6803603828997014,0.7237161795402398,0.6830317152363001,0.7400257279596837,0.7357331785732528
321,0.00027393,0.6823761961223618,0.6456848634404369,0.6805727781047957,0.7050899881483409,0.5635314146769621,0.7802867138159335,1.0829065221565428,1.198778654340115,0.8086054952263289,0.6051551511313618,1.1497979041293758,0.6640832281489315,0.8857723586007211,0.8133127560651979,0.7489073058893264,0.9379146425992253
322,0.000217229,0.7042622007567927,0.6575802670076806,0.661362903726646,0.6768696714015159,0.5613830169552256,0.7676256343753033,0.8527070885396268,0.949277817568976,0.6939953302012214,0.6342227697990666,0.9628644705312402,0.6418350915307819,0.7280667409531911,0.7135374020740091,0.6796966909291752,0.7658606930608634
323,0.000398855,0.7185364984250201,0.680617465965323,0.6714657267655435,0.7084025719996203,0.5638196976572489,0.6393682455577586,0.6034036009410878,0.683904656123752,0.5297596349595814,0.6192062401971151,0.6816856374809982,0.6340998558395352,0.5629325704284461,0.554542745500768,0.5868560062537064,0.5648551738294875
324,0.000719696,0.6616711162313083,0.5999517706158071,0.632451066944905,0.703466927923482,0.5586473009157767,0.6247603551867827,0.5452387961430182,0.62505015252039,0.49529448163941564,0.4965203330106269,0.6160911645359989,0.6298620605113304,0.5082345530785846,0.5155195050203124,0.536818210746462,0.5223256746562929
325,0.000410898,0.614581497363879,0.5373951225286641,0.5664789697474384,0.5174590586235909,0.5453685318448329,0.6746853198642797,0.5670961093972481,0.6429733237071099,0.5193827105909199,0.5718334421295095,0.6007273805714505,0.616368321837177,0.525164048205749,0.5321387328556006,0.5225304864211174,0.5427681057957116
326,0.000521561,0.6272913726246152,0.5583712624083351,0.6037818127302298,0.5984878366654109,0.5476715962957602,0.6006823157246236,0.5069279040462181,0.5802567431649753,0.4552107459055575,0.5133811029773093,0.5195907064778336,0.5739008172515194,0.4799714298789894,0.47434076556640375,0.4824700236756765,0.47715872748520155
327,0.00110725,0.6538838160752874,0.5878888367534166,0.5792506933593371,0.5533124243617334,0.544046410792317,0.5140905162165066,0.4484470277460562,0.5189216838077292,0.4132185401101627,0.45565024417367617,0.46345900618423663,0.5437483953488147,0.42415615124217443,0.42535224584837233,0.46621273211808834,0.4286678008642693
328,0.00044984,0.6001498172943786,0.5835781537772247,0.49589762767270545,0.48287595634821034,0.5259157212341888,0.5293498583871074,0.4749470640144889,0.5456574496003935,0.438533745000193,0.590617579648754,0.4811579542028927,0.5452071424290679,0.44704937078432644,0.4474402321569248,0.47324724179791205,0.45727821898785126
329,0.000789055,0.6266958543771828,0.6182809798851423,0.5601775716305732,0.5360353809299383,0.5366185311168153,0.6190746599349393,0.5864737494709544,0.6437752957976245,0.537603012048549,0.4873665206993024,0.5483746143750435,0.534415504548392,0.571749232976045,0.5303836076112906,0.5086680691399184,0.5454114569469627
330,0.000436887,0.5697754301433415,0.6067270681636924,0.5187901243674744,0.5327602041007081,0.5302553491797455,0.6351820207338844,0.6074247774247191,0.6545912584068527,0.5298720686924672,0.5238377743941346,0.582474439990953,0.5275513191101503,0.5431346511216243,0.5526269475970381,0.5017079932816364,0.5686379799314836
331,0.000388476,0.594814705986645,0.6385301195671382,0.5615329904976859,0.5577313108209428,0.5360936104123722,0.6084361330243173,0.5274500624126618,0.6005888043938531,0.4768226853650118,0.5702748504330039,0.5563841804388129,0.5267769649663152,0.49582734546406837,0.5003380362467581,0.4779271415074058,0.5027410768681646
332,0.000989275,0.5504800559732979,0.6249501768567003,0.5700459810108263,0.573754400769879,0.5458889147040885,0.6696412573112677,0.5383003440323022,0.6154836135061199,0.4751267044710773,0.5293288338909475,0.5967237622449799,0.5235776115897122,0.5077068893817612,0.4989111608176476,0.47187568795746765,0.5015537184835749
333,0.000588299,0.48954857470618546,0.510538580959399,0.5017171429073994,0.47500714659565757,0.5302309295502102,0.7182830515391987,0.5436780176607248,0.6212482147281713,0.4815204841396401,0.5650818240337877,0.5887444930996825,0.5138104146224963,0.48218619665129475,0.5139382209831835,0.4951250159387109,0.5142605108487447
334,0.00039497,0.5096776803416996,0.5178580020628845,0.5372905352913789,0.5219732084740363,0.5357876326467106,0.6149606206624405,0.5202432503191657,0.5555975356219983,0.48828988242502974,0.5386785848717247,0.4930916834210235,0.5157202998337856,0.5090586433682438,0.4973471629852298,0.6024832152641798,0.4871526113653694
335,0.000330616,0.5014238086843072,0.5233702117897152,0.5684619890880277,0.5685835442541219,0.5417720596254374,0.5876911691054081,0.5174053831271302,0.5310074320664122,0.4797900670720396,0.6041350360697721,0.47173277231306654,0.5264241477565177,0.48904820457700127,0.501261860854991,0.6431240936110972,0.49948876639967743
336,0.00070443,0.5264774618369206,0.5517005306390427,0.5813868690304056,0.5847152414694256,0.5452954802754952,0.703959811326901,0.5940828785308944,0.6183204424819788,0.5464071928579626,0.4738456648466523,0.5484130576135757,0.5454339455697405,0.553634470550974,0.5675153752592711,0.6186013663326831,0.5957716028920245
337,0.000495571,0.4705241936574948,0.46356346270854143,0.5275439193858542,0.5190317602003197,0.5414482608773126,0.7821309184873524,0.6675549722964758,0.7820721472856538,0.5612275950661572,0.5284238900806286,0.7129659118752916,0.561036697629398,0.6333574672460734,0.5937094062172152,0.5433300753458041,0.6335552359517564
338,0.000315662,0.49160930699576244,0.47639264568234607,0.5562420883914632,0.5426764595045542,0.5442748151264435,0.6485847836737332,0.5731052116578504,0.762661697935789,0.4739368481953128,0.5658444359977705,0.8436431667308942,0.5590684572479555,0.5082506813712977,0.5282701113511811,0.4907008876973724,0.5313393071705383
339,0.00034429,0.5162113988807678,0.5027390755733133,0.5845295641282672,0.5981713868646842,0.5495926117173363,0.6072744610010282,0.6322933443002818,1.072949021177804,0.5169556896339379,0.46829663369336116,1.6402261043504098,0.5896691171433747,0.5286787799555006,0.5758553885812232,0.5341464702283181,0.5911556674992925
340,0.000332407,0.5418266671538914,0.5361547717968937,0.5797558257873575,0.5871905367709103,0.5503272123219163,0.6822801318990624,1.706598950163793,0.9091228416523546,1.1994684270210256,0.5722621305677977,1.0276686886862398,0.6439468167498147,1.369760202004272,1.369760202004272,0.8278488922472319,1.706598950163793
341,0.000247293,0.5497746774524923,0.521205728908582,0.5820050186029558,0.6018992039312646,0.5544305100482368,0.6813197232836736,0.7028744257878153,0.7061524079395485,0.8102442285705187,0.5324808196328623,0.942675568170859,0.7163785498710689,0.7349253567845593,0.9300362099441646,1.706598950163793,0.718971603682034
342,0.000354891,0.5706262805591084,0.54621151062022,0.6041343415064059,0.6243076341244903,0.5590156230414292,0.592654173292191,0.6858698947157209,0.7983597972715959,0.6525501722850463,0.671165533226653,1.706598950163793,0.7765943171012438,0.7228437294224717,0.8375291333752609,0.7666997566088257,0.6980483634936947
343,0.000265161,0.5746698525251689,0.5599656184497744,0.5888505874975073,0.6023785323515733,0.5570347447235697,0.587796694978311,0.9511913482380084,1.6514606610365206,0.8098992848789399,0.562678751319239,1.2301571985651558,0.8045230638124456,1.3022423081624874,1.2471324562307107,1.124052257951008,0.9321032392986458
344,0.000284761,0.5995847802167209,0.5816674891189026,0.6034700482217534,0.6330024291837661,0.5591097443968923,0.6205966821427252,0.7895492117044555,0.7531290461521729,0.8340660694589102,0.6258377899334537,0.712332024422304,0.7009734588602442,0.697748554081593,0.6990867565857414,0.8783662389708614,0.7391947937136155
345,0.000251449,0.6189820060112228,0.5864616769914041,0.6008988562292652,0.6238681334034593,0.5597157897317875,0.5521989542477029,0.4078373871777696,0.4682791656958533,0.40418289156301557,0.6667384115798367,0.4615563975862141,0.5833822993939269,0.3957124503595383,0.3910780820163028,0.455832426813735,0.3942960115123352
346,0.002542634,0.6356531680237304,0.6088118088960931,0.6099987868264692,0.6799985784236579,0.5603653760295014,0.49652611690715975,0.32033425195234777,0.3662687874281223,0.30432392669556835,0.3655450277711282,0.3772406578591975,0.5337369740335586,0.3018276583340962,0.30775328311819866,0.34403826930037684,0.3107723420246232
347,0.000288833,0.5048273455894094,0.4779405530435907,0.38911838779438845,1.2134513221650467,0.4959402724295609,0.5548750179325188,0.35209190850209116,0.41735737776879,0.35416573684448205,0.5330810623023444,0.3978896354098911,0.5792874302846186,0.3444050707485793,0.33195354799652166,0.36794392239020474,0.340083137438245
348,0.000285734,0.5265616023387673,0.4922512916731129,0.5420091459544536,0.6825233731343534,0.5190295579859349,0.6891351657902499,0.6845969338829169,0.7210574684077217,1.0429390339948346,0.5049169330108846,0.5039780318118976,0.5663856567341506,0.7985313628998133,0.5722066475255498,0.6116002045873973,0.6361018520468097
349,0.000449379,0.5324037925889519,0.5069582723049663,0.5444394444867785,0.6676899511877421,0.533555543596833,0.6932584344104402,1.6278572349764238,1.2167516681049229,0.749018471570019,0.4570921921954351,0.8438645494491235,0.5546856892507528,1.0285930022134153,0.9743481977815805,0.5830367505584889,1.4715591991275627
350,0.00025788,0.5427973215141606,0.5239582592444126,0.5303944175179987,0.7058032722368751,0.5310786643194325,0.656897920423152,0.6758774291578369,1.0501857777556918,0.6257536436756033,0.7882439049356422,1.1948690078749002,0.5608798957108339,0.577398455101345,0.7477548994649291,0.6088281584191075,0.7625094319902396
351,0.000455062,0.5548104522853231,0.5169374129765352,0.5536793773443595,0.6825183655489604,0.5563744149059764,0.7477061749381885,0.6569818693819158,0.826577580687435,0.5186903115847803,0.5510521157788233,1.706598950163793,0.5762232701957629,0.6064500620287614,0.637948659982818,0.5786955930638423,0.6242984364478097
352,0.000194628,0.5351120740481049,0.5209975701240049,0.5699940566830066,0.5965478102562698,0.5529616445658702,0.8252483673995245,0.8131806045800354,0.905902130749699,0.9871727956017211,0.6292387921302056,0.9421403592250396,0.5351902827399817,0.6562203639888492,0.8867349654466389,1.706598950163793,0.8488180209296953
353,0.000571779,0.5608932354368265,0.5554468683229442,0.6129152631403487,0.5742595943211315,0.5581547792075416,0.6849054008710426,0.67001708880277,0.6977603250193751,0.525565545115978,0.541973036619193,0.6079131931902131,0.5615396835680992,0.5913249359323142,0.6103995735684243,0.7288301799593195,0.658538954484571
354,0.000352085,0.5859128498196027,0.5793382612222268,0.5527646903764847,0.4906097273159152,0.55063881195761,0.64644427209698,0.5543999122046337,0.7117009602476445,0.4910637999463304,0.545865345056806,0.6529084610198324,0.6398058724251617,0.527150794701154,0.4758914383829988,0.5223342036719889,0.5015716038837327
355,0.000222946,0.6118331016203351,0.612658671597301,0.5908253620564375,0.523693845133918,0.5518958195899265,0.7444709703349642,0.8802508255340924,1.2953411344710863,0.9163586987587876,0.5152711034374687,1.0039136051577848,0.7023052404323944,0.818006624317923,0.6972461698412762,0.7079248894561946,0.8337774380935096
356,0.000264234,0.606433200815651,0.5769296965038909,0.6166170495660259,0.552125774646004,0.5579910769795808,0.7214569508437483,1.1043395699541125,1.706598950163793,0.733178578600434,0.4910843169634494,1.136080091838077,0.7065942799035618,0.8738921638494828,0.864534082761377,0.7145385270138087,1.1170673060015377
357,0.00027197,0.5803146012356843,0.5270096507967053,0.6162687675370826,0.530802857776124,0.5576089363867411,0.5904541052064743,0.6897907324838045,1.0179585871442138,0.6131649154497122,0.6952590748978914,0.7854998833254792,0.6931293779153785,0.6280344568327949,0.6478769139652033,0.8023909642766713,0.6853633066499776
358,0.000320547,0.6061488797879618,0.5547039682250379,0.6140914344693084,0.5355218432222456,0.5605045506116262,0.5834767604324599,0.7190769898848359,1.0302940744468516,0.6201431793474945,0.5332500675036804,0.7759430354297774,0.7290192794202277,0.6706071975213801,0.6526517297016202,0.8464946822254465,0.711702095792381
359,0.000222308,0.6328546727736706,0.5897731274731137,0.6176238855666237,0.5249825579083198,0.5598246341402101,0.7085941400983298,0.9212797057247596,1.5211346785712858,0.7295593272624671,0.6189401759377112,1.044827356534985,0.753945811699013,0.7803615489720427,0.7782623883464859,0.7950322582187451,0.9018061256553599
360,0.000283175,0.6571632732697609,0.6200680676529273,0.6424548156330859,0.5640507559167459,0.561584310154562,0.7710581066427808,0.8058517187929121,1.1413731485126233,0.646438315532242,0.7376790779104073,0.9823059488178986,0.7775609937539316,0.7029860214647177,0.7136736193191024,0.673346538542588,0.780559217286685
361,0.000311921,0.6494614583085665,0.5874700689697009,0.6304279822163458,0.5385614368514912,0.5607087870003383,0.6999903835981648,0.6648382165366916,0.8577234383277025,0.5955585600581335,0.5578756413206081,0.7744667943051603,0.8118305981885128,0.6189610899143712,0.6116679552322052,0.6539199264629155,0.6471115975201752
362,0.000370624,0.6159667129051691,0.5883854839204185,0.6247780235859308,0.5432942065223538,0.5593659290457673,0.747239166446431,0.710466439005555,0.930231390948906,0.6248333430497887,0.6608732041127044,0.8049334552243835,0.8220940381597637,0.649797394786302,0.6384760013553947,0.6532488995758926,0.6984741136176696
363,0.000179377,0.6428502735794923,0.6262946242365866,0.6121255005154883,0.5398399131025239,0.5573120763705605,0.8511567107325384,0.8133415668642228,1.1363619488439167,0.6935115103410531,0.6347578353751112,0.9315017968098864,0.7828069855025512,0.7226094690262599,0.6978973397442872,0.691420689024785,0.7859827601182856
364,0.000195818,0.6686323934622174,0.6522894919648989,0.6506061209844891,0.5692436164294553,0.5613495819947155,0.7353433383175526,0.7127593706844658,0.9622352133791093,0.6325610646736965,0.5881200216800819,0.7911244847018554,0.7302158399069617,0.651153329920553,0.6410386800367277,0.75500779443115,0.701687369274663
365,0.00023764,0.6765182809731288,0.6690546360577546,0.650954264124874,0.5645732362121346,0.563225562834655,0.663993761318159,0.6400650806199771,0.8476127183974224,0.5827130049718036,0.6082262281756414,0.7179785694842046,0.7320600864972143,0.5985736142118169,0.5947166193312045,0.7901872050315952,0.6481563526792159
366,0.000401936,0.6946226452467159,0.6934579317338448,0.6447279587059348,0.5619081714133449,0.5632846666181313,0.8074074041777779,0.7092990125077266,1.04155173614619,0.6266005117720014,0.6105966779278981,0.8874936622431818,0.7666018183453649,0.6536241736825846,0.6563245354915582,0.7524276196041018,0.7392800521152735
367,0.000381908,0.6230505650415888,0.591515862801965,0.6120575977354941,0.5347571867835412,0.5591510406943356,1.1110481534994947,0.8100398883263483,1.4329795027289751,0.6733676962983458,0.624403467435484,1.2778991839673228,0.7965403325442323,0.7264661036651596,0.7196093121439752,0.6985170535680134,0.8201703966016963
368,0.000240901,0.6492544564360987,0.6210534450046598,0.6131823444390195,0.5446922683831941,0.5562415462639362,0.9236559231006782,0.7312507411044348,1.1765041333296415,0.6461831888286527,0.6210579724527402,1.0166519340889923,0.8001837176659669,0.6671037628272232,0.6699081556408957,0.7286412275729801,0.7248543819810098
369,0.000110044,0.6755800235974604,0.6514117791873741,0.6761986012484837,0.6749553916684906,0.5585885467143038,0.8009222964846205,0.7315847640416405,1.0924928402429235,0.6746485609700357,0.6819392314917947,0.8916267805511833,0.8123282527747767,0.6791385173935665,0.6765368129013516,0.841562764773846,0.7452194435470516
370,0.000248719,0.7024045570199989,0.6892991401327645,0.7137618014717697,0.7485199364823921,0.5637474443437824,0.9433914826019265,0.9123255215415467,1.5936381457791917,0.8026368000847737,0.6488203959870277,1.1421889945494212,0.8168779068500307,0.8159967727743965,0.8071720688250296,0.883658655376469,1.0050085790712502
371,0.000219105,0.7207895491419801,0.6921914288613942,0.6811643631917987,0.6782345338372496,0.5635680601780706,1.0211366900948997,0.9968715423492637,1.706598950163793,0.8537460462309097,0.6437038691744005,1.3641282713017062,0.8248096651694227,0.9157557538646781,0.8427009312972974,0.8465711189499747,1.1192073933102615
372,0.000153921,0.7474613796353115,0.7279500624214547,0.6987985061961415,0.7001589877488251,0.5652251121825262,0.8016840224868866,0.7443878014172599,1.219187587030359,0.6585200634575042,0.7194579373600702,0.9941924854444415,0.8414764150258307,0.7130915218984909,0.6768901860820031,0.734319674529863,0.7692723065048273
373,0.000248735,0.7167726217343117,0.7256149704001498,0.7260642754700753,0.7582799218345536,0.5677083541165046,0.7376752844910415,0.6800481065636629,1.1766683176982085,0.6223743657100873,0.636763650106099,0.9657625527969076,0.874797535820591,0.6424381104447333,0.6330647575045739,0.6985030972155001,0.7065409448213281
374,0.000300792,0.7105850812435911,0.6850390306789144,0.7060570369367174,0.7492316775659352,0.5646338993936667,0.7869358401640529,0.7659003164508613,1.706598950163793,0.7029170884473596,0.6407368532121978,1.209402413037963,0.8885149225504685,0.6964297108227101,0.6994367929987617,0.7351805661396162,0.8475820282239899
375,0.000158634,0.7349728756393407,0.7068488990652905,0.685085617023503,0.728463380957397,0.5623126668669677,0.7090799177575923,0.7689613159746458,1.706598950163793,0.7081887818582076,0.6880644813788234,1.035102350042909,0.8668679646439053,0.7321243569372834,0.6850521954215877,0.8069187334343934,0.837151867980725
376,0.000143697,0.730693412938779,0.6750571156235032,0.733085485306146,0.7775669172609346,0.5655399325016701,0.6099587515586812,0.687525376734565,1.259881576697424,0.6491768817477325,0.6402278657899603,0.8217652075277406,0.8428630954181602,0.666391370616746,0.6274243729524753,0.8852649105580177,0.7308175633545724
377,0.000148364,0.7439425425084103,0.6975538849918799,0.7457244714256004,0.7865002418844409,0.5669479497138373,0.6448191505408984,0.7409619646333461,1.6237960463582701,0.690456468362025,0.6609341297161085,0.9560840717243952,0.8647764011845784,0.6913342849261807,0.6766255922031551,0.8883558773354282,0.8346002792611293
378,0.000138247,0.770569051044548,0.7380118619611646,0.7466091075928922,0.7945167212434289,0.5682589922449074,0.8220747871958439,0.9343382350101468,1.706598950163793,0.8294979952605731,0.7104788654057351,1.706598950163793,0.8988177818361449,0.8500942669730708,0.8109052047228966,0.8374421691696322,1.1827658224650857
379,0.000177009,0.7471695190985305,0.7403438035103896,0.757792832120153,0.7991913972014248,0.5697090175221613,0.8986462824886962,0.9352388071528347,1.706598950163793,0.8241282361498307,0.6790329649817443,1.706598950163793,0.9071623153190325,0.8698794502681624,0.8044164648237696,0.809548096331007,1.113410202642881
380,0.000111703,0.7713904449654592,0.7631330427415538,0.7540187218011205,0.765046945359729,0.5693790467626249,0.8385172439997777,0.8070395761172618,1.706598950163793,0.7245474607576662,0.6963658794822586,1.706598950163793,0.9243990042426249,0.7410427085539081,0.7249959848700734,0.7891851160129765,0.8978244499647929
381,0.000115653,0.778775175147192,0.7810210281305349,0.7829868606911886,0.8096868448171247,0.5706666693693441,0.9581748957447971,0.8647499195099055,1.706598950163793,0.7701787636872716,0.7255163073530126,1.706598950163793,0.9598892256531191,0.7770210428635166,0.7642048554002935,0.8115273934727315,0.9856792085499991
382,0.00015842,0.7971938420868443,0.7855624848198202,0.7863194664599172,0.8068773614306298,0.5709115270913487,1.16842172737752,1.0010163473458593,1.706598950163793,0.8662653167009929,0.7088228809019752,1.706598950163793,0.9840242573565737,0.8740372551345846,0.8463800659494126,0.883089742338945,1.24836240338515
383,0.000141021,0.812801450457317,0.7850788575056109,0.7752977934463778,0.7777491312123428,0.5702526520444031,0.9805104868514395,0.8614426370938687,1.706598950163793,0.7709296213792727,0.7006796185160173,1.706598950163793,1.0269514983844223,0.796932245304241,0.7696913783356079,0.9590989917028431,1.0280381149893982
384,0.000150193,0.8277774150503927,0.7851871001910021,0.7861326940554171,0.7948455369482647,0.5706063819801774,0.8814478135820407,0.7642357860454457,1.706598950163793,0.7008270346293877,0.7180182118790278,1.2624089244264212,1.1459768748075627,0.7304403912636124,0.713225198175235,0.9887888916820831,0.8836695231899699
385,0.000146765,0.8509508907897595,0.8112262098766833,0.7910995304550995,0.7905417959705604,0.5703134116911338,1.0438192148868306,0.8304074093977736,1.706598950163793,0.7616729004402703,0.7007207989472604,1.6319490484738621,1.2643144484157798,0.7738106292540695,0.782509481218882,1.0347147895925886,1.0387265854640901
386,0.000139727,0.8734258381682435,0.8481503366667926,0.7916350049919502,0.8082742826681919,0.570103756207646,1.137092981219021,0.8790266061577066,1.706598950163793,0.8113607756193391,0.6822811323589558,1.685092793664092,1.244555890840714,0.8276470168784227,0.8239273079289213,1.146983217155526,1.1775622748159815
387,0.000119105,0.8978700481877673,0.891428123167685,0.7947253454218949,0.7914694069870064,0.570222279502447,0.9096487474434372,0.7624158825726136,1.706598950163793,0.7115227471111195,0.7002000764471455,1.094143639298673,1.1562050462893638,0.7438452890993951,0.7262343375300139,1.1810184604464253,0.9239564189504013
388,0.00014382,0.9103537534872311,0.918228351607102,0.8081212967883493,0.8447594219693402,0.570778515021542,0.8989962453561802,0.7315662637192818,1.706598950163793,0.6821071185498259,0.6975827541795397,1.0676847495820025,1.129931817293378,0.7107015213979734,0.7059295663077607,1.0787740730644204,0.8721295199749078
389,9.66e-05,0.903388147385552,0.8796541572883614,0.8073626414664931,0.8884265535527215,0.57048761906156,1.2980884146187,0.8430649885139233,1.706598950163793,0.758484642337934,0.676205418949725,1.706598950163793,1.1623146955795436,0.8016223553588916,0.8056226818269321,0.9598112284554143,1.0891484123222792
390,0.000144224,0.9170867226698016,0.9082058771145828,0.8388610277126637,0.8607829099326761,0.571603280090531,1.706598950163793,0.9153858594625499,1.706598950163793,0.8074289592498971,0.7110568478511958,1.706598950163793,1.1941978643107518,0.8770159572811183,0.8695768885393979,0.9009963365387741,1.2300868368568865
391,0.000118551,0.9251314107489128,0.9316189357771897,0.8233394684620072,0.8171390230328301,0.5709261816829302,1.4094716197694985,0.8513432426331975,1.706598950163793,0.7635631896192132,0.7101255323129166,1.706598950163793,1.279215927422227,0.8272989949319443,0.8165398586871275,0.8949069897669801,1.0598359994432889
392,0.000155703,0.932422272252123,0.9541929130579049,0.8346350750663263,0.8387680715001556,0.571371633001136,1.3022423081624874,0.8813485968614511,1.706598950163793,0.7928049570275013,0.6973593787470233,1.706598950163793,1.389612834149875,0.84916499183473,0.8395834199104585,0.9371074076934233,1.1105732303346607
393,8.67e-05,0.913725662444448,0.9571733468813017,0.8210825715884202,0.8003839177848955,0.5706122342873,1.336222698253128,0.9851878708109816,1.5323443709415303,0.8565392341488689,0.7320415500924597,1.706598950163793,1.418375508824243,0.921375782320492,0.8964756113663749,0.9851065544911856,1.3128040570413142
394,0.000168084,0.9234375647233715,0.9803056631199666,0.8581710225229408,0.8461357067508124,0.5718375652112211,1.0113024713515424,0.873119562120781,1.706598950163793,0.7881035531945207,0.7174766123364194,1.5461288557902315,1.3468700594029477,0.8374181200227009,0.8016645471195123,1.012860138377345,1.081600816783158
395,0.000153241,0.9377925150820476,0.9807718976998431,0.8197154476776588,0.7863868596699382,0.570347305315756,0.820083515800811,0.7609001672525406,1.706598950163793,0.7150423996863393,0.6987909820454774,1.0436079114610497,1.3998684185526935,0.748460496119795,0.7101627598261953,1.0112503470600727,0.8977378324770032
396,0.000189889,0.9313007264290224,0.9908876335556984,0.8284464505191282,0.7920666728524809,0.5702789398926134,0.8318088808462241,0.7746351230834414,1.706598950163793,0.7505147481968836,0.6730783926371666,1.00376065794953,1.422891201588564,0.7686263844149481,0.7252385825649147,1.0148132665366938,0.9401813341462996
397,0.000118692,0.9101589415592051,0.9226819512368011,0.8140645327630155,0.7594651984720058,0.5690711263675605,0.8808788510861789,0.8083308429203634,1.706598950163793,0.7862046315976018,0.6657026284541683,0.9981972864077353,1.3057345169216235,0.8042525490880232,0.7445814721642802,0.9913906222345668,0.9890295533451773
398,0.000357057,0.8994061984844675,0.9306855987078295,0.8463361420528441,0.8333177087727728,0.5700337279240266,0.8051717701968744,0.6630092525370962,1.2003118911529898,0.6139142490613615,0.6270675631278013,0.8226318612493888,1.10380540694156,0.6438829007650669,0.6251717260231028,0.7665408033345117,0.7354423065471528
399,0.000487618,0.7735086822556934,0.88051305635916,0.7427728492884005,0.6733292291348585,0.5631642271555954,0.7659484388362731,0.5798712597114425,0.9300742225822751,0.5463213954932159,0.5824906257332403,0.7411837533057904,1.0447698750073562,0.5636605513792798,0.5510979787350102,0.6692594475986854,0.6148580857227134
400,0.000262458,0.7756091898892171,0.8874782490344051,0.6895386084262634,0.6564171740427759,0.5552116621655286,0.8744139885444131,0.6098344065419284,0.995314931682249,0.5853308136918939,0.6301235506827922,0.785113917135423,1.0407234303327357,0.593098591200523,0.5768680072174269,0.6766909795276245,0.6484241298590591
401,0.000285131,0.794701629852074,0.8846405482203356,0.7404575927025032,0.680877823563033,0.557857593880209,1.0673092265510065,0.7053529326172663,1.176237480251496,0.6895293140543549,0.5963646645043015,0.8821930085864593,1.0201386651413777,0.7033364708153105,0.6567943681820491,0.7579230880796364,0.7695004148154893
402,0.000314886,0.7384947557763109,0.8547947130537034,0.7277071622066709,0.6794949969914175,0.5569841178455649,1.1138452440777662,0.7010439921563337,1.1114890816647984,0.652816423500545,0.5805049162830889,0.9194819796494587,1.022322712850881,0.6766939077616939,0.6651476077836042,0.7365071718502207,0.7798755049493475
403,0.000227755,0.737252053775376,0.8012072841897601,0.7079919527775431,0.644786215692542,0.5568780095146141,1.1435714773398522,0.6708562313470766,1.0670527193483965,0.6391452450888758,0.6464161925904368,0.9385937093483376,1.0533449437866296,0.6687039675983858,0.6438198444347206,0.7408927765616514,0.7320922196013836
404,0.000263758,0.7570701050657792,0.8026335425046314,0.7332009262687889,0.6831431607070154,0.5612704763817773,1.2298406659232788,0.681214146519512,1.1434254685467913,0.6263348673716994,0.5880630006195898,0.9949982776719096,1.0142836582623742,0.6686512265329518,0.6435484933752842,0.7455769023843863,0.7290424694826547
405,0.000283035,0.7668460241699442,0.782200255399476,0.7295642200545002,0.6721820976775235,0.5611580034643018,1.088709141154473,0.7113117887775261,1.2516107251697686,0.6890053069363674,0.6009309815424455,0.9471428531777112,0.9616323977674258,0.6915342086919172,0.6710217736165714,0.9397993603638054,0.7863684779850835
406,0.000175597,0.7850819059826223,0.7842145245568417,0.7202581362976276,0.6652690738312556,0.5606277317192166,0.9333019450501339,0.7211685004553327,1.2442705905130096,0.6716021381037256,0.6532963224273364,0.8743297600415957,0.9904068304699563,0.7155277217250914,0.6742668174176888,1.0582607853629509,0.8060859008334781
407,0.000338722,0.8050303992282506,0.792939983528894,0.7543511356944974,0.7327122273058907,0.5642617243822339,0.9569331108906826,0.7188662638011039,1.4470886008132595,0.6553284822187633,0.5936744704827591,0.9420587080174072,1.057842907475159,0.7141664839416157,0.6670233527187105,0.9546338189694155,0.7804693494336549
408,0.00015804,0.7559191191337801,0.7096826360214008,0.7043810639478377,0.7930813642378615,0.560332122555403,1.0610530795346074,0.7253671859908541,1.706598950163793,0.6380419140564102,0.6289133542563532,1.1173791868998866,1.1600067129318712,0.6854972047113068,0.6690650136856995,0.8126594043321053,0.7825683510775338
409,0.00025332,0.7823827297112003,0.7483786236996293,0.7560851693539811,0.7586771483415401,0.5643070031488227,1.0303664278896485,0.7891371239644228,1.706598950163793,0.7542619083280996,0.6162636067776706,1.0431570826116867,1.1745290585650474,0.7942640635869157,0.7227699782333525,1.0325337416260012,0.8737765631139385
410,0.000220874,0.7600274241083005,0.697057255164412,0.7259075864698541,0.7364933291142485,0.5636774754289507,0.9655781741550075,0.8819768155399236,1.706598950163793,0.7854159292105439,0.6206433673826394,0.9272863715107607,1.1465224391796511,0.8667243629609813,0.7802508005874976,1.1929338224424373,0.999991050120152
411,0.000193534,0.7834848087130077,0.7299522871331837,0.7354185004120019,0.7433143104613552,0.5634451850140935,1.0194070799236856,0.7833878690154676,1.706598950163793,0.6591569567775942,0.5977269120814702,0.8735433994635535,1.1159536976187003,0.7342149249238884,0.7057512233588609,0.8436223619305044,0.8171304297014347
412,0.000241878,0.7943635187671676,0.7234297823283469,0.7400487076273637,0.7539026156916468,0.5657280507693555,1.1391734785012244,0.7153200997140104,1.526708660892648,0.6265888876017148,0.5758650131599564,0.8514987795993917,1.1385871846768134,0.6871826904179065,0.6505167878118671,0.7441488459555825,0.7122113671583418
413,0.000283175,0.8196373837525815,0.761226485049717,0.7280874086244234,0.7101142524040873,0.5640439726558312,1.252587700812324,0.6682382061590358,1.269438337491021,0.5774166470484907,0.6053011045049872,0.8143807991439578,1.1701187384585168,0.6236938155949603,0.6228297404176918,0.6674228847547496,0.67362848508799
414,0.000539419,0.8451641854660393,0.8020689520683096,0.7088700021010989,0.6948782755999633,0.5624964606779363,1.4320535061846307,0.6467005602516984,1.2427321428062215,0.5576957920850275,0.5388357225629572,0.8022250307741859,1.2681515268840655,0.6143133146865849,0.6052626854840419,0.6401105157617487,0.6431618026621128
415,0.000400005,0.8420193582408353,0.7748182136937962,0.6380623699791721,0.5753741740521398,0.5533625902762336,1.5368981532569115,0.6682852085861826,1.3972832484452522,0.580240127556429,0.5798141481425284,0.8021258452105244,1.3399962801754894,0.628737122995781,0.6268688223323486,0.7043304296757047,0.6550024869116134
416,0.000167459,0.8600826058703303,0.8048808900725021,0.6543731356412427,0.5961049405052993,0.5522254757783357,1.2371535217773757,0.742220977541778,1.650043706111506,0.671722401634608,0.613483228641288,0.7690615942872233,1.279215927422227,0.7067955063092167,0.6958728424235283,1.0951517850335137,0.7285376708953202
417,0.000276706,0.8158325187706057,0.7359854633072511,0.7066631889312728,0.6945656422530689,0.5583866176153122,1.0744267117013864,0.7976346725094944,1.706598950163793,0.6913561431430433,0.5697136772993391,0.78768756575659,1.2158674337419442,0.7456239060207815,0.7456656944948017,1.706598950163793,0.8094996347564073
418,0.000130896,0.8343678084832588,0.7473022600997757,0.6775447030029028,0.6901632243488878,0.5579511314173153,1.2014629557573362,0.8175363307856375,1.706598950163793,0.716534941765473,0.6598147026359695,0.9407813967090983,1.257870591254795,0.7517107543595097,0.7761506192184613,1.706598950163793,0.8681450499467749
419,0.000118779,0.8552239326515577,0.7802448155315161,0.7189318031734871,0.7207329348520383,0.56501874357809,1.706598950163793,0.966214016884209,1.706598950163793,0.870710007198712,0.6398207229856506,1.4050820992379731,1.3142317943387731,0.9777693994163317,0.8922772514949769,1.706598950163793,1.0533854423977473
420,0.000109409,0.8324677567213046,0.7856862049493236,0.7387041773648386,0.7943493085968775,0.5686171303780071,1.706598950163793,1.3106711489599534,1.2476766110421038,1.061979964354834,0.6477895564253574,1.706598950163793,1.3142317943387731,1.2472118951166336,1.1148434130897988,1.638837846713318,1.5015624378259316
421,0.000169974,0.8419422677175794,0.807367614733432,0.7603803153789103,0.8102073689010023,0.5702310403145733,1.706598950163793,1.265589601990944,1.0818759394321238,0.8680317146798547,0.6797570362623373,1.439512168647259,1.3730099342159063,1.0390585948269941,1.0594574564568127,1.5167191839776337,1.3142317943387731
422,0.000154398,0.7640783600387636,0.7052214236178672,0.750509421676242,0.7924379082353159,0.5699264013249492,1.706598950163793,1.3601477309475798,0.9820671773149016,0.9539357720240096,0.6530636981398353,1.0634203120491186,1.6157640298530862,1.1215997546745402,1.0452587706237289,1.1877432830912926,1.2389048614867442
423,0.000161928,0.7903893255911303,0.7435408085557621,0.7635968473986884,0.7935594765841285,0.5703315264973744,1.692679922501288,1.706598950163793,0.9115085583712985,1.1755153515204049,0.6651438999433582,1.031539989930403,1.706598950163793,1.4329795027289751,1.2687944427818338,1.3071392881906374,1.706598950163793
424,0.000119185,0.8026921850164608,0.7390192797641034,0.7633403191887317,0.7913429351390606,0.5697090175221613,0.9986769802112921,1.706598950163793,0.9272587450366218,1.3199896830009563,0.6382007036408656,1.065982746864339,1.706598950163793,1.706598950163793,1.4432854704509022,1.2707290732972454,1.706598950163793
425,0.000167838,0.8174038304822586,0.7642793765116147,0.7829369669116912,0.8215153504045511,0.5704116029295677,0.7937799508965306,1.706598950163793,0.971202076886504,1.259881576697424,0.6721409637699186,1.070974029848643,1.706598950163793,1.706598950163793,1.3762829065220243,1.0025586365373662,1.706598950163793
426,9.42e-05,0.8386249793518163,0.796632682646964,0.7661183550810617,0.7663748594685671,0.5695890676250219,0.6419325603507512,1.4413951153889064,1.1256617784962413,1.1081391272910166,0.6853643207342923,1.2746250325866857,1.706598950163793,1.324358110881686,1.0744892288023973,0.8950108567914318,1.4796558720615842
427,0.000135128,0.8632931100171243,0.8367788031633813,0.799791825284537,0.8262007032168885,0.5712065947165071,0.5174254549347098,0.9674837745826778,1.706598950163793,0.9490407836290391,0.6751220492372487,1.706598950163793,1.706598950163793,0.9698630372912904,0.8303641219996096,0.9600870895326835,1.0130860576957055
428,0.000146325,0.8828273707148622,0.8693739761507742,0.7910028550480891,0.7980426121214383,0.5708476462553894,0.45013371739628505,0.7761859692242891,1.5101674506098957,0.7669483191812381,0.7243666078945238,0.978828212546822,1.324358110881686,0.7740340348784913,0.6885770873133145,0.9522748476662887,0.8070892532365539
429,0.000184332,0.7510519771485422,0.7154677234640557,0.7888756437780218,0.7826196843606384,0.5706467665650095,0.4287953948286007,0.7236230631399393,1.1905665494021722,0.7378991964144163,0.7036380573352146,0.8356625941352308,0.9846220859411492,0.7175953098809034,0.6450870391033642,0.9370814861625443,0.7468976866586462
430,0.0001724,0.7781287843815536,0.7568692589995675,0.7775639554905112,0.8250890800334673,0.569713094820939,0.4310958468407122,0.7264540270343441,1.182531350884853,0.7385290125755622,0.7818311732593475,0.8172713945820417,0.8302739616579271,0.7172603154236766,0.63897424424333,0.8818839013843314,0.7365411527843957
431,0.00018733,0.723902520232391,0.6728537429141425,0.7809580056553239,0.8156410144062948,0.5688106560164788,0.4525061894867554,0.6925092346516575,1.2081506247493914,0.6716651252297168,0.7314676190315492,0.8570563477924088,0.7573805694502448,0.6651967425215356,0.6196539416677249,0.7242361426074831,0.6848912325990375
432,0.000142641,0.7480566768449126,0.6936744235439918,0.7736107503782483,0.7950259265292621,0.5679119151516775,0.5153077373375077,0.7302894404823308,1.661482620930756,0.6923105547514805,0.7560293533840757,1.141054786907928,0.7360432366144939,0.6842767717788227,0.654364309352069,0.654395202926829,0.6983625067968089
433,0.000143282,0.7532178720302077,0.7105590878600464,0.7906959117973085,0.8300649027181604,0.5688315268660673,0.643646744990131,0.8837347384925935,1.706598950163793,0.752376634396356,0.8204590390008627,1.706598950163793,0.7322578958038531,0.7591411395269806,0.7640319941422918,0.638952878786759,0.8009465733556012
434,0.000384151,0.7764143877326798,0.729698810423761,0.7922592741772267,0.8128082164165654,0.5694691934608691,0.7818477330935725,0.9998839701974973,1.706598950163793,0.7346329436675751,0.6638177003206069,1.706598950163793,0.7588106134937838,0.7779136782029384,0.8440766347183356,0.6780606510957956,0.8406854883833351
435,0.000267588,0.7420638934627455,0.6701165959398907,0.7088599039101647,0.6918052154643575,0.5620423469595781,0.8803668660116595,1.0875119833945528,1.706598950163793,0.7152832080521689,0.750058410729168,1.706598950163793,0.8756782291545563,0.7871831031203632,0.9351975813257137,0.816065241229211,0.855578821912002
436,0.000274993,0.7644158206859198,0.6872164248269712,0.7365461873968943,0.7096454839589917,0.5619176723524193,1.163751787685135,1.671689279760499,1.3295098429063401,0.774518013186016,0.6848406388044075,1.706598950163793,1.1858109431554995,0.9631880066191184,1.418375508824243,1.1813455009371092,1.0841768223770776
437,0.000377452,0.7130218572319758,0.621396301869328,0.7375337053633046,0.6881096350845244,0.5608232124917475,1.706598950163793,1.706598950163793,1.1567263520879272,0.8495027329137389,0.6121883668476683,1.706598950163793,1.706598950163793,1.1921378261802746,1.706598950163793,1.706598950163793,1.706598950163793
438,0.000360278,0.7403438035103896,0.6601860042577361,0.702361987609107,0.6351432765387353,0.5562323303384901,1.1392899143569313,1.706598950163793,1.706598950163793,0.8601988703614851,0.6825564259625156,1.706598950163793,1.682086381289759,1.1946594896480522,1.706598950163793,1.0823349440958636,1.706598950163793
439,0.000225707,0.747695641157675,0.6791010258541285,0.6949205557367585,0.6532682187501786,0.5560676052052436,0.8088004184099312,1.706598950163793,1.706598950163793,0.8598622336769555,0.638721283357703,1.0275729764896924,1.288548527954176,1.359355796248159,1.706598950163793,0.7848366171577875,1.706598950163793
440,0.00019122,0.7359201707299802,0.6463370791176613,0.7366040928621354,0.6930465259737577,0.5593278922981575,0.7386457752539104,1.706598950163793,1.706598950163793,0.9003151303346427,0.6526937673321968,0.9748555873034944,1.4339072979072578,1.3713821803131883,1.706598950163793,0.7383159365749595,1.706598950163793
441,0.000136985,0.7531774927351361,0.671999444302923,0.748191210636535,0.7123764326232811,0.5619305273312365,0.7112857155658813,1.706598950163793,1.706598950163793,0.943529040246269,0.6003276137316761,0.9792302221093575,1.706598950163793,1.4292862504468196,1.706598950163793,0.7925962727332672,1.706598950163793
442,0.000176231,0.7552912961556376,0.688100398376075,0.7705560799452597,0.7663762773356089,0.5661762997129723,0.6772323722693644,1.2233070766315386,1.706598950163793,0.7712632386847857,0.6049646628304176,0.9395641288956933,1.706598950163793,1.1266830727788761,1.706598950163793,1.264951543164409,1.5047720512590872
443,0.000132538,0.7585465032858842,0.6721170521785736,0.7654054656384458,0.743478662757838,0.5677429382853866,0.7461376079655943,1.1168171116459227,1.706598950163793,0.7404524774554119,0.5501629555115112,1.241892648585523,1.4725640194557283,1.0427104085984447,1.5675213555665697,1.359355796248159,1.1937850023360432
444,0.000181529,0.7804259244302711,0.7026656002695572,0.791903932500653,0.8186332185939478,0.5695960529195784,1.0443857110039916,1.706598950163793,1.0820115843507019,0.8489297762180582,0.5093014930486304,1.706598950163793,1.158035153749338,1.3617357615304175,1.706598950163793,0.837072411389836,1.706598950163793
445,0.000189793,0.804165714365396,0.7366771235706144,0.7766739979174191,0.829287725277863,0.5690450051860372,1.164198866771985,1.706598950163793,0.9952000320527662,0.8974758532599396,0.6272470579739066,1.5885628521706787,0.9836492932542767,1.4675603895639455,1.706598950163793,0.756412145149124,1.6026381907314322
446,0.00014742,0.8160361400300671,0.7341102201322532,0.7732813614167002,0.7960504592072739,0.5679765468623655,0.8443002547762252,1.3657303015323357,1.0934428860530157,0.7801655265399479,0.5096489057141006,1.706598950163793,0.8879409949256706,1.0211735860213038,1.2892229841782994,0.7845976437447374,1.0276447581297756
447,0.00015029,0.8344757825553449,0.7632856826551071,0.7861510592102056,0.8011716440890244,0.569096089968886,0.7629804943650058,1.4139025380236458,0.9946416280007937,0.7996838738782588,0.5945053677283691,1.2263516167877244,0.858196904359492,1.0006531894277226,1.1001423654332996,0.8848696186540383,1.023735863179912
448,0.000115919,0.8095765088870805,0.7667125339324807,0.7870494600367144,0.8034361044738237,0.5691384775601591,0.827215178359291,1.706598950163793,0.8278524665931313,1.0325025350491535,0.6265919873172028,1.4174775185418742,0.8446587964921165,1.3092549722644258,1.3050338275677469,1.045546677081551,1.6319490484738621
449,0.000205843,0.8345233776580734,0.7994101633679663,0.799371544519472,0.8426010395478151,0.5702824452137306,0.8135144959793409,1.706598950163793,0.8454571940420103,1.3324808183271644,0.4753742124531704,1.2504450618019674,0.8256150787255297,1.6026381907314322,1.2005789050445186,1.2443676920000333,1.706598950163793
450,9.69e-05,0.8592640769224558,0.8398893225787355,0.7658507881742135,0.8411500279814491,0.5687573298362252,0.768441929694339,1.5961941027475974,0.9130799342659898,1.706598950163793,0.6964722748026435,1.0804428218128155,0.8144284410656158,1.706598950163793,1.0971348629082076,1.452850091155014,1.706598950163793
451,9.07e-05,0.8842330248605429,0.8852998789787734,0.8094127599295037,0.8530197461223696,0.5709132855827558,0.9182673736780732,0.9272260987504127,0.8033152401024308,1.148679093190949,0.5453991915978247,1.706598950163793,0.7705258165940905,1.706598950163793,1.5602921639762293,1.1933672147983707,1.42470959364246
452,0.000104438,0.8913478050817714,0.9051209728227788,0.8180893972172442,0.8790629802774653,0.5715250530012502,1.2752778495475832,0.727667107036307,0.7348953496246916,0.8316240235520171,0.6463107144143844,0.9384140425419286,0.6949004717095126,1.1804014576459867,1.706598950163793,0.8419441477223305,1.0302217362441248
453,0.000116252,0.9156348240203366,0.9541764935871601,0.8177550110973688,0.8688135999381448,0.5717233299508494,1.0706568772476293,0.7312790721489142,0.874239241542327,0.7552980824055843,0.9119860480101006,0.8356386979725754,0.6282147835037724,1.168914458678798,1.5579045693655738,0.7146212822426223,1.1379136004539663
454,0.000271201,0.8969844072787705,0.8940998673079567,0.8157247809702498,0.8599643851748753,0.5720031511763278,0.8684296139824846,0.8163667073152163,1.706598950163793,0.7381499159391196,0.9340095320149226,1.00615847667918,0.5872836698298023,1.1789018779245006,1.180080376926091,0.6171857505460737,1.444233441305457
455,0.000127712,0.7758017970535269,0.8495915774762037,0.7559408899788742,0.7727560852515303,0.5678363471215075,0.8245234710484545,1.19585899317373,1.0333461071201886,0.8072648525564499,1.2267759468467812,1.706598950163793,0.550639337867859,1.706598950163793,0.9588239812336188,0.5159987777460612,1.706598950163793
456,0.000436658,0.7997853791973204,0.869974843383822,0.8026954433106803,0.8035178004801677,0.5694046324415586,0.6315310913706601,0.9558749159469794,0.5800519170279728,1.1092380801317305,0.5535895746824655,0.6738606589944244,0.49480721132891203,1.1173176685814965,0.6708790574796352,0.48597768910702005,0.8633275656553823
457,0.000540006,0.8111606333485675,0.8520107088058635,0.6962127558464787,0.6826896875695349,0.5598600084279816,0.44527791397628386,0.39814883431033,0.3735264681200314,0.4018479920956189,1.706598950163793,0.3886563492494559,0.4381169942735992,0.397376112817268,0.3702217630140436,0.3388615458419995,0.3839539518379053
458,0.001742539,0.5653696478971912,0.5873289765820253,0.6550387829608044,0.5996391066713176,0.5512472443792771,0.361775729796187,0.2662712683533396,0.28045843010177096,0.2543389579142975,0.3917613427789491,0.2949972874453013,0.3941256165236961,0.25567528567340453,0.25862789543317033,0.2530848248897559,0.25773208288328003
459,0.004091064,0.4592145012020867,0.45805669086880907,0.46954644549492675,0.3756546677015802,0.5120188160557857,0.32914899547089616,0.2493673665100191,0.26582844669262384,0.25718393063892503,0.28984730312600926,0.2588952681896093,0.3669739769626075,0.24874840581248864,0.24530160890202402,0.2660537632619512,0.24322387148205096
460,0.00096078,0.4649772492761529,0.44352680044926973,0.33166459854492936,0.2994456053126715,0.4346432699373299,0.31152785386129644,0.25090522894415046,0.25236242237698503,0.24918434667782882,0.37168076720434695,0.24131243638308067,0.3553523155108215,0.24999643367006374,0.24933537850618723,0.2708614885206701,0.24754544759737368
461,0.004965956,0.42988406314290895,0.3931905576274754,0.4509117263376785,0.39357253851930907,0.45789511382248776,0.300189366948421,0.24319405371140176,0.24629221438824297,0.2391749447301743,0.2475124837631047,0.2364615277478648,0.33298765513153095,0.24340923209121762,0.24228169297328933,0.26371798253874057,0.23565062910764598
462,0.001228146,0.36841524789196445,0.38086899065444574,0.2876407471153361,0.2603736983810164,0.3992662829265079,0.31221352459718665,0.23849295861495592,0.2503555029526598,0.22420469579734503,0.3412793398696527,0.26173072770253486,0.34016779167294436,0.2239961328322561,0.2383475945190333,0.2277812181321869,0.23273272498229491
463,0.000758536,0.36916050383498744,0.36184600081771845,0.37547412040114697,0.3394727264990147,0.42605894151424956,0.34972055220764814,0.2669842292928423,0.285795904347846,0.2719453132391275,0.5295443368757504,0.3004422520155694,0.332576237209015,0.2714517600416348,0.26990397581899805,0.27063973019965515,0.2626358201876033
464,0.000418979,0.38582668433242745,0.3821512904652869,0.39823534657637283,0.38282196732137386,0.4811870808898728,0.3959807139232915,0.36202058730254244,0.34571659193217047,0.32734069852613007,0.50882692972929,0.3863162804420515,0.3251119472705802,0.34807276516822616,0.3467635042150606,0.3168167769495511,0.3407363487195781
465,0.000303893,0.4081338759656238,0.41140890220875487,0.44247846520000905,0.42944131477701347,0.4921153352391596,0.4614604108819001,0.46914455888628015,0.44013534979066005,0.40828986669639716,0.7848290031729122,0.5011995844905003,0.31842544668376704,0.42652991511776195,0.4930218323571879,0.3846015625339334,0.46731049579264655
466,0.000413583,0.43116400201244665,0.44112975995735937,0.45496551394969986,0.46195988628030843,0.5463460516746935,0.6198248930996355,1.0746924847734605,0.7328659256504036,0.9327186280794852,1.706598950163793,1.045921311387062,0.3383528105390611,1.2946570355934433,1.706598950163793,0.6008797201936223,1.7003704660634444
467,0.000241831,0.44881422836903895,0.4620798029981011,0.49428485371111275,0.5035057159453271,0.5483850036422749,1.1328331302794703,0.579574218392329,1.706598950163793,1.0727156445527102,1.706598950163793,0.8504641194532078,0.34321745535323045,1.0420860278475872,0.6075992278680047,0.511728155014863,0.6243175987329921
468,0.000347248,0.4560686051797418,0.4748343862890829,0.5228849841462091,0.5563912336434462,0.5569890166175737,1.164815687271079,0.7251568888243224,1.6237960463582701,1.4847846772912465,0.5267963053055885,0.848712086847022,0.36734566795447343,1.706598950163793,0.7739420208957251,0.5478988997491393,0.8867876813949315
469,0.000243239,0.4703264512117664,0.4706991887496033,0.5166135417010373,0.5404475157769151,0.5567909915465593,0.7844850822618321,0.7355964758954379,0.6190178671109776,0.5390936473741904,0.5125753238851811,1.706598950163793,0.3988055475689006,0.5182806720280106,0.6537596772180846,0.5584721912505964,0.5959322017938622
470,0.001172959,0.4912242742919453,0.4951070467124536,0.5288548132667487,0.5714644931828622,0.559122958216555,0.7023074227617813,0.4500033399934349,0.45429213059861884,0.4041254983016381,0.38501978518268265,0.9364574271401979,0.43981099872436363,0.39711901098701186,0.41673019030520714,0.5038087634374412,0.40829651312978027
471,0.000536188,0.5036151201980051,0.48775204932547617,0.43885740630247033,0.48356619128011347,0.5335550651332599,0.654722944060213,0.48635231850510774,0.49157001463960387,0.5185659560289431,0.34371266548414553,0.7028470820145543,0.4945837399335365,0.4949270801005376,0.43697472787981567,0.6502966476405105,0.44965211519152787
472,0.000283695,0.5261279982074004,0.5027018558450397,0.47884827733993995,0.601836020777472,0.5369044828175699,0.566211176428068,0.5914558931512761,0.5408412671019304,0.5756179347023835,0.47526765546858557,0.5894993303733903,0.5328774193996243,0.6362080877792933,0.5134514431424055,0.685041055974541,0.5501278142152178
473,0.000342711,0.5520727641254365,0.5345593162306572,0.4977421241183878,0.5544675563222872,0.5452786263894679,0.5576220440804484,0.6697803453520151,0.6046336554826253,0.5758319306921341,0.38772139791249494,0.6641330500988664,0.5623300299148348,0.7032575740162595,0.5871592897145989,0.5823306951180471,0.5974701077206149
474,0.000331816,0.5557921263303683,0.51561836175215,0.4909504431667404,0.5421441183259577,0.5454947810105153,0.6680296350884461,0.7506852567608527,0.7808665001766121,0.556270281207349,0.43673390944812995,1.3214410189896533,0.5781542602792242,0.6593771908522902,0.7120441420008473,0.4618614752406729,0.6894322619601682
475,0.000699129,0.5473665538596197,0.4874230514673567,0.4891989658011788,0.5331808227755443,0.5542057072356565,0.7474797967212602,0.8845533300764834,0.9260231062894034,0.604274691957906,0.6217745553672585,1.2720237542986723,0.5743305950541173,0.8152942562061319,0.8103883646543023,0.44937515685598817,0.7308581410698876
476,0.000605355,0.5277026192211379,0.4539667250973682,0.46264647430790856,0.46886865675618516,0.5454712623762848,0.6589234249963865,0.801033988373397,0.7939123237228372,0.5666663074003417,0.5708476462553894,1.625146396734137,0.5639959315627935,0.6629422445859974,0.8171252738327293,0.4828610611429345,0.6646004457053879
