row_id,TRUE,Model 1,Model 2,Model 3,Model 4,Model 5,Model 6,Model 7,Model 8,Model 9,Model 10,Model 11,Model 12,Model 13,Model 14,Model 15,Model 16
5,0.000268281,0.5997444062132727,0.5997444062132727,0.5581947685283607,0.5881905200728518,0.5505184181796543,0.5997444062132727,0.5997444062132727,0.5997444062132727,0.5997444062132727,0.5997444062132727,0.5997444062132727,0.5997444062132727,0.5997444062132727,0.5997444062132727,0.5997444062132727,0.5997444062132727
6,0.000207302,0.6860173104282958,0.6595172083548902,0.5716697689532758,0.6108564302836891,0.5486355637168469,1.097413687410225,0.6944379642593013,0.6875018326245151,0.9210974891302393,0.6461908382351496,1.097413687410225,0.6506937552804805,0.7642568772751264,0.6839298480420729,0.6437694127066825,0.803073674908791
7,0.000205922,0.7033003064864047,0.6856829659989644,0.5857766750476122,0.631188619324205,0.5544455424235881,0.9396111610585097,0.6020943731817875,0.6196344561896259,0.7820224281539793,0.6187333911153698,1.094535823986015,0.6284531152740148,0.6436307865391218,0.6047325523177055,0.5847568070680857,0.6704125360885784
8,0.000261718,0.7243654106448079,0.7173998394224721,0.5834060667259725,0.6227102884579372,0.5548486509037286,0.9203549678575008,0.5884304043783751,0.6233601144876896,0.7462266005769673,0.6372970243584769,0.9950324120955222,0.614356404840278,0.6307328554166184,0.5961930350292193,0.589539988370433,0.6613009485026422
9,0.000215838,0.700966949167689,0.7181873487798878,0.5864661246602898,0.6366628261179844,0.5497506009137233,0.9944588000028195,0.5880911887337879,0.635244995176027,0.7054922576613984,0.6720262114000334,0.9560372749587974,0.5886288191338203,0.6374960593651515,0.6006120075111094,0.5863136908722104,0.6715305833294084
10,0.000703466,0.7180357032584972,0.726976287129491,0.5962397676728192,0.6388477262392156,0.5546851516612172,0.8895530201085188,0.5540470613787557,0.6028645292106612,0.684762746284969,0.5679419199875869,0.81869543868691,0.5642685155024023,0.5973116190327583,0.5746441482646822,0.5464123317075193,0.6301511363981753
11,0.000240718,0.7096387296654079,0.7313061744903501,0.5979005433316402,0.6395766450030347,0.5546980542414939,0.8950108567914318,0.5440616288027942,0.5872696332454762,0.6080639845399246,0.6847597120493866,0.7968254475186746,0.5631141605874712,0.5888840351958102,0.5686646243654725,0.5377420657157795,0.6175942023141878
12,0.000242953,0.7206409650764,0.7509025570770755,0.6054129105412954,0.6466230456411609,0.5542861541420419,1.097413687410225,0.5919420418350666,0.6281452886015549,0.6186215002437085,0.6978352449473011,0.9369622748200666,0.5803971096915675,0.6420775961394649,0.6044874884951597,0.5802265899677228,0.6648252574671977
13,0.000229403,0.7140976508292081,0.7521218637326516,0.6089895917872964,0.6476226476708347,0.5559419923326838,1.097413687410225,0.6347280292240058,0.6615488739299409,0.8090788864585505,0.7020958314853815,1.0627277605310643,0.5973572723293673,0.6950781171911298,0.6477904127003115,0.6289023844319366,0.7265156241491816
14,0.000201581,0.6725651009038045,0.6613036814542236,0.6148668724222355,0.6528865437939283,0.5547867838612639,1.0970059264515903,0.6342669720243445,0.646685225479704,1.0627617888110776,0.6864652233895265,1.096424198471745,0.6171398411631374,0.7084820931057985,0.6661333074123283,0.6557393262051221,0.7620503927637028
15,0.000249015,0.6710255806271077,0.6391625172284852,0.5938162291642535,0.6290160282940062,0.5539051459846224,1.0551202133743938,0.6844130634925817,0.6670401803353732,0.8255282285001247,0.6287676591337514,1.097413687410225,0.6564581613008147,0.7575859318353103,0.6848861727149781,0.7339208681315401,0.7991319110067556
16,0.000173731,0.6730678271394674,0.6517586016190793,0.598622260386695,0.6315818753957807,0.5474652490843401,1.097413687410225,0.7773507969222367,0.715641990919687,0.7227295436157556,0.6738375271778515,1.097413687410225,0.7013230786196093,0.8089654635606454,0.7077104148247277,0.83539250308892,0.8272312263692366
17,0.000204285,0.6932951709803548,0.6717921076900681,0.5968302118057105,0.6291375778164858,0.5510283980526388,1.097413687410225,0.7452728992038617,0.7111837175085788,1.097413687410225,0.7059772211569438,1.097413687410225,0.714501756139326,0.775183317404765,0.7216155094321008,0.7634047773627328,0.8478890800621929
18,0.00022122,0.7147707742599237,0.7032499049101937,0.6007867997330262,0.6343537960200496,0.5561656640516407,1.097413687410225,0.6751986368297332,0.6741239511878208,0.9435158109348831,0.6496928445552583,1.097413687410225,0.7099586445337869,0.7119270407896523,0.6789540794366417,0.6545152880792697,0.7843999327943926
19,0.00020689,0.7222685933544768,0.7241260799600475,0.6035136661813608,0.6384169789968822,0.5508682518223919,1.097413687410225,0.6874353079969214,0.6834707846714512,0.8735685973462763,0.7115965133788332,1.097413687410225,0.7053661981128783,0.7210149590751397,0.6633298866304473,0.6580815293054741,0.7756709261800783
20,0.000173026,0.686086476062863,0.7115465767813416,0.6158805982505813,0.6436795055299285,0.5558792178102232,1.097413687410225,0.7452468218366962,0.7238905709983793,0.8387773657308374,0.6746301837758479,1.097413687410225,0.6834848649703835,0.7491336596564461,0.67209218683052,0.7159816587683807,0.7906803404495267
21,0.000205759,0.706682086864179,0.7446595030875756,0.6222043317543402,0.6469000116108896,0.5554452489104831,1.097413687410225,0.6965063316061872,0.6910253691256119,0.9343099734652682,0.6909204112702517,1.097413687410225,0.6462435415292997,0.6882872574730599,0.6395972488984977,0.6889579164377848,0.7266763335027598
22,0.000304771,0.7191414153823888,0.7428322358975973,0.6278270001756836,0.6520684211588142,0.5563771275024069,1.097413687410225,0.6522082026506748,0.6552593447370666,0.8067764404422838,0.5872479423219362,1.097413687410225,0.6277194532491455,0.6645754806961389,0.6276882905571518,0.6636307313384949,0.7027202486503502
23,0.000334674,0.7325536723379557,0.7623405095880276,0.6337283354130582,0.6505748935561267,0.5566534775950968,1.097413687410225,0.6869865159810551,0.6793606340749736,0.8035651955843195,0.6561838711799859,1.097413687410225,0.6305203452723065,0.7221950180494852,0.659296833998419,0.6993301108387966,0.7506572747303998
24,0.000171176,0.7382145366127201,0.7779685504127772,0.6409648423255696,0.6540705977363607,0.5556159048938195,1.097413687410225,0.7255872925570338,0.706039297757288,0.9123111699181802,0.8003064031405578,1.097413687410225,0.6350900148449289,0.7608002729869703,0.6848102879089967,0.7149169070930529,0.7921105047078592
25,0.0002037,0.7506133092896574,0.7958947798580089,0.6471670878516629,0.6555502242786155,0.5565399559302893,1.097413687410225,0.6822221127543869,0.6706081475049794,0.8309599178078539,0.6769712861735177,1.097413687410225,0.6374993237878923,0.6949977368851603,0.6444411257244015,0.6684535586223646,0.7248999738535032
26,0.000251832,0.7688753943488268,0.8332575624188031,0.6470680689443327,0.6541508219969068,0.5569367697123562,1.088375975192527,0.6546548818206288,0.6489649860583386,0.7787364950245382,0.7051275336405814,1.097413687410225,0.6520623077703739,0.6565018300872727,0.6167241616064815,0.6623410011468517,0.6827548438237049
27,0.00023018,0.6994454159115603,0.706994678393067,0.6458070034860556,0.643904764618011,0.5560751880167115,1.097413687410225,0.6863124272381754,0.6809106378866109,0.8569889312689042,0.6756276209641996,1.097413687410225,0.671802613223721,0.6834818476902119,0.6368287232666675,0.7109798529630839,0.7160417864271688
28,0.00022652,0.6840175376235184,0.7027705364235549,0.6385022387698387,0.6405761635279229,0.5540036718912219,1.097413687410225,0.7025519724646634,0.6988221551091758,0.8747363873404499,0.681370537144921,1.097413687410225,0.6811554033518809,0.7033551031014942,0.6529163517615135,0.7294150341684507,0.7393717059777773
29,0.000224171,0.6999698567971391,0.7273384191173601,0.6439914010061243,0.6529952749165786,0.5536857934926424,1.0743954572427208,0.6855134401126741,0.6804854139425027,0.8096667803834429,0.6628422294232168,1.097413687410225,0.6964584406531529,0.6899572445570021,0.6474601426622377,0.7052855112514655,0.7235347551562001
30,0.000267203,0.7199534876690653,0.7469423151018304,0.6468497051945974,0.6515798927613904,0.5562426305205755,1.097413687410225,0.7196140074631507,0.7058475782263122,0.8914058104103841,0.646180639086854,1.097413687410225,0.7322146113163909,0.7364178370191011,0.6863338125573003,0.7295678897131275,0.7790982303605074
31,0.000264708,0.7405484059831734,0.7891030704023752,0.644890104282026,0.6475140123449272,0.5559620197147233,1.097413687410225,0.8016320913277596,0.7739668468329398,1.097413687410225,0.6937911609927507,1.097413687410225,0.761800989912067,0.8451299575915022,0.7631750445932385,0.7831093676930249,0.9157944615355444
32,0.000252513,0.7394442894664888,0.7953205102218251,0.6479917315227414,0.6503858901381637,0.5543183427150711,1.097413687410225,0.80018210375947,0.7743424478865072,1.097413687410225,0.6806701096255395,1.097413687410225,0.76063941494824,0.8495529459805865,0.7624089026533554,0.7753741389890884,0.9211811968409768
33,0.000188347,0.7402121803585036,0.7624005270032888,0.6505913741385299,0.6548724018753205,0.5557337276509697,1.097413687410225,0.7505280649946738,0.7320044815067808,1.0397979281698466,0.6750920029973216,1.097413687410225,0.7513898350093006,0.7779952492002089,0.7110976199790002,0.7486203568141673,0.8296706439879218
34,0.000253201,0.7600025326974604,0.8024576920558363,0.6489288294782426,0.6553896605446226,0.5558294462375885,1.097413687410225,0.763928052810304,0.743965889003234,1.0637652000107731,0.6313288703452951,1.097413687410225,0.7445957759972156,0.7887596855166351,0.7179249461056062,0.7741933112149054,0.8420663750514098
35,0.000222491,0.7743102738635282,0.806597853496223,0.646577061135628,0.6513769532721195,0.5553135841032772,1.097413687410225,0.799006551182285,0.7792621446941512,1.097413687410225,0.6572196015887489,1.097413687410225,0.7255824793424018,0.8479851022184418,0.7596584522371225,0.7930216609370563,0.9138362215892177
36,0.000196573,0.7623167856819287,0.7611875825988778,0.6453527218707017,0.6523305852250013,0.5547351541758083,1.097413687410225,0.7607447931702986,0.7531990275509973,1.0630265648394763,0.717205690705927,1.097413687410225,0.7046575434465759,0.8073692725095015,0.7365109472773176,0.7328808048172964,0.8573797716580543
37,0.000298344,0.7313616204847705,0.6940816827384121,0.6542372503758995,0.6688830035470091,0.5545373738307238,1.057496295513357,0.7176616665259486,0.7189224393084984,0.9350713611358694,0.6703916556640386,1.097413687410225,0.7026994807636752,0.7482228761964541,0.6951003324570852,0.6935167638141613,0.7800234652372371
38,0.000267833,0.7500703739662512,0.7258232574764969,0.6574513258365678,0.6761625682530025,0.5551232674268333,1.0260418066327064,0.7176709812124721,0.724662510522413,0.9386223614208998,0.6570613826403919,1.097413687410225,0.7101582470885137,0.7348303467189521,0.681957213461592,0.7000919638197063,0.7607336986633647
39,0.000362543,0.7547598228271941,0.7400053033854115,0.6555173922617964,0.6711541052420918,0.555781851154092,0.9470679218367158,0.7031611806421942,0.7163171795586932,0.892693762967409,0.6680625049472122,1.097413687410225,0.707559729013515,0.7026754360371887,0.6547397419044517,0.6929720894466149,0.7240985721377451
40,0.000206019,0.7707175447305923,0.7535586626153457,0.6574334233388563,0.6721840110663292,0.5551825519181252,0.8461776909259574,0.6706385491119857,0.6778741460569833,0.7873875397172706,0.6845787422955198,1.097413687410225,0.7069735292341,0.6530724719035764,0.6145208149617372,0.669574109759062,0.6677781065899435
41,0.000171049,0.7810450407061544,0.7541335305670055,0.6599142586474299,0.6748043438142597,0.5552887725376108,0.8799330237366599,0.6885986850371141,0.6780076287427081,0.8166359108999862,0.6935199159553329,1.097413687410225,0.7261100960378415,0.6605306977740353,0.6187244376112979,0.6884084892523885,0.6747975684029995
42,0.000181302,0.7750938265963033,0.7242014435305225,0.6560806562033528,0.6716737157564221,0.5562832947221477,1.097413687410225,0.7642596895710221,0.7269085231988023,1.0509857023464533,0.6961032918569147,1.097413687410225,0.7515475689826756,0.7339109062950775,0.672867177169959,0.737503377583066,0.7587060368861375
43,0.00013355,0.793457175939278,0.7622707397155905,0.6524757853028913,0.6659071665319977,0.5541788993830218,1.097413687410225,0.7912773810079876,0.7434773682194099,1.097413687410225,0.7173021640753808,1.097413687410225,0.7603235428335837,0.7861173907429041,0.7141068274275955,0.7407775061663597,0.8326168106059353
44,0.000153348,0.7960377472644861,0.7793187936936049,0.6449796745823657,0.6663606108868971,0.5538387777327898,1.097413687410225,0.7420690421791011,0.7122113671583418,0.878003564207389,0.7507478945507171,1.097413687410225,0.762407506692508,0.7527015069615024,0.6875407328921791,0.7181640124458243,0.7872507186530157
45,7.69e-05,0.809127272502243,0.7886762272239363,0.6480748838233514,0.668867921290281,0.5533754007816125,1.097413687410225,0.7077997555621086,0.6983818195335025,0.7537649779521103,0.7186019476359727,1.097413687410225,0.7652092051082361,0.7173614622062355,0.6590424140340384,0.726339329072175,0.7380105957694634
46,0.000426104,0.8030638863211608,0.803347900769717,0.6500923081221377,0.6732705794010541,0.5546518241623593,1.097413687410225,0.6941691211896758,0.7118395368371762,0.9377847213282776,0.6499824254440412,1.097413687410225,0.7460434151893773,0.7282503801422051,0.6776015368496665,0.7286875377855375,0.7699256103400606
47,0.000187168,0.819652994753375,0.8315008538036002,0.6529873813131374,0.6734744772189935,0.5569188132340807,1.097413687410225,0.6804050289315734,0.7120430048180877,0.8629346109290459,0.7028438009762102,1.097413687410225,0.7111825844433017,0.7410952703661211,0.6885585765960223,0.6929448369991466,0.7909623242949151
48,0.000168321,0.797374238624634,0.8302288924989295,0.6590171685485746,0.6820351517716852,0.5560139927468163,1.097413687410225,0.6915404591046775,0.7122261614487854,0.7533498230004628,0.7478444720892292,1.097413687410225,0.6924098733231364,0.7543186857157101,0.688911565628297,0.6866160823235745,0.7826755585307741
49,0.000157722,0.7512335357798444,0.8150656038025377,0.6680268178977309,0.6824072255293198,0.5578756413206081,1.097413687410225,0.760489742250366,0.757395623684327,0.7540862500183763,0.700853058897525,1.097413687410225,0.6936565500386113,0.799509954638892,0.7213304156511874,0.7388324567018846,0.8107759020038598
50,0.00015315,0.7713253884362797,0.8617226745826142,0.6791395040968805,0.6926358515664167,0.5584420165685885,1.436701533680927,0.8374162701741382,0.8201460671941152,1.436701533680927,0.710698129127795,1.436701533680927,0.6910991800179609,0.9470491917800734,0.8444178213084729,0.8441751572505686,1.0097162971069258
51,0.000117331,0.7775091688416265,0.876052853590398,0.660351026960027,0.670449556182137,0.5582309306561458,1.4265349750363767,0.878622515444686,0.8402067700138909,1.436701533680927,0.7741216977616534,1.436701533680927,0.6871918902185993,1.0757379457195098,0.9199598535335879,0.901910102759054,1.1782005925407015
52,0.000144438,0.7922749389979657,0.8971617807401093,0.6643850994932797,0.6678653585400846,0.5538109529842203,1.2845239001286235,0.9330792344715048,0.8275898754600405,0.9052120816833269,0.7383121333222694,1.436701533680927,0.7006351951398402,1.0595248898613463,0.8677022642987726,0.9610614701110632,1.0520477815511626
53,9.32e-05,0.7937831018610404,0.8670793941056218,0.6656366586556984,0.6692556705689797,0.5552709749847536,1.436701533680927,1.0177725627697614,0.8588566856286634,1.436701533680927,0.8264655302252469,1.436701533680927,0.7209134394280134,1.0758830631618452,0.9144546500433934,1.0029715428164552,1.1439249559072282
54,0.000162786,0.8080631184445497,0.8934925862032492,0.6673901092123308,0.6686041468396462,0.5588759047506487,1.436701533680927,0.9958309175593766,0.8663738644511465,1.436701533680927,0.7611611879037569,1.436701533680927,0.724645729018208,1.0332731241960424,0.9189217338174472,0.8759258083937222,1.1680601175084242
55,0.000170598,0.8257835399348518,0.9331534536152264,0.6670102654528569,0.6669009234136803,0.5558375602557358,1.436701533680927,0.8668494975717296,0.8055386956392743,1.2662286273293106,0.777089029526075,1.436701533680927,0.7209346841778486,0.9011622692793172,0.8131433427296244,0.7679007718304036,0.9719069351195615
56,0.000197664,0.8133144507333302,0.9340506009181859,0.6792579397265199,0.6780586870831057,0.5579642632583033,1.3064363361160343,0.79890855447005,0.7723015172562181,1.134848853272301,0.7568692589995675,1.436701533680927,0.71927617921685,0.8277077426061749,0.7512241876359583,0.7599610524469096,0.8771817443963621
57,0.000292018,0.8309346155673166,0.9744968333184725,0.6831220722447654,0.678481342830964,0.5586709176402438,1.2038300056585591,0.7361261525202336,0.7481991266496049,0.858840721304645,0.6942323502912909,1.436701533680927,0.7086053477216667,0.7604149390266803,0.6929804754619714,0.7650004029229496,0.7770313875088959
58,0.000268478,0.7917100269670122,0.948844287885699,0.6906795009437733,0.6853937311376738,0.5586967346956953,1.0366323942484883,0.6683134148036274,0.7054159503881151,0.8384968161167161,0.6320569814273443,1.436701533680927,0.6940553523298005,0.6879413800736391,0.6405827875168745,0.7309097952116927,0.6947546504848531
59,0.000238237,0.8104906473569065,0.995060342873459,0.6916081827747467,0.6816417365523418,0.559122958216555,0.9963788643321926,0.6450151750264339,0.6842192508302314,0.8072582240859373,0.7174370595755192,1.436701533680927,0.6939132198858727,0.6712979499393094,0.6298549764537075,0.7144661397675992,0.6770827241905804
60,0.000398697,0.8277381104829622,1.039161087524485,0.6914633825234165,0.6805697992270562,0.5585643914864143,1.2120410798227,0.6845393321639588,0.7068566865199036,0.8342232986414827,0.6957147400251043,1.436701533680927,0.7114853053231961,0.7329874653740699,0.6687312848412071,0.7595134980859242,0.7316834561373897
61,0.00017915,0.84416189259249,1.0647334348275794,0.6898837989051262,0.681179297044072,0.5574735443216153,1.436701533680927,0.7297942923796451,0.7266231546940831,0.8804786520784521,0.7301815005864095,1.436701533680927,0.729763685107291,0.7827828100565404,0.7024045570199989,0.7771363351223644,0.7817408654098928
62,0.000188249,0.8135229757330102,0.9366980988340554,0.6819961792766016,0.6719411413423588,0.5571807144806556,1.436701533680927,0.7114841708158316,0.6982541705947007,0.8748186244769917,0.7503270567767006,1.436701533680927,0.7356303309266782,0.7427134769201267,0.6816557041096074,0.728404939276091,0.7514299274516543
63,0.000240666,0.8315352633708571,0.9855766602466438,0.6754596180431629,0.6675418537145232,0.5548561839569728,1.316382161407062,0.6869068680932436,0.6663885741016474,0.8265544554316305,0.6780910954750238,1.436701533680927,0.7334742296621714,0.6951870981830759,0.6511428939905695,0.6907978477976289,0.7129362319310792
64,0.000238105,0.847927485010217,1.0256303445758945,0.6751540383530618,0.6697822383039548,0.5547131083898624,1.290575079971169,0.6947060638060422,0.6623602229300347,0.8379235876378482,0.6755712823174518,1.4201766213070917,0.7192433601753149,0.6833028938923654,0.6421918601830214,0.6786338893946721,0.7083185999063133
65,0.000274413,0.8074554909394727,0.8971868034131251,0.6630037442678631,0.6699858242850528,0.5548529554680124,1.1594367719467515,0.6784793751603966,0.6544985075042655,0.8242869675702543,0.6622467471038335,1.1326820403818423,0.6898062409384594,0.6693425584345457,0.6294727919312094,0.6501780033617456,0.6913051438618049
66,0.000306776,0.8217931777526475,0.9230657196395624,0.6712007731876094,0.6552744112976873,0.5521989542477029,0.9671188477297172,0.627587822485799,0.6216209011729501,0.651892075316729,0.6542866534045853,0.8696121020902561,0.6650493709629205,0.6244303086720241,0.5896729923176122,0.6030634027919269,0.6298171988494679
67,0.000358684,0.7951304187545881,0.9074752414763375,0.6745934338923187,0.6565383759734086,0.5549929083688183,0.8891231740750539,0.5899321564379485,0.6020654981608765,0.6350391866346663,0.6069135930463468,0.7580986971125447,0.6526219579605272,0.591870186054158,0.5608209899705803,0.5754317840823313,0.5892336472056211
68,0.000611488,0.7862321873760779,0.8526621722685754,0.67301884815034,0.656039739611075,0.556910107687968,0.8545705159490087,0.5618986709561816,0.5937344582762564,0.635808561098431,0.5828526671520269,0.7138637670347573,0.6369068373998668,0.5743849075053252,0.5435257106675294,0.5569498300602759,0.5705543043784087
69,0.000491348,0.7855640118725219,0.8135535050419627,0.6718350879894694,0.6549582316014924,0.5541188639071789,0.774245937847249,0.5223611401489727,0.565217717666922,0.5930414238994297,0.5776545132945672,0.6621424739942255,0.6085305191664834,0.5434417688628127,0.5155117370322776,0.5275559440959621,0.540576348492964
70,0.001083124,0.7550213518357417,0.7396812896222165,0.6717357682375842,0.6521741226268785,0.5554026094792445,0.7182118543791844,0.49586267486078467,0.5384699373835788,0.5282065020251444,0.5025878468499266,0.6354922297578178,0.5832860088846034,0.5144525462544146,0.48987449196804644,0.5107957299074167,0.5108729923935572
71,0.000282867,0.7719969848049129,0.7662699591404906,0.6641533511454024,0.6471909957785407,0.5547238621034299,0.759150786353182,0.5011226635824398,0.5418482141157391,0.5058619168230966,0.6387869585999845,0.673659299342202,0.571955994618478,0.5159589675663788,0.48826714689479755,0.5235825849810067,0.506782704324142
72,0.00037463,0.5462993104984116,0.5388194605623612,0.6526464755688896,0.6428168027769945,0.5532660063621662,0.8788063182988626,0.5341474303423323,0.5701125115578997,0.5341872796402545,0.6260811558321406,0.7612403802277381,0.5738805741514611,0.5416508798893998,0.5087157531628093,0.5480518026144188,0.5268059762740885
73,0.000353604,0.5466164612445513,0.5155380633021326,0.6356135286617329,0.6296661563790292,0.5511834092450806,0.95713191397441,0.5788183356562415,0.5993350685700523,0.6678447152055036,0.6215119741316273,0.8818795805103348,0.5896161640845962,0.6035427500760547,0.5623048260176862,0.5921865473909947,0.5863562333449102
74,0.000317143,0.5716044566828996,0.5463059870748385,0.6253519083198692,0.6328570679982929,0.5461001529837191,0.9690680004059519,0.6522038331182821,0.6329041796101152,1.0573138090011676,0.6356928148028529,1.2183151236483034,0.6218495315168182,0.7085011373446459,0.6502057100813383,0.6430562340304792,0.7066331776831184
75,0.00041041,0.5159273856097504,0.5324142510902079,0.5855672147182635,0.610309327676536,0.542827549636362,1.0189968792157147,0.7618288440015148,0.6753383066118197,0.7991077987657176,0.6247496012429077,1.436701533680927,0.6602966101985687,0.7893771718048064,0.7000617012569952,0.6827207597638866,0.7902291711589112
76,0.000311928,0.5390951279349683,0.5491956249327193,0.592984273125793,0.5959935435201004,0.5358331809117554,0.9907068674772874,0.7414160114229081,0.6522999831228158,0.577745003875234,0.5910769421245982,1.0207914039913053,0.6769898553553371,0.7079818920643086,0.6479943027637508,0.657309935951238,0.7027967778087408
77,0.000418777,0.5355982958124959,0.5205344549518695,0.5882392428649186,0.5928884020493967,0.5424450328085881,0.8778714063418499,0.6254528476523791,0.6101554290509092,0.731143605626021,0.5929744212139814,0.7502844797443808,0.6556496377568747,0.6109821200957255,0.6119875515306634,0.5802056701033462,0.6517062813677632
78,0.000315332,0.5580496428313171,0.5476105470091592,0.5899664356226718,0.5948465282989706,0.5505037029605833,0.8452630893579519,0.5978574579021635,0.6171590922376805,0.717992560167902,0.581183317682364,0.7050988218422415,0.6225734216991903,0.5962891827044792,0.6028852360292827,0.5438684548914126,0.6514222280512514
79,0.000353642,0.4826923450949858,0.52513850050318,0.5912103383278103,0.5985067450815432,0.5424425189273934,0.9124212163425213,0.6482275558857038,0.6603891266990966,0.7648819695850138,0.6072194434587345,0.7611556314757038,0.5953045391848601,0.6598934386642984,0.6267330730552347,0.5731568047458004,0.6948803894235227
80,0.000395317,0.5029709845008348,0.5333776439215302,0.5988575508787107,0.6015478284975057,0.5521241841081972,0.934891135200494,0.7184371900360311,0.6955673456410064,0.6728335930390932,0.5543440976114842,0.7802403268299133,0.5802284359467514,0.692461117509265,0.6442869004811177,0.6330655567051489,0.6919721473126246
81,0.000381964,0.5254274981014618,0.5614320657060015,0.5970620537706591,0.5990755095048593,0.55007223128917,0.8911850044760048,0.6830889371781297,0.6708961786082009,0.8182325846644362,0.5928450783284803,0.7258172351015144,0.575372374017495,0.7139646298950304,0.6744358643386953,0.6914529687457401,0.7055719090497987
82,0.00068198,0.5492102355014665,0.5921858932287933,0.591087350287025,0.5929035019415431,0.55076138978857,0.9167127870742126,0.6311830745948795,0.6444900289744219,0.8426707715538512,0.5225417221039615,0.7272802477500069,0.5763559044014608,0.7355525966998437,0.6907750041938072,0.6786378274422233,0.7397807446264163
83,0.000350787,0.5550058324377812,0.6035552158895829,0.5912363773874175,0.5973848036408145,0.5506751033003137,1.0535622182908169,0.6017035381373883,0.6198106417426568,0.6456840154879567,0.6586577353220068,0.770948384883947,0.5752919896960087,0.7201075280320829,0.6433236078560559,0.6481657879000159,0.6858759927915115
84,0.000514693,0.5740300663463117,0.6086221086047247,0.589175657412002,0.5964842917086872,0.5502741932491902,1.1157523764801702,0.5816519917640385,0.5970372485197561,0.640892688544513,0.7155392615827763,0.8017457038488407,0.5717145001787278,0.6347489736483387,0.5816879475241798,0.6163852877507849,0.6139178933063547
85,0.00051649,0.5697742648094695,0.5679361494574872,0.5871025476136632,0.593466302330917,0.551592654962272,1.0303457539219996,0.5740950216597499,0.5905358254575014,0.6803207049152388,0.5777134184391404,0.8199358817827728,0.5699083250926927,0.5999776212520832,0.5580704463567663,0.602193404803163,0.5870770509034285
86,0.000361912,0.5556013173819649,0.5220466921277143,0.5837579125748035,0.5921100251214586,0.5491418889443662,0.9908968276949707,0.593836017519812,0.6083708690537369,0.7559694670678826,0.6789373197999217,0.8922638253459225,0.5759432307557856,0.6157577450056888,0.5690461660510583,0.6146034351857209,0.5966294112137809
87,0.000375214,0.5764838022372714,0.5487937700358302,0.5715897498004932,0.5931774697849995,0.5488125140594038,0.957093248115308,0.6251955873777891,0.6312163451628848,0.6847384735296239,0.6408504028276288,0.9298335545601727,0.5930440519185554,0.6763749538225244,0.6040440686620824,0.6896584362034138,0.6324741776472733
88,0.000368143,0.5794699939718042,0.5317996733069704,0.5719253491093822,0.5969628513127829,0.5444496116889935,0.8442680273687884,0.6085425867269996,0.6106174746098642,0.6237121579572301,0.6054324829681909,0.7983758267581276,0.6163012095652972,0.6486346363966465,0.5900867834581928,0.6821691082004485,0.608601515127586
89,0.000488166,0.5886956446632918,0.5490720035916378,0.5629960788936391,0.5874905070654394,0.546651963019912,0.7790952510572462,0.5825491546763856,0.5932405953168306,0.6982284347516337,0.5963038760292942,0.7228092300883241,0.6398165977262313,0.6175860401700359,0.5830442423893176,0.6355205266238498,0.6012100732742853
90,0.000309623,0.5728693656378897,0.5094792762125889,0.5572859055969313,0.5819702457882184,0.5472188691393743,0.8269157868393351,0.5953789828276167,0.6080547780965588,0.6868170421870007,0.5972706742453863,0.74786818787838,0.6533068622414132,0.6299045698771952,0.5908883894237501,0.6113805303003345,0.6185476855126579
91,0.000310063,0.584982423500456,0.5102157029317066,0.5574931918895889,0.5847442104960554,0.5426271307262456,0.9572175479132753,0.62383754075981,0.6295372269523419,0.6595777596670118,0.6895107264380015,0.8049876738252638,0.6491277654915227,0.6535670059130522,0.5988088473243235,0.6129304948042094,0.6386761433773133
92,0.000492353,0.6071848888030633,0.532671629233291,0.5612621221078482,0.5853864117038027,0.5493323837221594,1.037890908756968,0.636481626007587,0.6363866187505945,0.714025397477388,0.5765876309919665,0.8332192942464494,0.6339328716800958,0.6728719753134823,0.6158931083936494,0.6157003896307288,0.6599830691303095
93,0.000332375,0.6077384722531145,0.5427862391345643,0.560259539705038,0.5819410662717104,0.5487380699676337,1.0839199978210299,0.6348029553756518,0.6366156829475526,0.828960956237253,0.6235433165041808,0.8920133150922167,0.6172042652928366,0.7040774220055533,0.6484705096098768,0.606784766921849,0.7044118901562584
94,0.000272545,0.6045737838022907,0.5243733447424946,0.5578882208755511,0.57759562616468,0.5479486439219635,1.1751113354690292,0.6519662628131978,0.6461457956403059,0.6817026014753024,0.6523743099861423,1.0032958728559924,0.6046155528661784,0.7360030450475565,0.6654732124159569,0.6084545809969524,0.7261438641130143
95,0.000231326,0.6283655652102652,0.5555354177616526,0.5672305872829274,0.5859502353200755,0.5482987906086237,1.1198659781590932,0.6605161734733961,0.645683167538817,0.6971682372695375,0.6405496696268423,1.00580251586801,0.5954175449775037,0.7113185909564772,0.6482421425705641,0.6054380754388327,0.6927855793163885
96,0.000269035,0.5364380373104201,0.4681672874881166,0.5707035536000407,0.5871918122669307,0.5504091332909459,0.9194893259159694,0.6466877811992816,0.6379519313634208,0.7831139060937625,0.671595458690301,0.9237875091597375,0.590455402088346,0.6970743258846605,0.6549794730308163,0.6110654772570356,0.6955525053558419
97,0.000263754,0.5380837926366119,0.4572962919399403,0.5750330694494958,0.6086157173018996,0.5515012217273605,0.8034279362436544,0.6432162830035578,0.6399841474306132,0.7373606345442827,0.6197821419775266,0.8589884252791324,0.5915758506979119,0.7006297782329571,0.6585920379765055,0.6155166662512538,0.6963360975292503
98,0.000458318,0.5622023650718899,0.4868331834567526,0.5766884951660785,0.6137284785768575,0.5471620991457712,0.7644988482541585,0.6479883032490075,0.6409358120125688,0.6628192965467489,0.643755125871561,0.8126932180831635,0.5984574518936246,0.6921966523917873,0.6463796096321841,0.6202596564366111,0.6773439392916122
99,0.000303349,0.5648693669622179,0.5004303863100413,0.5829356391002117,0.6268509759638975,0.5507577059999826,0.7272305707581117,0.6240678609585719,0.622209643206153,0.653492270688978,0.6305614085522394,0.7239467375439367,0.6011142626853109,0.6429934202345754,0.6158828058674936,0.5970969204309124,0.6392711170360279
100,0.000266679,0.5818504515043219,0.5219060249785172,0.5868076263387586,0.6260185489144345,0.5537376655479868,0.6851930043605243,0.5785601173254661,0.5887952826554551,0.6208950466739208,0.6387565812824398,0.6461670409736612,0.5945954035749833,0.5861239499569797,0.5747290452166941,0.5549148446529657,0.5930197440746428
101,0.000227385,0.6038886164990349,0.5456641026707368,0.5879995921796178,0.6258818065418333,0.5527827800891781,0.6866242396942009,0.5580343154064541,0.5712060076470008,0.6103444185445459,0.6495443145139164,0.6199441930029937,0.5816941474671304,0.5609749620322879,0.5544525221563614,0.535534421777804,0.5774785125331321
102,0.000905036,0.6074713770015794,0.5295008411105766,0.5949645806441587,0.6316985663554012,0.553915317421702,0.7456147657285853,0.5729973263339303,0.577644191568058,0.6178444176659684,0.5366370286410046,0.6490157876542565,0.5655262584923593,0.5742148594853946,0.5610322475354236,0.5482224792688426,0.5964074279752045
103,0.0002791,0.5252612547908996,0.4527398634990231,0.5880194451418672,0.6178228738209018,0.5534175749802827,0.817923876537984,0.5967967309607279,0.587756396573135,0.5780355898190401,0.667851283331595,0.6747888574598256,0.5543532199981918,0.5883944671890009,0.5667196208718196,0.5673047634470599,0.5977168218937577
104,0.000207963,0.49484117802762145,0.4552802905102753,0.5909468864677422,0.6292898101023429,0.5509894022275353,0.8533268759260982,0.6141833688035973,0.592426116451556,0.622817563823662,0.6612144225571858,0.6799559928771398,0.55709083146667,0.5943763435486119,0.5726929679100811,0.5821715176947384,0.5945927548779439
105,0.00040265,0.5090391140597006,0.4758415403696993,0.5914689284802741,0.6304840267496105,0.5520351359234617,0.8805152067606145,0.6366335636069697,0.6055107916628111,0.6688113719127442,0.5903834380658005,0.7142295984503002,0.5759317969645936,0.646907686502817,0.61429505888159,0.6307771224749094,0.6389553439223693
106,0.000277564,0.5324879534577839,0.5060945013419658,0.5948001224668835,0.62913051817525,0.554428362665854,0.8827558553946167,0.6501987830693707,0.6169526074058289,0.7578271034930426,0.6704438603839542,0.756300380715001,0.6011580561276323,0.6861780509903355,0.6346692348055781,0.6552035188966893,0.6695277802695577
107,0.000331233,0.5510310332043151,0.5133776932798166,0.5678519197437155,0.5949791762642933,0.550181315583126,0.8045591530704191,0.6128311467860299,0.6031387222747258,0.7787677362144361,0.6490846902337388,0.7243570300630171,0.6146612160236725,0.6533665974917376,0.6031152250956807,0.6253010718988363,0.6406523518095828
108,0.001053117,0.5738639049715044,0.5337091969585922,0.5789870050469265,0.6086675636769069,0.5421672092005372,0.7160221276413146,0.5511116871284487,0.5603160521649455,0.527716506485445,0.4877853147968712,0.623679295705778,0.6114266062646906,0.568953899444833,0.5308791919484055,0.5676426616038028,0.5496035933148514
109,0.000560713,0.588885321759572,0.5355779697769472,0.5887142827635825,0.620659182514016,0.5484312430429557,0.6932300987606036,0.5050994983674013,0.5336010035066658,0.48315247706965486,0.5566708650357122,0.5498296466226479,0.5989306284975027,0.5089543745925761,0.48627840995413324,0.5299508149134625,0.49513036885239575
110,0.000679077,0.6101246632942582,0.5510294521087726,0.5831978885944289,0.6087123184620629,0.5560367355322166,0.7257642446649153,0.49147874306105416,0.5362178967583577,0.524359719736458,0.5375937130117494,0.5349538305150712,0.5829506152561863,0.5020947026924895,0.48645780522547805,0.5188745925091143,0.4956707582231067
111,0.000498868,0.6164155348108983,0.563135535690844,0.5871898990260169,0.615735683349248,0.5452776049920554,0.7666103332262117,0.5091280529277983,0.5531849362750979,0.5960842573016669,0.5487708632816116,0.5714327510662648,0.5720214274783253,0.5357028662771302,0.5124756629805179,0.5250290525645228,0.5275161731926962
112,0.000356021,0.6292285900247097,0.5881206624603905,0.6011546344202671,0.6213320674018508,0.5525089642787572,0.7951415036801313,0.5755650735837651,0.5860687756504656,0.6812211170564717,0.5779103044670992,0.6701858032244676,0.5762720930476797,0.5989367195067223,0.5527928898198492,0.5668871115529757,0.5782035756527769
113,0.00030664,0.602930798541818,0.5382954306723707,0.5679967487977324,0.5797122489909351,0.5503051629254083,0.8718475670288784,0.6717577293891412,0.6285391375741665,0.7541970355814858,0.6170251125122931,0.8523752662654008,0.5941674364615835,0.7152578483454353,0.6304540292249102,0.6790724180668405,0.6700275112813436
114,0.000303419,0.6062836191515673,0.5242271584651126,0.5640914606221815,0.5879528495974413,0.5357353149339646,0.9640250848806786,0.7433207789632421,0.6456068657938333,0.6649752587806708,0.522070446530138,0.961478371018043,0.6172309294556881,0.7749164037183867,0.6871837125997372,0.7398521729644835,0.7322306875156906
115,0.000297734,0.6182646014035454,0.5263892266225183,0.554190158207291,0.579622057833741,0.5396318937514273,0.9624935089506245,0.7360532855350718,0.643493089232918,0.8511431142437084,0.6066454736345742,0.8667735897838565,0.6346925895362378,0.7450148537997705,0.6994367929987617,0.6727184856134902,0.7452663796054337
116,0.00036418,0.6258285244623496,0.5223934694228464,0.5520727641254365,0.5877922169684008,0.5431906814625297,0.9042719479378042,0.7013078668811019,0.6366278741428195,0.9160195470932481,0.619217458304373,0.7815257578101098,0.6430470201884233,0.7090361231659039,0.6855702731031019,0.5950057165076942,0.736971985462025
117,0.000352922,0.5649920402010238,0.4642950649508419,0.5524059235870665,0.5920498745937026,0.5375956706636067,0.879197817870355,0.6788900051712927,0.6322400002208022,0.7617202303266465,0.5645477294991824,0.7576571631318341,0.6381982472292792,0.6846767918921509,0.6565499649678521,0.5656083174295801,0.7197924977241704
118,0.000223425,0.5887734222481494,0.4947385360079413,0.5655473396708713,0.6061888711603474,0.5478165407555199,0.837100126235639,0.6695551986017285,0.634965789649013,0.7466182845024409,0.639900768811277,0.7563589827154128,0.6185775064650648,0.6625122254715997,0.6332454538275779,0.5681497762890182,0.694933241282816
119,0.000352033,0.5916475993181048,0.5098683832398037,0.5728219945382352,0.6094304533217753,0.5485211576007742,0.7613696418378473,0.6344808805721336,0.6238321875098666,0.6536373683753035,0.615212781693461,0.703918057228666,0.5952766300172089,0.6169947756332319,0.6012004901537362,0.5647558518476183,0.6380320959122855
120,0.000475379,0.615257528682574,0.5444663888180215,0.5805030676639696,0.613250622293466,0.5508945820688913,0.7149905828084401,0.6153984354222919,0.6196292104134328,0.6933340131337998,0.4911824611712552,0.6642668867616837,0.5803730924057673,0.6026196604176962,0.5939303692114563,0.5726113355549044,0.6216231710953637
121,0.000259382,0.5608432163713774,0.48240176046815625,0.5810559748696572,0.6172598195322423,0.5522642040764469,0.7514285909335109,0.6240517838287803,0.6298518280603752,0.6990609285753662,0.6018765381199819,0.6823001419331725,0.5760949433738971,0.6431576124399913,0.6251247810111205,0.6043796713080765,0.6601261914203089
122,0.00027246,0.5707140932653475,0.5003790744068544,0.5795092248008868,0.6086185578560748,0.551627548991596,0.8654514860177113,0.6469665364175626,0.6381253865855123,0.7179890624203019,0.6597423265580863,0.73278782488954,0.5794044227209949,0.6934180184910357,0.6574969838262122,0.6329001866925943,0.7042214929447653
123,0.000393864,0.5641055962617408,0.5114038588286993,0.5832147596008925,0.6181842168229764,0.5518153502454715,0.9942265370018043,0.6654425796480148,0.6344511134168531,0.747297001684894,0.6151365142518971,0.7672895984448523,0.5875281953972832,0.6998575315559293,0.6601823787744511,0.6320378929705441,0.7112970513925561
124,0.000268232,0.5877883787556488,0.541802116772471,0.5796748176181579,0.6086135869123686,0.5538912280839547,1.1029041770889372,0.6748566181333426,0.6305669369141762,0.7775506279424165,0.7339283397751037,0.7803675367147428,0.5957835933443469,0.6871029742862729,0.6477792813907556,0.6257829752143301,0.7030144759240139
125,0.000304772,0.6016314988266533,0.562692781018129,0.5748522724985927,0.6057003965196658,0.5514336009623693,1.2107531335680124,0.6740969326558733,0.6299258277879567,0.759766186205803,0.7206527541057519,0.8007427162225145,0.59935066640835,0.6878214198937483,0.6400064422860715,0.6398438259130771,0.7000962873633348
126,0.000307693,0.610392409733451,0.5793529618188218,0.5797361843246904,0.6083871830774605,0.5487994971726047,1.1307233569485167,0.6477604450971318,0.6150734683653395,0.6933634115358334,0.6374683137964327,0.7682047646318089,0.5969977005955178,0.6543387151330148,0.6099473143585169,0.6346466878566103,0.6607159666338859
127,0.000395735,0.6328562695870638,0.6034624333572837,0.5810961468147713,0.6092501470794576,0.5531998675607591,0.927862065851328,0.6049381622347839,0.5930565354865361,0.676698788236286,0.6221762591970796,0.7037148867777747,0.5934426008637828,0.6032590155497684,0.57187997922875,0.6045494225123658,0.6078339488310504
128,0.000368797,0.655641647502584,0.6357802257420416,0.5742876334810737,0.598987485144777,0.553308155552164,0.8290255612252377,0.5782121005767247,0.5820087446313785,0.6138399206263798,0.6396904033536176,0.6721983620032146,0.5960489006818668,0.5844308181104486,0.5536291252319349,0.5960675788668731,0.582069613227503
129,0.00067758,0.6747888574598256,0.6474250918360798,0.586565906113859,0.619713158823803,0.5497432738993195,0.8277738416765313,0.5730654885448825,0.5841179290712298,0.5936322921543448,0.5894186846413765,0.6817125808871021,0.6039462030798511,0.5850265689765174,0.5484489106210487,0.5996723889180314,0.5742798775578485
130,0.000468723,0.6650326935614497,0.6528497278227177,0.5891782343726086,0.6198383952920344,0.5531193595881478,0.8279936902994492,0.5628763861687269,0.5827803295593993,0.6563414569140739,0.6287911514984406,0.6903994482127225,0.6062709835190959,0.5860979463309627,0.5496595573926764,0.5910210076699156,0.5779236805708042
131,0.000438009,0.6591028346534669,0.6226646561758995,0.586737623964679,0.6159910081856727,0.5535318674687078,0.7880650081495166,0.541436760940798,0.567586783296705,0.6183487410708258,0.6517036656859391,0.6662199161368272,0.6017124590905693,0.5699456456559117,0.5367188300975931,0.5659340559118189,0.5633730755676276
132,0.000342382,0.6364702553766336,0.5752877914409419,0.5835318317412465,0.6135967202459182,0.5514256782820834,0.7864466090493336,0.5441093201730531,0.5633009937996755,0.5369425142242742,0.6195370563647077,0.6639919170216818,0.6039149793951204,0.5564123948668798,0.5203253240938114,0.569213985769343,0.5414072644540222
133,0.000361529,0.654619533189434,0.584162507034965,0.5829824434204978,0.6106963778971769,0.5512577977772379,0.8733146185063826,0.588691788725617,0.5918721454101854,0.756015741607944,0.6587333566008249,0.7529272859708789,0.6111150765818072,0.592252628942141,0.5511348882787458,0.6103236497487521,0.5837867395380697
134,0.000360953,0.6633786196112381,0.5809015449971514,0.5673128153239487,0.5920557580755421,0.5491309349989214,0.9901743362918062,0.6518301263456213,0.6312971670226624,0.9720978573448693,0.7056139581607516,0.9597137586905263,0.6145595618910328,0.6818024153196257,0.6237717818129156,0.6464459740028632,0.6906608201580601
135,0.000359115,0.6173146477536083,0.5748426986083454,0.5745915549471785,0.5916939236565801,0.5446230501826888,1.016380623087623,0.6816427342065294,0.6282921139273296,0.6470774567177161,0.6309250103854754,1.0514028255201082,0.624797230067908,0.7130538319208113,0.6355860281559211,0.6378292890221102,0.6990835279278853
136,0.000336252,0.6314922181303572,0.5798559054806031,0.5742679459818484,0.5867885322973857,0.5448144825565082,1.0188735823573563,0.6745189854337925,0.6184530325661592,0.7514072076130591,0.6691839191525147,0.9943256159755611,0.6469938345836683,0.6910825445129919,0.6358863003841462,0.6256409871696592,0.690249190053042
137,0.000415158,0.6403204691003621,0.5936797434059777,0.5811462189014751,0.5897298369854084,0.5485107605933734,0.9974305868610513,0.6583689937446511,0.6274757290440608,0.9116207010187819,0.6459818521716382,0.9460020789107217,0.6556327697848692,0.6805102298853708,0.6487618989039184,0.6030150473587116,0.7192949349720718
138,0.000303323,0.588768278976746,0.5255993878061906,0.5831410378352943,0.5874534645874466,0.5467894046557268,0.8642817994838689,0.6187707015666577,0.6154050428013246,0.6991847138042203,0.6366652648427132,0.8365703259070699,0.6389841059461903,0.6388460836425583,0.605751501349824,0.5687955840537515,0.668609795877771
139,0.000442639,0.6001899950071695,0.5456144663961255,0.5892710274802807,0.5914428586840934,0.5496119606881452,0.7525833227973292,0.5844459098028346,0.5916593424870419,0.6582297061236105,0.5843151539625488,0.7596943584676712,0.6183681055020325,0.5901748263530406,0.565807915252611,0.5506756293145544,0.6120626535467806
140,0.000300426,0.6154564407931365,0.5494561810569206,0.5906987185576228,0.5910047506328003,0.5496532801963535,0.7515047838515121,0.5834592410128867,0.5942440982819738,0.663928298202719,0.6022711513449052,0.7823932899843684,0.604417226876231,0.584853197786131,0.5708886681816344,0.553802392366795,0.6165683135992996
141,0.000263335,0.6177441465219679,0.5645312936714356,0.5925283162662772,0.5941337410842087,0.5509014285514434,0.8403768457369172,0.6155159316879536,0.6241865639325402,0.7256510766951103,0.5897711888891832,0.8767377313317366,0.594554352748157,0.6274150368359795,0.6127586604771875,0.574002064894175,0.6723256471962378
142,0.000251153,0.6409416177596099,0.5961730101169612,0.5884175689119912,0.5898603835403947,0.5507734941858199,0.9185724049625804,0.6411200140090663,0.6417884554958982,0.7346891498522622,0.6183196978347383,0.9079723533172124,0.5908247123947936,0.6679150980716227,0.646975066723291,0.5918074969337981,0.7148190917358469
143,0.000304619,0.6626826659543933,0.619462164669074,0.5918003150773413,0.6002424424667454,0.5500025142734906,0.9442495543998025,0.6530215889956604,0.6386868119635061,0.7404499198716203,0.6409358120125688,0.8629224662427702,0.5990626419846317,0.6803881616198874,0.6558041734490279,0.6091960151894662,0.7205855643872738
144,0.000253759,0.6819102635322021,0.6362656881709297,0.58727728943943,0.5868668297145673,0.5507366571973991,1.032007076551276,0.6824342545910282,0.64875759827225,0.8213250528626236,0.6626515003419867,0.8566877341749761,0.616891959504609,0.7036600060367211,0.6684347422486243,0.6473122839276947,0.742927800773692
145,0.000307213,0.7033967570961506,0.6676262009535603,0.588867953860242,0.5918734516583476,0.5501613818766127,1.157849307062178,0.7064087703325835,0.6533481480921529,0.8294206979607383,0.6475764495910391,0.8366109021841479,0.6312187218333549,0.7100668826560752,0.6599079219222133,0.6714170966727346,0.7404754969022075
146,0.00016924,0.7149502885795384,0.6908611987363908,0.5921577663047752,0.5909553374768276,0.55068772805814,1.1016006744362015,0.6707373828975731,0.6240135099488784,0.8115206594482319,0.6515467823888178,0.7652543740110587,0.6338365946530521,0.6656691765277024,0.6204755002981859,0.6438921505848869,0.6887499260291228
147,0.00026926,0.7337129989072517,0.7088240027260848,0.5992577755180793,0.6042545366220378,0.5540545618297111,1.007392830215261,0.6211379736987808,0.5900654260485407,0.729682900407741,0.6228700804871373,0.7102327182630827,0.6292968751073682,0.6152611969015418,0.5820006716602415,0.6026679207880938,0.6372807182790553
148,0.000481849,0.7332754332579421,0.7231079915272514,0.5979395975492156,0.6013312708336309,0.5528359954217332,1.0122649595849966,0.5867312613546907,0.5728966093424168,0.6726504081979872,0.5807515571072043,0.6817844455919616,0.615336042892924,0.5855855572473517,0.5579237763929265,0.5817846892165125,0.6126159376628804
149,0.000243873,0.7518700294345773,0.7452507332672642,0.6028527962938164,0.6074007757669522,0.5534165071600795,0.9671473427708912,0.5487234970483753,0.5568421096594033,0.6132179332408328,0.6323315692570873,0.6381728659703068,0.5880828600054335,0.5559241318989169,0.5319807405438579,0.5601404762897514,0.5821348507776576
150,0.000393874,0.7714425020426399,0.7807435434778359,0.6035531382003544,0.6059287182451923,0.5540036718912219,0.8351355168458365,0.5014837850671502,0.529089798111154,0.535173382896379,0.6334567287865833,0.5738930769897299,0.5591372742451453,0.5133001410110859,0.49570451939331434,0.5265606825523941,0.5292662424469076
151,0.000991557,0.735936492245174,0.7725395933831618,0.6089867460348914,0.6134068755098774,0.5541628165386268,0.7853350534357366,0.4793176110731956,0.5153085994057165,0.5091072686448822,0.5048447728896358,0.5480953644778224,0.5431937106236209,0.49418825999856386,0.47959639968618434,0.5128334400275532,0.5035527671235354
152,0.00042166,0.7306246043249872,0.7794022989527819,0.6080413232776705,0.6120149894465969,0.5553022566715812,0.8699769174957567,0.4950103523494707,0.5313766407173158,0.5153025650191098,0.6211432578882183,0.5806682806865657,0.5428320842902835,0.5122320567529438,0.4918298932084082,0.5296079628891607,0.5158171105708195
153,0.000364832,0.725382815367527,0.7377612830363841,0.5988879966356063,0.6041260069328619,0.5543027842045998,1.04860228862091,0.5368206472398404,0.5632188093011075,0.5939165105513003,0.7221914585243643,0.6631809957760901,0.5551636866106512,0.5698774245501818,0.5358307578391799,0.582178976220739,0.5678323099841408
154,0.00039161,0.7444293823916972,0.7693296731453368,0.6044332248924984,0.6109074150839012,0.5499506368588946,1.1642038372121684,0.5915321620549175,0.5902687390366749,0.6892867606268883,0.5900939031101142,0.794734832244328,0.5829138009415888,0.6448326637335912,0.5927164759649826,0.6451386269536993,0.6405306291658116
155,0.000204384,0.7046630543140753,0.6802850006639548,0.6004414591378971,0.6030046869934093,0.5532916148482463,1.2851920530477352,0.6761119370215987,0.6318765055892592,0.8744350494738988,0.637445467224495,1.086411655549558,0.628464843507955,0.748152953448399,0.6625387908718106,0.7327952619814844,0.7437714020118775
156,0.000170766,0.682017163636072,0.6293628266310561,0.5730097715311657,0.5786974244688419,0.5491549302103537,1.436701533680927,0.783677280033506,0.6925113269288697,1.2196045214454723,0.7388756548824056,1.436701533680927,0.6787973760037737,0.8598702442435954,0.7315872308573353,0.8189929084047696,0.8668884849972964
157,0.000180308,0.6741866853068047,0.6014189622088596,0.5767211212560764,0.5961503176555019,0.5363014502134864,1.436701533680927,0.8014568981437578,0.6971084710880062,0.823541726227764,0.6467908871530968,1.436701533680927,0.7117725101831496,0.824814967871415,0.7155646512351531,0.7819380779889048,0.8402684338915716
158,0.000235807,0.693823773873064,0.6258123108780981,0.5805868894820889,0.6026279328006593,0.5446657994844581,1.183245620959488,0.7308261701839528,0.6726734179696819,0.9519404418709935,0.6462835026206398,1.259881576697424,0.7218440649604536,0.7316081997982854,0.6721600948805969,0.6851129656092161,0.7625485374731996
159,0.00020687,0.710275606235214,0.6512142161810159,0.5768438207415792,0.5971291104625643,0.550191807877943,1.1963764850541414,0.6960023756839971,0.6786191223269076,1.0086446671876876,0.6423629532198614,1.1301363664522814,0.7144075566788094,0.7110443910998261,0.6713246332947492,0.6384751814883102,0.7756988593455512
160,0.000282316,0.7264987135770351,0.6778908270813425,0.5847801128725837,0.6074819693103067,0.5435833799832075,1.4237995267379435,0.7066909805337053,0.7042677023539333,1.0194905146440112,0.6090315712697476,1.3746434980705375,0.6855205434635231,0.7561369122686208,0.697718594382397,0.6385834312584777,0.8550742230568528
161,0.000191545,0.6732244395639732,0.6734205994146664,0.6049207295315406,0.6256425299984466,0.5534821896039757,1.3295098429063401,0.7136690393210321,0.7090720565922904,0.8352015763702971,0.6307344362225078,1.436701533680927,0.6484868307781351,0.751121381080357,0.6864591095839455,0.6403560328336831,0.8293595944612595
162,0.000203863,0.6953861471858702,0.7075653082531547,0.6131968697321519,0.6287105053769391,0.5561461565018175,1.1238733513529293,0.6854109734793484,0.6901000652082829,0.8034017995811695,0.6409291770662744,1.3665334361513128,0.6222976813591519,0.6986770746045574,0.6592995421779738,0.638676964018809,0.7534292963203812
163,9.94e-05,0.7168549953232667,0.7467940220375218,0.6172390775280997,0.6330016302222492,0.5554420101280535,1.1417386563434655,0.7013763275005126,0.7064465269027678,0.8563947682607347,0.5818696880864731,1.436701533680927,0.6128130227971889,0.721671148034692,0.6898476019319753,0.6795740712512812,0.7890148612226383
164,0.000192478,0.7345555251614196,0.770528698664386,0.6257358923793985,0.6402105071416659,0.555871101967637,1.3445670596114723,0.7638185389379657,0.7504321998691079,1.1452759019309202,0.6740158965478584,1.436701533680927,0.6121464538075604,0.8365186919103506,0.7742488618637295,0.7551406884967383,0.939828122994914
165,0.000200627,0.7337777057166363,0.7394914165075408,0.6233685077161015,0.6369947501679301,0.5560123683689279,1.436701533680927,0.7982908814797463,0.7595990800270196,1.2845239001286235,0.7553401612384679,1.436701533680927,0.6181648696617231,0.8936364224188832,0.8083857509922292,0.7714699808605107,1.0132138181136383
166,0.000165445,0.7318661418581274,0.7444033934661377,0.6287856697111548,0.6445026781787043,0.5552601894219048,1.392155586201634,0.7867854463088497,0.7366481605183258,0.929413466929814,0.6621854578173804,1.436701533680927,0.634139212662106,0.8377975980208633,0.7605146815643647,0.7505054268601846,0.9143679463090759
167,0.000198746,0.749993287590114,0.778174795756291,0.6299455129577767,0.6461636415794967,0.555783473512459,1.436701533680927,0.7704696226865161,0.7299694400238048,0.9448441600175871,0.7574818606854499,1.436701533680927,0.6527910104730065,0.7835135946141313,0.7215598836962159,0.7457924087481602,0.8455542965430565
168,0.000253583,0.7694860624006685,0.8115711687185208,0.6379936458780378,0.6538750095711062,0.5570058911550286,1.3746434980705375,0.7382094677112354,0.7211614117708186,1.0320624770318556,0.7114070370447705,1.436701533680927,0.6576143058034429,0.7403169620236771,0.6944189768543584,0.7285011320200999,0.8118019476537494
169,0.00014274,0.7732012640221585,0.7873660125744367,0.6382834193865219,0.6467440146972254,0.5576351526985656,1.0939827591769586,0.6871561152912797,0.6881814888498872,0.85357947941481,0.7105545675627821,1.436701533680927,0.6526526054027457,0.6859990053791324,0.6473233911798165,0.6951225498532312,0.7415482779236205
170,0.000165955,0.7872245924045452,0.8124076246671252,0.6423721376879887,0.652897940475936,0.5574391660755929,0.9902140934249072,0.6710579428330478,0.6717548647689602,0.7887303175407738,0.6718092988199363,1.4237995267379435,0.6552460515760111,0.6600745479597488,0.6224845066857168,0.6928065280013074,0.7027672564570819
171,0.000217602,0.804652679654252,0.8485369011582284,0.6454196173247625,0.6556150154312648,0.5563803826704962,1.0831986561078384,0.7001114203968657,0.694276620944154,0.8471239902134977,0.6430026317727838,1.436701533680927,0.6657044870424019,0.6847172369859414,0.6444849695012407,0.7236326118858575,0.7361889862590592
172,0.00016797,0.7598739660236452,0.754074093600311,0.647351589080213,0.6566007854966659,0.5579008012815027,1.2181385781103202,0.7274026662201831,0.7216155094321008,0.9142210879303752,0.6980644356205464,1.436701533680927,0.6753324853069781,0.7248819760340484,0.6773527495629529,0.7417860218279115,0.786688810065583
173,0.00020235,0.779040140111204,0.7871708112588499,0.6409582064776813,0.658571342885187,0.5566464144127252,1.1724978849904986,0.7071929048467089,0.7124413518596453,0.849381099705486,0.7060448411072303,1.4210797543848939,0.6864978331117195,0.7186627379201214,0.6708914226076691,0.7205537442372356,0.769832179307214
174,0.000317992,0.7922530085090941,0.8174795370518831,0.6464681000026301,0.6501442405856364,0.5556629169158988,1.1283310863615306,0.6905850747298392,0.7009062007814488,0.7851520307566432,0.6644202060489972,1.221001221001221,0.7050093960259878,0.7032510004814134,0.6555892741803199,0.714046039054195,0.7420291424302956
175,0.000145908,0.8039888551560772,0.8127084356482525,0.6536391277280419,0.6555156176987124,0.5575341309958822,1.1911783418010458,0.7022768720015367,0.7127844655560283,0.8404740782474183,0.7276476887283897,1.255919123084452,0.7212724918499119,0.7139428490676824,0.6602322344059075,0.7331984430936128,0.7530268007255779
176,0.000277735,0.8216620920007277,0.8595660000078906,0.6520867623558723,0.6549617716961978,0.5576133055152714,1.2285594505261939,0.7161574591298586,0.7229484473034994,0.9283354905914091,0.7127924508437705,1.346101078432811,0.72551269849244,0.731138680989112,0.6715916419721059,0.7397386626135476,0.7785639923615117
177,0.000254946,0.805672097739597,0.8558354057599991,0.6585335568823704,0.6559792682340299,0.5559777183651203,1.203390607527082,0.7274693557462574,0.7215847361586011,0.9765203603812037,0.6843908474366783,1.436701533680927,0.7268383591006546,0.7479538470164597,0.683665974939902,0.7309454675592642,0.8037156079908636
178,0.000215183,0.8141393151927866,0.8450044909541334,0.6771365078299731,0.66796672631849,0.5573077143189114,1.2811986967766231,0.7639673769738015,0.7400908425786478,0.9510964807727809,0.6881496651198554,1.436701533680927,0.7365184983056944,0.7793292303831933,0.7046917129094608,0.7409376184720419,0.8377679616633977
179,0.000186379,0.8142770367560586,0.8212308259888268,0.6724395952596628,0.6560593074609447,0.5565888323425199,1.4219846126455618,0.7989294359919195,0.7684276364243132,1.0037160615133407,0.7265591139005146,1.436701533680927,0.7482400300535411,0.8192127599614459,0.7327494035214137,0.7739843724623708,0.8785691060143118
180,0.000119155,0.8190067520982866,0.8363122514893161,0.68111359544002,0.6707963238326747,0.5543553665075739,1.2872027849990777,0.784041393008738,0.7615921815805154,1.0085864890154743,0.7182036855673654,1.436701533680927,0.7555099053326347,0.8078106039053695,0.7313677819293276,0.7743702377705493,0.8681553553543103
181,0.000127019,0.8351850600195669,0.8783192792712452,0.6797827621098239,0.6623547308212173,0.5566051273417673,1.1058402139616654,0.759170081108924,0.7468268226288155,1.2170070944302729,0.7531075173381258,1.436701533680927,0.7628979604590904,0.785091051626733,0.7206327131000907,0.755499038282804,0.8515474023865403
182,0.000122663,0.8045558720280948,0.7986934095447399,0.6764256441700753,0.6669018577332011,0.5555921332417157,1.1085723082840837,0.7826936824534311,0.7559613018546035,1.1014743667761033,0.7185400041794107,1.436701533680927,0.7755651015625651,0.8021778723937742,0.7292085261466007,0.7628140551360062,0.8740330485730367
183,0.000176696,0.8179462849154531,0.8220870376527688,0.6757471444048141,0.6661929054906521,0.5538548323802195,1.2488836262375904,0.8322643002048461,0.7768053772472922,1.1579715645490782,0.7036018464676024,1.436701533680927,0.7840535388501774,0.8358648745301431,0.7516411869395875,0.7794351119353018,0.9212772426174927
184,0.000123072,0.8346607168657098,0.8511411719413506,0.6801362934357036,0.6687303428115856,0.5565079217131295,1.3538507168915261,0.8372424391262238,0.7762861538101872,1.167107478874953,0.7269411927281835,1.436701533680927,0.7830322269508727,0.8306708870058259,0.756934823811408,0.7638985636724149,0.9264811946723581
185,0.000200128,0.8072466246554209,0.854977741441198,0.685009665910787,0.6753586823643098,0.5564492971347852,1.3947123479262051,0.7930530820461257,0.7560225474041076,1.1015669881449572,0.7002271124308972,1.436701533680927,0.777710603765116,0.8060232123936701,0.7451386300077548,0.7393436970142883,0.899275593896573
186,0.000140928,0.8005826519135336,0.8553283819472874,0.6916873926117576,0.6801412487722488,0.5579166647456026,1.436701533680927,0.7717319000683515,0.7512642535670488,1.0678726597984425,0.6890537377651739,1.436701533680927,0.7709079728838578,0.804033059018584,0.7392507809804887,0.7442033698679515,0.8928349717282699
187,0.000124382,0.8189548418669897,0.9043697904288958,0.7002303569594036,0.6837626258111363,0.5585210297356612,1.436701533680927,0.7637217005318565,0.7489284764886865,1.1173352442070652,0.7348303467189521,1.436701533680927,0.7580945798788219,0.8071604731079383,0.7317587357048365,0.7635085052187959,0.8873043556180323
188,0.000201715,0.7931347944122807,0.8932747167830732,0.700989733885121,0.6813795054771677,0.5584063618858364,1.436701533680927,0.7563289985947941,0.7381600513931792,1.0437439904818817,0.7142582923955235,1.436701533680927,0.746698269039824,0.80217299441528,0.7204594870543642,0.7771999156237807,0.8683821672104438
189,0.000121633,0.8116435817889031,0.9335453169984333,0.7063665789761204,0.6866313776320035,0.5582079175798693,1.436701533680927,0.7683633265777923,0.7368887834408321,1.0288124646513765,0.7059805462740267,1.436701533680927,0.7473943003326693,0.811589691147455,0.7252710274441444,0.7923423083168407,0.870144969844425
190,0.000131407,0.8028127683347913,0.8696680382883064,0.6996675658125171,0.6828170102532999,0.558435433651569,1.436701533680927,0.801236447810226,0.7532286409391106,1.1804895417003727,0.7618929200039759,1.436701533680927,0.7581563454292265,0.8661158743125807,0.7646889284083281,0.8294422671264453,0.9412459885685236
191,9.06e-05,0.8110984344175588,0.8587728828578125,0.7017461438979399,0.6838361481870059,0.5578187704761105,1.436701533680927,0.8133042828834333,0.7544552743219072,1.1567458538303854,0.7427173485971205,1.436701533680927,0.7701543004796246,0.8801004709637695,0.7749970353756049,0.8347321600561332,0.9621538372186776
192,0.000166366,0.8291045433939036,0.9028475179967183,0.7041016109472765,0.6854596647633415,0.5578182237254863,1.436701533680927,0.7795574513911365,0.7289863289274324,1.0595061570685027,0.7321243569372834,1.436701533680927,0.7784644094155683,0.8238867875924613,0.7383920139736215,0.8050566951655819,0.8927699625471311
193,0.000151765,0.8433425923834487,0.9271909450673603,0.70094850602362,0.6833642049231962,0.558899000545991,1.436701533680927,0.7439594036453067,0.7055077433187166,0.9947470323171235,0.743768809882308,1.436701533680927,0.7801924521659833,0.7668403423138626,0.702361987609107,0.7746878398712751,0.8297984014799753
194,0.000111056,0.8401469877016441,0.8904434960265376,0.7046189709939835,0.6805261135136921,0.5571425769798032,1.436701533680927,0.7296461889576356,0.6920880273045835,0.8727277472604923,0.7051938050254685,1.436701533680927,0.7744814272342404,0.7342722822503256,0.6814672145005287,0.7535586626153457,0.7932668446832107
195,0.000189299,0.8551864978809439,0.9245109945381446,0.7101379408334995,0.6954857358253435,0.5584173318300628,1.436701533680927,0.7296939149233722,0.6873104985090691,0.888146156640956,0.7023456168195333,1.436701533680927,0.7661282703529468,0.7191953118258221,0.6737941614416763,0.7367930099516863,0.7793247574648835
196,0.000161494,0.8386045435940177,0.9188361969136248,0.7142445188702273,0.699949331801816,0.5593030899036578,1.436701533680927,0.726553073190239,0.6853268026123138,0.9600034701500155,0.6884783807349242,1.436701533680927,0.7595838940231809,0.7238463639770492,0.6803812166208513,0.7243749888087603,0.7908127262370648
197,0.000359661,0.846825420022365,0.9406057136622302,0.7113809533581001,0.6922290409199119,0.5588759047506487,1.436701533680927,0.7169315934310398,0.681479177446344,0.9252511527144027,0.6665965443984333,1.436701533680927,0.7535883184445048,0.7332270011314799,0.6837908233708749,0.7150965315664161,0.7992621548357806
198,0.000151987,0.823974882909931,0.9353831404940104,0.7153154879441106,0.6964712106080299,0.5585177368507385,1.436701533680927,0.6965201686097866,0.6671692343882019,0.8328532797148327,0.6960321148363365,1.436701533680927,0.744750570178562,0.7184909282869876,0.6649261731024485,0.7054657131925134,0.7692378926797406
199,0.000321477,0.8414670307851608,0.9735856898529461,0.7182036855673654,0.6981405254206926,0.5581914814106701,1.436701533680927,0.6652774212700252,0.6446477756421221,0.7860240598858945,0.679010282571343,1.340754840258987,0.7317044333537664,0.6860203614122894,0.638614604279221,0.6925468985432479,0.7282771471199574
200,0.000162437,0.8203651098402798,0.9605753051402953,0.7150331869735531,0.6935356773059305,0.5592777397547779,1.436701533680927,0.6459436449473216,0.6326798947992608,0.8004711486879454,0.6952537817308801,1.204352416615849,0.7183227443931252,0.6678935116270313,0.6239806000438682,0.6803574068100509,0.7077282802657546
201,0.00020567,0.837349683789215,0.9860081822790905,0.7174731221237859,0.6983582152951218,0.5576171285869848,1.436701533680927,0.6461491947528203,0.6336898566047936,0.8767865609987094,0.6908331560070634,1.3008532493051261,0.7087555812011334,0.6739696033198684,0.6253557600691395,0.6723591553191844,0.7132537712313968
202,0.000322327,0.8498524779887312,0.9851246230443824,0.7012535473227225,0.6871377189327147,0.5568600587191068,1.436701533680927,0.6551326494996964,0.6380214601009385,0.7850407545390242,0.6730284510309549,1.436701533680927,0.708118307131429,0.6874076803663585,0.6277147785494572,0.6833049038284433,0.713016147918736
203,0.000183215,0.8370816493659055,0.9182893257793824,0.7085672439718941,0.6870335008020106,0.5547733372424627,1.436701533680927,0.649831967948378,0.6293934540306545,0.7327209012500626,0.6592887096599871,1.3228971527856948,0.7179878965157948,0.6739184989597679,0.6161044241847837,0.6919512742228767,0.6868823666236108
204,0.00025666,0.838138642348443,0.9263935295627495,0.6966127913269755,0.6787688065723463,0.5557704950433103,1.2939740194363865,0.6268129605218591,0.6172198189678645,0.7941599125015802,0.6869589424230851,1.150713548849758,0.7278395126702999,0.6450650546005159,0.6035067420642236,0.6713837291926712,0.6672234968585731
205,0.000292617,0.8515026691158605,0.9387552371415189,0.7018724504522553,0.680825131697471,0.5555202965667906,1.1058316944899031,0.6011402638873365,0.6008312048689024,0.7124629955495022,0.6136782402525737,0.9824164395548503,0.7258509623323802,0.6177745940777466,0.5829899331580078,0.6336041061487648,0.643169345268321
206,0.000676015,0.8681903964852435,0.9761832071390157,0.6991685641755814,0.677173674922966,0.5549046180551244,1.0402515056294823,0.5826650192796767,0.586134732963376,0.6795117979620465,0.5835775277302342,0.8797377893823912,0.711636243181017,0.5983082960475714,0.5660619950171416,0.6069241562035809,0.6235540082751041
207,0.00023378,0.884592575048715,1.021374906955505,0.693125182166169,0.6707944222696488,0.5569302398829319,1.0955574811480298,0.5841574836556006,0.5878593978652391,0.6655474912338648,0.643017706052934,0.8748776808296705,0.6925144653802462,0.5944047878146284,0.5653878649866356,0.5991208910627007,0.6245783811155812
208,0.000193952,0.8938973027100313,1.0137778515343996,0.6932951709803548,0.6786112469515891,0.5533033532594952,1.2675095873203386,0.5959535358981501,0.5970017220593538,0.6197109097609211,0.6817385294089989,0.9146811594610175,0.6772460705132631,0.6052186872295515,0.5731307099484092,0.605701796479672,0.6321070968562371
209,0.000239798,0.7712646838572221,0.8005341665251164,0.6907677362496437,0.674817895249069,0.5560329448741799,1.436701533680927,0.619293009437437,0.6139514234055707,0.7154919517141217,0.6237740753796264,1.0100991550078469,0.6733023060426111,0.6239828959147903,0.5912122911379426,0.6168971360662457,0.6527594673949063
210,0.000317758,0.7836954736355768,0.7986147805360866,0.6832626988951312,0.6717271753297855,0.5555527006392905,1.436701533680927,0.6580285691512157,0.6424656747043523,1.2392464308075557,0.6346362204470996,1.4007333357921807,0.678672288282907,0.6933182655280039,0.6532269480491203,0.656164292182492,0.7524866680590159
211,0.000116466,0.8032401356825952,0.8369818954069079,0.6511794219409268,0.6367514511091349,0.5515297566996488,1.436701533680927,0.7135065064949909,0.6695778921828204,0.8603753617310482,0.7335712015510881,1.436701533680927,0.6938069408444364,0.7806775906529854,0.699650303869048,0.7214049096196451,0.8370650212291875
212,0.000140007,0.8223006336052727,0.8683264787477489,0.6596392317864092,0.670300563910385,0.5475743409769525,1.436701533680927,0.7369757680417474,0.6679075895056759,0.7249947844969045,0.6670672941745932,1.436701533680927,0.7184091574739142,0.7588863209100389,0.6747936968310518,0.7519423389218217,0.7747889104718046
213,0.000224679,0.8145509872681317,0.8762392865817566,0.6588864793963202,0.6710988782115338,0.5518338762514831,1.436701533680927,0.7083152416436699,0.6595226301806294,0.9381304311772672,0.6991954808450495,1.436701533680927,0.7389709717848404,0.720249897465367,0.6740342235860948,0.7257052462450426,0.7659371151060077
214,0.000257032,0.8281922407177316,0.8828338729695214,0.6562319361508303,0.6692169597011413,0.5563641074013688,1.436701533680927,0.6908840508928011,0.662983548455186,0.8950560276491306,0.6323936996005688,1.4329795027289751,0.7462815825118145,0.7130778157605699,0.6715935503230696,0.6840135051788664,0.7682576077061841
215,0.000272092,0.8460231436718688,0.9128713856110838,0.6519522961728546,0.6745721603887769,0.5508993219142396,1.436701533680927,0.6942123258731107,0.6658123118024524,0.9251912759201008,0.6956426217139683,1.436701533680927,0.7414891987006488,0.7142456666335683,0.6599088271574967,0.680221540317143,0.7615949645622814
216,0.000164762,0.8637433852166627,0.9567896079028579,0.6709580158209228,0.6780586870831057,0.554134942925003,1.436701533680927,0.7006622815590147,0.6627945317134973,1.0333565345147055,0.6754324386008206,1.436701533680927,0.7202675524521321,0.7111905160139713,0.660314747624275,0.6975164673048273,0.7719172858184652
217,0.000259063,0.8597200833637061,0.9153834433262383,0.6732398184556493,0.6778339204169337,0.5575128415350825,1.436701533680927,0.676676338927462,0.64942090485143,0.8426500386085389,0.647759588941009,1.436701533680927,0.6878490974422196,0.6891990915510441,0.6483657398818894,0.6936113467501446,0.7507132419207728
218,0.000158587,0.832157182190779,0.8396524053383596,0.6680070985606399,0.6711941057422248,0.55808577675911,1.436701533680927,0.6627871945181961,0.6487670597748183,0.796094955803315,0.6411075629250135,1.436701533680927,0.6619340754533061,0.6846393865606205,0.6489004249759157,0.6916394465647416,0.7441475479132529
219,0.000153495,0.7332630138490515,0.6949575571880324,0.6650401055849839,0.6712674585716547,0.5551545241551837,1.436701533680927,0.6749398949125949,0.665300610248716,0.8351740496634238,0.7299106351467262,1.436701533680927,0.6481126129477277,0.7122944547382639,0.6742899934745962,0.696603207953012,0.7781703426858843
220,0.000135261,0.7551583225737476,0.7328498075755632,0.663500039021102,0.6647179114639171,0.555557561739262,1.436701533680927,0.7007609026604351,0.6841970536418558,0.9594465653972342,0.7941236270520775,1.436701533680927,0.6470399080755467,0.7593231130496909,0.7089642726989707,0.7090799177575923,0.8288640770685978
221,9.16e-05,0.757927202519845,0.7174929006688808,0.6627459273344014,0.6711055428194056,0.5554641429372416,1.436701533680927,0.7263610571459744,0.6926536462845544,1.020329336201192,0.7209665548245165,1.436701533680927,0.6617112702755219,0.8034197682626101,0.7360256519937952,0.7379295730537326,0.8719394327625241
222,0.000112599,0.7729043927253554,0.7416343533652711,0.656529461779882,0.6664930012162102,0.5563570552282857,1.436701533680927,0.7611181287688925,0.7058619794694966,1.054325585096616,0.7585918776019592,1.436701533680927,0.6904378056670442,0.8392033728992722,0.7524423804146226,0.7963350482790192,0.9041182595920504
223,0.000149832,0.788575803295702,0.7496573092358433,0.6600509953184697,0.662603843791695,0.5555818691533273,1.436701533680927,0.7859277038867724,0.7134081250974362,1.0214353264580807,0.7580849732610041,1.436701533680927,0.7236278374656477,0.8380385100757769,0.7455220760419833,0.8518178970691285,0.8943904501948625
224,0.000208704,0.8023698101636831,0.7777446854454365,0.6676758870661939,0.6728144043648316,0.5563239678433118,1.436701533680927,0.7731197358786487,0.7030812480282084,1.015132748058312,0.7061169165402271,1.436701533680927,0.7532596041252987,0.7922373449891188,0.7162558250159275,0.8482368350554321,0.8421924189522754
225,0.000132128,0.8201078396419419,0.8134907540796764,0.6724348063598322,0.6763496129218685,0.5582999869662932,1.436701533680927,0.7581810558768913,0.6945424228342155,1.0413097944815837,0.672337135131158,1.436701533680927,0.7802582821011599,0.762671479600153,0.6975977247991557,0.828093842028977,0.8136128774275432
226,0.000130031,0.789932443229354,0.7459401058146461,0.6808281139292806,0.6887056751554611,0.5578122095747265,1.436701533680927,0.7640671190463022,0.7002498250776068,1.0775265881373237,0.6843393548992769,1.436701533680927,0.7992412472150314,0.7746746596653175,0.704851603842956,0.8319104235581563,0.8354935268974331
227,0.000163426,0.8019828226369039,0.7754284755144555,0.6863114089395073,0.6912208636706535,0.5594491959648581,1.436701533680927,0.7640671190463022,0.7050933007446456,1.0691253689006397,0.6889939735361765,1.436701533680927,0.7965132704965158,0.7819546446171959,0.71075014927572,0.8233588084119194,0.8544977881324863
228,0.000210382,0.808229375630701,0.7664656188273928,0.6874056340077128,0.689345569221,0.5592474343182134,1.436701533680927,0.7275178687423898,0.688782862448147,0.9610810439207043,0.6961564232668764,1.436701533680927,0.7749970353756049,0.7555180559277517,0.6953776735322538,0.7870955361694143,0.8272793760036309
229,0.000209181,0.8273025621597825,0.7977210075093875,0.687489549701169,0.6836770474398816,0.5582424382616831,1.436701533680927,0.7031075242359125,0.6781127036514585,0.8916022201980295,0.688706704148679,1.436701533680927,0.7535586626153457,0.7369543341933916,0.6840296353853897,0.7652049709336507,0.8055271701732348
230,0.000199969,0.8436129057118609,0.829517772460003,0.6903113539435878,0.6840447584904326,0.5575827237721213,1.436701533680927,0.7161528311453736,0.6892857290315056,0.9038111178393572,0.6794554702111685,1.436701533680927,0.7391858878212236,0.7547042998420518,0.6954751392553831,0.7700751707756184,0.8248273412404703
231,0.000165794,0.8566382255846827,0.8609054883631619,0.6923785049459564,0.6835743957968357,0.5584732886039299,1.436701533680927,0.7378245364529502,0.7032367584549238,0.9841953833962799,0.7249743790652311,1.436701533680927,0.7308642897982258,0.7773493172672635,0.7126248161383288,0.7645016632221084,0.8498602120411044
232,5.45e-05,0.870088941574513,0.8739321093131351,0.6934663354000743,0.6824262456453228,0.5588060848795615,1.436701533680927,0.7458525226291539,0.7031776085286399,1.0056583150194356,0.7397577899109331,1.436701533680927,0.7344693946266755,0.8048004196375218,0.7309097952116927,0.7766710463386957,0.8747342790008703
233,9.95e-05,0.8471661216799624,0.8147638725418298,0.7025628958198289,0.6747830503517885,0.5573851559652305,1.436701533680927,0.7622623686181281,0.7077673656354263,1.0894822883644792,0.7386572006639258,1.436701533680927,0.7535923626924895,0.8273096967538948,0.741800165155327,0.809120598049066,0.8927744454830435
234,9.52e-05,0.840988850429294,0.7903271181309498,0.7032838699991191,0.6776828929274558,0.556905755068001,1.436701533680927,0.7808650003547581,0.7185423413775123,1.214674511396215,0.7008628187455346,1.436701533680927,0.7735188872499986,0.835247460264103,0.7425161016436733,0.8387234634932015,0.9015936621097366
235,0.000193579,0.8577134999649747,0.8148848657312205,0.7011091187156813,0.6758006103736797,0.5567224936001598,1.4311293024703062,0.7402722326994232,0.6987737848994295,0.9613020312886856,0.6738693340398308,1.436701533680927,0.7766341544436832,0.7675914410620753,0.6940163888237949,0.788145188196416,0.8151116600792178
236,0.000244573,0.86647835459335,0.8389856375049022,0.7025683576884825,0.6784203530027288,0.5568731136709504,1.1414808899670832,0.6681010158105614,0.6571382431098202,0.7959535460222771,0.6538028096557404,1.2624089244264212,0.7665152664925611,0.6873370915522977,0.6372562615065727,0.7125735230318463,0.720427683602915
237,0.000468893,0.8776477266513875,0.8735895972476547,0.71566623687859,0.7032367584549238,0.5575728949946469,1.123922542151378,0.6281007927439655,0.6348537268789924,0.7257221014682341,0.6179268994173658,1.0467295857564685,0.7520468228002191,0.6500334663719335,0.611676605871412,0.6698986857028024,0.6825393981483259
238,0.000343544,0.8396468112917875,0.8601066567247817,0.7193312784234687,0.7034592519663653,0.5596622196127591,1.2605119903354218,0.619593242965403,0.636932881832675,0.7936948890362014,0.6580276716316731,1.0351233116646614,0.7283233879432643,0.6487438368256266,0.6124530513064533,0.6553018882898605,0.6941217106993934
239,0.00020677,0.8331063427781767,0.8250855413617624,0.7249779798985632,0.7036808592057361,0.5596594586832658,1.3250904073771703,0.6193064768994274,0.6374519945658196,0.717767642491712,0.6916717569356187,1.0439948017690581,0.704704941132874,0.6534790847812028,0.6104726590956786,0.6531391640663486,0.6926327114644045
240,0.000195796,0.7984720239574707,0.7493840790800359,0.7241619644400892,0.6977581848045593,0.5590414879167103,1.3192658059610491,0.6350327331319603,0.6424122199778646,0.702210328789985,0.6876052399922197,1.0765859480857145,0.7028011516587349,0.6523743099861423,0.6053919421901982,0.672693553457061,0.6725277292818949
241,0.000158669,0.807976705245275,0.750023853481679,0.7206574698794959,0.6961649254215331,0.5581142508585013,1.5289554739712752,0.6950135992104626,0.6817375313341345,1.057507471226788,0.6872583441961605,1.5555279019719948,0.7257401619392698,0.7325177640277825,0.6696743656519342,0.7783455544429811,0.7653984032886428
242,0.000178543,0.653069839737324,0.5993357467116125,0.6967640480416725,0.6697103174112102,0.5553313857537042,1.706598950163793,0.7833878690154676,0.7362618935574924,1.214110370384988,0.7160533511752621,1.706598950163793,0.7622777158408209,0.8995139328026116,0.7757179732502554,0.9240906192190684,0.9534931015130449
243,0.00019234,0.6649345076401063,0.5946901177528461,0.6867435744689057,0.6711864860479374,0.5517306836869503,1.706598950163793,0.8186228499575852,0.7415752535686346,1.0182278386769368,0.6935472363126978,1.706598950163793,0.810668476672191,0.9276356825659252,0.7828628998015593,0.9231276626265909,0.9505441032818521
244,0.000147264,0.6672019773982911,0.6110705085221578,0.6869660908044902,0.6841385441353488,0.5520717040707623,1.706598950163793,0.7986661274617888,0.7265977780144974,1.0650986323807048,0.7251460784860778,1.706598950163793,0.8703608836227555,0.8611326983040107,0.7558987106747224,0.860909508214763,0.8973870601997906
245,0.000148428,0.6691291770161302,0.6259258324388871,0.6862431932523415,0.6862065484472266,0.5554970771357897,1.706598950163793,0.7897756697930184,0.7365008796007455,1.179216832106026,0.721671148034692,1.706598950163793,0.9037041571178538,0.8379717751618669,0.7456461052727946,0.8141801142965477,0.8918613224845897
246,0.000139035,0.6880275440486742,0.6324080399731339,0.6895499687245745,0.6911802953116483,0.5547749507850944,1.706598950163793,0.7698580491108545,0.7371094565890718,1.0419684131265134,0.7128814479246514,1.706598950163793,0.880156307952694,0.8079833514302324,0.7195506284079229,0.7754387566827148,0.8626149717894172
247,0.000124451,0.6359332816897546,0.6267896891746734,0.6975464009727316,0.696723561237525,0.556233956644989,1.706598950163793,0.7309959097914471,0.7116021886574615,0.992223461618142,0.693433772895147,1.706598950163793,0.828194030109492,0.7681190963332295,0.6896491369852106,0.7490012641197112,0.8150212606916667
248,0.00012746,0.6600102370889723,0.659607589578486,0.6997776407455453,0.6994497274875562,0.5571491142809173,1.706598950163793,0.7138293917379714,0.6993775191051538,0.9862468187640019,0.6715229521699755,1.706598950163793,0.7836105809983787,0.7569963062998495,0.6874179124337282,0.7432160100193015,0.8054662580699307
249,7.83e-05,0.6833330447960161,0.6934715878466169,0.7018071109616634,0.7046079514566315,0.5569084754435205,1.706598950163793,0.7304477571109684,0.7155242598766581,1.0161194434294272,0.6638711490619441,1.706598950163793,0.7478905881955157,0.7916381304817868,0.7153143350155728,0.7591673246251728,0.8524494046854099
250,0.000108231,0.7044614407570228,0.716954809826994,0.7035184730009942,0.7034384184921644,0.5579609802111308,1.706598950163793,0.7307720751645359,0.7212843119005485,0.9443264713365868,0.6957147400251043,1.706598950163793,0.7169188253745805,0.802215273185522,0.7254116722558362,0.7472759691353427,0.8609778543085705
251,0.000123089,0.7249911834131717,0.7438958561117602,0.7063055259263231,0.707431442916898,0.5581783335206029,1.706598950163793,0.6998121847653982,0.7010537599832481,0.8646745619032924,0.7672711008129179,1.706598950163793,0.6989640990259612,0.7672099258676172,0.7053308251210026,0.7158094537475704,0.811987387173729
252,0.000124574,0.7029520995092157,0.7422506029310361,0.7087578242156616,0.7093259920538613,0.558165734331062,1.706598950163793,0.696646868749043,0.699770084923075,0.857677724719393,0.7538850694343051,1.706598950163793,0.6992794808384307,0.7664202351175894,0.706276669994793,0.722183153170425,0.8077325716553181
253,0.000199552,0.7175848341983887,0.7588408937412366,0.7111282036779749,0.7107659837621136,0.5588495130616237,1.706598950163793,0.7301275485835788,0.7254008505191407,0.9408312351935215,0.7324075956231857,1.706598950163793,0.707727163636052,0.8185243675579161,0.7380802459925034,0.7662529523351513,0.86353641454538
254,0.000174196,0.738573426633657,0.7890519983242884,0.7169919607523116,0.7176558450310454,0.5590436893484715,1.706598950163793,0.747385094778991,0.7319130697330093,0.9632949859060167,0.731015597398014,1.706598950163793,0.7162604549974402,0.838874044048831,0.7499135680682538,0.784778756429804,0.8824331691434965
255,0.00011894,0.7586358847158173,0.8195870877058876,0.7208155018172778,0.7188686041843397,0.5598456368148469,1.706598950163793,0.7467730319270351,0.7211661375372685,0.9379068458001724,0.7374187323267146,1.706598950163793,0.7332965477013922,0.824493455600543,0.7416677638490493,0.7946463017779682,0.8620070205975309
256,0.000133446,0.772075258740887,0.8183534036230194,0.7236505168033516,0.7205325331456237,0.5597323609246168,1.706598950163793,0.7837409631850298,0.7397335622514827,1.0775699405661312,0.7322950029033873,1.5112535114842602,0.7616436716822673,0.8621927031500477,0.7672952902930661,0.8551293700757875,0.9097862966918209
257,0.000129897,0.7790997200249553,0.8302379057435795,0.725893127983477,0.7233320078503435,0.5590860719794212,1.706598950163793,0.839102858577913,0.7745326490185621,1.2798758273512985,0.7316217688973818,1.2611433512517123,0.7830972656768024,0.9294514032572728,0.8088104182708602,0.9210630278814055,0.9995094611787226
258,0.00012981,0.7324273975142889,0.7289448420691951,0.7208379177475427,0.7258365072291575,0.559153243420569,1.706598950163793,0.8292517976918587,0.7697560222494788,1.2746250325866857,0.7438608470817879,1.3392390061505133,0.7894515536350593,0.9076801128179971,0.796734623495086,0.8927834115574668,0.9718230806170353
259,0.000150635,0.7535344013590911,0.7643370398763232,0.7146822176622615,0.7081194256135597,0.5576766694223741,1.706598950163793,0.8017651851317403,0.7506839242122537,1.0415374996150535,0.7437195645692167,1.5974767016710991,0.8016174875074812,0.8597000678563346,0.7661806860432839,0.8607306793008103,0.9035925864072761
260,5.6e-05,0.7663776952105205,0.787445979435295,0.714976766876763,0.7087017552402847,0.5576712061657624,1.706598950163793,0.8328296237370606,0.7737566320975119,1.208467376793557,0.7501607813740265,1.5101674506098957,0.8213966171548482,0.8893003546602071,0.7854754575335333,0.8929336334730158,0.9377743299588465
261,0.000126131,0.7832167976792345,0.7996967613003828,0.7133829642993481,0.7072341301573057,0.5589848100042151,1.706598950163793,0.8628779401129936,0.8014325748404363,1.4320535061846307,0.751572976112119,1.4201766213070917,0.8245658513797224,0.9261582092351646,0.8106970073610886,0.8948212138425059,0.9912157161625849
262,0.000152159,0.7603997040389698,0.797957773147094,0.7151126583328209,0.7074392496415008,0.5584738372830224,1.706598950163793,0.8121898298368861,0.7681633547086965,1.1795113618117965,0.727439040051523,1.706598950163793,0.8117665600042356,0.8628516324576844,0.7704264049688926,0.824834411987094,0.914874066073194
263,0.000181232,0.7809325008951854,0.831015952424089,0.7209063582620892,0.7112596452211756,0.5584919446003552,1.5860433218741126,0.777297534665718,0.7370564769532434,1.0345124536136194,0.7194860928775294,1.706598950163793,0.8059852764950711,0.811640213309299,0.7352030973788257,0.7967792349237739,0.8555867133587748
264,0.000149332,0.799286281052538,0.8601768165762651,0.7305828371493143,0.7125894797002836,0.5589237492187007,1.706598950163793,0.8000691545658803,0.74792221559959,0.9678548265715963,0.7276040032188658,1.706598950163793,0.80211934252437,0.8231584423045739,0.7391362751699051,0.8249705593111479,0.8681986420738855
265,0.000172329,0.8166582135833284,0.8930704686483002,0.7438880759001507,0.7233641975079699,0.5587599191824296,1.706598950163793,0.8023763189433236,0.7494835214903751,1.0804944742019236,0.7080545624094944,1.706598950163793,0.7823797125688345,0.8244846281514484,0.746622217567267,0.8112867561747532,0.8841393958962661
266,0.000133621,0.8275648798108625,0.8850748422651931,0.745245518040193,0.7186042854385797,0.5601044953143715,1.561490085199888,0.7610695223983425,0.7202145913862713,1.0424426794525092,0.7401815209696236,1.706598950163793,0.7606435737847534,0.7848487999945299,0.7286448833213814,0.7507972161831697,0.8514229446799738
267,0.000154379,0.8057017516523539,0.8161594135024713,0.7452403029226077,0.7156858663646718,0.5594828441411375,1.4320535061846307,0.7567723089468246,0.710447235851333,0.9249070198111535,0.7485225786049872,1.706598950163793,0.7555329993706149,0.7707420616519403,0.7162998134657725,0.7402620099921927,0.831068382167524
268,0.000137721,0.8162125067886142,0.8107759020038598,0.7419416429386302,0.708864391941745,0.5579856044776071,1.5736230577147716,0.7863439710769474,0.7297122735578991,0.983265773865185,0.7565389623578518,1.706598950163793,0.7532219103169185,0.7883719834702568,0.7299339103778435,0.7711765432023021,0.8558452789801506
269,0.000118614,0.8346002792611293,0.8450615143161714,0.7437014240247158,0.7137079721155021,0.5583180773781702,1.3250904073771703,0.7570646377503285,0.7186580611966792,0.916441121030917,0.7428464391537953,1.706598950163793,0.7383742604771066,0.7573203614893482,0.7131029442838442,0.7510773340468772,0.8192300786279813
270,0.000140014,0.852998239903155,0.8883845875143558,0.7393067809708643,0.7099913362486814,0.5581098699441462,1.0560538826833263,0.6971159410201194,0.6822781309924787,0.8021388510572962,0.7152613063284337,1.706598950163793,0.729992720881026,0.6987415436724235,0.6694049118848595,0.7032915402164426,0.7402888455019861
271,0.000187233,0.8611548256954505,0.8786887566679293,0.7403795967012908,0.7144385694600461,0.5579325295629746,1.068775242813391,0.7035645441475236,0.6872225588896774,0.8275934464519584,0.6956383801587757,1.706598950163793,0.7419866755755996,0.7040950137159244,0.6714333055296602,0.7150147626162122,0.7411747753311165
272,0.000159046,0.8776051403782519,0.9143390505443667,0.7397475885010235,0.7139646298950304,0.5580770163745005,1.2576136290757405,0.7554623654513225,0.722808040544214,0.9250191948677711,0.7361663642595614,1.706598950163793,0.7546217151464717,0.7503310487451162,0.7023303384486781,0.7515930361924649,0.7905838186222494
273,0.000191704,0.8550564994950639,0.8474976474332215,0.7419660882098457,0.713443583468374,0.5583559084680577,1.1933297424902078,0.7508372138329199,0.7124516038879027,0.8900434505075253,0.724319919554112,1.706598950163793,0.7543524878678314,0.7310057533958939,0.685262934579314,0.7319797722445195,0.7614600250781635
274,0.000222294,0.8323932597915636,0.8430159170352884,0.7439036365674911,0.7129373733988563,0.5582906683494526,1.0483554014795657,0.714005904298458,0.6756334499045707,0.7944077330633319,0.6860640966565611,1.276586498275237,0.7591480300795976,0.682190108527023,0.6454348622370641,0.7087185745356814,0.7013393780093505
275,0.000282581,0.8443666169433962,0.8544525883069505,0.7444293823916972,0.713007013302811,0.5590447900741048,1.1473113254096674,0.7334158164474233,0.6801184551209059,0.8226353684443225,0.6821321123433531,1.389612834149875,0.7714829981675909,0.6907947326272953,0.6456407743407993,0.7465710925721712,0.706629843336012
276,0.000345353,0.7630210716982846,0.7261113019594071,0.7380207254855582,0.708399212542462,0.5584189773774595,1.4068329810377793,0.7636403286187092,0.695747624934785,0.8780227533750455,0.681612806486288,1.706598950163793,0.7655312081839561,0.7186826150133929,0.66015972085708,0.7738033316804062,0.7346029723098684
277,0.00033897,0.7803211353136515,0.7420046909264867,0.7370085528392756,0.7119486376382108,0.5575947374282696,1.293292083146897,0.7202051773086883,0.6660532476763117,0.8441467337488904,0.6744406961191758,1.5047720512590872,0.7417795933101483,0.692112045756171,0.6420700918772845,0.7205242848936358,0.7084787325171795
278,0.000196364,0.7900551330888146,0.733996840476003,0.7322628430912068,0.7037873490219664,0.5578510316088572,1.1811897334906662,0.673875117589571,0.6367953707797951,0.7793247574648835,0.7239144700581589,1.2643144484157798,0.7247728179906692,0.6661212035070254,0.623565464354292,0.6835180576898501,0.6826626281469921
279,0.000200412,0.8102006676833561,0.7708560239347998,0.7249527751919153,0.7008346247414612,0.557310440589189,1.3347221669563838,0.6637872955913647,0.6432607156839302,0.779811265592208,0.7061302251878439,1.3445670596114723,0.7061246798265534,0.6763194024932883,0.6285148913512734,0.6887931560481495,0.6964935597193942
280,0.000217532,0.8158427817400408,0.792830073014203,0.7162500376652964,0.7026918299011418,0.5558694788417763,1.2798758273512985,0.6234990278828791,0.6369109066318923,0.7160822654971817,0.7122637203269857,1.2006661318543108,0.667411646881945,0.6546548818206288,0.6114928587179692,0.6553470998955806,0.672614939425659
281,0.000416933,0.6952410786232849,0.6532928092693351,0.7049089705592808,0.7103738263826982,0.5546614992689692,0.9760748059788096,0.5559847561228592,0.5970466339267739,0.6113272679494766,0.6748624271409517,0.895460611587068,0.6287582629251178,0.5903795488681913,0.5627764197953036,0.5901858344860568,0.597904583068248
282,0.000760039,0.7125974584364954,0.6555271526163776,0.6934127672616144,0.6855885438521984,0.5529701662532905,0.9260080985003553,0.5327806873752017,0.5858229004864257,0.5693168414325097,0.5826077012661276,0.8190534797472576,0.6136090917270837,0.5702690085004564,0.5443057987486626,0.572291649400695,0.5684058684935532
283,0.000442251,0.727046491183017,0.6607877547946858,0.6943135196251989,0.6804080056462113,0.552978688334706,1.179692322783457,0.566105422645706,0.6250078492689578,0.5958942060952774,0.6189633308233294,0.9422747348389058,0.6169185832099378,0.6129399244985502,0.5726764020002808,0.603064784546669,0.5988839369330574
284,0.000250315,0.6376560750781683,0.6373247475663072,0.6932332469945617,0.6812878458804555,0.5551674595182938,1.487887678956479,0.6126941692905438,0.6653191631776494,0.6657937175886163,0.6738596951211714,1.1303455760080452,0.6270830977142523,0.6878757530544065,0.6256818759893839,0.6528392101176861,0.6584894814316729
285,0.000234243,0.6368417402929657,0.6110115786427449,0.6928735765656572,0.6818593288324708,0.5556083408553577,1.2926112238824687,0.6523087261411094,0.6766646271315044,0.7946526244015673,0.6479026140859622,1.2872027849990777,0.6508865017266664,0.750496105870788,0.6730313319752956,0.6973508327547526,0.7146178335340049
286,0.000155447,0.5858007362392413,0.5352733566724035,0.6806134933545864,0.6614121158699086,0.5543183427150711,1.3657303015323357,0.7697517121484826,0.7316230024892834,1.1040088062028752,0.6834878822905158,1.706598950163793,0.6940048063441536,0.9109651339639995,0.7683204623158651,0.8306077017114643,0.862600818777242
287,0.000169554,0.6096287610978723,0.5591939985520449,0.6476098138791181,0.6332094621340407,0.5505126370600036,1.706598950163793,1.0278909808625596,0.8456133359836244,1.706598950163793,0.723528789566516,1.4606402279156079,0.7276828855562483,1.226956275090931,0.9099405208837396,1.0289428369575138,1.1516746875934225
288,0.000169045,0.6234417721030334,0.5603842222930152,0.6394794214888629,0.64446473280001,0.5436395493272699,1.517819451938059,1.031425909631161,0.8361446311402632,1.1511121292369855,0.641237089669952,1.706598950163793,0.7256522803311035,1.0590456430034298,0.8652392044600158,0.8946136479149769,1.0386701049221783
289,0.000195875,0.6037734927383219,0.5669181021308939,0.6390383534749534,0.6539181648417928,0.5473882518962414,1.0872284913317551,0.8328314433560942,0.7578188779394891,0.9686840987555495,0.6099723340695542,1.6065423090395996,0.7155727303277165,0.8203285905446164,0.7579464041268349,0.7164132947756738,0.832475025785386
290,0.000207387,0.6259745034515959,0.5921643070922477,0.6378489070436097,0.6524950359640895,0.5524202608485599,1.1134797750181227,0.7894856523351259,0.7686120808498896,1.0165063255667688,0.6767056210781222,1.3617357615304175,0.7103659221048162,0.7950512541949073,0.7505080900638017,0.6725603093220595,0.8254166041878556
291,0.000235289,0.6460022321303303,0.6208958006645189,0.6456068657938333,0.6645505185000308,0.5505625709180804,1.1890703089466124,0.7942719554905037,0.809656748725943,1.2287873191375833,0.6872297155037752,1.5638942284021524,0.6832365759504262,0.8280956307830114,0.7673564856623535,0.6663624749916973,0.8812019900173808
292,0.000319178,0.6247472968986104,0.6225156606022728,0.6614595157255723,0.6753606230083545,0.5553189783620157,0.9051793727730818,0.7144466104700484,0.7446113811188111,0.8124126917480904,0.6182013331338092,1.1706692079244263,0.6417784633823751,0.728820423980148,0.684827486254272,0.6282639904692942,0.7553469488056616
293,0.000295872,0.6370004494740139,0.6138814537765321,0.6685457818287232,0.678843685847766,0.5571698172526893,0.7684247778660163,0.6503659590156591,0.678967882422379,0.680895721696851,0.593101877179985,0.9727292797471958,0.6190260861575625,0.6434838566003185,0.6190911028805505,0.61510792127315,0.6549883242363487
294,0.000299457,0.6470603883427414,0.6031656783034054,0.6688434147989365,0.680211626242133,0.556907387288529,0.8622997269359893,0.6951606417749868,0.7163623373121677,0.7519168943160027,0.5573731558503104,1.2436823989882244,0.61670642886209,0.6807078616564145,0.6547370895273003,0.6753654746916579,0.6995251929766514
295,0.000239497,0.6599912191656374,0.6235074267238129,0.6679545221978582,0.6809175991106521,0.5570483564538722,1.1029844788238785,0.7887364999999258,0.7917616169491668,0.9364186264960098,0.6349157974853681,1.706598950163793,0.6158430723948347,0.8031422050460126,0.7497462397841193,0.7423897609078732,0.8324604878476374
296,0.000158479,0.6589684890183811,0.5988047892311473,0.6627239213212961,0.6745740942604797,0.5564368146636405,1.0740011041445867,0.7695721889380629,0.7585932527083473,0.8852845797848177,0.7039334394530772,1.706598950163793,0.6205093638520368,0.8098758580885187,0.7512001511540336,0.7097445690943384,0.8223163972785893
297,0.000213309,0.6382146238423064,0.5593571082393006,0.65349666616895,0.662847733667776,0.555633195284718,1.0354413857991147,0.7519718043243261,0.7251905240798585,0.8365113164055438,0.6786388119648231,1.562690769794985,0.647416543717585,0.7864450768438325,0.7273299349235726,0.7135190930982781,0.784553526039091
298,0.000165167,0.6563138489516415,0.5687208216458958,0.6482421425705641,0.658473292672247,0.5538462697278471,1.2388569445313116,0.8245640854021109,0.7735815839346255,0.9476839567838323,0.7128198310107796,1.706598950163793,0.6803048356650863,0.8348201153263485,0.751225523063719,0.7980634258142458,0.8313342994547519
299,0.000282371,0.6628862672194845,0.5615703632033762,0.6426871527808736,0.6581300125203577,0.5536146936438516,1.1283899161830464,0.7977609869116924,0.7755151438801242,0.9046798346374973,0.6745547562918642,1.3998684185526935,0.6824082265484086,0.785777887186006,0.7120941834369046,0.7794410783773907,0.7820239346550156
300,0.000267888,0.6740004644119573,0.5810596827001783,0.6418209330883807,0.6623410011468517,0.5538628602275172,0.8330043615696099,0.6638352079692005,0.6855895589366466,0.6966575189690929,0.6234455886643064,0.8638245908187993,0.6710893576875672,0.6627569311630441,0.6207141683305971,0.6744194370618,0.6504344257518928
301,0.000453251,0.6555954873081151,0.5892400915730517,0.6463387801770556,0.6690093575134419,0.5544632607215161,0.7988748262393487,0.6253981340090456,0.6606251290885499,0.6488401853466046,0.5797779248193087,0.7771392920089898,0.6783495467418038,0.6401584396672421,0.5986060436772652,0.6575471290480233,0.620156702351561
302,0.00016348,0.6686436931136932,0.6087521087823082,0.6497991233133501,0.6685006065096339,0.5564058834640467,0.9498387863833612,0.6627771062725134,0.7092034847018855,0.7788897616379521,0.6608695672961946,0.8815815934984599,0.6797501105716436,0.7028919274776252,0.6404081485408107,0.6914290188425568,0.6784124845454578
303,0.000493723,0.6710455684955487,0.5944722765953663,0.6579325553820022,0.6806303774306464,0.5560037052606254,0.9103537534872311,0.6382031600808161,0.6923304150467344,0.7348065999595363,0.6149657487560609,0.8592560832849154,0.650554945053035,0.68673235231017,0.6288310945623307,0.6459444939230994,0.6656924064971369
304,0.000866753,0.6628660821400131,0.5688610978360497,0.6578554158942588,0.6826696432438729,0.5563228831109631,0.7423098643534568,0.5721293523228224,0.6204363759844617,0.6057437997942423,0.5323077933325397,0.7122125051479529,0.6238926107591751,0.6034209028066921,0.5661391430918887,0.5877269775755459,0.5828239783321255
305,0.000378797,0.6599604317273758,0.5814772673479379,0.6558290514697663,0.6806631559891392,0.5554042285187845,0.7499826568515882,0.578174350204452,0.618172310662616,0.6139827717278344,0.6130669050692262,0.7155831181345518,0.6194314669233443,0.6021184388730763,0.5623445937113724,0.6114100465158554,0.577745003875234
306,0.000407461,0.6354728283769627,0.5422967735917582,0.6401609187827255,0.6657899989327875,0.5536280561867062,0.8946068818924471,0.6455534706643705,0.6734331056096352,0.684004432439145,0.6839147325570247,0.8480581008794692,0.6192600926732026,0.6820431469555011,0.6152663325183244,0.6831170514701738,0.640616738685769
307,0.000365316,0.6586172346341861,0.5722131393882519,0.6467849210018098,0.6792421447291256,0.5521427412379525,0.8730671498939623,0.6696176115027546,0.6752665210378292,0.8363417336207463,0.6099580367148217,0.9022986019598319,0.6181730547774843,0.7300564483034948,0.6538433091019746,0.6790674860551207,0.680823143564703
308,0.000538419,0.5413822712047522,0.472763874726285,0.6322614954644815,0.6521767439775021,0.553602400958943,0.7741538482823239,0.6691376706049884,0.6525913148353567,0.9145413784470912,0.630443767896743,0.9260481208927714,0.6397943227041093,0.7431293827568232,0.6736323366385227,0.6510759420439652,0.7004651642061027
309,0.000521261,0.556618164371668,0.4758571530266556,0.6117256330940041,0.6235043725605666,0.5486059152614718,0.8203946766521462,0.7529891418537438,0.6947546504848531,0.8589425091253029,0.6440814389583103,1.1218620729931132,0.6880562725691216,0.8128792691914217,0.7098763715834083,0.7030188538398198,0.7482439888034962
310,0.000345055,0.5807811751367534,0.5089248918609454,0.61645390334176,0.6323602425246511,0.5384237134534374,0.8368840234134557,0.7852099740931084,0.7099191950291922,0.6883920472908096,0.6391361983364594,1.0078149651821464,0.7212370351843183,0.7582606948693124,0.6757617247741738,0.7074939039512478,0.7006839529563561
311,0.000237454,0.5852329238882515,0.49691216651165776,0.6143637091548716,0.6279931050779846,0.5475350397005494,0.67855711116743,0.6506911517712697,0.6381139276319652,0.8477873321819608,0.6192989948676303,0.7070781804525863,0.716179443281495,0.6152391885718397,0.5979577805715418,0.6009125259455494,0.6050776781389804
312,0.000289834,0.6079967163207459,0.5233228020205827,0.6081879581498393,0.6257721683780868,0.5486386848865197,0.6229972410415829,0.5957929197522385,0.6047318556914411,0.81102784756161,0.5907915824923944,0.644229620950269,0.7139313862749824,0.5851514917453109,0.579623898048841,0.5522679181770117,0.5929192595808448
313,0.000194171,0.5735587586481377,0.48278164332133555,0.5988088473243235,0.6168276331112074,0.543542402529201,0.7420664678075268,0.6808917442118027,0.6615552580446818,0.7285669059543566,0.6239599383459018,0.7762272170030713,0.7198735667506461,0.6755518584655101,0.6336433707283395,0.5980251395506848,0.6740052868405594
314,0.000382242,0.5882475782394547,0.5012495624086574,0.6004687371146075,0.6258694500650499,0.5462710661526718,0.9475633336158722,0.7781436258687457,0.7156015864637753,0.8999865871498469,0.6395304995018921,0.948446287225944,0.693678629275466,0.7598311249629431,0.6988866643501543,0.6297857227046034,0.7635842252098027
315,0.000247546,0.5928372023086365,0.5186177965892479,0.6003978221065815,0.633964171161371,0.5454206565018807,0.8760697971270255,0.6658030145008006,0.6413184991969606,0.6628431467877878,0.6117934254353996,0.7809910155252565,0.6530715945112893,0.6643389151340084,0.6495443145139164,0.5689475178802756,0.6795552886149344
316,0.000184115,0.6166288660863644,0.5498495442908314,0.6046392258455908,0.6420976087917184,0.5501199476833344,0.8542777521881219,0.6031981685767088,0.5979234362551635,0.6091169800594687,0.5566909712951543,0.6948856740668197,0.6347747542478289,0.6136753282642645,0.6067854706668415,0.5462638773823,0.6230482794464619
317,0.00027393,0.6334671379414949,0.5714309877704286,0.6043018005898774,0.6420067330426557,0.5516365379202275,1.0829505272166515,0.6300203334374093,0.6221921918038146,0.6837203360114354,0.6491829143373717,0.7609071058155615,0.6193169521995427,0.6548927502017743,0.6321015278865573,0.5823854425201372,0.6662050133050781
318,0.000217229,0.651743776268524,0.5968295421335877,0.6137590644678945,0.6555608735597722,0.5520282470859921,1.0700427126238896,0.620981773602457,0.611595880842477,0.7335761755052966,0.6742001995634261,0.7676584072554361,0.5819522408870974,0.6493872598769305,0.6197393997002045,0.569386024333009,0.6615871813909935
319,0.000398855,0.6652514524923314,0.5969695526239567,0.6134330505147116,0.6526858846577189,0.5541815799932267,0.797241723034789,0.5530207718879846,0.5510046833886808,0.5850454915259686,0.6348609809454012,0.6553391206969345,0.5501178499984917,0.5670088074663058,0.5489943265716298,0.5154888666620683,0.5675217087538785
320,0.000719696,0.6453561084823823,0.5975373020089396,0.6182489686125363,0.6535476602192265,0.5530783193833362,0.770517170577241,0.5312419934030537,0.5321838315510429,0.5077303886712112,0.5289191232261535,0.6112610692988046,0.5397958127243595,0.5355939400386307,0.5190969584437556,0.5104836777806158,0.5255929846336391
321,0.000410898,0.6683867676868371,0.6259505528043131,0.6224571558834171,0.6566774844239576,0.5536489036857818,0.8540676979650077,0.5340303346325994,0.5458863526380108,0.5343784882230662,0.5982745658484109,0.5984513754945887,0.5302736661161912,0.5422209319982052,0.5255303373640616,0.5275522440975815,0.531120662322158
322,0.000521561,0.6868150010986587,0.6399502967346339,0.6210934408886685,0.6541755123242053,0.5566648879192256,0.7178433683602028,0.4891606172099318,0.5184460793804206,0.507078978514545,0.6106038489575083,0.51905158139129,0.5113149854297366,0.4993781059338359,0.4898085901508119,0.49340770534778083,0.4901973505714763
323,0.00110725,0.6986985623110691,0.6573278283625551,0.6203130323797239,0.657817752980957,0.5539072872932324,0.5896051877966678,0.44676539296188733,0.47525074825025876,0.45816359511857774,0.5086921167971421,0.4564905178107582,0.5041757273806741,0.4547920722749071,0.4469140623442237,0.46436412609368316,0.44371710785980795
324,0.00044984,0.6507987895418413,0.590957937860259,0.6143483703951272,0.6568836344434099,0.5545545637243664,0.6206207764348546,0.4674864338102171,0.48505154026111413,0.47297004121127123,0.6031698257055388,0.46825070351738884,0.517115910914121,0.47188958946315834,0.45489937517509443,0.49961442770699377,0.45553168943302363
325,0.000789055,0.6098351209512082,0.5339161924856054,0.5913431735142766,0.6132288290108785,0.5512245566259457,0.7790312043030161,0.5254672554570247,0.52787350880425,0.5430408012992362,0.5844578582218263,0.5203963381514697,0.5315274727193826,0.5283467516375661,0.4945307766268494,0.554607755082642,0.5026934525342799
326,0.000436887,0.6210089303717565,0.5528461080724718,0.5883001633850964,0.6268975349062924,0.5439155885949152,0.804728181034885,0.5284601475246,0.5254969651193506,0.571586220317628,0.538685970711403,0.5249406321450766,0.5402944291380973,0.5367655905857236,0.5035077264096691,0.5370888642201481,0.5108330970585538
327,0.000388476,0.644127734846232,0.5778574171542572,0.5785466969829198,0.6146553640579845,0.5471094736635874,0.7499268528898912,0.5061573950327961,0.5087186561015451,0.5484910079079979,0.5478688525423703,0.5109633163621249,0.5625951560739577,0.5231811010724106,0.49304372841508487,0.5122489920315266,0.49704285503428713
328,0.000989275,0.5970607128672406,0.5737645153776965,0.5485632715275743,0.5864400754675478,0.543498400028809,0.8743150225559184,0.5237205400266739,0.5357721295043001,0.589254914420607,0.5434124489654922,0.5488885511822623,0.5950302693951764,0.5557072380237615,0.5112236331371075,0.54442521136055,0.5216791366418758
329,0.000588299,0.6204943126991689,0.6060584022158778,0.5500701341501261,0.5893322691642862,0.5303760880659983,0.9645136829368254,0.5286215371694438,0.5492405039608322,0.5358520820060809,0.5274999899349707,0.5761521677483366,0.6013997764423895,0.5664457610584267,0.5161992667789742,0.5533876783508382,0.5320794099311154
330,0.00039497,0.5698226321748627,0.5986878163511791,0.5422912476327044,0.5853560835515835,0.539482961052858,0.751309669372969,0.48413531305506763,0.51653711867979,0.5300765065919385,0.554530928032719,0.5325164916249673,0.5840739889553915,0.5113410950809609,0.48322923449871996,0.5005393777815017,0.49197911629027546
331,0.000330616,0.5922997500909268,0.6249832404202383,0.550265270753447,0.5904806929929952,0.5401260847247836,0.7006882874771351,0.4781339421672516,0.5112328924295448,0.5300854209644673,0.5238626798590053,0.544162607280113,0.5796637736804175,0.5079816638692048,0.48926720434260224,0.4831642015319169,0.49833204599008424
332,0.00070443,0.552283305963386,0.6119673364801396,0.552757774190952,0.5946073231497133,0.536830880874324,0.9076094518547444,0.5586731146971182,0.5793474489639581,0.5959015380325818,0.4723662929499564,0.730762240996964,0.5807318142713647,0.6062611563511213,0.5719418499252349,0.526237675944163,0.6019239331915343
333,0.000495571,0.4958227378385917,0.5100609723544574,0.5419956041079548,0.5722503243135425,0.5458966011187737,1.0652471012639748,0.6657388737328814,0.6622732805801242,0.7750659587397868,0.5757327174877584,1.014724392343337,0.5650727300522617,0.7173242538171608,0.6674079010504883,0.5593411215911334,0.7176826250806779
334,0.000315662,0.5146435088407793,0.5164542206956757,0.5406554845042912,0.5747248592739249,0.5325574043341341,0.781578390111076,0.6450878847060555,0.6289909429715451,0.6136571292764619,0.5958828754517483,0.842917799778844,0.5559219671148236,0.6976725923575298,0.669864597250668,0.574474467165673,0.6828290444270044
335,0.00034429,0.5069283143917175,0.5200114354684099,0.5503119874554026,0.584163762900055,0.539379127515413,0.7232533401081986,0.7006221947743937,0.6457153919548428,0.7330110361970754,0.4691312237964763,0.8584299463152454,0.5783790214601608,0.7500996198447125,0.7202251826648327,0.648921082425867,0.7158025219194555
336,0.000332407,0.5301966538391063,0.5469485958100496,0.5551011753382055,0.5868279953708565,0.5483746143750435,0.8911649393446823,1.0280860327598584,0.7803690336719541,1.706598950163793,0.6137000814863053,1.4085904245475276,0.6131278837815252,1.1683865561231968,0.9814799439822365,0.8294800172158314,1.0607822549528456
337,0.000247293,0.47780751930156234,0.46659368499056786,0.5422133998024087,0.5696630083611635,0.5424520718618759,0.9151226131618533,1.1721476969988318,0.7960361583144563,1.4973147279359031,0.7067899452595792,1.4509219548161858,0.6186535694202564,1.2858612496840993,1.0567520461861697,0.7823902727198293,1.3484119832729615
338,0.000354891,0.49769124630390904,0.4747871799515381,0.5486423263184645,0.5727994973822071,0.5413058133576649,0.7311423744574647,0.8207357956672388,0.6523192182271325,1.706598950163793,0.6502810556348158,0.8877580136265836,0.6075730860438568,0.8295681208061481,0.7844850822618321,0.6145990474334128,0.8938410591952262
339,0.000265161,0.5206522297167665,0.5023077544318709,0.5544208470240006,0.5820217862944362,0.5445594537806449,0.7261281854922295,0.6715782839708463,0.5909631387301058,0.917405171184401,0.5836213558859612,0.7299020606228153,0.5856045340914467,0.6500343315760365,0.6524206678338669,0.558611606900895,0.7338461642442765
340,0.000284761,0.5442697363488858,0.5309923401699955,0.5531145622095741,0.5794859305351863,0.551044209529807,0.786767036659756,0.5541537035483229,0.5597235227719483,0.5780149060396731,0.5548857810653925,0.5955658796128034,0.5330810623023444,0.5422058679205012,0.556125025639068,0.5177342440407349,0.6091917422337039
341,0.000251449,0.5515382123568986,0.5189608629747862,0.5538746350350241,0.5836276178572073,0.5477538899238026,0.6555457872313016,0.4242867347147221,0.4789697215042685,0.4220513414973426,0.6255098884255785,0.44848936198589023,0.4720396052632385,0.4351267128345438,0.4499904232932197,0.4405344607157198,0.4654634645548729
342,0.002542634,0.5704548699250069,0.5417299880223339,0.5624168692866989,0.5898151348196492,0.5501949556834452,0.5668085101065602,0.3631238049041909,0.4236098763195387,0.36194887023388916,0.4024897290907403,0.37840765870013815,0.4406206647621366,0.38088587320303585,0.3906095990706423,0.39530903212831536,0.393068451311521
343,0.000288833,0.5740980017902501,0.5532516031512532,0.5615530704269468,0.5869878385699052,0.5534261177644336,0.6417992808122397,0.36599992416475036,0.4317580656552359,0.3869047673024289,0.5879534898314825,0.3825578583894358,0.4392292897171949,0.39680453364342927,0.39270014309601103,0.4151047575084605,0.3952705089182505
344,0.000285734,0.5963726819544184,0.5718187175656915,0.5634682884268578,0.5908545990486831,0.5522456346975673,0.8836130149380019,0.41666705729221604,0.47905523762356067,0.47937416270886263,0.6557526494109981,0.4504394281449563,0.4550165465271026,0.45697341043803436,0.4358982135508597,0.48138619635410945,0.44076651864695554
345,0.000449379,0.6135043216743276,0.5795435583133162,0.5634564546165103,0.5902603174492448,0.5528913556740711,0.891428123167685,0.4919607372723484,0.512362078059154,0.5871242224294525,0.5000270271912493,0.588183469092708,0.48745187149243685,0.5823344274050081,0.5283402475303018,0.6936439342783792,0.5199410216099095
346,0.00025788,0.6280656711138979,0.5988907031498392,0.5672662342106725,0.6034485888876518,0.55428078992502,0.8217914295299169,0.6196629355853368,0.5512541040190057,0.7854189816158255,0.5506009503792885,1.1616228297663516,0.5543355122471402,0.8567075400147259,0.6959376000126153,1.3713821803131883,0.630209472411828
347,0.000455062,0.5100246101966937,0.47895207003334245,0.4951590481323281,0.5652057732932093,0.5421591772573474,1.0967731241665803,0.9631908214068935,0.6673685736276724,0.8749810582322749,0.572030271479202,0.9380524181187323,0.6621598494254041,1.706598950163793,1.1264128569077667,1.3705704713457663,1.0594012717873211
348,0.000194628,0.5302027572464046,0.49071875364431633,0.5128181459729934,0.4773134839660396,0.5106912294034934,1.3657303015323357,1.0236885510788323,0.6730159673663086,0.5398324796971781,0.49326247152241676,1.5638942284021524,0.7577078591752203,1.4451832825401998,0.9393943493115632,1.706598950163793,1.0055429989855842
349,0.000571779,0.5355813572888357,0.5046215967874582,0.5150187574470447,0.4761653081179001,0.531553018123115,0.9053406153097942,0.6456814716505602,0.5749582155855291,0.8429045943027731,0.5638405885571383,0.7372230228612972,0.7720143769555454,0.6787865388982323,0.6746901570082154,0.6776946576767531,0.7056549079406903
350,0.000352085,0.5451213987754931,0.516744321086884,0.5184394951605775,0.4829451307199517,0.5564189064983195,0.8266701011243364,0.5599307771253115,0.5576875964173047,0.8866339528180376,0.4951552239403972,0.5952919131227893,0.7382069332996486,0.5643947617863609,0.5987905865547257,0.5179897290642692,0.6459147817624752
351,0.000222946,0.5560963131987733,0.51256896081358,0.5218899047993515,0.4787853426488513,0.5253530344684277,1.079090579932437,0.6231991827005735,0.6113344647510037,0.8822860204880213,0.6226555309232512,0.7527928692330453,0.662666165964783,0.6344390468446867,0.6281491921981147,0.5362795865253835,0.7551569660624258
352,0.000264234,0.538054350054766,0.5197140321468513,0.555593213705165,0.4955212178406479,0.5519450714852955,0.9608490314145919,0.744444977053658,0.6575274277711856,0.587197552101885,0.5966775848714589,0.8658253995718211,0.5843352645335457,0.6609923430454929,0.6081078979466767,0.5733383808431884,0.7358938074992295
353,0.00027197,0.5616083013415599,0.546618004656175,0.5629314465783685,0.4900249069353686,0.5513369675868051,0.6951712239757558,0.6552885925394628,0.6075123369997961,0.8550643764975744,0.6165948954212591,0.6991244275663635,0.5390097688560018,0.572216680497403,0.5737436917681498,0.556603497777439,0.6107243600446817
354,0.000320547,0.584162507034965,0.5699689747314557,0.5522297195778733,0.4795390746457308,0.5507108757028426,0.6925322507440751,0.644573527488942,0.6277389322887534,0.9678262689527743,0.45942390204627886,0.7607198312122645,0.5310602638394201,0.691541500856615,0.7224288754679001,0.6343111834929474,0.78843064267434
355,0.000222308,0.6071926454571589,0.6011539500858053,0.5643234193937234,0.48901799538073504,0.5494169956332714,0.9563071389629105,0.7362933257983132,0.7009604396564901,0.7399606305244248,0.6710303394813997,0.8880689285548783,0.5422123955333523,1.035826262736183,0.8805216580595105,0.7276294854765143,1.1491329173626175
356,0.000283175,0.602447396547354,0.5655604453755435,0.5713446062653686,0.49407918482302204,0.5480704707125683,1.1216886555215746,0.7158845614625624,0.6773547074477162,1.0794192504371105,1.706598950163793,0.8050649131744648,0.5572559227842284,0.913154279251916,0.7868007886703141,0.6847546550797143,0.9581444156102213
357,0.000311921,0.5791747925233849,0.5247061243643103,0.5763203253316519,0.495421599411726,0.5554787196467873,0.9224469748020852,0.6257876068869751,0.6104611929631989,0.8239184986515495,0.5781603479142015,0.6727290346680791,0.5749833632228502,0.673150443385233,0.6412453953442139,0.591529554083901,0.7196421813084078
358,0.000370624,0.6022188583200472,0.5495418957366673,0.5757224984349756,0.49654269853085553,0.5517343870337058,1.0510369012602503,0.6218783174451507,0.616806934643854,0.778571425457143,0.8603091647375726,0.6817325410255654,0.5965237376820783,0.6519243655847389,0.6082836467624841,0.6187356295521224,0.6929542701747939
359,0.000179377,0.6256795613138368,0.5807089891272155,0.5856538825216521,0.5011964117940416,0.5531364179452003,1.4147937467714653,0.6561580628689956,0.6618911405616386,0.8456723877929158,0.7527700255462764,0.7925994096226533,0.6028348531577206,0.6888147741104295,0.6230757082482274,0.6906618579397231,0.7275724574659822
360,0.000195818,0.6467090800408616,0.6083616486643147,0.5936046175114154,0.5077728605763148,0.5537494323724269,1.0071835707357197,0.5956757053281956,0.6177671674295039,0.7471025183353439,0.6280227526771739,0.7591769724496669,0.593232703523202,0.6133625310661381,0.5725468824944135,0.6450058767244964,0.6375311545379251
361,0.00023764,0.6401204301694775,0.5756948496084526,0.5922768425721667,0.5051202016038621,0.5545631592706802,0.840722922725776,0.5616350858336348,0.5835330835431353,0.6338133342854657,0.5960902618809284,0.7208544360870384,0.6083283169076231,0.575203845636309,0.5458356311569251,0.6222969222498598,0.5906110899803847
362,0.000401936,0.610928961794277,0.5794908343576843,0.5915549832728165,0.5058908703946292,0.5541478071471004,1.2281682797234188,0.643489731865992,0.6512516262104124,0.7607919502406582,0.5655291071625053,0.9990348490747423,0.6523445761920025,0.6815908619966049,0.6222885722309889,0.746716629773932,0.7030735846891999
363,0.000381908,0.6344237635082469,0.6134163272084393,0.5883899755032774,0.5048172142677482,0.5523528323406021,1.706598950163793,0.7713282794880642,0.7483020576894086,1.028144227633008,0.7618915268754783,1.706598950163793,0.6825484127147362,0.8519503193338619,0.7339059255289624,0.8550407461430998,0.9078332682059671
364,0.000240901,0.6566052440008179,0.6319432715791176,0.5944954398082409,0.507631054286996,0.5527402188858389,1.6972816888244722,0.7149894314502094,0.6898186484553476,0.8774220900187109,0.6305053433825741,1.5080023348719827,0.6902377951613465,0.7541700102102233,0.6797313133353534,0.7392762339439851,0.7982476178934133
365,0.000110044,0.6633344836226587,0.652373435404752,0.5974586869458163,0.508859715838711,0.5551793177288276,1.167082440903571,0.6742610237768519,0.6462120880119747,0.8044640191370858,0.63915675969303,1.143717542080627,0.7133646672091033,0.6865946706088817,0.6344414601040417,0.701320905453505,0.7237663340320006
366,0.000248719,0.6786299514156758,0.6752151211122716,0.5984216713189957,0.509643067978575,0.5560930630140539,1.706598950163793,0.7803121553533313,0.7127764805366533,1.1204769808297181,0.645880830027491,1.706598950163793,0.7319464187092815,0.7949958530699726,0.7020119023820578,0.8076844353762465,0.8675212264065891
367,0.000219105,0.6172020434352465,0.5825273599232311,0.5928562365606241,0.5054599356097874,0.5537499672459067,1.706598950163793,0.8427084717391586,0.7581426184466843,1.706598950163793,0.7149295684857726,1.706598950163793,0.7015176588386818,0.8770903373079427,0.7519570711900988,0.7964559717346813,0.9997800725733903
368,0.000153921,0.6400328688359213,0.6063482136136248,0.5908455026304273,0.5065377065878118,0.5521750881369886,1.2183265163190784,0.7081775939887247,0.6733042290135268,1.026225594212864,0.8269211302661765,1.706598950163793,0.6680756542493467,0.7230401127925181,0.6634981988356162,0.6540115503846855,0.7873844643030471
369,0.000248735,0.6626139241275504,0.6324000729790485,0.6306609413200419,0.6367042882500938,0.5517529048861463,1.0075925531542236,0.6542584217321401,0.6409258596703966,0.8170599746088243,0.6481838017385225,1.4007333357921807,0.6697500603035741,0.6600618654550007,0.6212708742650802,0.6155739702926754,0.7037555067941903
370,0.000300792,0.6852426627470966,0.6669261514191733,0.6381458505380873,0.6479934456800134,0.5548497270354072,1.1451718130371424,0.674883728118989,0.6802929344562136,0.8847452440561056,0.6656682473795077,1.706598950163793,0.6729593194636879,0.6847769065843571,0.6396392870204747,0.6423078546828536,0.737384629789817
371,0.000158634,0.7005507056977541,0.6676215141570104,0.6367132321249608,0.6414780853356941,0.5563575976936176,0.9209818130963745,0.618263112515215,0.6511385458344977,0.7731867035334435,0.8185692849453358,1.253207223320013,0.649410551994604,0.6292019099408669,0.5981572292093645,0.6039337130248098,0.6730889586324379
372,0.000143697,0.7224074983540022,0.7028919274776252,0.6464570367187604,0.6592760723971591,0.5548868574131285,0.7139634834859976,0.5496412495044987,0.5817325915388,0.6679535834470549,0.7140139307081954,0.8980890164075483,0.6357591790723696,0.5546056056401286,0.5400963056403428,0.5526423654145686,0.5866472942971872
373,0.000148364,0.6972589831763433,0.7016068502524351,0.6557837400497986,0.6700654153039164,0.5554225786231736,0.7659342842519135,0.5747206734226172,0.5934202187520837,0.6930444288418366,0.701293742581611,1.0940570027219736,0.6511985580827823,0.5763167074902567,0.5587357417165337,0.580430369317949,0.6169969952531436
374,0.000138247,0.6921590456121989,0.6635828632181998,0.6585767414165761,0.6878696014842381,0.5578570470154177,1.1500805139171337,0.6756140206900104,0.6698664909170445,0.8762308097725914,0.7081485080093785,1.706598950163793,0.6636058754446595,0.6762794529821182,0.640266721215058,0.6462869039068917,0.7550227076163698
375,0.000177009,0.7123297473025267,0.6831080143548766,0.6504257578810753,0.6777436840615451,0.5552752893858788,1.3762829065220243,0.6846737587990314,0.6658513647229877,0.8611809784482298,0.7327035536697578,1.706598950163793,0.6571391369948557,0.6896140099998143,0.6619002749452849,0.6319377069382621,0.7886406882172792
376,0.000111703,0.7088587819155894,0.6571561215036397,0.6640011386577513,0.683904656123752,0.5542378817947385,1.1595693556107305,0.6350391866346663,0.6170265924745221,0.7335239540317313,0.745750598967816,1.706598950163793,0.6647262381725435,0.6402518395781097,0.6286424109769897,0.6002792320053977,0.7215208350143686
377,0.000115653,0.7197255483130283,0.6748808233213959,0.6711760093920053,0.6865375824946788,0.5572041456860831,1.6319490484738621,0.6704068412338472,0.6394481216584587,0.799643604699562,0.7767359888449452,1.706598950163793,0.6894745881533668,0.6774007226276887,0.6585245611736319,0.6473960296145614,0.7787112072910921
378,0.00015842,0.741268418824175,0.7123115311304374,0.6730678271394674,0.6872174471593488,0.5578696253125236,1.706598950163793,0.7316970294243207,0.6833260092281702,0.907355208959709,0.768430495014512,1.290575079971169,0.6898920732990468,0.7418335980544932,0.7072920806198388,0.6982766917919633,0.888682896319074
379,0.000141021,0.7223884980680151,0.7141068274275955,0.6795730826526453,0.6885308133189579,0.5571512934324268,1.706598950163793,0.6825403997491779,0.6453840500632247,0.7776320847741148,0.7592596831793673,1.706598950163793,0.6697869707540223,0.6820731313991879,0.6620007781313979,0.6531690066495429,0.7903831041840877
380,0.000150193,0.7419841020611612,0.7320736807556683,0.6850623226632032,0.6889589465620374,0.5582523024900222,1.3092549722644258,0.6514709960651414,0.6184433461332868,0.7429497600771642,0.7697100515711705,1.706598950163793,0.6685043707697843,0.6425584168951365,0.6350641958161515,0.6322407963018434,0.7296535308043746
381,0.000146765,0.7479103548528582,0.7476890577709294,0.6929668483416165,0.6938553391043161,0.557989435212082,1.706598950163793,0.7157794172800775,0.6645052239202863,0.8423505241345642,0.7110330673484879,1.4237995267379435,0.6770289533649425,0.7119361339600175,0.698306723445076,0.7013469847801542,0.8380959890295807
382,0.000139727,0.762554124461931,0.7571931509873026,0.6966159858728587,0.6963414154548976,0.5588104822094394,1.706598950163793,0.7520347647452155,0.6964477995606425,0.8914772171322042,0.7120748479950336,1.3317362075854036,0.6632967911076053,0.7535505752695527,0.7342934829252769,0.7371510914613999,0.9035530816888336
383,0.000119105,0.774837262571123,0.748744616835578,0.6987845329669188,0.6937206907980171,0.5592441285686103,1.3713821803131883,0.6786437346420956,0.6464646958547886,0.7733833395656621,0.7906600990726679,1.706598950163793,0.6470433213183656,0.6759951391138124,0.670679407783124,0.6940585118206153,0.7706541000320752
384,0.00014382,0.7865125023589116,0.7524235940792685,0.7035590590125973,0.6982627498414716,0.5580250100860799,1.290575079971169,0.6817345371358425,0.6388115920393208,0.7801909562247321,0.7774721573908575,1.706598950163793,0.6576178891420752,0.6753218133057328,0.6695637084242347,0.7267549144754083,0.7618135238742301
385,9.66e-05,0.8043295770023708,0.7758503390457926,0.7102586758444086,0.7044273047782433,0.5585259691722513,1.706598950163793,0.8465959653441101,0.7207235004339573,1.1088814209106175,0.7596170282967997,1.5785560574566566,0.6822571225361377,0.8284303316817844,0.7896686207990049,0.8996423476550168,0.9896762491101826
386,0.000144224,0.8213529781657567,0.8064375570121094,0.7100939499226817,0.7043084181804113,0.5585781156632817,1.5567148749810147,1.035427398356971,0.7762684713584735,1.6672920184490376,0.7681619268997506,1.1901149603987435,0.6993365750346968,0.97458721365609,0.8903745608469791,1.0123041698379358,1.236474117421038
387,0.000118551,0.8395983342378923,0.8437623511562063,0.7110172150054727,0.7006731170063292,0.5582123008035391,1.706598950163793,0.9797689812695288,0.7336570164444353,1.4983732750656016,0.744816940101676,1.5519832078808515,0.7293759185926082,0.8913745753647955,0.831928560098798,0.9550808251816684,1.059656047238675
388,0.000155703,0.848825726774056,0.866332898242435,0.7161597731557472,0.706191232786009,0.55860062550348,1.706598950163793,1.0152085456739388,0.7423536753985256,1.706598950163793,0.7364505474100191,1.706598950163793,0.7907130413424769,0.8881925031646122,0.8219470650579975,1.0413560349998883,1.0417902848598908
389,8.67e-05,0.8437793816265067,0.8382054171406859,0.7228972726533378,0.7114853053231961,0.5588550110218434,1.706598950163793,1.1353279607164162,0.8004372221700371,1.706598950163793,0.7787945173700564,1.4538170463976046,0.838376136367742,0.9583190230418928,0.8523167495956798,1.2261192938210963,1.145299562456327
390,0.000168084,0.8539029041080014,0.8608632833207701,0.7343209218190386,0.7137159884818143,0.5587357417165337,1.706598950163793,0.9428392129196259,0.7596985018219122,1.706598950163793,0.73324314410732,1.706598950163793,0.8332429834457084,0.8404871698167932,0.7644115996678454,1.038610104440342,0.9468271914948307
391,0.000153241,0.8598402057730228,0.8807690648029088,0.7363901624001198,0.7124276831770582,0.5592441285686103,1.1959344189168408,0.7679578321581632,0.6954359361575781,1.1148696020782274,0.7257714699501263,1.487887678956479,0.8280115718717956,0.7239037151883381,0.6794831382330266,0.8646195836492588,0.7810090226732227
392,0.000189889,0.8652126802472142,0.9000371088449844,0.7376335607400654,0.7155404155992536,0.55904589080624,1.2973999561164853,0.7508678830272113,0.7146960165253808,1.0926366274104773,0.706771038672609,1.4094716197694985,0.8414707844437532,0.741487914526531,0.6904616527125466,0.8736778133742995,0.7958010985705603
393,0.000118692,0.8515999243534518,0.8990054001973228,0.7383134010666356,0.7135557124592433,0.5587110180087609,1.706598950163793,0.7611278511605938,0.7604869713669241,1.2049967425201404,0.7264745576651012,1.5555279019719948,0.8307250573080361,0.7968589168315608,0.7251905240798585,0.8903790077947887,0.8559578578468264
394,0.000357057,0.858810790596401,0.9250640763198983,0.7463182438875412,0.7202475435652211,0.5589721561256603,1.3422758331930533,0.6911636539485342,0.7249959848700734,0.9595996175808128,0.6564822226153776,1.1279737798124818,0.8043967896435289,0.7476469282132702,0.6861037707405414,0.8079318477862255,0.7841203510694017
395,0.000487618,0.8693967449541924,0.917047850915468,0.7413043462954826,0.7143616192404236,0.5592138285952631,1.1553442444455024,0.6486354960271635,0.695400976825117,0.8286309886826387,0.6281819852826873,0.9594298732253541,0.8109404798388362,0.7167227473090353,0.6583671959218729,0.7838076955219807,0.7350679410077575
396,0.000262458,0.8647478825587734,0.9293730066334677,0.7443150514748884,0.7191578173650592,0.5585967821673845,1.645814625156228,0.6977956414073822,0.7501913677495711,0.9009041912801431,0.6792776850228738,1.144680140353967,0.8501561981382474,0.8104789080304191,0.7099766807835437,0.8859628767158407,0.81623477479894
397,0.000285131,0.8493019696452522,0.875103470694316,0.7441644229933841,0.7221582388277415,0.5576695672200881,1.706598950163793,0.7795156704661236,0.8290488945166373,1.0953669962217782,0.6821291129430627,1.5910944280431316,0.8923891596453041,0.9727002884863372,0.7883364855750089,0.9943689723419646,0.9496768664035986
398,0.000314886,0.8413657009875181,0.877781913944667,0.7486230000002985,0.7326019711511813,0.5581268465619549,1.706598950163793,0.8065598364062526,0.8456342884354395,1.676121517180897,0.6102234164115777,1.638837846713318,0.9555147194277532,1.0377219032614373,0.8189150507068435,0.9834155327286606,0.991424386697385
399,0.000227755,0.7438478820286692,0.8342489025064292,0.7264757654034719,0.7062278449358486,0.5576133055152714,1.706598950163793,0.8530940528521241,0.8981688884309369,1.706598950163793,0.669062183375642,1.706598950163793,1.0918485498005737,1.2785570471686678,0.8996928113963357,1.1427667699043464,1.1488701115084092
400,0.000263758,0.7455455715648034,0.8405975373578825,0.7031874658132008,0.6936386779147682,0.5536259181148271,1.706598950163793,0.9625075527136051,1.0538238625582217,1.706598950163793,0.6472405277714021,1.706598950163793,1.2845239001286235,1.706598950163793,1.0113513451957603,1.5936381457791917,1.418375508824243
401,0.000283035,0.7608613148070813,0.8419648286058178,0.7005550377461343,0.6901839360390573,0.5499857442105262,1.617094424504051,0.9355223823786611,1.0870827817148876,1.706598950163793,0.6243543952673476,1.3904588694393016,1.4121251614090042,1.706598950163793,0.9579505192456509,1.6265001215808887,1.2235031869111537
402,0.000175597,0.7154192743468399,0.8148439605943699,0.6942597549349093,0.6882923931134635,0.5539046106613502,1.1178672992167609,0.834794458833863,1.0260009783562167,1.706598950163793,0.642374642611306,0.9601986160402192,1.5090837278649336,1.2926112238824687,0.8674266380495649,1.2611433512517123,1.0124577872119025
403,0.000338722,0.7144155966416984,0.768853918442298,0.6825504160002221,0.6787333460892593,0.5533343035616185,1.1200252737898624,0.8552712257050764,1.1345405185720794,1.3721953331746266,0.6090500734586702,0.9225557836719854,1.6776067824410392,1.4899671875589142,0.9061856245678338,1.2145277590860168,1.0775147656557262
404,0.00015804,0.7306467192594489,0.7658465433404336,0.68539575958092,0.6860559592335859,0.5511918489822385,1.388768341313356,0.9946292296956973,1.473570900954199,0.998736598315347,0.6424698514168453,1.0525800300297794,1.706598950163793,1.706598950163793,1.0354413857991147,1.33322667946496,1.3713821803131883
405,0.00025332,0.7385975404782309,0.74898141084293,0.6892310611033012,0.6887993324296764,0.5546211896645834,1.4165812316874518,1.042089592551814,1.5244717239243188,1.099672906953131,0.6308174452276663,1.043346645765036,1.5590969955404301,1.706598950163793,1.0209790889011687,1.3453334130847003,1.3199896830009563
406,0.000220874,0.7532797995649079,0.7496931431125855,0.6848011834272258,0.6873442517451978,0.5544417842151199,1.3106711489599534,0.9648954753625023,1.3384830145542,1.0871394396042622,0.605072793452097,0.9400452352942541,1.436701533680927,1.706598950163793,0.9622604722481688,1.355416767984074,1.1785149848426615
407,0.000193534,0.7691590450805295,0.7592996697240098,0.6895840529887446,0.6978930568123195,0.5538189789236122,1.6557335288794484,0.9969714142667963,1.4311293024703062,0.9802641203436743,0.5940914647986973,1.0107230421332434,1.359355796248159,1.706598950163793,1.0757183397578125,1.6731627831578728,1.4847846772912465
408,0.000241878,0.7298640913632571,0.6887591889194058,0.6813356636633581,0.6976233909610551,0.5557948304188463,1.706598950163793,1.0981513073170848,1.706598950163793,0.8303226445946267,0.642440616139913,1.2845239001286235,1.2597115271188348,1.4518850627581634,1.3657303015323357,1.706598950163793,1.706598950163793
409,0.000283175,0.7512455553347889,0.716838750395879,0.6862747532059101,0.6844938673917177,0.554066884660457,1.706598950163793,1.114315662080752,1.706598950163793,1.1497165128458335,0.6283233666439733,1.5334790207607873,1.2347034042424654,1.276586498275237,1.452850091155014,1.706598950163793,1.706598950163793
410,0.000539419,0.7332667396054594,0.6733032675260094,0.6817455160557927,0.6826626281469921,0.5553524262752135,1.706598950163793,1.107942005171475,1.706598950163793,1.0979678052706334,0.5735908563927388,1.706598950163793,1.3812365502745747,1.234288567117809,1.5167191839776337,1.706598950163793,1.706598950163793
411,0.000400005,0.752186202413946,0.7038971829654953,0.6824252445469359,0.6872961804565335,0.5563239678433118,1.706598950163793,1.1614303156393824,1.706598950163793,0.8179152584216438,0.6162414907057461,1.706598950163793,1.706598950163793,1.0946184429341992,1.706598950163793,1.706598950163793,1.706598950163793
412,0.000167459,0.7608932288793305,0.6976747317848336,0.6801085455524776,0.6876482548140247,0.5545760533396038,1.706598950163793,1.1713419351549466,1.706598950163793,0.8668002578153238,0.6717816026492511,1.706598950163793,1.706598950163793,1.0457591605851346,1.706598950163793,1.706598950163793,1.706598950163793
413,0.000276706,0.7808485028847277,0.7329440513886037,0.6799569831478184,0.6848942685833037,0.556788272892317,1.706598950163793,1.265589601990944,1.4274503007481616,0.8068823257350843,0.6125109515688137,1.706598950163793,1.706598950163793,0.9415850233680009,1.706598950163793,1.1848614024150002,1.706598950163793
414,0.000130896,0.8006877338179657,0.7668772766361294,0.6717357682375842,0.6789915466423248,0.5551437453765898,1.706598950163793,1.706598950163793,1.0875565523124198,0.7296669914323596,0.657647453921035,1.1389034847423887,1.42470959364246,0.7819757309398125,1.526708660892648,0.8912474379975471,1.1361447617872058
415,0.000118779,0.7983213304428245,0.7412209512482179,0.651272509030472,0.6523987996932362,0.5533535167065253,1.5346161948293855,1.706598950163793,0.8588167764877084,0.6362948999813492,0.6757578365833967,0.8444273046206142,1.114289512109212,0.6642493449371542,0.9929072800186469,0.7867701048448638,0.8595760029055411
416,0.000109409,0.8122151458177613,0.7684505060392087,0.642241922042227,0.6528418394962875,0.5493219405179449,1.238629414895254,1.2231052968724385,0.770173007428691,0.6150316928184975,0.6840004002262617,0.7701859591920003,0.9654505892468865,0.6191501588049122,0.8753590139015585,0.7671914339971273,0.787489048607452
417,0.000169974,0.7780501386745573,0.7100601163230408,0.6463796096321841,0.6699782456671131,0.5502259119822609,1.1670774335026624,1.0392706822301718,0.7419828153139837,0.5614080970966345,0.6626744158055251,0.7417011788486418,0.8796434369498882,0.6038768236895398,0.8432047004082446,0.7628713874445588,0.7596432626721457
418,0.000154398,0.7925680424047078,0.7182702111422304,0.6414415029898417,0.6666273368139911,0.5552353850122983,1.1988926291260158,0.9410936736177974,0.732554910649736,0.5202791805432079,0.648068882070149,0.70063302836201,0.8553145845638109,0.5964528742442727,0.8325768126806795,0.7725759048189065,0.7344394432809863
419,0.000161928,0.80869044441378,0.7490171478778899,0.64879544676648,0.6687812181087653,0.5531252232203728,1.6131130616527578,0.9668596585465946,0.7922138514510152,0.5476384822845377,0.6960692941381224,0.6886634904042641,0.9032859798973829,0.6204995804780874,0.9195064678892755,0.8473117151278755,0.7801356124470028
420,0.000119185,0.7911603605690756,0.7540389783614219,0.6604689761124802,0.6816557041096074,0.5558137601433738,1.706598950163793,1.1545483789295556,0.9367369342299865,0.5773760207344228,0.6708961786082009,0.7112959177854993,1.0309596113184092,0.6939574295108218,1.1968244418358622,1.03993960738569,0.9264110605938687
421,0.000167838,0.7985313628998133,0.7746893043801311,0.6746272822508861,0.688036777823517,0.5592474343182134,1.2330111292060892,1.706598950163793,1.1369957373855024,0.568466618332715,0.6685806107219253,0.7465357044964409,1.359355796248159,0.8063235898300722,1.706598950163793,1.706598950163793,1.1175110460921789
422,9.42e-05,0.7369593772835824,0.6849772677900269,0.6810727903792332,0.6967544584238766,0.5580408841481751,0.8641984318122778,1.3128040570413142,1.706598950163793,0.718887328073169,0.6881486386214227,0.8814003579266625,1.706598950163793,1.1425130044830012,1.706598950163793,1.2617756618210225,1.706598950163793
423,0.000135128,0.7581645819766606,0.7169339149691439,0.6878470471388618,0.6984837744160622,0.5581996993137838,0.6434972860154756,0.7250392022754889,1.1405777436073243,1.706598950163793,0.7087488522853193,1.706598950163793,1.2100660450955385,1.3221684845107549,0.820302508319186,0.7307438030028147,0.9420666088193869
424,0.000146325,0.7679892207608041,0.710631424350957,0.6898724220995959,0.6992870207798606,0.55808577675911,0.5383013267204335,0.5516243765334625,0.7475653224570318,0.7952729745738417,0.8252165025460293,0.9616856242136193,0.8846165606589224,0.7114319893430636,0.6118987646269457,0.5825821628171785,0.6404007026607421
425,0.000184332,0.7796186427255917,0.7348740967768448,0.6956542863908175,0.7026590433205935,0.558445856711027,0.5050073795399022,0.4927039134545465,0.6468113437824279,0.6358271835384381,0.7382120021489257,0.7401444792904879,0.7602072680547443,0.6019740879943435,0.5509983599953838,0.5252900163797284,0.5661991689625995
426,0.0001724,0.7962094098931828,0.7654181783607499,0.6944791089803791,0.6957115578619468,0.5584678019019481,0.5075729645163866,0.4788731814322661,0.6220291301171598,0.5819112704441467,0.8407135636713546,0.7022048752671185,0.705337457151616,0.5832541309772761,0.5432426890945157,0.4993067258076074,0.5542362729336945
427,0.00018733,0.8152345149968421,0.7964114145791561,0.7028230221336991,0.7039070705428753,0.5583054687235876,0.5350266629938316,0.4938028299579062,0.6309091885288952,0.5439115336010483,0.8123231872735949,0.724627750128818,0.7080937018653639,0.6036660570799797,0.5642866263550174,0.49910216786063377,0.571894708525735
428,0.000142641,0.8301027378885868,0.8262575573496699,0.7066998745390234,0.702828490071473,0.5589672048418841,0.6164944932393729,0.5544493007084809,0.6956330783238888,0.5871522757548966,0.7798426363181987,0.8752935228246777,0.7804334109826905,0.6995144106969786,0.6432514930496395,0.5481617644389328,0.6600555244767586
429,0.000143282,0.726636448301713,0.6901000652082829,0.7078980694632144,0.7031458489869356,0.5591906937499329,0.7963064165795304,0.6910690290497224,0.8332320497180602,0.6813675477795321,0.788446081483357,1.4237995267379435,0.9279929406524049,0.9560592961101428,0.8224565586754454,0.660995981889324,0.8871195683705929
430,0.000384151,0.7486692602901205,0.7296853480347766,0.7091405698223098,0.7225500483032667,0.5579757543797986,0.996438071785789,0.8998190079115366,1.0081924354629768,0.785843612535599,0.6567568872028876,1.706598950163793,1.166297067374131,1.4219846126455618,1.073069658795337,0.8282996247570359,1.25235252304901
431,0.000267588,0.7042963127376123,0.6559881600348562,0.7089137659160104,0.7173277418576847,0.5579423773717417,1.0986229958186127,1.3015472228137073,1.45770426468996,1.0853509053206294,0.702012992177511,1.706598950163793,1.6672920184490376,1.706598950163793,1.660039735186658,1.229067946948713,1.706598950163793
432,0.000274993,0.7242768306363337,0.6746427574833112,0.7072709047608202,0.7150182170747275,0.5575319473491961,1.444233441305457,1.706598950163793,1.706598950163793,1.706598950163793,0.6895458376420412,1.2805367495886617,1.706598950163793,1.2605119903354218,1.706598950163793,1.706598950163793,1.2426837804131379
433,0.000377452,0.7285096572659129,0.6875745200611855,0.7100713936522296,0.7172149876488713,0.5575172084051392,1.706598950163793,1.0222183923178205,1.122971176198996,1.0557905743001903,0.6102620719908523,0.9108794189261918,1.706598950163793,0.9232168824395531,1.0349277193700976,1.349184933742443,0.8820892160854577
434,0.000360278,0.7473745745627154,0.7029181824638596,0.7116180801600424,0.7147845782532479,0.557879469790726,1.2465401987146263,1.0701199079284394,1.2726725805353545,0.9711212895665358,0.651965389871879,0.9903915297673318,1.2785570471686678,1.0258853247022592,1.0470476351932134,1.706598950163793,0.9261732243240366
435,0.000225707,0.7194286122106374,0.6517193602493246,0.6965393288993563,0.6959535267795374,0.5574702699289085,0.8719916421410782,1.5357559025207013,1.706598950163793,0.9976494635822357,0.6690187897854252,1.5543436399792578,0.9228205478129676,1.706598950163793,1.4219846126455618,1.706598950163793,1.2461377014163484
436,0.00019122,0.7377271329549884,0.6666021427020619,0.6960002516046934,0.6959906934884766,0.553355117892276,0.8005810355919826,1.706598950163793,1.706598950163793,0.944695403310092,0.6567631335871431,1.706598950163793,0.7450187615790009,1.706598950163793,1.706598950163793,1.307843376196551,1.6514606610365206
437,0.000136985,0.6953872064143533,0.609717277379581,0.6997797995969205,0.694132245524404,0.5540245618534144,0.7960250359306605,1.706598950163793,1.706598950163793,0.9000279224493849,0.6256764751197347,1.706598950163793,0.6312020857038075,1.706598950163793,1.706598950163793,1.0737982401284525,1.706598950163793
438,0.000176231,0.7180975163719634,0.6417876228019455,0.6908279632837729,0.6814881500691662,0.5549008505037055,0.7921966241847063,1.706598950163793,1.706598950163793,1.0271426023029397,0.6513638949938658,1.410354470854982,0.5742088956304937,1.4283673906601444,1.706598950163793,0.9051863815267862,1.706598950163793
439,0.000132538,0.724148806177983,0.6632830027683774,0.679693723540525,0.6783072702417849,0.5506414415239244,0.956803403461758,1.264951543164409,1.706598950163793,1.0904081589179793,0.6850582717126609,1.706598950163793,0.5668962934165863,1.706598950163793,1.706598950163793,0.9768255651870346,1.706598950163793
440,0.000181529,0.7144856706667294,0.6324407077972232,0.6882061296088134,0.6895974815109179,0.5518386403832002,1.706598950163793,0.8261580703183872,1.706598950163793,0.8516154882841748,0.6402576267580624,1.5346161948293855,0.593632951121592,1.706598950163793,1.5651004717194752,1.465573170792461,1.706598950163793
441,0.000189793,0.7286729125539653,0.6574065723341957,0.6898124446132141,0.6923095095201272,0.5546228018800247,1.706598950163793,0.7739142770868981,1.706598950163793,0.8198317175268104,0.7550430452022701,1.3280317881493262,0.6443610496176112,1.706598950163793,1.706598950163793,1.706598950163793,1.706598950163793
442,0.00014742,0.7304072477078376,0.6705549546399581,0.6948507976490297,0.7022790540664787,0.5556088811335743,1.3546330635138213,0.978317547509733,1.3812365502745747,1.1725080400482029,0.561126278286627,1.706598950163793,0.7379067902225565,0.9964224898536369,1.0977677260965364,1.526708660892648,0.9570849631837166
443,0.00015029,0.7330892083570937,0.6596817299155457,0.6990792231203289,0.7017232853450617,0.5565795991448572,1.07767637326178,1.363329367413972,1.026808240425076,1.706598950163793,0.5894761010087105,1.706598950163793,0.9196509883407592,0.7703270318114073,0.7956154216165732,1.706598950163793,0.7587239219247218
444,0.000115919,0.7508012156605023,0.6833260092281702,0.7086669991574266,0.7144776283378166,0.5573971568552631,1.1991532650440115,1.706598950163793,0.9890326008216965,1.706598950163793,0.6229545916978791,1.2265956980888866,1.2067864410721514,0.7114251839104154,0.7236672292588515,1.706598950163793,0.7255788694942866
445,0.000205843,0.7697517121484826,0.7131909150401956,0.7085907779150273,0.7127445431425259,0.5578603282282896,1.1470878008117795,1.1909973658558168,0.7754784164484978,0.8396729177990864,0.4993879132877882,1.2080895258282784,1.3641282713017062,0.6148148899285003,0.6367799165260871,1.706598950163793,0.6463064623450339
446,9.69e-05,0.7791488837459174,0.7105771699118381,0.7078109255334596,0.7054933637459614,0.5577969017050725,1.0101608423360675,0.7116612196058505,0.6450929583920362,0.6019912671788996,0.6256217027728052,1.706598950163793,1.3008532493051261,0.537451840208187,0.558243534261232,0.9198004794614469,0.5645828729812474
447,9.07e-05,0.7935767929160102,0.7357243972120231,0.7076144112536351,0.7048141024079186,0.5570200451755435,1.3171012994893327,0.6028258821904628,0.6352595303997547,0.5375027058122286,0.6005540047596297,1.706598950163793,1.086185531776571,0.5221520429448671,0.5365727823001514,0.7602238754714615,0.544405388509114
448,0.000104438,0.7741085464303888,0.734428212470995,0.7090114221039701,0.704851603842956,0.55818545517906,1.706598950163793,0.5421461261109756,0.6092957430230048,0.5017748368586987,0.6307518258717982,1.706598950163793,0.7955361121197946,0.5191877482631226,0.5210960467226723,0.640444554360167,0.5361241884881346
449,0.000116252,0.7936838645008049,0.7698422394765108,0.7097749785371539,0.7078098085125272,0.5581958642471625,1.706598950163793,0.45984387084716255,0.5171947700774794,0.43490189011429725,0.6385522628022826,1.2506914913381435,0.5994578497036527,0.47389896048631236,0.4741455610391247,0.5071011584167874,0.484213255172332
450,0.000271201,0.8127980675410533,0.8004970003592055,0.7053805699110948,0.7035393135890492,0.5583005351347566,1.1772075308533454,0.40115155215177867,0.44647718951181004,0.39119155342822515,0.5369981131284772,0.7352506701319697,0.49361405189645674,0.4293096540681428,0.43118243470358464,0.42545021472588523,0.43534122844635353
451,0.000127712,0.8317998163407087,0.8405264481957762,0.7121294462391056,0.7001222303073653,0.5576597338494864,1.1000668761982684,0.3661260105151786,0.4012903061929015,0.3717613405441295,0.6219737941342007,0.5967076993338598,0.4299561516959136,0.40471097364520503,0.4069761988735224,0.3844588177743749,0.41067954360276043
452,0.000436658,0.8371851355981034,0.8532016364672217,0.7169490055165577,0.7064676287996441,0.5588836030309583,0.7678480023495186,0.3275746287256578,0.35098620036160594,0.3390205058684246,0.462466595170404,0.4698807250104653,0.38155707208531975,0.3664599334713145,0.36981833770624095,0.3388817713874283,0.37178529613690237
453,0.000540006,0.8553342953160394,0.8952548607049619,0.7203334758757091,0.7079505948101706,0.5602551080783584,0.5003222550273985,0.2847231082636243,0.30432117452939134,0.28777210172968976,0.5378518179950066,0.3571133646229867,0.3452488435875959,0.31399284691711304,0.31910761899490997,0.2952255125731385,0.3159908159263786
454,0.001742539,0.8415496228799666,0.8506036656219135,0.7222033238127864,0.7088262463902831,0.5590040675553498,0.3948694091528,0.25633237505152306,0.27264639943545443,0.25351787830255773,0.3706651664057037,0.29651274614069717,0.32113483484904015,0.2785506577884695,0.2836270797493157,0.27030279247617306,0.2777006301452218
455,0.004091064,0.7473311833659495,0.8115509638786929,0.7131977712717043,0.6989952952646781,0.5589903119585942,0.35612446184797975,0.24390933924610364,0.25966978750358616,0.23896692356718394,0.3129184123805063,0.26976559493451435,0.30677789526579374,0.26142577524519744,0.2668775875792799,0.26072576951149345,0.2594719017694276
456,0.00096078,0.7666202676124811,0.825140395890219,0.7154907979321145,0.6985879218032207,0.5567051013214405,0.33377362080497286,0.23959730117511951,0.2555052464579492,0.22762219986560886,0.42023049364488696,0.2560527064827171,0.3008872010167479,0.252931213263042,0.25826096248122077,0.256071481259536,0.2486918451896608
457,0.004965956,0.775692978428353,0.8114987750262895,0.6963754530644327,0.6819881857443747,0.5569895609335536,0.321312954996105,0.24388530019177532,0.26020582718435153,0.24475142334929145,0.29219198921406947,0.25609851361319624,0.3063950944302825,0.25989980802779755,0.2661683888668748,0.267167796280042,0.25175999538184635
458,0.001228146,0.566784993401727,0.5776496559425807,0.674321864455354,0.6561598426547481,0.5524707156440942,0.3354627151177403,0.26872549221005865,0.2788375835053999,0.2807968973374744,0.356246165796727,0.2837703552550269,0.3266892293227003,0.2942121537135556,0.30007414262659104,0.2994637915312894,0.27651877735925484
459,0.000758536,0.4679215019666423,0.46250772752081304,0.5903497342398,0.5646208579944575,0.5402109821469352,0.38103408341930967,0.322507481848462,0.31733079233927325,0.28126883545214115,0.4758215176894837,0.3413716574102011,0.3636054422615442,0.3652301704745247,0.3507809891842511,0.36674799141477316,0.31649462335279066
460,0.000418979,0.47340390365842794,0.4472885002312455,0.47496663898055713,0.4787877627550635,0.5072063472021547,0.439262391791651,0.3998069047117645,0.37216044833214,0.36487235526613876,0.43695948437670784,0.41222929441423206,0.4295071905726351,0.49499621602455224,0.4359887723423134,0.4686982892739986,0.377994600379501
461,0.000303893,0.4397850065838985,0.4019911535278718,0.4798192940074464,0.49205190242509245,0.4787559585729235,0.5081498013947612,0.5279258740588695,0.44126366981332027,0.46528345381615727,0.3619978722852776,0.4778497893001268,0.5709595983718544,0.840386193550407,0.619038788964442,0.5894631969926278,0.507901165694557
462,0.000413583,0.3797472610693126,0.390787879121737,0.39583488907574077,0.40581715928545375,0.4930909281156322,0.7010385657622431,1.1557671100915488,0.7846478557055403,0.5098625379591492,0.510104449968475,0.6527139132423816,1.0107588206884406,0.918033315846277,1.706598950163793,0.7978057709792558,1.4033377384174082
463,0.000241831,0.3804745440851419,0.3709688916899144,0.3996318815911311,0.41715257392180033,0.44977072282086394,1.487887678956479,0.8198369247967889,1.4007333357921807,0.8179721430243082,0.3615428304430734,1.0487912024066148,1.706598950163793,0.6117984747029886,0.8975828953109116,1.164367897461336,1.0009184136779685
464,0.000347248,0.39686280133226626,0.39134891801485194,0.40440895920498554,0.4278473747451265,0.470712986531929,1.349184933742443,0.9607959437487172,1.444233441305457,1.706598950163793,0.4551317296186784,0.7195588432666932,1.706598950163793,0.9529747044515638,1.706598950163793,0.8002628110488864,1.706598950163793
465,0.000243239,0.41865288198317385,0.41889254739950593,0.43009692899431035,0.44953331519378065,0.5200211805196098,0.81524987576777,1.1071973197390876,1.706598950163793,1.043751154010239,0.39838463818295783,0.5226838036437305,1.3280317881493262,0.7611334069802766,0.7955265965739107,0.5627663138012703,0.7231079915272514
466,0.001172959,0.44095788489580195,0.4460614436813223,0.4347646267423164,0.4566743106274529,0.49722823828349905,0.7357369421100364,0.5574953750809324,0.8661527159364029,0.45622287149124535,0.3969764577807633,0.46116261435406897,0.6578114764576217,0.5520770044051976,0.5695884855287425,0.4872458659762039,0.5578089292108468
467,0.000536188,0.4579044890888025,0.46526346551229786,0.47344601844009354,0.4847875384657432,0.5415457897902867,0.6652922619370493,0.47926420030337885,0.7486639729658107,0.5386145869843755,0.3447850544076174,0.4533497012213502,0.4722634044027825,0.4841060051178199,0.49730841592711394,0.43782325170335024,0.486618160426382
468,0.000283695,0.46481583213639033,0.4763984354686908,0.4844881404580463,0.4947354844350974,0.5462361519262854,0.5880527514011499,0.43754962435981354,0.6231145719192156,0.5379067193409163,0.7321750436441957,0.46486202457404224,0.3899924862567954,0.4546830686673634,0.47579233661455056,0.4097205107624054,0.4526831643030085
469,0.000342711,0.47836687099549485,0.47500748420266165,0.4866268720357968,0.4944134796798459,0.5516561035781151,0.6031774294983232,0.47299970607211417,0.6454645082147716,0.7166867977856909,0.4713984869290155,0.562826957933364,0.3550543063256201,0.5075412501514805,0.5257554231009399,0.4341390089396867,0.4884465505270036
470,0.000331816,0.49807496215799935,0.49759147788752345,0.4884759196413223,0.49782410517010994,0.5529866781438876,0.8051882135156797,0.6535177657075024,0.7876306113747683,1.2007042995624768,0.7942025148113792,1.4007333357921807,0.3423397861314609,0.79258058884499,0.8425332088036384,0.5924248065408367,0.6506347500777563
471,0.000699129,0.5096630839070239,0.48725169616771036,0.46527583892044894,0.47685171488578293,0.5481685095350017,1.0885628354996524,1.0110093770080522,0.8817758985841321,0.6565526394383383,0.4942471982451417,1.1265209199239319,0.3440053082134869,1.706598950163793,1.706598950163793,0.9919558638025773,0.8855754001760534
472,0.000605355,0.5305430031910692,0.5032020105628988,0.46517022081029297,0.4777285079309669,0.535821550463175,0.8932275701601076,0.8782381847998576,0.7321886443079911,0.6113934881124496,1.4910102168694037,1.6472207036913362,0.3620433065963803,1.706598950163793,1.706598950163793,1.0733422160712003,0.7674447466272715
