row_id,TRUE,Model 1,Model 2,Model 3,Model 4,Model 5,Model 6,Model 7,Model 8,Model 9,Model 10,Model 11,Model 12,Model 13,Model 14,Model 15,Model 16
5,0.000268281,0.038058839948376964,0.038058839948376964,0.036990155687559874,0.03778509665136375,0.03676716787424449,0.038058839948376964,0.038058839948376964,0.038058839948376964,0.038058839948376964,0.038058839948376964,0.038058839948376964,0.038058839948376964,0.038058839948376964,0.038058839948376964,0.038058839948376964,0.038058839948376964
6,0.000207302,0.038133480259819864,0.03757343999698755,0.03519215586592193,0.036354004518071636,0.03443434181128503,0.03741672731394216,0.03829607676560453,0.0381626831773604,0.039889184179105926,0.03726408094178585,0.03741672731394216,0.037370687460402174,0.039358860705816234,0.03809202702556525,0.03720587781689249,0.03972943945466679
7,0.000205922,0.038416838992432145,0.03808137018076681,0.035569671731781986,0.036839770374711575,0.03456861820196035,0.03980281101470449,0.03605068730897218,0.036536919314935856,0.039522309046548444,0.03651271873065476,0.037566149625230166,0.03676932074415544,0.037150403977262936,0.03612586086891077,0.035538690347098584,0.03776453028779704
8,0.000261718,0.03980474076796656,0.039751547740622034,0.03748259820575292,0.038393603249851936,0.03669287216317643,0.03867801188683679,0.03761041313036149,0.03840695276457858,0.0399301224315845,0.03867985383884842,0.03691560878458952,0.038217026924701886,0.038554511549411793,0.037801341403853994,0.037638191131642185,0.03908981363862957
9,0.000215838,0.03866621087518202,0.03894342817966108,0.036002616599812576,0.03734589245134683,0.034846536560593014,0.038980676585521803,0.03605039691235816,0.03731171265716122,0.03874218489128854,0.03812765410850518,0.03947255324494837,0.03606614113821791,0.037365877270231156,0.03640890174431687,0.035998119987488204,0.03811763745062393
10,0.000703466,0.029530477017386828,0.028745969138697966,0.03739492789417963,0.035241828767442224,0.03887481260056561,0.009537155543622444,0.03889276422301628,0.037102418652782146,0.03220108063787777,0.03846920125975038,0.019061240727057976,0.038587835412273744,0.03734865655955466,0.03824042239147768,0.039096358085411204,0.03573357202344313
11,0.000240718,0.03936395420591958,0.03960465128669366,0.037218446102142755,0.03819580232946132,0.03598285258484421,0.03958236294775042,0.03564391254043518,0.03693540629151683,0.03747621969951265,0.03901733353647187,0.03998596488285935,0.03624131313341948,0.0369792714995519,0.036407066651190076,0.03543603342600851,0.03770654782149248
12,0.000242953,0.039529626708565246,0.03979835121597376,0.037480003919244186,0.038399781881880674,0.03604986248424531,0.03488221068244282,0.03713424692114,0.038013089606351504,0.03779745372672261,0.039253014913759196,0.03898637958988671,0.03682024108030266,0.0383085344698268,0.03745696189931096,0.036815480876312895,0.03873983099006872
13,0.000229403,0.039198821899489505,0.039632791188902186,0.03712951903123438,0.038038565492313874,0.035600141153123654,0.035922161788787654,0.03775433782274153,0.038323939591011436,0.039970099178970285,0.03902713641344835,0.03691772928233758,0.03682200593059984,0.038919032273404354,0.03804213674300205,0.037619622360139715,0.03935893002915146
14,0.000201581,0.03765609485032771,0.03740388864698249,0.036227803336737655,0.03720696772737428,0.03438109378382649,0.037767559001107835,0.03674578592918723,0.0370572813597303,0.03843733180216073,0.03794962971237655,0.037779931630961945,0.036290469147658364,0.038374399060070286,0.0375136289590806,0.037274515612975054,0.03920220591234046
15,0.000249015,0.03898200443121076,0.03840896041855832,0.037373722323926536,0.03819973210072944,0.03624904147730662,0.03586411641747771,0.039184758313715325,0.03891730060742048,0.03995379613768185,0.038194448529598087,0.034389169057138236,0.038735825914478356,0.03989550232349636,0.03919151206951313,0.0397391587258852,0.039999965780862394
16,0.000173731,0.036499010200771044,0.03595149726882478,0.03441304361616464,0.03539643618186024,0.032698315246806456,0.03912266843803411,0.03860503095213383,0.037473825533649155,0.037620698585767935,0.03651804263820518,0.03912266843803411,0.037163679973420315,0.03905540159590529,0.03730424672517566,0.03936471808200433,0.039275720448797596
17,0.000204285,0.03817695628509703,0.037736525986940814,0.035828879873187225,0.03672198657703067,0.03437856064804731,0.037599587940646086,0.039044954924383105,0.03850707758491745,0.037599587940646086,0.03841439430033713,0.037599587940646086,0.03856468745435664,0.03941835200624448,0.03868438062837033,0.03928230490896857,0.039941919609446035
18,0.00022122,0.03902429872547255,0.03884696304781593,0.03661871068594243,0.03747761147030522,0.03528246629588058,0.036506102224952805,0.03835329983907787,0.03833264190588526,0.0394814116551045,0.037828281602049915,0.036506102224952805,0.03895202744061629,0.038981901980010406,0.03842447687747143,0.03793310859306245,0.03978107396612523
19,0.00020689,0.038769271700910074,0.03879885002708148,0.036131472276075535,0.037059336268946245,0.034491656991696644,0.03744201449705263,0.03814795861248406,0.03806922501337133,0.039999713938471314,0.038592359685840086,0.03744201449705263,0.038483588869476545,0.03874910568240572,0.037643923680215435,0.03752615051198693,0.03947613098787967
20,0.000173026,0.036780941721476695,0.03735594609290255,0.034902526639611284,0.03569771053179864,0.032956491181729594,0.03915007860405193,0.03803011904000179,0.03761438209787635,0.039382327469227776,0.03650376615250375,0.03915007860405193,0.036719002328378644,0.038101505067814095,0.03644081275189712,0.03745032917150973,0.03878225060670235
21,0.000205759,0.03847257258032011,0.03907373959437643,0.036598936380379726,0.03722321413926673,0.0345947706338737,0.03751091979537438,0.03828608766735725,0.03818119182389436,0.03983742367449088,0.03817915271811098,0.03751091979537438,0.037207437613235764,0.038127622352401885,0.03704519484037486,0.038140815277494036,0.03880771699042449
22,0.000304771,0.039999506197118034,0.039965627814871105,0.03932353806972237,0.0396278649633296,0.037901448777273056,0.02915720545768953,0.03962935803537491,0.03966120097899502,0.03944380523384656,0.03861209120613236,0.02915720545768953,0.03932198680635331,0.0397495791188086,0.03932153698181745,0.039741224110292406,0.03997240025216028
23,0.000334674,0.039837673021661614,0.03954241871215042,0.03974530760108098,0.03987752860072539,0.038529861997575354,0.02591038548331262,0.03999975755410991,0.039992672049572506,0.038886896732884285,0.03991092835295073,0.02591038548331262,0.03971470368238835,0.03990527832971138,0.03992717523440814,0.03999043760103041,0.03967606393514884
24,0.000171176,0.03782115852744455,0.03852379337004728,0.035527582476663225,0.035884243373015295,0.03284241592342066,0.039220190964569066,0.03756944578284909,0.03715264300104494,0.0398893417476999,0.03885877509147875,0.039220190964569066,0.035362894499002664,0.038237078033617714,0.03666265636134372,0.03734601778499086,0.038740867957345465
25,0.0002037,0.03910382783649295,0.0396128208524174,0.0371512601160795,0.03735040162629728,0.03453780498875933,0.037634419930350715,0.037935997711147765,0.03768998379409954,0.039862353579500784,0.03782648668529141,0.037634419930350715,0.036912644148412395,0.03819062380047658,0.03708495035365844,0.037642821206274005,0.0387210853386343
26,0.000251832,0.039960209174793364,0.03990177405276973,0.038631502457859124,0.03876032979152093,0.036436062290582834,0.03449743042423707,0.03876925538376082,0.038666629531282,0.03998537833923259,0.039499712743179524,0.03415447224886094,0.038723003999671796,0.03880168448502973,0.03800750923989874,0.03890136166789466,0.03921582413193485
27,0.00023018,0.03900501050235386,0.03911640850493864,0.03802314022004245,0.03798219070041818,0.035634335849703574,0.03586494079409695,0.038795462830721175,0.03870346527134831,0.03995904253678792,0.03861021623101053,0.03586494079409695,0.038540681293063386,0.03874767755935624,0.0378261795507011,0.03917254799626452,0.03924119947594559
28,0.00022652,0.03866233241060966,0.03896999692052288,0.03774862281160805,0.037795399241780304,0.03542521925374642,0.036131818477322344,0.038966642368525026,0.03890855593242688,0.03991913461073288,0.03861567180895539,0.036131818477322344,0.038611844340781604,0.03897894213689649,0.038063573053883,0.03933808327146246,0.03945482939827928
29,0.000224171,0.03886887639735995,0.03926411171530103,0.03779691248047045,0.03799322597296387,0.03532133537978359,0.03693518715462542,0.03862595142686471,0.03853592636747412,0.0399428528170476,0.03819743528165653,0.03629950532569155,0.03881204181084681,0.03870313843503527,0.037873626862503965,0.038952263115398594,0.0392142456462298
30,0.000267203,0.0398263103624901,0.03996185948657682,0.03896645141341748,0.039043866204178275,0.03690190907141343,0.03281437252288835,0.0398239806551151,0.03971643186295685,0.03901961761797439,0.03895525815557104,0.03281437252288835,0.03990005008958833,0.039920668924580106,0.03952025367792609,0.03988584587273085,0.039995298285328565
31,0.000264708,0.03992371324193955,0.039985512322069455,0.038881735733402215,0.03892660113541974,0.036818088417530793,0.033038524733174965,0.03995040725292266,0.03999998938011952,0.033038524733174965,0.039566923238880086,0.033038524733174965,0.03998946867778814,0.03966596368844556,0.03999164608077192,0.039994900354067095,0.038665734781952225
32,0.000252513,0.03981854649123433,0.039999609794173704,0.03866483144888856,0.03870860271670701,0.036379611140839915,0.0340972136813652,0.039996573678657034,0.03997821738161105,0.0340972136813652,0.03919930077276455,0.0340972136813652,0.039934002856193515,0.03979536291437125,0.03994105602335991,0.039980578927231405,0.038951935490351045
33,0.000188347,0.038499476947323516,0.038850613129726694,0.03660560113473722,0.03671340862730575,0.0337704879789937,0.038472463176142925,0.0386685415066076,0.03835774678733181,0.039296080310700664,0.03719907809362487,0.038472463176142925,0.03868220765386897,0.03906943729951434,0.03796783736255573,0.03863803786486737,0.039629550326376765
34,0.000253201,0.03993562308329741,0.03999270653566966,0.03869818190408207,0.03881328625163171,0.036448125990346546,0.03403916209601014,0.039950551859634066,0.039854209456757377,0.03527936709839455,0.03835760585229152,0.03403916209601014,0.039858026432326485,0.039999423202194594,0.03965209125371849,0.039980295855251737,0.03983856299389597
35,0.000222491,0.03972264536036882,0.039918843098701064,0.03780044279458808,0.03790575802181257,0.035306465622417224,0.03641768056941931,0.03988322542365332,0.03976032524093524,0.03641768056941931,0.038030466208450346,0.03641768056941931,0.03920520889124451,0.03999937397212361,0.039595052084711216,0.039850589266025443,0.039731569151878254
36,0.000196573,0.03907991634275124,0.03906460640668133,0.03682295212413768,0.03699561613758913,0.03414256918632068,0.03804203687270836,0.03905856850853452,0.03895268803991943,0.03866077573288431,0.03837000835867671,0.03804203687270836,0.03813669923649207,0.03958768054105865,0.038698491360162825,0.038639542487047485,0.0399158207060245
37,0.000298344,0.039999713326035816,0.039906170965603054,0.039575159154779924,0.03972457673334964,0.037700909014813606,0.03190723586954505,0.03998962493867875,0.03999173243661703,0.03681999492150982,0.03973813586186028,0.02981819596413751,0.03994636510281562,0.0399733879692715,0.03991150401328633,0.03990314612658318,0.039807394584584974
38,0.000267833,0.039973634003797366,0.03986926170656801,0.03914754493857085,0.039407772304756505,0.036888452778660034,0.035569571095137434,0.03981634294986341,0.039862274706005875,0.038077155346548416,0.03914161906752764,0.03275737897076085,0.03975963248367977,0.03991729771339132,0.03947877723561853,0.0396717029395489,0.03999440916430122
39,0.000362543,0.03920851377673437,0.039439557323641315,0.039996526966983886,0.03999180472935277,0.03897538375543061,0.03255915640794066,0.039842819053884496,0.039727297419531855,0.03512443924924702,0.03999628176479316,0.022654117466167467,0.03980771502499381,0.03984647893949837,0.03999559562714877,0.03991055697209748,0.039644085020546435
40,0.000206019,0.039405126131520585,0.039199125201018356,0.03747974784556289,0.03780590630057823,0.034597715364321505,0.03994821400108582,0.03777279324996502,0.037925685576235074,0.03957598043892245,0.03806250523428041,0.03749514610525902,0.03848567934006633,0.03737899344275793,0.03640241632011486,0.03774984235517345,0.03771085114156929
41,0.000171049,0.038567933300533534,0.038113842601606586,0.03603209241902985,0.0364120006049663,0.03282366690736442,0.039700296634317706,0.036746896144427166,0.036491231514579434,0.03907258873597183,0.036862402480425216,0.03922490691827726,0.03757463220339368,0.03604819962059641,0.03488160061130699,0.036742390149496235,0.03641183208262765
42,0.000181302,0.03882176468944756,0.03795663769413739,0.03642823672332205,0.036815514110551964,0.03342348857597631,0.0388049347941695,0.038657422102460995,0.03800861535651002,0.03939258269670264,0.03737758894196163,0.0388049347941695,0.038450916964410956,0.038139959288258585,0.036844240224334406,0.03820560442386472,0.038569020799235756
43,0.00013355,0.0370364200302159,0.03638077636337973,0.033551576462399674,0.033941235734382125,0.030330261723228225,0.03999825065729747,0.03699272134815347,0.035954065155496456,0.03999825065729747,0.03532013287078012,0.03999825065729747,0.03633766842527662,0.03688800362678239,0.035239587178325024,0.03589081074534242,0.03776697789964304
44,0.000153348,0.038106453438597344,0.03780961844375702,0.03464031109446129,0.035238057166333235,0.03169598402781318,0.03975258026411732,0.037070585215132915,0.036400781137388274,0.03924912709452724,0.037252355409094634,0.03975258026411732,0.037487390829845965,0.03729246924133671,0.035795353781794506,0.03653981712252336,0.037953138405211265
45,7.69e-05,0.0323676702145068,0.03186212878262522,0.02794770429665644,0.02857487079872667,0.024879399512190304,0.03776918535737968,0.029704086151796837,0.029436306053410886,0.030961682350065668,0.030006992040456204,0.03776918535737968,0.031262061343043136,0.029972437257407947,0.02828059887499755,0.030221177268898655,0.030539870065006205
46,0.000426104,0.036011710324042656,0.035999946683587664,0.039830317052422584,0.03957475625206355,0.039667000156666875,0.014525523201155216,0.039245420989062064,0.038893775598293184,0.028486912185194488,0.03983125382842171,0.014525523201155216,0.0380225890716925,0.03850713912277547,0.039514210462740555,0.03849604890296495,0.03726534245033698
47,0.000187168,0.039516470545552955,0.03962301088932393,0.03661445598566286,0.037112433827684074,0.03375118937135229,0.038530485891641604,0.037271931552176216,0.037942485047839675,0.03984150491448073,0.03775724783987208,0.038530485891641604,0.03792549784424261,0.038475072343007954,0.037453774016999786,0.03754900321298625,0.03920361528498267
48,0.000168321,0.0387199424339764,0.039158341143652214,0.03586897748081487,0.036455894045587994,0.03269198863396516,0.03932315123307262,0.03668514911331967,0.037157569789910985,0.03798893676139955,0.03788595669426631,0.03932315123307262,0.03670573560281143,0.0380067937094173,0.036622510568328014,0.03656733670171945,0.03849416122922723
49,0.000157722,0.03747682741537447,0.038593346123955985,0.03553514067745942,0.03591005607327252,0.03211815327575123,0.0396471382064488,0.03765881064141657,0.03759873600095284,0.03753363974262992,0.036366895792399344,0.0396471382064488,0.036191880737885665,0.038351102517180324,0.03684237007597488,0.03722233916938244,0.038528464667936135
50,0.00015315,0.03765058381808419,0.039056775869355534,0.035566973831788015,0.035913009321865516,0.031847289037389453,0.0332358594734095,0.03874067131034786,0.03848836072914458,0.0332358594734095,0.03635411232303115,0.0332358594734095,0.035874319580228686,0.03980541703414243,0.03883640247276873,0.03883314786256138,0.039997316444939056
51,0.000117331,0.03560352491571159,0.03756347596348865,0.032526143236534966,0.03282336698393824,0.029181669834320547,0.03794834329722632,0.037606901962352786,0.036916979173402587,0.037786920869114386,0.035525941666181504,0.037786920869114386,0.0333028467527772,0.03977425076648919,0.038251817472503294,0.037982646424995256,0.03999327282394254
52,0.000144438,0.03761397572320071,0.03916847011707813,0.03463498987429599,0.03473181652983924,0.03109959431528745,0.03796904900519293,0.03951671256809905,0.03822679528922191,0.03925468845491457,0.036502204325403936,0.03450932811848785,0.03560029047212862,0.03999542058816269,0.0388127391330146,0.03972293571581628,0.03999949099407247
53,9.32e-05,0.03386118807475429,0.03549521251952216,0.030398084689959286,0.030506471483019278,0.026797253287792946,0.039592830731255725,0.03806192495391239,0.03532446742023122,0.039592830731255725,0.034620965817866486,0.039592830731255725,0.03198651951988658,0.03876672742553694,0.036417100501460645,0.03785706272515912,0.03939038539213044
54,0.000162786,0.03867972030456668,0.03963775066338924,0.03579740397055363,0.035829224349111434,0.03246475343792699,0.031721150682238214,0.0399971281246092,0.03939850233300875,0.031721150682238214,0.03789914119826458,0.031721150682238214,0.037166467760143054,0.039913915556007123,0.03980727749439642,0.03948965541202961,0.038662064429391386
55,0.000170598,0.03917168816639009,0.03995751415348602,0.03619301473967891,0.03619021656526451,0.03281717636648658,0.030417834061644985,0.03958930098957485,0.03891245064659044,0.03608845462204807,0.03848859261492759,0.030417834061644985,0.037447731994925015,0.039827045090489975,0.039013961460188554,0.038336833796706035,0.0399976983871626
56,0.000197664,0.039658459724978834,0.03992833309339272,0.0376574258903942,0.03763144520612734,0.03430412571568754,0.03161377013754757,0.03952928439680295,0.03923634767534308,0.037161167903944456,0.039034126771629506,0.025443689500447272,0.03844222216514746,0.039766874483005844,0.03895422830056574,0.039076541459875824,0.039982135706276935
57,0.000292018,0.03935436476702698,0.035858591868378364,0.03978426085372771,0.03974569441488455,0.03765277349773211,0.02398118493054535,0.039999904188224154,0.03999120565607287,0.03891235255807434,0.03986371414643252,0.003999871167137264,0.03993954687980644,0.03996056995670706,0.03985566976520311,0.039943400816189314,0.039883642507956056
58,0.000268478,0.03996482864286847,0.037809525184491516,0.039585944291616236,0.03952810115828309,0.037010293967576366,0.03515069583565984,0.039315342065213046,0.03972724544673404,0.039672383189090506,0.038732883690932314,0.009828883977085534,0.039620908544666766,0.039556452496491895,0.038885846218964445,0.039902304260941504,0.03962795848809478
59,0.000238237,0.039998006103436096,0.03808054715448434,0.03906725589751343,0.038912131144470924,0.03603066748179083,0.038052134677447114,0.03823959621024295,0.03895339276791947,0.039995142082201,0.03941376842771963,0.016888910909894125,0.03910143492641065,0.03873852061322852,0.037914091566302904,0.03937798842648294,0.038837195810901406
60,0.000398697,0.03610994313476973,0.02325936235359327,0.03963232081850178,0.03975281888316161,0.03947328008174333,0.0060763127997642274,0.03971167185867753,0.03942139458146201,0.035849297289831716,0.03957882591425834,-0.02522663371363343,0.03934865999205484,0.03895432102855274,0.03985673083702667,0.03833984611472844,0.03898088219192137
61,0.00017915,0.0395741408326544,0.03931200422966591,0.03714666078279179,0.03694565273667699,0.03334950291545261,0.02891954337639653,0.03798069674429927,0.0379196871205944,0.03983307522527358,0.03798808405308522,0.02891954337639653,0.03798011222951843,0.03886579896910777,0.03742379765287529,0.03878355034639116,0.038850838216079535
62,0.000188249,0.03947965223150893,0.03998386412252054,0.037352049028970935,0.037121862457338756,0.03381518419995478,0.027249099128349788,0.03797179192157277,0.03770394355355024,0.03991049568952281,0.038662234225422226,0.027249099128349788,0.038417830702142726,0.0385381802422816,0.03734441155335575,0.03829015982500289,0.038679748121555
63,0.000240666,0.03997714811560402,0.03817536032618797,0.03886727082370077,0.038732217560745325,0.035985917764323624,0.024578695263954037,0.03904908232673021,0.038711911612415814,0.03998737084798677,0.03891047233052643,0.016341458350599358,0.03962484528246352,0.039170686775351085,0.03842831612019798,0.0391072614926955,0.039403333457544876
64,0.000238105,0.03994066031688317,0.037375256457948106,0.038801571878463496,0.03870873582230487,0.035888522027161376,0.026513469466727058,0.03911023231923415,0.0385747701256855,0.03997240881843782,0.03880863780329631,0.018132115464207066,0.03943268072227339,0.0389357903785823,0.038177347211544706,0.03885986283642893,0.03929803994695642
65,0.000274413,0.03984785239506236,0.03870894450942693,0.03934200831269149,0.039432832140258715,0.037074106799287895,0.02899713044914591,0.03953422782186803,0.0392222621197522,0.03971907057207078,0.039331756068039805,0.03042362973041253,0.03965392264483703,0.0394247464228704,0.038811894230426906,0.03915760128186656,0.0396684326393922
66,0.000306776,0.03918813118916225,0.036790622517375735,0.03982103566184801,0.039682947840537545,0.037840975755385024,0.03525278952813217,0.039349545834319266,0.03926216818245136,0.03964857281679941,0.039673092009578234,0.03825367963834409,0.03977234906583396,0.03930399400607491,0.038700690810750685,0.03895523463638225,0.03938077948305488
67,0.000358684,0.03847484416350719,0.03469588858923689,0.039992080216671014,0.039993167105878615,0.038901523097609275,0.0354691156109236,0.03948747962555195,0.03963933944617204,0.0399175964823598,0.03969257630962463,0.039220485715665256,0.039985624996323715,0.039513521798227355,0.03901459974679833,0.03927108638441389,0.03947792698044808
68,0.000611488,0.028198454613997254,0.021852686778077363,0.03587924623279634,0.03669053383736931,0.03965349334225684,0.021650295006742204,0.03957675387371809,0.03890637090482527,0.03754120636205677,0.039170650796983945,0.033563669704212554,0.03749826450875736,0.039351054422433446,0.039821492945384736,0.03965291258176453,0.03942540508314105
69,0.000491348,0.03415930422451073,0.03255690145919886,0.03867464065966007,0.03907177087255153,0.039974834457565195,0.034752180049970646,0.039737837204085594,0.039998765546298595,0.039924665369821914,0.039989338450797426,0.038911340151118155,0.03980034708980297,0.03992302419597452,0.03965398004590544,0.03979369006159442,0.03990431501219803
70,0.001083124,0.0021868545022572516,0.005239489426646704,0.017215905900185652,0.02019671233448228,0.0318700017302318,0.009296150106215012,0.036511886978793234,0.03338703516256393,0.034230371222021536,0.036084523093901366,0.022573674761499504,0.029030788236676167,0.035270356005493136,0.03687163804034915,0.035529482697002415,0.03552408326596335
71,0.000282867,0.03996262175977838,0.03997898026310148,0.03948565572016728,0.039259730096395974,0.03730685730282253,0.039992796163329805,0.035616717394257466,0.03693824375629057,0.035782661193648986,0.039132598729645474,0.03959433256928143,0.037763208632957644,0.03612552864547073,0.03515046122959793,0.03637477530683776,0.035814530841466144
72,0.00037463,0.03896664720462589,0.038813608092050034,0.03999971900709576,0.039993799170556024,0.03909968555083384,0.03509730544967701,0.038712657645180844,0.03938351894314178,0.038713536111544974,0.039941748175152225,0.038851040397861254,0.03943967080629818,0.03887278200428207,0.03809086844815592,0.039000976053079686,0.038545701536965224
73,0.000353604,0.03864358562920578,0.0378741682340473,0.03989467045247202,0.03985507768576156,0.03874214499196482,0.0326532082190045,0.0392592376134085,0.039555106408817695,0.03999958823702474,0.03979054751952289,0.035999455753322376,0.03942430280135964,0.039606514620320596,0.03896660910964934,0.03946053407638449,0.03937665826519675
74,0.000317143,0.03852492801358388,0.03792441609374951,0.03946119421599115,0.039555191996105264,0.037919110639831874,0.03453039139069462,0.03975598073963942,0.03955575360624694,0.030217997034935426,0.03958836449265124,0.019143067832250935,0.039414247853696266,0.039999913442632075,0.03973801379674772,0.03966849953665171,0.03999994530560643
75,0.00041041,0.03883852962826278,0.03917181181998827,0.03986347167793189,0.03998610503877631,0.03935334589786215,0.023691621132729712,0.03797497132318384,0.03970466211314525,0.03675224901269834,0.03999916034908905,-0.02866285274928304,0.03984752532303791,0.03709913033735175,0.039368165584445475,0.03961742372078338,0.03706954027434933
76,0.000311928,0.03761315744153138,0.03788183992785947,0.038861169323204214,0.03891740152648944,0.037522960418815955,0.033953091886584075,0.03993808121458593,0.03970702965730598,0.038554543542814124,0.03882479118387186,0.03257014786541547,0.03989607946530895,0.039997735015054485,0.0396642475638241,0.03975314093694248,0.039991245955352195
77,0.000418777,0.03932361701427081,0.03904513116301868,0.03992067237813135,0.03994529481257637,0.03943436146999667,0.032743973818937844,0.03998987182594938,0.03999680667384884,0.038592488333448256,0.03994570739428868,0.038087262235695876,0.039831205194952354,0.03999769436433062,0.03999857958665978,0.0398673733470705,0.039862850601015756
78,0.000315332,0.03817758853307493,0.03791768228722152,0.03886480931262104,0.0389556162281868,0.03799144913832109,0.038535120147093656,0.03900975446343931,0.039322586348463154,0.03999425401962622,0.03869184029780419,0.039998468402858894,0.039399705417575925,0.03898173576387107,0.03909694511783619,0.03782029703520812,0.0397320678461392
79,0.000353642,0.03687476784759362,0.03813095145919058,0.03944735835821302,0.039545024100909154,0.038550919171231705,0.034760922317807766,0.03995791612773233,0.039991839476288815,0.039197004832691805,0.03964921718328635,0.039258812416894266,0.039503329486290234,0.03999097214560091,0.039833490119766224,0.039164918262773914,0.03994464824045455
80,0.000395317,0.03829850426598076,0.03899814753960322,0.03987933240531449,0.039897266405006106,0.03933770183843069,0.03096053226226389,0.03928403169033523,0.039618217217710666,0.03984713409681099,0.03937327424115388,0.037859617137834284,0.03971558133350292,0.03965556887618273,0.03998875194714465,0.039999964679250544,0.03966127350086571
81,0.000381964,0.038632018597608855,0.039333543266767475,0.0397820943613078,0.03980014655896607,0.03913915210786889,0.034149286865980746,0.03985771817137442,0.039933652556760166,0.03709947934319821,0.039741756933450875,0.0393657339150438,0.03953814355199192,0.039537432964045376,0.03991455621547554,0.039789078588301656,0.0396426564838833
82,0.00068198,0.039233822550815325,0.037930128027380466,0.03797135920862952,0.03790297031968002,0.039197810211121197,0.0075887273431378965,0.0361977399716322,0.03548698424652759,0.0176985964585558,0.039723634481440055,0.029697670248930816,0.038484191514602056,0.028989743886146627,0.03254077160828253,0.03338457682476459,0.028618826428268143
83,0.000350787,0.03877594712076003,0.039577622099363004,0.0394136602289158,0.03949884853332467,0.03868419161184111,0.027175887544711758,0.03955468986897275,0.03975291949209027,0.03993558074598113,0.039982620831835236,0.03914635166673887,0.03916160704290722,0.03980115247215763,0.03992382282609028,0.03994688092199604,0.039984604891658934
84,0.000514693,0.03995467161685107,0.03963171699478364,0.039851471984646857,0.03978038665742354,0.039996677165494994,-0.0007352982636140981,0.03991017481169291,0.03977444464923682,0.03905057696111885,0.03667115841719169,0.03212472971497554,0.03996520531663492,0.03918203450466003,0.03990992918897926,0.039516591534504535,0.03955487700091223
85,0.00051649,0.03996911034605782,0.03997604183316459,0.03986053848625221,0.03980104224598175,0.039998996906614806,0.010512745351668379,0.03994935331375593,0.039829749476503154,0.037935228212472825,0.039929068905778825,0.030820669704438808,0.03996857039621382,0.03972925497640401,0.039998216568820744,0.03970230910539113,0.03986075565803122
86,0.000361912,0.03896248988709765,0.03820700431736042,0.03943796802854822,0.0395511997751158,0.03883301733950106,0.030149978982868975,0.0395730130684304,0.03973515076244707,0.03919910685611561,0.03997463241271799,0.035175244396299876,0.03932050008081031,0.03980278349557416,0.039207571423055684,0.03979287100414592,0.039607164933309034
87,0.000375214,0.039483192187836975,0.03902356326108744,0.03941250432594754,0.039690234098286946,0.03902392343695091,0.031107027146766553,0.03993986435819534,0.03996515037490698,0.03988860262918971,0.039991350985163446,0.032617700790542006,0.039688788304184465,0.03993627578933971,0.03979668863204516,0.039854378696274416,0.039969567363156065
88,0.000368143,0.03944765041272402,0.03855434390492969,0.03933435460217896,0.0396697036727362,0.03883249292121385,0.036733717911552666,0.03978546414714728,0.03980357801784517,0.03989946692617279,0.03975681676316954,0.03813606450523248,0.03984910623936672,0.03999406783020459,0.03958919181076833,0.03993949504280727,0.03978598961597414
89,0.000488166,0.03995802890995622,0.03994495776260345,0.039993572103726914,0.03996332703042652,0.039931642687023844,0.03463310813862441,0.03998131429725889,0.03993483310956406,0.037984355566341374,0.03991633215005266,0.03713589089404848,0.039404219231121876,0.03972405814379837,0.03997978290147436,0.039475506585985726,0.03988189075389228
90,0.000309623,0.038401546871620604,0.03667216567969239,0.03803453366064082,0.038598357617318904,0.03777729230595188,0.03904011490760178,0.038864777825808605,0.039090836748620406,0.039933549680785455,0.038900105795240975,0.03992076005103581,0.039693326706771545,0.039421643595804856,0.03877867827764077,0.03914599562555583,0.03925899783106271
91,0.000310063,0.0386691321773784,0.03670748402263719,0.038049446612509925,0.038664269400584275,0.03766512450575367,0.035434422012680836,0.03934361714774764,0.039422715371646114,0.03975571624166066,0.03994725640321571,0.039374171929771315,0.039655873567599434,0.03970037244127827,0.03893618420117865,0.03917810024981366,0.03953894610476496
92,0.000492353,0.03980749125306728,0.039846938765285,0.039994705034581086,0.03996160390240317,0.039957708270210994,0.01258107692448382,0.039414639123863206,0.03941625734073505,0.037346900844047765,0.039990407496343035,0.03125904187012961,0.03945727498458395,0.03863008478171915,0.039712964073614986,0.039715259639472124,0.03894554463057282
93,0.000332375,0.03941851311035931,0.038158568448789884,0.03856700306346131,0.039002698407408214,0.03830343484673286,0.027072777177753804,0.039734919571524294,0.039751727408463104,0.03840718437136504,0.03961819036646829,0.03661763356315112,0.03954312911050149,0.039985806133979424,0.03984807574964282,0.03940512537787393,0.03998506739120872
94,0.000272545,0.03827288336032667,0.03608414132920057,0.037106255411849115,0.03763524055546951,0.03681921889471956,0.028344013000083546,0.0391509544239042,0.03905973359276489,0.039544376152796476,0.03915717495680565,0.036039185350483574,0.03827379308034588,0.039949380160429884,0.039344711499984246,0.03835638292802579,0.03990593774076705
95,0.000231326,0.037668435657318894,0.03566107483561817,0.036025099096999566,0.036574577477598395,0.035427840886107675,0.03504630666515715,0.03835782377761485,0.03805474178755671,0.03899673032011436,0.03794387427425212,0.03816449542512855,0.0368369156310981,0.03920148851866127,0.03810886014032182,0.03710319988050701,0.038928577584728875
96,0.000269035,0.036361109601957424,0.0339004786073363,0.03735791440036897,0.037780832732381434,0.03678676010893678,0.03844645789380991,0.039000391649723215,0.038851385983521475,0.0399847446579297,0.03936842446441862,0.03835698253654742,0.0378601724081309,0.039657860088139915,0.03913224936220771,0.038327856134419025,0.03964304422274682
97,0.000263754,0.036245177679439466,0.03325886217682249,0.03732186390126213,0.03814301335677238,0.03665714163155155,0.03994913778841178,0.03883224740396739,0.03877460291517648,0.03990196945066942,0.03838283809085649,0.03953964754156517,0.037745097252356384,0.039624779053544903,0.03908745429194484,0.03829318364007486,0.03958066893746791
98,0.000458318,0.03992012848268808,0.03880622191667242,0.039983887679429085,0.039926487895136836,0.039802640230649916,0.036422427555077935,0.039591271844863794,0.03968243844776769,0.0393620688837916,0.03964737196442115,0.03419485006518458,0.03998854784006927,0.03875806408680366,0.03961307865640007,0.03988349986753066,0.03908835510609177
99,0.000303349,0.038079623511630724,0.03620069393956284,0.0384924603870995,0.03928790457867953,0.03772244245918026,0.03999885866063932,0.039246244630424865,0.03921777000389695,0.03962676858566308,0.03934160354655899,0.03999997427046989,0.03885749706789386,0.039506183933423866,0.039116861250737094,0.03878117559412646,0.03945938478822677
100,0.000266679,0.03758293689800988,0.035813474337558916,0.037707643524144255,0.038577677455115936,0.036813231360845036,0.03949942359159717,0.037498338944052065,0.03775671891714414,0.03847573113475661,0.038815845915381425,0.03894436839352877,0.037896888797554096,0.037690640764890745,0.0373980045720045,0.036847592459219,0.037859257605340466
101,0.000227385,0.036926032884625155,0.03518628543066046,0.03648981377158508,0.03748209608287757,0.0354198378401069,0.03872990302170312,0.03558840988265562,0.035997310625648093,0.037095005332841664,0.03801846144329741,0.03733743547878161,0.03630868431410969,0.03568142298493921,0.03547377854642823,0.03484393516251964,0.03618504501073147
102,0.000905036,0.031880631132599174,0.03720460650098731,0.03292134844621181,0.02966166218218458,0.03583575012586905,0.015639003808628205,0.03457657396720504,0.03424479042832586,0.030963339774066553,0.03683262014121891,0.02791149681074441,0.03508935598588006,0.034490595054208484,0.03538554205576784,0.03617924023043419,0.03280492683031691
103,0.0002791,0.03631568285058344,0.03361094819748711,0.038059170322105554,0.038693115475894886,0.037166417479587766,0.03971382380816619,0.03825885108059186,0.0380530187862502,0.03781886644270898,0.03947636282249875,0.039557181755114884,0.037192773256220946,0.03806792358943853,0.037529547310424564,0.03754494947139429,0.03827915534213647
104,0.000207963,0.03247990846995692,0.030827161014667478,0.03581165066660083,0.0368707385278111,0.034544002167967526,0.039978357900885594,0.03647187225438648,0.03585536690095502,0.03670277576088405,0.03763498120612496,0.03803387181064402,0.0347483952640274,0.035912652180940044,0.035253308549905896,0.0355475929606557,0.03591898439796605
105,0.00040265,0.038567330114850806,0.03765498212227552,0.0398655925195173,0.039999303693910734,0.03941655198802324,0.033523064807828906,0.039992197342687906,0.03994929808935841,0.03982987372815123,0.03985745559285385,0.039243157370400496,0.03972634160574961,0.03996320311123654,0.039981316979351984,0.03999913916430546,0.03998751859035582
106,0.000277564,0.036498774754302195,0.035623976983863465,0.038177457430773956,0.03887024865934425,0.03715180324525777,0.03888006989295991,0.039213770724387996,0.038643366492581085,0.039999819343409126,0.03948536819102523,0.03999999954802311,0.03831820095688289,0.03965685311007714,0.0389665748171124,0.03928624672967579,0.039474317064696826
107,0.000331233,0.03833536192456842,0.03732933104095592,0.038708301751967766,0.03921023336382894,0.03831526932077291,0.03894715384888673,0.03947352143170369,0.03933717498929407,0.039375194211546664,0.03984447413040947,0.039913952936443196,0.03949750545851766,0.03987379943426284,0.03933682539085134,0.03962587166123249,0.0397777749929357
108,0.001053117,0.030855034857282096,0.034383489654375085,0.030343300776987298,0.027104440444242886,0.033711418823948666,0.011485306797760664,0.032959384699329616,0.03214116751030899,0.03483668483137528,0.037369804945138724,0.02528825124967811,0.026779610173318716,0.03133240985831193,0.034599883130284295,0.03145772999097471,0.03308915849896052
109,0.000560713,0.039543703228003345,0.03999824980069792,0.039546445846159864,0.03889078693215274,0.03996212241266533,0.03632956095444684,0.039897304872437755,0.0399996638176463,0.039662039109258924,0.039914405334836756,0.03995537579889607,0.03936812520637651,0.039924573931291694,0.03970386136045698,0.03999937227965727,0.03980731114289809
110,0.000679077,0.037254909225901967,0.03921894429066255,0.038298052419519696,0.037315790067283,0.03909887378949055,0.029953772023029873,0.03998902598103656,0.03952387901884689,0.0397138909095408,0.03949871754010484,0.03954642571883002,0.038306481911622774,0.039940644256149675,0.03999847312753601,0.039785503562374085,0.0399745294102855
111,0.000498868,0.03965560136040113,0.03999988902976801,0.03993283117347022,0.03966449005755983,0.03995557939095581,0.03484311426776911,0.039620445325964246,0.03998509087406107,0.03987119413768898,0.03997055527325694,0.03999319436362776,0.039992061782870604,0.03989880194585309,0.039665284735567206,0.039808336437789776,0.03983197565006095
112,0.000356021,0.039867102077789734,0.03943160052446634,0.0396025126615425,0.03980697428981074,0.03880920851958322,0.03854324181772579,0.03923813589031245,0.03940191734903055,0.039983637126424894,0.03927642106321327,0.03999945282253283,0.03924978168043542,0.03957558177756634,0.03881507064237442,0.03908788857610532,0.03928113920218645
113,0.00030664,0.03895044325082686,0.037463442394590665,0.038226928503655055,0.03849058640672373,0.0377885764597891,0.03820590036468027,0.03982405825121059,0.0393610106446377,0.03990683437814426,0.039188951358647375,0.038635149053280256,0.038786668454003796,0.03999862615997359,0.03938763866071121,0.03987386551190485,0.0398110675298693
114,0.000303419,0.03895332597578893,0.03697034093776694,0.038062311251786746,0.03859966058826407,0.03731052595906964,0.03556853973766784,0.03996930012521728,0.03953866114307227,0.03974004524436757,0.03690433438547844,0.035661801157508305,0.03914003113674154,0.03979615383538375,0.0399003576799071,0.039979008770608275,0.03999387858561958
115,0.000297734,0.03906066515848867,0.03688473754404746,0.037676811345071046,0.03829981415433727,0.03727649801646532,0.035949873690352324,0.03999739042242049,0.03943650118983298,0.03890173028192672,0.03885544898513782,0.03859962675276802,0.03931624489334368,0.03998343413002289,0.0399291985936204,0.039752476489161734,0.03998286854952955
116,0.00036418,0.03989161593435622,0.038257312838197735,0.0389271477045334,0.03951892022751546,0.03874363973342839,0.03453269700108297,0.0398448721174364,0.03994903183689626,0.03399374307039002,0.03984590424780602,0.038648971678954876,0.03997301638684115,0.03978107123678364,0.03994090281792888,0.03961000604132219,0.039459011258437524
117,0.000352922,0.03900731146149236,0.03621319632705987,0.038756703016690625,0.039450673306721404,0.038425723015437764,0.036131644378139066,0.039993948815983595,0.039868848467078104,0.039262241593803995,0.038998944357469076,0.03932659684876907,0.03990638932828242,0.039982480230350136,0.03998234004122329,0.03901885884887695,0.03978514487124064
118,0.000223425,0.03636460612785167,0.03317606979871607,0.03566965247683408,0.03684584749918628,0.035098237424399735,0.03999812149373504,0.03830864340008794,0.03756619829000639,0.03947831769574481,0.037680364876520524,0.03957855744552235,0.03716739394945123,0.03816839264961101,0.03752575513429679,0.03575054254387105,0.03876768569998178
119,0.000352033,0.03943450906184172,0.0376827641269737,0.03913639324848477,0.039658360258927966,0.03865860226608338,0.03928331356738441,0.03987850832086753,0.039798530409666764,0.03997173333193875,0.03971906032948658,0.03990669854524564,0.039484748106915796,0.0397365710306027,0.03956173574752847,0.038989417756888,0.03990070653449672
120,0.000475379,0.03983230309975228,0.03986654938143143,0.039999152223498105,0.039849810964309736,0.03991300353507036,0.03774670566494798,0.0398310376014375,0.03979082487429801,0.0384021419550598,0.03910033339365292,0.03910523326652586,0.03999923304192746,0.03992645857742709,0.039968995854615254,0.039996721372418255,0.039770385762689896
121,0.000259382,0.03679503853324734,0.03412216136414668,0.037353443133310224,0.038220116590945805,0.03654188649951223,0.039937803249534255,0.0383636194124493,0.038481390798398143,0.039547372825044294,0.03787279605518421,0.03934667759788853,0.037221333716526375,0.03873495138861193,0.03838573843009887,0.03793141866827336,0.039024733256832055
122,0.00027246,0.037454235524888024,0.03525479050324796,0.03768148335044336,0.038357850157345164,0.03692454069795688,0.03928312177576111,0.03907126750785819,0.03892470031098652,0.039859220512632354,0.03926410050573631,0.03993620259389859,0.037678838016658694,0.039664985066226906,0.03923183356933836,0.038833031296695304,0.039760599433476644
123,0.000393864,0.039503556333852295,0.03848799829295449,0.03973558774740052,0.03997250272369239,0.039316020396748697,0.027179716081820057,0.039906978709193165,0.03999998584604472,0.038744528744898574,0.03996151100668539,0.03825850616337463,0.03977793548938369,0.03958028145288096,0.039936199021805494,0.03999922692845482,0.0394196235269055
124,0.000268232,0.03777392688010872,0.036502789463075835,0.03757042503496233,0.03825552214420305,0.03686465207152517,0.032475592251716326,0.039397569284016644,0.03869972618739374,0.039995356469895764,0.03991560922215362,0.03999166377899009,0.03796575469169058,0.03954372725233109,0.03900243304605722,0.03860847956877663,0.039703343441346864
125,0.000304772,0.038893225083630384,0.03805876754678461,0.038344354284120974,0.03896698169356895,0.03777407527023146,0.021629095966872347,0.03982613773452623,0.039353470594644724,0.039888569405804944,0.03999991960352466,0.03951986398199516,0.038850768295810925,0.039911974705120964,0.03948773488980543,0.03948569286216644,0.03996423466936996
126,0.000307693,0.039098103396119605,0.038504262656120086,0.03851250533125694,0.0390642541003607,0.03777380148830747,0.02680752169860663,0.039614813061842266,0.03917469528970384,0.0399520071493922,0.03949410534235877,0.039806443555515145,0.03886016435802252,0.0396833589507078,0.039090643792116964,0.039458143779979,0.03974340392669444
127,0.000395735,0.03999997797182865,0.03991106026253871,0.03972795114898421,0.0399421933692581,0.039359740316065026,0.03134870329581864,0.03991963304531427,0.03983828054574016,0.039812399267715286,0.039987601915032256,0.039505905501092634,0.03984136648726505,0.03990984450778625,0.039623472959993494,0.039917416923637546,0.039935192787620116
128,0.000368797,0.03999998460613594,0.03996182076678081,0.03937873009890666,0.03969739998779741,0.039018995302518844,0.037219235073869206,0.039436939722139186,0.039490529031730316,0.039834425998118525,0.039975130871394704,0.039975760796108685,0.039665430337178,0.03952331656147396,0.03902511520627208,0.03966563861081634,0.039491366365115244
129,0.00067758,0.03378492374618318,0.035439899009108405,0.038203907467028834,0.03685532349609982,0.03926208934560614,0.019821201602924762,0.03864563492842983,0.0382886239883123,0.03794788293319836,0.038102600019605554,0.03332563763796892,0.03754358779297114,0.038257417746114006,0.03929086146951827,0.03771552488224362,0.03860844827323501
130,0.000468723,0.039184291184580534,0.03940593079640811,0.039993796377254545,0.03983026882129332,0.03990194791987127,0.03284832337188574,0.039957113242840264,0.03999991482102339,0.03934599181144032,0.039740628829684856,0.03861029510291678,0.03993002343991213,0.03999794919331592,0.0398769852560995,0.03999024038878188,0.03999810305938702
131,0.000438009,0.039639941109527836,0.039952812995400766,0.03997432714277473,0.03997835816390989,0.03974082663669488,0.036178212071058036,0.03959529638798404,0.039869369595949715,0.03997045649656087,0.03972718952882631,0.03954461542020617,0.03999999158821038,0.03988666958857911,0.039529773984936734,0.0398565166109799,0.03983540917789924
132,0.000342382,0.03982979158760224,0.039037894402506684,0.03918225370120888,0.03960933872724448,0.038553949897905476,0.03903857133692634,0.03838588612484309,0.038807073409855564,0.038212301987431065,0.03967526993321423,0.039975375393274955,0.039488832243272896,0.03866320610540465,0.037775724181529156,0.038924034271098876,0.03832148167597738
133,0.000361529,0.039994182772029575,0.039439333405764096,0.039422338692270145,0.03975446654866043,0.03887035153081791,0.03595525892483295,0.039502206047605334,0.03954411991280838,0.03920514406244796,0.03999863065366508,0.039256838929124946,0.03975841115690537,0.03954901086541884,0.03886785636989601,0.039750928159213494,0.039433949316054345
134,0.000360953,0.039999994765792836,0.039384840499083903,0.03916474862115822,0.039540397450888415,0.038817720014508304,0.03027160359944432,0.03998836759125436,0.0399077768130832,0.03131733114262367,0.039835894738135216,0.0319994408584105,0.0397853398354722,0.039968315584089316,0.03985903385120385,0.03997465410566955,0.03993110085684564
135,0.000359115,0.03979565332126513,0.03926712285791578,0.039263026570386064,0.039515894502157665,0.03869226674323911,0.02881590197301931,0.039974430314578424,0.03987916125202073,0.03997146809354012,0.039895947328034746,0.026476513637358798,0.03985494148820182,0.03978957715481528,0.03992258709425949,0.03993400669047434,0.03989384176009353
136,0.000336252,0.03973831647631351,0.039026083390779315,0.03892191160185987,0.039147967631455394,0.038285379839292,0.030670832801851344,0.03998666423227273,0.039601108869155466,0.03964919253191612,0.03997290983962486,0.03200015415351452,0.03986394612940934,0.03999863173274082,0.03977806313083161,0.03968030949058676,0.03999914040142917
137,0.000415158,0.039949425570566674,0.03993640948085308,0.03985531920033137,0.03991440117911824,0.039489950846582515,0.02496463235141637,0.039832313998072515,0.0399912565019534,0.031000898562342866,0.039920027334978965,0.028767339614793372,0.039854451900169154,0.03959554997719235,0.0399031360309943,0.03997544932706432,0.03893359542574209
138,0.000303323,0.03861456839488543,0.03700945365844724,0.03849633128760962,0.038587375498381954,0.03761588329980703,0.03848284287883286,0.03916325629749143,0.03910855735858254,0.039955187576871096,0.03942500005765921,0.039020984517335364,0.03945533499566965,0.03945355240408547,0.03894206052013899,0.038173010302314334,0.03977055773710847
139,0.000442639,0.03999979424714936,0.039684094513236574,0.03998980375524231,0.039993909963279034,0.03972977135130926,0.03736312941393519,0.03997691518488342,0.03999426158961197,0.039606457324531795,0.0399764936353511,0.03711357738393618,0.03995742711285612,0.03999164037305521,0.03987835123239172,0.03974132472819631,0.03998047356302977
140,0.000300426,0.039060126829456726,0.037616871023405815,0.038596041770081,0.03860234487879208,0.037622162979433174,0.039954081643964856,0.03844280022964599,0.03866819376850579,0.03970000601435978,0.03882451962264707,0.03976666608581425,0.038864661309326316,0.03847292368432853,0.038157859880259055,0.037732198135594044,0.03907879133158894
141,0.000263335,0.038329976709400096,0.03702169772530344,0.037756874439766566,0.0377958777102191,0.03662613885003492,0.0397282311146801,0.038282733188402925,0.03846286459274211,0.03982921336386777,0.03768909274205255,0.039331665503764504,0.03780603978225433,0.03852738645439381,0.038223360185313165,0.037282035146383424,0.039281468275405754
142,0.000251153,0.03849809806431604,0.03749829038478996,0.037299308556416486,0.03733690338662164,0.03622530723209813,0.03903335573786232,0.03850157466182789,0.03851456546590207,0.03976987908004149,0.0380245962015383,0.03919206581559432,0.03736188359389545,0.03897801530103193,0.0386134424909388,0.03738722076931439,0.03959322880149441
143,0.000304619,0.03973120219052162,0.03919515089792018,0.03870155504588044,0.03886465106523691,0.037732852536371486,0.03620337561735344,0.03963626710018342,0.03946900073627128,0.03997346322471928,0.03949732986835814,0.038472439770791504,0.03884251586319307,0.03986799106678689,0.03966507957707383,0.03902567157954935,0.03999987588816178
144,0.000253759,0.039240451005457214,0.038471000434860014,0.03734872728887955,0.037338027474203436,0.0363117660677891,0.03628243288164315,0.039247737144979616,0.03870806515593213,0.03994078678190391,0.038948292933815576,0.03972319507012471,0.03806385803412217,0.03951336144283208,0.0390410090557617,0.03868165773064389,0.03985286490834139
145,0.000307213,0.03998162453913292,0.03979723744243472,0.038692946727380086,0.038752713673880085,0.037798239509939324,0.025076845861312078,0.03998810717681662,0.03966831570485539,0.03905269742474482,0.03960724207758726,0.03892554465687108,0.0394061274465027,0.03999409139156834,0.03973146596071652,0.03982616390280838,0.03996363741586888
146,0.00016924,0.03725927008968162,0.03671364472320816,0.03396107989394991,0.03392242414208758,0.032556680026582914,0.039243906410246464,0.036219888311199766,0.034940267390935725,0.03894967339737006,0.03571685231764091,0.038239070666793135,0.03522475019747007,0.036090089897600736,0.03483578830657405,0.03550744048117403,0.036663464592648076
147,0.00026926,0.03992119457921961,0.0397640549252489,0.03807269424749684,0.03818528269848081,0.03690018928175559,0.03610464002629887,0.03854063916483847,0.03785671937860398,0.039901454068790594,0.03857490804458429,0.039775193412600406,0.038698501072026215,0.03842133591185766,0.03765779396554138,0.038149899744120384,0.038844230838635974
148,0.000481849,0.036917661058638335,0.03729851139534124,0.03993012068796184,0.039908964456591534,0.03994586692077774,0.016671672300082763,0.03998016453416937,0.03999986519966754,0.03881710210243065,0.03999438309422761,0.03858803294591211,0.03979202352884343,0.039983561290527256,0.03996881203190835,0.03999254705211846,0.039818463845395495
149,0.000243873,0.039814794722057394,0.0397674387420245,0.03744461021323796,0.03755732706751627,0.03605537149670826,0.038419228277884326,0.035907878787196465,0.036161322745756785,0.037697793626068,0.038130044572836364,0.038253185907116155,0.03706101809154931,0.03613307186832241,0.03535962844827861,0.036261975709124,0.03689896824062115
150,0.000393874,0.03814733039465212,0.03788648896917124,0.03990296119583649,0.039917146276845006,0.039351718793791526,0.03601724057991558,0.0382353501106007,0.03889041240138884,0.039014426692178035,0.039999815346349395,0.03963154361006616,0.03943146234842691,0.038534258935900886,0.03807906334314523,0.03883669415756481,0.038894112684156254
151,0.000991557,0.011818218680908016,0.005340291648260137,0.029097375279976592,0.028631080594880245,0.03406935699664791,0.002917843868910086,0.03843202852649153,0.0366835624359125,0.037030987499463375,0.03725864592513935,0.03452729744551124,0.034883814542425035,0.03778808073719676,0.0384209725586096,0.036824535986877,0.03732585831071797
152,0.00042166,0.03854352374697475,0.03707708240459982,0.039996777912932276,0.03999975029004127,0.03963951195041633,0.03301289858242765,0.03850694663858799,0.03928253030223158,0.03897437775031467,0.03999387012666953,0.03988512690082893,0.03946863015153797,0.03890926746817079,0.03842575216819638,0.039251311880330784,0.0389850927026993
153,0.000364832,0.039602198964858164,0.039438392802053336,0.03966107825010797,0.03971703381760719,0.03898056387757735,0.02608802126909164,0.03861397119994165,0.03914588991686507,0.039603303432083396,0.03963986240158224,0.03999882364954152,0.038997164780392515,0.039259823326141106,0.038591532552784774,0.039448867700875946,0.03922569747756485
154,0.00039161,0.038853693006859064,0.03826282731436901,0.03989755252686576,0.03993458727338395,0.039258148635784695,0.012534795977195284,0.039799086091102526,0.03978767705189696,0.03972661043364134,0.0397860734224581,0.03753385934293886,0.03971500460129594,0.039993397359949744,0.03980949467550145,0.03999289416913624,0.03999851621545008
155,0.000204384,0.03839366557518073,0.037919580216180596,0.03593825247122973,0.036012061727598285,0.0344598269798518,0.031596612647887504,0.037832289163758845,0.036796693194224586,0.039997597742578155,0.03693815882003231,0.03783240362908654,0.03670845035346414,0.03908740323755837,0.03753596359587481,0.038864674424591725,0.03902633567152285
156,0.000170766,0.03657545635767909,0.03517774903004251,0.03341751178052835,0.033607571332781236,0.03259004771963825,0.03038910382031397,0.03859893411173754,0.03682550592510919,0.03719103224517831,0.03781680754461446,0.03038910382031397,0.03649683673416517,0.039532357733366094,0.037673231846463096,0.03909370114513616,0.039593205561618994
157,0.000180308,0.03683147130374705,0.03484462690458816,0.034060901996737,0.0346820907440447,0.032658690592802866,0.02871120325791543,0.039149657164224284,0.03735766430152013,0.03940205009575157,0.036139937467370806,0.02871120325791543,0.03766924889554644,0.03941524979865723,0.03774664500025397,0.038889691640978705,0.03956371099342862
158,0.000235807,0.039047214885109344,0.03774884774406964,0.0365811575340005,0.03718060837601404,0.03548048750492381,0.0321785971290979,0.03952270083965098,0.03870234201110537,0.03897256384100439,0.03819748249125755,0.028525268767889092,0.039422235278232305,0.039530994155640556,0.03869331106648824,0.03891161746197966,0.03980078808429144
159,0.00020687,0.03856904395234108,0.03736697256710825,0.03533600048816661,0.035947163850286824,0.034467803127611385,0.034647633552280885,0.03831186814798669,0.0379699683525057,0.03908212573059201,0.03715548682130739,0.036631851883999186,0.03863952910448992,0.03858229310818345,0.03781711361388032,0.0370600133087953,0.03947603104837445
160,0.000282316,0.039961277814213575,0.03963182902268143,0.0380619769940916,0.038558448426610624,0.036973757984566064,0.007683939890943653,0.03986761230635116,0.03985232062318993,0.03482660804932379,0.0385896633960177,0.012225973956871389,0.03970578399888461,0.03999716881895561,0.03980681311574256,0.039119563469299345,0.039211966946440455
161,0.000191545,0.03728656153020918,0.03729104956375822,0.03549796644170193,0.036088178470946045,0.03385369269400658,0.031518125159580815,0.03813333818545553,0.038045046860866405,0.039727623340673125,0.036226864943478015,0.026625675627012374,0.036690805519263854,0.038776644740914135,0.037581034399019525,0.03648209164759496,0.039683610615425004
162,0.000203863,0.038203449148203436,0.03842983999754998,0.036277227323327804,0.03669395106957046,0.03453206568771206,0.037004193468720525,0.03800667365304103,0.038100446520046814,0.03967947486017018,0.0370047582417706,0.027958315091835842,0.0365246895056712,0.03826612485244718,0.03744317806409046,0.03694862170651414,0.039145616311119666
163,9.94e-05,0.032510014449429234,0.03330772781856958,0.029532515072103235,0.03003676262150326,0.02743555538540924,0.03962754236833393,0.03207998210632002,0.03222216559485971,0.035844907868856635,0.02835573958115499,0.03925011322043442,0.02938868634404385,0.0326413697029458,0.03175188886296709,0.03145390632645603,0.03435637023035692
164,0.000192478,0.038538964432336745,0.03908185780023822,0.03613244941814185,0.03651878944122568,0.03398189209497624,0.03076021866915847,0.03899011494812299,0.03879404523326842,0.0372717721713436,0.03734191930349383,0.02644749503246828,0.03575123714161453,0.03975138893089773,0.039130838635584614,0.03886499233922396,0.03995120723236798
165,0.000200627,0.0387743491091726,0.03886265383585677,0.03641978191869713,0.03677704806500805,0.034377996054413724,0.024860204052105025,0.039579608925192564,0.0391471653098807,0.03210983969845978,0.03909031673350902,0.024860204052105025,0.036278393979309154,0.03999912557600674,0.03966753589151461,0.03929593894841899,0.03922592452708956
166,0.000165445,0.03744340423330812,0.0376957261608848,0.03487194567076278,0.035321271318396893,0.032496395692048444,0.03290034986124335,0.03845165556929876,0.037541192254417766,0.039895423053118925,0.035802171985579584,0.031284824518229754,0.035027308549111985,0.0391628807220061,0.038000734721684096,0.0378137923615923,0.03982315309640383
167,0.000198746,0.03896601712320079,0.039331842809404285,0.036516446068305466,0.03693171403499935,0.034281812461554206,0.025231444551268273,0.03923972347683721,0.03865774256316061,0.039868875619591376,0.039070987740055824,0.025231444551268273,0.03709382595906481,0.039392183107081716,0.03851629862532718,0.03890467213704771,0.039884016298056046
168,0.000253583,0.03996995406179838,0.03997340238595366,0.038500651647635886,0.03879544041171968,0.036496030649618,0.018244785878480496,0.03982076584544242,0.039686801375751375,0.03629175722259605,0.039593444175822064,0.013370931387911789,0.03886016057270182,0.039834746866002906,0.03940182356802806,0.03974903075784037,0.039972797243998416
169,0.00014274,0.037153186757880215,0.0374326457257602,0.03376786070530469,0.03401863687090426,0.031118905837442683,0.039943997021147204,0.03514542777905483,0.035172489424547655,0.0385475443492639,0.03574412904278447,0.03474619108051735,0.03419071642438986,0.03511479851056117,0.034035621474942025,0.03535368880941856,0.03647653224713386
170,0.000165955,0.03847808088813451,0.03885337671532023,0.035289339191363185,0.03558018134727925,0.03260346133146042,0.03999375112625868,0.03606018093859254,0.03607805216571399,0.03850201126707316,0.036079446312169194,0.031688317281058226,0.03564379861765473,0.03577316767817413,0.0347145217957886,0.03659873438182633,0.0368321798332948
171,0.000217602,0.03986603594403732,0.0399983154417853,0.037612511836569024,0.03784012357208287,0.03514019954345787,0.037121366803468586,0.038700055966884944,0.03859966329200768,0.039997347117990516,0.03755688115029732,0.02138610439236341,0.03805414763053556,0.03842711641831731,0.03759107543433181,0.03906689463279299,0.03923788424079616
172,0.00016797,0.038093414268296946,0.037987784399439506,0.03553579818435312,0.0357864628458133,0.03273786224565129,0.03743778483350492,0.03746537364723726,0.037344070051200266,0.03985816902244547,0.03682117335036757,0.03086346930673381,0.03627192948174104,0.03741288641648445,0.03632251376883064,0.037754580372898444,0.03854475949452924
173,0.00020235,0.03942008519686209,0.03950514232830545,0.036946075254885365,0.03736984625262585,0.03447933851904128,0.03580522874997637,0.03837546105595993,0.03846959476798414,0.03993280247152732,0.03835449545063814,0.025383081029135127,0.037976905980996026,0.038577539948987556,0.037647461742760985,0.03860956791459083,0.03931561716908813
174,0.000317992,0.039410939990752875,0.039013306943063264,0.03971106270803007,0.03974535769480989,0.03817643344100137,0.025741882077585237,0.03997966399573682,0.039997478741731825,0.03950447381285225,0.03985800220053207,0.01878888161447434,0.039999818254040455,0.03999914607170368,0.03979217495271682,0.0399954555509304,0.039898932902289345
175,0.000145908,0.0378992850200677,0.03804975655965013,0.03442537475979875,0.03447897616282215,0.031333928884882525,0.03919282715629586,0.03573107251487685,0.035990301740487875,0.038491652932454726,0.036343121975468455,0.03833332268459338,0.03619377848517164,0.036018382939733064,0.03461256157373116,0.03647071829447394,0.03690801375405355
176,0.000277735,0.039698122721027726,0.0392491153166643,0.039244445899714236,0.03928568099664498,0.037245771206790165,0.024369687506517718,0.039888968750512635,0.03992360281278589,0.037921043896927284,0.039869415314610954,0.0156273433360426,0.03993500151812581,0.039956785374972464,0.03950149454785349,0.039981521891013144,0.03996432555724266
177,0.000254946,0.03998225336661063,0.03971345958132931,0.038905558629008866,0.0388623023082636,0.036509903416003256,0.028970405371111174,0.03975635057811019,0.03970756125143734,0.03774209995082702,0.03929624781642117,0.013051855973700927,0.0397513319687221,0.039891484114992236,0.039286465826553096,0.03978308047898669,0.03998618564773425
178,0.000215183,0.03989151871842254,0.03998957991846722,0.038209136449524145,0.03802384925227383,0.03506879630830437,0.03032799427853461,0.03951164639725559,0.03923499445632559,0.03953873426695492,0.03841961815273828,0.02189427202850254,0.039188285278785595,0.03965695456537093,0.038711049806037276,0.03924586332074647,0.03997586096079804
179,0.000186379,0.039446340263434194,0.039514989634374866,0.0370548789921723,0.036656974435865415,0.033699429514033846,0.028298744879378973,0.039278749595727795,0.03887999659145554,0.039692866378642014,0.038190331952371814,0.02759855187923238,0.038568020295636087,0.039495534658048365,0.038302672517619374,0.038959150657756667,0.03990790516280436
180,0.000119155,0.036626724441459764,0.03696606639412228,0.03328018607698691,0.03298388031762135,0.029196572025678307,0.039468670294176875,0.03588621238048566,0.03537207067675048,0.039363501229873504,0.0342925930044914,0.037603289647843076,0.03522756092613681,0.036397598301742606,0.03463205426766014,0.03566843003495147,0.03754348122907
181,0.000127019,0.03744196290898577,0.03816302914419717,0.03385656521920571,0.03335805720354474,0.029916270097958515,0.039995359734157264,0.035881327944987634,0.035593003445528223,0.03968547903528327,0.035740932142962645,0.03674640748546272,0.035966489285823536,0.036455064590205186,0.03494882746013166,0.03579659558806841,0.03772951042822194
182,0.000122663,0.03657229103762343,0.03645053927818764,0.03342702044174372,0.03315271172076005,0.029530962726149315,0.039974032316884844,0.036107444211313046,0.03549888950995424,0.03995975648768042,0.03457279613778334,0.03723383528121524,0.03594948392398789,0.03652316081576881,0.03484564059114527,0.03565910142374026,0.03785339419750246
183,0.000176696,0.03924918821524291,0.039296308540011045,0.03670442287062973,0.03646888252529234,0.033089695469383125,0.0359635120150288,0.03940563379373214,0.0386980676545183,0.03803311837342737,0.03734472574051156,0.029356820923352095,0.038806102095649046,0.039442102631621956,0.038286675438059595,0.03873780486073794,0.03996867865276287
184,0.000123072,0.03719001466604964,0.03748929362559686,0.033564377289859365,0.03323806002265504,0.029597158869278755,0.03852356631282607,0.0372380106562184,0.035994433921555394,0.03996933776182369,0.03481893713712175,0.03718939829918132,0.03614340345643176,0.03711502781693286,0.03555144722415199,0.03571353513872409,0.03864289222303997
185,0.000200128,0.039649726351948016,0.039936055004684785,0.03786865351038053,0.037663839721626395,0.034369377526276286,0.027182969376860086,0.039520255920227065,0.039086808701708,0.03775510724662667,0.038172513851017706,0.024958966758678786,0.03935745147808294,0.03963936689917849,0.03893311076759979,0.03884640283172604,0.03999619178988012
186,0.000140928,0.037586318174050004,0.03849360247621263,0.035148782970398695,0.03484094480445188,0.031001593068567937,0.0349947017181899,0.037022530378635926,0.03658671247048388,0.03999845771509276,0.035079399229131225,0.0349947017181899,0.03700556127612782,0.037649786307998576,0.03631705151757775,0.03642946193412117,0.03899230733520701
187,0.000124382,0.03697393454879273,0.03840898282500331,0.03421958545509146,0.033767760250838164,0.029775211151189813,0.037045195601107264,0.03580247198848127,0.03545624636000767,0.03999523237289814,0.03511352199417603,0.037045195601107264,0.035672389648434166,0.036739841596823704,0.03503719832731889,0.03579757972344465,0.03815882850167866
188,0.000201715,0.039551412478424045,0.03999804656037198,0.03823978605360283,0.037849245806181986,0.03450893201311333,0.024644173857365725,0.03913104061933892,0.03887275385341535,0.038752324741496154,0.03848185537346567,0.024644173857365725,0.03899831164435445,0.03963357874824623,0.038588851651512185,0.0393863201972824,0.03998223699986772
189,0.000121633,0.03664748619915658,0.03866344979685206,0.0341733729654788,0.03363395468795949,0.029540574294701492,0.03734449529881802,0.035712602805414634,0.03496061181502648,0.03960478986553394,0.034163050560296705,0.03734449529881802,0.035218362263604315,0.03664639352669427,0.03466769469694354,0.03624475165068164,0.037728646183254215
190,0.000131407,0.03709383168435369,0.038257525030900186,0.03471781501881903,0.03426269404900877,0.03032152740540529,0.03622482745741981,0.037062821929302575,0.03603957410667055,0.039780412280366016,0.03623553445400436,0.03622482745741981,0.03615163392658903,0.03820314174653102,0.03629771079633409,0.03759282098986433,0.03917529762318842
191,9.06e-05,0.0340025734801933,0.03506642025124257,0.03117035685115173,0.03065445082187037,0.02661036225672229,0.03970808383775511,0.03405408649054701,0.03260368471799266,0.039364166468168024,0.03229547332585167,0.03970808383775511,0.03300607149116935,0.035508742089440506,0.03312792597302717,0.034542927876418536,0.03701680995034658
192,0.000166366,0.03908569573587581,0.039770832179299095,0.036882751527636676,0.03644195634478982,0.032641029076188904,0.031131917629532185,0.0383692590514096,0.037425749001208514,0.0397130972065718,0.03749053574649311,0.031131917629532185,0.03835113339778498,0.03901994554955013,0.03761746433338431,0.038763678795066495,0.03970410115758583
193,0.000151765,0.03876984095200936,0.039651206621072556,0.03604099821909594,0.035596425667058396,0.031773475967592835,0.033444625198326056,0.037028739417520246,0.03615240537433817,0.039970138603980514,0.037024674576235136,0.033444625198326056,0.03775101763714935,0.03749653761609036,0.03607570737537595,0.03764775641744959,0.0385770233935987
194,0.000111056,0.036465532367041434,0.03739519801970917,0.033255658684381184,0.03257741161242345,0.02859475562972931,0.03837215828043357,0.03392580487462295,0.03290695006146932,0.03708389878082671,0.033271444214642204,0.03837215828043357,0.03503868349473468,0.0340458372588468,0.03260451466481029,0.0345333506144885,0.035471518711517255
195,0.000189299,0.039825287253398824,0.03999630078241758,0.0379841615401281,0.037686554316936585,0.03391045546940973,0.027051525702085993,0.03834945900922539,0.0375116011765309,0.039963769903272245,0.03782843825796919,0.027051525702085993,0.038932724154038686,0.03815788556539024,0.03720836032637577,0.03847304039900769,0.03911273876628072
196,0.000161494,0.03904980717836882,0.039785677160683645,0.036873758073794144,0.03654295659225189,0.03240144077187823,0.031930369103531184,0.03714526115396452,0.036187371649454014,0.03995986850328667,0.03626548173606771,0.031930369103531184,0.03781291072461124,0.03708661402207032,0.036063168389567954,0.037098114762425555,0.038362468993872974
197,0.000359661,0.036981412640471695,0.03308195761408876,0.039799343279171895,0.03992944770117518,0.03899211602379202,-0.01406893379862445,0.03974920883536424,0.03997334102249075,0.0338295532768733,0.039999533878648075,-0.01406893379862445,0.039277889937821275,0.03956976056885343,0.039965670155413316,0.039766401440588836,0.038349814339392385
198,0.000151987,0.03849894799028994,0.03971303028185059,0.036398958774567065,0.03594274201691053,0.03177443673121881,0.03341131903525507,0.03594396252543719,0.03517931223343554,0.03863056635976299,0.035931787281050676,0.03341131903525507,0.03705714769835519,0.03647315757189387,0.03511816175196547,0.036163890606316695,0.03755412840863015
199,0.000321477,0.038439453264457454,0.034054322704145976,0.03998046580808061,0.03999833395046142,0.038308820569311244,-0.0036489147195735983,0.03988669539915463,0.039727214947531904,0.039437208778000936,0.03995462996670457,0.007016259784984713,0.03993173241839885,0.03997752790234237,0.03966754291393749,0.039991689179011886,0.03994690074447776
200,0.000162437,0.038842488038129425,0.03996802500364216,0.03693823972811043,0.03643798836703836,0.032457789186540624,0.031777847176896995,0.035195916257094166,0.03481671361761206,0.03855240979992079,0.03647936006931614,0.0380932116096215,0.03701145068268174,0.035791810359934124,0.03456018501600562,0.03611262183374034,0.03677249695562192
201,0.00020567,0.03991221426370356,0.03940101781348538,0.03865601211951898,0.03831800518764632,0.034663233908982766,0.023850996952786405,0.037201800679247526,0.036893666051364696,0.03999984694283782,0.038174550349169875,0.0307548741202687,0.03850655847801891,0.037831753966220585,0.036678572027228025,0.03779747536278452,0.03858465919224555
202,0.000322327,0.03821831171795038,0.033477346864394006,0.039999980115694195,0.0399826606244472,0.03829484589670709,-0.0038749477388316245,0.03982349333206124,0.03967013041081203,0.039436481304924664,0.03993300194947285,-0.0038749477388316245,0.03999670409869922,0.03998329546719589,0.039554800889243624,0.0399723700558451,0.03998968717709442
203,0.000183215,0.039594614182754874,0.03999279130716206,0.03772008996997651,0.037256816207953056,0.033472251900622245,0.028182654948777947,0.03635558414229749,0.03580605542241189,0.038188778560161486,0.03659679396404248,0.032901232510260656,0.037909300779673485,0.0369536814230467,0.03542806055254615,0.03736638918758574,0.03725341341488067
204,0.00025666,0.03982694978168146,0.03873265574800938,0.03947843014785012,0.03925055604545232,0.036559377253061076,0.023337681974388014,0.038352504680308486,0.0381484990374256,0.03999611825543901,0.03936026090326751,0.03141621929269192,0.03977809890277013,0.038707777994944334,0.0378362085647226,0.039144195178995464,0.039081172384276996
205,0.000292617,0.039024957059754076,0.03698388965217077,0.03991151906047738,0.03977133015704412,0.03758443673320522,0.02994216409922834,0.03864868246632842,0.03864250520973071,0.03995735169931876,0.038887405164907955,0.03554105509146538,0.03999161861454401,0.03896037500442338,0.03826202759876242,0.039219093188946855,0.03935751601631389
206,0.000676015,0.014928934357283402,-0.001173116651012468,0.0321542780031603,0.03368008859349182,0.03915712428907406,-0.012603836168181032,0.038360543756701,0.03824252116823215,0.03352571986871272,0.038329902229108107,0.013396907607372832,0.031216184401839167,0.03779599484267124,0.03886852279843197,0.037449451153115654,0.036709050992078635
207,0.00023378,0.03978368912193927,0.037704900666018636,0.03899096687560294,0.03861724724495262,0.035798057088409795,0.03565551302234064,0.036611150797790856,0.03671495663283432,0.03852091193520288,0.03807039028561453,0.0398474893412211,0.03898152760038659,0.03689454530475193,0.036059981331565794,0.0370208141851645,0.03765715933041891
208,0.000193952,0.039994344549380785,0.0394179869211065,0.037816584795193134,0.03750266576893935,0.03396639656719757,0.03356480068950128,0.035342317573959156,0.035373893988176836,0.03603163499570727,0.037571288530403854,0.03999508600090357,0.03747240959615898,0.03561770755173506,0.03462815637809656,0.035631836926411205,0.03636940437992442
209,0.000239798,0.03989173247068869,0.039989695595013135,0.039088371042857756,0.03883623251537166,0.03599131901112945,0.016537506511800137,0.03771866265752388,0.03759150366620305,0.03941844721307794,0.03782267671544985,0.03766653905620836,0.03881067417082862,0.037827464656078565,0.03701160196630922,0.03766205423616003,0.0384368642144543
210,0.000317758,0.039526221408269724,0.03932461081601416,0.039955730430411604,0.03990163711864714,0.03816881801659036,-0.002663330600126357,0.03980972078121885,0.03966882959433965,0.017296706598048953,0.039583283707225206,0.0014376743266394099,0.03993675757022768,0.03998549866974994,0.039770389212525334,0.03979488840259587,0.039832682288317565
211,0.000116466,0.03610730034651975,0.0367951976083042,0.03217800348355136,0.03173468006985809,0.0288668571176472,0.03787192615577404,0.03395270157596709,0.032725601324675134,0.0372328947975782,0.034475503155261905,0.03787192615577404,0.033416423188716446,0.03561003047076153,0.03357787253378976,0.0341613210603761,0.03679680978188611
212,0.000140007,0.037925776026410944,0.038638507204483814,0.034209237937403755,0.034510006273862165,0.030562518866694213,0.035119303906643126,0.036209061889804516,0.03444319582103607,0.035926875434058446,0.034419639407312505,0.035119303906643126,0.03576745106847888,0.036698918511131336,0.03463436030562358,0.036547337897110156,0.03703323856802131
213,0.000224679,0.03996181420074508,0.039927764908045324,0.038132076757975,0.03837481644750282,0.03528135441732748,0.019875789846349343,0.03901039314883444,0.03814513816280536,0.039460553921500434,0.03886915469793158,0.019875789846349343,0.039416122522939884,0.039180999007954326,0.0384306433223558,0.039253611825667487,0.03968504310323263
214,0.000257032,0.03988383737178138,0.03939068202892846,0.03891188200681692,0.03911898488460985,0.036589048488990784,0.012561515165570691,0.03941592967889434,0.039022291904204955,0.03922744081784722,0.038474820254992805,0.012874440221470468,0.039898621730718016,0.03965704091275819,0.03915452527958241,0.0393283544532161,0.03997996810143098
215,0.000272092,0.039536286593875314,0.03847599998324024,0.03914244158230241,0.039454263172152046,0.03689247718318653,0.00895175251230404,0.03966809837456327,0.039341830894999985,0.038213716475620475,0.03968160452301639,0.00895175251230404,0.039965911225443934,0.039831717621919234,0.0392601244233019,0.03952119113018818,0.03999967075715177
216,0.000164762,0.039424016817785956,0.03997459718445246,0.03599532660070365,0.03617635569868066,0.032415872025735,0.031397631368083725,0.036724748824700365,0.03578202771001442,0.0398884544896168,0.036109888323697284,0.031397631368083725,0.03716604015710494,0.036965694729728986,0.03571613904694328,0.036650968670289524,0.038175808005016784
217,0.000259063,0.03961330422679168,0.03885167359358306,0.03921698253593299,0.039281297702547666,0.03668782335225183,0.01208178860043363,0.03926535183404775,0.03883934748365632,0.039765816228117375,0.038810244771146266,0.01208178860043363,0.039411953273574746,0.0394285633244766,0.03882090499806633,0.03948119099752755,0.039932965829778184
218,0.000158587,0.03886810597550768,0.03896668198531423,0.03558322239464712,0.03566750018848938,0.032179570949135664,0.03239429356210381,0.035443432561183694,0.03505719100940057,0.038331046702611365,0.034839542848799296,0.03239429356210381,0.03542037884779163,0.036014112660394296,0.03506093910916311,0.03618885105044779,0.03737470627376032
219,0.000153495,0.0368879127064854,0.035990605451023,0.03521083809806934,0.03537885403448031,0.03175255777925501,0.03318349612288936,0.0354765312282246,0.03521792672061397,0.038722451252400515,0.03681391551881341,0.03318349612288936,0.03473896798783124,0.036410784751256454,0.03545932153365103,0.036031488482799065,0.03779532448907198
220,0.000135261,0.03633004423143697,0.03581406112931472,0.03399337537478582,0.03402817729238746,0.030507177649706486,0.03574261841555569,0.035012364698729634,0.0345710711511833,0.03947724732244776,0.03714990769156158,0.03574261841555569,0.03351309239019441,0.03642261528315595,0.03522399326151891,0.03522694385254557,0.037793597544513814
221,9.16e-05,0.03280099760906838,0.031720786821127514,0.03013792609550394,0.03038857299130779,0.026634914204457898,0.0396658302533675,0.03196416322814112,0.031019775106650653,0.03797682041450934,0.03181654983232505,0.0396658302533675,0.030106679540237994,0.033926107963372754,0.032225262507566806,0.032276190534200555,0.035440390760956404
222,0.000112599,0.035127220406333,0.034364090661740246,0.032006120509050995,0.032303420238609784,0.028704050469968934,0.038235123339597415,0.03484609855074626,0.03342303300322118,0.039498227565686515,0.034784817336115,0.038235123339597415,0.03299486524063644,0.036561664236516925,0.03463413041447973,0.03566266648278542,0.037724471599563006
223,0.000149832,0.0378126398438951,0.03704807682052748,0.03485289837611798,0.034923829190785335,0.0315280777192772,0.03373207369258399,0.037764243837914484,0.03623307218491111,0.03999768498701343,0.037223342727852764,0.03373207369258399,0.0364728900460109,0.038619286020342196,0.03696011691724195,0.03881109915459515,0.03931313928893475
224,0.000208704,0.039744303790075465,0.03953180362807143,0.03780224670590353,0.037911348003401416,0.034755804390907974,0.023234309786169485,0.03948477822501647,0.03849761584021879,0.03892396591463099,0.038551099695561794,0.023234309786169485,0.039257270099226915,0.03966458980047516,0.03872270661148282,0.039970060466152035,0.039952969423865455
225,0.000132128,0.03746459793128816,0.037341544425382914,0.034024855162581386,0.03413478126915006,0.030371378352982852,0.03613629739715436,0.036198942303967155,0.034632235906321175,0.039900210357970825,0.034022099547014316,0.03613629739715436,0.03667944820536028,0.03629930485252118,0.034713616905340874,0.037609225246829296,0.03734384188158663
226,0.000130031,0.03675016046658617,0.035778794534651,0.034108316829251265,0.034325193187114224,0.03019395156159408,0.036391593708765824,0.0361944087692585,0.03463566725761399,0.03997552311399752,0.03420548682657919,0.036391593708765824,0.03693944365710915,0.03642762960856931,0.034756995120719565,0.03755879424557711,0.0376224672370588
227,0.000163426,0.0386125747195778,0.038182085140900476,0.03631282090235937,0.03643282432755213,0.03252343015921361,0.03161683281619723,0.03798015818306784,0.036761182545981055,0.039712192163088834,0.03637863773587057,0.03161683281619723,0.03852865374116653,0.0382932680241613,0.03689052948715808,0.038916919818612936,0.03929292201102502
228,0.000210382,0.03980670443588639,0.03944684292850702,0.03825918632634204,0.038296260114689465,0.03492602794591821,0.022890241213667534,0.03894458751809746,0.03828554740281283,0.039546675522751124,0.03842326145784851,0.022890241213667534,0.03953538583094205,0.03932191858768902,0.038408989230003784,0.039647717162084734,0.039909431179827405
229,0.000209181,0.03989887842661794,0.039716155573889265,0.038222853607417374,0.03814828626164044,0.03484036005115184,0.023136718009540216,0.03851232317375114,0.03803670489911791,0.03997784488158927,0.03824633678295751,0.023136718009540216,0.039271695761846026,0.03905139855403553,0.038155246707695656,0.03940886905074767,0.03977333398308109
230,0.000199969,0.03988712954612101,0.03980988678035196,0.0379716239188389,0.03784293307743063,0.0344000684226628,0.024990394133718022,0.03846049324036942,0.03795083255117282,0.039991651558543645,0.03774617684798676,0.024990394133718022,0.03883950484138535,0.039064714590709565,0.03807469309450849,0.03926385719341387,0.03977974256303313
231,0.000165794,0.039379909262756765,0.039422588653355406,0.036580487183250424,0.03636678258509793,0.03263028138414784,0.031226989167639024,0.037580604519247815,0.036835132597060324,0.03999862808199584,0.037315315012921985,0.031226989167639024,0.03743862409091123,0.03831009819679286,0.03704735800709877,0.03808729363203047,0.03930899051779037
232,5.45e-05,0.030389647309948514,0.030477749912117685,0.02590290469552449,0.02559399910629958,0.021906437508421504,0.03899955205176507,0.027323055191385476,0.02617186182354934,0.03325224169193104,0.027161706358328982,0.03899955205176507,0.02702087732366807,0.0288309537416186,0.026925653261730242,0.02812330504270359,0.030496088053274355
233,9.95e-05,0.03566335903701223,0.0349612718080515,0.032123301136370665,0.03132314393507839,0.027514321651464856,0.03924383743472351,0.033711907616512396,0.03226890381172422,0.03924468662746465,0.03310513606189934,0.03924383743472351,0.0334922916332428,0.03523935922014999,0.03318753861755725,0.03483361073461749,0.03656238200036571
234,9.52e-05,0.035136244916303454,0.03398017376457067,0.0317063418008368,0.030968383557034823,0.02706280561066144,0.03949247454947125,0.03375060564807832,0.032131216365693764,0.03985931494896092,0.03163790038140004,0.03949247454947125,0.03356941341914596,0.035011416994059866,0.032776205507641556,0.035087180331343705,0.0363574371590822
235,0.000193579,0.0398884859583766,0.03959922276344855,0.037961599761790234,0.037425610524196753,0.03406502622885991,0.026523532848404738,0.03866783502686419,0.03791475869196205,0.03984823752494773,0.0373821432262722,0.026236274560725123,0.03918958929919023,0.03907188720809033,0.03781769094812505,0.03932787808114377,0.03960122584885265
236,0.000244573,0.039771663297183735,0.03993135037160499,0.03934559846008148,0.03900294194195149,0.03618676593504987,0.03304734306540001,0.038834590696633794,0.038641362834179134,0.03999425158538813,0.0385796337901977,0.0271395251355096,0.03990579560241443,0.039137839601442875,0.03825313023270437,0.039466509946658096,0.039552781564905964
237,0.000468893,0.029659643711128225,0.029941398732118443,0.03788334505524516,0.03825822817741677,0.03993049823431125,0.005276127541310516,0.0397469710899538,0.03966773367790371,0.0375533347056754,0.03984600055136756,0.01446118350169956,0.03657625403021762,0.039450278402736176,0.039894708994830226,0.03908344107608888,0.038801461593980305
238,0.000343544,0.03778612410609519,0.03718338347647389,0.03986425335167707,0.039951266175129584,0.0387518703877434,0.010798560082532188,0.03968688024874109,0.03984140891545938,0.03887565404226586,0.039959212478911106,0.02906564011388954,0.039795601161576946,0.0399168598529269,0.03960811559541681,0.03994832508794718,0.03998207706837116
239,0.00020677,0.039903392351522085,0.03986404889903073,0.038808983471213324,0.03844980252040875,0.03478023391129321,0.029498865967127016,0.0365622329385992,0.0370307916253428,0.03869267186903255,0.038226424924169514,0.038532339533712316,0.03846815568969234,0.03741610985439863,0.03632170513769778,0.0374082154381135,0.03824485253980005
240,0.000195796,0.03948754508473976,0.03887498483295189,0.038467765341932914,0.03797421038826998,0.034251091797357844,0.03134260683781294,0.03652586238105476,0.03671640869330946,0.03806225462498729,0.037766112406398614,0.0384681181569081,0.038073791546896184,0.03696511660640736,0.03570636323830037,0.03744203640396084,0.03743830918148832
241,0.000158669,0.03852268979396066,0.03749758636702709,0.0368756063705184,0.03630410892874634,0.03218567760993796,0.028820706437218638,0.03627606390439227,0.03594501506498137,0.039868651334201505,0.03608439268090475,0.027668865808111037,0.03698819294572543,0.03713510929213253,0.03563198871942219,0.038032112178797615,0.03779571506076754
242,0.000178543,0.036220948023966276,0.0346896993947404,0.037274555402067505,0.036642458454138965,0.03324220629242334,0.013757461593500941,0.038855425125558604,0.038079132756494716,0.03669016092635352,0.03768502015381263,0.013757461593500941,0.03853239374033529,0.0399153697694011,0.038742697095459105,0.039984108762033926,0.03999493601345289
243,0.00019234,0.03712605959969205,0.03522877828610464,0.037617808662613175,0.03727174298589885,0.033832739592942175,0.009121801542588598,0.03960901346140246,0.03865046278477098,0.0394157474452622,0.03776178141875225,0.009121801542588598,0.03953669155620883,0.039982134997902326,0.039235685987938765,0.03998953980124404,0.03991406375900856
244,0.000147264,0.03489209764484161,0.03322953937565654,0.03542182490071762,0.03534781682102556,0.03122997841847329,0.02342065399108026,0.03787071149011312,0.0363966958654004,0.039973151111300766,0.03636304345093537,0.02342065399108026,0.038954585534192815,0.03883646724414211,0.037042492659281195,0.038833532188102815,0.03926415180708784
245,0.000148428,0.035017065296174106,0.03376761355349911,0.03547339604588279,0.03547244235040646,0.03143145415114838,0.023085035524494313,0.037766796641508935,0.036686827258215066,0.03921255571268451,0.03634842687870955,0.023085035524494313,0.03936380408208206,0.03856088893064123,0.03688731158142088,0.038190608493638444,0.0392430162467923
246,0.000139035,0.03492854556378847,0.03333734743135186,0.03496905205377904,0.035012249353151906,0.03075392139905257,0.025733292557826457,0.03687552441080805,0.03615265980329868,0.03997536812527792,0.035569505461639686,0.025733292557826457,0.03875734987340019,0.03762239734797364,0.03573413174630902,0.036991213670773876,0.03851508058585026
247,0.000124451,0.03236453153923761,0.03207892404885976,0.034152344606615044,0.03413003719432428,0.0296987045806829,0.02954997061159595,0.035023217235970655,0.03452684220130503,0.039410241148805286,0.03404042581153113,0.02954997061159595,0.03715556058386231,0.035907571806294565,0.03393649546913743,0.03546293911952543,0.03690128741674926
248,0.00012746,0.0333230248833431,0.033311226463504894,0.03443698329769314,0.034428213240094326,0.02997046577121526,0.028794254225219723,0.03480630799475562,0.03442628109503722,0.03945969144971502,0.03365596552343328,0.028794254225219723,0.03645247921477304,0.03586153706850408,0.034101645151674936,0.03553768046959012,0.03690373564340467
249,7.83e-05,0.029181348982370955,0.029475580929805432,0.029714448717431508,0.02979409584338059,0.02517170072916118,0.038421955150128216,0.030514296195060648,0.030101566821370475,0.03672054789217885,0.028605175837815022,0.038421955150128216,0.030985561452504272,0.032114699545167325,0.03009569838223556,0.03128384265105507,0.0335587975148037
250,0.000108231,0.03300119593106371,0.03334216015999957,0.032975115252187645,0.032972898864381595,0.028367672445101903,0.03330168859731222,0.033709340362490355,0.03345833275944121,0.0380600052952664,0.03275741731733714,0.03330168859731222,0.0333411903124189,0.03544173804011724,0.03356812934032032,0.03413426658713353,0.03665796727965272
251,0.000123089,0.034770657133682575,0.03524111182869137,0.03428386542535261,0.03431381065001181,0.029658461181752062,0.02988626881799361,0.034109631964457564,0.03414314895504998,0.037723461041986456,0.03579216390729213,0.02988626881799361,0.034086682462691816,0.03579076599813412,0.034257878482113195,0.034534164917442725,0.03675186848664026
252,0.000124574,0.03430712334349685,0.03530935867344283,0.03446129186336394,0.03447626562906236,0.02977790846265159,0.029519420963944554,0.03413729343847169,0.03422172851418037,0.03769245494910785,0.035587471539293494,0.029519420963944554,0.03420850574719947,0.03587760387660351,0.034395664832113176,0.03480969063835503,0.03676396241977258
253,0.000199552,0.03847250859719313,0.03911007854565435,0.03835723640953777,0.03835064538195968,0.034423018426778175,0.006620283451245573,0.038684453904725705,0.03860644052284026,0.03987945291156949,0.03872128233773339,0.006620283451245573,0.03829483066551031,0.039729474484756874,0.03881064116046706,0.039206484169881886,0.039959629167979696
254,0.000174196,0.03795186926604234,0.038797286694239555,0.0375221543653798,0.03753598275673839,0.033132427461697304,0.015174352148927123,0.03811556463103795,0.03782361546410017,0.03999666309924488,0.03780603571794301,0.015174352148927123,0.03750687264343963,0.03941234534069365,0.03816127768729694,0.03873438563212886,0.03977153041766109
255,0.00011894,0.03528582961657901,0.03662351481794801,0.0343438263389381,0.03429301380827876,0.02937539372845529,0.030887775702583053,0.03499958765131178,0.03435295351544961,0.03858449383322814,0.034767926475111066,0.030887775702583053,0.034664174644954956,0.0367215091196027,0.034873804810021766,0.03610306331505566,0.037423066555138315
256,0.000133446,0.03658751413610067,0.0375069972093057,0.03547116257592879,0.03539387827157032,0.03052180461612717,0.02724073979234304,0.0368328740563921,0.035859422239545,0.039994265259234815,0.03568201089443264,0.03405029057841967,0.036360359220029476,0.038245168575158785,0.03648433552234439,0.038134970669902624,0.03890021721092691
257,0.000129897,0.036514162968215996,0.03752107791471496,0.03528478708839258,0.03522093526740491,0.030229258457787317,0.028169673690832175,0.03767821748538558,0.036415909112995706,0.039003827508978496,0.03542605452245445,0.0392062810927669,0.03659904358806572,0.03898630858024407,0.03712000831200195,0.0388873644428309,0.039632770600494124
258,0.00012981,0.03543975637899617,0.035354289645999126,0.03515226102890917,0.03527733664165278,0.030224961917394676,0.028192159888253437,0.03749825586438734,0.036306018050867764,0.039067616397187095,0.03571477029309323,0.03821735689912292,0.03672634006043535,0.0387160314263659,0.0368753404263157,0.03851568584121404,0.03941284437395678
259,0.000150635,0.03717120729728724,0.037390661765379814,0.0363086968566886,0.03615169028328798,0.031655907058962617,0.02244313305875277,0.03808248560715512,0.0371118228290724,0.03999143734154798,0.03696413843599138,0.027625288892606042,0.03807996457309229,0.03894363382410354,0.037427230195552864,0.038956646056014343,0.03942639450860453
260,5.6e-05,0.028127941845230733,0.028667079575617028,0.026760024281286054,0.026587921894079315,0.02211039163019587,0.039992527365478946,0.029785888356737424,0.02831819445128283,0.03681436838088842,0.027704417927983,0.03957558810161536,0.02950951674534956,0.03109684945409902,0.028617184959295945,0.031178113873735924,0.03215037787660077
261,0.000126131,0.03635602383250098,0.03670211097639185,0.034697891742529664,0.03453704392954625,0.02993143832293836,0.029130173337637885,0.03786896938524917,0.036737558877238924,0.03694063422070669,0.0356430855284616,0.03717038973809049,0.03719168884950566,0.03878329782037626,0.03692351316042877,0.03836233061627162,0.03945792159785397
262,0.000152159,0.03738866156035463,0.03808622008637297,0.03640369461666459,0.03622121989509927,0.03178409022318332,0.02199570436192541,0.03832228659058874,0.03754172379457713,0.03904100247540496,0.03668736490801479,0.02199570436192541,0.038315489947370336,0.03903655021573321,0.037585470310511945,0.038518990727409705,0.03956516735911966
263,0.000181232,0.03890375067520388,0.039497948873500735,0.03788973393548303,0.03769607703727519,0.03349611838348765,0.02069352227110495,0.03885170701938519,0.03819491880301269,0.03955554819481922,0.037861755837174674,0.012870196874901207,0.03922962026708239,0.03929524518352156,0.03816110608293611,0.03911653696057556,0.03970568654377807
264,0.000149332,0.03797973177590945,0.038902051194178,0.03660401338669203,0.0361850100959796,0.03161401224159272,0.02282298174982149,0.03799336091750856,0.03698473280848162,0.039850011481276704,0.03653632971460355,0.02282298174982149,0.038028834316353344,0.03837458293489065,0.036794648598110685,0.038402804288741765,0.03900275627090954
265,0.000172329,0.03911103095098954,0.039807014014755136,0.03797677773391245,0.03757372435812953,0.033017838570898954,0.015776107074529505,0.038924697479049024,0.038080315770471815,0.039366693536142805,0.03724924576168556,0.015776107074529505,0.038634037991992935,0.03920562675711381,0.03802770998583996,0.0390430289517703,0.039751839938561045
266,0.000133621,0.03768241534417284,0.038587128511797686,0.03599982255354556,0.03535753459247671,0.03054818297846048,0.03251178718409366,0.03635869329082154,0.03539771437746647,0.03992411706895384,0.03588141499072667,0.02719435435852842,0.03634925410269939,0.03686627008974553,0.035605213829051546,0.03612764916392623,0.03808477110280398
267,0.000154379,0.038312136960142906,0.038477365926394426,0.03719004489010926,0.036538052268994495,0.03196327925874131,0.0332007053339371,0.03742601659376292,0.03641539335900602,0.03969123900054071,0.03725826132054394,0.021337953038033847,0.03740115368004586,0.03769801077085093,0.036552287628671964,0.03708497982119062,0.03869821172095385
268,0.000137721,0.037701374125888296,0.03760323201201604,0.03618320064748474,0.035383835039179225,0.030774344859606423,0.03132167325123293,0.03713685809878267,0.03589650647120499,0.03971699141542333,0.03651181621293828,0.02609246015491891,0.03643844116689437,0.037177147096210214,0.03590179468675469,0.036826486600691044,0.038354836599462004
269,0.000118614,0.036896786011059335,0.03709502042060152,0.034898906087512824,0.03413129228347454,0.029293390121530025,0.03915353789906194,0.03522358875882413,0.034261683952430275,0.038273008392783345,0.03487776937133147,0.030964967789030906,0.03476649720226621,0.03522969791472925,0.034115254614863026,0.03507943676263488,0.03659366187112899
270,0.000140014,0.03841806256034921,0.03890262589333687,0.03626321129386385,0.03555966143904047,0.030943595449463554,0.039997337268940406,0.03523149424706194,0.0348388004587936,0.03756685111079251,0.035690608069441535,0.025463836465421413,0.03604625357916909,0.03527357275047088,0.03448551434676042,0.03539035736148878,0.03628573031524701
271,0.000187233,0.039832464736829144,0.03991655371102345,0.03846509742059971,0.03799182779180352,0.03378926390282734,0.03896606243964602,0.03777455288004762,0.037427036995071675,0.03959060126288619,0.03760914860359331,0.010861406117312927,0.038492328190002985,0.03778541113066668,0.03706733794904348,0.03800302947114101,0.03847860159900265
272,0.000159046,0.0394092945445768,0.03971268580029335,0.0373060411715042,0.03674357665157939,0.032207770528704556,0.03731957289162191,0.037622727675126366,0.03694250289547345,0.039780598962915296,0.03723110217986553,0.019932670960133125,0.037606287918933,0.037521497229664996,0.03647232282117295,0.03754658938653871,0.038258940583214975
273,0.000191704,0.03985446711993739,0.03981162186735111,0.038636891727270146,0.0381346781475518,0.03402830941356702,0.03612036295133016,0.038777065813982506,0.03811579735113578,0.03998087006098915,0.0383354564144234,0.009339909015059822,0.03883050775756133,0.03845320520301239,0.03756128870495105,0.0384699988857497,0.03893491463562257
274,0.000222294,0.03999107189883059,0.03999977550656688,0.03942726697275525,0.03902275112988428,0.035394616000509665,0.03768386593505331,0.03903849906171644,0.03839278187274761,0.03985651647899735,0.038584631396765975,0.02956654454385263,0.03958694409689887,0.03851480052166986,0.03776861205126904,0.038959325224940555,0.03884359129409687
275,0.000282581,0.039358817168166,0.039215268589128535,0.03999818574806672,0.03990528645179851,0.03741759820511525,0.02872936876734747,0.03998163069683456,0.03965743571934917,0.039618870277904665,0.03967703805259653,0.010819822780670785,0.039965515021866085,0.039754780132604924,0.039232213676381716,0.03999939872326933,0.0398692669784241
276,0.000345353,0.03937017410941452,0.03979814118511052,0.03968596394551873,0.03991931437895257,0.038756544988179334,-0.006235820393460101,0.03936097129155338,0.03997243524928396,0.03651633276057421,0.039998832847911205,-0.05208683851957269,0.039332457734595275,0.03985561117302872,0.03997245370992478,0.039200401588718195,0.039720682237589136
277,0.00033897,0.03921248455557516,0.03971560400516801,0.03976272188634536,0.039934719591157866,0.03862855406119626,0.00832042409076117,0.03988990220674601,0.039971547235416106,0.037817534068755945,0.039991689852920675,-0.017502288337099964,0.03971781860664695,0.039994792324948285,0.03984763513497364,0.03988793629883605,0.0399500788810829
278,0.000196364,0.03941180542207825,0.038651431868697336,0.03862295311554799,0.03811271109950377,0.03423822113993579,0.03606181908342064,0.03749030102431806,0.03659583032413209,0.03929032699448123,0.038481676344331237,0.033399092525090476,0.03849652001733949,0.03731450630236159,0.03624375075635447,0.037700622019498434,0.037682336323590554
279,0.000200412,0.03967876064686982,0.039283629684972024,0.038625002567005726,0.03819366132293578,0.03441164312834606,0.03000942612786449,0.03741664552781605,0.03692644409974161,0.03938730985133748,0.038293404583881085,0.029562250152792596,0.03829330161788823,0.03769500506011377,0.03654802655097711,0.03795631546647227,0.03810978410340498
280,0.000217532,0.039919276488281585,0.03979342689672789,0.03895654640619278,0.038741385986970606,0.03512057990802996,0.030067759474511,0.0370819945997921,0.03741138764171338,0.03895400711616666,0.03889537767207413,0.033420347599132164,0.038087058154601255,0.03781687110101559,0.03677039648820539,0.037831990015037675,0.03819214056213007
281,0.000416933,0.039357081028449425,0.03986173272721901,0.0391883425211159,0.03908427281492283,0.039591487199950696,0.02645442602005202,0.03960864168121085,0.03995810082216042,0.03999659957392952,0.03964842628863957,0.031854012852451805,0.03998551384326114,0.03992545352167758,0.039690897027687834,0.03992436530553337,0.03996162369355793
282,0.000760039,0.027486889960088287,0.032450875875441584,0.029294786441106918,0.02999163838222485,0.03823578728736756,-0.00213138186511061,0.03889996442136281,0.036821268249710215,0.03758363743526046,0.03697795400190329,0.014893104627644371,0.03530218274016286,0.037542496011922125,0.03853994638361323,0.037453948914232524,0.03762267385665539
283,0.000442251,0.03817541693104088,0.03957582496785146,0.038989544910241425,0.03926312297534527,0.03976298895651569,0.0024318153709833867,0.03987871446455017,0.03992516283209137,0.03999885858927509,0.039956003802909604,0.02687455715488618,0.03996459333279159,0.039978635950917094,0.03992221934560128,0.03999824321590993,0.039999995060020235
284,0.000250315,0.03841207350686246,0.038405434553391044,0.03932969493640974,0.03916534417776742,0.036331721695824534,0.009831072728295642,0.03787311808912289,0.03891752140771719,0.038925349970268905,0.03905406625964282,0.032961935734674666,0.038193387626773316,0.03925821024120909,0.03816334711874109,0.03870144572385123,0.03880170771993028
285,0.000234243,0.03795032310004236,0.03734269685927022,0.03899765072493272,0.03882104498503583,0.03577372983025161,0.026992151146808557,0.03827646251335847,0.03873278128499724,0.03995195110744624,0.03818643132456087,0.027290160012512277,0.03824765235223988,0.03968812549482678,0.03866915425478232,0.03906534615448218,0.03930425756332138
286,0.000155447,0.032934278144124765,0.0311530422632232,0.03573689841363485,0.035226187289252836,0.031847920160608924,0.03505700490749335,0.037729465727874736,0.036953336636186995,0.039657516537665895,0.03581086467139262,0.021019032113085007,0.03607597834529107,0.03961186863758293,0.03770238939048554,0.0387322514143606,0.03914307075460158
287,0.000169554,0.03452611220167982,0.0328747959095924,0.035626189066376976,0.035223608715754695,0.032568625821843875,0.016662786557725115,0.039844453612126025,0.03936464930408301,0.016662786557725115,0.03745562054999904,0.029611510802245958,0.03754150991702036,0.037124903229169184,0.03985816829243447,0.039838982951457845,0.03855153308801289
288,0.000169045,0.03491287776504455,0.032886950668410984,0.03537410165136627,0.0355130086598993,0.03229205017704348,0.02716945894004877,0.03983404737826216,0.03924797745055255,0.03858736582165349,0.03542331768240566,0.016824405565943334,0.03747712620393723,0.03965467714556343,0.03954126825682109,0.03976421617637147,0.03979328940765246
289,0.000195875,0.03566268479412875,0.03451710980361433,0.03663328230896436,0.03700599051425303,0.033855708508950325,0.03827343304373923,0.039775959556486794,0.03899930968341117,0.03976851269520232,0.03584218954776881,0.01537326128530922,0.03831739156043979,0.03968508774273375,0.039001101421241025,0.03833267751576379,0.039773582774430924
290,0.000207387,0.03676269168241718,0.035823399548761806,0.037064227681486546,0.037415848680153116,0.03456647881705572,0.03702428044733286,0.039619070093151784,0.03941003054301286,0.03895145336378149,0.0379479263075446,0.027611550920053587,0.03858587805404251,0.03966711684586294,0.03919184879929762,0.03786117146445243,0.039872234729951425
291,0.000235289,0.03817690728873083,0.03761747303903291,0.03816867682171823,0.03854219901953822,0.035652264484586305,0.03198258276201524,0.03995652132479948,0.03999189105612267,0.030157143627603078,0.03893340613775817,0.007307707473185904,0.03886895026613227,0.0399973029527765,0.03982713574959352,0.03857569644092432,0.03978760638139471
292,0.000319178,0.039479367381272015,0.0394500842388914,0.039846102628351726,0.03992837613415582,0.03819309345207737,0.03678339884240543,0.03999312529386634,0.03987507685649951,0.03907548613224401,0.03939120084710536,0.022573405206597133,0.03967645993209009,0.039955130388152876,0.03996661216216619,0.03952388686174018,0.039797746577891764
293,0.000295872,0.03932071935510767,0.0389518075461934,0.039695519794690985,0.039785744952596076,0.0377092988169357,0.039903504189260294,0.03949763607753883,0.03978673659242405,0.039801834347249085,0.03855221311756382,0.03569534628854622,0.03904079553968279,0.03940986580564679,0.03904189489575516,0.038973380358336154,0.03955262206814692
294,0.000299457,0.03950498685237489,0.038823028833288795,0.03973545069612924,0.039827286248613085,0.03778964386652857,0.038639971836290594,0.03991836006168738,0.03998968782337809,0.03995702177550668,0.03780165841440773,0.019936265191640032,0.03906441748037341,0.03983085068156583,0.03959437805720599,0.039790522853622175,0.03993858902404275
295,0.000239497,0.03856657228751327,0.037807553180726206,0.03871088131893282,0.038929422989774476,0.03601201400962773,0.03496339202796976,0.039961163241032015,0.03996987376418589,0.03909705749639127,0.038062161378194195,-0.008074250524735926,0.037627680243318876,0.03999274839840758,0.03975002455730562,0.03968961064547259,0.039979662492148065
296,0.000158479,0.03533366028011793,0.03354647599121556,0.03543563017805046,0.035750008186669804,0.0321144326744163,0.039785956827860194,0.03786487804953047,0.03765730165255414,0.039467165043183726,0.036480575272236276,0.020104996805529032,0.03422455489370914,0.038544346624511325,0.037512097407223936,0.03661701500073482,0.03872787315896943
297,0.000213309,0.03729280598158555,0.03505598030939536,0.037648954642698684,0.03785449969584786,0.0349338192810744,0.03839472789642501,0.039341757534308915,0.038984593466641446,0.03996332666130445,0.038180260655590534,0.013656117589369243,0.03751026458890541,0.03968799549058066,0.03901595921637778,0.03880481474083064,0.0396723102403153
298,0.000165167,0.03563050069218905,0.03294862393561311,0.03541008155778548,0.03568855039106288,0.03242976412289206,0.03721793443002096,0.038990245701844825,0.038221031345478676,0.03995566648590765,0.03702166483020383,0.018045167083617683,0.03625362121281148,0.03911884540362158,0.03781548535919692,0.038617412535461484,0.039076119251370736
299,0.000282371,0.03946302640171631,0.03748005290853233,0.039184276269791436,0.03940261606307158,0.03726248384379087,0.02979857758494628,0.03983601587904872,0.03995278290824511,0.038292110660642024,0.039597593225480884,0.009925516261766576,0.03967725383348516,0.039907665326017874,0.03989907183285702,0.039937293768578325,0.03992590727893822
300,0.000267888,0.039381012638037255,0.03759629729759156,0.038895074102088964,0.03922109617441772,0.03685347218671954,0.039729945104453615,0.039242615483752546,0.039521775350471335,0.03963927954501649,0.038554878390294645,0.03940263073848193,0.039342804327814576,0.039227116603289175,0.03850041775820301,0.039386417471355434,0.03903884835921054
301,0.000453251,0.03953485276085555,0.03999926311169974,0.03966000902089063,0.039318755054955856,0.03984094457967635,0.03510133784626236,0.03987091239658572,0.03945864172310893,0.039628118563288926,0.03998354652829588,0.036075650519786506,0.03914400972741885,0.03973267372383533,0.039994678088151166,0.03950596687839203,0.039908026902419215
302,0.00016348,0.03586741814071432,0.03415671605284878,0.03536102118705556,0.035863683314659625,0.03241949298146081,0.039948002978085685,0.03571290604358911,0.03685809194232367,0.03824367945621287,0.03566205502597787,0.039556262325227895,0.036152169041456655,0.03671283714044986,0.03509774032887239,0.03644063486775255,0.03611841275525507
303,0.000493723,0.038653281823358046,0.0399061428567234,0.03897136688845743,0.03839371342310358,0.03998493771855226,0.02533267116916911,0.039369328780577424,0.03804587773227878,0.03649677303059934,0.03971382713503896,0.029373465178256786,0.039131518577636214,0.038216555092892644,0.03952443891942234,0.03922472468856028,0.03878830287815904
304,0.000866753,0.027945161288008877,0.03566236510330949,0.0284539035276392,0.02582713434004638,0.036399890569493526,0.0184136119589169,0.035458835587595314,0.03190634446250658,0.03309470902146089,0.03762077379531305,0.02234904863899735,0.031613096529295795,0.03327395635248305,0.03582831259126652,0.03442322497810872,0.03476021469432311
305,0.000378797,0.039984774586036866,0.03958602993802201,0.03999310653632592,0.0398939448486465,0.039193337526346315,0.03899413820729161,0.039543462997130754,0.039918839355589215,0.03989384151390686,0.0398879304422773,0.03955532951258836,0.03992569749286182,0.039804868740186516,0.0393105435619555,0.03987683005543816,0.03953777675555605
306,0.000407461,0.03998682814376255,0.03931210282014115,0.03997366724562754,0.03982193599273145,0.03948938343167652,0.032489079734562804,0.03995294697565523,0.03975057482154716,0.039632102680635425,0.03963320448108437,0.03485199604487317,0.03999754807367353,0.03965581660798282,0.03999190248549062,0.03964292986539161,0.03997214686642037
307,0.000365316,0.03999997218779992,0.03930394143884464,0.03998588606865219,0.03996289847423884,0.038945533655517194,0.0357879657194653,0.039989945451722235,0.03997613828867425,0.03711016267063473,0.03977707665125667,0.034558075850468536,0.03984529436318371,0.03953736989520171,0.03999739099194991,0.039963541246775314,0.03995682461026441
308,0.000538419,0.03999966134671815,0.03933138901847957,0.038918023813973746,0.03838161270838455,0.03998463874792823,0.032747871707445225,0.03783991275030891,0.03836930282471833,0.021266288357276744,0.038961623697150075,0.020088064909803943,0.03872778507583311,0.034563655221893946,0.03768327705530124,0.03841407256910963,0.036634118756379605
309,0.000521261,0.03999698330967709,0.03924190066586803,0.0395286917720209,0.03932511027232568,0.039998638012274136,0.03052527315707622,0.034684392951097265,0.03731654234160016,0.027610257535800625,0.03888200378686613,-0.0026835516858787767,0.037562169923266664,0.03104811987030459,0.03671869072490909,0.03699725350420706,0.034932210411431894
310,0.000345055,0.03917403561713243,0.03750714152129698,0.03966801544143559,0.0398169393250266,0.03830009213598885,0.0378116448928645,0.03900508676081479,0.0399127542074568,0.03999104414632386,0.03986701523842579,0.030555295156482726,0.039839269747920784,0.03944325435956383,0.03999946448532875,0.03992560286733366,0.039956211830512546
311,0.000237454,0.03676910483360515,0.0338462422415623,0.03752841648284169,0.03784880143221814,0.03563573566853265,0.03884317681998724,0.03833302183978157,0.03807232720925753,0.03994546461542636,0.03764699732912311,0.039269091973408554,0.03938451501739437,0.037549664439703576,0.0371132780193463,0.03719042367581008,0.03729739739440739
312,0.000289834,0.038726552644935894,0.03656967153859554,0.03873023871599618,0.039046334434270163,0.037324292312867796,0.03899945351235024,0.03848028358708022,0.03866280028265755,0.039631938246008754,0.038373073221139545,0.03932953994167052,0.03995021369753041,0.03824778666824806,0.03812049039956797,0.03742480065089207,0.03841912940210475
313,0.000194171,0.03465249147511387,0.03131247421735292,0.035438179962819366,0.03596070805074781,0.033637322883742826,0.03871462503713963,0.03756120043169511,0.03712044271190843,0.0384915880200082,0.03615876077573153,0.039199356697377216,0.0383385181406449,0.037443139685881366,0.036419686578785984,0.0354147321317746,0.037408425047160895
314,0.000382242,0.039696198105872126,0.03802589958247961,0.03981403434932438,0.03996689736018223,0.03907231901134022,0.031147395238635994,0.038277191389973375,0.03951176609222554,0.0337079828911101,0.039997708985838216,0.031095753021154943,0.039766156319329796,0.03871669740272197,0.039714108448414207,0.03997940633322163,0.038631885244480205
315,0.000247546,0.037303154692139684,0.035034200927212655,0.03749571859946244,0.038264514284448166,0.03593286908654118,0.03964618827969502,0.038863838560122516,0.03841418269575177,0.03881345520073303,0.03777248143937503,0.039975623217136005,0.038639361588466786,0.03883905303052439,0.03857359201550212,0.03664783082712697,0.0390835948937202
316,0.000184115,0.03548706258827031,0.03334753609844649,0.03513340798719504,0.03619404243320684,0.03335703390142912,0.039744354145608736,0.03509000359381209,0.03492948601079436,0.035267047504090404,0.03358575249803626,0.03746770475514411,0.03599693453869736,0.03540118128786185,0.03519769528560316,0.03322094957714278,0.03567093100224972
317,0.00027393,0.03887337788403552,0.037513547576671954,0.03830025328020904,0.0390189617294444,0.03696783910267034,0.03285461016979774,0.038811764452726424,0.038665739582153386,0.039585394941410924,0.039133516771104396,0.03999999326169039,0.03860998093945285,0.03921958515177433,0.03884916308202511,0.03779229631815005,0.039376810487233634
318,0.000217229,0.03774262307340773,0.03635665656713679,0.03681913888024031,0.03782668965768435,0.03498137570342564,0.037464140809556,0.037006900148140974,0.03676179339888652,0.039195393946058435,0.03821428309884756,0.03958419173022227,0.03592433326673849,0.0376899274820147,0.036975010164749564,0.03554029007682321,0.0379561639750893
319,0.000398855,0.03988100950962071,0.03988466303588856,0.039969529679454746,0.03995205066119355,0.03940927631412098,0.03721702945284812,0.03939125169835329,0.03935930282622519,0.0397891738223903,0.03999837840098371,0.03993969365623895,0.03934499045618897,0.03959041840267177,0.03932663118459278,0.03866250573794844,0.0395969737175831
320,0.000719696,0.0343995142981673,0.03703281183971385,0.03599408038185126,0.033865208301245314,0.03873703258097397,0.023580534974458542,0.03931152198640783,0.03929031236530566,0.0397367159849758,0.03936245623902649,0.03636193029726684,0.039107086343693635,0.03921082725701191,0.03955619477816334,0.039697289896258384,0.039431981744343855
321,0.000410898,0.03977266678689467,0.03999797737851665,0.03999991115880869,0.03987209094478907,0.03952286251583005,0.0344009026939177,0.03920721377128144,0.03940749829193688,0.03921351001230832,0.039943996344549204,0.03994484466000937,0.03913767894882006,0.03934868675642256,0.03904570652869142,0.0390854807509875,0.03915361178584727
322,0.000521561,0.03759937923669515,0.038975620979266754,0.03936649093305924,0.03861890441199857,0.03999671721610956,0.03637053106862352,0.039486480081724964,0.03985494441651593,0.03973869595569752,0.039543462569288645,0.03986018391448091,0.03978598678088703,0.03964064140195264,0.039497071678349066,0.03955389281737695,0.03950337328172657
323,0.00110725,0.011414122535119281,0.01832617722437807,0.023700883692934785,0.018249911099610883,0.03142700272675221,0.027579524777702674,0.03870436631730311,0.03739474149916486,0.03823467381509529,0.035279421094903174,0.038308157324212055,0.03560155460490018,0.03838115722984617,0.03869870667135494,0.037948717001744424,0.03881769130098953
324,0.00044984,0.03963454091066345,0.03999893747253793,0.039953152566981946,0.03955201371736729,0.03982344457532857,0.03991978342890414,0.038185042064113286,0.03865396571861535,0.03833894428821638,0.03999050853483656,0.03820690083098726,0.039329572769589406,0.0383091597646431,0.03780599088623508,0.038989702867744724,0.0378258895269908
325,0.000789055,0.034825244735047514,0.038549742964712405,0.03594359658991275,0.034605232133261526,0.0379023295814795,0.01827820395213929,0.03882250020983854,0.03874771027887553,0.03822328835397134,0.03632526141714712,0.03897257254704521,0.03862973653132099,0.03873273022614585,0.039578945242987024,0.03776186255310586,0.03941631886078991
326,0.000436887,0.03996333973477661,0.03972569709633577,0.03997697720057758,0.03993586153955187,0.03961876280109485,0.035509123067181195,0.039392204370405866,0.03934275886669013,0.0398930016195722,0.039547990401635674,0.03933325997932095,0.03957039891323688,0.03952049021434247,0.03891542502524534,0.03952517639326337,0.0390696108754678
327,0.000388476,0.03999763823449943,0.039631434060579666,0.03963966822057788,0.03994094679038824,0.03916948893351137,0.03880009952514157,0.038266792402487204,0.038332875648054245,0.03919421627320996,0.03918312689945764,0.03838973418947815,0.039425277162923045,0.038681919615301145,0.03790832285019949,0.038421856760374185,0.03802120958297439
328,0.000989275,0.030374328487896937,0.03252141894112219,0.03453939757442234,0.03138673893054193,0.03490674917880113,-0.015952447872164405,0.036218734843716724,0.0354424926924526,0.031123892465648673,0.03491287278102623,0.03451536817290221,0.030572228383777864,0.03399950706380914,0.03694718036877419,0.03484048430328893,0.036343049358070825
329,0.000588299,0.038485891927748636,0.038887562572332536,0.03986085855476815,0.03927568566142121,0.039982251123038014,0.010632059063234889,0.03998748694645451,0.039868292536807445,0.03996004007092803,0.03999035558768489,0.039523088714837916,0.039003998475887175,0.039672353802972835,0.03999844843162625,0.03982909167070189,0.039976294992953375
330,0.00039497,0.039590827510949535,0.03987631436966842,0.039163990808330676,0.039765070783530865,0.03911197172947822,0.038628860460336055,0.03776636942040156,0.03862811748264165,0.03892629598005712,0.03937237946541731,0.03897615115771137,0.03975250776871201,0.03850399579376401,0.03773926779962006,0.038228766777721496,0.03799415345191391
331,0.000330616,0.03915688974182681,0.03961574298332055,0.038305084456542134,0.0391261224189645,0.038055545872629534,0.039994940576526354,0.036157288082798375,0.03725048632966362,0.03779155079396168,0.03761950705116687,0.03815694230304849,0.03893177856723681,0.037151189209041875,0.03654537424401191,0.036335191929318014,0.036846104458631
332,0.00070443,0.03893124520519806,0.036654730682546044,0.03891813464759926,0.037447319105035654,0.039314539897446786,0.006730137726697172,0.03874797157159919,0.038055660343151096,0.037391921482007776,0.03999904082998296,0.028359792667904338,0.038003881915251225,0.03692705656634883,0.038321091261530695,0.039528324534073324,0.03712631665563837
333,0.000495571,0.039385871128776964,0.03960993805088504,0.03992834997712586,0.03999504022053683,0.03994978770221428,0.00886653783162672,0.038756387157064955,0.03884126530732827,0.03453880462047651,0.039988044336990776,0.01484838993866014,0.039999904254492805,0.03713832680761721,0.03871443966462128,0.03999454816747497,0.03712476117099486
334,0.000315662,0.036991509821512905,0.03704727184552016,0.03774248863726505,0.0385632615141409,0.037520232702725594,0.03958233995560797,0.039673868440747787,0.03948928059561272,0.03927510588134298,0.03898003335721057,0.038575924237975255,0.03813311109773665,0.039989579386486285,0.03987743124558933,0.038557902865242744,0.03994502402314457
335,0.00034429,0.03743122543782844,0.03780700582161201,0.03856326273012552,0.03921973646705293,0.03830876589648395,0.0398300636813176,0.03995942430088827,0.039903900771015396,0.0397468682497859,0.036178744923307325,0.03720660817447238,0.03912164190033111,0.03956136574529846,0.03985252298082804,0.03992152205594182,0.039882466071316555
336,0.000332407,0.037833276464527804,0.038261138807181336,0.038452356688252004,0.03909052050487023,0.03829538942584111,0.03664469413303137,0.030483348492133105,0.03933136651885669,-0.04639579433844049,0.039499129486060706,-0.0031312460755508753,0.039491689398152376,0.02091188601290947,0.03293317989656823,0.0383942450812835,0.02854748680694516
337,0.000247293,0.033483906107566644,0.03302412630667321,0.03582110960018084,0.036660091261485284,0.03582880919840509,0.03919076789475453,0.03142346821130372,0.039998358551376886,0.009799548770619393,0.03944491674235627,0.01369067616432057,0.037924089126328206,0.025359848123188256,0.035929212124120494,0.039978025595207065,0.021337332741933113
338,0.000354891,0.03738223723919651,0.0366344221799617,0.038709249408757376,0.03917615215706517,0.03854678770030581,0.03965217305975041,0.03793490868941862,0.039975772335233195,-0.05632523248070387,0.03996940053125519,0.03571152452247396,0.03966497773953907,0.03768787060402613,0.03880267383538017,0.03973747962818581,0.035469955673404316
339,0.000265161,0.03572112785515753,0.035078265338971584,0.0367869229524468,0.0375448711017541,0.036491434100167745,0.039848753764625024,0.039303082592374625,0.03776857639075358,0.03862015543054858,0.037585675738495965,0.03987179677384183,0.037635791363644436,0.03897803194564943,0.03901709129150002,0.036908560749017015,0.039893845133786944
340,0.000284761,0.03706225764844386,0.03666404866761297,0.037313486178382205,0.03799589556625148,0.0372556863285273,0.03988423815777458,0.037342264927210884,0.03749387809190859,0.037960458495224725,0.03736244657473661,0.03836301057953015,0.036728369598208,0.03700201989977696,0.03739643431422103,0.036241172711025456,0.0386450512972107
341,0.000251449,0.0362589158773631,0.035188508638217576,0.03633051576299468,0.037181800404185304,0.03614147725307533,0.03877617828464608,0.03131437551674749,0.033690611620161307,0.031209174777383074,0.03819001398669339,0.03241283966488974,0.033410434692481755,0.03181553891784479,0.032478522257666176,0.03205998718306442,0.03313894057171721
342,0.002542634,-0.025858442480905075,-0.014585660495875008,-0.022597468875756088,-0.034052672404598944,-0.017797762012852714,-0.02436887337221802,0.03177935098139409,0.020655429244582274,0.03194901144196281,0.025072333913192524,0.02941118239361669,0.016682313877794244,0.028998989127087274,0.027305650614670926,0.02644383767197478,0.02685826014084651
343,0.000288833,0.03796464807386053,0.03742555423052819,0.037647812576078965,0.03826633165911232,0.03743032980696931,0.03927908619589529,0.029746944142812256,0.033024981854731364,0.030857296578827652,0.038287958654580734,0.030631651066156396,0.03335759961255294,0.031360922054913934,0.03115385292842316,0.03225433713165807,0.03128381652224784
344,0.000285734,0.03840232743548441,0.03783219957037117,0.037618523267867326,0.03828176447869994,0.037315533832947466,0.03862311271809329,0.032222058398905226,0.034894675123493375,0.0349068973812231,0.039422221211343575,0.0337384037754986,0.03393127272977847,0.03401280968776889,0.03310565369552524,0.0349836674240844,0.03332088511405959
345,0.000449379,0.039958339859106434,0.03997526033654025,0.039892100306837645,0.039998129863066535,0.03980559804280799,0.030003904626949893,0.03881340539304503,0.03923925588696835,0.03999412966251815,0.038993045837600986,0.03999572989303901,0.03870656975056968,0.039983721001585565,0.03950695268321146,0.038882917313850095,0.03937344158836209
346,0.00025788,0.03840866142462937,0.03775996982873071,0.03693186337490108,0.03786860378193643,0.036554186491618686,0.03990987202633886,0.0382331734264549,0.036463006992747404,0.03999995098198162,0.03644317441959066,0.030760093673530595,0.03655582405414984,0.03966164249224635,0.03948971601069199,0.017620760240556463,0.038451964608128386
347,0.000455062,0.03925545567384719,0.03857050378104306,0.03895539289450345,0.0399260416059252,0.03973089705820679,0.01061897454290986,0.024080396190618636,0.03932419295659732,0.030725974138181705,0.03996045007725889,0.026156101722603062,0.039412789935740176,-0.10282282820800254,0.007077320458872743,-0.02976312469412906,0.014797352670890634
348,0.000194628,0.03318067024667259,0.03166001572821914,0.032529976640976906,0.031108962621865202,0.032448332280357345,0.02950195871456708,0.039286573123958085,0.03740396873062628,0.03352834497322206,0.03176259105554968,0.018582817725286138,0.03896347762326573,0.025586576993232316,0.03993532736401315,0.008333780535019347,0.039485097309272445
349,0.000571779,0.039989102448822526,0.039928582948998176,0.03997971212552122,0.03962933840096169,0.039996859916640516,0.01936239800180284,0.03796653038756517,0.03966700348619093,0.02561011034473945,0.039803213649493824,0.03362521756283539,0.031341944480612643,0.036675284067446065,0.03685218346858471,0.03672290888815763,0.03539511475977741
350,0.000352085,0.03858430587553401,0.03787678677831624,0.03792306525293393,0.03684762226573297,0.03882621515874177,0.03786198510378328,0.038896799036728366,0.03885196662413315,0.035891190865420655,0.037242800532361245,0.03948554892713386,0.039604454917749124,0.038983360138366174,0.03953173763978699,0.0379108362783551,0.039942200854457106
351,0.000222946,0.03535019710472788,0.03383670190899146,0.0341787146271323,0.03251526769441014,0.034303299633915055,0.03688915457872895,0.0372663637478925,0.03696438001280417,0.03991670311452238,0.037252872375190205,0.039534872168178775,0.038157066841796775,0.037537853411229644,0.03738767638119657,0.034687545391600114,0.03955872843909564
352,0.000264234,0.036259695357167096,0.035658422455576017,0.03679279135901041,0.0347967623263821,0.036685279926460916,0.03770158233895303,0.03993758901533549,0.03908017247097588,0.03764999048701234,0.037881181442135814,0.03945143385004311,0.037577835122798706,0.039133606902097065,0.038144019099213354,0.03729046648115691,0.03989785573373703
353,0.00027197,0.03719376062220259,0.036762580099904386,0.03723034017630958,0.03485708788340246,0.036901638196883545,0.03967571585833614,0.03919065720258788,0.038322563556668944,0.03943111638590128,0.03851167976208311,0.039711918508852716,0.03653195318359497,0.037480287990175276,0.037520261811235064,0.037053227714703624,0.03839073635170862
354,0.000320547,0.038845863522322166,0.03855549904478371,0.03814684013980896,0.03594128134092754,0.03810948780488287,0.03998993626571443,0.039717662542400375,0.03953397832376141,0.03436446591278451,0.03518015602969167,0.03973731514148795,0.037592624974803056,0.03998807040660212,0.03997164742807467,0.039611137117321095,0.039419991377548196
355,0.000222308,0.036832081454746965,0.036669145287764514,0.03558693104421387,0.0329011137441785,0.035105721786413066,0.039305822647936306,0.03933809199842972,0.038837839630445445,0.039382002146504405,0.038304652762989916,0.03989604114637848,0.03486421854024207,0.03795980332810239,0.039929277507375564,0.039228371200923165,0.034817877717913476
356,0.000283175,0.038473820171850706,0.03760682599764863,0.0377556153633967,0.03537394762122832,0.03712787298246994,0.030071834083569157,0.03992320056595649,0.039636863967669536,0.03219452055284429,-0.025479226383437747,0.03977321157024624,0.037384854771722265,0.03806982603608834,0.03989635652593238,0.03970829554992904,0.03686936246799011
357,0.000311921,0.038584726944859774,0.037202523044161016,0.03852387244262321,0.036266605094829804,0.038040729655203956,0.036563564262048,0.03939722139195445,0.03916776243264687,0.03903916977628873,0.0385632466814249,0.03987024845539373,0.038494929212803494,0.039872926107847116,0.039591243016963915,0.03883334839786311,0.03999689565943525
358,0.000370624,0.039745402377872066,0.038972496032882,0.03942142152053586,0.03767176688908393,0.03901500335089421,0.025308862657010975,0.0399010373872524,0.039867799241818526,0.03856063775166292,0.03604122858198623,0.039930377131490086,0.03968683037538066,0.039999413805102066,0.0398011150447684,0.03988100613075611,0.03986138468737505
359,0.000179377,0.03551444576656147,0.034142321390488756,0.034302144730265965,0.031268846714958554,0.033210622871583655,0.02983950685484292,0.036340446109841114,0.03648643439822227,0.0395918949638913,0.03840371150846248,0.0390086661474774,0.034840265295161085,0.03713227926063939,0.035439984674727476,0.03717418498363118,0.03794692835143554
360,0.000195818,0.036825792182616425,0.03579336160805597,0.03535738622656537,0.03239556936853548,0.034072515965982555,0.039436618465160105,0.035419870059970736,0.03606001974137029,0.03884136554791739,0.036340828350955534,0.039016769792177816,0.035346120905413385,0.035936229783124704,0.034698049796964545,0.036783016539919625,0.03659190498100515
361,0.00023764,0.03812050640387596,0.03650494233058388,0.03696826915799154,0.03416461893794229,0.03586676403406655,0.03996708395937923,0.03608629100447795,0.03672805912564937,0.03798429838499725,0.03707016440686593,0.03944321323865522,0.03738540364119933,0.03649072089851149,0.03558758623506586,0.037723297770281085,0.036923213379901745
362,0.000401936,0.03996900582004536,0.03975749215810621,0.03986233303294933,0.03847928016726063,0.03944123204049913,0.0035671790528911673,0.03997700347300149,0.03994720886315015,0.03822524958215453,0.03959935620259546,0.02608770561629878,0.039942033239106806,0.03971366480120437,0.03999618985283292,0.03858261230835891,0.03943553458982114
363,0.000381908,0.03998985836044275,0.039905877621220734,0.03969495561590934,0.038117129982987524,0.03917945159478965,-0.06852619361267212,0.038456540385522354,0.03896679335286656,0.025848960961905545,0.03867799746706584,-0.06852619361267212,0.0398620556009776,0.03586576394029477,0.039233958069302646,0.035741555368670755,0.0333358203118744
364,0.000240901,0.03853920562012886,0.03803779756687445,0.03713524019366154,0.03438612536711651,0.03592810052978866,-0.007606814805356937,0.0394318843827844,0.03909778132190866,0.039738004222238874,0.03800628440601009,0.010569329395261728,0.03910397465297727,0.03979888360629418,0.03894229651345682,0.03968133469120032,0.03998896858711854
365,0.000110044,0.031983088988117934,0.031652891758961584,0.029898288071966286,0.026714820509873474,0.028433447051802667,0.0399680797479929,0.03230561463018869,0.03146435806569592,0.035639327055549674,0.031245883201166374,0.0399089754865658,0.03340560970902847,0.03266171916007807,0.031098330391072845,0.03307585337578313,0.033683931363606354
366,0.000248719,0.03909385802564998,0.03904165739998427,0.03748170003496141,0.03475697211872716,0.03630581497783514,-0.011644420158023111,0.03997841809430018,0.03953544802757292,0.033517168215457985,0.03853302805056496,-0.011644420158023111,0.03971929696137616,0.039999060052930205,0.03941201391869163,0.03999512857606499,0.03970458923457713
367,0.000219105,0.03697814941073379,0.03601597485652319,0.036316471405957784,0.03340197125889192,0.035116621181129654,-0.00040601714510507536,0.039996070057614325,0.03952242509598384,-0.00040601714510507536,0.03897551451227793,-0.00040601714510507536,0.03876383889453498,0.03996283196700084,0.03945678598323481,0.039834859292501204,0.03878018183155988
368,0.000153921,0.0345317682209332,0.03350660852615813,0.03300522123135942,0.02995215183068125,0.031673289071685734,0.03840434398333649,0.03633653079024017,0.03545794076403394,0.039995539552955706,0.03862058885773614,0.021474226163197233,0.035318080548813094,0.036682300849712496,0.03519389619007531,0.034931352422165204,0.03798156022345779
369,0.000248735,0.038836744269536275,0.03826353271117988,0.03822705500593494,0.03835218173230675,0.03617310023029942,0.03726857195356709,0.03868967317423412,0.03843687259603961,0.039979198058763564,0.03857725502035458,0.017292328526241824,0.03895542300273122,0.03879275203805336,0.038023551054738244,0.03789469889511572,0.03943326299502943
370,0.000300792,0.03987138444828183,0.039731573356497914,0.03940914815949406,0.03953360278939295,0.03776835375653177,0.026709242948714046,0.03979856235634704,0.03983861790638976,0.03810029365251279,0.039720105302084606,-0.03282232385927766,0.039783242226250605,0.039868459507236914,0.039428968025661655,0.039463541553148025,0.03999091156635375
371,0.000158634,0.036408118859149095,0.03557560208090365,0.03471530154245712,0.034852906142210885,0.0321212736777823,0.039748478197416066,0.03416535659238407,0.03512632056972452,0.03793797676121902,0.0386797140385684,0.03744312880716874,0.03507796211724144,0.034494695254521035,0.0335350687781508,0.033719461395112685,0.03571983235591002
372,0.000143697,0.036089937090745774,0.035611708145912156,0.03407355911684872,0.03444319199535951,0.031087016777952954,0.03588640192617036,0.03089754200706525,0.03202550526512466,0.03468665051432793,0.035887633242954284,0.03915322305617032,0.03375597960342738,0.031076908340833723,0.030547660245610155,0.031006188187445313,0.032191663859632326
373,0.000148364,0.03575174293473239,0.03586062748598408,0.03464201338440575,0.035038660327712606,0.03142449741657501,0.03730642498249897,0.03210167021605827,0.03273127440866938,0.03564484775945729,0.03585283349705874,0.03986669360056174,0.0345114341544986,0.03215642847461555,0.03154273684470673,0.03229668575292862,0.03348782667614608
374,0.000138247,0.03498615997127366,0.034202362278397416,0.03405919568462999,0.03487213690238137,0.030807802202945725,0.03978500833247414,0.03453929189855473,0.03437959192900577,0.038671290415765655,0.035399899571674845,0.025949028862064405,0.03420301635716358,0.03455763282842105,0.03352068704900652,0.03370032179894183,0.03651014813945764
375,0.000177009,0.0375443454793412,0.03689458524734135,0.036077632789391995,0.036767030761199485,0.033156612358794926,0.03177828961781409,0.036931331928774555,0.0364750978294884,0.03967177832393488,0.03795229512237085,0.014259955047028622,0.03625322252223351,0.037045841693023066,0.03637531408992477,0.0355732910412449,0.038881930869214085
376,0.000111703,0.03342769924270546,0.03194596954070327,0.032150781893480786,0.03273133625665496,0.028548522965752204,0.039970288628984135,0.031266169418568406,0.030692175663501027,0.03408154790079858,0.034392966791392546,0.032547437333372065,0.03217232335770961,0.03142886921726287,0.031064419781236738,0.03014211347734981,0.033767635633325646
377,0.000115653,0.03405095361689574,0.032811359166486455,0.03270370883977337,0.03314484939309918,0.0290011604515297,0.03382161593642111,0.03268125892082194,0.03174903102449017,0.03596944789525497,0.03545759500687427,0.03165576905583303,0.033227625499684166,0.03288412242212124,0.03233006635642357,0.031993688338903876,0.035502934741773046
378,0.00015842,0.037307300154682754,0.03667336972641246,0.03570738953557242,0.03606985625822973,0.032161529699722,0.020122903382464447,0.03710516857825222,0.03597176406159431,0.03965007276485256,0.03784108501954345,0.036651906292219844,0.03613657495664437,0.03731900707399849,0.036556674461359726,0.036342027878877234,0.0394965741076152
379,0.000141021,0.035926993913243256,0.03572528392344916,0.03483162867243475,0.03507157619490911,0.03098078835107522,0.025185038767719645,0.0349117448241237,0.03386339660630883,0.037147804255366235,0.03676587182841108,0.025185038767719645,0.03456297301659383,0.03489917031513495,0.03434435837883042,0.03409117112576088,0.03739877410095506
380,0.000150193,0.03690318582815501,0.036684880780641825,0.03554804089011082,0.0356486286228791,0.031647219987577815,0.037006600750304874,0.03463325029042097,0.03365053311230871,0.036924059667949385,0.03747443304407731,0.022572264718590765,0.035107793916829486,0.03437619675334937,0.03415539728754727,0.03407110995145979,0.03663044066321945
381,0.000146765,0.03684536212727879,0.036840579610897456,0.03554676228252519,0.03556953820668046,0.03140844027991817,0.02356390407944005,0.03611305097512964,0.03478627041975996,0.03855569822906086,0.03599840116594646,0.034551054590889224,0.03512828549587168,0.036020343433044215,0.03568276763395967,0.03575926007753497,0.03849283847259265
382,0.000139727,0.03676132046857239,0.03664581044999104,0.03519994106643785,0.03519279924618829,0.03094815658388496,0.02554299232916954,0.036532754807033024,0.0351955670212047,0.03892956963267172,0.03559347568682236,0.03751042703815399,0.03429451099065855,0.03656617103522011,0.03612961633248189,0.03619604790003531,0.039072709886949344
383,0.000119105,0.035675371236096744,0.035060387409524954,0.03376882324344583,0.033629550189895344,0.029367764055087557,0.038587172385595725,0.033205767858480506,0.032255639478254224,0.035642178578178765,0.03602839722040344,0.030848621429909906,0.03227327296347508,0.03312991215414136,0.032976399053677205,0.03363888934797085,0.035579528127889726
384,0.00014382,0.03747315998001312,0.036778602141196035,0.03563608362757313,0.0355018525052004,0.031207939190420968,0.03791212884813323,0.03506988346019615,0.03385559671800408,0.037350720924653524,0.03729717098465182,0.024401545631669685,0.03440406304712011,0.0348969534952781,0.034739136522482686,0.036200013029091746,0.03697832640431151
385,9.66e-05,0.03444885210331619,0.03376698526140398,0.03204634663598577,0.03188323591949272,0.027263283849819388,0.03560844397748504,0.03538802897981294,0.03233490941017189,0.03927159870143341,0.03336064859659235,0.03785712753504046,0.03124799604361115,0.03499503856710362,0.034102762446081424,0.036443662681185846,0.03792176451308845
386,0.000144224,0.03811509764434903,0.03786010761509526,0.03582346358440508,0.03567968614187042,0.031255610631276826,0.030634493537517266,0.039993219996528884,0.037294910834959796,0.026109912208898148,0.037131763310048575,0.039277135852857574,0.035554185996711965,0.03979828755723766,0.03908451177982643,0.03995083035387445,0.038723785490922445
387,0.000118551,0.03698808216417286,0.03706656231327033,0.034054765877660084,0.03377585451791718,0.029284299007029467,0.03097985960923942,0.03906037111184092,0.034642901370796494,0.036520890180970586,0.034921544377774935,0.0353419232874152,0.03453403527683427,0.03789027350054892,0.03684081671589472,0.038780555027184915,0.03971623209416673
388,0.000155703,0.038984847923877984,0.03919380542189504,0.03661969208745267,0.036386184257550504,0.03201652104357815,0.0209423491311726,0.03999879818173408,0.037196103682861394,0.0209423491311726,0.03707090181016631,0.0209423491311726,0.03811881517858127,0.039420946324010095,0.03861722547982674,0.039960616011189005,0.03995952897379732
389,8.67e-05,0.03433303513373543,0.03420831132155373,0.03132362197435077,0.031006530729868136,0.02621853156095666,0.03726932331028182,0.03896413511726034,0.033327440036022164,0.03726932331028182,0.03279457217922996,0.03977823823901952,0.03421215151274657,0.036595404988957476,0.034521436322235935,0.03964788218900644,0.0390568386530727
390,0.000168084,0.03941147843946262,0.03947893000590157,0.03761167811579564,0.037179207643634096,0.03277374274584555,0.017128672982315157,0.03996453072536435,0.038094892534853896,0.017128672982315157,0.03758994842414466,0.017128672982315157,0.03918709710069569,0.03926989061125224,0.038178627509098784,0.03981080378014303,0.039973633330905464
391,0.000153241,0.03903704019035245,0.03927537636228138,0.03694291249450231,0.03640001973362994,0.031881602389344656,0.03877396713878442,0.037590414595005006,0.0359881827814666,0.03963577838410461,0.03670780765865665,0.03146466123372982,0.038609733079396996,0.036665553734819695,0.03558123200680382,0.03909444797527269,0.03783562719848216
392,0.000189889,0.03988478541708662,0.03999029101262203,0.03850680559325052,0.03810994413394349,0.03396144862026948,0.03297628269070145,0.03872216259594663,0.038093849286550255,0.03847779662700557,0.037939467989625913,0.02826603743804179,0.03974631886640125,0.038571256028825406,0.0376028421373666,0.03992110921029682,0.03932827474682764
393,0.000118692,0.03722070290124794,0.03801793016414712,0.03477104528779408,0.03413347260093178,0.029314010641785335,0.03094651876588876,0.035326111998029756,0.03531094468584939,0.03992944683126401,0.034470739943692735,0.03523587775898965,0.03682701357476838,0.036132865605856976,0.034437665016627185,0.0378828641460834,0.03729960226868455
394,0.000357057,0.03668082673716816,0.033995941022696055,0.03943029187633289,0.039742452407910536,0.03895486738235461,-0.0010606776041901245,0.039946356514400226,0.039694706483302616,0.032283206776076004,0.03999051971350935,0.0208588744111686,0.03829513353810211,0.03941110704729913,0.03996628584871906,0.03820644204760044,0.03876040883052364
395,0.000487618,0.029025315969971405,0.025246534843161375,0.03641697759789958,0.037458449397951066,0.03998422295855483,-0.0020236682234574532,0.039250662857971096,0.038084424228729756,0.03181517657503513,0.039591790006204254,0.021416714621881452,0.032898778356941535,0.037374311909515734,0.03905225956210934,0.034411306561502736,0.03667391383376162
396,0.000262458,0.039498586303923375,0.038478041255978236,0.03992638108419338,0.03977349811451533,0.036825533993916144,-0.009846710696808064,0.039577951654224536,0.03995003065285299,0.03899569332417687,0.039359596931100846,0.031091644684441228,0.03965256382531453,0.03992884066602071,0.03969685198953554,0.03922447481891868,0.03990167553969085
397,0.000285131,0.039234985622675016,0.03880456301513955,0.0399997257808153,0.03995875139383358,0.03744829800657689,-0.026286105847665525,0.03991985474614285,0.0395058282996176,0.031235737895789734,0.039705792431630624,-0.011301986795987234,0.03846268630268179,0.036311099285075005,0.03987192904167438,0.0355718027382865,0.03702268281501098
398,0.000314886,0.03863045864483665,0.03776596984211374,0.039881575729661584,0.039959432391373124,0.038169935640962147,-0.03881380489502029,0.03926001167907564,0.038540015115034194,-0.03406707452279273,0.03921016617727148,-0.02846077332961358,0.03521656791221851,0.0314770921744834,0.039058546706926614,0.03406763612090925,0.03371501726623344
399,0.000227755,0.03952495071656175,0.039999980910926436,0.03932620920435326,0.03905084896430247,0.035589442605037505,-0.0036189919489100775,0.039980845476244156,0.03976971296517841,-0.0036189919489100775,0.03842294837420877,-0.0036189919489100775,0.036208489853940165,0.0286992087978407,0.0397584991091296,0.03455743112633129,0.03433955155752888
400,0.000263758,0.03993932491259982,0.03972057153916735,0.03964994156782495,0.03955176164150893,0.036720306654679916,-0.017591192813589562,0.037681964994571694,0.0348607712308953,-0.017591192813589562,0.03890216194714618,-0.017591192813589562,0.022795572921216353,-0.017591192813589562,0.036310835740519895,-0.004461518968502581,0.012552060953385097
401,0.000283035,0.03998975358494689,0.039381926700710924,0.03983346565855565,0.03975430696864037,0.037178592955604425,-0.013764935201363515,0.037515254479390435,0.03184157256582158,-0.02542155742218724,0.03889407166174107,0.010640624864215686,0.008624208644840203,-0.02542155742218724,0.03688222512060246,-0.014936151121766522,0.02393255861902016
402,0.000175597,0.037549165133791904,0.039182546732126206,0.03708864437939716,0.03695160623285325,0.03303079039515568,0.03876432199275499,0.039404913499420144,0.03974949321607629,0.014720093014296831,0.035791698560749846,0.039996058346950455,0.026206043305308735,0.03482881151007379,0.039692700560950624,0.035737025160177974,0.03983155882532406
403,0.000338722,0.03992388753823774,0.039393412837069694,0.03999965717612175,0.03999710758580764,0.03853024400345762,0.023813162992640413,0.0375123106536747,0.022716089569431275,-0.00036149788271216954,0.03951338146461221,0.03516493202102311,-0.04417598036946618,-0.015370811816609625,0.03580718704409251,0.01602537198571502,0.02681921587180909
404,0.00015804,0.03706358615588938,0.03777555293864167,0.03600333492569644,0.036019976145690705,0.031899721088344324,0.034048004953157324,0.03999772867984067,0.031150313268216018,0.03999952747564545,0.03484681615857503,0.03989883974096005,0.02023812043560698,0.02023812043560698,0.039955942574220235,0.03563541347072906,0.03457132987620801
405,0.00025332,0.03982079941926142,0.03988415777975756,0.03933128759207518,0.0393256341806262,0.036415596472650254,0.015063739345087701,0.03599393815640427,0.005711437213078263,0.03394055940462172,0.038350161173018094,0.035953632521086853,0.002394993689060765,-0.013447807935913658,0.0366406735830556,0.020424973518656492,0.022175759342741422
406,0.000220874,0.03950346638616838,0.039465039486562166,0.0385224586679422,0.03856822306830774,0.03521222602890611,0.02807118875621363,0.03923590691556439,0.026594854807259163,0.036809721735103135,0.036722590950772196,0.03952565513710681,0.020692141486288035,-0.0010581322588777142,0.0392698886565515,0.02565378799301006,0.03390971866565477
407,0.000193534,0.03909167325708154,0.03895568843422906,0.037723579554709896,0.03789531163197252,0.03396359766287406,0.012559025221518805,0.039593100121825535,0.026532062024388486,0.03972834002666879,0.035266492855447695,0.03946135730774701,0.029959771296619753,0.008711227661777149,0.03858907532926388,0.011268982821149853,0.023641403205259093
408,0.000241878,0.03960772443746869,0.03910274475599017,0.03898958713984875,0.03922906247639186,0.036058494774629024,-0.008990209429603213,0.03494202711983008,-0.008990209429603213,0.03997504021933669,0.03828689449444628,0.026279995757268707,0.027677542257721108,0.014893046314928743,0.021181308111744415,-0.008990209429603213,-0.008990209429603213
409,0.000283175,0.03999953410674341,0.039927603161584176,0.039722001437882556,0.0397059110289242,0.03729699951882373,-0.025479226383437747,0.030460451639661476,-0.025479226383437747,0.028523730665025226,0.03896611879401029,-0.003950197663114524,0.0231441285505663,0.020113775563923866,0.004616746962600227,-0.025479226383437747,-0.025479226383437747
410,0.000539419,0.0350509648704799,0.03767277281821602,0.0373627738480375,0.03732793073784296,0.039977400967570936,-0.14422028896065636,-0.003467683536747812,-0.14422028896065636,-0.0019478095160977427,0.03986825087373407,-0.14422028896065636,-0.05563586321334005,-0.02506171539878313,-0.08902594182282444,-0.14422028896065636,-0.14422028896065636
411,0.000400005,0.038493534860472925,0.03944860393643971,0.03972228936048656,0.03966835451572917,0.039453772426528755,-0.07684894913630602,0.01152512555811519,-0.07684894913630602,0.036438098615476006,0.03998109342329097,-0.07684894913630602,-0.07684894913630602,0.01823408657968044,-0.07684894913630602,-0.07684894913630602,-0.07684894913630602
412,0.000167459,0.03809091573533055,0.036787404224671805,0.03636531978741739,0.03654967584409208,0.032590940501677844,0.017325942066681685,0.038349723627638825,0.017325942066681685,0.03951876556389103,0.036156139356878794,0.017325942066681685,0.017325942066681685,0.039780199219475176,0.017325942066681685,0.017325942066681685,0.017325942066681685
413,0.000276706,0.039961632500423096,0.03995832392252172,0.03958189197458684,0.03963350996128318,0.03719395245658562,-0.022826284593293278,0.021991183868860675,0.00869274970520395,0.03982920773311249,0.03853634275441635,-0.022826284593293278,-0.022826284593293278,0.03763425602032378,-0.022826284593293278,0.02725821816386828,-0.022826284593293278
414,0.000130896,0.03702111472573026,0.036313103772398325,0.033916092088062844,0.034119929788639675,0.030164350618670996,0.02791048092633175,0.02791048092633175,0.039993859139456835,0.035446726790079396,0.03351038800037458,0.039953111068421705,0.036547776023543296,0.03663859355029041,0.03402769482744798,0.03854597194450682,0.03995972180707792
415,0.000118779,0.036170521844106455,0.03485025998563422,0.03237458373219772,0.03240857736155168,0.029128903339603024,0.035709321187590126,0.03092592597247419,0.03735634486350904,0.031915310928700584,0.0330964783551768,0.03709414281760635,0.039947911139055985,0.032761646656871986,0.03920376998843729,0.03591918589821538,0.03736983507351872
416,0.000109409,0.035757376018292986,0.034757900551291486,0.03128415380149499,0.03160969114477682,0.02816525155741982,0.039967865941696316,0.03999044582414726,0.034799234828417645,0.030420126293982407,0.03253073768394227,0.0347995450077353,0.038424593506288296,0.030553525219326392,0.03701330312324118,0.034727583527600345,0.03520567253601242
417,0.000169974,0.03848111684054309,0.037186309461663125,0.035614420975499404,0.03623744447829218,0.03258267256528707,0.03827433009512306,0.03977229228481067,0.03784356486231401,0.03297594839463862,0.036049715132153895,0.03783814795910311,0.03967791037596886,0.03437197194472058,0.03935034630526991,0.0382263871817775,0.03816966767224707
418,0.000154398,0.03809341318558732,0.036598793303518035,0.03460150212615777,0.035306856943741666,0.03181358893048684,0.03866893232264865,0.03979357428005723,0.03691950781211034,0.030518311080549136,0.03479189408186868,0.03618090430610857,0.03902108559173676,0.03321871440794211,0.038720315674480005,0.03773348154298639,0.03696063301258381
419,0.000161928,0.03865745066890145,0.037628787709450356,0.035247229633437814,0.03578758481224544,0.03220908431951469,0.02416020456076158,0.039978004770329825,0.03840246604339022,0.03201219683295083,0.036472732300840235,0.03629279622027247,0.03969262608817605,0.03442644670046388,0.03979678159597581,0.03916830394706978,0.038201474824410414
420,0.000119185,0.036045104409517664,0.03519455994008963,0.032683348093117376,0.033298013033548166,0.02925155634163338,0.03082961710779558,0.039999992079581305,0.038581813744040135,0.030012425384724435,0.03298922955702936,0.034112680941897004,0.03954505014501437,0.03364253489401503,0.03994500814327607,0.03960901757924472,0.038443828532079366
421,0.000167838,0.03872009866480194,0.03834521760363166,0.036247510973582746,0.03657777408105804,0.03277732177353125,0.037129345194744895,0.017206376198880588,0.03885538446389934,0.0330959948513355,0.036093611393279476,0.03784062951349362,0.03366984484513012,0.038832194067693046,0.017206376198880588,0.017206376198880588,0.03911047019285392
422,9.42e-05,0.03252558977539978,0.031076610140046743,0.030962594552858498,0.03141613457607993,0.02699918222633567,0.03553099653898005,0.03999485944634867,0.03603851544872948,0.03203638640415572,0.031168685412091272,0.03587832685165701,0.03603851544872948,0.03942544269234191,0.03603851544872948,0.039968698165571845,0.03603851544872948
423,0.000135128,0.03638871492427423,0.03541638934510452,0.03466079825121966,0.03494379179961092,0.030592164901818722,0.033397817487561404,0.03561667566108982,0.03989030158884926,0.026792697563501777,0.03520959128970692,0.026792697563501777,0.039457270605908694,0.03806548687502696,0.03763536627044796,0.03575495699627322,0.03931575580577529
424,0.000146325,0.03724099083162043,0.03596261162197024,0.03544014338560023,0.03568103081899311,0.031382007434638814,0.030662204757940358,0.031150101509194242,0.036813602273196834,0.03776393139106103,0.03827466451970498,0.03976494301168821,0.039092133965514024,0.03598212402284341,0.03319380564851129,0.03223324304082326,0.03406690969129029
425,0.000184332,0.038977820794138265,0.038268177462364585,0.037493187397019,0.037642084793237995,0.0336574497429753,0.031690303516812304,0.0311998228560379,0.03632824267595737,0.03603573560372711,0.03832753640785834,0.03836142910765318,0.03869280131720637,0.03506372305871722,0.0333992073295811,0.03246817436031091,0.03392082169312496
426,0.0001724,0.03884109058283681,0.03836293149580531,0.03694778791774733,0.03697610603055862,0.03301167006940117,0.031125520780320406,0.029962671309895668,0.03505117586979308,0.03380476552150129,0.03938661687919465,0.03712312424966486,0.03719274046200259,0.0338487486180448,0.03247102520266918,0.03079792992101904,0.032863429204667144
427,0.00018733,0.039476858115166776,0.0392730489675238,0.03776307184468691,0.03778529603216481,0.03380697021933126,0.032985327774806,0.03140477647902611,0.036040942272917445,0.03330496301103015,0.039447522243250266,0.038188764197346486,0.03787008489801453,0.03526102471139307,0.034009817892838815,0.03161694400335053,0.03426296116148951
428,0.000142641,0.038183682727340636,0.03812101214537501,0.03564207237883937,0.03554462583449558,0.03115954536379243,0.0330915781581433,0.030997737173162676,0.03536064791479741,0.03213585799383066,0.03728066527084957,0.03884056928601099,0.03729233441460991,0.03546035122793033,0.03390913796988519,0.0307701076963955,0.034396272787630196
429,0.000143282,0.036165224065742047,0.035257176587670844,0.03571155656267805,0.03559247170405779,0.031212179899472545,0.03762957810927264,0.03528250285541107,0.038263575933178265,0.035025871704627135,0.03748190854407482,0.035022926577534697,0.039440010786754284,0.03966397583328032,0.03808873948685986,0.03446486669824907,0.03901210533120175
430,0.000384151,0.0389150558664877,0.039269276481884885,0.03957400429187849,0.039384372373505235,0.03930339583712269,0.02789373735662154,0.03360532284969836,0.027075566864334502,0.03801932315188361,0.039981154183753545,-0.06955145535568835,0.013470811893432189,-0.018773087147424983,0.0220784582476463,0.03666904575534455,0.004031799081883725
431,0.000267588,0.039707234093840665,0.0391205855677544,0.03974682872549628,0.039811584838505554,0.036962318780249484,0.032726095105761535,0.020960979390967235,0.008126196706014749,0.033302094384819084,0.03968659212742923,-0.01912902252424864,-0.01426919268233956,-0.01912902252424864,-0.013395304181675255,0.02580071513269161,-0.01912902252424864
432,0.000274993,0.03991281436560207,0.03949809325891234,0.039809171756289154,0.039861358467351976,0.03716633517160371,0.007532258857962965,-0.022127871793821863,-0.022127871793821863,-0.022127871793821863,0.0396584857105473,0.02120478526224273,-0.022127871793821863,0.02262237727443639,-0.022127871793821863,-0.022127871793821863,0.02383770528636618
433,0.000377452,0.039390845661450485,0.03985464880076714,0.03963921002638655,0.03955065998938343,0.039212913893808654,-0.06649481656385928,0.026714135816495288,0.018585283041432046,0.024220021660725358,0.03986104515465992,0.033450973123981514,-0.06649481656385928,0.032820644298952956,0.025795166778055573,-0.0067012402735106,0.034809256198422026
434,0.000360278,0.03936524548354695,0.03986078343649905,0.03979205186652629,0.03976362423694903,0.03898218769333109,0.00916468656658967,0.025007960413017324,0.006337321838743831,0.03142295698385378,0.039987370669802735,0.030313756069473105,0.005683553314086653,0.028094246180424734,0.026662062558070812,-0.05873543772474882,0.03374811689395031
435,0.000225707,0.03919216497544127,0.03801346916291276,0.038852055020247786,0.038842568460752035,0.03550455013829159,0.03993659800447282,0.012356073751382757,-0.0028528215372592425,0.0385612505418137,0.03836422223146817,0.010862314561698505,0.03959660098587517,-0.0028528215372592425,0.02064252334361262,-0.0028528215372592425,0.030553488262554843
436,0.00019122,0.038551679047101856,0.037119540504455595,0.03777059778251335,0.03777039964208687,0.03383311935150779,0.039411483881551426,0.009505613640088478,0.009505613640088478,0.039945592960028115,0.036883040575320394,0.009505613640088478,0.038670946919909965,0.009505613640088478,0.009505613640088478,0.032414802329965964,0.013586384359385029
437,0.000136985,0.03498740044542682,0.0324801862251197,0.035102297502995955,0.03495432977342694,0.03057851127364776,0.03728542429692507,0.026292375828397566,0.026292375828397566,0.038925586239557955,0.032985652436702956,0.026292375828397566,0.0331565636998435,0.026292375828397566,0.026292375828397566,0.03999975755174741,0.026292375828397566
438,0.000176231,0.03763122485142548,0.03580725547800905,0.037038814453001126,0.03682072913504353,0.03310075567889007,0.03890739223810155,0.014513772633995892,0.014513772633995892,0.039729158443675076,0.03606452958816895,0.030549379637509852,0.03376014316541331,0.029796920220973383,0.014513772633995892,0.03991455843188194,0.014513772633995892
439,0.000132538,0.03542241987002668,0.03379349458366096,0.034257053961773545,0.034218586057825066,0.030126150982204798,0.03936803534628511,0.039028003220362144,0.027480547457692336,0.03999947885734709,0.03440468667904685,0.027480547457692336,0.0307076994694198,0.027480547457692336,0.027480547457692336,0.03953862047669038,0.027480547457692336
440,0.000181529,0.037773602853779786,0.03580968854543168,0.03721158746529164,0.03724292705556474,0.03328060623150736,0.012771702848407535,0.03945710768916623,0.012771702848407535,0.03968119261371869,0.03602334552942932,0.0235580784156645,0.0346661988230315,0.012771702848407535,0.021843493845641285,0.027127048716208704,0.012771702848407535
441,0.000189793,0.03834820160815351,0.03683841548013177,0.03758516779106759,0.03763854106109707,0.033805311394959875,0.009992767960518983,0.039054546474228236,0.009992767960518983,0.03957125003409985,0.038783714396181744,0.031821524718665034,0.03650943901725101,0.009992767960518983,0.009992767960518983,0.009992767960518983,0.009992767960518983
442,0.00014742,0.036493090920430626,0.034993692020360984,0.03563443583628116,0.035821583511160854,0.03136767390808315,0.03626728415428207,0.03986921328441358,0.035614436095793095,0.03932438245712518,0.031564151965910704,0.023375792855668903,0.03666220218034631,0.039936851513456745,0.0398657419791694,0.031114616502312273,0.03975886156802236
443,0.00015029,0.0367128747528668,0.03487067712028133,0.0359101234981456,0.03597567329933418,0.031594043352989834,0.03990539176912244,0.035733607744390175,0.03999997014889359,0.022543950453429037,0.03272697813450067,0.022543950453429037,0.039557879769554626,0.037491332388171435,0.03796010238132166,0.022543950453429037,0.0372600341440915
444,0.000115919,0.03486232491650293,0.03307609036759274,0.03377811852913226,0.03393380432527564,0.02903099150674532,0.03997547714933463,0.03159448127969407,0.03904144722534995,0.03159448127969407,0.03125244729861776,0.03990702507483366,0.03996085405950579,0.03385226527511441,0.034175997142332756,0.03159448127969407,0.034225758688762146
445,0.000205843,0.03939064896733444,0.038588716538116984,0.03850890045862049,0.038581067804560484,0.03467911401197308,0.036247797561773626,0.03492260298556216,0.03945334053550832,0.03992326033806732,0.03255890175910836,0.0343526752183964,0.027748316781863153,0.03640327463049148,0.03697829294957151,0.004397290195820136,0.03721212457179961
446,9.69e-05,0.0338775360054472,0.032085843444684514,0.032008746198703204,0.03194386636023244,0.02726808713142984,0.038223625747285855,0.0321159547774898,0.03016046185966508,0.02877889044658282,0.029547570276478398,0.035553516644231925,0.039989254452561414,0.02654051917339273,0.02728383257956868,0.0368339986497291,0.02750626723465823
447,9.07e-05,0.03359609285665915,0.032119756804502415,0.03134718746492534,0.03126824591318998,0.026593173016923148,0.0399992322097441,0.02814889637940566,0.029192454120186347,0.025901156802456166,0.028073996213429906,0.0366349192129959,0.038719301246444744,0.025344642464680146,0.02586775038459479,0.0327636359436803,0.02614789187565522
448,0.000104438,0.03446213388204069,0.03346260533095781,0.03277882325994029,0.032663674588011504,0.028021592271130172,0.034092461691110215,0.027445253995297722,0.02976780326940638,0.025934663183608975,0.03045988465037075,0.034092461691110215,0.03496742285718023,0.02659673132995141,0.02666831766820471,0.030764584613262508,0.027225372375229824
449,0.000116252,0.035884311768941635,0.03534407407703147,0.033835329510931475,0.03378239793755144,0.029088194091401266,0.03151753992752229,0.025287899566499225,0.02757280976181678,0.024234058736788206,0.031772449615307535,0.039802106204741644,0.03051378201811777,0.025865693772056046,0.025875728016517524,0.02718464526725934,0.026282343186396634
450,0.000271201,0.03984412112402874,0.03991407917591355,0.03975675245310591,0.03974150613443105,0.03707895563516836,0.028389802538384287,0.03095042656014154,0.03306443759398346,0.03044825456766768,0.036445973423006664,0.03993935288131963,0.03496506101798162,0.03229677210721774,0.03238247316905104,0.03211864680858973,0.03257107107660378
451,0.000127712,0.037421667543647605,0.037578203869875745,0.03478053931255287,0.03446465513265859,0.030008538472083342,0.03999297287673528,0.021958688621603703,0.02361355103274742,0.022229247663393042,0.03218198779604649,0.03135988937411188,0.02490370325522451,0.023770282853280544,0.023873658862272905,0.022831377302642432,0.024041953641883516
452,0.000436658,0.033961059366579185,0.03310708076157795,0.038569197196895354,0.0388201408942262,0.03978662329141839,0.037006800246975655,0.03165753174866634,0.03301588148066906,0.03233669714327672,0.037829295517044656,0.038052418792263565,0.0346080226214719,0.03384746446866456,0.034020991001059056,0.03232863765390376,0.034121469825739124
453,0.000540006,0.026653693472113688,0.023034259144948513,0.03568016442234179,0.036259759350509554,0.03995546062718355,0.03976176126491658,0.03098110855095095,0.03230199615270575,0.03119347368079417,0.039997469933763206,0.03534007575543886,0.03472337694096392,0.03291533303178916,0.03322939866605318,0.031701958143209974,0.03303886302295512
454,0.001742539,-0.08792229139659544,-0.09225006581311487,-0.03760464377117648,-0.032744363739498045,0.010953516185978979,0.036197473999557556,0.03909167153526784,0.039626435467253376,0.03897577305566911,0.03791832165711032,0.03998766222906278,0.03983606819018243,0.03976236868522025,0.03985476503283578,0.03956399073297634,0.039744685136288704
455,0.004091064,-0.2722656200445486,-0.34939255972521044,-0.2347329594576018,-0.2198238344984596,-0.09511083339663096,0.01388764888827021,0.037729015305153726,0.03594774588529831,0.03818212567421703,0.02614114528547974,0.03453758416804588,0.027570241864763048,0.0357175709565616,0.03496243552550511,0.03581008980040046,0.03597328614400816
456,0.00096078,0.008593738587364869,-0.0024414167195821734,0.01687785122833381,0.019338073477771056,0.03453455553193484,0.038720825351953404,0.03325871470113803,0.03448281262174721,0.0322564012801671,0.0399540878823492,0.034522757885271704,0.03730146491199235,0.03429305366400491,0.03468240929188049,0.03452412520754712,0.0339735320032406
457,0.004965956,-0.4058819022659985,-0.46097904741218987,-0.2952569949115261,-0.2768780467689839,-0.139002693882935,0.014577953536169447,0.034696229796695774,0.0317036575809035,0.034554166102052086,0.023904968265216958,0.03251956041063918,0.019621074677174416,0.031765902906972635,0.030444078364122995,0.030224248358284994,0.03333553614144223
458,0.001228146,0.026702621366872334,0.025272115040666343,0.009326241519729883,0.012763334999098208,0.02847577774492513,0.039821105999932986,0.03744950466732912,0.037986067200754994,0.038082711271422875,0.039996713534928015,0.03822483902193942,0.0396667185192439,0.03868059099853197,0.038906869517281346,0.038884301397176496,0.037868620794638236
459,0.000758536,0.039979031378728894,0.03999510615456217,0.036623717582599954,0.037804430084095904,0.038690666810191024,0.03888385560406185,0.03651934672709696,0.036247169146633854,0.03406685069293442,0.03993546925734787,0.03742448946922081,0.03831664632128462,0.03837443075437953,0.037825116120007135,0.038427501208690054,0.036202244378592194
460,0.000418979,0.03786791220322523,0.03701224690390722,0.03791454804060726,0.03802640761433675,0.03876159762583825,0.03672034113158462,0.03508756405977431,0.03374760755727654,0.033367489394454705,0.036634074005527345,0.035637093196898034,0.036347234668406156,0.03846661659595764,0.03659737552780673,0.037724370867735835,0.034043810782685424
461,0.000303893,0.033869568990536586,0.03212239601988352,0.035481704313521795,0.035925334685564816,0.03544205845868424,0.03647421883148935,0.03709418618398594,0.033933479025659595,0.03492474662340763,0.030035304879507667,0.035408135779962005,0.03823627227885213,0.03893968916796242,0.039176788072693786,0.03864014542926707,0.03646604297370907
462,0.000413583,0.034008619021645856,0.03454769792587857,0.034785665343137276,0.03524069497732,0.0383343296743109,0.03930724153370692,0.010028450413688383,0.037157790957036654,0.03874697101290486,0.03875249395186782,0.03988509488857322,0.024046017984285684,0.030712058627825,-0.08316670094487685,0.03668682134297915,-0.024033077429554628
463,0.000241831,0.028748124557225706,0.02824478853582589,0.029729065882668895,0.03058704121536339,0.032084662028833776,0.012009160529207447,0.03999429974325559,0.01874544047890213,0.039996285995925356,0.02773479187801018,0.03652986003494568,-0.008972089062147665,0.037601987592411845,0.039534297739653126,0.032354330297222664,0.03778254444847147
464,0.000347248,0.03317690255018865,0.03290477949489387,0.03354069907509135,0.03460710367079617,0.0363087020980756,0.00035556645100318085,0.032907358372858325,-0.011631596429238777,-0.052925911082638,0.0357273878283144,0.03983471614028193,-0.052925911082638,0.033291704833113125,-0.052925911082638,0.038650927756979564,-0.052925911082638
465,0.000243239,0.030716753559505854,0.030728184143798153,0.031254705459574636,0.0321315641100466,0.03492304335585885,0.0399966137520765,0.034506115407908405,-0.009515617168634777,0.03658795717886189,0.029724603120758794,0.035016550467014115,0.02341182047746046,0.039866412176058484,0.03999074058792906,0.0363191639992093,0.03956015924393084
466,0.001172959,0.03842080706904316,0.03819258083265349,0.038677083225960196,0.03766868103223177,0.03505340857335065,-1.5687207315373541e-06,0.02937081901033295,-0.03339119696045645,0.03769232206917499,0.03974949561809833,0.037427083374826475,0.015150397283593048,0.02996956267661008,0.027971904047327523,0.03578736521650808,0.029335639238925806
467,0.000536188,0.03899632834332304,0.03916040755733097,0.03932566657390715,0.03952480585938167,0.039999124995712045,0.03801511584876328,0.03943216688022726,0.034345215362287296,0.03999594829241111,0.03463269637417279,0.038887440433567844,0.03930290044575011,0.03951382086449705,0.039704282091989,0.03847413229457157,0.03955369054472439
468,0.000283695,0.03426673203379509,0.03472613083259948,0.03503561407999858,0.03541420727862596,0.037089578559968625,0.03817094335097113,0.0331095494487276,0.038884927393317795,0.03684432092667045,0.039982087615622414,0.03426860225375164,0.030836823320312495,0.0338491073107257,0.03470256685785714,0.031818862969725456,0.033764946011018565
469,0.000342711,0.036469334717444714,0.036351037226294736,0.036751913698573294,0.03700750668117439,0.03856499601142151,0.03948286696255299,0.03627940464439784,0.03989363384600089,0.03988727648550012,0.03622177801138639,0.038802936933636206,0.030849543359043587,0.03741470987862937,0.037930383503055186,0.034755790578274236,0.036812581803120956
470,0.000331816,0.036867013179437566,0.036851342688369954,0.03654857641056701,0.036858887386696515,0.03839243695933428,0.0389219304870574,0.039878468337740995,0.039229555203061664,0.018330916919040416,0.039120446581288736,-0.0020438808559549715,0.02979766982166547,0.03914804558429469,0.03809616879977741,0.039176871508576516,0.03985939226259936
471,0.000699129,0.039806086609662575,0.039979584478103875,0.03997785580331545,0.03999997656647843,0.03909474276565762,-0.02600370427327589,-0.010337265724390698,0.011060751484066267,0.03428758832817215,0.03994442839806461,-0.03444403104757196,0.036907785133547595,-0.22659200745113262,-0.22659200745113262,-0.0068125946871266385,0.010515608866141446
472,0.000605355,0.039947911144652855,0.039988018230331004,0.03966453270783646,0.039820150360001,0.039913901387817134,0.01783680667932254,0.01954568387929284,0.032608270199068215,0.038494908852264836,-0.10619344707586187,-0.15657212731244818,0.036566667714787685,-0.17767474371805364,-0.17767474371805364,-0.008058066428919958,0.030050865104314123
