row_id,TRUE,Model 1,Model 2,Model 3,Model 4,Model 5,Model 6,Model 7,Model 8,Model 9,Model 10,Model 11,Model 12,Model 13,Model 14,Model 15,Model 16
1,0.000572624,0.03994619311021882,0.03994619311021882,0.03994619311021882,0.03994619311021882,0.03994619311021882,0.03994619311021882,0.03994619311021882,0.03994619311021882,0.039968883589372596,0.039972625731837526,0.03994619311021882,0.03994619311021882,0.03999502356376004,0.03999812417709752,0.03994619311021882,0.03994619311021882
2,0.00035554,0.038658530768861596,0.038658530768861596,0.038658530768861596,0.03793295500157429,0.038604633505040495,0.038658530768861596,0.038658530768861596,0.038658530768861596,0.038658530768861596,0.038658530768861596,0.038658530768861596,0.038658530768861596,0.038658530768861596,0.038658530768861596,0.038658530768861596,0.038658530768861596
3,0.000260954,0.03890356138826648,0.03803039536980163,0.037339488205147105,0.03719383678151837,0.03644959382920871,0.03889317113554814,0.03868225135951402,0.03917880742393508,0.037298733713584845,0.038271252089443375,0.03917880742393508,0.03899636160553187,0.03801314860738014,0.03775111652365288,0.039134324070878954,0.03857902020640029
4,0.000441293,0.03941085032367108,0.039861189699695314,0.03999999713767859,0.03999782558219989,0.039757890792350314,0.03897874588867799,0.03953376651992505,0.03639006407091869,0.039999978656336074,0.039533747778036664,0.03639006407091869,0.03937519436600455,0.039924637415601955,0.039956839773296074,0.03933374329309741,0.03951454908077491
5,0.000131801,0.034727668683050605,0.03375468496463544,0.030933977035343792,0.030066800012316992,0.0300942961117096,0.036651881729853966,0.036651881729853966,0.036651881729853966,0.033992532642459605,0.03304626069899902,0.036651881729853966,0.03421363123489092,0.03475631074956738,0.034679571976954045,0.034112169426963504,0.036651881729853966
6,0.000280711,0.03988600535707419,0.03968918233948027,0.03903879871412409,0.039555237849618605,0.037428252393172115,0.03855544182388497,0.039690849021910564,0.03155855699295744,0.03977088473594194,0.0386681546301499,0.03155855699295744,0.03935571620396175,0.03999995386053578,0.03981048785948747,0.03982323881855975,0.03992777175886684
7,0.000405018,0.03881895732438742,0.039176027134228734,0.0399998163750895,0.03991429926361712,0.0395686056076973,0.03757717520243462,0.039023320281212644,0.021011806141779887,0.039976414551741016,0.03972262081061646,0.028962769196056337,0.03988072518354084,0.039956679993986,0.03998741631333247,0.039720953328601566,0.03945510017551335
8,0.000245613,0.03988420518311189,0.039847489331886074,0.03756640709169867,0.03724104585657921,0.03620345596776599,0.0399653013330425,0.03988092761847961,0.034667909243410885,0.038699684998452485,0.03892880782394646,0.035079475590666806,0.03948135266581701,0.03901246015171009,0.03889383022386966,0.03930337346026319,0.039787583098992114
9,0.000268281,0.03989922064847434,0.03997851627558553,0.03875780126500083,0.03931715033266203,0.03705808717923208,0.03720846757940392,0.03718026193905878,0.032716754218560365,0.03998864200271962,0.03800491601011719,0.032716754218560365,0.039999861400564087,0.03941559001026902,0.039989667867516766,0.03990201917082142,0.038442632394651274
10,0.000207302,0.03921335873658749,0.039339246679517326,0.03713366264384116,0.037839945464725286,0.034804011939409824,0.039939634561733973,0.039956447293164804,0.03741672731394216,0.0381618207274526,0.03726192678609519,0.03741672731394216,0.039726514142194906,0.038746860188441846,0.038795539636563334,0.03836060886938336,0.03990665734966179
11,0.000205922,0.03903391167711451,0.03937625779412567,0.0373731727494897,0.03805703953706572,0.0348110560128827,0.03831537926246953,0.039011300759882475,0.03750103556642371,0.03780933034340364,0.035904841328652556,0.03968123883081406,0.039896885691642445,0.03820901573483443,0.03764146950321818,0.03947631074521175,0.03917402570301065
12,0.000261718,0.039964546646753155,0.039990583589080565,0.03909703445025966,0.039503688240047574,0.036968124842666594,0.03952215418418511,0.039403722068856575,0.03330382786573795,0.039833031517150855,0.037939569097061206,0.0388789628718182,0.039893303716153516,0.039838365768245884,0.03998043526713116,0.03497584887648235,0.03834361673376566
13,0.000215838,0.039336903715118374,0.039793847550633386,0.03778700273248214,0.03858526328280808,0.03528537626041675,0.03885145633337932,0.03979214248053277,0.03687095168373826,0.03806143263829599,0.03685689579830823,0.039970627044773305,0.03962402464857177,0.03877597158051808,0.03879277484084763,0.03988805943647008,0.039955789774565674
14,0.000703466,0.03142435307204994,0.03170441277260151,0.033188663654601214,0.03016863546453756,0.03858642010748788,0.03335106446594881,0.03916096498534557,0.024988552464798558,0.03999417600899164,0.03953075498932993,0.032203035972424576,0.02591525687173525,0.03986320097419737,0.03972052626484019,0.03889835339207433,0.039333827477648735
15,0.000240718,0.03914071942970046,0.038574074630712385,0.03655054928467583,0.03736144924445556,0.03580681347732563,0.03893459580010471,0.03545232485028353,0.03987460598118366,0.03481484633468553,0.03830082610252543,0.03885856315159327,0.03999616842692457,0.03440358553066071,0.03451983957388353,0.03697817432571676,0.035452569583458104
16,0.000242953,0.0392213089144621,0.03888832227173003,0.03839447003651447,0.0390986063688393,0.03606718797424393,0.039999869586774726,0.03971369649703576,0.03488221068244282,0.03902654712843624,0.03731516484241747,0.039835249842282684,0.039997679616753073,0.03976230019253919,0.03981239242773183,0.03991125601765681,0.038438266797543814
17,0.000229403,0.039284772178058064,0.03894557270421466,0.03795803882245684,0.038420145634715866,0.03565115986142495,0.039801516560397376,0.037776373812893685,0.035922161788787654,0.039520033347852826,0.036665539611795084,0.035922161788787654,0.03994117544367763,0.03991676945917725,0.039994110936115525,0.039055120399006014,0.03592880479041122
18,0.000201581,0.03900947658925257,0.038876600522374974,0.03715256527676587,0.03791523232276112,0.0344972701129615,0.039563054135853204,0.038728366116031476,0.03775886593731104,0.037671632890229116,0.03840329766294463,0.03775886593731104,0.03951712799755684,0.03762402932143474,0.03791106827880711,0.038842704865747146,0.03912384907815511
19,0.000249015,0.03989409546138893,0.03989955127273421,0.03877609313813811,0.039476298794656806,0.03656303715076244,0.039993110638473515,0.039813335141728655,0.034389169057138236,0.03869237880695113,0.038158625534435456,0.034389169057138236,0.03999951679157471,0.03936465963564349,0.03921621098658647,0.03999153970475767,0.03995170421650067
20,0.000173731,0.03738610288162786,0.038101107638766146,0.03630848364913233,0.036845939402453266,0.03326564356578187,0.039928528753994816,0.039739405842292554,0.03912266843803411,0.03927355069541072,0.03686590684164789,0.03912266843803411,0.03875107002100028,0.03852751423454728,0.039126337458518574,0.03912266843803411,0.039967935827553154
21,0.000204285,0.03893026745128718,0.039519322341198995,0.038074631043948606,0.038653890992897205,0.034867896548120614,0.039784713281582555,0.039878956316985424,0.037599587940646086,0.03823760863874022,0.037657065621511145,0.037599587940646086,0.03980061448745117,0.03913292461602169,0.039055292034486586,0.03999912740191405,0.03999539119595358
22,0.00022122,0.03950821133855192,0.03973176083193279,0.03858888402288767,0.039398632756980315,0.03559123642246932,0.0399499466993249,0.039177698178746084,0.036506102224952805,0.038078596769601195,0.038055606992847546,0.03871918808124774,0.03994186081094025,0.0385855902529567,0.03792172991220237,0.03978097835841528,0.039380510720879544
23,0.00020689,0.03941954698208956,0.03972792420487591,0.038211808957052,0.03847084249194888,0.034964983948562185,0.039798773850318894,0.03974707947226522,0.03744201449705263,0.039148937729428276,0.0372924612346239,0.03744201449705263,0.03989177574401567,0.039201976227984756,0.03892836400038558,0.03994638145045628,0.03999997340238354
24,0.000173026,0.03858606401766666,0.03918129360578275,0.037138869094194685,0.03772067475989533,0.03329847140946657,0.03983532357615651,0.039678620344815764,0.03915007860405193,0.038263189321956534,0.034943743889963054,0.03915007860405193,0.03980646949332552,0.038843454438976535,0.03874577711937155,0.039323252403451026,0.039999162119921966
25,0.000205759,0.03963081437047802,0.03994706935618747,0.03865036995347059,0.03890906376322051,0.034961819868977846,0.0399999130705112,0.03914949821586754,0.03751091979537438,0.03781618305632874,0.03752925350857313,0.03930628878630448,0.03993457454654757,0.03830924820898357,0.03832186639540385,0.03970482552110312,0.03960832453312205
26,0.000304771,0.03928484450775184,0.037929495367877056,0.039987225646311665,0.039999375637726736,0.03814177692182822,0.03963031849065635,0.03985149585228312,0.02915720545768953,0.03916402934066405,0.03885800896987093,0.038441745342242005,0.03886599159413922,0.03947714254286654,0.03951353796106164,0.039876696800064254,0.0399905950876561
27,0.000334674,0.03986992858099506,0.0398213208656806,0.03999865729828344,0.039856088637040474,0.038665096805574395,0.03737499129315666,0.039988285998861256,0.02591038548331262,0.039705901983681964,0.03954374888319959,0.034283016339291844,0.036975269186708654,0.039909223710841116,0.039926201489780384,0.039967279135664134,0.039796304137574186
28,0.000171176,0.037211375856203606,0.037772584129614976,0.0363154750008155,0.03525702959782013,0.0329989801622586,0.03998914942040454,0.03812119915046125,0.039220190964569066,0.03655562366482516,0.03590358410634291,0.03936015397216649,0.03987563035895369,0.03721167099884329,0.036964540489946796,0.03709808994209432,0.038754400464799534
29,0.0002037,0.038780029500677535,0.03926239608932956,0.03850638619225842,0.03838622369561688,0.03475972242298507,0.039934944413451516,0.03919783387208806,0.037634419930350715,0.038219462756704084,0.0361915499896745,0.0390442055623938,0.039978895878018034,0.03866317464220034,0.038318987408435756,0.0389814433862973,0.039675677443321615
30,0.000251832,0.03989813541055964,0.03999852554471722,0.03952506990298557,0.039418058639846834,0.03663581116899359,0.03999077879307201,0.039940597341137314,0.03415447224886094,0.03945367193683621,0.03877300346355769,0.03739284584124118,0.039469720453516356,0.039651482624716405,0.039560472152057456,0.03999963818004793,0.039918762404343104
31,0.00023018,0.039854755008967895,0.03999960492736668,0.038921794948151095,0.03842157108055212,0.03585786016545384,0.03995207573209967,0.03995388931756384,0.03586494079409695,0.03939826274755864,0.03826122677063798,0.036927972467819675,0.03995882219012647,0.03965515378126579,0.03953126677234303,0.03997606986753075,0.03987796744139791
32,0.00022652,0.03980667846504685,0.039998219014552,0.03896862183525911,0.03839478219972389,0.035756163194589116,0.03991405343725262,0.03977142705475334,0.036131818477322344,0.03878784134000372,0.0378549776872093,0.038086733373640366,0.0399987904092864,0.039279844281951165,0.039086531880429126,0.03998658215228426,0.03996693718380047
33,0.000224171,0.03978529689859914,0.039920634930500534,0.03897897157628971,0.03869278818966418,0.035651944328476334,0.039762628535820105,0.039061218609450554,0.03629950532569155,0.03797751444814932,0.03783914882558502,0.03948846917803154,0.039996856987631765,0.03821251830069887,0.03830055246009183,0.03999528892942043,0.03951014219703554
34,0.000267203,0.03991747143934098,0.03960095714882819,0.0397125206983791,0.03968806186376056,0.037119263994445074,0.039473137613590656,0.03993044656281987,0.03281437252288835,0.03938988928125246,0.038983306341619686,0.03570326466045215,0.038510894934734724,0.03960655429272514,0.039567182829418186,0.03990032897082815,0.039970532388510734
35,0.000264708,0.039830664443643804,0.03956698885911233,0.03955620567217678,0.039229225029078954,0.03701487932183409,0.03528493241621518,0.039864444377503507,0.033038524733174965,0.03989807000449709,0.03875687526284559,0.033038524733174965,0.03712717019931905,0.03999446038465781,0.03996933708405799,0.03993718754660317,0.03910002489322804
36,0.000252513,0.03998413548078805,0.03999859949234576,0.03935274827741575,0.039121911732932266,0.03661488750494017,0.03704547507872323,0.03995842988651206,0.0340972136813652,0.039802564626890836,0.038351777204588836,0.0340972136813652,0.03766778219327383,0.039953677709809204,0.039906553220401146,0.03986294434100585,0.03953882436668832
37,0.000188347,0.038932906604582686,0.038165715595537844,0.037819210431574296,0.03737807902719046,0.03398859763076472,0.03989754514520331,0.03907633207555446,0.038472463176142925,0.03807780012299592,0.036871717759438975,0.03971248817246987,0.03991044759678498,0.038398438191589127,0.03827897264141934,0.0399949545957546,0.03964460630330956
38,0.000253201,0.03999998139646241,0.039926514934505185,0.0396954526017199,0.03972029432847005,0.03668935852169049,0.039717372030713426,0.03999732193445168,0.03403916209601014,0.039663470650773615,0.0383455590741881,0.03677126614953542,0.03845985336727262,0.03979052683114789,0.039815176221803125,0.03906262724845312,0.03972111229977754
39,0.000222491,0.03988018321089242,0.03974696640529826,0.03890421426091721,0.03883661375481917,0.03555935137006559,0.03995125268269249,0.03981840182714861,0.03641768056941931,0.03917965948504693,0.03768332956208842,0.03650191167840294,0.03933905823475133,0.03943481378962293,0.03939358028480762,0.03996521970579564,0.03995881817534733
40,0.000196573,0.039689714774961575,0.03945818720295431,0.038318851703144106,0.03827039893392241,0.03445282352717287,0.03961104020527456,0.03872854406606023,0.03804203687270836,0.037988801744895814,0.036609387629554645,0.03938698487552862,0.03984474049296169,0.03840369413383478,0.03813996035117376,0.039814310208359155,0.03959867481505617
41,0.000298344,0.03919015644339728,0.03969424717078789,0.039997716467099716,0.039987937752660734,0.037974966027296136,0.039948919452845344,0.03995776750225116,0.02981819596413751,0.03969608147344925,0.03884936715210316,0.036525887698876075,0.0366342889957743,0.039872173703605095,0.03979132440530886,0.03971105985042764,0.03990372489012077
42,0.000267833,0.039793874581702034,0.03999276720535937,0.03962803246559878,0.03961811820333281,0.037088145082727154,0.039954159561858694,0.03965416277149409,0.03275737897076085,0.039025950777450163,0.03882860056174768,0.03767280978053697,0.038805543308216596,0.03925991002703056,0.03926269921643302,0.03993515406028304,0.03997670966711581
43,0.000362543,0.03676850633902087,0.03820955002280703,0.03987800265823898,0.039995115053256945,0.039090532323252075,0.03981312215557889,0.03999210278995692,0.022654117466167467,0.03947002232779779,0.03983082506895583,0.033188928052293495,0.03656453573723173,0.0398325924569443,0.03978192192320793,0.039999997747592456,0.039985857178406185
44,0.000206019,0.0399686468190343,0.03983753063103779,0.037764149320358015,0.037747144121633554,0.03470746547191436,0.03760413819213419,0.037714532351240324,0.03749514610525902,0.03714439130513458,0.03718360012485793,0.039877195799384424,0.0399176393212626,0.03716576938883662,0.03668968841075597,0.039275350355339245,0.038256065850706414
45,0.000171049,0.03963248659894098,0.03928122498426846,0.037169583076479135,0.03730605809715251,0.03302400525481883,0.036704418443170794,0.03927090536329893,0.03922490691827726,0.039072002978185576,0.03603663908223677,0.03922490691827726,0.039395870423066734,0.03902094257519674,0.03830823969346876,0.03996727957449363,0.03998509049546524
46,0.000181302,0.039755713991675906,0.039641160424737414,0.03783074237041721,0.038235760651127534,0.033692875271184926,0.038956193475638765,0.03994035415143585,0.0388049347941695,0.038191572515189884,0.037233463394485244,0.0388049347941695,0.039825383616890975,0.0394161417177261,0.039078172336625694,0.0387983679284174,0.03986921611673746
47,0.00013355,0.03858668637618362,0.038624650165692935,0.03537183185787918,0.03563766956348917,0.03072903866138056,0.03813753209330602,0.037539398319169553,0.03999825065729747,0.03570569876704936,0.0344911108436729,0.03999825065729747,0.03871596677278328,0.03631419267880889,0.035901233786801205,0.03552521606148197,0.03826893734948106
48,0.000153348,0.038975429341759016,0.03933527441085072,0.03701531392476885,0.03798049200330948,0.03221743374766142,0.03888191861554539,0.03897696294691147,0.03975258026411732,0.037887083382537115,0.03556820940618227,0.03975258026411732,0.03937010747383721,0.03824525088546275,0.03760210181941538,0.03869850145996016,0.03960225157872809
49,7.69e-05,0.03197215655982225,0.03367726680937777,0.030763990785124443,0.031235097053151036,0.02542078674659347,0.033665065210982184,0.036256749111767156,0.03776918535737968,0.036175909758416246,0.029651247393410504,0.03776918535737968,0.03328154327169646,0.03497226819350459,0.03432389984425897,0.03776918535737968,0.03776918535737968
50,0.000426104,0.03530817556763827,0.02996786121922966,0.03678242049040478,0.03385581857740165,0.03983711363381887,0.03148279936294528,0.038217706319217094,-0.020753776155081505,0.039972746512316235,0.03998852929487785,0.024606558083621805,0.034929772158708086,0.03975781888256684,0.03944052976589646,0.038348500612943336,0.03774110349559131
51,0.000187168,0.03958869290745189,0.03999336385686999,0.037116049805426876,0.03799569856568194,0.033936344624282216,0.039888949082105114,0.03568356132418948,0.039083865126131906,0.03416776336516052,0.036693492821830556,0.039938424510166784,0.03990803375639044,0.03447478696910645,0.03455086965764405,0.03725997923430936,0.03554057567098848
52,0.000168321,0.03934911628292494,0.039998260717714645,0.037575521442692855,0.03786793760570256,0.032986952159173265,0.039710571466640934,0.03862937226836423,0.030804364512807714,0.03877445310671013,0.036244757187743504,0.03999256884721809,0.039928986193780346,0.03829011674988213,0.037352661256645756,0.03999999465423558,0.039325933581104554
53,0.000157722,0.03905659556091134,0.03974206224403107,0.037205548575480384,0.03758985782711664,0.03240188355022121,0.039981643665606546,0.0399404536908313,0.03253048661670145,0.038330705117894444,0.0350406686232501,0.03253048661670145,0.03997070599056053,0.03967147398077209,0.03949161801381169,0.039532951786805715,0.03835561891376201
54,0.00015315,0.039135685930129754,0.03985017466032916,0.03707592853201816,0.03746145373701068,0.032104081083148224,0.039975915268370445,0.0399999010060337,0.0332358594734095,0.0393221320336625,0.03645693285212973,0.0332358594734095,0.03996966341748476,0.03956289774208948,0.039719066609639156,0.03995061975006505,0.03916958493387861
55,0.000117331,0.037836987171970066,0.039270090033998215,0.0347799336189493,0.034855161192173204,0.029542320320645438,0.03755049700602993,0.03939125843298592,0.037786920869114386,0.036458335655278194,0.034009311772623556,0.037786920869114386,0.03917127579853602,0.03850277711046815,0.037998955427650555,0.03944134967079833,0.03989335761550056
56,0.000144438,0.03891079373033304,0.039926012903595764,0.03718620303357223,0.03739669103594184,0.03168253449064595,0.038410045466279734,0.03967643120568533,0.03450932811848785,0.03730914592869328,0.03567133792023606,0.03450932811848785,0.03975198919851547,0.038175227239713005,0.03876777852138879,0.03991501512338701,0.03996316513322321
57,9.32e-05,0.03613687302013291,0.03853016017297076,0.03320400849281553,0.03326116110779839,0.027318101389297234,0.036045318218646934,0.03919379506940647,0.039592830731255725,0.03708562737719824,0.03244249093255537,0.039592830731255725,0.037798720230858854,0.037478222328502286,0.03765449765568897,0.039958588363344455,0.03997131029555694
58,0.000162786,0.0391755469370494,0.03995127159759427,0.03844852106987558,0.038716913172364975,0.032903716031755265,0.03980162400009616,0.03993667455670478,0.031721150682238214,0.038728322164284734,0.03724901672470075,0.031958795682963836,0.039877798820896905,0.039733645471573424,0.03969505663853444,0.03999063621650664,0.03952156950678923
59,0.000170598,0.039622931493812984,0.03944856232769345,0.03840601000240218,0.038307617173338616,0.03332322373396846,0.03961271373729962,0.03924565831562647,0.030417834061644985,0.0372766498404843,0.0361090796630202,0.03764788093881832,0.03938295816234802,0.038289963160209314,0.0379530663863734,0.03897077653760342,0.03927312175579045
60,0.000197664,0.03999985874419022,0.037400941478644506,0.03919888745600896,0.03897435036190503,0.034697287081827864,0.03988317826005914,0.03957025331718961,0.025443689500447272,0.03825029353320386,0.03793719250493578,0.03728757864224683,0.03873566095322939,0.038724735513112465,0.0385412799380733,0.039464825824178665,0.03966701954974883
61,0.000292018,0.037621088918688435,0.026801581911253952,0.039965872369695406,0.03999393658837141,0.03790359749914602,0.0394927234258588,0.03950440495996277,0.003999871167137264,0.03996763030609595,0.03924624771481837,0.031221646266139574,0.036220189016125226,0.03999675772727916,0.039993984693468244,0.039474627732900815,0.039337223375343726
62,0.000268478,0.039245883652740995,0.03608762191886729,0.0398634896846563,0.039552412778800006,0.037159142941815236,0.03999199370695502,0.03999638133556032,0.009828883977085534,0.03935886117490691,0.03838844384094961,0.03752399282905331,0.038915544044789,0.03961505845661098,0.039574854662394084,0.03967784501602636,0.039999996539702064
63,0.000238237,0.03958913402887866,0.03629314772928434,0.03946588534561334,0.0389370177251967,0.036137144494279835,0.0396777758289702,0.039404680245152424,0.02848399932919303,0.03814532689600393,0.03832777202628371,0.03948587048823976,0.039757550870996625,0.03861920679460229,0.0385978475376518,0.03999523410872905,0.03943751468943621
64,0.000398697,0.03151656154609256,0.016891600214679864,0.03904197475127697,0.03970486839872031,0.03952933652147429,0.036139863955855014,0.03903833583860211,-0.0023927892833337516,0.03998107393365869,0.03984385635006666,0.026307787712773853,0.033533517939993235,0.03987922482701223,0.039743338084341676,0.037869549828249215,0.038783577402889485
65,0.00017915,0.03974154982976926,0.039988793356283345,0.03688410944892665,0.03919262083348639,0.03333944551621358,0.03999816453305069,0.03840902503362657,0.03271322511437981,0.03656722462594071,0.036776497436106864,0.038674523065767186,0.03991188834191729,0.03698331530095675,0.03731759396122801,0.03807975006435455,0.038665606435154154
66,0.000188249,0.03994727696943763,0.03975178159617783,0.038459107893295194,0.0383774182421776,0.03397571746976403,0.039997811627393166,0.03951115006930082,0.030966445182507046,0.03895641037961015,0.037685900113936605,0.039129882729927755,0.039824074616551276,0.03909195162106837,0.03842426040906155,0.039651939794344976,0.03965796476962144
67,0.000240666,0.039918383606458295,0.03837136700219287,0.03968604787995495,0.03954844445931035,0.03626475209629213,0.03986464579338838,0.03982922740345407,0.025138848189017307,0.03985153994610453,0.038869249796746067,0.036967488083825745,0.039988810549171486,0.03996833263665911,0.03983691619672378,0.03998795513258901,0.03959659463998818
68,0.000238105,0.03997507787633341,0.03953804896110838,0.03949920476425443,0.03936558665933342,0.036145660983329886,0.03995181395346232,0.03999994288957947,0.022873594344371112,0.03940581420468936,0.03949844089425632,0.036379518629191074,0.0397559705468403,0.039615026081357606,0.03946021199249509,0.039604910488461174,0.039990384872930114
69,0.000274413,0.03960773953627672,0.03927772999600901,0.039910226405711326,0.039839318891707165,0.03734104458597584,0.039937813725573895,0.03985814712056471,0.026592099041139225,0.0385591601782571,0.03890087846527261,0.035722592547555054,0.03993112511708898,0.03929462338074819,0.03889631727456243,0.03878074079674335,0.039705771646745276
70,0.000306776,0.03954757070183883,0.03974974219112419,0.039999342889227095,0.039705530931849184,0.03810257598234089,0.03999759046810118,0.03936815444287112,0.03550851515541899,0.03830865305282273,0.039801175539404626,0.038710860497046556,0.039999827262139735,0.03852576562484418,0.03860584685353512,0.039154185463487215,0.03925810795614556
71,0.000358684,0.037896060873387524,0.03810402699264546,0.0398883437956542,0.03990907725146161,0.0390066115773855,0.03998474362780408,0.039692910331257616,0.038384329403832095,0.039205438274644136,0.0386607645502504,0.03983057871293793,0.03975118943192496,0.039247161024834415,0.039394774290874575,0.03999919547521946,0.039770221569126636
72,0.000611488,0.03979296326178777,0.03979158670092093,0.03566835405985529,0.03817244377390509,0.039641282425537654,0.036405936216726456,0.03870320353009861,0.034303185823346016,0.039409651550557534,0.0398866546254257,0.03845113670069811,0.03491975645119334,0.03931499288642249,0.039326539177284965,0.03532891171490361,0.03855213587427487
73,0.000491348,0.0399407392906846,0.039696791976386224,0.0397184860289267,0.03980175382085477,0.039949847392572756,0.03962312100443657,0.03979990893534868,0.039721286400408076,0.039066578862424026,0.03992775119000396,0.039910519739915426,0.039118518144139844,0.03939905655809017,0.03946120964252244,0.03999765470244209,0.0396915609683802
74,0.001083124,0.029973513715463723,0.03170887457465556,0.02390498767653211,0.03170348360747685,0.032673716973780825,0.0278286804008257,0.03912831823757639,0.032912075162633586,0.03997771037836557,0.03844490008987839,0.03492990417062884,0.024646663580177336,0.039778872943637605,0.039575716046274266,0.03910263134662026,0.03949408618114926
75,0.000282867,0.03601747061291852,0.03694826891014419,0.036334426440141065,0.03760393715942005,0.03652695685028344,0.03874562985835033,0.034915106562330794,0.038650410967697835,0.03458814163015867,0.03794393400071067,0.0378804298854869,0.03886708537736136,0.03382949479543075,0.0339196408197938,0.035257260382060604,0.03445680561105642
76,0.00037463,0.038800431741119495,0.039283515386688055,0.03994282780309997,0.03974310670851663,0.03884386477327939,0.039942703956979214,0.03368562938093862,0.021240102460234472,0.016469031877969692,0.03899669365913346,0.03961016914503014,0.03984474226960412,0.03107677114619231,0.038969261510511215,0.03844823821244659,0.03005709294199657
77,0.000353604,0.03836005985126243,0.03815505701872654,0.039652946824040455,0.039371502921367055,0.038613135805070836,0.039886422845226976,0.019124044397390433,-0.012381360497236621,0.039431274788906595,0.03893224556492372,0.02989072601990482,0.039752822562354705,0.03213431913174046,0.03569828501523106,0.03999908242368455,0.017045806501959415
78,0.000317143,0.03824588993229007,0.038178181696301404,0.039295239353398084,0.03905325200905577,0.03795320510632823,0.0399953539201831,0.03993321187026623,0.033029839751336734,0.03942151097477699,0.039976271339469585,0.024920114131437215,0.03954440130838126,0.03938625701549754,0.039959720955377746,0.039916171225044636,0.03993380642673269
79,0.00041041,0.03782351422685111,0.039189539369527085,0.03999995437941154,0.03999998067056422,0.03955302255804769,0.03872525747077742,0.039979477858853085,0.03538314966788615,0.03953093653584821,0.039958819220662974,0.004162028891284586,0.03993156191336284,0.03990755008988843,0.03997073603452882,0.03993933944634251,0.03998455561888228
80,0.000311928,0.03637811522635937,0.03769187326897484,0.039271085613372614,0.03899279867622871,0.037991609403066874,0.0399919316907708,0.039985713378493444,0.03824518817594561,0.03999163005874104,0.0398483305720294,0.030319252124275872,0.03944702151176325,0.039531756536291,0.039614746100100046,0.038056011351971064,0.0399569669267529
81,0.000418777,0.03909791538745007,0.03980119157844372,0.0399752539423495,0.03998602050373304,0.03961893022919642,0.03967051378737931,0.03912888026059404,0.033902273604663094,0.03997145688525324,0.03995393815663187,0.03458722152250353,0.03992806645048167,0.039839155521667106,0.039984541061192425,0.039352298391295074,0.03957481318405852
82,0.000315332,0.037966488816494615,0.03916918165812559,0.03918774366374961,0.03850293197589114,0.03806041308244198,0.0397300642175141,0.03989009850475531,0.03283402714235038,0.03873388909281789,0.03944839998087206,0.03973513357304508,0.039888867996065655,0.03945991471032484,0.038265247350934256,0.0389404205634125,0.039351605823597834
83,0.000353642,0.038842614637281656,0.03976867746964437,0.03981720175529402,0.03956807002076831,0.03881776551527827,0.039995681573941906,0.03806143379555895,-0.012391908990266987,0.03943727965625216,0.03880259806289786,0.03934152781142611,0.03992279055996106,0.03936394718207217,0.03991446612882573,0.039463967319576077,0.03863699992564491
84,0.000395317,0.03968487331317809,0.03998797731564132,0.03997053952986166,0.03983839309089033,0.039385999188227105,0.0396642120070622,0.0357716587941775,0.013628329295808872,0.0395081632291474,0.038968524187626266,0.039139625845141836,0.039495116288892185,0.038692516385670915,0.03752818795925441,0.035079731300927494,0.035326706551955384
85,0.000381964,0.03950012363611398,0.03956937384537154,0.03987279339144674,0.03952141424772104,0.03919710301394359,0.03990050474718495,0.039999468489618224,0.03809607948756984,0.03935554112742852,0.039733058255785915,0.03996981917481053,0.0397551144399917,0.039709609247400544,0.039961611138469535,0.03941109921450864,0.03995869049888725
86,0.00068198,0.0390543524602161,0.039626646059938465,0.03734049345463071,0.038456338866428304,0.039129341369554295,0.03282823806840643,0.03935203607169791,0.03505031649471016,0.03999785917840601,0.03997867362065401,0.03576353490504153,0.03273418491624473,0.03989757312316977,0.03978907801537632,0.038878382804138904,0.039791189774277785
87,0.000350787,0.03924339105823099,0.038828514829212915,0.038811667891501145,0.03840649856170385,0.038534131230175794,0.039643135102697215,0.03913314446536219,0.039999112586595,0.03843774819305316,0.03908430991439439,0.039982785580207784,0.03999746511814179,0.03839509124007979,0.03819488522229661,0.03901415788128453,0.03861789971668572
88,0.000514693,0.039896865269644345,0.03995432908355061,0.03975421663148106,0.03983059171981073,0.03999384476374918,0.03496345546489696,0.03763611486429185,0.034976744845641006,0.03932140011553931,0.03999681998573045,0.03843196967418936,0.03873429624379337,0.038618380118867576,0.03973097139108031,0.03984291657049668,0.03870072175696556
89,0.00051649,0.039794949623756085,0.03999980538307628,0.0399732272291277,0.03999665590928723,0.03999045095497335,0.036353378319806146,0.03883588358304675,0.03424347734016636,0.039988304347207806,0.03988945953874441,0.03776517042954745,0.038869252250815195,0.03978414569640017,0.03989050329761302,0.039971737164490546,0.039582524867902945
90,0.000361912,0.039321551574047195,0.03800407575062961,0.03910457135971658,0.03892910177168227,0.03871851067188688,0.03981142111903798,0.03987348197555395,0.038478803628918576,0.0392725936634614,0.03973145325605302,0.03960418113812483,0.03998832919102081,0.03939619534994572,0.039537283805379735,0.03937665041123635,0.039624879173918104
91,0.000375214,0.039652215654237634,0.038204648719126336,0.03956492015785421,0.03963636010511286,0.03904186437812441,0.039795880111307545,0.03952955367030217,0.034648215352853326,0.039997654577504226,0.039249326027962675,0.038579041754975674,0.03999623182904866,0.0399103159625933,0.03999626147106706,0.03984856868435493,0.03989363618606277
92,0.000368143,0.039841701893710946,0.03863912916967085,0.03953254451397722,0.039568088118772785,0.03895265305822763,0.039999966985641414,0.0397821567563748,0.03627162504703624,0.03988623391036479,0.039689672326451625,0.03945893601057088,0.03989894818617983,0.03996467501066704,0.039994032066439145,0.03940064309766382,0.039942958799021884
93,0.000488166,0.039742795449587365,0.03995516269503473,0.03997105649786843,0.039991992682148036,0.0399596300718937,0.039619580178157886,0.03967501007686073,0.03325119058308314,0.03979926305753818,0.03999967053726205,0.03829822181386996,0.039602405905633305,0.03999743927351427,0.039991290448339975,0.039745346604747676,0.039969590549372644
94,0.000309623,0.03915987087218564,0.037244893078254654,0.038298485583301276,0.03783576088080655,0.037851063159909826,0.039625658557388775,0.03984389746282321,0.037846963111334585,0.03931260755027642,0.03875987412149775,0.03999808723672764,0.03952674934065194,0.03947108316396133,0.038915094055901496,0.03998480403580075,0.03938542060764608
95,0.000310063,0.03955528336737296,0.03824780647710532,0.0389819137739425,0.03893026101850549,0.03794788382646999,0.0399891059731121,0.039680598194773854,0.03606932761774721,0.039789421370299775,0.039224977789271365,0.03990239318719168,0.03956906959653805,0.03998082691461854,0.03996694107400491,0.03994351263919087,0.03995283238175058
96,0.000492353,0.039868240175401325,0.03879822799416095,0.03982892194468904,0.03988343434190502,0.03998023846821237,0.03626791830377342,0.03862524926729927,0.0314998543522718,0.039984832362526306,0.039937621656178285,0.036147199754785364,0.03916959661894124,0.03983195146389708,0.03966111777028879,0.03968493029439816,0.03951333401724285
97,0.000332375,0.038012637025578756,0.035343939241499006,0.03902634133586408,0.03855362990553202,0.038342682358755625,0.03960030294614785,0.03974178923596771,0.03911974530661926,0.03866065955238336,0.03947553350067635,0.03986075583012215,0.03995344136987641,0.039025043058218106,0.039125705034960295,0.03927944088005707,0.039256799609814215
98,0.000272545,0.03727344509304402,0.034842325872112306,0.038327463780361865,0.03801796271882511,0.03699573847387537,0.03996429857167233,0.0399619493647109,0.03759416327622126,0.03961053782739872,0.03857873002161591,0.03993469054994316,0.039403714547493765,0.03990121693206123,0.03944616407557314,0.03921909900430639,0.03986944286924432
99,0.000231326,0.03601521264364475,0.03390899077374243,0.037552981925385684,0.03840829948357173,0.03569300257186098,0.039796653682255434,0.0382517858785084,0.03007860418246612,0.039925785251771415,0.03686280206576724,0.0397391670026633,0.03829116543561062,0.03998628725812043,0.03991005617491103,0.03916667984553489,0.03973591138085635
100,0.000269035,0.03775471533914103,0.03614437258755543,0.03879150936061512,0.039261973613541494,0.0370312404690821,0.039611776913868246,0.03786686963949645,0.01352594347128655,0.03999988365870779,0.03917977253441673,0.03866408401288982,0.03918032154066421,0.03985601920631604,0.03998864143074344,0.03995865704282246,0.03929612691164125
101,0.000263754,0.038204866088372307,0.03666544412513659,0.03858290977290532,0.03913384276961909,0.03692957310872126,0.038676883801403696,0.03990226177939261,0.020156125575110526,0.03924402749188255,0.03856690833060343,0.03874570712861178,0.03933914369554716,0.03985738280702384,0.039627815445699495,0.0397750798897478,0.03996294237453674
102,0.000458318,0.03991555089182488,0.039689281289675596,0.03970621288937759,0.039333544052939345,0.03991617384755471,0.03991341116972648,0.03796526879998213,0.0058143045110589375,0.039934068612134124,0.039920482386768735,0.02940626564008697,0.038761863565225776,0.03966547787931615,0.03953448707463586,0.03854664305848414,0.039010267072797276
103,0.000303349,0.03692748444723849,0.03436941696203359,0.0388587629699976,0.038403885625662326,0.03784553319376394,0.038876392887443635,0.039997652240483655,0.036520841359522105,0.03978687697951563,0.03806886253745207,0.039877198469756285,0.039982309374010504,0.039708383268446466,0.039741622844754985,0.03827219028028768,0.03993685486516088
104,0.000266679,0.03466888684047257,0.03327890304550358,0.0386047923084786,0.03892914192251068,0.036895820556295415,0.03760450958714521,0.03932103930225979,0.039988362098934756,0.03810384282175472,0.03736267675926201,0.03886982910607863,0.03962018908525874,0.03861047058353083,0.03838215460281707,0.039976626639749595,0.03893346211783238
105,0.000227385,0.03374926439951749,0.032591601994840944,0.037668716800721154,0.038494954680699744,0.03559277935096404,0.036309856564567436,0.03726857793172851,0.03940502573924492,0.03564337503237351,0.036385577647526396,0.03708317895527052,0.038467922108643963,0.03629240501326238,0.03558092681180046,0.038121042059922686,0.036451786943226455
106,0.000905036,0.037134133795958466,0.03820186723661015,0.028410621494099356,0.026596323110985448,0.03546309948236194,0.031457660670524634,0.03368389126273816,0.017278301207038854,0.03813253008714183,0.03881044169710808,0.028866975573453538,0.028259112896094354,0.03671427268752141,0.03715043533146582,0.03703635000338276,0.035338085521221835
107,0.0002791,0.037110425590149876,0.03601347275741751,0.036475142554707504,0.03623763904187473,0.03682812011935965,0.03923201424703644,0.03751053216891778,0.03996416027461853,0.03483809577878982,0.038472499750026756,0.03989696474091324,0.03933389201505792,0.03592546858307792,0.035950646090832504,0.03472256876706378,0.03648801333168154
108,0.000207963,0.0353914682797037,0.03419133852945154,0.03654946784437593,0.03735350088238033,0.03450767801363334,0.03778904986621713,0.037926563046543564,0.039981262581127476,0.03697766055661495,0.03833886522276741,0.03946022525835044,0.037387019158454673,0.037252192262432746,0.036356817311653494,0.03564979374523304,0.03668477424614293
109,0.00040265,0.03988499694185996,0.039253509386530605,0.03998703851030498,0.03957946131250773,0.03946677711995777,0.039765218667189656,0.0139709756484995,0.012505310546217258,0.030277783721358476,0.039518157664371306,0.033808992046979125,0.0399613458677226,0.02956243109377034,0.03248981114766261,0.037187914923566046,0.020869774560329443
110,0.000277564,0.038677307676102474,0.037347812070616083,0.0383457863087443,0.03857802548703358,0.03704828521578305,0.03953627331145103,0.03661240195664536,0.036374367473809274,0.03987235393419509,0.03978948065248413,0.03974002532161176,0.03910530147797597,0.039786847878732184,0.03906645859856218,0.03985604147934882,0.036807424446549775
111,0.000331233,0.039633924503274624,0.038940640096183254,0.03962298432697246,0.03991458153949049,0.038510835101166874,0.03974265464613667,0.039133974682249134,0.039964354561527894,0.03702863723920927,0.038716777563692406,0.039881218043402,0.03960070081227528,0.038573572099746045,0.038456845925186695,0.03891984746782834,0.038218474839380345
112,0.001053117,0.02303500327607108,0.02786539770529034,0.024115335794194476,0.024220001212941447,0.03236204399857007,0.029185326381173812,0.038441449544900384,0.03244537786758206,0.03965681710215623,0.038746941886513814,0.032865444074418756,0.029971629640236558,0.039605237598498835,0.03904183420215262,0.03704658414176423,0.03914940880404214
113,0.000560713,0.03913553970671743,0.03996777364839767,0.03996376059801136,0.0393489086292096,0.0399989342567637,0.03974519155090199,0.03937784668894724,0.03993536693169803,0.038689209592688005,0.039985066128772145,0.03997814118175927,0.039543930465483365,0.038666213965670576,0.0387787686027978,0.039796172749728506,0.039043119832906883
114,0.000679077,0.03707863431245782,0.03959365177506016,0.038921303686522114,0.039834257800898755,0.03949426248940504,0.03798859691302628,0.039142307854980844,0.03638823155467258,0.03947375477388675,0.03997051296276434,0.03954719004729117,0.037986317714281924,0.03914246380140627,0.039928901401567726,0.03864468380108967,0.039712821945006874
115,0.000498868,0.03948546211725129,0.03987180272673032,0.03993269013623919,0.03918372957260092,0.03988645747741662,0.03965546541425959,0.03897703710868957,0.03661274866054304,0.039992999387995984,0.03935620547793087,0.03979769970184864,0.039847054264216974,0.039781305238917,0.03993447287552296,0.03995144191863314,0.03969366021085237
116,0.000356021,0.03991471728742315,0.03821826330625206,0.038923361468062675,0.0380866500992312,0.038431332703107515,0.03989858025011079,0.039997765626157214,0.03787395285219641,0.03953627435072778,0.03936380398830315,0.03998675422732329,0.039674460480067536,0.03965495082094587,0.0398319531029784,0.03951777385149114,0.03991712900339841
117,0.00030664,0.03820151944849147,0.03497059910603607,0.0383988511877217,0.03775972015786507,0.03767354695561484,0.0397367082507883,0.03983184881336783,0.03401618193313723,0.0397674442837775,0.03935802969734538,0.03920128165595136,0.03911616643421282,0.039981540352022484,0.03990040961700701,0.03954206144738664,0.03999387527395161
118,0.000303419,0.03871968109415014,0.03611411238056349,0.03879539360430417,0.03880899123451592,0.0377292143152949,0.03994902472910554,0.039051839750897835,0.026331558378711026,0.03992641749948305,0.03887686471470567,0.03534146505492568,0.03882218692795398,0.03999426173997889,0.03993556663742224,0.039902246085426175,0.039617140932441945
119,0.000297734,0.03867297702341581,0.03652844842319379,0.038852893768235974,0.03895313557546205,0.03771095185350983,0.0399206971554262,0.039563242657634536,0.03505729495093765,0.039860402179945596,0.03940593895487232,0.03678851672540574,0.03894583396449478,0.039993010539239156,0.039999999853826254,0.039900438691669655,0.03995847967715249
120,0.00036418,0.03988274282469995,0.03890981605881435,0.03982659898986823,0.03994345759536384,0.039040603780354656,0.03998497127515705,0.0396291330783945,0.03488543998770911,0.03972838215305916,0.03995063300920793,0.036833316158722595,0.039934717900078104,0.03999858501018913,0.0399641980773657,0.039979255801384325,0.03999996035930911
121,0.000352922,0.038954724381115,0.03687069180173669,0.03964907121835518,0.039991850299576734,0.03884328237577131,0.03999219081267057,0.039199138858790006,0.029069003538650037,0.03997438621755913,0.038789000040248725,0.03759825288405465,0.03999949556266137,0.039968940880037176,0.03988564737779891,0.03998590802312029,0.039982866649853614
122,0.000223425,0.03590952295682065,0.03349612157709368,0.03689422152753613,0.037190560621956054,0.03536307631022307,0.03792492600550179,0.03999596942644064,0.0325451082040477,0.038794472180957634,0.03656112776211887,0.03997555543763139,0.038733824470701506,0.03936246721432664,0.038685657212766275,0.03892334947986541,0.03961526664827504
123,0.000352033,0.03901094307758789,0.0378233205120816,0.03986494214834799,0.0399953754693014,0.038886165062896064,0.03974153241223993,0.03944047817612228,0.026830263941886506,0.0399063860929254,0.03942436298496288,0.039287738473217135,0.039966513738357336,0.03999950409615714,0.039999622823266204,0.039517590075441325,0.03987797085461932
124,0.000475379,0.03997344206751375,0.0399041569573319,0.03988790857333798,0.03991065983693319,0.03994838894530419,0.03998242791847926,0.03864071975073797,0.02439480341310414,0.039960906695999936,0.03940533717757663,0.037347437770282696,0.03845759092717492,0.039791679119305444,0.039774474738463315,0.036337748372857984,0.039287323836578236
125,0.000259382,0.03802892080051558,0.03711106858248316,0.03748018253143208,0.03823267342460214,0.036552976778479754,0.03795368101483963,0.03967736341642614,0.03739539361875843,0.03828930362493449,0.037417763703549684,0.03995951180546893,0.03962234492806435,0.03889912870516113,0.038483178597541946,0.03995394463003101,0.03922107381144147
126,0.00027246,0.03856610563044105,0.03796165803206969,0.03863660479624205,0.03927204911115723,0.03708003582364788,0.03929726771579483,0.03998569163298123,0.03421450938917599,0.03923201562989793,0.037856102022292205,0.03963715438581267,0.039827545490541454,0.03976980896613352,0.039488746838164744,0.03994571404975132,0.039890024895009486
127,0.000393864,0.03998958451883103,0.039974184691331634,0.03998380468512564,0.039949095198038624,0.03940820195497867,0.03929455992780129,0.039115046125981434,0.031013947230283626,0.03991889880032697,0.03933640614878687,0.034241228941502375,0.03928451321257983,0.03999289262553263,0.03992452206566169,0.03997776372312137,0.03966082830807307
128,0.000268232,0.039363993832012154,0.039139849040863074,0.037984043895577205,0.038206501886799485,0.03689118732928175,0.03998539599096332,0.039824418547677196,0.03918931643789452,0.03878683859491617,0.03862878963874251,0.0396160208671741,0.039898042031186444,0.03918991319956494,0.03909975771418797,0.03900966922893283,0.03949550226912949
129,0.000304772,0.039947391752606976,0.039808885231371244,0.03932374394596676,0.03986780930394465,0.03796137169162071,0.039687922302315375,0.03922437666251738,0.036334584251898075,0.0399814154784658,0.03926422212135595,0.039074529912314145,0.03998679124003901,0.03989267961441693,0.039969753870298906,0.03980851188230943,0.03992221947326065
130,0.000307693,0.039906733941456385,0.03988417498071961,0.03933141569052656,0.03983247471279938,0.03801624059022257,0.03979438690485748,0.039699102726174315,0.03552730102244783,0.03939409379248563,0.03820702064008823,0.03924575768816826,0.03985569909454894,0.03983312810040235,0.0397936762243206,0.0390959341616285,0.03999716492898208
131,0.000395735,0.03981574205009456,0.039996491170016385,0.03998776002959365,0.039962365967558894,0.0394303248810434,0.039600568567763894,0.039961305642513094,0.03604111958652505,0.039575881662060726,0.03964283051265757,0.03893593665409124,0.0399220887961396,0.039821386655336216,0.03983241278310963,0.039905918909577176,0.03996155295572503
132,0.000368797,0.03999564329667861,0.03953542117585848,0.03975955064780934,0.039986222050182464,0.03906633128750456,0.03999604520514457,0.03999774826413274,0.039335245199044,0.03995149779350668,0.039390043086772825,0.039999841640008506,0.03999980768707773,0.0398883347509648,0.039836205589133825,0.03830667052106253,0.03995202963144686
133,0.00067758,0.03404050734045226,0.037783406100743586,0.03734315682296506,0.036062047652497806,0.039146027485813174,0.035079015432341404,0.03846849297614571,0.034049601031202165,0.039982960609700816,0.039960397813332924,0.03728978718267992,0.035206824688133354,0.039652294189461264,0.039293283217537646,0.037978809627886266,0.038999059664178826
134,0.000468723,0.038832539149054365,0.039988719324624535,0.03990752440877926,0.039984890458443036,0.039836456768656575,0.03923214947223345,0.03942041294549911,0.039719644547167546,0.03822509588268258,0.03962545345410382,0.039954929973080026,0.03923886524643988,0.03869727674056279,0.038777335578056876,0.03935969448114941,0.038899070374123004
135,0.000438009,0.03993302038550785,0.039982656682543354,0.0399668480257343,0.0399533436414893,0.03964360825263904,0.03981371920218163,0.03999934854704057,0.03850830665945796,0.03997629139148536,0.03966550184558047,0.0399999140433523,0.039739558027433224,0.03998323409545987,0.0397431999916987,0.03974641236014852,0.0399661510817741
136,0.000342382,0.03987757454271883,0.03928024582600624,0.03925418080775457,0.03906554016641982,0.03843708938382,0.0398227004528496,0.03976317740498612,0.03847081538393729,0.039761652622376784,0.037791434614631664,0.03984058243042774,0.039792897076300175,0.039997982054902535,0.03989136881065916,0.039995364892063553,0.0398793849396175
137,0.000361529,0.039992686418645194,0.0397446220165811,0.039727483337312665,0.03971901536706557,0.038821823029386734,0.03999282323217727,0.03999845583105984,0.036557902350487906,0.039223959450424006,0.038989704558747354,0.03978936376954335,0.039862281984908716,0.03974128106906328,0.039794721566313786,0.03961206198613553,0.03994720468511135
138,0.000360953,0.03956019988518196,0.038428349444938455,0.03971328577303697,0.039525698697757974,0.0388847864372045,0.03976770828293873,0.03978098722429982,0.03377428796140766,0.039943394228160733,0.03934455827032908,0.03820404715009137,0.039930439887159955,0.039999056882627185,0.03998039719475013,0.03996012105008148,0.039986664055262
139,0.000359115,0.03969420471685393,0.03886354909043059,0.0397687843005826,0.03966861586510723,0.038881380826587895,0.03970977537031151,0.03918152380570239,0.031564807545368084,0.039934680343343965,0.03935421645387807,0.03725555739784607,0.03997090328262503,0.03999276036966991,0.03998089417274907,0.03996756850405645,0.039659692529836615
140,0.000336252,0.039666915019340165,0.03855504073747464,0.03957711889945142,0.039290992089899404,0.038511604192508694,0.039905258663234466,0.03975453550714733,0.033155041417743975,0.039664925201356005,0.03911237028311979,0.03729451839246499,0.03998734834775602,0.039966587093985546,0.03991308842633463,0.039753063104263346,0.039996010402048025
141,0.000415158,0.03999209769679725,0.039782897524146946,0.03999842287894677,0.039994124657483324,0.03958187652520184,0.03897886003629851,0.03882522529687787,0.027235409412125197,0.039999089035162354,0.03999753402223561,0.03322516061992778,0.039355682792325354,0.039925224209787134,0.03993305899111457,0.03996111184307568,0.03961255821308014
142,0.000303323,0.0396353205602109,0.03904064306700672,0.03894637785888083,0.038633376986152164,0.03778283457968387,0.03975554528557756,0.03997483918290853,0.0373759879750776,0.03919512892077458,0.03896243127939983,0.039682189174947445,0.03997100222360499,0.03942614224954813,0.03934970072155278,0.03997244444292083,0.0397978146376324
143,0.000442639,0.03925848085021365,0.03982115883280751,0.039913405740723405,0.03967215845955767,0.039790221291333173,0.03998101526962753,0.0395052413267813,0.03456092899431622,0.03999535153221777,0.03997400789038372,0.03889571012707329,0.03881420774727411,0.039979449102701695,0.03999568738364976,0.037168507934079414,0.039749423217684175
144,0.000300426,0.03995962239482608,0.03962485619468541,0.03879788599812466,0.038344127799568105,0.03769549664726526,0.03895742634414651,0.03966729530554735,0.039429108086731994,0.03859676464186018,0.03952963836379067,0.0399573402216147,0.03999352998034409,0.03891614114044817,0.03882894542863676,0.03990744752897483,0.03954160176102965
145,0.000263335,0.03985996034399041,0.03956077735417703,0.03846196708246534,0.038386584221787694,0.036743814707634055,0.03906169037571877,0.03983091994563736,0.038626342078235766,0.03910220332515682,0.03825597138229552,0.03999887174564727,0.03983650894379205,0.03928829468500884,0.03900496799712454,0.03999522566048764,0.03982911610354997
146,0.000251153,0.03984171312749803,0.03963899729942449,0.03835727596612608,0.03795700929552754,0.03644681792600446,0.03939056895808564,0.03998142368969828,0.0355858472231535,0.039024551855843775,0.03784689056906593,0.03949440848684553,0.03968477442488058,0.03954742444794023,0.03916310842450478,0.03970397651291276,0.039976587800032395
147,0.000304619,0.0398299860680135,0.03996863218014715,0.03953585154282536,0.03966763493040952,0.037972359783975965,0.03998269383284026,0.03989466575038625,0.025368335045009446,0.03974505094952741,0.03984372111623689,0.03572798790129117,0.03999463825949015,0.03991986217284465,0.039814927496738706,0.039943595993115026,0.03988396311489006
148,0.000253759,0.039967386210445016,0.03992679961959786,0.03841715364502031,0.03822243068254412,0.03658563793203973,0.039801579485960074,0.03999931451390999,0.02034250659209688,0.03911279332720851,0.03939091749629967,0.03379984269306319,0.039606037297622104,0.03965968658578823,0.03933507934025507,0.0392467787595055,0.03998723286117647
149,0.000307213,0.03958034179722706,0.03968591904136129,0.03961565497745611,0.03971132194459355,0.038074808922049265,0.03977138654515672,0.03912953364651943,0.00010061851743511929,0.039930167927211394,0.039662887019311414,0.021697604102711307,0.0399868543047333,0.039999209691392985,0.03999483464803214,0.03990113156612823,0.039551515815394005
150,0.00016924,0.03903848083106495,0.039146479713358315,0.03538747633613883,0.035472090987212046,0.032877972541564646,0.03804127020949602,0.03890815431683042,0.03747734494406964,0.036958150546318916,0.03673042192819824,0.039854084083659515,0.03729477252191865,0.03732366191669018,0.03698363514783495,0.037378321746501825,0.03853441377516803
151,0.00026926,0.039998971553147786,0.03983993594636258,0.03936908963276216,0.039623275512202946,0.0371628062815615,0.03986088644811373,0.03987877592606398,0.03782076911883394,0.03885506510771033,0.0395885397750254,0.03974871820881144,0.03987569618664573,0.03925131806423936,0.039042369648259356,0.03955143436887123,0.03979385728706731
152,0.000481849,0.035575909357084684,0.0324535563139087,0.0392756594298325,0.03925222331311504,0.03998400311406158,0.03716654252792137,0.03839096205446744,0.03209705528368065,0.03954254588378752,0.03993576663115574,0.03709097278505556,0.037197171828184494,0.03943526174619413,0.03970159524695469,0.038621666974089135,0.03849957593561684
153,0.000243873,0.03985424091124495,0.03992142877750935,0.03754553002322851,0.03774395197055035,0.036105557352862847,0.03952264505361671,0.03784339257878473,0.039569578721674534,0.036464807885804675,0.03723275317861371,0.03813641278735105,0.039327644596550485,0.036712330413226496,0.036673937161924505,0.037935844776964836,0.037780432064607336
154,0.000393874,0.03783515736111266,0.03702696778532501,0.039973607385349504,0.03992995493196321,0.03942983190654119,0.03991949864085006,0.03861598328371041,0.03997378570018249,0.03745133538722059,0.039416196918023845,0.03924149361777391,0.0399748687333163,0.037969368316035625,0.03791223516583709,0.039212833464008195,0.03835600123021124
155,0.000991557,0.012505604084601635,0.015997968882317276,0.0277694915099813,0.031230606648115722,0.03401114970545603,0.02629202762478286,0.03889519810539995,0.032508375877541185,0.0397709997771198,0.0388676716255369,0.03661578781848225,0.02816508588493799,0.03962370314220869,0.039430604726667956,0.03767677267599495,0.03902987332218666
156,0.00042166,0.039135628204511934,0.03986183461408916,0.03915490125653012,0.037847580555774266,0.03934669698938048,0.03964529454377353,0.038203114260781434,0.039990630958162326,0.037111042775309626,0.03972931456761629,0.039472155180962254,0.039975679284176516,0.03740570702360846,0.037518857328210864,0.03853744221581579,0.03810214730940545
157,0.000364832,0.039890378395788746,0.039824582686266645,0.039571711173026526,0.03918096867133667,0.038738725968914714,0.03939998228936056,0.039658657992319324,0.03936378507881129,0.03933692900156682,0.03876861868141622,0.03990009860368222,0.039927958280185666,0.03960844920170017,0.038957928335822414,0.03958180885065769,0.039486706249427045
158,0.00039161,0.03934331462504356,0.03998658045192748,0.03989068215829922,0.03985145269565881,0.03917798719055051,0.03800826291693723,0.039128358743469004,0.031446276098839016,0.03998827638052524,0.038502427011532996,0.03743283629488185,0.03999998411727346,0.039977896147752635,0.039895855924000835,0.03999994664542303,0.038838305111624206
159,0.000204384,0.03895343204466508,0.03786505215998282,0.03579340522722452,0.03518633410289411,0.034205847113924624,0.03973292224688629,0.03920111545874017,0.03637745993633665,0.03769145167731422,0.0360268553875992,0.03893266641805115,0.03743794060930569,0.03795483509099589,0.0386218411637327,0.03802946422906603,0.039656185837347285
160,0.000170766,0.0381931577522823,0.03717063527708986,0.035272001103874615,0.03539691265355829,0.03289182241352067,0.03954685694811627,0.03868563361810983,0.03291901351784632,0.03566255927146274,0.03418031348948258,0.03311427194688192,0.03630910639216887,0.03789126037126707,0.03725196852503279,0.036639068784510946,0.03850716639187508
161,0.000180308,0.03726355310817445,0.037352659932663394,0.03660470121455922,0.03744117016294091,0.03359073707581542,0.03967819387106747,0.03945130150899837,0.02871120325791543,0.0379958487650137,0.03418647037202969,0.0342726214365221,0.03646000461051557,0.037792337431806836,0.03846290639016519,0.039579048220921106,0.03962379589812125
162,0.000235807,0.039400948304518346,0.0396017145991612,0.03871790188154612,0.03899962952477239,0.036123820013414645,0.039970888503833645,0.03999987705548534,0.02477886076660893,0.03900284549394792,0.03757106653261107,0.03868777679618578,0.03889142556374977,0.039520144856507615,0.039581632192305795,0.03939567078745348,0.03990203129776311
163,0.00020687,0.03913117030140613,0.03952734604967332,0.037737636657031025,0.038289853727276266,0.0349782742036768,0.03975231616204418,0.039509275772744656,0.031438809295113515,0.03786948330654587,0.037256318805593006,0.03997632957763439,0.03893882069812539,0.03875837774562708,0.03816823301511964,0.03999126307618292,0.03952470954996572
164,0.000282316,0.03997291270127988,0.039711417934372696,0.03968874963441505,0.03996289018844686,0.0375916423146363,0.038939680554873984,0.03991752113993801,0.006434827182993819,0.03942924104685379,0.03816649401409528,0.035666307432262984,0.03992425399409402,0.03979406556851502,0.039711041101929696,0.03999982628517008,0.039924701633520784
165,0.000191545,0.039026148310793346,0.03909330328580719,0.037105278578000556,0.037213465390080774,0.03418100451793638,0.03990031515119045,0.03892141705353422,0.026625675627012374,0.03679783696067407,0.03570166057107181,0.038348334015298205,0.03966544012164582,0.037354121911526504,0.0373139108423456,0.038365591969181954,0.03903364391912835
166,0.000203863,0.039301769969686255,0.039517525069572984,0.038089398905719926,0.03846806215295993,0.0348058636981283,0.039646247337725565,0.0397805997494621,0.024214913499640833,0.03918895043813418,0.0377916973177045,0.0378639548126928,0.03993450307597256,0.03917812962406829,0.0387689090536757,0.03994902716245866,0.03998151847208392
167,9.94e-05,0.03435905639892057,0.035085512285308165,0.03169761986008997,0.03248924342096898,0.027774103663322926,0.034438992377924776,0.037885543584282935,0.03925011322043442,0.035397727105379036,0.029865994463885534,0.039957550799853365,0.0360011024700405,0.03624299375946881,0.03533239399092288,0.03930980580158973,0.03925406216907359
168,0.000192478,0.039576061648608024,0.03989975061997315,0.0383232538334434,0.03949417523036573,0.034407909463333414,0.0397798406825365,0.0399300777638714,0.02644749503246828,0.03906423983536649,0.03709831480006856,0.02644749503246828,0.039967132918588534,0.03974656943761626,0.03965293505985514,0.039969514449162497,0.03925357693074114
169,0.000200627,0.039752169133193016,0.03984486696082468,0.038194834293539634,0.038305033372037084,0.03477973027688107,0.03995005013628185,0.03997894802198188,0.024860204052105025,0.03899986315264578,0.03823298816897884,0.024860204052105025,0.03991382990977406,0.03948050929652412,0.03936784978320135,0.039997127554524683,0.03992715956107848
170,0.000165445,0.03916673058007464,0.039457002654114844,0.036828249796128774,0.03755952505822621,0.032923201867652005,0.03931085098763874,0.039179168636637174,0.031284824518229754,0.03760301901004446,0.03612547877381887,0.033463130019525764,0.03999982110089892,0.0380652262589935,0.03807690969583882,0.03938802812135683,0.03978138851568004
171,0.000198746,0.03994862168936775,0.03999089506545315,0.038410025011082774,0.038958303352280524,0.03470489715742957,0.03997018156078742,0.039822105437481055,0.025231444551268273,0.0384943637384844,0.03795378009046495,0.02849269356600985,0.03936365299898153,0.03913585028795295,0.03895309019306624,0.03953677368874618,0.03999452569004014
172,0.000253583,0.0399929049294593,0.039999964665617393,0.039575991935948275,0.039735556135749514,0.036787008432809146,0.039732274118149814,0.03997773102519221,0.013370931387911789,0.03962521297120942,0.039384798167671445,0.024571875803327745,0.03737197225879653,0.039799104529039564,0.03977812521369988,0.03999640108041499,0.03970700269668493
173,0.00014274,0.038135844211712885,0.03821772147714578,0.03520607522527505,0.0379543736617159,0.03137470294222444,0.037287429958661286,0.03748584294759058,0.03474619108051735,0.035856680544518134,0.03534860136890661,0.03998851079740266,0.03978762727789092,0.03640092628856324,0.03583983874587668,0.038276552817233564,0.03830287020495619
174,0.000165955,0.03925433935503369,0.03944115801101143,0.03724679359099343,0.03843075698958971,0.03295139722561587,0.03768983459396326,0.03869291485983692,0.03120026479036371,0.03759425647018856,0.03629216609027251,0.03999148752369578,0.039981480773596235,0.03799147612709145,0.03743253805351118,0.03988101416607368,0.03945369545892058
175,0.000217602,0.03999793848422774,0.0399941156866605,0.039072696393194134,0.0393679209026961,0.035502087551746365,0.03967555871038026,0.03998811881645706,0.02138610439236341,0.03950974827523282,0.0376260777184079,0.037142129169441,0.039382999322713205,0.03967215982465881,0.03961966002554142,0.039749874432200856,0.03957137220546717
176,0.00016797,0.03967349033406183,0.03985513652720376,0.03707854375670269,0.037570355402425336,0.033029823511520624,0.03904707349798247,0.0388792751798849,0.03086346930673381,0.037481749026857136,0.03640646798373232,0.038401987999692015,0.039999869258591725,0.03802617763740469,0.037933064184869955,0.039178910426440755,0.03975281803875537
177,0.00020235,0.03997214360519272,0.03995590578623562,0.03874516223955926,0.03894925446797663,0.0348520204067672,0.0397107721577859,0.03864159963855086,0.02451765406564721,0.03713744411210704,0.03695379778013051,0.03790374644065118,0.03971073643395748,0.037912708063693235,0.037761989795959454,0.038926755425366596,0.03920720077476867
178,0.000317992,0.037759780847111846,0.03688154516367144,0.0399062053163459,0.03984974914532785,0.03843679149744322,0.039416090736808386,0.03999998412786537,0.005345682142289976,0.03982438406603781,0.03940643665021541,0.03232206253557009,0.03571678525153174,0.03986114203310306,0.03986979416800797,0.039653500895164645,0.039844630288964664
179,0.000145908,0.03894678727740128,0.038922564149873634,0.03581765806032933,0.03481601819098064,0.031509054701463896,0.03787861925276822,0.03708952779629476,0.034301208280269224,0.035959022391976084,0.03487143309512943,0.03990577917109474,0.039550151817746,0.036177731916755954,0.03595642255339335,0.03875915635976264,0.03834498298467129
180,0.000277735,0.03892131836276014,0.03867228855125657,0.03999916940245471,0.03999913240227987,0.037475439848707076,0.03979181910927399,0.03995230592040304,0.007568950983822265,0.03988140810433532,0.038893906833083726,0.0366984485484536,0.038221987238352816,0.03999816101227348,0.03992456347527929,0.03910963795898612,0.03949997170906039
181,0.000254946,0.03917598596116722,0.03862022854148541,0.03971284827697399,0.039014127722207775,0.03671996428601029,0.039972847615754176,0.039726238000170874,0.021336473631953706,0.03857990746680176,0.03837493071601146,0.03687488424486199,0.03855288818318275,0.03909741833381404,0.039199370889844445,0.039891929200469564,0.03996808428848481
182,0.000215183,0.03999990805679752,0.03998845232220877,0.039010731991454564,0.038735945666552904,0.03522991681844069,0.03998168210358706,0.03906964386305661,0.02189427202850254,0.038269077633398194,0.03781494763918895,0.03610142860467841,0.03911717571698453,0.038504379348130904,0.03848755728715316,0.03951638060106469,0.03971030152598437
183,0.000186379,0.03990639831453171,0.03990207132059901,0.03830897836748594,0.037811545595409,0.033959619162427075,0.03991809219296986,0.03947834997325182,0.02759855187923238,0.03838777927213854,0.036709024270528724,0.028756451367242447,0.039632021308008296,0.03902373676135293,0.038727620736199016,0.0393738997618657,0.039985256266746275
184,0.000119155,0.03807523957713898,0.038259928732577,0.03501147138394305,0.034628143514524784,0.02956796973526736,0.03738742662142873,0.03777957165116114,0.037603289647843076,0.03642604065338577,0.033177655649512826,0.037603289647843076,0.03922353437036868,0.03671064753306154,0.036546685324277885,0.03829515447888428,0.039492295264340095
185,0.000127019,0.037927340554702545,0.03859218149186795,0.03616445497834017,0.03626848073879548,0.030329626423922958,0.03689008200807528,0.03843021751814487,0.03674640748546272,0.036677992716493635,0.03434872017382548,0.03674640748546272,0.03954670329920457,0.037807000865774584,0.037075079534382334,0.03953524910500022,0.039803552134911775
186,0.000122663,0.037521205117317644,0.038481369881346074,0.036017440143387536,0.03620664313131675,0.030025651830970074,0.0365765129625385,0.03810650932286348,0.03723383528121524,0.03633340314500613,0.03414594550493721,0.03723383528121524,0.039510527490076296,0.03718822401656755,0.03679071393506612,0.03976974494555326,0.03965119237886472
187,0.000176696,0.03978949148265024,0.03998632195836925,0.03891122867949788,0.03897929422085248,0.03366353262348752,0.03955290922976182,0.03972802446888754,0.029356820923352095,0.03834758808693248,0.03681337618456747,0.029356820923352095,0.03953142077768172,0.03907860651354542,0.03905222637444056,0.03996717146482628,0.03986177389624066
188,0.000123072,0.037365191553113256,0.03897324893683351,0.03597739252262362,0.035810015309376234,0.030074112509388164,0.03800812174677475,0.037339770934394084,0.03718939829918132,0.03549019249435602,0.03436534219612807,0.03718939829918132,0.03998314907482408,0.03630467999063574,0.036000183242007606,0.03893622547837906,0.0389620411962026
189,0.000200128,0.039976193231153305,0.03939297343886646,0.03958257522416871,0.03961742238993027,0.03484325701781388,0.039997033306665715,0.039859908966421255,0.024958966758678786,0.039090649574034894,0.037623452228807065,0.026874983060500512,0.03670446721679167,0.03948423461742817,0.03928285542972394,0.039820799818727104,0.039819252296648955
190,0.000140928,0.03851592570577296,0.039364498578152704,0.03691888198161919,0.036744001040810104,0.031385755275596894,0.03930627350324563,0.03810814445786791,0.0349947017181899,0.03631871073203295,0.03442956310451427,0.03715001185675436,0.039683804810442744,0.0370929405393661,0.03676774781085084,0.039231560607075125,0.03942122365460372
191,0.000124382,0.0378516312411076,0.03851385348787913,0.03632390075146619,0.03646138642504024,0.030160117002693207,0.038906697593574555,0.03713093412360571,0.037045195601107264,0.03547470042420142,0.033411752611171554,0.03913254820896016,0.039993838117533355,0.036149707584511054,0.035695644952969105,0.038746491507987826,0.038761041360523656
192,0.000201715,0.03999868082382725,0.03971711966241209,0.03957220675542342,0.039590069556210465,0.034896689099063564,0.039704499302822334,0.039844931223738736,0.024644173857365725,0.03887584115589281,0.037261135626903794,0.03063141910562911,0.037898049819626536,0.0394202355100101,0.03917707562589564,0.03997458580993346,0.03984116876000842
193,0.000121633,0.03836778584276447,0.03936178584617836,0.03568565966885677,0.03638222743205374,0.029897797886721117,0.03964303328293926,0.03711206619709094,0.03734449529881802,0.03509430365305331,0.033133595444459665,0.03734449529881802,0.03997403570063671,0.03589570117118455,0.03581651333516549,0.03788501058135184,0.03903575037667957
194,0.000131407,0.038778413134874526,0.03926831188877476,0.036970005630832366,0.037062662133037744,0.030738688175598224,0.03985371059418204,0.03855729137345052,0.03622482745741981,0.0371750174061516,0.03439331925873111,0.03622482745741981,0.03991015451983457,0.03798060308585298,0.037614517164390474,0.039196860305690584,0.03994795259523864
195,9.06e-05,0.03642008638063681,0.03746794834530599,0.033753095657692155,0.03426075408417567,0.02704464321420884,0.039802156979009996,0.03642868098713283,0.03970808383775511,0.03449796702173445,0.031163496763910482,0.03970808383775511,0.03925946386661784,0.03522340591306552,0.03524745598855676,0.037270012024907775,0.039266582295394745
196,0.000166366,0.03978109077932538,0.03999292968944028,0.03897443738738988,0.039312657391862,0.03311015043963138,0.038910620170771404,0.03931253332829383,0.031131917629532185,0.03784712619440925,0.036502939684325886,0.031131917629532185,0.03932269210846997,0.03858489649955049,0.03854567793071475,0.03972584477711519,0.03998567187163908
197,0.000151765,0.03956202226523947,0.03999750482841658,0.037936454296513475,0.03768519877684365,0.03217588802216674,0.03999959435300651,0.03799143286139177,0.033444625198326056,0.036510577694487595,0.036399036950504914,0.03556225415552758,0.039895091815101286,0.037206178303361544,0.03677339508814552,0.039252593779784184,0.03937249733876422
198,0.000111056,0.037288181817258154,0.03897983392163813,0.03562712945539724,0.03541920076202988,0.029068454178750695,0.038612813840603166,0.03610104631702004,0.03837215828043357,0.034937861974145515,0.03264830980699662,0.039791391596304564,0.03935840149260135,0.03520762782544003,0.03457358674925777,0.038760355460167505,0.038456962430880134
199,0.000189299,0.03999710751974234,0.039119127625673766,0.039544223182487,0.03955938112224707,0.03433748945028205,0.039884784246518666,0.039790220999364315,0.027051525702085993,0.03911273876628072,0.037114042800899014,0.03422381827091474,0.039244459703523325,0.03947541959270572,0.03911553128462215,0.03943694119153071,0.03943507917638481
200,0.000161494,0.03948623480646447,0.03991125945210615,0.038299607262534396,0.037530862919148734,0.03274529225257093,0.03999966626888423,0.03828401664561154,0.031930369103531184,0.03707436142980979,0.035331032371700224,0.038788958846195785,0.03981720919412516,0.03754705866847349,0.037538464541210806,0.03984639772008834,0.039816582872614574
201,0.000359661,0.034883344710599715,0.025185826844852363,0.038378150047333214,0.039106267141099285,0.039181877866542814,0.02889658069819015,0.03998791189902625,0.005062979707531917,0.03970927479796425,0.039668150627097686,0.030492114427607506,0.026069315241426638,0.039954748160919484,0.03998578803997847,0.039434630566038,0.0394649176038305
202,0.000151987,0.03959334863568915,0.03991599516430214,0.036571104413844854,0.03638187701820578,0.031925197624018645,0.03999773204081913,0.03496934273924654,0.03956153331757499,0.034467094350289045,0.03508764854273533,0.03921320797511388,0.03999976378667895,0.034303925197302576,0.03426963845876009,0.03773085641467783,0.03651427961999271
203,0.000321477,0.0368083603381221,0.0335775829202796,0.039395899996656984,0.03969891432863295,0.038473281884501706,0.033097253430849474,0.03999877764417105,0.025783157200834933,0.039984115514144714,0.039514117905061895,0.03870570015735454,0.03539571244872165,0.03999221663510595,0.03991812037552452,0.038664609407453164,0.03918426161210121
204,0.000162437,0.03969682072428309,0.0399956437047403,0.0371863614346947,0.03691256706397725,0.03253595687104288,0.03999993466432856,0.036372903933445846,0.03948709795330582,0.03490570495764873,0.03540257153830112,0.039507254899663176,0.039703417692636044,0.035688208986217766,0.03517875780046267,0.036956911383218896,0.03796188578162564
205,0.00020567,0.03990818937452337,0.03912916747538426,0.03945873712177887,0.03925019441321306,0.03487154980563643,0.03926430768784315,0.03793424885783743,0.03488305913677946,0.037423504698316505,0.03788737302801705,0.039484080270335765,0.03999865627262823,0.037624461979644724,0.03708812310372284,0.038178307877192494,0.03920765409464921
206,0.000322327,0.035253232350030056,0.030013928001495827,0.03972414445204812,0.039967690681031155,0.038494604687605544,0.033654464884394344,0.039986093000568455,0.012413289579567666,0.03962882948290366,0.03977430175561063,0.026538966039459613,0.0377386185848597,0.03990717590135001,0.03975784337797519,0.03989723388331202,0.03960668751247401
207,0.000183215,0.03994202674332699,0.03857416045144938,0.03800625488749618,0.03663470185410315,0.033692868907955316,0.039998531787084894,0.03692755126523632,0.03480480839760455,0.0362194024375842,0.03625767267993496,0.039470486505800054,0.039751962053050455,0.036215902170355835,0.03645620663469871,0.03765087208116298,0.03874158881116707
208,0.00025666,0.037599852699335176,0.03358510528677383,0.039955625328084415,0.039708289585136995,0.03682212071997287,0.039589970336753745,0.039556551384550186,0.031840410934290714,0.03958980246640642,0.03805024125836158,0.03970720821719651,0.03983134643663026,0.03962421070932968,0.03929793762513216,0.03950091467042031,0.03996677660984575
209,0.000292617,0.039573491619262616,0.03910369040849056,0.03999988071946487,0.03970972788933371,0.037780308870299,0.03971348583248869,0.03952182195423776,0.03695196105312472,0.03908444516199647,0.03878171250226867,0.03999299182658811,0.039724094461747295,0.039156634969610846,0.039244123647628325,0.039513414220792756,0.03999996833597063
210,0.000676015,0.019847051416031047,0.01817883344981125,0.030545926461152534,0.0350008655618675,0.03900639426395595,0.026410934389535082,0.03975140577743558,0.027534249383202272,0.039940118075475456,0.03918848386774182,0.03445951915399763,0.02422174729531075,0.03998384322619179,0.039924344547941755,0.03913135539435286,0.039362498149984805
211,0.00023378,0.03994728592538432,0.03977815168694059,0.037461055652607336,0.03439324247366415,0.03554202471960803,0.03993931321455223,0.03477808517285351,0.03982939698679706,0.03482084415666032,0.03690100626334461,0.03883883516462644,0.03999829034661172,0.03446784880908533,0.03411667301053363,0.037198302939259534,0.03559300893449206
212,0.000193952,0.03996786212023774,0.03997661293962425,0.03810746039316032,0.037386025235673664,0.034013926877707185,0.03990049690734978,0.03775890900012807,0.039625569683433684,0.038517890702443255,0.03622456545205327,0.03895100482605887,0.03949607409388962,0.03803427533210273,0.03694596429449964,0.03962507593132368,0.039576287488031825
213,0.000239798,0.03981710510299844,0.0391348449366664,0.03943024441311857,0.039001097049287246,0.036074536862958174,0.03937689738060219,0.03977425323815029,0.03161664452873124,0.03881831524636913,0.03714328365957117,0.03935973563218005,0.039976203785321435,0.039585736938399625,0.039226788616073247,0.039637186220457865,0.03949202471187137
214,0.000317758,0.03740939491281947,0.03571686596370824,0.03999889158462388,0.03994988904590202,0.03825500511767316,0.035044019927318135,0.03999517286730939,0.013209644320795272,0.03999629892420629,0.039816366306857136,0.030076860998725058,0.039443686204197206,0.03999989747659505,0.03999069366846152,0.039603959757174276,0.03841109618012204
215,0.000116466,0.038062744285639,0.038932079263864924,0.03307393145647297,0.03495205000905592,0.02921018173947406,0.03915269939937187,0.03484207576524188,0.038084615197296716,0.03355428514830562,0.032945853231147786,0.03994363593702764,0.03580485854224277,0.03496300903227778,0.03378415051518083,0.035676771982520575,0.03730459218898899
216,0.000140007,0.03940142349947655,0.039958854588301715,0.036610199210173125,0.03780783574574423,0.031232306490191312,0.039962993580638574,0.03503769011845627,0.035119303906643126,0.033251759113793126,0.03396936356856707,0.038426777640476834,0.03682482362702774,0.03377807312769386,0.03410606064762444,0.0353905238322314,0.03690081011898842
217,0.000224679,0.03955893650319912,0.03890131178944202,0.03955258404030191,0.03985413038103684,0.035786670423019216,0.03812585650329838,0.038626030656269655,0.019875789846349343,0.03787845191457215,0.03821764596961695,0.029136167789619652,0.03991996603108457,0.03808051576811333,0.037833258129568594,0.03935258875745262,0.03974855973419067
218,0.000257032,0.03928071943509567,0.03930794196164409,0.03974606908647833,0.03977172676369117,0.036873611661231834,0.03620788460616417,0.03971961385819939,0.012561515165570691,0.03915304212387036,0.038589386200724454,0.029082347614831472,0.03941975677990529,0.03957658333425355,0.039203925551032345,0.03999993580493472,0.039774620320157765
219,0.000272092,0.039999989275135164,0.03990660398531246,0.03981704160681196,0.03995874896214401,0.03730358870139611,0.03440125203922595,0.03999372343402083,0.00895175251230404,0.03956832738446156,0.03812821426079093,0.030413749528145226,0.037744702344321965,0.03997353760696842,0.039728077970078365,0.039680225272732,0.03928536388790908
220,0.000164762,0.03848829501307928,0.0381283926938451,0.03687866626028099,0.03627312188317555,0.03273198272049958,0.03994312029713205,0.03765708299446208,0.031397631368083725,0.036089494608555636,0.0345547187037261,0.03983628859261193,0.03999102900629113,0.03663584578971864,0.036783479754292345,0.03939088721939621,0.03930869849113207
221,0.000259063,0.03999151390830668,0.03991097955161311,0.03983531324993189,0.039871915255243785,0.03690409970863744,0.037950507378123936,0.03967104658086671,0.024079387710551195,0.03892922643232755,0.038292633325544695,0.037917948683478975,0.03767961194125555,0.03920748397852244,0.039291425366968794,0.03953737392609873,0.03990763090552243
222,0.000158587,0.03859792089075344,0.03799139067016656,0.036442442996589476,0.037421912168823686,0.032363194857690625,0.03999273007141312,0.03678606465918697,0.037052595774230826,0.035801761058180906,0.034301292938926,0.039991332684896394,0.03998974165182017,0.03615633362215361,0.035985248019131943,0.03948349018061964,0.0390350322264066
223,0.000153495,0.03869476901596344,0.03798367235701032,0.03683037367312017,0.03723133611346051,0.03213627846755273,0.0394565750132667,0.0376338555665829,0.03318349612288936,0.03697461169489319,0.03442826124851721,0.03976064360611721,0.03993613582176938,0.037548289445790424,0.03686840545675645,0.03960417212586627,0.03982288553253945
224,0.000135261,0.038162203676648604,0.03762483459102141,0.03601638456881822,0.0365120385779712,0.03095247931107755,0.03841717710199352,0.03745337229076198,0.03574261841555569,0.036450864609222276,0.034177868857489815,0.03903509926948856,0.03950283933642243,0.03735967019681505,0.036504521648843796,0.03869444106011721,0.039812946724944724
225,9.16e-05,0.03548951921004631,0.03515422619038102,0.032674696558739294,0.03347633843720447,0.027106855659126038,0.039986287945002495,0.03376622617949693,0.0396658302533675,0.032610188054746136,0.03084478375737975,0.03998872506382443,0.03692006197582503,0.03332772567419818,0.032782977882025416,0.03491970152367229,0.03738125598373202
226,0.000112599,0.03647188947934239,0.0353255421173461,0.03521316379101676,0.03644305660478239,0.029220390682529775,0.03928449577760043,0.03562430636306844,0.038235123339597415,0.03412556653733838,0.03306773072532167,0.038235123339597415,0.03839868809168914,0.03531626634454099,0.034403566342751685,0.036056409447487794,0.038385839357192204
227,0.000149832,0.0387904557165406,0.03818453924763821,0.03761869269346818,0.03836409791607831,0.03208598956488222,0.037326900237880906,0.03786648764447531,0.03373207369258399,0.03656074762481488,0.036308296703707096,0.03373207369258399,0.039716571742616634,0.03726131944482661,0.03684809393729154,0.038471428906116156,0.03973752885866768
228,0.000208704,0.039990082731886895,0.03971591013354841,0.03943147942280868,0.03979592102649916,0.03523138651119152,0.03611800157128754,0.039497384144320066,0.023234309786169485,0.03859017060051472,0.03834804634133456,0.02779372629232535,0.03948840551365391,0.03916309723986894,0.03886305639050017,0.039999775226983975,0.03990137370695918
229,0.000132128,0.03849504412529772,0.03786324977184331,0.036028723489316,0.036475466232536294,0.030756576274958973,0.03996607941835581,0.036425650120598785,0.03613629739715436,0.035126705652843634,0.034450470236928675,0.03961655205229937,0.039900780194266905,0.035902475330123175,0.03538316725959747,0.039294192857654946,0.03874878470343465
230,0.000130031,0.03869353332655118,0.0383580831774333,0.03646308157398267,0.03680198553047359,0.030622937055143927,0.039994691322586165,0.03713233789712525,0.036391593708765824,0.036115061911608445,0.034165231977194344,0.03963749088408105,0.03999773993648524,0.03663372788514195,0.03617336184278973,0.039884127785817736,0.03956391790733844
231,0.000163426,0.039837364645402634,0.039792512798864865,0.038243288740450375,0.03844658377579817,0.03289163558289277,0.038261162098794065,0.03888249807300717,0.03161683281619723,0.0379371216661656,0.03539410814525504,0.03790261597917074,0.03890159268928747,0.03841295426672521,0.03811367662079024,0.03994672316531465,0.03991515273548631
232,0.000210382,0.039722978972504,0.03979783225089821,0.039479434939147025,0.03963120419349021,0.035255069498468725,0.035833563463754395,0.03938930830617808,0.022890241213667534,0.03882772004851969,0.037743234624344486,0.03773446642027898,0.036304917948234566,0.0391411789634641,0.03890374258221942,0.039489284370231595,0.03984507024825231
233,0.000209181,0.039922364139731735,0.039995937088740476,0.03940603078015194,0.03892293297524997,0.03516183872235694,0.03647176442164546,0.03865083429873248,0.02701922247475999,0.037806868658295995,0.0380276102748185,0.039057623221557106,0.037349348162808965,0.03834594976994043,0.03807023790581643,0.039999979201618754,0.03988312147005617
234,0.000199969,0.039994873293831425,0.03980558289929677,0.03921388899002086,0.03888437942076883,0.0347098065915767,0.03352205987243291,0.03818738384597536,0.027383472703874645,0.037185753637337254,0.03761394089706639,0.03829821669546412,0.038468598889635636,0.0376712496970053,0.03750730894191038,0.03945724761869678,0.03960812815202104
235,0.000165794,0.03987327207589395,0.03940764544961574,0.038109955701823885,0.037677760003704874,0.03290189871689699,0.03428194671217606,0.03812103960857565,0.031226989167639024,0.03763285332746153,0.03666112967727732,0.0365094098158425,0.03965729668011244,0.03783696362003244,0.0371167638995313,0.03904390124270718,0.039847160782514435
236,5.45e-05,0.03182662612518752,0.030803944864968923,0.02814066174242076,0.027702498088876346,0.022165545491737562,0.03693303177600265,0.03075003730905665,0.03899955205176507,0.030195937605472963,0.026615921906782164,0.03899955205176507,0.03477309284332457,0.030853344321301046,0.028748221075845973,0.031410408810918285,0.03629588420829449
237,9.95e-05,0.03754726978003854,0.03706167641764349,0.03535108780204256,0.03607295655475793,0.02798312844216468,0.039516980206556224,0.03794407107566593,0.03506689722421168,0.0373916332278246,0.0319033299323853,0.03506689722421168,0.03925583326485703,0.038274689728516574,0.03633956303056883,0.03850148741671412,0.038856419162572396
238,9.52e-05,0.036301435097232576,0.036549665560425056,0.034707701088461745,0.035288178806325066,0.027563770850180656,0.038693208375399336,0.035606504790398494,0.035861356439898434,0.033444684979384985,0.030673146622754333,0.035861356439898434,0.03889824235183325,0.03478371328825425,0.03441240158247892,0.03594832756569591,0.03940816145616047
239,0.000193579,0.039987888040652966,0.03993146146863833,0.03973252347328688,0.03974408557464086,0.03458485196985374,0.03992921117718868,0.03870604276700344,0.008695725637120316,0.03830869001324666,0.03669121564649934,0.03416943417575925,0.0391796603638374,0.03848810823867538,0.038305047477044156,0.039977471734745876,0.03998859103242321
240,0.000244573,0.039907845180048813,0.03997994785017675,0.03999389079475679,0.03990994013586476,0.036599043955090046,0.03990048287492495,0.03889458245999146,0.03548381014212931,0.0387019611780956,0.0381700951745447,0.03991483560372756,0.037809610816178285,0.03876117914995779,0.03871069117602548,0.038065214737739814,0.03996087894058477
241,0.000468893,0.031085115968692442,0.03513426466596371,0.03559788860319352,0.037145771678184,0.03997509889125237,0.03230025111517043,0.039999321262706715,0.03038360969794876,0.03970240094043368,0.03999840235407147,0.03761874935380352,0.021901415707906283,0.03993111979904131,0.039953864081062516,0.03907690087838823,0.039744994596143765
242,0.000343544,0.039982500663750566,0.03959954491527379,0.03998742932381016,0.03956977672878103,0.03871551293100455,0.03625551628660405,0.03885027647889678,0.037278450842360436,0.03843277462529229,0.03950762481172262,0.03973385169587825,0.03134283216013574,0.03861911293615977,0.0382785146851414,0.03972310921356242,0.03943060651359319
243,0.00020677,0.03798249696223577,0.03626060778355569,0.03855877589842737,0.03709985139421004,0.03466613065029672,0.039970925485325444,0.036991410235610124,0.03926238644224445,0.037044575739443794,0.03674863970290139,0.039643237633295185,0.03949692660931939,0.036958041053012675,0.03608480972689292,0.03838539465442959,0.038523876522950945
244,0.000195796,0.0376484216648436,0.03625284177686413,0.03878961650155086,0.03781911356616327,0.03426502099564811,0.039989182922127005,0.03808896681013511,0.03619870972654721,0.037421978904947396,0.03588417888578768,0.039987359160510674,0.03993299801576985,0.03800511357927096,0.03725410103376002,0.038961926941511266,0.03970071960818696
245,0.000158669,0.03601130998172908,0.034828126039948115,0.037415779169522954,0.036388907198777534,0.032298404749295254,0.039852465884282214,0.03720368342423822,0.03137700536184171,0.03645893509887456,0.03541544610369246,0.038911070763581995,0.03973330894896244,0.037005664409440996,0.03668987155241127,0.03844559080675986,0.03955695763096742
246,0.000178543,0.03749167743016099,0.03623234580142841,0.03850789775827865,0.037849995978951716,0.0336014475314763,0.03961321181254128,0.03916839830720109,0.013757461593500941,0.03858217663999015,0.036768028658249435,0.023112729514914082,0.03994546472154803,0.03927645735175195,0.03868717063261737,0.03989227824779592,0.03977363903253551
247,0.00019234,0.03665066621895992,0.03660832468354963,0.03902242355997572,0.03860951190091807,0.03436764115132665,0.03907259216525007,0.0395601165090843,0.009121801542588598,0.0387494526969136,0.03703063682403956,0.012408234175679211,0.03998625557049155,0.03931867955954496,0.03903797534755292,0.03999541198117844,0.03963259201909296
248,0.000147264,0.035066378532487154,0.035327525219743416,0.03725311852060015,0.037007015239960805,0.03177328321809732,0.03999562293892044,0.037516118973398446,0.02342065399108026,0.03628015778849745,0.03553592921822734,0.027390674099033258,0.03941980381123013,0.036833300092483666,0.03644696475995886,0.03884938039987711,0.03943136687395255
249,0.000148428,0.035853326351391955,0.03636871960263968,0.037636207671415886,0.03816099141177194,0.031900626988300096,0.03989928771094083,0.03773547476378256,0.023085035524494313,0.036552444929644934,0.035384874474896466,0.023085035524494313,0.039799410701413164,0.03723051675655914,0.03642467245418868,0.03856784905569424,0.039493466207567524
250,0.000139035,0.035902993470327105,0.036328045034970294,0.037179618211301294,0.03734568648930784,0.0312658153521868,0.03994170666138884,0.03791344022434212,0.025733292557826457,0.037075557968997586,0.034610881747642264,0.025733292557826457,0.03985115905070859,0.03747057755262421,0.036440171817207795,0.03889763387216412,0.03980675737999084
251,0.000124451,0.03552373660367297,0.0361631290124402,0.03641325370223031,0.036671136015876224,0.03017923210479595,0.0396050786041282,0.037072434388169,0.02954997061159595,0.036003380536007684,0.03354574792958927,0.03634892893129971,0.03975019252137056,0.036806387495550125,0.035460539410985994,0.03884858349732225,0.039489058688079386
252,0.00012746,0.035082347759917296,0.0362866063149008,0.03678186635106232,0.03716514037081151,0.030444300622897016,0.03951724126625948,0.03724110170400094,0.028794254225219723,0.036120741129256465,0.033983017696890355,0.038072063039455914,0.03993966168348481,0.03703632007192725,0.035735255122179954,0.039130324926143815,0.039525945866445734
253,7.83e-05,0.0308396936619795,0.03232990232201054,0.0323676682447851,0.03290903743653763,0.025643546678297068,0.03782069726456379,0.033858840856181016,0.038421955150128216,0.03234294120742769,0.029205786564785587,0.039651411889890416,0.03783052641884572,0.033212984688528145,0.032084603353049995,0.03542370851398154,0.03771811431450756
254,0.000108231,0.03465372001730915,0.03600243403401951,0.03598364675140503,0.036595306670745995,0.028867236026662996,0.03983578803644943,0.03681783135674689,0.03330168859731222,0.0354611870906305,0.03229087552081162,0.03646238152140659,0.039502386112776774,0.03630198625638299,0.03524957379653289,0.03786785775692892,0.03959255500832242
255,0.000123089,0.03636788687989349,0.03774016105028352,0.036938693624849056,0.03741911422095556,0.03014982758621609,0.03972416136431469,0.03690573517394623,0.02988626881799361,0.03583750475358416,0.033957185844353366,0.038877430909123926,0.03980545938160643,0.03650175710450739,0.035557489421582614,0.03878706032400886,0.03936639224872318
256,0.000124574,0.03681761203027708,0.037733751079544395,0.03699878531883356,0.037260616058637556,0.03026524363407543,0.03974786964434926,0.036385553947375145,0.029519420963944554,0.03493356428144917,0.03400258669547251,0.03903269291582049,0.03984168635025431,0.035854290193919516,0.035113792676604756,0.038066639405254496,0.038770954836478605
257,0.000199552,0.039735654154476586,0.03999145134720725,0.03975245851838932,0.039847528544655904,0.03484994636008548,0.03640223131413953,0.03956413282343377,0.006620283451245573,0.03862281204532879,0.037525117841397546,0.017370795409593243,0.03841444476523721,0.03923068509085827,0.03882099580585366,0.039835940340908996,0.039931981017109396
258,0.000174196,0.03834675769858219,0.038367846522460385,0.03880117601271277,0.03996273666260713,0.033495374586819136,0.03772352039956804,0.038790266544163295,0.015174352148927123,0.03753268915776327,0.036967477559375836,0.020181132773685023,0.03913924511688759,0.03819709791653432,0.03789895444513161,0.03933028239168662,0.039917428866841805
259,0.00011894,0.03593075640166396,0.0362448267113458,0.035996801442608264,0.036730471091362155,0.029695272761393658,0.03989052756852355,0.03620501088729154,0.030887775702583053,0.035307423643129845,0.03350126755061118,0.03803544924562216,0.03998572169035272,0.035891287066964914,0.03518672964745276,0.03874151282756256,0.03854105875671278
260,0.000133446,0.037216719208233336,0.03766012878692406,0.037324125725628,0.03781963087355186,0.030891046477856184,0.03992979327922981,0.03810528092740083,0.02724073979234304,0.03679255117505201,0.03418723875985671,0.03326828647460231,0.03984076221663326,0.03764208875072908,0.03717164656681761,0.039682950567720726,0.03989761875718636
261,0.000129897,0.03741452426181946,0.03768924938857805,0.036976957463261906,0.03748392359739524,0.030616501027246053,0.039455993486838106,0.03838536251594947,0.028169673690832175,0.036986220520129634,0.03457688535723509,0.028169673690832175,0.03987941179423702,0.03774617031232534,0.03737738034103748,0.039510321996008825,0.039996518678520755
262,0.00012981,0.03684610194716642,0.03763693986649219,0.03703433196575319,0.03733485493868699,0.030626140199320535,0.03998713313243022,0.03782422358666391,0.028192159888253437,0.03637145910995519,0.03472161159857046,0.028192159888253437,0.03986614504241649,0.03738068767500051,0.03667903011360618,0.039459091183315836,0.03974119565735117
263,0.000150635,0.03840218023694229,0.03912509557455868,0.03825810626451763,0.03827394202261447,0.03212065007057967,0.039999998020353575,0.03837493752003604,0.02244313305875277,0.03711902285872669,0.03590140136402792,0.02244313305875277,0.038999590729748485,0.03793498510582733,0.03743367086155288,0.03993578780116113,0.03986853556074266
264,5.6e-05,0.03007627190694604,0.03160174479975851,0.0293883116960329,0.02891879845730382,0.022516711606169363,0.03513322151680488,0.03243508371112689,0.039992527365478946,0.031761661180636704,0.02708927155246397,0.039992527365478946,0.03700636265692425,0.03194753411932649,0.030924875226409472,0.03714828690092732,0.037564450711383854
265,0.000126131,0.03794793830634738,0.039053976710372286,0.03800071651896635,0.03824252064826726,0.030408844273562646,0.03995401596042692,0.039671228617717,0.030491543478726776,0.03825449675161112,0.03450193488537952,0.029130173337637885,0.03979816444720174,0.03925801909337104,0.03873190569124381,0.03999862157583126,0.03733737317770122
266,0.000152159,0.03925619022346456,0.03975030812942356,0.038788954457595046,0.03867486460705678,0.03224426281292316,0.03999238987072256,0.03864245775678421,0.02199570436192541,0.037017061049553816,0.03569823790669295,0.027102021091692283,0.039087158896302154,0.03791041268951177,0.03762507843883413,0.03974321308885445,0.03990126139941369
267,0.000181232,0.039687583544044384,0.039728360737755736,0.0395187085899371,0.03938602781262675,0.03392332617547214,0.03998674435703385,0.03893244016061809,0.012870196874901207,0.03805537994773202,0.03714816676717919,0.03717425673576767,0.03727380638577854,0.03843831752235492,0.03813141895900598,0.039992888541110175,0.03993730095521986
268,0.000149332,0.038986081998525934,0.03882124700438645,0.0382936632896585,0.03740520084121794,0.03200937889478406,0.03989593335188129,0.03866231203361724,0.02282298174982149,0.037040977236735356,0.035362733085433376,0.03714480240498472,0.0388694644380955,0.03789002114666021,0.03746926651373425,0.03948034723368779,0.03993338534260035
269,0.000172329,0.03979559771784938,0.03982457701090496,0.03928943481078466,0.03900403528316332,0.03339292045925246,0.039793571198896066,0.03964018425424365,0.015776107074529505,0.03860538519815144,0.03637137488845978,0.024645916591755107,0.03729239290827549,0.039079690477316596,0.03886508005942054,0.039879604862471996,0.039759328381031675
270,0.000133621,0.03897878596293204,0.03928227542052108,0.03749120530871954,0.03683036969594264,0.03085651095414157,0.039297987254981744,0.037959348944834215,0.02719435435852842,0.03666856279085132,0.034594257709969725,0.03469460058667215,0.03933261899791629,0.03735035763565593,0.03685037955065032,0.039242581181793315,0.03970292644320251
271,0.000154379,0.039703622000649835,0.03975827590971382,0.03871676929677467,0.038342757837537156,0.032322079660278266,0.039651823147780464,0.03870541397675562,0.021337953038033847,0.03756917740602814,0.03589979317999453,0.030629600993120287,0.03855209546354549,0.03818787781177148,0.03789745107945785,0.039750663502550174,0.03995395441058945
272,0.000137721,0.0394625141558672,0.039624615834154366,0.03783528938177514,0.03761235760065744,0.031187270698652465,0.03954943351625546,0.038425672170431496,0.02609246015491891,0.03719374036687477,0.03530703665807956,0.02609246015491891,0.03990541111613232,0.03767860672290198,0.03742548475541775,0.039338848195928214,0.03991038627589492
273,0.000118614,0.03829702932002958,0.037954412383233466,0.03686801340893792,0.036612821822988126,0.029711671674668493,0.03781572424863046,0.036528272477491804,0.030964967789030906,0.035372778953202386,0.03453836192467012,0.03768946532850346,0.03944555152226409,0.03569006536359512,0.035350316968779535,0.03887084578558339,0.03869900906756431
274,0.000140014,0.038893905955657906,0.03899823203962783,0.03826769317027606,0.03776027863475294,0.03139067156171048,0.03714115436127964,0.036441744487963064,0.03342995125155751,0.03569336567934997,0.03569694834253095,0.03996589553724374,0.039627208024963854,0.03601842613159031,0.035398716165516625,0.03982236709317567,0.03826078312454634
275,0.000187233,0.03998597443347482,0.03997745043582312,0.03965957892229022,0.03924872099464332,0.03421499768417183,0.03914067289195447,0.038735119723115545,0.020773253244641618,0.03826945201431288,0.03757896299658983,0.03800905939392633,0.03998608359083816,0.038416977079349574,0.03798795877024636,0.03986647507977248,0.03986221455432047
276,0.000159046,0.03837841021393095,0.03766551464255745,0.038576452067365916,0.03774247869924685,0.03260473964758231,0.03925297529146091,0.03873224664064774,0.019932670960133125,0.03819672975988658,0.03583182478101071,0.0336697826530383,0.03970666579595658,0.03841743281328923,0.03773177970936608,0.039779014611038215,0.03992159176936211
277,0.000191704,0.039605987258503166,0.03909450377094937,0.039603866521344656,0.039386221631224023,0.034399554154648876,0.03975152837675425,0.03910023556685925,0.009339909015059822,0.038306531724731224,0.036780781207822494,0.03248573470757972,0.03991059478310416,0.0387095913227268,0.03816495240492989,0.03958146425822716,0.03982959541541588
278,0.000222294,0.039990471563385935,0.03967057287465861,0.039896481086344526,0.03937281676595265,0.03570296237093365,0.03969813765764129,0.03880018013747417,0.011435866933847821,0.037981472459603746,0.03757225309840545,0.035997207023773126,0.03999636761278323,0.03826714664494837,0.03790405381632596,0.039447112566672854,0.03938211845090872
279,0.000282581,0.03916342751462752,0.039758827005198664,0.03991934207066963,0.03995823882974636,0.03760928918501374,0.0398054269317062,0.0398587018327006,-0.025234621977503507,0.03922956712021097,0.039261006929040276,0.02573148188061454,0.039502201149836276,0.03950218650446082,0.03930958586462939,0.0397716690488647,0.03999495748791976
280,0.000345353,0.03694994614324579,0.037990073360752746,0.039483621487890544,0.039999106752991107,0.03886210735422474,0.036647779156794236,0.039626127864311037,-0.05208683851957269,0.03997498514794144,0.03985693769634447,-0.0011682461321918802,0.03749706231289213,0.039977854056646264,0.039996279495447394,0.03998783869273535,0.03925052019081554
281,0.00033897,0.039922477781449695,0.039975929577478427,0.03984975744108929,0.03903154849275516,0.03867498966022613,0.03796429501816862,0.039828094129623674,-0.03183523485076073,0.039925944789432795,0.03973895664944706,0.023373928096154406,0.03700122345087371,0.03999991161433756,0.03996590997371544,0.03999342914289639,0.039665213271771214
282,0.000196364,0.03867173758374712,0.03756291582476319,0.03834127134319738,0.03847606076329846,0.03423532206930437,0.03951104844402665,0.0386323410351013,0.033697741840650386,0.037619578138915075,0.03716379669369808,0.03985617082416163,0.03999939053648806,0.03797094142425639,0.03755346358738805,0.038573051650394694,0.038964349890375345
283,0.000200412,0.03904938855948503,0.03779626833488832,0.03906811487384016,0.038657803271461545,0.03453405444909714,0.03990558090034468,0.039674187723421406,0.035339490025170076,0.03929234626210146,0.035524456847187094,0.03993384126009699,0.03997269290077708,0.03924524481782018,0.03890291001900059,0.03974503944004129,0.03996685021905119
284,0.000217532,0.03764179134537038,0.03791267977474583,0.03942752941055874,0.03927101171870255,0.035344318978833424,0.03996803317785278,0.03956606928191951,0.038824301053916606,0.038961935877546885,0.03648577857780344,0.03992966322511416,0.03979136273523358,0.03902799740458744,0.03876176493080452,0.03988714492645105,0.03992791803597196
285,0.000416933,0.03991256982814686,0.0399934003837193,0.03821240098591126,0.038105746334990725,0.039704583661229,0.03892057635419881,0.03986046190240617,0.037833510427570945,0.03920858153421966,0.03998430262440506,0.03975666406908879,0.03883802783280822,0.03957553216330223,0.03955137677787768,0.03993113949948271,0.039924573283614366
286,0.000760039,0.03671345816424455,0.038614424439612625,0.029861470053039435,0.035495239655871286,0.03801499066672139,0.028999798773872168,0.03954942907860324,0.030382983036872743,0.03998806894984211,0.038625181465645586,0.03449409441873219,0.029027919536681934,0.03989015639287597,0.03983871792792529,0.03829787445041953,0.039567293905199676
287,0.000442251,0.039972542453701194,0.03990520225824276,0.039999825053351125,0.03914095924528495,0.039669184917333664,0.03512667139535998,0.039585286330694774,0.036933638464846,0.03880870421793445,0.039984310572919034,0.03888485972428908,0.03850881256940505,0.03900041578967564,0.03918672943247534,0.039683149351359394,0.0395363234824821
288,0.000250315,0.038265533520244616,0.036741789414021314,0.03852360502176444,0.03701930827095752,0.036043214857372816,0.03921979658587841,0.0390400752200772,0.036186000094309625,0.03839821933576079,0.037310073529810125,0.039999797002772855,0.03975414542717525,0.03860596196813857,0.03817998298076114,0.038723291485071705,0.03898079869261002
289,0.000234243,0.037270886836523784,0.036351408364926854,0.03877559864676737,0.03796979068207055,0.03562610352164375,0.0399522543990336,0.039995126059419406,0.022260398432268264,0.03955158969646115,0.036576041109084155,0.03990230435609191,0.03967605803370451,0.03984692461886755,0.0398021647453388,0.03994443489399447,0.03989636207545093
290,0.000155447,0.034429604117160936,0.033585295374819926,0.03575230568117119,0.034505081520445305,0.031866881615119406,0.03916341696341379,0.039973045160993884,0.021019032113085007,0.03888217580304507,0.035074196534221995,0.03999996388258211,0.037651954829175806,0.039476313142587885,0.039612592664939245,0.03977958813907775,0.03969776257314578
291,0.000169554,0.035865642942334006,0.03526914340484197,0.03713435577057582,0.037041206108959196,0.03302066340034879,0.03999962792177715,0.0395475754945514,0.016662786557725115,0.03838603243261875,0.03643613717436668,0.03110586473817252,0.03828275051635272,0.03996765791390765,0.03989558554346847,0.03913346551873073,0.039334404496907796
292,0.000169045,0.03516162978700968,0.03529855346765795,0.03750500236511995,0.03787181204355844,0.03310951880113962,0.03970670638470604,0.03999925571696351,0.016824405565943334,0.03868041916499531,0.036565038761155425,0.031635600415846385,0.03808147778603829,0.039159467499291306,0.03936061664085798,0.03976898693298907,0.03999987292383034
293,0.000195875,0.036811904425884306,0.03633127407686816,0.038687347716711555,0.038954254060707544,0.03454921078550961,0.039036633679032096,0.039998932717974535,0.007902090232619369,0.0390150066709463,0.03728789385024259,0.03757009729051775,0.039417405174427725,0.03946949813622668,0.03948971110000667,0.039635040975754945,0.03996450699823358
294,0.000207387,0.037535151283913895,0.03651496651505308,0.0389164315037597,0.0391507998193311,0.035070620679640736,0.03940079668951948,0.039915871452170334,0.0038460870740716635,0.03932210450074524,0.03839986544891123,0.03222730890676165,0.03998634584217421,0.039855113452826385,0.0396737098676135,0.03984177434230252,0.03991599283177721
295,0.000235289,0.038691033710526304,0.03803295771954719,0.039473890579694984,0.03972515581167771,0.03615604844389535,0.039957419328118735,0.03917032562166761,-0.006465626371485095,0.03984455108823059,0.03796000933651253,0.017953189607069972,0.03975205251249599,0.03999982087047358,0.03995433810229337,0.03997336358757388,0.039475944963697544
296,0.000319178,0.03990886226463239,0.0393015317444109,0.03999358348465547,0.039963774165685695,0.03842495625804443,0.03996716381655546,0.03906087016631515,-0.04065780878423442,0.03999394848463801,0.039408016364228,0.03345279110231904,0.03802572783765952,0.039942126612822676,0.039996159672059085,0.03895445703282473,0.03948004094791345
297,0.000295872,0.03946032209262204,0.037947857333178237,0.03983207027524774,0.03968985942960458,0.03782320182460272,0.03891823591157621,0.03999072661866434,0.021442016257885443,0.039322260177220715,0.039737410247013556,0.03951324205724863,0.03905271925676525,0.039622113669763946,0.039440436981220364,0.03924299141731836,0.039945197655773916
298,0.000299457,0.039731328879228894,0.03829850777888713,0.039853673351266244,0.03956964895685487,0.037877430965129695,0.03962389376234803,0.03985984815467995,0.007056866557714342,0.03970391556978239,0.03893716671569411,0.03685708760908217,0.038793682332813106,0.03992828548981477,0.03991408989085353,0.039436469290669976,0.03993573627329435
299,0.000239497,0.03884987938133999,0.03639107151885129,0.03886898629615225,0.03825891118072713,0.036081837096915245,0.039816215303281485,0.039628083291398164,-0.008074250524735926,0.03968107926754366,0.0383078473248196,0.025287149798823336,0.039798687599105605,0.039945086846038994,0.03991384652999982,0.03993483620096106,0.03983719009168612
300,0.000158479,0.03612138228591809,0.033337309829915715,0.036110708999962986,0.03588162356199057,0.03225828120236164,0.037562700289667024,0.03967691784704232,0.02301810096583512,0.03803594418942375,0.03634501406772207,0.037292978940686033,0.03943551326476338,0.03878006620947422,0.03814612125133644,0.03825311022128061,0.03937328688431403
301,0.000213309,0.0379530951825478,0.03631567543499872,0.03878712589392749,0.03907696339630283,0.03521915586584466,0.03922863612846486,0.03933316536936938,0.006309850848125215,0.03992225691289989,0.03844812944145289,0.0341422932256229,0.03999582027747875,0.039966766448799956,0.03991101923889416,0.03990535969922097,0.03978761744626907
302,0.000165167,0.036315701614487696,0.03471869733792626,0.036823884679712926,0.03778705572645015,0.03281439386697323,0.03894460054524054,0.039547928072660166,0.018045167083617683,0.0388301346582831,0.03647315839929917,0.02715923391658609,0.03906544328132142,0.03965283890567615,0.039535385150753485,0.03789650429824524,0.03999087308351255
303,0.000282371,0.03970714573088521,0.03851998956506042,0.03995783039453936,0.03999814294791339,0.037625763812732596,0.039881745541805576,0.03797512130318357,-0.02514819378598443,0.0399790290150555,0.03963115892703913,0.02299977080373171,0.039948308889549936,0.039905369338505976,0.03997147423340003,0.03998597850021208,0.03952847543720604
304,0.000267888,0.03940574365722634,0.037489721693692454,0.03964880125430618,0.039727483517542975,0.03715253820679584,0.03921762966553013,0.03992790012428577,0.03471002598790068,0.038994920445995174,0.03938462567353328,0.03984399935900403,0.03999362520851843,0.03929589889175138,0.03916843680721299,0.03996024146695972,0.03959347227573062
305,0.000453251,0.03925553461082827,0.039999992005066896,0.038695633332721247,0.038569350169712975,0.03990353390104886,0.039654672154186735,0.038878255007467125,0.030316149618452623,0.039942717310936425,0.03987158382136662,0.03803690928958002,0.0360105230440555,0.03977331161013472,0.03976249572144549,0.03571169297277467,0.03939610002316148
306,0.00016348,0.03519997890246861,0.032113826858362046,0.03523897759188756,0.03510726668313299,0.032410272172076836,0.037359462032787935,0.03822234501204948,0.03981276785053533,0.036902348854103775,0.03381610084049667,0.03784926229633144,0.03851022210240555,0.03710899238601406,0.03673158077309539,0.0386922886135575,0.03757994495106677
307,0.000493723,0.03865697441746184,0.0399739598596821,0.037403246447876376,0.035957067031903905,0.03999539914337704,0.03708790184638791,0.03904472954088325,0.03399075857874284,0.03999235246286719,0.03990658600092668,0.0385367408391483,0.03623210234638147,0.03984635888212111,0.03980929375704378,0.03968732113166786,0.039619169272811304
308,0.000866753,0.03732187551267131,0.03956821555924659,0.031046287851035137,0.03306222636381184,0.036554015766079945,0.031969809370186966,0.03855122926354553,0.031132706294714874,0.03988313897264549,0.03936983694605092,0.03466608595507151,0.023235959659279604,0.03953248957130255,0.039291065947519736,0.03840503708555997,0.03926169268255132
309,0.000378797,0.039192162848494624,0.037219358891633705,0.03929454270365951,0.038571144349462204,0.03886466474961799,0.03990623346058592,0.038760788798735485,0.039991433730540205,0.037959771474689555,0.039154119853051145,0.03965043608368453,0.03976406585918063,0.038032955751161196,0.03820909670671095,0.0392161944865025,0.03824287798690195
310,0.000407461,0.03981815271231482,0.038677200153348745,0.03999307839088782,0.03997210940921776,0.039365459483680185,0.03966443428589359,0.036461333239926424,0.034777215594877856,0.03740728792114531,0.0388727298695192,0.03971156559944593,0.03976544712597475,0.03678316947441339,0.03896485362287781,0.03806401072910014,0.038334345276217735
311,0.000365316,0.03952083509290109,0.03764197837116266,0.039898999380232655,0.03946321779546075,0.03880617296274516,0.03999802684390399,0.03869053443707778,0.03623341080973065,0.03975009486345157,0.03825009162196591,0.03949844100933422,0.03999991378850992,0.039994450754889194,0.03975692003160842,0.03988687970426648,0.03955134161668095
312,0.000538419,0.039341624124826946,0.03997675267855823,0.039056332439522216,0.03981593726124474,0.039996940896455474,0.0394150450183171,0.03992243574596783,0.035494633477153564,0.03965197683859126,0.03995602807359561,0.036168475698084776,0.037273894841830676,0.03997763040939378,0.03999800181654917,0.039957013318868896,0.03999744243287411
313,0.000521261,0.039935289668632336,0.039362237805961146,0.03978369666302803,0.03993175381739183,0.039997922078058495,0.039197607286067825,0.03900549899954767,0.028303723353112584,0.039909008482643456,0.039976116939178935,0.03058911965539496,0.03690895047128498,0.03961507276672288,0.03973940235649126,0.03983449943379716,0.03968582478656298
314,0.000345055,0.03932880076354689,0.03738551496690351,0.039435005226860345,0.038510142843356965,0.038476072102714594,0.03989784053338971,0.03857253170756915,0.020026830077032917,0.03989599836371448,0.03916093593063036,0.035504332676047856,0.03999920566425642,0.03999613138094414,0.03992779747377874,0.03992221794073346,0.03961853735508914
315,0.000237454,0.03704910764737494,0.03477427476404655,0.0377615233824245,0.036991924489627945,0.03571067367968347,0.03609203975019255,0.03999565520172225,0.035811128296634936,0.03913376994811703,0.03698205359400454,0.03973640173648466,0.03844163799942424,0.03963251287307735,0.03899651153683774,0.039937419321189466,0.03949654382834927
316,0.000289834,0.03898963717303959,0.037495319520014544,0.03937341257902381,0.039166623415118916,0.03748792521589524,0.03670952214762751,0.03952655929810035,0.03502714603872531,0.03992020092570886,0.03906638569176184,0.03988070574288154,0.03954589891878448,0.039997766075373004,0.0399175378340564,0.031715271557619884,0.039952005694182315
317,0.000194171,0.03663008835893928,0.03486207315877364,0.03654237981051957,0.036080931784264456,0.034106325474200394,0.035528754607955335,0.03953733396438635,0.029860601928638042,0.039225197720595774,0.03530467180596159,0.03999746154321295,0.03774090547875607,0.03983900543625437,0.039567843732899025,0.03999349272530283,0.039972747445423
318,0.000382242,0.03996706232263157,0.03986729276218008,0.03994890901123758,0.03987932922255638,0.039353239098592945,0.039430573629619416,0.03379950597880364,-0.02903961452338555,0.03993399954187614,0.03987606425840051,0.0037937589223723533,0.039807605647395494,0.03894983947721312,0.0390395281999427,0.03999125142558228,0.037400925666107435
319,0.000247546,0.03907079363968845,0.03766744448717207,0.038261140097114094,0.03862086300601349,0.03634736260766483,0.03930849291915467,0.03956335422227265,0.03644924414967239,0.03780029610217759,0.0386637377414482,0.03644091969089068,0.039187329011468666,0.03819192449740667,0.03815354856198948,0.03796782946133488,0.03869729181766339
320,0.000184115,0.0365398053415637,0.035392676250878025,0.03673334567247577,0.03713925818294231,0.03371051923556294,0.037212164784660315,0.03920818616695411,0.03936224768973359,0.0380913080367655,0.03647961777623203,0.03999030004742959,0.037143027181087196,0.03805414580863309,0.03720420752208403,0.03835174008554107,0.038275808851503654
321,0.00027393,0.039570888470197595,0.03907856474008087,0.03955103345259722,0.03978251803269559,0.037302252526988475,0.03997490351537696,0.032856564671016525,0.026783586680204946,0.03984499723010024,0.03831869014793389,0.029576888717403618,0.039348666617046196,0.038929104055401405,0.03981267207772046,0.03998953561501838,0.03784479208012358
322,0.000217229,0.038759259009459646,0.0378705189667352,0.03795141663671292,0.038266679255715134,0.035286694339217474,0.039583878955256356,0.03999975736164943,0.03951150080319574,0.03858426247649505,0.03733627976954494,0.03936087711725944,0.0375169521130171,0.03912060362497846,0.038907430461410486,0.03832131713033897,0.0395668611739094
323,0.000398855,0.03922707529901059,0.03975099643408297,0.03983414626452239,0.039395395355415835,0.0395484722151734,0.039992697127466635,0.03992431550526081,0.03971702023009546,0.038972962257846515,0.03998638620862548,0.039740194117731976,0.039998934735357955,0.03953644041548705,0.03941482911420394,0.039805513064279804,0.039562315921034805
324,0.000719696,0.033311307087281514,0.03691973368923668,0.03519188797130143,0.03008304281024167,0.03856283926441926,0.03563537289396883,0.03896318239174371,0.03561905071153228,0.039880535615090064,0.039868851075844376,0.03610955955939511,0.03534357854788084,0.039729702188991516,0.039618064785392336,0.03918126212197572,0.03949637048614189
325,0.000410898,0.03999499934217181,0.039267013803382766,0.03968618090195177,0.03887849584526354,0.03939935864624458,0.039707440877800836,0.03969317737741995,0.03995239165481511,0.03891957219438,0.03974425768978718,0.039955186651178275,0.03999724028238091,0.0390384104408458,0.039172566089763265,0.038985134663809054,0.03935764281237399
326,0.000521561,0.039248330695879276,0.03999409281547372,0.039643035913993055,0.03971187555462016,0.03999790167626064,0.03968423386645686,0.03973692224788139,0.03989257142920752,0.03877716370896242,0.03980734155391494,0.039864767935992515,0.03993502810474344,0.03932439503673242,0.03921411006788868,0.03937066409034863,0.03927034581263968
327,0.00110725,0.018858523115150905,0.027780785130471705,0.02876874182433696,0.03148509238231739,0.03236444372574852,0.03487944318561852,0.038639629413992106,0.034507702861030734,0.039666044269323714,0.03834447384576297,0.037991796799066724,0.03239193031473343,0.0394214998187009,0.03939070785326737,0.03785931093936117,0.039301179160632034
328,0.00044984,0.03999573983109776,0.039987641372157434,0.03890858449067015,0.03859968105810564,0.039474223920842696,0.03952591163001666,0.038392759120706624,0.03973486459193028,0.037259437352343286,0.039998688093905124,0.03855605558639762,0.039729904162986274,0.03755140664047897,0.03756441320227742,0.038346543140434355,0.037880381036143926
329,0.000789055,0.03368702098513203,0.03426921887961183,0.03752069374301061,0.03847687591888509,0.03845651129457958,0.03421550948184189,0.03621546898751676,0.03241876833805425,0.03842182462561142,0.03969984589223826,0.03801712409870124,0.038532735241708804,0.03698020827685833,0.03866723886277924,0.03928049039834693,0.03813305380052422
330,0.000436887,0.03988021060833723,0.039998268254478456,0.039223704073677396,0.03946051924694423,0.039421219756760356,0.039884276301717175,0.03999760535993117,0.03970424237054947,0.03941508447152382,0.039314228212330646,0.03995469066964405,0.03937724464892649,0.03960857686455975,0.03972328305533158,0.038875735814978066,0.03987180671516287
331,0.000388476,0.03980700069559812,0.0399999539482947,0.03940923238694401,0.03934999510486378,0.03895895245371965,0.039907253429811586,0.03877712077148436,0.03985393343694386,0.0374183286223055,0.03953471225059635,0.03932832527518933,0.03876234711933965,0.03798722959751724,0.03811187241921167,0.03745332571409378,0.0381766486153064
332,0.000989275,0.03439703835414348,0.02744801830239943,0.0328390938759356,0.03252229238449249,0.03473496059321621,0.021950147195808567,0.03527046123127317,0.028484778074314626,0.03861398326025503,0.0358665135553487,0.030407312087045196,0.036227506344639615,0.03713813219043302,0.0375887236420196,0.03873221108349983,0.037457403136862785
333,0.000588299,0.0398675878458577,0.039988268159744884,0.03995346396030803,0.039707384921306425,0.03998271893023446,0.034138022491285086,0.039912864502679724,0.038463217331416215,0.039786894379110385,0.03969108993735463,0.039287816055347945,0.03999531100172592,0.03979431232852352,0.03999552169895067,0.0399123917602159,0.03999603150951927
334,0.00039497,0.03846312476372556,0.03865881372767561,0.03907026925789965,0.03875222114147007,0.03904112953763789,0.0399641494149475,0.03871336506708968,0.039389126542447146,0.037888543658684104,0.03909678269433044,0.038025470602046155,0.0386089614883484,0.03844777404765477,0.038142982495528846,0.03990151416895997,0.037855441249215555
335,0.000330616,0.03694554365103546,0.03760561597436506,0.0387099703738351,0.03871248951953707,0.03809722017499782,0.03907786965274313,0.03743415666408048,0.0378164933286894,0.03621632537683554,0.039343606413730275,0.03592480305709787,0.03769110679372868,0.03653793943478362,0.036940374515519916,0.039793611426587466,0.03688349410373598
336,0.00070443,0.03952392604605755,0.03894723914213583,0.037979144219702055,0.03785109693758395,0.03911507693588035,0.030668979441728403,0.0374695981397765,0.036337930213894865,0.03908699026994343,0.039999873211964854,0.03903520336691514,0.039111602626218274,0.038893699399585764,0.038470447322052105,0.03632359099094905,0.03739751008552805
337,0.000495571,0.038862836515049584,0.038690884475986315,0.0398158088981395,0.03972511000138624,0.039925038017603956,0.034163562380057896,0.038710709982102624,0.03416673532594597,0.03999721691959247,0.03982415303590055,0.03730073842485898,0.03999698728378741,0.03943252862967803,0.03990375481638424,0.03993611121572198,0.03942919398650027
338,0.000315662,0.03623663363972582,0.035691653402005724,0.03814090511212809,0.03779632856441835,0.03783844949360691,0.03970851793277979,0.03852842297581108,0.03977194590398987,0.03560024740863066,0.03836711497781209,0.03856044172844618,0.03820901148481558,0.036790466892199905,0.037398341848981345,0.03620513281076157,0.037485898707616816
339,0.00034429,0.03770091973243857,0.037304622023662165,0.039225744327926,0.03943321630954358,0.038547154451045854,0.039553696876483406,0.03981075824160588,0.026534801236589578,0.03772189551523364,0.03614829183044822,-0.04016397539946717,0.039307700614762395,0.03803959782148426,0.03907702833260704,0.03817962027766186,0.039330550828797745
340,0.000332407,0.038135309138765235,0.037990840209552595,0.03896287422695381,0.039096838266322154,0.038341734999791495,0.0399935920793931,-0.04639579433844049,0.036015555082379885,0.018345230271249693,0.03881847649107958,0.030506900759745825,0.03981433241909089,0.001410455954834522,0.001410455954834522,0.038431857081684034,-0.04639579433844049
341,0.000247293,0.03606158717814319,0.035115584123983815,0.03700671295634151,0.037525470018269676,0.03620611579013215,0.03910488490363284,0.03939790337662338,0.03943739211084016,0.03999486684333639,0.035501087333791925,0.03875213036357675,0.03955197717163585,0.03972654052724187,0.03896509322342663,-0.011088440722588938,0.03957896113003907
342,0.000354891,0.03913842157653177,0.03865648724388536,0.03962627457867659,0.0398231339093695,0.03892252889946449,0.03948174772596376,0.03997387501475319,0.0384983078812329,0.039976447486985214,0.039999490373536235,-0.05632523248070387,0.03896041175826676,0.039738583273646405,0.03745324651748641,0.03914246778131182,0.03992338035359878
343,0.000265161,0.03735292751481664,0.03694735958668045,0.03771668606165794,0.03803865237429285,0.036863067369502955,0.03769057644646826,0.037895036953644386,-0.01148234879966209,0.03991245896773413,0.03702436633596452,0.026077972147514908,0.03993653327200452,0.021333497338679674,0.02502321094748365,0.03179818719316174,0.03832345275840919
344,0.000284761,0.03844896810800298,0.0380478776422727,0.03852986373060327,0.03907394099625853,0.037477389035430866,0.03886063569427432,0.03986764516385202,0.03999694338428572,0.039451047307263835,0.038953446302352965,0.03991572036374791,0.03985059513429609,0.039828730005146924,0.03983798431046875,0.03875413059272195,0.03999606219000035
345,0.000251449,0.0380474951256864,0.03725703577058899,0.03762449755220977,0.0381546789588972,0.036506491749344075,0.036279234530163414,0.030525430733103147,0.03325585692945082,0.03034549815309605,0.03896536727825539,0.03297504306269137,0.03717524010187043,0.02992194006838709,0.02968635361662409,0.032731435096262085,0.02985022472622134
346,0.002542634,-0.05536851708467139,-0.042559893237052976,-0.04310680448268109,-0.07855273086916972,-0.02177845155400418,0.0010128501955044555,0.036817204783651414,0.031316510602306225,0.03809899057660378,0.031424147598147295,0.029602560100441266,-0.011636934800348137,0.03826924097793823,0.03785208113326299,0.034316272975301224,0.03762223851325383
347,0.000288833,0.03592913742370513,0.034950893780650964,0.030971147295605503,0.0237755088014788,0.035617435130525364,0.03746980762310345,0.028972984094086482,0.032360940000390415,0.029090175823878718,0.036843720010986444,0.0314152562658316,0.03808901399950591,0.0285331410115723,0.027802409968211435,0.029852881713907275,0.028282061066175056
348,0.000285734,0.03655386139135927,0.03538815568741658,0.037023351837726766,0.039715961467693704,0.03631248040124383,0.039772616177300144,0.03973440685185397,0.03995757688078449,0.03362245006594014,0.03583821531604135,0.03580564528775719,0.03769431611320313,0.039796200355544736,0.03784188209112763,0.03871228239090181,0.039140919580436334
349,0.000449379,0.03956581034934473,0.03913563640496455,0.039718195968643955,0.03939046130437353,0.039581812451271466,0.03889157217077488,-0.08096566764300975,-0.003872356222949097,0.037290043241426596,0.03786733082597739,0.032948277173394755,0.039822071426630724,0.01864346539580955,0.02364556306786776,0.039985572304876794,-0.047145570625875655
350,0.00025788,0.036201933807827394,0.03558692702982083,0.03580222494821489,0.03959701528850354,0.03582479728126115,0.03894104554387848,0.03923252904090589,0.03541446769076456,0.038361290715672944,0.039999113505831685,0.029058913532212766,0.03674885783037395,0.037211333474086936,0.0399120148034396,0.03799334789306358,0.039968429400437364
351,0.000455062,0.03985310181231118,0.039377726890646794,0.03984367046253077,0.039031135850736656,0.03986565939996597,0.0371695849440961,0.039494696475623856,0.0336143132581567,0.03940698960909743,0.039820630995115715,-0.10282282820800254,0.039976293183029046,0.03997119560628417,0.03974292394679995,0.039983745052741895,0.03986978660428529
352,0.000194628,0.033359054462035666,0.03283981950159373,0.03455844489298669,0.0353914639243712,0.033987709466047136,0.03970287605124732,0.03960359757755489,0.03999960985891031,0.039653179006861224,0.036322022981379945,0.039925176255894285,0.03336187711022715,0.03701109451033888,0.03998689399051159,0.008333780535019347,0.039855580740474295
353,0.000571779,0.03983335072034543,0.03988245349827221,0.03893356641342324,0.03967661161521529,0.03985910828923488,0.03640203893560051,0.037048081893708285,0.035792842768805636,0.03999974924463862,0.03996719735560091,0.03905397245806527,0.03982695502293325,0.039401667803602596,0.0389950234568905,0.03412379659833935,0.03750254174232872
354,0.000352085,0.039351012253752884,0.0392473976852475,0.0387504469257126,0.03709877719567724,0.038705277726013045,0.039944574109681,0.03878464531025859,0.03985616721415239,0.03711332924907122,0.03860093232577655,0.03996953643558522,0.039911221689246504,0.03815284156717484,0.036607274239759444,0.038027459668417946,0.03743986195652689
355,0.000222946,0.036977389858054405,0.03699886823644229,0.036405074510341584,0.03424377897481555,0.035213422092537125,0.03944589911346662,0.03992527583476417,0.028544055893986855,0.0397040602282895,0.03393685625030081,0.0385593506824101,0.03887548312716389,0.039962676207447895,0.038793621523613896,0.03896304399480466,0.03999437744980504
356,0.000264234,0.038106597667201356,0.037386085043197015,0.03832838758702941,0.03669064700423106,0.03686249149332984,0.03980867588033018,0.032780309694811174,-0.017781816573967296,0.03988320238421325,0.03463027768411853,0.03132135821849112,0.03968786909593047,0.03934959325321936,0.03946693170284839,0.039756101268161904,0.03221139331554197
357,0.00027197,0.03768862700223898,0.036152069226866715,0.038505084877558896,0.03627428315964683,0.03708173562673927,0.037936817133884276,0.03962300049881092,0.035578266765719097,0.03844158983138604,0.03967654365281797,0.03996819413495134,0.039656178086699086,0.03873378337715712,0.03907649114192795,0.03989876292674673,0.03957664668454939
358,0.000320547,0.03923139425493699,0.0382068902942725,0.03935146496360346,0.03771545033760311,0.03834379351379137,0.03883258308572659,0.03998088509959602,0.03138362216405169,0.03943611049020525,0.03765331117748884,0.03957834622145602,0.03994819165728037,0.03991156938244236,0.03978954815186282,0.03835277609609479,0.0399948197888867
359,0.000222308,0.03747892079760615,0.03635096156707691,0.037103912710850326,0.034263077125529375,0.035444324261729596,0.03895776520349791,0.03967395766462299,0.01438859663836245,0.03925353917760235,0.03713734810084873,0.037762805078985974,0.03953562223730901,0.03976599826274395,0.039750550724601895,0.03986017595218733,0.03981916573970455
360,0.000283175,0.039402200965181114,0.03881943940462663,0.03919462979288192,0.03756720559144372,0.03750177617634287,0.03996429755567017,0.039766836928724014,0.028996291663830484,0.03925389511899162,0.0399913476271251,0.03610543550840063,0.039940520602699675,0.03985093651535942,0.0399124999809184,0.03959491018649337,0.03992752519581129
361,0.000311921,0.03967907967245836,0.03875430417238969,0.03945941169985154,0.03759834859501963,0.03816838921751006,0.0399859543931066,0.039814954131422255,0.03836177786687518,0.038909237553399506,0.038099769375399155,0.03970646807647578,0.039237784705859396,0.03929957937022052,0.03918716877884649,0.03972230262622972,0.03965504121346902
362,0.000370624,0.0398618284688082,0.03959261712454367,0.039917883467529426,0.03884644284974478,0.039155959012244106,0.039195512566232216,0.03970672108803316,0.032895587957025324,0.03991818958279623,0.03999612218202928,0.0378844215113117,0.03737447699454863,0.039997995916890156,0.03997622868729792,0.039999869792105354,0.039818817153420304
363,0.000179377,0.03599011970988959,0.03553194492070831,0.03512013800718451,0.03273675965304078,0.033356137822557884,0.03963764639159548,0.039266919197074646,0.038269282557293206,0.0372382314858026,0.035769258718282244,0.03999618414747352,0.03887322819880552,0.037850192694258794,0.03733536941683015,0.037191311580766676,0.03891810184088067
364,0.000195818,0.03735083233339602,0.036963937515015824,0.03692258871095135,0.03459065066940019,0.034329630039505205,0.03865671131001491,0.03826380249805783,0.039810914512881816,0.0364617789958987,0.03518987341917315,0.03941146770279873,0.03857192156972092,0.0369360605363096,0.03668227104335222,0.03895783098425813,0.038052786985603916
365,0.00023764,0.038813470472738185,0.038684305637615636,0.038343353025507995,0.036175735869802605,0.03613483758170047,0.038592926990028656,0.03811933179739796,0.03994489484744747,0.03670506010178901,0.03738284813902791,0.03940950532412746,0.03956510475617707,0.03713558359492935,0.037033661129611234,0.03995604863886733,0.03828714781552568
366,0.000401936,0.03955610122221841,0.03957158341579264,0.039973068628171515,0.03955189551264428,0.03957025057278398,0.036755158846112856,0.03933746422755846,0.02271255991615566,0.03999966400299438,0.03996781714436284,0.033201739597384664,0.03806603919796526,0.03993566625227988,0.0399211412903207,0.038442452576819594,0.03875521839380148
367,0.000381908,0.03995493740609528,0.03972788907390591,0.039897521156079016,0.03883692665639217,0.03929582860112584,0.019068513779393087,0.037368692029118494,-0.01980420787932302,0.0399208457597643,0.03996039612612429,0.0014117662100004424,0.03778080343940766,0.039356392092819166,0.03945979704979215,0.039721147489335376,0.037036391579927413
368,0.000240901,0.0383974801447166,0.03779289116496612,0.037606909745407036,0.0356711028045008,0.036037454654321344,0.0392394679361704,0.039606827244484256,0.031922212333839725,0.03833632198076427,0.037792995976666,0.03745067426898252,0.0399919098135189,0.03873024436325183,0.03877901037719335,0.03958091616658285,0.0395418443614152
369,0.000110044,0.0323441004788392,0.03162360429493846,0.03236211613437588,0.032325886962021884,0.02855524046422159,0.035561085067692955,0.03388918192969963,0.039673440800084045,0.032316932221800626,0.03252829575867039,0.03734564027789397,0.035810572367761986,0.032447449089275715,0.032371957346215896,0.036417083774310466,0.03423901000953353
370,0.000248719,0.03941677162683573,0.03924753383234679,0.03954602075964023,0.0398411153334593,0.036535088162573004,0.03869086654201836,0.03919318677511778,0.0004093935428306217,0.039999109932417676,0.03858886045536587,0.03261230070601977,0.039979671139558304,0.039981611699197166,0.03999567835287067,0.03954938943833199,0.03733660983345506
371,0.000219105,0.039061765068671594,0.038604937332081125,0.03840466452721572,0.03834919537669786,0.03543373495796061,0.03840445916507306,0.03882745420635355,-0.00040601714510507536,0.0399996264660466,0.0376240198479563,0.025470216646153496,0.039961705854476635,0.0397695049063331,0.03999606302947542,0.03999884486351367,0.036032431557342856
372,0.000153921,0.03721323930349707,0.036792763081438154,0.036109511355243366,0.036142864756051225,0.03213574210789166,0.03822668090592593,0.03714896221548246,0.038390766835157186,0.03505699644784975,0.03660053044634287,0.03998238648966723,0.038825306219900275,0.03645274741387374,0.035552636228044,0.036933277473990084,0.03764831418465138
373,0.000248735,0.039577810700746306,0.039663884395797766,0.03966799636610243,0.039896868104772165,0.036651375568647476,0.039765481116930484,0.039115432760415694,0.031052118492972347,0.0380480393729246,0.038353388104546304,0.038253561145960166,0.039638383526188814,0.038466667038995615,0.03827737409616942,0.03936892312588895,0.03946598010641753
374,0.000300792,0.039980958341425135,0.039870109688186044,0.039968524269488256,0.03996060681010876,0.03801560472137841,0.03972254416734177,0.03988193953786007,-0.03282232385927766,0.03995807689340992,0.039443318613830824,0.022319155313704236,0.038008745178343545,0.03993175765603302,0.03994475064670936,0.03999420208411828,0.03888751423447838
375,0.000158634,0.037185702139301155,0.03655747348762359,0.036027926848804966,0.03704591870828647,0.03233122596198705,0.03660961891448792,0.0378605371839308,0.020057931589124653,0.03658883819599819,0.03610264580639702,0.03995158965915804,0.03928823470001503,0.03712495056825384,0.036027084509031554,0.03850500665062676,0.03893591284761889
376,0.000143697,0.036284641636025704,0.0348818897035912,0.036339926229249,0.037292461499981576,0.03146567962071468,0.032955961622813335,0.035215740824962635,0.038420146813820645,0.034152979666220835,0.033889646248490335,0.038097002258960184,0.03843116119386923,0.03464322317719945,0.03350280589861648,0.0390052424703112,0.0362875211452754
377,0.000148364,0.03684695675916079,0.035759172909847634,0.03688553259937663,0.03770338140877061,0.03183227359704681,0.03432714284125985,0.036781901414131915,0.02700954318311774,0.035578550239973264,0.034786814202226395,0.03977100811340278,0.03892497042241121,0.03560109398187479,0.03521574514525261,0.039203160921802066,0.0385083047808598
378,0.000138247,0.03684456685601506,0.03612493208927991,0.036322139453276246,0.03732675757841692,0.031176323542737923,0.03783219492973463,0.039344347378661465,0.025949028862064405,0.03795929604437206,0.03545871205142476,0.025949028862064405,0.03896086549606242,0.03829184299402666,0.03763371292768359,0.03809106410953464,0.039568885004195135
379,0.000177009,0.03821946948547836,0.03809573041395563,0.03840378428636601,0.03902598519110488,0.03365168104413651,0.03989587545348017,0.03999387075771295,0.014259955047028622,0.03932698663906281,0.036797921985248214,0.014259955047028622,0.03992934688438806,0.03973496957877269,0.03909364888689258,0.039157731922839896,0.0387641669425332
380,0.000111703,0.035018697000957416,0.03482121875110531,0.034598790136259897,0.034867332060443054,0.02908576136698378,0.03648161134755985,0.03582719676360681,0.032547437333372065,0.033847554408861925,0.033083457907765304,0.032547437333372065,0.037983360106721424,0.03427405082723071,0.033859353919395624,0.03543121228109891,0.03756303600026914
381,0.000115653,0.03550439927673861,0.03555566657339567,0.03560030039148597,0.036184211391248056,0.02947794666884107,0.0386733999408906,0.03725719198277657,0.03165576905583303,0.03530544795282455,0.03420247562923279,0.03165576905583303,0.03869463359622806,0.03546415226067727,0.03516465382180621,0.036222932002942146,0.0389933945235678
382,0.00015842,0.03834211944283162,0.03814746569041011,0.03816046259737378,0.038495935638791966,0.03261615450052552,0.03888070113380713,0.03999999994261588,0.020122903382464447,0.03927551345800628,0.03659247664517279,0.020122903382464447,0.039988524702230514,0.039356696958179206,0.0390458418574787,0.03944517650156567,0.03755683017061716
383,0.000141021,0.037812000532369765,0.03729577784271843,0.03710060855685257,0.037150160553846054,0.03144379647227581,0.03977015437801842,0.03858574797036557,0.025185038767719645,0.03701125054579642,0.0353878894439941,0.025185038767719645,0.039958964335175755,0.03752318460051501,0.036985673581880485,0.039631474671758836,0.03996154677023186
384,0.000150193,0.03848226077156483,0.03776800429163235,0.03778535271710726,0.037942018641634066,0.03208076345553092,0.039186795318439105,0.03736625528397581,0.022572264718590765,0.03594791094567449,0.03636251995964209,0.03792080451836559,0.03947345079864875,0.036648189355454594,0.036249173368365015,0.039941724618858816,0.03921125994047918
385,0.000146765,0.03867867770406591,0.038064913300199635,0.03770939473680453,0.03769911621836225,0.03184219097605157,0.039999450423097986,0.038375845365957416,0.02356390407944005,0.03713567070934936,0.035743561259881276,0.02703883861180173,0.038138447250655835,0.03738007831171079,0.037548536388048136,0.03999898075549299,0.03999994333182179
386,0.000139727,0.03869644991531819,0.03833147610146507,0.0373526430733237,0.03766419461899849,0.031346901367452065,0.039821202905774955,0.03877123492148475,0.02554299232916954,0.0377198419086713,0.03481998191244929,0.02649715501081433,0.0388753004503055,0.03800236189227384,0.0379394814242182,0.039768127169621144,0.03956045100358097
387,0.000119105,0.03802447565502494,0.037924020863322014,0.03611667095225163,0.036046049815889714,0.02975637306532089,0.03820171005686666,0.035387705686353424,0.030848621429909906,0.034112361615982516,0.033807480263245974,0.03989094174824065,0.03999990461451791,0.0349403565881754,0.034496999453978626,0.03997876918870016,0.03840579551793037
388,0.00014382,0.039287568863134684,0.03936534907525587,0.03786981664243998,0.038465011723850875,0.031657362240761516,0.03916747027105365,0.03631210105918473,0.024401545631669685,0.035079839125147824,0.03548447122227825,0.03998936925419929,0.03977166469460723,0.03581388424541689,0.03569550373655497,0.039971145780344136,0.03884615160138838
389,9.66e-05,0.036513026269887706,0.0360619790034111,0.03451914484049973,0.03623188705278879,0.027681049573912826,0.03999359026041085,0.0353128987066247,0.03560844397748504,0.03333182509635354,0.031070439636830635,0.03560844397748504,0.039652099657020434,0.03438573263238427,0.034478875204571574,0.03747520879154805,0.039095932494091
390,0.000144224,0.03936674438593042,0.03927866746711068,0.038393778835723716,0.03871130105223893,0.031713849730186094,0.024287433533087474,0.03935031970257265,0.024287433533087474,0.03787755807095344,0.03584715659141237,0.024287433533087474,0.039234675065204956,0.03892391402288621,0.038828858147814976,0.03920294981670357,0.03880930425886608
391,0.000118551,0.038392221619167104,0.03848088812243324,0.03667172768841717,0.03654692313449619,0.029734427955624074,0.03809747774172295,0.03720678109044599,0.03097985960923942,0.03537285545491559,0.0340309749420579,0.03097985960923942,0.039554618178015664,0.03675022448113033,0.03653474124976055,0.03794598841990922,0.03971727903118903
392,0.000155703,0.03976583846949737,0.03987922147972186,0.03879782549738699,0.03885392639222125,0.032462185605644844,0.03664145127811484,0.03935386424580242,0.0209423491311726,0.03815458848711426,0.036172787679612205,0.0209423491311726,0.034335982814308705,0.038989125770332825,0.03886483554566195,0.039793379832663234,0.039600541207921655
393,8.67e-05,0.03578275181660695,0.0365756141509011,0.03381667709413122,0.03332615276515641,0.026623541624611342,0.039993798937226044,0.037043101820825,0.039297805555673825,0.03461344024105242,0.031573596633747716,0.03726932331028182,0.03990681994946207,0.03592833961634005,0.035445085247426344,0.037041794495391515,0.03996457666577172
394,0.000168084,0.03990102467823851,0.039996918894123254,0.0394533265959961,0.03933136284771014,0.03322491117840746,0.03993382638371392,0.039587726857845736,0.017128672982315157,0.03857104404842155,0.037260821315759696,0.026027206624737537,0.03404056103409338,0.039235357318467626,0.038774260342897895,0.039928507936482005,0.039489117104427464
395,0.000153241,0.03975309924366096,0.03994718871786354,0.038485500868033685,0.037932841577942036,0.03227002961837195,0.03849112527454599,0.0374523309430545,0.021676003759175666,0.036461414145541306,0.03607126738762526,0.03997418490061224,0.034361475576334774,0.03719958188571665,0.03634641178871627,0.039998367292961676,0.039443781836299055
396,0.000189889,0.03998613908627968,0.03971917868157436,0.03964744464434926,0.03928526263021431,0.03433730579319641,0.03967452512356153,0.03906683542108308,0.00996006107158326,0.03871663383868561,0.03721602515512114,0.03961686980146919,0.027621442862879098,0.03898480272236207,0.03828990553751811,0.03951637472764248,0.039967900215235386
397,0.000118692,0.038185965794341484,0.038365764910178624,0.036494099857344475,0.035286712195009215,0.029681235853437175,0.03772896661832882,0.036375687656994615,0.03094651876588876,0.03590029921573468,0.032797207356107375,0.03925112479693462,0.03933323425980708,0.03629026580745222,0.034926647145216545,0.03918531022910422,0.03916183330106193
398,0.000357057,0.0351294361569983,0.03373177587826952,0.03709798841837256,0.0375034726543224,0.03915839447111853,0.03827588242393586,0.0399987430590259,0.014383907392581913,0.03974884519522543,0.03985833419594765,0.03781351245461608,0.02281231371904456,0.03995296304099084,0.03984447347956552,0.03910391984991036,0.03957538574472152
399,0.000487618,0.03493805784732061,0.028193686590713682,0.0363550857918922,0.038701823592401464,0.03999330612937954,0.035308141292581335,0.039989311899458736,0.024116405282683856,0.039927896593600944,0.039982465145104194,0.036422036585028586,0.012365663963045448,0.03999417613253419,0.03995352879543193,0.03880259186369951,0.03975870664575545
400,0.000262458,0.03999971692272118,0.039202617055582735,0.03948619239029349,0.039027473469005425,0.03672667596986674,0.03938107727163006,0.0381367551233972,0.0368672516316431,0.037553010713755025,0.0385599916090955,0.03999634297024617,0.03542362238868929,0.03774665912289373,0.03733295077198953,0.03932548510677524,0.038895037545052386
401,0.000285131,0.039830400242516106,0.03862124837268587,0.03999769782937622,0.0396941735906047,0.037453387448672715,0.03258736909966868,0.039880595439756375,0.026706992800005033,0.03976990673170655,0.038388620332013276,0.03866953995531535,0.034604748813768446,0.039868490474472315,0.03942670580542694,0.0399899865253978,0.03996071521452999
402,0.000314886,0.03993553146178972,0.038336161105607405,0.03997509556445038,0.039926201197718766,0.03814229079603984,0.02705796791612977,0.039993647536593645,0.027208540072826096,0.03974060302096983,0.0386695384126963,0.03651756391707804,0.03225921288817807,0.03991202175738559,0.039840427767435675,0.039944208950857756,0.03961246449308426
403,0.000227755,0.039453572234166345,0.039935133462914094,0.03907671131071773,0.03792720786687638,0.035566013874212765,0.034528949073822396,0.038456900320788204,0.03690476034684538,0.037802327492485535,0.037962612252605756,0.039381989069827227,0.03725938403935765,0.03841612497321413,0.03790607351554885,0.0394935887577921,0.03939425235862677
404,0.000263758,0.03997678438282308,0.039951995316814384,0.03987961480065243,0.03942986449321477,0.03694215903391111,0.02629516422166772,0.03940586749454886,0.031015086856053142,0.03851595004452141,0.03765837745078782,0.03680520992470522,0.03621842939822051,0.03923748331297499,0.038838179372527586,0.03993945068484459,0.039854939199993555
405,0.000283035,0.03997696651802711,0.0399207912363674,0.0399734010064926,0.039580475529522284,0.037486664656134636,0.03176291997063142,0.03989935808209122,0.021973175769997813,0.0397443400052652,0.0384388711315886,0.03719622687640592,0.036771448154552355,0.03976548186579565,0.039567685215033635,0.03740007478797584,0.039899737317022725
406,0.000175597,0.03878535044514291,0.03877259898910243,0.037648912442798915,0.03639334917074977,0.03326492044386253,0.03998651224858177,0.0376674469011276,0.03618790786868212,0.03655158719896542,0.03608449943160209,0.03974150331436665,0.03993044613341526,0.03755142334635621,0.036617105958651655,0.039488629111293805,0.039073804105223126
407,0.000338722,0.038761076823250695,0.03899726477394581,0.039584172640646634,0.03980204060915637,0.03876484073958958,0.033667284437307834,0.03989950827322769,-0.009632082579103085,0.03992709070308403,0.039295013565217154,0.03434004936336123,0.028105861884358582,0.03992515215929379,0.039973766026081416,0.0337737487706285,0.039214735899978356
408,0.00015804,0.03758474854505588,0.03659266537540892,0.03646802925166395,0.03825869601891437,0.03222473320215636,0.03986196646336416,0.036948288729312745,0.02023812043560698,0.03471916702010735,0.03445107921423278,0.03947148419306803,0.03900797538726039,0.036005894244076506,0.035580645781838297,0.0385695077862456,0.03807919747432123
409,0.00025332,0.039994599702827656,0.03988085618092811,0.03991957187521707,0.039930889280835206,0.03670263593259292,0.03636011089636114,0.03999961894747729,-0.013447807935913658,0.039911097043428614,0.03803792034283014,0.03595972351356125,0.030638373324563956,0.039999540216156614,0.03969774229136525,0.036293736999251286,0.0395687054106389
410,0.000220874,0.03957187813212924,0.03873638979042186,0.039173966251908166,0.039311285555536535,0.035509014056769685,0.03922697657003159,0.03993471825825543,-0.0010581322588777142,0.039783870537955277,0.037129699664764745,0.039647712086639704,0.03503081625690346,0.03997991805407919,0.03974655610768762,0.03336719934779203,0.03870960053429074
411,0.000193534,0.03927236289589567,0.03849480029829643,0.038587011336899193,0.03871506241435868,0.03428941229637837,0.03936866074884175,0.03927120747482406,0.008711227661777149,0.037037224211181094,0.03537632182076478,0.03994978638329161,0.03784259466979612,0.038566958107451574,0.03805152969480739,0.039812476105875926,0.03961801523830449
412,0.000241878,0.03998493109305769,0.039542275551167155,0.03970100413307539,0.039807591327401776,0.036360408864040863,0.03339888061714871,0.03945259573730564,0.008697642444222609,0.03794761404171888,0.036656114584912386,0.03989546794915802,0.03342238049075755,0.039079275871737165,0.03844797284362472,0.039734986815123614,0.03941609249635039
413,0.000283175,0.03964081086449739,0.039988785534793514,0.03996970880108777,0.039893807608740076,0.0375670268369679,0.021880780109107448,0.039538117669758364,0.02064868202629773,0.037906672723391384,0.03853280115395992,0.039692064960272555,0.02732631526346757,0.03888505917994758,0.03886959119777754,0.039528708586690324,0.0395979363110879
414,0.000539419,0.0275443147448146,0.030838411849369904,0.0362356248640497,0.03684202419299738,0.039945420554039,-0.06757499811377016,0.038522893361991876,-0.026659523814805602,0.03996844005860674,0.039998215830662896,0.030827392576091184,-0.031586734263640365,0.03929816145224007,0.039463830066437215,0.038703751575541324,0.03862147935864887
415,0.000400005,0.035466061157747406,0.03788412014629486,0.03999334469211352,0.03969990600591513,0.039408939973431326,-0.04291697982472856,0.03985176201884577,-0.019353847636424726,0.03975104464197566,0.03974675846948948,0.037011338438568506,-0.010822422046203428,0.039999854911918334,0.03999905117775125,0.039442125052028806,0.03993666797040334
416,0.000167459,0.039456315936465446,0.03879890079862797,0.035699916681554075,0.0339868042739436,0.032507580620308216,0.037068538042133115,0.03774101061737593,0.020689789990233395,0.03615463122238738,0.034527721078155854,0.03823473324949034,0.03605821065869706,0.03699628868935384,0.036745306708512004,0.03937638981746989,0.0374659117815726
417,0.000276706,0.039761847904375175,0.03996804841738877,0.0398205595994007,0.03972476971630641,0.03723848975817451,0.03299135491198041,0.03988707160608794,-0.022826284593293278,0.039695930814527984,0.037543905272473165,0.039935998364288364,0.025342760963463273,0.03999034403264633,0.039990412490322806,-0.022826284593293278,0.03981066544902184
418,0.000130896,0.03765141584511583,0.0358687204956194,0.034079560620428856,0.03442698681171851,0.030265224626357178,0.03966841065512719,0.037345779808208204,0.02791048092633175,0.035119162937124346,0.03357365092587168,0.03915113041047284,0.039190350274232275,0.03597100564242544,0.036514798668454786,0.02791048092633175,0.03820837652458069
419,0.000118779,0.03729203788196747,0.03577367552933905,0.034281929455870344,0.034328959409978675,0.02954568277896365,0.03092592597247419,0.03892181433245066,0.03092592597247419,0.037563704480187005,0.03202463519989246,0.03814302469184775,0.039250627713893566,0.039049107430445186,0.03791813079316616,0.03092592597247419,0.03968478669045497
420,0.000109409,0.03618414891025257,0.03516412775295031,0.03401827928386113,0.035362121991852555,0.02885207112620333,0.03304896453790043,0.039689151784156475,0.03994857767439541,0.03944005609082442,0.031455301684751316,0.03304896453790043,0.03966795445819668,0.03994967839538738,0.03977842479034822,0.03479849617101109,0.03756679729084874
421,0.000169974,0.03933695906817324,0.0389172454804667,0.03818269664261448,0.03895557835248767,0.03327868974884517,0.016529187609066312,0.03616473688743947,0.03942842308234474,0.03958587563509893,0.036481632188988845,0.030410706436443988,0.03291684624614308,0.03977361508167834,0.03962874837159487,0.027025903836778734,0.03481648850206702
422,0.000154398,0.03757107523724778,0.036291949631552134,0.03730009385001064,0.038091170861538556,0.032329575853499645,0.021332293376831457,0.035336247964128834,0.039960493453808726,0.039859947087671,0.03493312696239757,0.039904710506016745,0.025907352056897287,0.03954896277433201,0.039961817042922246,0.03882456819347492,0.03803074511370581
423,0.000161928,0.03837286792759598,0.0375198264505448,0.03790694400966399,0.03842412118802553,0.03281058611080781,0.019856124745877626,0.019050092692247042,0.03974810870116713,0.038596785759877704,0.03569166916389749,0.039929845691792934,0.019050092692247042,0.031995397766319905,0.03683005030612381,0.03589783560603675,0.019050092692247042
424,0.000119185,0.03629247635452018,0.034826899360485476,0.035415448981146486,0.03604908309488078,0.0297450790276765,0.03927508235704407,0.03082961710779558,0.03845539749903096,0.03917281635503533,0.03200824207524908,0.039767136387179186,0.03082961710779558,0.03082961710779558,0.037487125882210065,0.039591002324050155,0.03082961710779558
425,0.000167838,0.038982744921058576,0.038166456106664734,0.03848033977450639,0.03903596767829515,0.03316230736865476,0.03864922623850418,0.017206376198880588,0.03999992998125613,0.03650664483112988,0.03618460372453594,0.03958976410989543,0.017206376198880588,0.017206376198880588,0.0331037827038549,0.03996175673433929,0.017206376198880588
426,9.42e-05,0.034988665938873745,0.03403079294679948,0.033282219283066884,0.03328869605658803,0.027401762910020805,0.029779657273969133,0.039512488977967664,0.03929423493890316,0.03914350115727638,0.031087873135828007,0.03998693129161242,0.03603851544872948,0.03998361820275797,0.03881316080794171,0.036143186126034565,0.0392174223011486
427,0.000135128,0.03834397109336131,0.03792181747226639,0.037252941580559334,0.03774003483862109,0.031052013039184173,0.02907595218348772,0.03953913494799467,0.026792697563501777,0.03938142840487558,0.03431212260830423,0.026792697563501777,0.026792697563501777,0.03955779308782109,0.037812491831479014,0.039478667957771094,0.039829627991216685
428,0.000146325,0.039071311800513785,0.03890718288158181,0.03768571076301344,0.037813947035276865,0.03183099723301899,0.027103508165352272,0.03740386473401247,0.03190160517701693,0.037219952984043125,0.03629083220858582,0.03985504443269482,0.03705032629274119,0.03736158427169811,0.035406488641686495,0.03970626564579255,0.03797337454344145
429,0.000184332,0.03854622432506547,0.037902565241905536,0.03910141492910534,0.039018761071739766,0.034069381268767684,0.028425847009929756,0.0380604724412459,0.036796596355009564,0.03832201764792745,0.03766253223713702,0.03960428518907417,0.03985086380100043,0.03794435620889696,0.036283066302397374,0.03999613533510595,0.038477145378995964
430,0.0001724,0.03857029964144866,0.03821556358547207,0.03856138274142616,0.03921469752627475,0.0333980591379664,0.027868101376958818,0.037639773394564716,0.03783961596995837,0.03787798592902755,0.03862806252275987,0.03912071610613688,0.03927409941173897,0.03744990684784017,0.035535630336857985,0.03973803710630415,0.037839641034856375
431,0.00018733,0.03817532725766529,0.03710473543421555,0.03908072040818125,0.03948089052139765,0.034161004315110696,0.029660560269049476,0.03754607840010482,0.036094073963862966,0.03707687671079588,0.03831304945743498,0.039809957833056187,0.03874384034711682,0.03692293319394725,0.035727221386888566,0.03818151472547167,0.03737935331539052
432,0.000142641,0.03661582778578873,0.03530992300523851,0.037156043011019955,0.03757260561941347,0.03147557055101786,0.029534459497639404,0.03621255966725942,0.026773714265874146,0.03527443887570059,0.03678940934002599,0.03973313250623563,0.03634563990632803,0.035062708011287295,0.034233562611331717,0.03423445213530851,0.03543087423943222
433,0.000143282,0.03676527952502112,0.035777526167960996,0.03752463114428416,0.03821305782948507,0.03155228790778796,0.03396346304757091,0.038971260299210206,0.024553108584801017,0.03674707107252832,0.0380554077214127,0.024553108584801017,0.036296378304611424,0.0368920409548683,0.03699479842465314,0.03382407151503744,0.037714656866264025
434,0.000384151,0.038271850478283034,0.03926905001037596,0.03783766224056292,0.037202174629531515,0.039479374061510794,0.03812843993495904,0.02765665481948794,-0.06955145535568835,0.03918368214288556,0.03995725383698404,-0.06955145535568835,0.038697234900444674,0.038232848416099946,0.03607833147841333,0.03987966875724528,0.036209367020540964
435,0.000267588,0.03994666576618234,0.039324723030291206,0.03974638343424885,0.03958571245008327,0.03707854396924219,0.03918140608112465,0.033209924300493035,-0.01912902252424864,0.03979672772108658,0.03997267809112773,-0.01912902252424864,0.039249593477986296,0.0399805219474638,0.038163932402807174,0.03985807034261652,0.03950830512434682
436,0.000274993,0.03999848934523499,0.0396354454038746,0.03996269879984213,0.03982605127719473,0.037287917768689297,0.028689142409689505,-0.01763111586606142,0.017503722470078684,0.03998487999937315,0.03961117176463067,-0.022127871793821863,0.027420248606378664,0.0371318634136687,0.009938999321629421,0.02768255552980968,0.03270602736454305
437,0.000377452,0.039603813655107116,0.039930210986081634,0.03924571903146383,0.03985064216403338,0.03926908477364431,-0.06649481656385928,-0.06649481656385928,0.01543000825066354,0.036156402079678254,0.039874698422602134,-0.06649481656385928,-0.06649481656385928,0.011886938888503534,-0.06649481656385928,-0.06649481656385928,-0.06649481656385928
438,0.000360278,0.039467504404568664,0.03999884051973853,0.03986471012333712,0.03992565226649375,0.03895027390455771,0.019469733231068848,-0.05873543772474882,-0.05873543772474882,0.03649656027732674,0.03996792219677434,-0.05873543772474882,-0.05414831791113345,0.014410402298865282,-0.05873543772474882,0.024093103755452178,-0.05873543772474882
439,0.000225707,0.039529934478011584,0.038552941461250136,0.03882574527809203,0.03804626047369928,0.03545957988859785,0.03994947593015288,-0.0028528215372592425,-0.0028528215372592425,0.03997429736129869,0.03772752864222427,0.03796893373811606,0.028485039071604976,0.024575673286936134,-0.0028528215372592425,0.03983556580159172,-0.0028528215372592425
440,0.00019122,0.03852133064675703,0.036622248590143194,0.03853285430819552,0.037708947790225475,0.034037323761378635,0.038566987228949995,0.009505613640088478,0.009505613640088478,0.039994401646687265,0.03678249803045777,0.039804090509877814,0.02682873408783229,0.02979074695069138,0.009505613640088478,0.03856150018205856,0.009505613640088478
441,0.000136985,0.036392496092965076,0.03435321827505356,0.036280350153237315,0.035424400056072905,0.030861508915182946,0.03539694306376391,0.026292375828397566,0.026292375828397566,0.03939011203523178,0.03217457656436594,0.03967373645856428,0.026292375828397566,0.03570242089060344,0.026292375828397566,0.037218635712149006,0.026292375828397566
442,0.000176231,0.03833275208344311,0.03697592656711282,0.03858510516629104,0.03851806351303673,0.033489844915276575,0.03671878684722002,0.036659571831575144,0.014513772633995892,0.038596294114350116,0.03474210021556082,0.03999600485062984,0.014513772633995892,0.03859868403205341,0.014513772633995892,0.035568104905794554,0.02628487133580648
443,0.000132538,0.03623354539041787,0.03404526859524224,0.03638583392955483,0.035887961456804576,0.03073750622369332,0.035950046901238424,0.03998315324815447,0.027480547457692336,0.03581672646914204,0.030108764808526364,0.03927301157498908,0.0352225380397025,0.03991090662431191,0.03252239209713868,0.03765455832739088,0.03966982255393659
444,0.000181529,0.038905626873912705,0.037528636743272045,0.039062025036517435,0.03937951798681767,0.03388883731174058,0.03945361818065379,0.012771702848407535,0.03901263963302379,0.03966034975771071,0.031706288162487724,0.012771702848407535,0.037726395586151214,0.03167341462435247,0.012771702848407535,0.039560440528666675,0.012771702848407535
445,0.000189793,0.03941762886756415,0.038487425120064256,0.03909129773942202,0.0396526141606492,0.034291854589922614,0.03701825493829086,0.009992767960518983,0.039688617673537124,0.039986118153219896,0.036053179307184255,0.018269713373836247,0.03977138768605198,0.02537128216251701,0.009992767960518983,0.03880450920832476,0.017352705972877136
446,0.00014742,0.03817544610259142,0.0365771135326016,0.03740353918041145,0.03783152419659272,0.03180494702903805,0.038611164102334825,0.03600135117744241,0.03988436451810925,0.03753700160648242,0.029643116890719547,0.023375792855668903,0.03916735179720861,0.039989913003567974,0.037648853225267016,0.03762106324057901,0.03999627999867906
447,0.00015029,0.038586043861056976,0.03735218552975843,0.037790333864437683,0.03805660721147015,0.03203476430563701,0.03734606967006192,0.034351023362743996,0.039958620094398684,0.03803099569425919,0.03289295904310408,0.038505375323659816,0.03891190804155048,0.03997230281956952,0.03980122427288253,0.03922741239868097,0.03999940603648721
448,0.000115919,0.03620148941724657,0.03524477898737047,0.035712075509037364,0.0360710246656332,0.029447311693108,0.03656400476617659,0.03159448127969407,0.036576762280656934,0.0394462974951446,0.03136835055114865,0.0382135242168988,0.036904634977471706,0.039434988240875865,0.039468765570536295,0.03954624789323574,0.03377117516722285
449,0.000205843,0.039901336458819596,0.03967850901065038,0.039678193518506905,0.03993449974626993,0.035083858513974275,0.03978338534579061,0.004397290195820136,0.03994460593932038,0.029292003525199506,0.03158541518462372,0.032809743782204054,0.03985691381467943,0.012771964310596379,0.034606845251343665,0.03304256739769533,0.004397290195820136
450,9.69e-05,0.03567996644399046,0.035272810308341396,0.033548022153286575,0.03529986139025359,0.02765166880987333,0.03361290557211338,0.03755672199074223,0.036714713519233264,0.035553516644231925,0.031688824432459683,0.03902877827952053,0.03470988017077105,0.035553516644231925,0.03918455224182198,0.03926938716129849,0.035553516644231925
451,9.07e-05,0.035601829410827956,0.035623196558317874,0.03397353937017862,0.034953654816288246,0.027075168949896006,0.036257830009833306,0.036421702972687015,0.03382956365455385,0.039306264094830665,0.02618323581025815,0.0366349192129959,0.03302619024370116,0.0366349192129959,0.03871189577701862,0.03961651521028931,0.03976307574341519
452,0.000104438,0.0369311517277743,0.03717371947586219,0.03547315218266385,0.036706371122140695,0.028490607345887826,0.03995256163264605,0.03328403248211282,0.03347485438992199,0.03576379446648413,0.030946590724752684,0.03771882389515635,0.03238451989830032,0.03992767878885328,0.034092461691110215,0.035978929435080395,0.03891971081766469
453,0.000116252,0.038126790550738344,0.038654296998745646,0.03639596333498061,0.037368876586158783,0.02956655457129003,0.03971953381991296,0.03439975418640469,0.03746328332627829,0.03499815637916952,0.03807234116850031,0.03675411484721236,0.03144833719389712,0.039999995019344654,0.03555779795295075,0.03396489694932214,0.039972589421888916
454,0.000271201,0.03881019851878613,0.038861652189757824,0.039824430605896924,0.03938418765208502,0.037453335206260666,0.03926945570339465,0.03981995525572238,-0.020588047624237937,0.03995058341967054,0.0380487667847784,0.036026683182074776,0.037840558440736694,0.02829415146988415,0.028227390216816237,0.038505971712357666,0.00847326972563539
455,0.000127712,0.036300540597803216,0.03773562139435417,0.035854420292214195,0.03623377536177768,0.030370181103460632,0.03728739858559531,0.039788763317211394,0.039786243784311365,0.036955300982394745,0.039596777352868776,0.0287301818702502,0.029755171696124502,0.0287301818702502,0.03921658906167968,0.028458544708122147,0.0287301818702502
456,0.000436658,0.03573533622623967,0.032152236053491906,0.035608324451647175,0.03557209435210698,0.039876403657481164,0.03990991773574093,0.026291727113702076,0.03994246053189653,0.011790821209359287,0.03973223416617307,0.03944621155896025,0.03871385905778889,0.010883341724770235,0.039491783632424816,0.038495201545377736,0.03253805081976292
457,0.000540006,0.03015322987135384,0.02693547105456591,0.03677063424902864,0.03731272292035007,0.03995738478140008,0.03872262263314341,0.037177631317648584,0.036130043968086265,0.037320759622853916,-0.1445142098663743,0.03679330649535538,0.03852682020234552,0.037147262842817816,0.03597688236385111,0.03437551107131642,0.03659383581543903
458,0.001742539,0.009497896866750927,0.004203319290575713,-0.014788187773422334,0.0010499963499071008,0.012679168079065856,0.03842115132173407,0.03944528589474483,0.03979974670284236,0.03901030311697316,0.036447240363993855,0.039979598951734086,0.0362580178950222,0.03906523567795599,0.039181048087624154,0.038957322738519824,0.03914672004576874
459,0.004091064,-0.030897727461785984,-0.030273069619371512,-0.036594367857235216,0.007085593398438422,-0.06232414717083712,0.021989431453512384,0.03717011204103955,0.035112514946293305,0.03626272112704293,0.031107841146942164,0.036047249318835586,0.0102060339001252,0.03723658164835228,0.03759228238472055,0.03508047481626264,0.03779486586841777
460,0.00096078,0.03917092618697182,0.03966734342571375,0.03864551690784994,0.037227264754636655,0.039807686789643144,0.03781802113235075,0.034141440710799026,0.034250689318043155,0.034011098683957,0.03970713802909209,0.033396586107873216,0.03936759415113637,0.034072785974258155,0.034022595450823645,0.035548217355819894,0.03388563300142037
461,0.004965956,-0.03890373503197628,-0.01752811360327375,-0.052672198193061986,-0.017733277101637773,-0.057489563612280165,0.021554933114187755,0.034808262592237446,0.03429680072847632,0.035435962805534904,0.03408875722004058,0.03583688027050995,0.01024269651031437,0.03477351605570839,0.03495430125411397,0.030972491782864722,0.03595311717550577
462,0.001228146,0.0399754276352214,0.03985873898526947,0.038401641184882554,0.03695862030392799,0.03951070014108166,0.03930782948956729,0.0354678270618269,0.036312834413392794,0.03433438608773679,0.03989719627768111,0.03704131868704885,0.03988427416297899,0.03431690572077199,0.035456932082246755,0.03462995677110048,0.035026089992124886
463,0.000758536,0.03851004196904254,0.03825293257040504,0.038715522418607436,0.03733953286792627,0.039811665357022775,0.03778165762298557,0.0330657262515846,0.034367847696373625,0.03342226123944063,0.03900641623247225,0.03528797894915037,0.03701939488031717,0.03338721285459165,0.03327669706928046,0.033329346033678396,0.03274548388824692
464,0.000418979,0.03443014909341209,0.03425046358120808,0.035015721050371845,0.03428346492231167,0.03809506944831135,0.03491174079883812,0.03321569934988165,0.03231491724213027,0.031232379392549265,0.0387983822996254,0.03445386954823504,0.031096233326440504,0.032448563658511204,0.0323744447245368,0.03058029531234145,0.03202857113070437
465,0.000303893,0.032421257287653854,0.03257823479829807,0.03398573372494849,0.03341313431900369,0.035927575422355265,0.03477288729156129,0.03507584575765314,0.03388474162006218,0.032428771445266194,0.03970457546739422,0.03624210873738114,0.027482588506895878,0.033281708056318374,0.035959529708954885,0.03124500368238823,0.035004356881624954
466,0.000413583,0.03630277025351622,0.036683674449006366,0.03717817307057891,0.037412971755123064,0.03944209714553025,0.03999998967155172,0.01840594871816978,0.038660782953795526,0.029775774991555065,-0.08316670094487685,0.021049509063706687,0.03176123924745371,-0.007507243422452625,-0.08316670094487685,0.039963825188663926,-0.08175937502047917
467,0.000241831,0.032042591364540685,0.032616116402072806,0.03391923082287895,0.03426905642650131,0.03582374460441935,0.033655121045128425,0.036759602881281314,-0.008972089062147665,0.03579915098780785,-0.008972089062147665,0.039901032389207954,0.026712306120055318,0.036722135964565916,0.037499385547140364,0.03457226274902346,0.037895117858874665
468,0.000347248,0.0357635418929656,0.036455359842820265,0.03794584429670582,0.03874605085516877,0.038758543313756486,0.01909953920031389,0.039789394230475596,-0.03859229713316151,-0.01722694212574649,0.03804938500994581,0.0373926987259105,0.03165816391187028,-0.052925911082638,0.039162265988923334,0.03856182302520793,0.036115585567900524
469,0.000243239,0.03301835738971499,0.033033770451443505,0.03480210454389586,0.03561814274480135,0.03613746842967988,0.03996663095475441,0.0396802887046213,0.0378150833586525,0.03557365395362466,0.03465694311240541,-0.009515617168634777,0.029745719112918508,0.034861449696407074,0.038545211599004925,0.03618903229372343,0.037248089174127745
470,0.001172959,0.03550191208572365,0.03521429867323661,0.03233908051851987,0.027747143803299693,0.029187577216953753,0.006938203628217288,0.03800576354858176,0.03779207190871669,0.0396113540397142,0.039913011706986405,-0.055562108224900375,0.038469975794368054,0.03974703627931276,0.0392941946066005,0.03453735702917944,0.03951680072223006
471,0.000536188,0.039778639312472566,0.03957112755118819,0.038503686164918234,0.039505031028855705,0.03998500223995023,0.038346202697772606,0.03954955213401151,0.039627285865876494,0.039911969088661535,0.03457478204469525,0.03659450022057306,0.039668832691941665,0.03967341019428187,0.03844966749180331,0.038475889122300946,0.03879492199350651
472,0.000283695,0.03648056747365594,0.03569815565024337,0.03482084081796542,0.0384725874963211,0.036814141750438394,0.03763731731938286,0.03824794586809736,0.03693185961683941,0.037875502494089296,0.03468212583368399,0.038203877278553795,0.03669143156749817,0.03910648141316875,0.03606692401330596,0.03971658591852065,0.03720076723837287
473,0.000342711,0.03857425792567,0.03815909370191836,0.037113573076223594,0.038626910101551726,0.038419489507514296,0.03869475323212449,0.039989966607814904,0.03950214746772696,0.03905279176385193,0.03259403075676242,0.03997669854344997,0.03879281037534131,0.039955503029846004,0.03924661234526804,0.03916670112309448,0.03940377080558183
474,0.000331816,0.038456831522468066,0.03740917823732877,0.03663213993383904,0.03813118970810318,0.038214021657421667,0.0399533813617586,0.0397084954259611,0.03933431207708183,0.03846767551509661,0.034566702245194134,0.00683328408175482,0.03892305836424955,0.03991295507834168,0.03996519277789932,0.03558508318300688,0.03999959187324617
475,0.000699129,0.03911488506655974,0.039978929344861566,0.039971530325162125,0.0394337226826788,0.0389358352577222,0.027061816236398167,0.010662752957694144,0.004396967157277248,0.03712302669327586,0.036281098958921135,-0.07150089249217412,0.03831335936477875,0.019776177982620116,0.02035761513676418,0.03987049804900407,0.028600298090657228
476,0.000605355,0.03996269385475696,0.039485092170642444,0.03962745284889217,0.03971536103752432,0.03982975288517547,0.036709882297507865,0.02726160567723082,0.027881745111137904,0.03954519534420941,0.039472871490835115,-0.14900135718039087,0.03958859320204764,0.03652734923258051,0.025803429490447796,0.039869899696511134,0.03645059840175073
