row_id,TRUE,Model 1,Model 2,Model 3,Model 4,Model 5,Model 6,Model 7,Model 8,Model 9,Model 10,Model 11,Model 12,Model 13,Model 14,Model 15,Model 16
3,0.000131801,0.033144118332284894,0.0316805983623623,0.03043537131403647,0.03126759415314054,0.030133144290236953,0.033880278033689204,0.033880278033689204,0.033880278033689204,0.033228754274165065,0.033880278033689204,0.033880278033689204,0.033880278033689204,0.033880278033689204,0.033880278033689204,0.033880278033689204,0.033880278033689204
4,0.000280711,0.03943830739418647,0.038825148994916375,0.03770397874587057,0.03825038315781162,0.037255841504263434,0.039944751335987294,0.039606906493185996,0.039946891482844415,0.03891962723229353,0.039944751335987294,0.03977655545501701,0.03995925287632776,0.03975568629645601,0.039944751335987294,0.03998049692046003,0.039985679684811225
5,0.000405018,0.03962409646833982,0.03993473145171258,0.039622202463234404,0.03978621308088179,0.03949972370253924,0.03758290761256412,0.03998477554419736,0.039845084714917656,0.0399653858725958,0.039428353620426126,0.039943008126565815,0.03777383708789877,0.039960800720510295,0.03758290761256412,0.038848319802487326,0.0396359312806357
6,0.000245613,0.039308470970370595,0.0389455567852698,0.037100712393326574,0.03784615753146823,0.0363749260526213,0.035891582213429946,0.03827730384741116,0.03927959365699221,0.03839354973241271,0.039981200427499704,0.03921425877103422,0.039939800023171726,0.039179562476849075,0.03912804918274097,0.03991961253043992,0.039748605612501764
7,0.000268281,0.039819666474499145,0.0396764523251738,0.03799308875558096,0.03889341173455692,0.037291546316006084,0.032716754218560365,0.0399730250832112,0.03995548030156026,0.03999082438002964,0.03979904030580666,0.03992259873531497,0.03997793618889507,0.03995712638491359,0.032716754218560365,0.03851082205388444,0.03906637465418581
8,0.000207302,0.03906610222021993,0.03900055373988842,0.03576896071859141,0.036728324004925095,0.03509943658800292,0.03741672731394216,0.038370850621047135,0.039446396445503844,0.03933263916056707,0.039536064752559545,0.03898359422437761,0.03884340736733498,0.03923090066430915,0.03757416928021123,0.03987777540643733,0.03999259344778853
9,0.000205922,0.03862012715892715,0.038916280235520025,0.03596283920323237,0.03725613226647224,0.03497197785045502,0.0399308937599508,0.036690371715337025,0.038416719804992575,0.03783477944279706,0.0385074289167919,0.03705523416392634,0.03877088327060402,0.03764877911924372,0.03993654665371622,0.039639100375234056,0.03908115032301622
10,0.000261718,0.039868366482271655,0.03991890787596773,0.03808059266644552,0.03896927786238545,0.03719125898430231,0.039887457934858546,0.03860653826049774,0.039743848962339005,0.03947648942052764,0.03996789554395816,0.039000179314190045,0.03988949436858629,0.03907691845023817,0.039831646029056325,0.03995331448688639,0.03987518791600029
11,0.000215838,0.039038523940131034,0.03936225092398506,0.03674016452428136,0.03776133634106868,0.035524347911091436,0.03998789832626487,0.037469723631379764,0.039158310034613356,0.03833707232246269,0.039765628926822,0.037877164866270054,0.03940083598737931,0.037562818318896476,0.039892609300298164,0.03977524973230762,0.03890484067088306
12,0.000703466,0.02783227870066045,0.02468900397373648,0.03622745504251523,0.03381179764661757,0.038357949182248545,0.024324080206362786,0.03785526505113544,0.033014016674842314,0.038571541307251905,0.03655347847618394,0.037959336828800115,0.02694801900321632,0.03824373486411007,0.03158164173946461,0.03350996784638703,0.03643121329462187
13,0.000240718,0.03958773635117099,0.0399075441262816,0.03780544842327771,0.03873441813595263,0.03658954329951351,0.03995342922875655,0.03593888948540502,0.03835228442600874,0.03484902146273769,0.03991617172077881,0.03541887805979534,0.03987187008508732,0.03545994583432653,0.038233887353169536,0.03781446624307375,0.03626973189752959
14,0.000242953,0.03904149967283485,0.03896174183342262,0.038055370333465954,0.03891410047101483,0.03666768175576195,0.03780191502701905,0.037923078715570484,0.03936390620090146,0.03664023792857114,0.03937159702028857,0.03610397205371628,0.03999243960175465,0.03653489067438563,0.03928644611347631,0.039438561517080764,0.03735007717897891
15,0.000229403,0.03869273356861253,0.03808597160565039,0.03668384204035616,0.03779975188457678,0.035943228258535104,0.035922161788787654,0.03938973230837295,0.03978529626270131,0.039505916625366726,0.03980528882132059,0.03764298500902037,0.039767552670846786,0.03845332861471149,0.039862250541672806,0.03906946922817934,0.039600083640280406
16,0.000201581,0.037892720238278554,0.03741995833947895,0.0361979413412805,0.03733117538413139,0.03471391741762608,0.03973506318397831,0.03750398102939688,0.03870697861475739,0.03826479477663747,0.039555617299132734,0.03827084420413179,0.03998275232508447,0.03901240878223321,0.038609916947013885,0.03986691181125863,0.039999927949736586
17,0.000249015,0.039466184740207286,0.039160923223130126,0.03781713821948623,0.03867823573229834,0.03658281812509763,0.03906944546412358,0.03879396598962527,0.03953770651112706,0.03866501271000517,0.039892524632162696,0.03956533875410805,0.03821326453349517,0.039735268856364005,0.03704140528331716,0.03999371569764607,0.03994135962187539
18,0.000173731,0.03777130038479399,0.03756619616968111,0.03496462673777252,0.036124308859081966,0.03340488628953592,0.03912266843803411,0.03796060943320599,0.038318571908540586,0.037595233689560234,0.03996289825327159,0.03716910470002288,0.03989123200878598,0.037758965309153764,0.039897569358941995,0.03979384879850012,0.03914654068197834
19,0.000204285,0.03895014968651911,0.038955672106970866,0.03650183255336284,0.03758991603530672,0.03482296199702682,0.037599587940646086,0.039809197992387996,0.03932557424692914,0.039226532514799295,0.039962115676609136,0.03773526826344831,0.03977128780981896,0.038405098053892875,0.039691341263430165,0.037599587940646086,0.039680216183109816
20,0.00022122,0.03876270759710955,0.03921916427835619,0.03737064524556856,0.038057929574183594,0.03588456003000012,0.037139004583570195,0.03944671454207765,0.03885035256144036,0.037513253895029935,0.03940947545007652,0.03753388772108436,0.03999929291508503,0.03767469263547937,0.03999998507637646,0.03897638392180376,0.039067498953001906
21,0.00020689,0.038750211663109685,0.03936556799347038,0.037090157339908295,0.03771840424266468,0.03532542900753305,0.03744201449705263,0.03875941502497511,0.038477315850931657,0.0376365868368346,0.03964643716529266,0.03794300774392588,0.039961882706454815,0.038109492220749844,0.03987435667462574,0.0398277867988293,0.039499992361307
22,0.000173026,0.03783702724192711,0.0382986381874289,0.03572191194507354,0.036559590585814476,0.03369278906241559,0.03915007860405193,0.03832972329891707,0.03797714481990339,0.03846737995501616,0.03875403066951077,0.0380888743491868,0.03959387268591216,0.03872208069503224,0.03915007860405193,0.03999182173025709,0.039973473258524524
23,0.000205759,0.03914930387389559,0.039509033444665005,0.037310233752698096,0.03780450866113094,0.03531919575867201,0.03751091979537438,0.03841791214068115,0.038330252541232096,0.037737790249260994,0.03989364914393483,0.03767242231588866,0.03999603339693746,0.038345911014286915,0.03989410321060511,0.039999788055888656,0.039602271823649435
24,0.000304771,0.039906124146814596,0.03957377642628346,0.03970384271623789,0.0398436599001185,0.0383965279137132,0.03560080608641539,0.03961560194597094,0.0397046096863623,0.038968584792511876,0.03982397358061273,0.039022548386545154,0.03704859135390447,0.039391360503413575,0.03967814246080905,0.03941618593369329,0.03994095091868618
25,0.000334674,0.03943192168388567,0.038515168555592096,0.03996282185316508,0.03999262383379615,0.03898942603234598,0.02591038548331262,0.03999982186760608,0.03999185818206815,0.03974180601366805,0.03982611239478708,0.039757794988290754,0.032811906952866385,0.03992964013979389,0.03787931210288798,0.03749589115987893,0.03987513108061699
26,0.000171176,0.038734611705515495,0.039537858149450746,0.03620359556472694,0.03645615437728827,0.0336281529807933,0.039220190964569066,0.03782152709111013,0.03800003798604301,0.03616109109991674,0.03928123236349522,0.03601775026647188,0.03996521585624691,0.036772744580419875,0.03989542602761352,0.03993068793106477,0.03840068194658763
27,0.0002037,0.038518672710796904,0.03863165269694889,0.03747894430204087,0.03727313839549128,0.035181844624606204,0.037774605051379744,0.038257822196227906,0.03871162940285264,0.037103475424578515,0.03831342403332917,0.0367368817153815,0.03955660194863287,0.037593383626939696,0.03994736053402295,0.03999872796666479,0.039090794597967646
28,0.000251832,0.03938759165652064,0.03964099782762713,0.0387289923313524,0.038594474011252204,0.03692219383531048,0.038338058881486885,0.03903894850205811,0.03952881184304987,0.03869852902802273,0.03987816443969154,0.038302377930814896,0.03709792689513562,0.03886661700923842,0.03991146927490876,0.0396803698249966,0.039875319254406516
29,0.00023018,0.03920627107386346,0.03956952614681499,0.03842805330810645,0.03838453153737881,0.0362008339129573,0.03856116666690138,0.039057820606946944,0.039522060478268985,0.038695786078450485,0.03965655003717582,0.03865620100776937,0.03791697799698654,0.03898459170272757,0.039625100408173,0.039896658952424835,0.03996869541662258
30,0.00022652,0.039414683019088924,0.03970894471726436,0.03836566185662754,0.038219823842427406,0.03606853361733953,0.038836582113595294,0.03914996662789874,0.039546792293140356,0.03839693468575772,0.039743236146180104,0.03859477798252695,0.038463328844085674,0.03883530927178283,0.03965973195449033,0.039999549958929306,0.039918177264357195
31,0.000224171,0.039616871169721485,0.03994565757155089,0.0382159218365823,0.037971646265999956,0.03593986578767136,0.03950871117403559,0.038626040828870056,0.03927428341612885,0.03790337648748075,0.03984093526531188,0.037482107041592855,0.038498280451441824,0.03813247268925623,0.039995211709884564,0.039956318850882584,0.039492460148587843
32,0.000267203,0.03998880449513813,0.03983455080929968,0.039285178559836556,0.039130833651644686,0.037392404783463076,0.03329915743462272,0.03990455531152242,0.03999903233148786,0.0396584349939842,0.039736711879793614,0.03864780219099077,0.03545839425057125,0.0395056914297778,0.03839364571785323,0.038826937680672635,0.03999459580695918
33,0.000264708,0.03998359558579179,0.03999122152160727,0.03927240289450316,0.039209587951392955,0.037402232355412554,0.033038524733174965,0.03961203227730784,0.039630333611708875,0.03990075964133906,0.03994372177349135,0.03929266207929568,0.03594778371017196,0.039990549737225226,0.033038524733174965,0.033038524733174965,0.038956350925407536
34,0.000252513,0.03999142054044072,0.03993768759280366,0.03901699370473491,0.038997610941039734,0.03700823395672221,0.0340972136813652,0.03976718955175073,0.039907885898410045,0.039946981232467246,0.03988858889705285,0.039188532910040826,0.036892476252617365,0.039971660121547334,0.0340972136813652,0.0340972136813652,0.038868432681613156
35,0.000188347,0.03931213625530668,0.03965055364500761,0.036946090334944476,0.036804514042268865,0.03439812398294945,0.038472463176142925,0.03911660998820486,0.0389231865803156,0.03889723334332245,0.03895856133666492,0.036977973677671694,0.03886867105733004,0.0382705264934541,0.03923179631272353,0.038472463176142925,0.03980503175703627
36,0.000253201,0.03999595081207618,0.039991481535854904,0.03894449655949067,0.03890277423572161,0.03697818124412148,0.03403916209601014,0.03999970237972764,0.03998421400137391,0.03999994515772782,0.039461238924871196,0.03935381903923747,0.03403916209601014,0.039806561996495134,0.035131661653866275,0.03403916209601014,0.03970700514949063
37,0.000222491,0.03948197604774299,0.03893139657929823,0.03837167690449376,0.038480793239259875,0.035883978935321574,0.03641768056941931,0.03998571077036264,0.03996555542479901,0.0399754648686838,0.03922690071380418,0.03899695319676243,0.03641768056941931,0.03956541140673742,0.03641768056941931,0.03641768056941931,0.03992940977168756
38,0.000196573,0.03917721774964848,0.0387671869516464,0.037649601141375236,0.0379009390577279,0.03480153814159916,0.038525670757170075,0.039316568409761055,0.03960615091275152,0.03876630607107495,0.03903594813319693,0.03715350775478721,0.03804203687270836,0.03830314428136548,0.03957818026298069,0.03804203687270836,0.039580060460911955
39,0.000298344,0.03984337746931045,0.039942457582361444,0.0397820993470327,0.03984126461367586,0.038186983240312375,0.036242152871817326,0.03999946166607559,0.039667490083744324,0.03989658520439432,0.039955576534832296,0.03905065865902674,0.02981819596413751,0.03974506676264118,0.038298441484474935,0.0340857547283287,0.039988594743590865
40,0.000267833,0.03996288781286867,0.03999901688753351,0.039441685096059,0.03954744910578511,0.037431839380251644,0.03818905241131038,0.03981898369967439,0.039876514203816445,0.03949691723890038,0.03977579865331868,0.03854345715368038,0.03275737897076085,0.03920962628629851,0.03946223800603185,0.03779117927120557,0.039874660794157885
41,0.000362543,0.03812013242911336,0.03885476118351988,0.0399606965643103,0.03991825879844563,0.039329726515510824,0.03599248348145674,0.039935928575178775,0.03843929027588979,0.039984753005860366,0.03971264932671798,0.03993921749906394,0.023788989593844442,0.03996767468779901,0.03783287987893645,0.03668540133594769,0.039854703722027617
42,0.000206019,0.03967155398841115,0.039031492859908035,0.03783114103513631,0.03809955374650073,0.03526472870115785,0.03960766718207317,0.03708534060952254,0.03909218334000475,0.036691444798272604,0.03923987891805615,0.037049358161974216,0.03813884065925188,0.03661947500055916,0.039362740116101164,0.039626261331493606,0.03793150941879391
43,0.000171049,0.0391069091820461,0.038573780248685144,0.036325817772883455,0.03647346447230757,0.033447304865385344,0.039119574490731016,0.036114557451217215,0.038366385485057136,0.03652036983347813,0.03822660460298663,0.03658220364902484,0.03922490691827726,0.03601065120395948,0.039168019881151,0.03964616581087183,0.037825778628823234
44,0.000181302,0.039413005481750904,0.039198212559770546,0.0365096832905111,0.036905036649030346,0.03393656171611063,0.039861284811277965,0.03859257353770745,0.03974513550034459,0.0391540910930892,0.03829368319485389,0.03874285496797392,0.0388049347941695,0.03847422409140439,0.03949021612085253,0.0388049347941695,0.03992612795691045
45,0.00013355,0.03785070610448804,0.03735803783052215,0.034056140416882416,0.03448732374716132,0.030957066681294516,0.03999825065729747,0.03637852833662196,0.038404503885278704,0.03627393204754624,0.036326112061750654,0.037143107892374586,0.03999825065729747,0.036648456142526986,0.03999825065729747,0.03976891980878635,0.03914389342259777
46,0.000153348,0.03864862929352118,0.03854497289446132,0.03543672941370901,0.03597801660157407,0.03234369734243251,0.03975258026411732,0.03641643471618813,0.03831237937832282,0.036458421730267934,0.038186119180443304,0.037487390829845965,0.03999169726285645,0.036883256006556744,0.03999702629015931,0.03912579908976077,0.038891080275428966
47,7.69e-05,0.03332196677021599,0.03352289403035749,0.028774834626847594,0.029299476670774156,0.025619737977696226,0.03776918535737968,0.030079934588789083,0.03187478840041024,0.03086458059143156,0.03241924937936249,0.030839739188410764,0.03529404047520051,0.030136326058833502,0.0360073808774462,0.034022786715188894,0.032951628433073546
48,0.000426104,0.03511211874044991,0.03344053698644715,0.03941961303030732,0.038866291748676174,0.03988022083003576,0.014525523201155216,0.03772702854946451,0.036776390607309375,0.03836148603392293,0.03962018262854327,0.03847302692534938,0.03194861634717917,0.039038320417675285,0.025753951044944184,0.03176650735257419,0.03563207512203086
49,0.000187168,0.038936069219509636,0.03967376536217819,0.037517673745137786,0.037888358563418184,0.03458184442810623,0.038530485891641604,0.03802487376647276,0.03839001698947603,0.0356722135509518,0.03853642080711697,0.036784137171748194,0.03956520550560698,0.036406389400945496,0.039900634646566756,0.039131309975635464,0.03799938900984401
50,0.000168321,0.038663556801171686,0.03972133548194054,0.03705364458624131,0.037495196121789295,0.03367044048488903,0.038146759121866415,0.036931992548827716,0.037328715870924,0.033933076010721167,0.0377544004001137,0.035167454394207806,0.039203060864273324,0.03520603621164388,0.03933927205660724,0.038372242828623775,0.03666672424138062
51,0.000157722,0.03836951810989106,0.03959830747879472,0.03559438456865455,0.036145597800206805,0.03286870312792496,0.03305912256238494,0.03890675739009353,0.03834578427810929,0.03726907283453874,0.037747962274523345,0.03605386490597219,0.039837531505901115,0.037263009335668076,0.039680460321137166,0.03986206706095075,0.03896280008039233
52,0.00015315,0.03844932343896233,0.0396922631006186,0.03576136948138027,0.03608417320504112,0.03254404178314531,0.0332358594734095,0.03969914083216381,0.03924689851230234,0.03882752449490455,0.038100017054764596,0.03768287064143906,0.039997051560960235,0.03972059695405597,0.0332358594734095,0.0368830702297111,0.0388831848561174
53,0.000117331,0.03650468208164441,0.03781766805160304,0.033364796633186755,0.03365420711582384,0.029881850313678956,0.0399989696077779,0.037831468201439816,0.03723941232006801,0.03478378560540005,0.03717507953150726,0.03561108897895117,0.03984947640724034,0.03836944215125859,0.037786920869114386,0.03999526139071493,0.03995384016693884
54,0.000144438,0.03835592489865486,0.03943990044189116,0.03538060313168015,0.035583325423267004,0.032012716044318934,0.03998453997867548,0.038464751948918324,0.03854809214077178,0.03606134521874014,0.03842361090453485,0.036634260527989064,0.038209776934740876,0.03885998684714578,0.03450932811848785,0.037327703589225755,0.039913335025691214
55,9.32e-05,0.03527193556552327,0.037312968340589656,0.03119039005110013,0.031227907163724568,0.027513983855500405,0.039617476068979654,0.03670699910702257,0.03661502368534346,0.034640165841333684,0.03532647509653515,0.032892484961680075,0.039592830731255725,0.03651308770513036,0.039592830731255725,0.039592830731255725,0.03881028804840048
56,0.000162786,0.039129162023404405,0.03998283423933867,0.0367499862015052,0.0366325831861376,0.03329779611555658,0.037105337014323586,0.039931176370253285,0.039944770663450105,0.038871937725073774,0.038154002534131974,0.03763011235186443,0.03675322974772453,0.039650029510549155,0.031721150682238214,0.031721150682238214,0.039788770451164863
57,0.000170598,0.0395496601754378,0.039901225049245335,0.03718314613062071,0.03700959019462713,0.03378392032716052,0.03860167818510116,0.03925723182451303,0.03961110626715193,0.03727133986184259,0.03878158708486383,0.03674570826773825,0.038533552567030525,0.03834204317222258,0.03764078352594494,0.03343336212766056,0.039626778932274946
58,0.000197664,0.03968525545351413,0.039612091907945256,0.03845091310452223,0.03831773099270737,0.03520496507991146,0.038074567151821184,0.038818927207232214,0.03960582221406441,0.037237945207019084,0.03950031116716012,0.037690671290829265,0.038608831156949415,0.03830680365555143,0.039241194926038565,0.03919370700994514,0.03944522858587615
59,0.000292018,0.039249359254255864,0.03348741588977401,0.03996929340124774,0.039918157373699796,0.03831219099885688,0.03323875723908559,0.03993583416300195,0.039898247564739524,0.03955222339066258,0.03998082573272837,0.03987275982527705,0.03473735965555956,0.03986406109386173,0.03656650081164141,0.038225978973249315,0.039932686496022135
60,0.000268478,0.03945993171019862,0.03352327790206222,0.039813234257047005,0.03969767901300065,0.037723942674030606,0.038253004291398385,0.03927095930255919,0.03988459401446627,0.03858591863240849,0.039572380964810576,0.03931938323483339,0.037392496333669825,0.03912552129557611,0.039570506881560275,0.0399569881445537,0.0398169083736225
61,0.000238237,0.03977565261807496,0.03474969504791979,0.03936959000357578,0.0391974201466502,0.036745736161295825,0.03952245095959307,0.038376963561207025,0.03933705303193201,0.03749099439966777,0.03998630869375542,0.03858477445047633,0.03840206698906878,0.03829642022208227,0.03999608637183198,0.039815348789159176,0.039236978348837784
62,0.000398697,0.035545393816753354,0.028384159778704177,0.0395096273866725,0.039724563657519786,0.039747001707957086,0.021036038270835333,0.03965268987914657,0.0385228347479293,0.039932509487820185,0.03893978006233351,0.0395128929866878,0.02383459793061017,0.03967049521743961,0.031957886929501175,0.035787052367138916,0.03864384309305558
63,0.00017915,0.03971899520786203,0.03971134131954175,0.03728943366306311,0.03683415691445937,0.03399534772752459,0.03274085631977708,0.03820650877173328,0.03905135545495856,0.03751389109388009,0.03861053415334813,0.037751630147713364,0.039435023486252406,0.037789745048166914,0.03988635420374283,0.03998840399190715,0.038814526444588895
64,0.000188249,0.03993582120642934,0.038961028864836385,0.037703921169477295,0.03725020741805088,0.034416252031260135,0.032903271308500154,0.03847857869140512,0.03901498516463209,0.037387150816777626,0.03990033815241995,0.037510014984491205,0.03944854543267771,0.037637372390224924,0.03999789310602851,0.03999975513336623,0.03851416461242993
65,0.000240666,0.039970326974898246,0.039223570378416915,0.03891109501894388,0.03914265113646158,0.036474540436480477,0.032225388072405714,0.039333793978514955,0.03973299894788498,0.039335083167367946,0.039911882772842217,0.039174092559123595,0.036618026755900104,0.03907927114482193,0.039521978705166966,0.038864781906067535,0.03963186637013457
66,0.000238105,0.03992945440504836,0.03886486154189049,0.03916935087193799,0.038955587254892454,0.03636402799181439,0.03379286345513406,0.03889567703808609,0.039673703621526044,0.03912077397212878,0.03999458807126478,0.03952967775572305,0.037922041349895595,0.03917667410680521,0.03923750115209332,0.03972692551972859,0.039676645775807
67,0.000274413,0.03975613125802774,0.03779181251747489,0.03975749423792476,0.039617116056045204,0.03756852291366987,0.035229802345234124,0.03893202915546033,0.03989532293856686,0.03892478594796893,0.03979719384646273,0.03963274488686279,0.03864207129929762,0.03933071100239881,0.039436797823792565,0.0399995044428226,0.03964819078618137
68,0.000306776,0.039368738705864055,0.03811905625215165,0.039959236440900686,0.03990714921624327,0.038375857615421616,0.03800869424463895,0.03836179165723744,0.039923772150209376,0.038959231599198556,0.03983733804503354,0.039060348766059114,0.039270857820334834,0.03914412429147435,0.03993160870324154,0.039863067795286374,0.03943846492644426
69,0.000358684,0.0381353040918538,0.03733024972605446,0.0399195220049575,0.0399647593983321,0.03922582777792647,0.03772533467873957,0.03906648421154259,0.039957591085586094,0.03983538527876266,0.03997000127509398,0.03912989258380024,0.039240717338088135,0.039578378740557967,0.03981540043034468,0.03999889983260923,0.03982094860480933
70,0.000611488,0.02921422834525965,0.03050106909193258,0.03487877129061877,0.03668317586515095,0.039314893841788746,0.026921012841091066,0.03950425335768346,0.03556454084047801,0.03915043013172425,0.0363417792465216,0.03985314548738688,0.034667054414256146,0.03969522548483177,0.03683629456392902,0.036262789726624514,0.03927467563948637
71,0.000491348,0.03373652600022231,0.033955382175609145,0.03838591757672962,0.039264201649894435,0.039996553733141565,0.036552096308600845,0.03980416519773714,0.03968439692926109,0.03934872002402451,0.038656439818518955,0.039506238352233644,0.03893552337748687,0.03924954878478393,0.039999997810361544,0.03991146096522232,0.03953377083315249
72,0.001083124,0.03271172787280534,0.03313474822869848,0.01774896336865743,0.022281084600323478,0.030442118519121028,0.014339865303225008,0.0372460590377668,0.030513875627717693,0.03894096428723822,0.032810731715034194,0.037199146086114784,0.02016893863302925,0.03833469005311239,0.03442698152332259,0.03448532073669827,0.03789058778349143
73,0.000282867,0.03707584500691044,0.036144821838960894,0.039169987457752214,0.03856818589258592,0.037526706285384646,0.03994836268939173,0.03468713949455807,0.03780579265623206,0.03395855151038876,0.03990556706549639,0.03533042330196111,0.03964639612419087,0.0345368773404044,0.03680254198453277,0.036187035027955824,0.034701792632902934
74,0.00037463,0.03942673171247901,0.039107301230499464,0.03998091177115781,0.039852043134017606,0.039171606635528676,0.03735333644732376,0.038586981017996805,0.03995862791338434,0.03855933377782093,0.03993844520562259,0.038694462080390846,0.03956118989458943,0.038480144851274864,0.03974421137810179,0.039515593903543506,0.03860949842337478
75,0.000353604,0.03784178097215332,0.03845133924443285,0.03925414107101721,0.03951401034991042,0.038571742223374283,0.03642148268958628,0.039833672780802486,0.03970067249837943,0.03832997947897721,0.03941841447441201,0.03953250084148953,0.038331392143489344,0.039999671172859234,0.03820859890815972,0.038966152954806356,0.03984392741016684
76,0.000317143,0.03772274814942571,0.0381829101695395,0.03928912757713786,0.03917469580560805,0.03782631675618753,0.03754800118133977,0.03970929480638235,0.0389973885258355,0.03298411831952014,0.03756294247133456,0.039946992184346476,0.039377731862456765,0.02800916974978998,-0.002500881482850742,0.03948836231323794,0.00763793200138102
77,0.00041041,0.03921866377389348,0.03896831152996798,0.03996854617444625,0.03995437221813726,0.03935863863147082,0.03199691606168406,0.03975936161309772,0.03469388038568946,0.03882364977811666,0.030350864505599123,0.03951901487938691,0.03796062117555904,0.03582662723633426,0.009270312918328805,0.03735569554518188,0.034895741607367914
78,0.000311928,0.03811908403146569,0.0379253638002405,0.03908614536023021,0.039169877952105754,0.037899489577791115,0.03776237237729731,0.03973478491061127,0.03966423272655622,0.0391779426026047,0.033010248104555565,0.039132793282837364,0.039993903274968254,0.03860349876111808,0.03999972069732323,0.03883494453975595,0.0386083542585476
79,0.000418777,0.03805269034478048,0.039236293352702095,0.03999226436030065,0.039998128991192136,0.039518487346027566,0.0362263159316565,0.03976602655904409,0.03880090653627038,0.0399994981450756,0.03645454132270563,0.039930004775567435,0.039761120364084745,0.03954379881302076,0.039796092045366584,0.03624658218665684,0.039691384756459905
80,0.000315332,0.03654187636028236,0.037590182519324125,0.03918135478747306,0.03903077099990157,0.03831922606967866,0.039586227196181184,0.03948570133400346,0.039983760448930296,0.038552076713532946,0.039643925444456975,0.039375639423432765,0.03936046544455052,0.03867910702265065,0.03997474818601575,0.03999183491568203,0.03901591247998747
81,0.000353642,0.03811032405496781,0.039037810639923454,0.03967592549721952,0.039566428329974666,0.038975563529904465,0.037973027808363605,0.039621998179624585,0.03970351053433962,0.03994598536541341,0.039045468287181494,0.03985137998541349,0.03989279133054355,0.03996867160058917,0.03484224576776167,0.03997142296273894,0.03980819578582853
82,0.000395317,0.03929203648544789,0.03987579767240484,0.03988376414345036,0.039801834521519794,0.03949106025339513,0.0355083428227603,0.03999411541518502,0.03764141467509564,0.03136861986049559,0.03946108366988517,0.03983165735669701,0.03989121962043319,0.028094008812631258,-0.02424228257488678,0.03837800730534526,0.020896088780880673
83,0.000381964,0.039234905866270306,0.0399047715215657,0.03983269513299358,0.03978471058926858,0.03935905031960743,0.0370817895373442,0.03992898220236146,0.039180113269249736,0.039985933447065906,0.038472958573297675,0.038875349586418584,0.03975778641705186,0.03975692841689561,0.03109864064997575,0.03728650467964843,0.03961637276838226
84,0.00068198,0.03850628369793811,0.037079181360322455,0.03764342730673495,0.037829316938664495,0.0389138257325091,0.018559230021713988,0.03780950174021755,0.034270655154861995,0.03963818885387853,0.03738057969652232,0.03971599410372228,0.030624437512728517,0.03921126436242418,0.03388888670498319,0.024884996029030923,0.03919479091658908
85,0.000350787,0.03908844208337631,0.039097229441812195,0.03947650071069902,0.03935027291803665,0.038934953719440474,0.03450182680566839,0.03910474852001675,0.039850707851265446,0.03776622543280604,0.03902743627496676,0.03830540153524202,0.03976093674171811,0.038149333575228095,0.03992067439930239,0.03964711696851932,0.038151503912250286
86,0.000514693,0.03999992517673625,0.03988526831690893,0.03981729722955265,0.03987828521169166,0.03999631866789869,0.019571804607864937,0.03999113742884414,0.039556867824361464,0.039877730442206064,0.035023486665693576,0.039991536131313996,0.03588100009631573,0.03996886981593289,0.03882370318242555,0.0377594911242762,0.03997992603575348
87,0.00051649,0.03992568446730004,0.03999936362027278,0.03996044516923,0.03989524510423147,0.03999944976534316,0.025046343416335964,0.03999996118977105,0.03953577340874472,0.03997561181062861,0.03900424538715377,0.03998459874038937,0.034833285461094377,0.03988618197711217,0.0372007963544085,0.038246216657074596,0.039783518829160786
88,0.000361912,0.0394042073700602,0.038510610110211604,0.039418234505175634,0.03961691050728965,0.03894622422742936,0.0363394669024171,0.03889720051571126,0.03996371955328141,0.03969999156764792,0.039290595129882165,0.03958884559203059,0.03929674517843853,0.03999930564318277,0.03698962077550498,0.03995018274993585,0.03994850083448743
89,0.000375214,0.039669413769370825,0.03910240853350627,0.03936494676533443,0.03958382291972315,0.03909620092129,0.03696677864970288,0.03952577514959936,0.039967442006862114,0.03951316382917017,0.038603774108088434,0.03992558863996415,0.03919216289643898,0.039988946102547836,0.037880402986897724,0.039978579611008105,0.03999850894231413
90,0.000368143,0.03937252227790586,0.03807916471865612,0.03918323873622735,0.03945693706354029,0.038967332943535764,0.03908393828316894,0.03945193639120445,0.03999922094324097,0.03940586456421416,0.038813225631523306,0.0397744650211483,0.03958880353346385,0.03963699610224086,0.03975961731544496,0.03980051225129621,0.03977402589553222
91,0.000488166,0.03996416023532834,0.039592396379323054,0.03999895945409841,0.039954681765691114,0.039945447971157504,0.03759350442202464,0.039996452692228304,0.039325204526463604,0.03997671503780755,0.037248455529784424,0.03999997600906203,0.03799695472445629,0.0399989316011226,0.03839775696134345,0.03877441042187161,0.03995103438286103
92,0.000309623,0.03914140924805934,0.03741256986035823,0.038324872989023005,0.038740380769433216,0.03802691700363006,0.03993740458839089,0.038441759318492176,0.0396515551182638,0.03769074477648071,0.039832265208601184,0.03852148039013652,0.03983311944179684,0.0384306530182933,0.03998263537946696,0.039635359707104224,0.03869257283357982
93,0.000310063,0.03915805617653126,0.03776245596661057,0.03831547298773299,0.03865687961518317,0.03801296903020299,0.03882078454309107,0.03890442928792831,0.03995144338213091,0.039384864940509995,0.035700588829030974,0.039229349957194376,0.039868783413253735,0.03963661497888067,0.03917256333798217,0.0398876184317798,0.03982222689572064
94,0.000492353,0.03979683665468934,0.039793477914084927,0.03999649701072194,0.03999515596126451,0.03998280389314253,0.02474025319863972,0.03964772034647316,0.03726517858393391,0.03907785754078553,0.03673818652677255,0.03967955127190874,0.03840496936466317,0.03870665880960103,0.027775106316099155,0.03720971701104654,0.038216431525108834
95,0.000332375,0.03972694062328989,0.03859118725551677,0.03890791533908152,0.039097589141477436,0.0385627659823054,0.03328771490098191,0.03950863250094048,0.03998401411230683,0.039124251415204855,0.03927562098510334,0.03937275602632815,0.03999378156115387,0.039629892823869695,0.03876040303455806,0.039985204963236064,0.039676722932660634
96,0.000272545,0.0364511611490141,0.03403109784836039,0.03770732826958388,0.037880058187672566,0.03720678064797026,0.03474466078644278,0.03879431783944559,0.039785115484273235,0.03759240991895789,0.03918043718724646,0.038410614293292525,0.039719958658796045,0.03843412224910757,0.03991620253942848,0.039882978216002125,0.03834808753844468
97,0.000231326,0.035070727716876804,0.03190696777711476,0.03641322153160283,0.03700871829275905,0.03579698659310801,0.03829801974045342,0.03809451266893932,0.03942904761055926,0.037909125004441935,0.039848533473356144,0.03800061783397152,0.039366761120884136,0.03825268406417541,0.03990500589248999,0.03994113668366844,0.03824883813649543
98,0.000269035,0.037148483727775176,0.0347393714984799,0.037774370925615405,0.038334833732064866,0.037029540077323564,0.03955614264332325,0.03876182944227491,0.03995453882712735,0.03954118482983579,0.03931664214671358,0.03938765809642035,0.039863781471534444,0.0398059057608922,0.037598917876200934,0.03999833224187032,0.03986665227301183
99,0.000263754,0.037071399766560945,0.034993347991674306,0.03781804115744572,0.038668330363983115,0.03701904858609778,0.03995303364763878,0.03832877209421536,0.039961091807180715,0.038972245124292065,0.03901842189127686,0.038940781399219145,0.03965073514168073,0.03973332531411738,0.03804652773341469,0.03983212950048482,0.03974199064939205
100,0.000458318,0.03999757655765771,0.039528055107960744,0.03998512854732753,0.039736986595067046,0.03994337825589545,0.03818998430287634,0.03994022821392673,0.03587808568827057,0.03964337841774539,0.03176358610170628,0.0399096470913809,0.03891530736218306,0.038965962226665304,0.03134588038463075,0.03795535863089192,0.039051835789846355
101,0.000303349,0.03897400361444431,0.037694398386053596,0.038829797268426613,0.03943203116286284,0.03810642238218665,0.03991427775727243,0.03914180754925371,0.03967670979374995,0.03972143789519207,0.03939897334633038,0.038687304926241076,0.039702478542089074,0.039582202368377825,0.039732444249290254,0.039991053132761856,0.03960545653003703
102,0.000266679,0.03827646505328038,0.0361958777934262,0.03816345084437771,0.03897024182344009,0.03729225448125115,0.03919966106130755,0.038071584345216195,0.039948478079835384,0.03821322944634955,0.03964679990118948,0.036976933523051925,0.03876409721215687,0.037654080704159355,0.03955282342856249,0.03985363494374587,0.03783499821870037
103,0.000227385,0.03444341353053069,0.03159703850959325,0.03662114502732642,0.03739859654343197,0.035913694339355214,0.03832472766406032,0.03618705415630734,0.03876083903875083,0.03534791134744136,0.03998432534436991,0.034909021923507144,0.03793469346396721,0.034810409076800164,0.037585970396866786,0.038794274579749426,0.034962967163486416
104,0.000905036,0.038764461592853315,0.03970096817039652,0.03240407034879447,0.029111710687533626,0.034956802526817515,0.020013325861253317,0.035869649823135064,0.025753506136286658,0.03683568053643747,0.03287653985801145,0.03558588971312203,0.02608138805074199,0.036368092166420174,0.028113926254980826,0.0290579468274072,0.0363935497275225
105,0.0002791,0.03571030690522639,0.03456711501827457,0.038400935544436465,0.03911204217204586,0.037538873308936266,0.03996553909174852,0.03703669459971111,0.03957489994415626,0.03696849597270668,0.03931925096744271,0.037712597935937245,0.039711291053560874,0.03787408251487209,0.039737483812260214,0.03839494688103521,0.03761338021211476
106,0.000207963,0.03387245100232672,0.032973313994762714,0.03630806480157868,0.037116954300986583,0.03512846158285421,0.03980076736395319,0.03470285642998093,0.0382605499752339,0.03516834894636631,0.039653943334659734,0.035190997484196435,0.03860146256584956,0.036518852328879345,0.0389865338033554,0.03612852180472456,0.036096793946377506
107,0.00040265,0.03940412662636561,0.03867126794713886,0.03955373619939554,0.03981308498247974,0.039470456482366634,0.03563610075381313,0.039908029069549183,0.03902804464884261,0.03903781500227219,0.038869430906918995,0.039954792108457406,0.037803424428066085,0.03983854129167719,0.03590719387734784,0.03680461884851455,0.03979483539752504
108,0.000277564,0.03771386953555974,0.03666850563685879,0.03810049682848458,0.03882072981558785,0.0372276801758586,0.039518744627093705,0.03864535504354645,0.039960260056626284,0.039897647938852976,0.03744728078838312,0.03939182415172748,0.039994125025831176,0.03983826593266203,0.03844519585837959,0.03824520602136704,0.03998369686468998
109,0.000331233,0.039151885591361325,0.03806976024623792,0.039354844079120516,0.03981221093662095,0.038554468286852515,0.03963889523618938,0.039057486731567115,0.03998025227385534,0.03878891754413547,0.038495137629008316,0.039749934858474646,0.039995951078080315,0.039775315549395146,0.03939534489287511,0.039998124678582235,0.039887222241460234
110,0.001053117,0.026442958233091368,0.032573765886892744,0.02893916856963799,0.025594133992183257,0.03207000220276861,0.017841295944836036,0.03707998869622517,0.028267221547406546,0.03772406199683478,0.03204110671829942,0.034846375780420366,0.023806132712101524,0.036110245541751726,0.02936187989794288,0.03164600633850066,0.0361129454486859
111,0.000560713,0.038881462446894735,0.03980387487691755,0.03932056148082384,0.03847328788456948,0.0399275083324956,0.03779855548376333,0.03949976007301022,0.03988000678355663,0.039002022991413726,0.03933499859484532,0.0392870331268943,0.0392310745422077,0.03888050701962678,0.03985525571851332,0.039947715017123235,0.03879136062112827
112,0.000679077,0.036075926196277405,0.03785974483392191,0.03719370217783892,0.03610723825413817,0.0387724225085646,0.03283497972513354,0.03994732768071365,0.038674836524094126,0.03990257133788917,0.039266985797371194,0.03996763968725982,0.03854383003254911,0.03987210331615792,0.03982116225079545,0.039791975641346636,0.039859104960459094
113,0.000498868,0.039774074355656865,0.03995174284519826,0.03999558312079426,0.03999853043010485,0.0399887181200517,0.036929536884351674,0.03987101664738351,0.03968187077125372,0.03998089070916869,0.03946091303601438,0.03986677430338612,0.03969871520130375,0.039858737663810935,0.039624546156203484,0.03989659820451419,0.039945412229660714
114,0.000356021,0.039701739104394125,0.038267333933580464,0.03914017437419864,0.03921089992853201,0.038647620697918675,0.03941452043045205,0.038648361838578185,0.03999174614926752,0.039556331496988555,0.03963976437295151,0.03956156687805375,0.03999820370548642,0.03992017297859873,0.03863695393474718,0.03983742656970441,0.03999841143788762
115,0.00030664,0.039280241984159844,0.0372730342123053,0.037963697474368445,0.037919332546836985,0.037570434696133304,0.03965115099065554,0.03872382140671328,0.03999508342878128,0.03914685878591377,0.03775434194867853,0.039256902361410106,0.03997619120568541,0.03997982911070062,0.03696912229941848,0.03991419521529704,0.03998063149069259
116,0.000303419,0.03935066186891238,0.036958476387551106,0.037984692679313106,0.03805918657259452,0.037438512193631965,0.03907980372025686,0.039266381703252085,0.03980709517889491,0.039901943619607895,0.039779646132190344,0.03923112269014209,0.03957393776192084,0.03998705522357286,0.03600910595394849,0.039457117293961994,0.03999995742990315
117,0.000297734,0.037976322233189266,0.03463058567257145,0.037965289254654457,0.038124993981169336,0.037175941038802715,0.039232552841962066,0.03983000004417523,0.0393220982163638,0.03987681229284836,0.03563774802352028,0.03922337063967928,0.03974542033360231,0.03997156654571211,0.03565495005087013,0.03823808187728154,0.039983381807041245
118,0.00036418,0.03956365095677942,0.037554781698298234,0.039376697906629704,0.039624882637132104,0.038917967435425395,0.03816843761594295,0.039975324822958944,0.037976428461145385,0.03999861391774234,0.03402085813694811,0.03992565031700282,0.03986047263766779,0.039983557502814564,0.03562833979259279,0.03648101360339821,0.03997853744095316
119,0.000352922,0.03948180781594814,0.03772593665314632,0.03934214287893462,0.039643841487738946,0.03881783198878237,0.038840747115465195,0.039969242970385135,0.0391526563242326,0.039298585955412746,0.03992641072120085,0.039879238435067674,0.03999326697081532,0.03957208352702617,0.03901518516410821,0.038707178664414886,0.039633350800537856
120,0.000223425,0.03719502535742679,0.035152909322174714,0.03643324429960998,0.037249189034369495,0.03557926972881646,0.03967955525535625,0.0375151434735609,0.03963233382066843,0.036713766456911476,0.03988076466345494,0.038046213485559005,0.03752919162037276,0.03764938401769395,0.039979383239090456,0.03937629505579749,0.037925639585927276
121,0.000352033,0.0389271390315312,0.036808846568633605,0.039393608962376425,0.03986655471247559,0.03900699508934166,0.03985975387746233,0.03965851725344815,0.03934026793856906,0.03999282581145381,0.03659665023404417,0.03988824563456914,0.039815800141032275,0.03980247394326509,0.032618603074113434,0.03991802129847812,0.039457979154955934
122,0.000475379,0.03999588914299308,0.03930915685793705,0.03998902028670882,0.03975650382952419,0.03998240296532345,0.038962975265863876,0.03998477827221163,0.037587074232145044,0.0399456858736547,0.03987264904079274,0.03999038599213662,0.039533051756600164,0.03951751417900655,0.03358684466693873,0.03850225681723491,0.03932174856007959
123,0.000259382,0.03691352753821596,0.03524879288910146,0.03771399256746497,0.03864885350735101,0.036979064407258594,0.039486245629595795,0.037926712165314874,0.03959210133275147,0.03664880357074439,0.0397894006201695,0.03764902761177901,0.0391632684687209,0.0376154900646304,0.03973922080727451,0.03967764534524259,0.03770595165599891
124,0.00027246,0.03794282452273923,0.03675016123931604,0.03787610442651174,0.03855540794319648,0.03735729941094549,0.03998718438977749,0.03894476181059631,0.03990835985510542,0.03814331376252231,0.03923235221810412,0.03880445857046727,0.039813789820426965,0.03882818289024023,0.03995645519077185,0.0399654248916676,0.0389218441046302
125,0.000393864,0.039911681740191225,0.03954401146372511,0.03969362933440226,0.03995883347736316,0.0394882182096145,0.03425264813702043,0.03998965831604313,0.03893066420176196,0.039881191811840515,0.039499052803745466,0.039998380407510616,0.03861817031982329,0.03966421597839938,0.033454006879830134,0.035484814387919186,0.03949859957905782
126,0.000268232,0.038379253886010614,0.037711734307754145,0.03784892321228082,0.0385331600541436,0.037154936284132946,0.03754457075729028,0.03885893696688711,0.039850074982346745,0.03881496539774075,0.039477746948020524,0.038626638233346264,0.03999869302806896,0.03947204804259441,0.039280865752217446,0.039897432245608024,0.03955599902476427
127,0.000304772,0.0394712871920768,0.039074938064758986,0.03869803145504154,0.03929493693642642,0.03816970681803154,0.03290608761003186,0.039512826908712606,0.039961757083540675,0.038850092872991696,0.03764347558351348,0.03936113657352713,0.039834563025464474,0.039513499868643706,0.039417372907788316,0.039710327140616924,0.039517877137466476
128,0.000307693,0.039768170576341175,0.03960307512555997,0.03854069193598021,0.039069507346549834,0.03815549156158193,0.0346897945405531,0.039177543732652025,0.03985834118646056,0.03904204422738999,0.03971238893257344,0.03949416666891437,0.039817971487246716,0.039459719298268206,0.03961769292527537,0.039853941409017477,0.03954749364012605
129,0.000395735,0.03973761630808523,0.039941871853658356,0.039877734747796545,0.03999084100497954,0.03951932234158185,0.03559414719979773,0.03959109358155927,0.03999256048759959,0.03974551459187074,0.03842641952020454,0.0399880617770354,0.0391112379191821,0.03998333197140328,0.03863185945403545,0.03990132703246479,0.039999917805494854
130,0.000368797,0.0399705651262828,0.039990652679178944,0.03969666731518917,0.039975053094764325,0.03928774884216074,0.038935818426086496,0.038862535297299286,0.039915917046644336,0.039155223392442304,0.038643417868551896,0.039696688873410664,0.039882854666780626,0.039662502299152615,0.03975585181852407,0.039883064151330055,0.03977601277027752
131,0.00067758,0.03426337083246388,0.03641526725501332,0.03784336512664133,0.03618376103296733,0.03879896631198493,0.027085059534461026,0.03922483314068957,0.03622413743574643,0.039303185611123934,0.03490992184097305,0.038692731271991125,0.03362321703622276,0.038919121744044445,0.03448618593356406,0.036153360823537026,0.03858697361298021
132,0.000468723,0.039565776942960006,0.03999996650646841,0.039990969874097976,0.03972979549224659,0.03996436255994291,0.03605437794789133,0.03988074978441418,0.03981961778787578,0.03917588013793963,0.03799602747449318,0.03957685459584199,0.039272551770659754,0.039429299824923866,0.03992702976263389,0.039904540453931936,0.03954208569369499
133,0.000438009,0.03959790696937653,0.03998840732113438,0.03998611834278198,0.039920678529457305,0.039852173205504535,0.0379849383825773,0.03929314249890524,0.03999702325666659,0.03836348855075947,0.03821757970578521,0.03904398898558754,0.03975851115956173,0.03888396263434574,0.039966751622874476,0.039897720641973916,0.039035885924933095
134,0.000342382,0.039993080780963086,0.039222833676630244,0.038874843297276224,0.03942447301598247,0.03869065355864163,0.03979524270035665,0.03819333651397648,0.03958626033891313,0.038533918356951906,0.039997877602032356,0.03851600283404988,0.03998063413192388,0.0384446489972229,0.039838106399793675,0.039614935826637575,0.03877568404314205
135,0.000361529,0.03984815578890697,0.039387593010952966,0.03940400739870885,0.039648507154419345,0.03892545149622702,0.038617428110942716,0.039273156839814936,0.03999683495062881,0.03991994950578579,0.03941402546437515,0.03982372817165167,0.039327475671304714,0.03997236683693166,0.03839211596035346,0.039997763160519305,0.039986645859655355
136,0.000360953,0.03993836909199534,0.039415259584876676,0.03941708836548122,0.03955759700364127,0.03887233287741673,0.036748714019368064,0.03963902809948513,0.039670417386088896,0.03987645518966089,0.03825170547687922,0.03997063094674853,0.038811110857116145,0.039924908846005455,0.03496254010897165,0.03994357548087739,0.0397902328458398
137,0.000359115,0.039970224410641554,0.039641447919878905,0.039540551750791186,0.03957905004037227,0.038888465592834875,0.03623469193379977,0.03962707842654659,0.039483760376823024,0.03975573703621648,0.03958814440040031,0.03970761214134212,0.03878686494584094,0.03999120452397072,0.037591704836115826,0.03971714914614406,0.03999988608470174
138,0.000336252,0.03921970896185252,0.03782804247920343,0.03928433972471273,0.03923310534218613,0.03846675191175214,0.03691182849871216,0.03979943565269543,0.03937199739965395,0.03991207683749937,0.039179991111088684,0.039215452782343396,0.03936296999993945,0.0398991488544693,0.038386665624869296,0.039275156993453346,0.0399733458426531
139,0.000415158,0.03997644493179993,0.039515127203744276,0.039965178198065165,0.03993666766375407,0.03963179051993114,0.032978022551910846,0.03983966391824691,0.036578551412342744,0.03948793981024848,0.0355200038712737,0.03999991762317487,0.03901969637519793,0.03967590810313644,0.033039817867461185,0.03610946555025554,0.039228983544087784
140,0.000303323,0.03917865495242957,0.03777783895524062,0.038855633988249094,0.038705164691385206,0.03798000323058846,0.03967894420246084,0.03943215454938188,0.03986396806320775,0.03975307764176112,0.03981618220517037,0.039396973236566754,0.03982962568497955,0.03958813532439404,0.03916851393834451,0.03981501545479358,0.039906817953070196
141,0.000442639,0.03993908177055432,0.039882649102837904,0.03999786262947246,0.039999999909980335,0.03985843483743136,0.03885823715541482,0.03999452633647673,0.03859622867024242,0.03998483812833186,0.0383241300723177,0.039985997483659726,0.03946856261503362,0.03999868898716092,0.03802160754222477,0.03821250340233601,0.039855171154063784
142,0.000300426,0.039521070087027176,0.03883415885965613,0.038710888654110376,0.038599655553808745,0.03793809477937406,0.039907242554278556,0.038979418130245906,0.03997170336716314,0.03884629322000741,0.03884319268578688,0.03879512130652345,0.03992789675465874,0.03865055915606668,0.03999296624464679,0.03998550876766583,0.039151878405979446
143,0.000263335,0.03926443948888282,0.03854981881756263,0.03801887598887735,0.03817969702672318,0.036968856818166786,0.0399727098551659,0.038843857050255254,0.03993541700268909,0.03820260496216305,0.03999114192040333,0.038375228483544285,0.03983129109611955,0.038445164609407216,0.03999939340888918,0.039998852813788725,0.038906885545857466
144,0.000251153,0.03933232894447297,0.03857699306644084,0.037451879790189574,0.037316929547793413,0.036547341157519245,0.03997248242045039,0.03889198055434198,0.039926745046066144,0.03821825256310308,0.03999941929699851,0.038130268727855465,0.039932656768207064,0.0386165265522676,0.039970023987548724,0.03997493116862942,0.038985723691940644
145,0.000304619,0.03999750422877321,0.039860878027244424,0.03886978738735683,0.03886259016814171,0.03804919933410508,0.03890229012654098,0.03943728362847489,0.0399773530323886,0.03915211702811097,0.03797082812555423,0.03903177707346665,0.039629794666225314,0.03966005712059921,0.039251433328256674,0.039605840931511295,0.0398064001969727
146,0.000253759,0.03975562254334803,0.0395296089231348,0.03779120391002978,0.0376190216463437,0.03669358337655654,0.03921192845416306,0.03852936431825727,0.03984372037833351,0.03871650372402875,0.03988758859375175,0.03829639024687086,0.03995705169743637,0.03937793273073739,0.03950408482218737,0.03999073553801151,0.03954065150165513
147,0.000307213,0.03992368742443936,0.0399942488835593,0.03912426144663972,0.03916396011213728,0.0382337167074129,0.03461704218805234,0.03959251930034048,0.039938499049223725,0.03992008956077922,0.03833692827961219,0.03972558166379463,0.039429048926643166,0.0399985999909466,0.036475624567032114,0.038886802336860066,0.03995003676061114
148,0.00016924,0.03795888488393018,0.037708213850066605,0.034490596984309375,0.03438565886188484,0.03311650847604096,0.03998850208838078,0.03521264373851696,0.037346031357237824,0.03672852729147241,0.039932480517474445,0.03533401819119829,0.03845490209537692,0.03682060254133597,0.039486901312551455,0.0392861083173724,0.037657384783452444
149,0.00026926,0.039999395114948016,0.03999773887186235,0.03841845018942287,0.03845466922558109,0.03736324791682013,0.03885234778193744,0.038212039489269996,0.039494224637047555,0.03910288913079229,0.03999979375518084,0.038127468330553915,0.03991650413770388,0.039016527736490614,0.03999718808606662,0.03996806830084308,0.039606725200374546
150,0.000481849,0.03416429524146161,0.03361598803693125,0.03980538819379275,0.03980123651319964,0.03999880360962758,0.027092458452084925,0.03997750624482252,0.03902496393762513,0.03967836832416892,0.039056445878331666,0.0399992824060014,0.03808979244511571,0.039848796959136644,0.03742143247540644,0.03697786350310621,0.03934203198890186
151,0.000243873,0.039820148285797864,0.03998857737809387,0.037961581657008345,0.038100244913803594,0.03663342964713396,0.03973472890024485,0.03606814394929238,0.03812637303490644,0.036361498013324195,0.039816831994494414,0.03561815044182552,0.03857872825161975,0.0363560892548371,0.038543702859377166,0.03814397364521653,0.03718867999773569
152,0.000393874,0.038758610712154015,0.03731727186740383,0.03997784927997437,0.03998783933731083,0.03961343603022689,0.03811701976012093,0.03842132259265271,0.039710800203570075,0.03796881512547686,0.039530898014159835,0.0378472881789903,0.03999067331040021,0.0382978515583646,0.03959543976976864,0.03920195130246587,0.0387482988879643
153,0.000991557,0.011009696635675803,0.00878402116494914,0.029686808821541524,0.02885023831055572,0.03286425025953445,0.013399020974127845,0.03846985814507066,0.034497418803699595,0.03911193101690998,0.034229905241952074,0.039101797500592825,0.027212446742919352,0.038849812763578594,0.036031889600089656,0.03689942781387341,0.03840496791091912
154,0.00042166,0.03765144862442735,0.03682453345136005,0.03999799555451375,0.03998411168048921,0.03977728373988641,0.03712594761013145,0.0384218157690268,0.03966260427125871,0.037288310533681784,0.03974882379231897,0.03772294785570993,0.039909937352757184,0.03783899620345847,0.039337549190858676,0.038933695264993615,0.03811850636142655
155,0.000364832,0.03969217751798984,0.03988045223368786,0.039760227471856195,0.03973787197346393,0.039224928549831325,0.03550374900038218,0.03871912935198925,0.03960339907580174,0.036909923173507775,0.03959382552756845,0.037538103943296264,0.03996750333011781,0.037980828258474625,0.039586569346179656,0.03885476803897371,0.03832557113593886
156,0.00039161,0.03969428429159286,0.03999970481921223,0.039496830791683285,0.03939567339409633,0.03930114114925112,0.0309653650436134,0.03973611166029005,0.03999986867753323,0.039627354724305106,0.03998681837494073,0.039255511407932486,0.03785445163396912,0.03979100605541994,0.039449833052293916,0.03964249237987959,0.03999635026893416
157,0.000204384,0.03798878223589584,0.03618050762899466,0.035548559695303246,0.035629798819550126,0.034220210153909594,0.03923847400301221,0.03684556075637731,0.0380660407803486,0.03725116168304228,0.03748316362772499,0.037056844330663,0.039990981168576085,0.038661344333213804,0.039661384448905934,0.03969623462428539,0.03972420260650104
158,0.000170766,0.037118741209073866,0.035358854467033976,0.03406580202116833,0.03420884846480914,0.032664284279196584,0.039446966466671674,0.037344144902972956,0.03781010717501549,0.03598835539071828,0.038294386174754606,0.03751534168540925,0.03977307009328161,0.038891871195842614,0.03769877545538168,0.0396550899967664,0.03979168379783244
159,0.000180308,0.037907706083685544,0.0366054372729487,0.03444411189760552,0.034495371582486736,0.03316328655787194,0.03961268829935356,0.03748094412641098,0.038307139954961975,0.036960226660995056,0.038806758133652086,0.03763230445958562,0.0398637587795379,0.038484354943707055,0.03950280173706395,0.03998796535702848,0.03945353522521607
160,0.000235807,0.03963285280381544,0.038985426881006986,0.03718394568991612,0.03741431703529771,0.03563564483106532,0.03917380333398579,0.03927267726341109,0.03955954351984023,0.03891153599721195,0.039511488389937954,0.03866593545819573,0.03999823825484822,0.03902441788425953,0.03955458398418196,0.039217553044219707,0.03980280249114038
161,0.00020687,0.03804992608654189,0.03806280917220639,0.036632065153976504,0.03716925482288222,0.03503290296132952,0.039613745902988905,0.03905856983554633,0.03909453247309537,0.03715255871179805,0.03941977116285622,0.037713016965746596,0.039001731180164596,0.037845815546446705,0.03996270192743064,0.03993366290099971,0.03905540085614753
162,0.000282316,0.03986974108153144,0.03995254097769236,0.0389646828002231,0.03925325679700928,0.0377629378618194,0.032700916781608635,0.039999766939293475,0.03997924904766413,0.03905171073043272,0.03990783144568847,0.03968362834249365,0.039904156915828895,0.039706637814837534,0.036690937438762644,0.03870005864193228,0.039990567240887676
163,0.000191545,0.03844725567824851,0.03895098291465293,0.03622462501028023,0.03671350486827529,0.03454841580066187,0.03887227898339568,0.03826958765838069,0.03889244878242164,0.036300776105331,0.03921668027167563,0.03752022852773299,0.038064043403219255,0.03773984104493805,0.03980377032189531,0.03967305799274952,0.03906199981440059
164,0.000203863,0.03911108744871801,0.039592059987638664,0.03698309711705097,0.03750190615137344,0.03525533762701509,0.03969159855412387,0.03820469058099297,0.03893338127452811,0.036958651062332995,0.03967466325850347,0.03785513503981445,0.03885627735100912,0.03826431991455985,0.03980853074823073,0.039737416811963154,0.039366093683837124
165,9.94e-05,0.0333890158944702,0.03347444901714413,0.03009537214843079,0.03065716851948417,0.028195200420810633,0.03761195432941039,0.03292257006568526,0.033608455427124165,0.03187129591965192,0.03278334991529119,0.032102722189235294,0.034838756811669175,0.032734223984769995,0.03825279740489573,0.03741805372511574,0.034785224154686226
166,0.000192478,0.03875307256337573,0.038973718900402576,0.03663994833588835,0.03708207299786653,0.034671240731129885,0.03908055898690637,0.03938714485598243,0.03948231967550287,0.03870967396703584,0.03974915695492617,0.03886873505261522,0.03999502739073159,0.03928400875093399,0.03625919986461784,0.037143538934788764,0.03999779847139981
167,0.000200627,0.03925708569761865,0.03958217729624501,0.03700012710777381,0.03748160537866615,0.035035584046788325,0.038034619804833095,0.039585902506218386,0.03973111134023632,0.03885658455895016,0.039918063702463064,0.039211188422502444,0.03966413822136151,0.03963296478557418,0.03375369635005013,0.03582140115229582,0.03993765698994473
168,0.000165445,0.038509981549602404,0.039138676996130294,0.03570843438945182,0.03633303952337019,0.03332156632638493,0.039484063479361675,0.038077262888428776,0.03870297912410289,0.036940495380791846,0.03795678173028194,0.03708010527201158,0.03996716423162731,0.03809206709987676,0.03946766783363839,0.039313482847399855,0.03940988866205749
169,0.000198746,0.03950905860055468,0.03963756342005953,0.03713970458370924,0.03739670326006384,0.035048948105936284,0.036844695455981,0.03951820275471867,0.039696036796461054,0.038872680672468435,0.03999127853877396,0.0379655266927562,0.038939888139317515,0.03890411078347061,0.03902118663642077,0.0363378429346127,0.03982147211643009
170,0.000253583,0.03997547341417733,0.039863371792187206,0.0388722736823818,0.03915149951703488,0.03718043744470943,0.03298669812638791,0.03999864841809858,0.0399840332494353,0.03995813792521138,0.03992594020615809,0.03955851474842669,0.037212418270181694,0.03982794743228798,0.03682304553306279,0.03265726405400378,0.03984727208314988
171,0.00014274,0.03820101330975883,0.0388479180269494,0.03449137507024681,0.03499415321828872,0.03193879248526807,0.039702448272041946,0.03633440252238001,0.03687663116643222,0.03604450225641556,0.03732513645111087,0.0356934987406545,0.03975337372887109,0.03566187260746623,0.03942966000632908,0.03970851094120169,0.03780698287864177
172,0.000165955,0.03834994227801934,0.03822651205331538,0.03587206706477755,0.03627056998356632,0.0334485308214373,0.03965818678247067,0.03689565770197441,0.03756149424427429,0.03675163353380895,0.03813625742008893,0.036577654136466575,0.03997947236447045,0.03651488151281279,0.03961778246642064,0.039782825606896895,0.038455892654539386
173,0.000217602,0.03984675549610171,0.03988200839764953,0.03783361189086163,0.03848366631113772,0.03583674480744779,0.03962815831333809,0.03916527445207638,0.03961404640658666,0.03947079792835737,0.03922984584616373,0.03858690657012816,0.03715938735659259,0.039019462034686106,0.0395000794392629,0.03937557417757977,0.0399804047004785
174,0.00016797,0.03897344111200327,0.03922819522667709,0.03604062851693404,0.03654510063557716,0.033463972918435,0.03991188285981705,0.038039021817002916,0.038784724779257596,0.03788913601517556,0.0375823338702843,0.03636852966171523,0.039575900696784676,0.03759230287678032,0.03997456675865889,0.03998203177796047,0.039372074349604214
175,0.00020235,0.03984127183937303,0.03988289517906415,0.03769756085049708,0.03801526362088148,0.03525151611165819,0.03932999887649317,0.038811713048163665,0.03947819991618504,0.03814975242124103,0.03883856226628756,0.03698012278745828,0.03885881771777536,0.03816531071164161,0.03994555784260482,0.039987827293253855,0.03949290110779546
176,0.000317992,0.03834149084919686,0.03736704752186451,0.039889516791543796,0.03996195182590893,0.038706906749194504,0.034080374275571604,0.039999378401629676,0.03973021666613124,0.03997613435072099,0.03998899577033299,0.03948296437225769,0.03125402899817016,0.039887292318638724,0.0379687297887628,0.03846444131601297,0.03986920418238917
177,0.000145908,0.03835906968878698,0.039055192306755734,0.03512696296880844,0.035330657587822736,0.03209178797667691,0.03997684995756616,0.03639535794094015,0.03740138348677098,0.036253199280412096,0.03660004293519811,0.03419474320718875,0.039999693071801505,0.0351238750474671,0.03916832219133158,0.03906544644933119,0.0371724389591177
178,0.000277735,0.03948792818500051,0.03903689163786749,0.03976793117432444,0.039658174582264435,0.037858174737219655,0.03423368898546007,0.03999804292331725,0.03993489555816162,0.039945951986300805,0.03980802260731588,0.0394318914522345,0.0336978562718863,0.039739597226842935,0.03756902875294574,0.03771505577491867,0.03986912418965035
179,0.000254946,0.039822429919146654,0.03980288530397582,0.039351724680113796,0.038981621295146235,0.03712411691820936,0.03602192440025627,0.03988940865930827,0.039996658548241866,0.03966114125977583,0.039652848231453805,0.03894583687823029,0.03218405046002157,0.039468121045266744,0.038068093780236616,0.03807814825863015,0.03997720410952149
180,0.000215183,0.03999245920531869,0.03999781199534729,0.038761780643518075,0.03845931188060708,0.035692183977323336,0.03670029229916465,0.03936442611807718,0.03981870541640828,0.038657969515899906,0.03848447703411875,0.03789174900141924,0.0336556288752944,0.03890381286728132,0.03871692264681357,0.03961739007787689,0.03995103622324926
181,0.000186379,0.03984755409841528,0.03998705189476869,0.03765762906650198,0.0369965177603286,0.03437341325864714,0.036460750459895455,0.03939444394881633,0.0397390226266474,0.03880284430956156,0.03822073725477912,0.03716554414000256,0.03437905165433115,0.03866671472551716,0.038399639413887715,0.03933448831974906,0.039915924779378435
182,0.000119155,0.036848197020247546,0.03665397593362551,0.03374320818343675,0.033223113342777284,0.029922795092390514,0.039981127958615234,0.036660321889181675,0.03731541769613393,0.03613283540420486,0.034617511560661354,0.03356808042861218,0.039401667834561976,0.03535538048800406,0.039961814361414424,0.039997241339680495,0.03816641953471091
183,0.000127019,0.03762767225033977,0.0376978990910414,0.034387767630250865,0.03378419410609648,0.030513940512736107,0.03960756510402969,0.03721156063264274,0.037472683892786456,0.036403384854654885,0.03567807277742624,0.034953144999734516,0.038827704114258274,0.03587702404136922,0.039988492431035395,0.03998535388130476,0.03877364200353113
184,0.000122663,0.03770406254690639,0.03796173198858194,0.034204094432346795,0.033623450324789486,0.03030499763548404,0.039346360176447576,0.03699978266245643,0.03733074390452814,0.03607833799856289,0.035277554297813755,0.03591229162539766,0.03913298474316777,0.03623511895415704,0.03990655550658281,0.0399581060349128,0.03930670804216154
185,0.000176696,0.03941460079207617,0.03978063059794959,0.03756282017687287,0.03714503233790824,0.03389404679953749,0.03942906238646645,0.03959769083984261,0.03974087379235798,0.03890707378721513,0.037912012852013705,0.03890415692061369,0.03378361261809466,0.03914769603397791,0.03493127351354065,0.0370751323624046,0.039695655699495076
186,0.000123072,0.03701490617645867,0.038012303739241374,0.03463517616146822,0.03427807404877845,0.03045062549817535,0.03999806945160782,0.03759856545882878,0.03772098544739791,0.035566665639898486,0.035801327632402874,0.035367088920331746,0.03964879040896826,0.03609509448479899,0.03984438769879983,0.03993251206127069,0.03913515933247419
187,0.000200128,0.039902331636571364,0.039919704383554425,0.038679270980540956,0.03835709275816225,0.03524690110686367,0.036055306903643045,0.03982753983682863,0.03980898977569234,0.03857840949088612,0.03871282927822985,0.03842228924296759,0.03564214100489453,0.038869990340331825,0.03792567462767543,0.03709948541500384,0.039996565370704576
188,0.000140928,0.03787662891795969,0.039282081700036386,0.03600564198983508,0.035500332988604735,0.0319199438642677,0.038810754877352874,0.03796009105532286,0.03754716742545537,0.035958137307884275,0.03577579425626677,0.03576410897600119,0.03947673516743204,0.036216001665787284,0.03998402051115519,0.0398959479013682,0.039010537987572605
189,0.000124382,0.03733362427273139,0.03913995656090645,0.03511398605657483,0.03459823680206407,0.030727236760210608,0.038881834693607724,0.03665435500975231,0.035940280605140484,0.03436016648729358,0.0354487313320724,0.034930757123105755,0.03985423479962529,0.03521077217038067,0.03995837044364085,0.039845865339332646,0.03839248546352482
190,0.000201715,0.039821227844837805,0.03999510703104633,0.03863292109095444,0.038313497911644415,0.035336773029442686,0.028470363777764657,0.03951791334265184,0.03898643049665289,0.03823613184441686,0.038544730785478404,0.03870153095639717,0.031238392362419362,0.03888706395793744,0.03816438704517747,0.03879330219318772,0.039990956291915646
191,0.000121633,0.03714677399820823,0.037941873959282134,0.03476901104855362,0.03425453138269273,0.03043904174850124,0.03734449529881802,0.03631344151817506,0.03519007902177234,0.034105058368683785,0.03471777302836243,0.03464825715445516,0.03734449529881802,0.035376416154171864,0.03995872230251686,0.03979651029975188,0.038527165054341006
192,0.000131407,0.03807651282636197,0.03907702845647837,0.03556484023104865,0.035036796039082704,0.03119978013151771,0.03622482745741981,0.0379195690676298,0.036416905754018694,0.035512968570136805,0.03586861615092546,0.035539981731947355,0.03622482745741981,0.03690702583317474,0.03957958841410433,0.039984184811498395,0.039633093638083615
193,9.06e-05,0.03539586259968987,0.03700852111633578,0.031814983219361735,0.03142127723951683,0.02749907264890509,0.03970808383775511,0.03533892558228871,0.033290918242289406,0.03280391017504295,0.03300163561959875,0.03213637676225637,0.03970808383775511,0.03404792765336492,0.0399281007372238,0.03971797346481817,0.03820081458747307
194,0.000166366,0.039528654785735286,0.039860476988471435,0.0375312354515077,0.03703714770064531,0.03349341706164813,0.031131917629532185,0.03924297344812637,0.03797072229922817,0.03714709223731788,0.03758433046117647,0.03722515855161141,0.03179120782445345,0.03800691701308334,0.03936321536415811,0.0391106736177822,0.03994288785769685
195,0.000151765,0.03930869266835809,0.039847879163719756,0.036928552249611696,0.03673289364722161,0.032664433514242946,0.033444625198326056,0.03812548614008546,0.0367294087279073,0.03557939650747484,0.0375098528066874,0.03643342108394261,0.03696628556650594,0.036494104945664144,0.039949988217497324,0.039966308443309645,0.03910202346823627
196,0.000111056,0.037012637095670015,0.03836132720892655,0.034351388407994614,0.03413369370742502,0.029608057921019917,0.03884126032556414,0.03486416711894474,0.03371123063926171,0.03261206081964117,0.03423409576822088,0.03364126502351289,0.03995415725069142,0.03347467439958432,0.03845857755549872,0.03792855757799703,0.03684869768002322
197,0.000189299,0.03993331033165938,0.03984759423355743,0.03850053425838436,0.03819598754976955,0.034775548838625464,0.029550546764666577,0.03897533658671268,0.038313860003174084,0.037942828458034525,0.03866321637549254,0.03770636734955658,0.035512349884082806,0.03811993247029971,0.039878273497835744,0.03997947631959112,0.0399210673304022
198,0.000161494,0.03920570836846694,0.0399817774593603,0.03749711192852093,0.03703088971498624,0.03331033371932477,0.031930369103531184,0.037908721245761695,0.03733863208082136,0.03697694303381201,0.03716185327614396,0.03598437723664853,0.03847255629735913,0.037207483832010765,0.03999934511521466,0.03993421161633291,0.03967807244240089
199,0.000359661,0.03609439410047863,0.02902328028799847,0.03934418988785824,0.039661831293316185,0.03944390752254405,-0.01406893379862445,0.03933974410937348,0.03960466772072546,0.03995834740930046,0.03999955473303901,0.039994265408168674,0.0184154159645636,0.03983729977025779,0.03233428498287949,0.034697326090687944,0.03675250266157894
200,0.000151987,0.03883311091488987,0.03998194449999858,0.036980621673739444,0.03630759687674433,0.0327021617460756,0.03341131903525507,0.036367024591761124,0.03608966871429134,0.03475458034851135,0.036674122146947104,0.033823771573285526,0.039473044483688366,0.03482477023650438,0.03891078394867882,0.0390740851055327,0.037337409936338106
201,0.000321477,0.0378129728869786,0.03159088827826126,0.03984278232041131,0.039986459210797465,0.03884492679738062,-0.0036489147195735983,0.03998451922789195,0.03992752139402177,0.03958045352560397,0.0399833125869075,0.039079081350275935,0.023010900254331515,0.03936723766575548,0.03954048415622481,0.03820721042537173,0.03999826233040725
202,0.000162437,0.03953063922230619,0.0399442665920039,0.03699760953656264,0.03657619351308285,0.033144696189023395,0.031777847176896995,0.03616444080232502,0.035595663229031904,0.03528870722136426,0.03732831623401113,0.03403072314169729,0.03755273390863865,0.03428866576026632,0.0381920926721484,0.03944681057354561,0.03669798556690446
203,0.00020567,0.03999252895748023,0.039738160691579184,0.038990224989946407,0.0384946128767064,0.03535165240116979,0.023850996952786405,0.037507682965038765,0.037552582929575654,0.03684997729820587,0.03888866003261149,0.036725404249294324,0.034170308577784136,0.03687798600745268,0.03973546570784719,0.0396726796379482,0.03886655598264982
204,0.000322327,0.03776396552544659,0.03446864544397649,0.03998148312018265,0.039993716831725964,0.03869533598876708,-0.0038749477388316245,0.03982456524007144,0.039928202735831995,0.03986020106389415,0.03999703647069397,0.03959374674784691,0.01843554701561685,0.039769012890075645,0.03888452529013233,0.039537074990790705,0.039832326037303016
205,0.000183215,0.039895105607909445,0.039926247394977306,0.03818134356783286,0.037656003556306855,0.03418399775842698,0.03155103078689918,0.03639420825857481,0.03725152814269235,0.03724596453959703,0.03793721702387376,0.03555197111164651,0.03840906222063224,0.0366951045761726,0.0395185182583572,0.038849302428871954,0.03885460079836033
206,0.00025666,0.03912817266305207,0.0366171804606195,0.039770942302818975,0.03949195723273521,0.03707736789646123,0.030375160932849324,0.0390879324584862,0.03940627936905329,0.03921889106296794,0.03977244924105102,0.03782347786870409,0.036507619194241905,0.038607184145289714,0.03999701956671543,0.03998931727291286,0.03988639189362832
207,0.000292617,0.03747225238997941,0.03217541909339787,0.03995751317918457,0.03973991349628402,0.038101598194907924,0.033603391886665224,0.03938443057554922,0.03966806268762674,0.039288649759447486,0.03982101565649293,0.038240887358356485,0.03731053876175698,0.03850946623782089,0.03996435446322304,0.03987790729324673,0.03980947058749981
208,0.000676015,0.005820480872101741,-0.015547302899437343,0.030467422517720916,0.032734520202608114,0.0386478449144891,-0.0005503559311852146,0.037090436460333,0.035713662442103875,0.038592558044084145,0.037749865096981625,0.039148308430471096,0.013029242449433015,0.039136796090214865,0.034511695307436044,0.032048030058179286,0.03654726936862236
209,0.00023378,0.03993413255316518,0.03999999762035194,0.03927572187907448,0.03871491016890258,0.0363843711902422,0.03772938423723277,0.03696900713575582,0.037877481529279486,0.03554335876275899,0.03932323980642899,0.03542532673980783,0.03994526720959768,0.035385000917237175,0.03821111716588445,0.03821487770049928,0.037088581836624196
210,0.000193952,0.03951050422417815,0.03964761094231808,0.0380262984541716,0.03726722542178129,0.034646829077718294,0.03667208317194437,0.03604245439320379,0.03690492648055711,0.03518650344777406,0.038654172147495704,0.03410099597153097,0.03999085799306941,0.034376172969196456,0.037487483228436216,0.037779898559121575,0.03632990609093409
211,0.000239798,0.03998953542182744,0.03988639446409846,0.038447673527963314,0.03747458813162523,0.03622041504633687,0.023303185238670573,0.03905790786230827,0.03904587051160652,0.039405395371513496,0.03926554599819876,0.036946305751186126,0.03748434556822815,0.03774069093375548,0.039881921758868025,0.03986072943389572,0.03955397995226057
212,0.000317758,0.03839148754334828,0.03719796005772305,0.03995415930601447,0.039845212287194745,0.038382520209182744,-0.002663330600126357,0.039994107712773265,0.03999951088827104,0.039991790373153105,0.03999872053956757,0.039670153573294606,0.030436156018176855,0.039982895189528335,0.03652027410962956,0.03811518471993952,0.03829704653134006
213,0.000116466,0.03684531676639957,0.03797931663089643,0.03314245637674953,0.03264941246054961,0.029368747097391207,0.03787192615577404,0.033525518591524854,0.033805237293193825,0.03197154719191331,0.03735208100544527,0.03283673904387621,0.03981263331880149,0.033651071432743984,0.03854873458137042,0.03605613098119905,0.036784523329714505
214,0.000140007,0.0384500414698625,0.0391501201651261,0.034735330116586006,0.034441881724451714,0.03127221750076416,0.035119303906643126,0.03483785410703137,0.03542244539714937,0.03348652179016396,0.038020722365402326,0.03371752365286569,0.0399820657225444,0.03438227132572306,0.03857654038481716,0.03796366288824715,0.036852811702472996
215,0.000224679,0.039930050069230616,0.039387990568129,0.03835262393969514,0.03866813480822229,0.035659381750227204,0.019875789846349343,0.038903854939940904,0.039012035174298694,0.038558557248455014,0.039950024302248296,0.037448183546431944,0.03793668037526028,0.03795732502155026,0.039996354600428725,0.039971796757223316,0.0395504011092313
216,0.000257032,0.0392119004707158,0.03721326643456166,0.039489866933954065,0.039721635860818276,0.037148110497393305,0.012561515165570691,0.03982449602316028,0.03969136927178027,0.03952741424790636,0.0395420256619101,0.03892589837430265,0.0392981684709428,0.039171219311877586,0.03942370251150185,0.039266717024393,0.03997914812000495
217,0.000272092,0.038883692829898474,0.03764176013903553,0.039699544596922244,0.03985622497172444,0.03765712333394103,0.00895175251230404,0.0399431438194073,0.0399185807195628,0.03990558525849923,0.03999502180984845,0.03961217649379004,0.039340655124667036,0.03980935645861994,0.03719095354853043,0.03778463740717688,0.03852115359528693
218,0.000164762,0.03938093531350548,0.0394135462499785,0.036405920797589426,0.03677391188950299,0.033253084502620614,0.031397631368083725,0.038173286007256946,0.036988440846966064,0.03682920391272357,0.03843536636838159,0.036438099839617,0.03952913216643528,0.03702749723033255,0.03999114332594754,0.039982298966822934,0.03991476828428001
219,0.000259063,0.03991873669171275,0.0396451744707347,0.039342217403558935,0.0395722354906388,0.03722719825063177,0.015276980409709734,0.0398476355957044,0.03933310927055664,0.03908343278991423,0.03974573226844559,0.039185833104259035,0.038729973100473325,0.03935970312455968,0.03917494563692368,0.038304611277969906,0.03955122461354251
220,0.000158587,0.03791171454701156,0.03749125973244616,0.03588094330045011,0.03580665944168706,0.03288262246782762,0.03239429356210381,0.03706946865672566,0.03567584912425861,0.03519155940896346,0.03672843133792539,0.03549171731438866,0.03999918735913846,0.03570149619924641,0.0393443772532775,0.039925968284664756,0.03876090789954696
221,0.000153495,0.03773517379219953,0.03682827857980808,0.03572185752645354,0.03579550725417613,0.03253416443171529,0.03318349612288936,0.03746564459700941,0.035787686300165475,0.0352113677463314,0.03791117632885535,0.03545970549236521,0.03951698002170643,0.03587127371160817,0.03959596581475934,0.03995082996552463,0.03880325284493451
222,0.000135261,0.03710265878251772,0.03642075746226006,0.034277847357355076,0.034574228139451914,0.03120474341642388,0.03574261841555569,0.03709535734846081,0.035044565912334916,0.03444560116326892,0.03754955933938153,0.03442221986128918,0.03877744576851715,0.03521322669007006,0.039514107600591514,0.03987365190430477,0.03839834383541904
223,9.16e-05,0.03406685084549159,0.03309693703413705,0.03070947821670964,0.030864100214960437,0.027355075851822057,0.0396658302533675,0.03330865044203196,0.031321530501976245,0.030064316428628536,0.03241281986783321,0.03057620324691209,0.039989481961984596,0.03161064779144082,0.03742393943780697,0.03738369609402904,0.03538606233509016
224,0.000112599,0.036275914231501324,0.03563607376918912,0.03298773421941773,0.03322413119348221,0.02947224489897323,0.038235123339597415,0.03519477760825964,0.03344029746764036,0.03202396330331317,0.035362245495973034,0.03298863997650171,0.039263519214531514,0.03383408772325246,0.0390547895316102,0.03835897327303868,0.03720194635704921
225,0.000149832,0.03872119296491479,0.03854857407878333,0.03579086708529879,0.036096269550626524,0.032443044373083235,0.03373207369258399,0.03733256520867048,0.03613868840302589,0.03513169517747232,0.03851801671397567,0.03607930364474961,0.03770266608109614,0.03658261739062202,0.039996873198240204,0.03966735367104803,0.03925290853613645
226,0.000208704,0.03980244579486197,0.039375368781462555,0.03856533988976374,0.03888463113049426,0.03559385271052362,0.023234309786169485,0.039300861263599024,0.03851713895199653,0.038016363564773656,0.03903507802291566,0.038450609997319196,0.03436286362195616,0.03879845914327747,0.0392939428223089,0.03994428937455602,0.039979286011100644
227,0.000132128,0.03754384522056875,0.03690377624728375,0.03505536705777616,0.0353430118678114,0.0313494878954915,0.03613629739715436,0.03637356559129244,0.03483627318018501,0.03427441041921431,0.0356252682883863,0.034397181698561596,0.03994768737166828,0.035111148519535035,0.039437662647642216,0.039056848011353826,0.03875096428790181
228,0.000130031,0.03755188420816116,0.03656710905691182,0.03488474039001459,0.03513477073255583,0.03119319546691012,0.036391593708765824,0.03710585869198046,0.035101971726889364,0.0351457680977788,0.035524494282270565,0.03435387534880105,0.039967515146966656,0.03538093512601108,0.03973869679544092,0.039771611422120476,0.03930303337773815
229,0.000163426,0.03927975947877753,0.03884655618709128,0.03680737886288443,0.03687591614531077,0.03339484744251161,0.03161683281619723,0.03906892306738739,0.03722723734822038,0.037773236376275734,0.03702736846876842,0.03653444800623272,0.038846603073665255,0.03743916021870088,0.0398580108892217,0.03950115522794011,0.03999949118907122
230,0.000210382,0.0399993919222097,0.03998646786868498,0.03874380654857214,0.03872892710780483,0.035740136090537,0.022890241213667534,0.039739508042940054,0.03858780433015575,0.03880553619569847,0.03860243008962635,0.03816856222544367,0.03529602550318295,0.038685716350442156,0.03937818381157443,0.03909055265346106,0.03987923052464222
231,0.000209181,0.03998667775002008,0.03998468903587377,0.03875862580968331,0.038657270395947865,0.035674405945172225,0.023136718009540216,0.03945183518275333,0.03828262601431023,0.03828236934849596,0.03903363766870291,0.03786228750112469,0.03266531090354023,0.03822083251336102,0.03986714293752996,0.03985053819349851,0.03997447355641309
232,0.000199969,0.03999321981603003,0.03999511391065423,0.03848443624976436,0.038317560324971994,0.03524258889364079,0.024990394133718022,0.03934668021809577,0.03817602151343498,0.03817784990433523,0.03872002152759535,0.037619550593260526,0.028089485624114202,0.037888173807865314,0.03992007856939055,0.03983837047051388,0.03981867663423204
233,0.000165794,0.03956036705397928,0.03919502800044343,0.03733901242048961,0.036547539105655606,0.03342457091707421,0.031226989167639024,0.038716882930230415,0.03714534719244875,0.03736273976818626,0.03788008115457013,0.03637940541565216,0.031226989167639024,0.03666473890304134,0.03999094462370415,0.03993539186745973,0.0392371117993542
234,5.45e-05,0.030357754335830156,0.028928706743446886,0.02682064060818971,0.02590770036033173,0.02262719175589518,0.03899955205176507,0.02898153712663497,0.026757397598405175,0.02768434191606503,0.027296812037461857,0.0259318081489197,0.03899955205176507,0.026625022665899886,0.03331407936887449,0.03466758930535105,0.030905132852970946
235,9.95e-05,0.036471674230918454,0.03544015603480992,0.032761306756061634,0.031845644210593244,0.02832298961978929,0.03924383743472351,0.035084549623486894,0.03321950935634603,0.03543357019388822,0.03262688224136675,0.032668848157290334,0.03924383743472351,0.03406074065750958,0.039572934069253,0.039763199418771,0.038574966894845075
236,9.52e-05,0.03629006957920025,0.035622242611558386,0.03244116626832613,0.03155938709966716,0.02786159646807843,0.03949247454947125,0.03452391862090683,0.033422542232193125,0.03682186784681588,0.03155569726706267,0.03309950496536837,0.03949247454947125,0.03515090453186456,0.03996351434731212,0.03964947304825039,0.03986633601858079
237,0.000193579,0.03999858539202153,0.03999424449622109,0.03884462748127095,0.03858325140961351,0.034896143444692676,0.02475345804313485,0.03891869757102233,0.038812207044846954,0.03930928176820629,0.03759693858145678,0.038016089886309126,0.02911361163191642,0.03889615377478374,0.03901324915053644,0.03977188310662239,0.03971123090356499
238,0.000244573,0.03976852930714507,0.0396140027770929,0.03982073778778335,0.03971100408728489,0.036994293089091815,0.031999508569640914,0.03930344030965269,0.03943410577119542,0.03922139551186347,0.03891008233147894,0.038048025771681204,0.03174743507469696,0.038398665359613025,0.039999961850275594,0.039823242853868096,0.03991208886569116
239,0.000468893,0.030900442079297985,0.03183881799723161,0.03635935358775132,0.03717292633501906,0.03999686672581399,0.0020180861252881432,0.03893795178415675,0.038664986755066404,0.03965989924267646,0.03973464559706987,0.03999995438977178,0.012381415668061668,0.039997691416488367,0.03770981615200592,0.034117593267519106,0.03894960274774231
240,0.000343544,0.03830065443629982,0.039330110910108594,0.03957719413489813,0.039848946005288134,0.03925319383905221,0.006897649351751273,0.039987954415218435,0.039994483886567574,0.03920869974506985,0.039938650094993824,0.03874890793652675,0.03022530121548113,0.038617314549950946,0.039998237380468295,0.03955261902742572,0.03972915391142095
241,0.00020677,0.0398916578453461,0.0393822766835366,0.03907729897495846,0.03863665760055254,0.03559874030664656,0.027137375657912466,0.037322563498983996,0.03757169544981352,0.03591355861753613,0.03789775892500247,0.03536998032080819,0.038773708645911016,0.03520269822120424,0.03852375894455691,0.03879923680852157,0.037437224082873206
242,0.000195796,0.03712613873027186,0.03573423685031743,0.0381555590322632,0.03725900642025842,0.0348265800890523,0.029958390843944555,0.03737777681971274,0.03744363072016041,0.03757762360173821,0.037501805131308914,0.03597411986741157,0.034407274439949426,0.03624761883852805,0.03936964821753271,0.03941694962247178,0.03875241622029085
243,0.000158669,0.035689564850879436,0.0336447998140335,0.036520184742264344,0.0355400567934409,0.032644190669945165,0.0277214024481775,0.03690146889414654,0.036675327070257814,0.037842873859360165,0.036319695183438236,0.035653955991525335,0.024717290049841564,0.03660838115939288,0.03993847563712385,0.03970460152180529,0.03953693512305029
244,0.000178543,0.036754838065370256,0.03527744361891534,0.03764981745048124,0.036987293151319975,0.03371629256034727,0.013757461593500941,0.039039093627580256,0.03840523956640647,0.0385872511840253,0.03772830260688801,0.03772929353181505,0.013757461593500941,0.03864120212896567,0.03825589495725555,0.03976555018625784,0.03987546342404864
245,0.00019234,0.0373906444811081,0.0362819567929384,0.038169986971545354,0.0376168000903105,0.034455604165608084,0.009121801542588598,0.03945744354814883,0.0388339796512258,0.03827526805829268,0.038660202595593496,0.03773782888746423,0.009121801542588598,0.03863176125219858,0.03905768483409087,0.03896542065521175,0.0399851419846229
246,0.000147264,0.03567884368405613,0.034162098790173887,0.036226763501952086,0.035622829277696805,0.03188461918901679,0.02342065399108026,0.03776852132166744,0.036758132223942225,0.03590953533702719,0.036941632722682055,0.03495886357090748,0.02733247600582328,0.03601811077590676,0.03986739235744465,0.039999917920292526,0.038999830250006425
247,0.000148428,0.03420675630523265,0.03402914601197994,0.036414459709783485,0.03599991422071751,0.032167893901029795,0.023085035524494313,0.038104495095210224,0.037041609647739955,0.03678492833438356,0.03682595385872286,0.035902720442675326,0.037812926138538046,0.03642597709336748,0.03999864495397142,0.03999214941280586,0.0394068771395262
248,0.000139035,0.03433887188813997,0.03443236802905986,0.03585684931720949,0.03561976680298172,0.03164413414527118,0.025733292557826457,0.03758639101914042,0.03658007435618456,0.03716769405356555,0.036075256036752386,0.03624633264174586,0.03996454641661235,0.03626778671499756,0.03999173734548619,0.03995067682317325,0.039584489651916833
249,0.000124451,0.03399687302121938,0.034441292476454,0.03497434940367772,0.03499526524948815,0.0305765528734421,0.02954997061159595,0.03607310924074146,0.03503047447893213,0.03575812480009659,0.03512945587206178,0.03474903791981415,0.03971438365904354,0.034770614192171694,0.03958063933132331,0.03908812426090945,0.038779676456052
250,0.00012746,0.03483531142712373,0.03523395766747816,0.03522650755346436,0.03522507873535136,0.03086255160860153,0.028794254225219723,0.03601332239922389,0.03500588030329799,0.03549336522668087,0.03511631137750463,0.03450385936053092,0.03983131179495126,0.034861993869780596,0.039517800439491095,0.03897244493632175,0.038789725988038704
251,7.83e-05,0.03070825134382342,0.03132723685034504,0.03061373462555338,0.030680324465851654,0.02604960091236078,0.038421955150128216,0.0319797995253952,0.030808128645979233,0.031237707554845503,0.030009007886692085,0.030053334698994467,0.037747002715150656,0.030840768273893683,0.0375359909616367,0.03595639047235844,0.03595438068330188
252,0.000108231,0.03324269211954201,0.03438394774264633,0.033878637228370354,0.03397414456232095,0.02927281556081983,0.03330168859731222,0.035136668544087056,0.03406627009332051,0.03386693045380648,0.03294218467082901,0.033088232707561394,0.03965823722654958,0.03393516453404689,0.03944136319756314,0.03809525211252101,0.03819341042858208
253,0.000123089,0.034881748853901266,0.036039491931370606,0.0351245046938028,0.035219919730744245,0.030614616380035424,0.02988626881799361,0.035397437934430676,0.03462927930069895,0.03375257102881975,0.03512728916800911,0.03347424368542589,0.0399832099441015,0.034164992493315435,0.039092220773840176,0.037986224809227975,0.03778637232057132
254,0.000124574,0.03555734743125867,0.0367785219342602,0.03545993117864778,0.03552420326924982,0.030782129131745245,0.029519420963944554,0.03538738309115105,0.034678418146233576,0.033417244301792715,0.034336965918126176,0.03349762274909345,0.03997830349935605,0.03407933575907106,0.038974795649212524,0.037852181594531256,0.03746768893062949
255,0.000199552,0.03931295568128068,0.03987291160857352,0.03899642460540431,0.03900797415918213,0.035355074344655,0.006620283451245573,0.039407042832516476,0.03888762975333021,0.03794674214577348,0.03810107031664569,0.03815733183466222,0.0355304698537411,0.03849885736565087,0.0390967042093927,0.039990177953876056,0.03999428134823045
256,0.000174196,0.03881177536920252,0.039412099767354034,0.038212411896608504,0.03820307734967848,0.034110310370855844,0.015174352148927123,0.03877933892047116,0.038135912224760045,0.03693205207856914,0.0372226307833987,0.03739763273253478,0.03749254171114544,0.03769839190387783,0.039603120789468475,0.039937356890439195,0.03984198805955296
257,0.00011894,0.03617427792423304,0.03724153295542038,0.035207087417772925,0.035207087417772925,0.03035669956516767,0.030887775702583053,0.03585567649489168,0.03475331769820479,0.033347068039858034,0.033669893731610424,0.034061603639825466,0.03979411262340048,0.034367132392472986,0.03952877218478191,0.038450408801069716,0.0379391961481193
258,0.000133446,0.03599923760474176,0.03597325481602938,0.035987604880406816,0.03649665431651232,0.03146440855842819,0.02724073979234304,0.037804940893280355,0.03616292595807967,0.03562272111882951,0.0346725616123474,0.036038515975384516,0.03702774497995494,0.03610888423415296,0.039962823801442726,0.03999994691298085,0.03940012427424157
259,0.000129897,0.03629906021103169,0.03652753288951832,0.03564593605069255,0.035829411498205004,0.031114996118104872,0.028169673690832175,0.03860984141521879,0.036475745371502784,0.03640944179840913,0.03456499511704711,0.03705722366150062,0.03403395103549457,0.03664213783422081,0.03904104015595414,0.03911946606449549,0.03984577330979564
260,0.00012981,0.0366030252765797,0.03708059097941367,0.03573568959793674,0.03588797603437145,0.031100127943699526,0.028192159888253437,0.03824070571314733,0.036126233836246024,0.0356220093895363,0.03428208753436996,0.03699826101817384,0.03379024939798178,0.036289472478619064,0.03971130799233756,0.03992248691306494,0.03959784739308022
261,0.000150635,0.03809472685436176,0.038402968633104426,0.03692706930183731,0.03706624455154192,0.03258261909544469,0.02244313305875277,0.038578457027452426,0.03704912808326387,0.03655061961540397,0.036165077645201174,0.037581565399822534,0.02693821587866352,0.037112687900658636,0.03973169478462501,0.039856519131247464,0.03974768573693038
262,5.6e-05,0.028396427796871966,0.02939208838420393,0.027550859483868893,0.027628751591083498,0.022933970707261043,0.039992527365478946,0.03102330302479672,0.028655260915958155,0.028852271411781018,0.026946293480408827,0.028847273893616437,0.039992527365478946,0.02882149534388851,0.03723742640848994,0.03717630893265604,0.03387787505705824
263,0.000126131,0.03670547585189776,0.03767808472031774,0.03561613212027748,0.035316707976954256,0.03084986987913816,0.029130173337637885,0.039180513846563354,0.0372848805241867,0.037711095275310504,0.03458325289367162,0.03711081872741885,0.03232773473585228,0.0374064176885724,0.03717038973809049,0.03725491152359363,0.03999991168513838
264,0.000152159,0.03845467153690302,0.039271274510611645,0.03738677681091529,0.0368483868949145,0.032735035460557615,0.02199570436192541,0.03924418038567018,0.03808306652143109,0.03789269918054254,0.0359501723772557,0.03763269956082057,0.03212398089844805,0.03794055037459103,0.03849797661146285,0.038756071049285946,0.03999901172076385
265,0.000181232,0.039583627213307084,0.03998635383413901,0.038925805737270225,0.03850284513706015,0.03444933235807472,0.02516252574013904,0.039237377640309504,0.038744283811007287,0.038143477960066494,0.03736443133211406,0.037937554098351166,0.027838925685724547,0.038390526752603626,0.03919193984035071,0.039551735277117,0.03998124102611558
266,0.000149332,0.03880559938482254,0.039464903315030726,0.03760593286051862,0.03694381586446786,0.03260755205619252,0.02282298174982149,0.03885034344820375,0.038121548999720534,0.03798391090454835,0.03601190102597615,0.03640863367825993,0.030835675661121012,0.03746017005336383,0.03961674681000194,0.03957376963872934,0.03971128657594723
267,0.000172329,0.039244142946900984,0.03936234464365197,0.03855139597061631,0.03796401300408056,0.03397203771578121,0.015776107074529505,0.039850105550535794,0.039462354593662555,0.039609620384712885,0.03698863394088425,0.037874552356838974,0.027300861892178882,0.0388934263309534,0.03704914473238434,0.035834610797227454,0.03990090474537974
268,0.000133621,0.0378925654398268,0.0377895244173357,0.03658947461431819,0.03565009711100102,0.03143226313237225,0.032473606985561704,0.03827160360828226,0.03774383859284432,0.03768399247787786,0.03504848473905249,0.03558195522067957,0.03532288638376216,0.03677580609754717,0.03991818677543567,0.03957726469958942,0.039576829622804274
269,0.000154379,0.039086523319066924,0.03918549045835766,0.037797549269929426,0.03705040073309371,0.03287719655328909,0.03343748935752765,0.03887168800259719,0.03862735958857085,0.038187393646058464,0.03647682561160658,0.03685030061852494,0.030670497586481674,0.0377190813343249,0.039613814217283445,0.038579335354172774,0.03984602498296156
270,0.000137721,0.038725359304851284,0.03914378847883848,0.03681520821082525,0.03591755079343092,0.0316664583846918,0.03325170011373432,0.03863826543641397,0.038333154457784256,0.037879629224411265,0.03605357801621921,0.03639911134945521,0.03144857414871541,0.03708402608136219,0.03971614817984533,0.03844571764864142,0.039543122968410574
271,0.000118614,0.03789304072350057,0.0381133998353338,0.03563893221422643,0.03473819798778924,0.030168740203976682,0.039594223913064476,0.03661974767315772,0.036674861917043985,0.03522447068860178,0.03531763270175531,0.03456627787538068,0.03822153265465469,0.034619821724536676,0.03945268140811668,0.03987301931438758,0.037440438902253015
272,0.000140014,0.03915928658954378,0.03943836565889251,0.03698785219086067,0.036202285845799195,0.031816283132779136,0.03993181620258169,0.03629392439550533,0.03683402787832422,0.03466452452174885,0.03615839384067239,0.03494438986515063,0.03817882384946873,0.034426852415382035,0.03854949129061813,0.039208216773156265,0.03664808424673878
273,0.000187233,0.03993671503436846,0.03987454970499909,0.03900950897167957,0.038476862840623294,0.03465664681761238,0.03943665718738198,0.038341670815773346,0.03899532659488815,0.03699657039302812,0.03839821830985349,0.03712373978567574,0.034776999570214476,0.03692115000535949,0.03982508303382838,0.039975624012937507,0.03853024551218523
274,0.000159046,0.03920321412915098,0.03932068551050304,0.038063260358892695,0.037312454402235344,0.03311885992767644,0.03822243495993978,0.03784643022540185,0.038813131467909684,0.03616850409243125,0.03736207612241509,0.03606264091155617,0.03875975599265448,0.03635600961401116,0.039861789270139156,0.0397138452286452,0.038078248989972294
275,0.000191704,0.03992932119208073,0.039935757249038806,0.0391558217252585,0.038556024578498424,0.034920353753119165,0.036704283002836485,0.03824815265869273,0.039417841690792724,0.03670311645397026,0.03830371362747767,0.037065402892224736,0.038887079010487796,0.037419198881167494,0.039988080216336895,0.03965986590016322,0.03874590052967396
276,0.000222294,0.039758896837193705,0.03938724881117404,0.03966163139916702,0.039214617860165904,0.03619308588290457,0.03793205877250488,0.037900692180165285,0.039378345381008706,0.037051505265244755,0.039102756532002396,0.0375243173294639,0.03821705894676652,0.03775219008872574,0.03993972376326367,0.03949783593061386,0.03880143065686947
277,0.000282581,0.03982709292902617,0.03999519162682198,0.03997522557598388,0.03997674887170896,0.038051196017517046,0.030067714901607923,0.03933116237601904,0.0399987116206106,0.03931652346286368,0.03998701423925943,0.03938697915536529,0.03485846212458331,0.03949573956121199,0.03931850544980512,0.03998290205298097,0.03993797030988825
278,0.000345353,0.03849000852367033,0.039522104045843144,0.03940230852359739,0.03987657567960746,0.03921834700584757,0.002202205332306112,0.039989400324052404,0.039139890357825405,0.03987297426002018,0.039762981168151204,0.03997821772687764,0.03186029926035712,0.03993815640174472,0.03442682812234846,0.038127692385744545,0.039108782519934576
279,0.00033897,0.03812623403760963,0.039025158269765124,0.03961602407809129,0.039945925441267176,0.039088652286590586,0.015306126672642417,0.03999527636539035,0.03958126448351744,0.039918124841955456,0.039866654685264895,0.03998409026230675,0.03476483943512157,0.03999428708957137,0.03618400059492578,0.03816309830128004,0.03909582007391404
280,0.000196364,0.03982016231667462,0.03962260030537196,0.0387303869159091,0.0381385037228708,0.03488805484024465,0.03772889256900233,0.03724092844392271,0.0385513450679328,0.03831803985364229,0.038678758502980255,0.03676290371350306,0.03998728907293987,0.03759258073717503,0.039920364293547866,0.039896284957597096,0.03932495704706808
281,0.000200412,0.038260999198209,0.03734076748229702,0.0386038545323298,0.03866744116811936,0.03497497252942329,0.03488119520120639,0.03775480644909637,0.03881629002192634,0.039083229782803264,0.03818019295302398,0.03727126268883193,0.039991698232176104,0.037952822330733466,0.03999999491419202,0.03990457600000949,0.0396126521026549
282,0.000217532,0.0390613989502913,0.03808059383151286,0.03890311348715569,0.03875729173383393,0.035593589056424596,0.035661690687584624,0.03776337929637304,0.03874265686154624,0.03863308914761868,0.03895855939915151,0.03752694844636877,0.03999987665515821,0.037499176845250726,0.0398962878110417,0.03999131828960979,0.03910652186429618
283,0.000416933,0.03843045646766929,0.03968981017848087,0.038838054051072456,0.03918372813039895,0.03977422918192734,0.03214466751541971,0.03978769499724444,0.03999287921864853,0.03957064433723449,0.03898070915147993,0.039753116979625136,0.036833188975755354,0.039586165332122426,0.039783642290083424,0.03990110972861912,0.0399667416824696
284,0.000760039,0.033440008066313184,0.03299598977414525,0.026711334969165515,0.027965956225801183,0.03748686768997184,0.011658759928527551,0.03875182545372898,0.03626929886180166,0.03969335779241544,0.03410391754244736,0.03913266091807073,0.021052868845920378,0.03935941078865636,0.0357724336670137,0.03749879300323543,0.038715910918159284
285,0.000442251,0.03980252964917209,0.03995847547520687,0.038417719736687596,0.0385249992780341,0.0399216086720308,0.01990987381988356,0.03989553417080686,0.03985850901317371,0.03913174369123215,0.03865201029688476,0.039506172288087844,0.03671009066074486,0.03950756213264776,0.0398028177831851,0.03998937760291482,0.039736467484888294
286,0.000250315,0.037232648424491775,0.03577056345774671,0.03933634581059911,0.03883729567876287,0.036787687297114915,0.027002312483445187,0.03839502763716325,0.03929301350358386,0.03651207279104468,0.039761439716077526,0.0365358137119664,0.039989148675980496,0.037148746033985394,0.03973039924805665,0.038959405284273774,0.03783204607147373
287,0.000234243,0.037370543843328094,0.03605328955030779,0.03813251740412321,0.03723163130609726,0.03599031558243821,0.034008086662776674,0.03892776599585468,0.039326408091595585,0.03842518434400743,0.03903062281544581,0.03716446040816593,0.03988841616512535,0.03847773474555088,0.03983392765875693,0.03989634189816307,0.03948416624168174
288,0.000155447,0.03423406315871706,0.03217973565419988,0.03496866623506521,0.03422762797230171,0.03193701978476787,0.03908082405290535,0.03783200482092007,0.037846745484731714,0.038134424495298275,0.036652227275072766,0.036230381993799736,0.039993933888674296,0.03899627654815305,0.033396610031649065,0.037648857689255126,0.03999869301715842
289,0.000169554,0.03441146738946206,0.033266174048254694,0.03597387373854363,0.035491259663120625,0.03281050126341181,0.0331710019197342,0.03996308440460798,0.03970514198953928,0.03954641029773221,0.03932648475232553,0.038924626082299935,0.03861315088018748,0.03933142210210531,0.016662786557725115,0.016662786557725115,0.03311577198243719
290,0.000169045,0.03509148487314749,0.03414769271183592,0.03593439691795275,0.0353807866788805,0.03280804847596601,0.03837678399485948,0.03951575612515071,0.03964337050267824,0.038517320831645344,0.03921091218042504,0.0376495189572046,0.03922729898562185,0.039927861641527215,0.016824405565943334,0.02911160044236788,0.039772075072075704
291,0.000195875,0.03693578198521079,0.03633659722650205,0.037399646636696635,0.03725896253540949,0.034306533896083145,0.039894947922308674,0.039204341721234326,0.03977476022497788,0.03843038264856741,0.03891196379018208,0.03662156429869486,0.039656260109779,0.03917245954891771,0.03816705752100335,0.036999811135459595,0.03974965438370523
292,0.000207387,0.03682151418258345,0.03682086989903929,0.03808265515173577,0.038226026294576124,0.03523399707616194,0.03938635035253792,0.03991067441506436,0.039949155110768915,0.03939190589587194,0.03975630500060452,0.037293477545059406,0.03999172228955136,0.03958773839327097,0.03554744352518628,0.03209915217474901,0.039963206217649795
293,0.000235289,0.03807918919267417,0.03759666280746913,0.03896144361640383,0.03913811856147404,0.036521894411634184,0.03689739275249547,0.039840466157838615,0.03842138755368874,0.039925018694488015,0.039897494750816644,0.03910554786195333,0.039910997392419024,0.039996108671754155,0.024327722191142778,0.030304841894127382,0.03973209217160267
294,0.000319178,0.03977380049252148,0.03926545641109959,0.039974565446477504,0.03999951693350952,0.038740102447921906,0.038398336680946714,0.03996522958885021,0.03862224781704471,0.03979712776243123,0.03996637221427105,0.0398705298457635,0.039883869250680354,0.039994805213672095,0.03513164107303428,0.037513742862512786,0.03988453996992815
295,0.000295872,0.0396719861249099,0.03922301370161835,0.039835779626748,0.039947889137704376,0.038287933469724825,0.039999925542181854,0.03931648584347737,0.03999410658820506,0.03874063046080964,0.039640221347159915,0.03924966618941889,0.03989981502593349,0.03937987465029788,0.03966661108323479,0.03993804784077284,0.03970075075151563
296,0.000299457,0.039700001980686295,0.03889469728600928,0.03981725332998063,0.03991588044986628,0.03832720656512832,0.03955189547308463,0.039831467888432476,0.03951784606652175,0.03990661190125834,0.03996269682616632,0.0398837153724366,0.03883512353257776,0.039991131589207064,0.03662523146620114,0.038785901375990715,0.03998331273938922
297,0.000239497,0.0382253063966444,0.03618234968581733,0.03867044976117007,0.03879846132572061,0.03658255502137235,0.03796751712161101,0.039916397685154155,0.03923584322558485,0.03995093111578187,0.03998917127424538,0.039840540478521785,0.03935720045325353,0.03997612338226645,0.032024270057066526,0.03598874319118592,0.03999699396830346
298,0.000158479,0.035419000869180366,0.032715430528996836,0.03541363442935595,0.0354843233522155,0.03269929020844335,0.0399973873457153,0.03759192449543919,0.03935940984620086,0.03686990777674104,0.0393174454350845,0.036734558269673825,0.03987914191685204,0.03728859433580704,0.0399609397558686,0.03995608795033138,0.03775020125729878
299,0.000213309,0.037988824504876305,0.035279715360279795,0.03771202638271075,0.03779379315962081,0.035437444199394874,0.03935967597003858,0.03905362925368078,0.03994164669326758,0.0389008665406897,0.03972116635152499,0.038501997139473124,0.038923446869159536,0.039206522539896815,0.03872888022454795,0.038700435847460087,0.03946677999564331
300,0.000165167,0.036277213815267925,0.03350806062504816,0.035683563379662955,0.03588254540074895,0.03302066850572839,0.03909307651491559,0.038187572956336235,0.03956640966623444,0.039270303673376854,0.03984354219160968,0.03808309829057889,0.039949118190715324,0.03926812275976523,0.034384186992982096,0.03914190209629193,0.039545324621967685
301,0.000282371,0.039443328863542196,0.03827286388104009,0.039507607029577355,0.03963674137968321,0.03775354864678792,0.03375939117853592,0.039971242433662,0.03946919520261651,0.03990140606274837,0.03822182297896753,0.039975179726138135,0.03835648182112394,0.0397599518410199,0.024180562818660267,0.03778239636721654,0.0394927887695769
302,0.000267888,0.03939930094306329,0.03844647111213173,0.03928833960798615,0.03949051473194892,0.03742898406698066,0.03994039070135016,0.038508691498258,0.03982408379626293,0.03896899790557716,0.03998526363427739,0.03920579284217373,0.03987718288236184,0.039202776507670636,0.03973208555315608,0.03993570422603334,0.03942797355367392
303,0.000453251,0.03915060335614435,0.03999444907392876,0.03915841164624134,0.03854327416980711,0.03997443191472258,0.03635404299179283,0.039972112154764816,0.0384307743760558,0.03981165091971358,0.03904417505623067,0.039957531478194,0.03579200124644058,0.03984228588753923,0.036231566706415905,0.03781662934014922,0.0396836644076678
304,0.00016348,0.035880151368607296,0.03293804811928749,0.035946234620579914,0.03675752382680228,0.03314009296977655,0.03978339264486587,0.0360167921935958,0.03841863975552873,0.0365197602019649,0.03871361228470599,0.03440767158734745,0.03790420063370023,0.0358211518405987,0.039488767773739386,0.038866832214613435,0.03623295882497034
305,0.000493723,0.03878116816251455,0.039953736805550075,0.038672353659231926,0.03774734140033114,0.039987824638533835,0.02640236238796219,0.039326844930460805,0.03559996570357843,0.03972047587784045,0.038183746143749774,0.039923741444111864,0.03721605100212423,0.03963626107913091,0.03336510137262787,0.03627611997267709,0.03945176613816653
306,0.000866753,0.030215274456743213,0.036919199458778876,0.029525981485856223,0.026777890057836817,0.035551230499131045,0.019021594211255946,0.036746444569384334,0.02922414144923391,0.03787635868250125,0.035153718721851884,0.03772158431670417,0.02108030229869054,0.03702683460761051,0.028760069869758736,0.03196748601011232,0.03686383610598319
307,0.000378797,0.03997182064141108,0.03951115828604258,0.039963260295204396,0.03975299639130973,0.03945219236707177,0.03922885005772114,0.038776544719903855,0.03999770606196751,0.038192105770622334,0.039939203454280335,0.03863525201964329,0.038748677146466466,0.038918960282416745,0.03999969374709157,0.03975247254407521,0.03878712836617334
308,0.000407461,0.039273933181600745,0.03766551581454819,0.03997818647724949,0.039926219107605895,0.03964853160346219,0.03470581109368104,0.03999171683797317,0.03882415877776275,0.03990754035653469,0.03905910034387741,0.03985366069796382,0.03490659699784561,0.039956670229905906,0.038226765620822216,0.03932146059802402,0.03991122157406029
309,0.000365316,0.03902004700637044,0.03693971400428295,0.039747337791396026,0.039761993379237075,0.038992409792076056,0.03748283171000051,0.039961896215788925,0.038654216704937176,0.03996056843609147,0.03988060579688913,0.03978325487321085,0.0328521378879416,0.039998515512170846,0.03657579546560806,0.034758222182820556,0.03999573405987714
310,0.000538419,0.03979949066694513,0.03985265232290778,0.03894975240963487,0.038871208569973614,0.03999409317034943,0.03492388419459111,0.0394814424106928,0.03328283741372626,0.0395515017700494,0.03816795981519243,0.0396181400645101,0.016873480751143838,0.03809639162754579,0.027189517330702934,0.03203765899200313,0.03784278714756499
311,0.000521261,0.03984567675052707,0.03962988808158464,0.039255622093055,0.03930957811374777,0.03999939919819302,0.03420081156275212,0.039234089190130376,0.02921338101812579,0.039587027511976625,0.031492964390326825,0.03949371633234942,0.0200986610923886,0.03760106747803514,0.024016533230496642,0.032041712959327645,0.03816777824989216
312,0.000345055,0.03959782471102759,0.03800939141951511,0.03973630808670749,0.03968224289741811,0.03857841638789758,0.03921831510578119,0.039998561196474304,0.03489828196561344,0.03996770440319623,0.0365013432159359,0.03975576024163258,0.03616162861383003,0.03997297491562101,0.03563340878403813,0.03469609121639915,0.03999504434794618
313,0.000237454,0.03644286814552952,0.0332781713346666,0.03733543862124382,0.03710655131589126,0.03561063527727912,0.03829699083165446,0.038414048536580314,0.03999135913666809,0.038688318181811024,0.03994418035126601,0.03703906559954816,0.03997962661293853,0.03798023681809559,0.03984728956254593,0.03986989778508752,0.03837069223151614
314,0.000289834,0.038340080264994206,0.03584301710368007,0.0387020002716204,0.038648261115931656,0.03748200106341581,0.03858678645225478,0.03864819214902655,0.039995490820662664,0.03903482602241212,0.03906618869601523,0.03874672105606443,0.03998575509411208,0.039086223761185604,0.03999219632880093,0.03957056537308336,0.03950390044936397
315,0.000194171,0.03529771544586668,0.03273655869643597,0.03584447639405902,0.03598190029714636,0.03402437486018551,0.03792444354610583,0.037384336549632274,0.039816179571928845,0.038257669989905166,0.03981120982196272,0.03782089304120893,0.039142338496813714,0.038896617378875314,0.03948910764164495,0.03999608010013964,0.039298592103983475
316,0.000382242,0.039939905508643354,0.03919986135363025,0.03994430625425529,0.03998774310776436,0.0392983819617716,0.03467976099983311,0.03933005580543695,0.0307496026439988,0.03924097065688397,0.030002236552720524,0.03973227170928204,0.03917397092444713,0.03677038196241984,0.005908064754108072,0.034372389232853365,0.036806793951276354
317,0.000247546,0.03833610372299274,0.03684570357414646,0.03790463137228661,0.0382683219427727,0.03638731528069943,0.03987494035991194,0.03812200174131074,0.03999936784002654,0.03810584072479227,0.03373209462850299,0.037403595797037156,0.03922144194827753,0.03907681759159806,0.03981826474626493,0.03948623246415387,0.038843829924739
318,0.000184115,0.03658240436729045,0.03499390178112789,0.03585089896523143,0.036676528364158995,0.03389919773994271,0.03964836281713043,0.03465801337858389,0.03784990391683488,0.03517443342992216,0.03881901675289479,0.03442935354059727,0.036808303228702516,0.03564820583149306,0.03848512278591101,0.03720738574898506,0.0352382519878178
319,0.00027393,0.039446837199031776,0.03822037589405246,0.03863954247864932,0.03926057510781526,0.03745708884342755,0.03436294610601888,0.0392202214849704,0.0399873081785474,0.039951352691255576,0.03689775191203189,0.03975246445923395,0.039320477684272964,0.03961914469261111,0.03898212774906809,0.039704080295546194,0.03953370288869056
320,0.000217229,0.03770806552591737,0.036531174957644096,0.03725053341766775,0.03803754613542785,0.03559714630187499,0.03833622599509127,0.037124758100027466,0.038825452290577406,0.03820019035212675,0.0397227188074286,0.03954144891840492,0.03733810408773233,0.03837036880941549,0.039959296699194256,0.039618168169507646,0.03849068216660544
321,0.000398855,0.039803247470633706,0.03999757447109467,0.03999538869225394,0.039830730470723774,0.0396526769055263,0.03777431761134342,0.03895233432951544,0.03995252278410094,0.03878748272803814,0.03885727058334209,0.03997350035950116,0.03996907000469791,0.03964361231572729,0.039864695690509065,0.0398727137823646,0.03963700370305493
322,0.000719696,0.030776447039312663,0.0342263194976085,0.035200164813106324,0.03294632255099107,0.038033314222700884,0.02550635197603565,0.03985054762809484,0.03737194906327418,0.039938450545513454,0.03486017157905302,0.03910638000010841,0.03630253506348262,0.03940882837993073,0.0369842206943998,0.03856381433249224,0.039576016333119586
323,0.000410898,0.03922317231169983,0.039782501701036865,0.03998426263175502,0.03969901800515421,0.03974292883344846,0.03537025946530836,0.03885507244535354,0.03999993243241226,0.03845425001379603,0.038293444065301246,0.039075936958098516,0.039922007732651296,0.03898616651552797,0.0399260310540819,0.039567577660890065,0.038723120783476506
324,0.000521561,0.03856865330662731,0.039754036959261094,0.039381751522583226,0.038036793737242905,0.03994604193547002,0.036709267064587506,0.03942327459157005,0.03991727645181436,0.03879771424185177,0.03724310660796279,0.03951066489505229,0.03999315334491548,0.03930245266546832,0.03996021288911681,0.0397456034605822,0.039176894434972666
325,0.00110725,0.024785634316499966,0.033204615952935904,0.027816383863647848,0.025732826431739547,0.030527966672979898,0.028431644480332544,0.03923031193537928,0.03503929893779975,0.03955301642196205,0.03082638534800472,0.038375014636451425,0.030495162063707004,0.03906565569847337,0.03728158838483475,0.03767076872393481,0.03915373462754303
326,0.00044984,0.03989781380703845,0.039833085952091424,0.03999964534778513,0.039866280963885656,0.039844298921887775,0.039995827375421414,0.03709364750458452,0.03930787808743609,0.03680687285365006,0.03919008885980352,0.03843188323214078,0.039999841245678805,0.03761530723155158,0.03885582123271428,0.038526787097052484,0.037487982200720985
327,0.000789055,0.032021806986455056,0.036417889565942496,0.036403124565758574,0.03496393759923845,0.03777901886800352,0.025199294518534407,0.0397847640535396,0.03722347778767249,0.0399432547234897,0.033001649754423656,0.03881651702540584,0.03404526017599879,0.039457103776941206,0.037299788909489554,0.0390063232456506,0.03956853173355153
328,0.000436887,0.039998055810790877,0.03992982882725397,0.03956420001290897,0.03985070412825679,0.039552055519821785,0.03790264549606721,0.038285460722414996,0.03987869585245535,0.03891874572250165,0.03941444522888938,0.03908020430879099,0.03980274118419816,0.039249291524034516,0.03998459969764339,0.039794032728526434,0.03930073670165023
329,0.000388476,0.039975791614719675,0.03992475210603348,0.0393686466498443,0.039629270507839945,0.03889659448359599,0.03954138099051996,0.0367527958316146,0.03920502810767493,0.03720553446566429,0.0399976889561604,0.0376508645805718,0.03999305188730667,0.038281013932677826,0.03953803618810627,0.038580865971112606,0.03840449875928968
330,0.000989275,0.03285992224492934,0.0298709818574473,0.03502261439816093,0.03213526486002227,0.035404601114709625,0.0015958943413742488,0.038137829909080975,0.03237742560810823,0.03740679343136548,0.021830936213567118,0.03722334044297787,0.02854701587567031,0.036335345613230666,0.03010089544171693,0.0353646097644454,0.036487594511455876
331,0.000588299,0.039186288796374855,0.03821982753986857,0.03975597630258555,0.03920567317904219,0.03995717356239101,0.023462235261022937,0.039944229929503874,0.03909660536590398,0.03998172096817038,0.032888348564092534,0.03999111655731675,0.03952581912081502,0.039992451675062955,0.03864724979900359,0.03993038137152426,0.03999105819921836
332,0.00039497,0.039321960668081926,0.03996608185943017,0.039505816420284515,0.03989302810608619,0.03903085574350722,0.03958275071215039,0.03822223030407036,0.039545283989310225,0.037835719011287225,0.039189427636636555,0.03807635275744781,0.03916156124980569,0.0378721020621237,0.03937513724405317,0.03818136385249231,0.03806751646011139
333,0.000330616,0.036662131273263135,0.037219150774268545,0.0379390729339651,0.03843878548597246,0.038080917484620266,0.039908200053838355,0.03707641506682846,0.03853789067478758,0.03651499680559371,0.03423566272303974,0.03648276730255599,0.03820394585356477,0.03630192523470596,0.03834840444249109,0.03825741278784389,0.03661435843004685
334,0.00070443,0.03975014502099459,0.03967678937098096,0.03912715643285868,0.03840024529061155,0.03937958037104167,0.01910042129091795,0.037849226846458424,0.03552942705448581,0.03960032072219806,0.037506448024991285,0.03956696616975469,0.0381577708377569,0.03941016080948475,0.0343629720427612,0.034827747018860156,0.03934099213798415
335,0.000495571,0.03952422715864593,0.039765023568888745,0.03999326170234319,0.039978629240777844,0.039936459023086984,0.02195330838364648,0.03888542481964478,0.03752850407944973,0.03955058386220146,0.03544253892192113,0.03999894929873422,0.039974267198022974,0.03995843174788264,0.03518159905560746,0.03917242332645123,0.03999818087552274
336,0.000315662,0.03740138822463405,0.03795114034444455,0.03835251187601145,0.0387776586247054,0.03793452120219007,0.03992756562808407,0.038407794511865545,0.03991677254901429,0.03598127437321333,0.0004874142365366707,0.03826233197370635,0.03905513531598446,0.038859949899483964,0.03997260918757421,0.03849063274463435,0.03828355293446305
337,0.00034429,0.036361757035551376,0.036020401977742436,0.03838757509029815,0.03877643711777357,0.038309975355921316,0.039989846360091334,0.03907319394774475,0.03969602148203003,0.039925967366867744,0.03999707559965486,0.03988478866598088,0.03999780386967995,0.039793934041378036,0.03059327705359928,0.03999172901060365,0.03999289633813301
338,0.000332407,0.0367713472761403,0.03615142161548088,0.03839506938572811,0.03876090146476051,0.03827768914461083,0.0386132765368931,0.03895899487810602,0.027514278424608296,-0.04639579433844049,0.03088618012545527,0.023964947860636715,0.03979953116883992,-0.04639579433844049,-0.01834296420437531,-0.04639579433844049,-0.0014790162921756445
339,0.000247293,0.03501985251900361,0.03444281042842001,0.03644939120757566,0.037144539671237674,0.03617631960163967,0.039971098740250136,0.02544052597888169,0.0024591804642549453,0.0311430102923608,0.03488330640082887,-0.011088440722588938,0.03983221101675871,0.01673873608105031,0.036510873744090594,0.03843886993307912,0.02810018319394235
340,0.000354891,0.0385868710002899,0.038388848181354865,0.03894105612680042,0.03933670633290738,0.03887271168304558,0.03998274497348539,0.03716138706648228,0.026935978508073,-0.013385551777265442,0.03937724996732654,-0.05632523248070387,0.039551485259649785,-0.05632523248070387,0.005043544376466563,0.018051751998114957,0.015163026121448903
341,0.000265161,0.036676278118936985,0.03568510879817641,0.036980834034738466,0.03770278207177945,0.03678226669291069,0.039395452065358244,0.03895699432507791,0.039109777337377874,-0.018153462156391242,0.03999997099701762,0.03048180575831387,0.039744882358344835,0.019522004216541655,-0.018153462156391242,-0.018153462156391242,-0.018153462156391242
342,0.000284761,0.0377755364977662,0.03704221922750952,0.0377769703810366,0.03837437214413207,0.03757943050189988,0.039983085077616554,0.03680361796680964,0.039984548323165114,0.03960948754494686,0.03878430025547048,0.039729893268466,0.038486099848339325,0.039456405193461996,0.03992885890435449,0.039973662926137334,0.03972566879018948
343,0.000251449,0.03692911273959594,0.036379795940799695,0.03668411564102822,0.03740298964248032,0.03671368198533736,0.03822515194416143,0.03088042746909523,0.03608726150642101,0.03376657459125562,-0.0017817381332271287,0.032096677559988,0.03494661515714688,0.03120344184072358,0.03329468736875374,0.032817287762144556,0.03099522140705199
344,0.002542634,-0.03763022228125107,-0.028461349787659185,-0.02574350053995042,-0.03841446816910221,-0.024546269315239344,-0.017554916484357447,0.03317079076929812,0.01791792333111751,0.03153661118394609,0.012541061821878724,0.03346701457604517,0.007823997488012185,0.03537634920274896,0.031138855211136254,0.0315366562231712,0.03587920257633062
345,0.000288833,0.0388596479661667,0.03815859686538406,0.03784503928977591,0.03852218729116327,0.037823711834544055,0.038773684887239424,0.0295259911987927,0.032200719478713544,0.029351908585313342,0.038363283913397675,0.028184134124390248,0.0349226633187468,0.02765039115177245,0.029622289666417063,0.029310142025597053,0.027400528285910556
346,0.000285734,0.03907068865976997,0.03854121368032401,0.0378856775406116,0.03883843834047033,0.03780383269777297,0.03970976337090992,0.03294072678250874,0.03467153298086281,0.03183946182842551,0.035606543258160483,0.031233390661375433,0.03590697018358182,0.031396936786863304,0.03347701358441951,0.03133590460228198,0.031253384434550315
347,0.000449379,0.03914579754813652,0.0384348037896409,0.03805954140884196,0.039683484466849585,0.0395174495097725,0.034409779069736496,0.03917599108732243,0.03988880989786801,0.037940862968976925,0.0396105872961986,0.0397333838875125,0.03962140550288488,0.03987550437988293,0.039118285521303336,0.03999974786393411,0.03995586458873624
348,0.00025788,0.035736756298406905,0.034437862088854194,0.03555622963053534,0.03690653909084708,0.035447456086367096,0.039973816252035096,0.035179750999640325,0.03827438812826847,0.03947724978434086,0.03981362340080744,0.03602016679860115,0.039994575236249975,-0.015249162872621791,0.023580741029713456,0.038645588579490124,-0.015249162872621791
349,0.000455062,0.03963296227073064,0.03918562565127123,0.0395168565385326,0.03991725500377762,0.03956117268865133,0.03178813490218407,0.03953096829326547,0.033821501703201876,0.0387263592188309,0.0243676498097168,0.01791472747528161,0.02650769351614632,-0.10282282820800254,-0.012247261556850603,0.03905466374871321,-0.10282282820800254
350,0.000194628,0.03367549927808711,0.03283394395496081,0.03304529319394856,0.03484900838529524,0.03333395748663215,0.039945619362747486,0.03739352369219537,0.0393441192151891,0.03781626062274765,0.016783393304367775,0.03586756192413206,0.03990545349277279,0.03864995939018323,0.03999824773217569,0.039690046481060816,0.038068813986973093
351,0.000571779,0.03988227124917058,0.039980813178537175,0.03999054873235671,0.03970037985153474,0.03998295341618681,0.03141647396008648,0.03535636819280562,0.033950818919987635,0.03526096147297747,0.025477350592293058,0.03997749101299746,0.034611345718369615,0.039883989428585544,0.038087038975359686,0.007410815634914969,0.039776314218513235
352,0.000352085,0.03838721784455171,0.03798891493260055,0.038844087083537676,0.037452334462492264,0.03897429396078854,0.03941190767742636,0.039999277867419546,0.03999983695388767,0.037485056905034675,0.039780788045298984,0.037578297951215034,0.03912460633779248,0.03692802952875117,0.039263647854517914,0.03879052055263035,0.03739794360462222
353,0.000222946,0.035515615299020906,0.035228607896916175,0.03585689678815063,0.033317045836977914,0.03565409220239357,0.03979802808286666,0.037877411648901356,0.03949737034761747,0.036553386028060894,0.03862383330914933,0.03896333400843416,0.03558377936933037,0.03761863877416447,0.03999749491883077,0.038770074018958316,0.038138758856394415
354,0.000264234,0.037595010976598134,0.03735078412637871,0.03667237754773005,0.03415705879096527,0.036914416545517054,0.03955727289199264,0.03928849243087549,0.03857030608271913,-0.006326169064380688,0.03965546679341276,0.027598239152812398,0.037664700915536226,0.021148678631702264,-0.017781816573967296,0.0398534755856871,-0.017781816573967296
355,0.00027197,0.038363625468793294,0.03829269684544105,0.03742537971037856,0.03471827620746685,0.03720145271514723,0.03924185684342808,0.037944989600450355,0.03999965693733742,0.039530315488369515,0.024194991522521067,0.03826335058994661,0.03874160058889127,0.039997789630851655,0.028600364254846536,0.039684029386964026,0.039893702936945365
356,0.000320547,0.03920323818650946,0.03852698018571492,0.03879571268463461,0.036426279625486155,0.03836412968252933,0.03970549987980235,0.039070653600946845,0.03998203055238016,0.03817444476310784,0.03930893267912231,0.03759134864436044,0.03999399023084383,0.039241933368051575,0.03983631661061981,0.039757759435399435,0.0394014992108772
357,0.000222308,0.036058088075761066,0.03430481071987096,0.03620574060455863,0.03275510208728785,0.03569907470165366,0.03991747832367098,0.03881074800736671,0.039993469090337644,0.03735751152550838,0.03674455686513535,0.037466965491489646,0.03980944290736998,0.038485270115235344,0.03955989907137736,0.035406222864358974,0.038757018184186205
358,0.000283175,0.03850858312328388,0.03723463294232308,0.03807110928706618,0.03508883912196131,0.03756562658952935,0.03836979928354008,0.039917657626271606,0.039389562248414056,0.039662204102937804,-0.01532751195310561,0.03933924521622646,0.03974656979742522,0.03994782659395256,0.035703914450206375,0.029041608216268014,0.03998532488875098
359,0.000311921,0.03944251980545867,0.038713450681535984,0.038845909927872097,0.036097331826836804,0.03836815084458447,0.03927596516086118,0.03924459263149491,0.03999996176876021,0.03876438308564355,0.038549936309693,0.03843814878324897,0.039661718465395686,0.039499122283951436,0.03956238303793957,0.03894361369850643,0.03983565616752202
360,0.000370624,0.03999932230552184,0.03984557292699455,0.039757583820785376,0.03778178736975356,0.03937048847752987,0.03493644342973372,0.03984516888146835,0.03988777258484811,0.03951077306135084,0.036890905447681255,0.03929118590702088,0.038254747689682914,0.039830734885096516,0.039043840311595475,0.03821999775077383,0.0399846316865255
361,0.000179377,0.03603753839113864,0.03417466088009396,0.034762183512751996,0.03104583338356561,0.03383297140869393,0.03927212039149471,0.036572445276046195,0.03767975870056099,0.03587409211464952,0.03985469760490268,0.036261761893102436,0.0388672076126202,0.03634280399117957,0.039562408914415384,0.03922342645462373,0.03743458332253541
362,0.000195818,0.03593633271610279,0.03510967393380733,0.03551347023352317,0.03196531428832554,0.034627416054547736,0.03991756010120074,0.03570613262439988,0.03682739167654196,0.03523984398843548,0.0374935558807931,0.036805772579603956,0.038881691407039745,0.036208066001349536,0.03901127492422657,0.037771416756624474,0.037472787409077814
363,0.00023764,0.03808562806752416,0.037670275722667707,0.03701354828400456,0.033805154595549294,0.036272414244682194,0.03972845472876337,0.0361630434822678,0.0372327891457577,0.03552706764478298,0.03935304337873495,0.036809867539008626,0.03991110408840993,0.03657068650258813,0.03884024756608938,0.0380746520966052,0.03760810437223783
364,0.000401936,0.03988320934632035,0.0399795880587326,0.039950685652689256,0.038416467622122474,0.03966506508586155,0.02877825675666465,0.0399684160428895,0.03983169766205019,0.039893486218764464,0.039979016527116135,0.03999437959629956,0.035842331820880105,0.03998117640596139,0.03713868072094054,0.03910664940147656,0.039679497014020175
365,0.000381908,0.039940016012809075,0.039975625868637794,0.03987696365754197,0.038073283830616034,0.039490231878352024,-0.06092857946675603,0.037917351054663866,0.03839659877694091,0.0398873881933097,0.03836121454297278,0.03975662347538291,0.03650323731398529,0.038883516699998115,0.023196818600072555,0.03641398603159676,0.037187461996418564
366,0.000240901,0.03904457946351948,0.03900608879586069,0.037485805267955315,0.03425912072165121,0.03653797040641869,0.03036740859334415,0.03931507468762868,0.03939746596611026,0.03768766171796348,0.03971985355395057,0.038410839999530565,0.03999990699298986,0.039126961084541,0.03944212178535303,0.03987881810264021,0.0397570655540967
367,0.000110044,0.030639686432865694,0.029519587207500274,0.029882716287477545,0.02626285001052555,0.028961381412584856,0.03876848923999428,0.03170458778608183,0.03218975552494717,0.030826736432741392,0.03528250393403282,0.03140824276142942,0.03720003882527738,0.03193171736915429,0.03634009948751331,0.03561935642257491,0.03352190676156219
368,0.000248719,0.0385058918024381,0.03784145235404396,0.037408617750630105,0.03436422095157524,0.03672195704349239,0.024336370512943933,0.03984569929557689,0.0398452705427157,0.03999877573140426,0.03973842909216117,0.03997681436905932,0.03760467592627218,0.03992836392184008,0.03330885029203408,0.03248029125189615,0.03972429203937405
369,0.000219105,0.03816478109941957,0.0376043103786363,0.03766839400360325,0.03769174757543198,0.0356056835693759,0.018188861271058038,0.039927007622402366,0.039899220989580556,0.039999612830407476,0.03982257432571023,0.03999894680278249,0.03855510882824914,0.03992824133732076,0.025871870141480124,0.030831977547659817,0.03944970681483993
370,0.000153921,0.0359766957385284,0.03559680437687003,0.03507948220988269,0.035322967065864075,0.032356006333441184,0.03987451687339816,0.03560370021170042,0.03684622875526722,0.03504377421786811,0.039712751781265425,0.035734415106112825,0.03988686527172603,0.03589783355205704,0.03968156100563696,0.03889478203431421,0.0376668842650755
371,0.000248735,0.03950732990156214,0.03908919876466156,0.038641204806609694,0.03870550294465458,0.036749073815064134,0.039824416332089725,0.03824448813688688,0.03963538684851982,0.03835664313511853,0.03962123961047503,0.03805222214657404,0.037993341778215416,0.038512736435910314,0.039979323422909316,0.03994532913495025,0.03947470022298178
372,0.000300792,0.03999533046781561,0.03998906262277544,0.039690258819134114,0.0398042965821811,0.038235424789760664,0.03682271290183796,0.03983687987831642,0.03949528195198952,0.03999947532059328,0.039923890058070136,0.03969469467533061,0.03718924703925883,0.039819380197930986,0.0380511196692749,0.03900420171098943,0.039932851754156486
373,0.000158634,0.03655060976255839,0.03666688731864883,0.035750515662563986,0.03615745620867471,0.032892115647793804,0.03857355872151759,0.03567813876319971,0.038004771651802244,0.0359341791891739,0.03841601469256513,0.03541085173560534,0.03865930373893908,0.034800612700149613,0.0384240062961643,0.03804634672467262,0.036822964341596
374,0.000143697,0.03556251944253963,0.03485102530117838,0.03482437588618664,0.03579446843051126,0.03196128151050854,0.03467433741293385,0.03245000120982865,0.03502089969652948,0.03236947401176103,0.035977612357271385,0.033073508455088343,0.037846364593464354,0.031924669465740976,0.0350461579532144,0.03526980818183008,0.03405955384009958
375,0.000148364,0.0363778066978437,0.03572248229290789,0.03484278494536418,0.03577614356745824,0.03210985267041935,0.03601878714363084,0.03337896849695941,0.03600291569922241,0.034373490451946695,0.03649657752459072,0.034793722961734684,0.039370447174458506,0.0334902513208696,0.036735267682134295,0.03695051275307401,0.035881291128904466
376,0.000138247,0.035676403537362865,0.034221631398364774,0.03478210019135564,0.035539638431671475,0.03145973249005873,0.039633271796608686,0.03614916127223046,0.03813868884723311,0.03723227470695662,0.03593497291448343,0.037105761090655456,0.03954028746956221,0.03618365201716433,0.03977175009775266,0.038975404215263285,0.038837468504136226
377,0.000177009,0.03792369646706359,0.036935590456202094,0.03712131905336011,0.03769307220301537,0.033962325527208445,0.03857088190301152,0.038537995527189076,0.03942495463741723,0.038484412147775024,0.0379615069587234,0.038373838438744826,0.0399795764874636,0.038280042204353895,0.039836070882189,0.03975634021109879,0.039892402920653505
378,0.000111703,0.03462555590585599,0.033882668495071745,0.03304037297229032,0.03373101540785611,0.02942217198577201,0.03937013063198015,0.03300599118599651,0.03434142573326439,0.03291683125074816,0.03444150151614814,0.03296035905827764,0.038133370354550236,0.03285987391042498,0.03692712848475814,0.03558882284879136,0.035582304345463805
379,0.000115653,0.0344244098576286,0.03422889617075012,0.03357117598319662,0.03406144209282532,0.02982058675088369,0.03900600105162365,0.03484779039915363,0.03517099691815567,0.03538586638613075,0.03495914209213925,0.03535929901662929,0.03877247649534159,0.03437233029192025,0.03870658418344609,0.037620518343595116,0.0372483049754867
380,0.00015842,0.037601546077247576,0.037420022263205455,0.03649881874165967,0.03668901250561889,0.033050060781154335,0.020122903382464447,0.03936301954429257,0.03849942278639133,0.03981401599419072,0.036890585525777675,0.03983295319921554,0.03981285842526926,0.03862251257426945,0.038396778582891755,0.039771026891959806,0.03994842839414555
381,0.000141021,0.03683422746320869,0.03685372247276269,0.035802580414329536,0.03589179468390209,0.031938783614531535,0.03524990670310772,0.037862090033262255,0.03624245952545117,0.037787862266128666,0.03608860860688609,0.03829975336480341,0.038979836759990005,0.036673562296982536,0.03992185790333235,0.039842470651100165,0.039590283974564634
382,0.000150193,0.037649788844470185,0.037510246181983904,0.03643209278520497,0.036487276843612075,0.032585003270271876,0.03957027526376448,0.03758220482034633,0.03577014785343241,0.03659522364360663,0.037306326906414104,0.036943493948754416,0.0395941312940764,0.036189853182848994,0.03935999457824434,0.039796912495217864,0.03911582982030684
383,0.000146765,0.037737582016583435,0.037197448198760974,0.03623970169553688,0.0361080653844718,0.03235846353628786,0.03193544751825171,0.039246961657375276,0.036751878555190916,0.038032883753265356,0.03637792183603844,0.03752758217190745,0.03992759635399696,0.03736292488228379,0.039999779339597585,0.03909417813850465,0.039928560419611105
384,0.000139727,0.037619262869307696,0.036858229466574556,0.03597541067602007,0.035809856315716565,0.031851164063293136,0.02554299232916954,0.03978875316274728,0.03666008092954354,0.03778647431202889,0.03515746864238832,0.03731133892903507,0.03989710057471192,0.037337616267405026,0.03996357541754966,0.03764666864173227,0.039972145115586034
385,0.000119105,0.03676340858114498,0.036071142623484535,0.03471352701679765,0.03453217966292295,0.030291820878092526,0.03999987017080914,0.03683326718092898,0.03321308099668117,0.03300980757719375,0.03513578491872413,0.033867650154023085,0.03969420138022479,0.0337216658986748,0.037676244716107365,0.039638785048165405,0.03717725330944653
386,0.00014382,0.0384761105106769,0.03819269058919947,0.03639454018332028,0.0362468306579414,0.03214723278372463,0.039847175287362466,0.037479906595579704,0.03448058675401415,0.03397175900450458,0.036286706117535504,0.035248985631972686,0.03742513194376455,0.03518559675508054,0.0386105595151475,0.03997902555951025,0.038028188454447526
387,9.66e-05,0.035800324135348616,0.03579763051486198,0.03277165195293031,0.032427163152940114,0.028155279980107202,0.03560844397748504,0.037482895036557023,0.03268882735786904,0.03300684175777997,0.03235099729157617,0.03388654843204393,0.03560844397748504,0.03462276317593602,0.039678708245234534,0.03941636245900232,0.038459494403690814
388,0.000144224,0.038925906915982654,0.03912518319127385,0.03661447413838834,0.03642657494714409,0.03218170544525257,0.024287433533087474,0.03990685339917573,0.03739947836945243,0.03798476441218901,0.03649852486405978,0.03790184241466682,0.024287433533087474,0.03946273885830693,0.027652711162601318,0.024287433533087474,0.03780823741740036
389,0.000118551,0.03755915384755973,0.03732163249624586,0.03505543996173428,0.034990344908899254,0.03022992027460735,0.03097985960923942,0.038914357718948675,0.034875570520016906,0.03556778140415582,0.034977113806300086,0.03468772426327532,0.03097985960923942,0.0376584039112826,0.038739417420933155,0.03097985960923942,0.03996145651450628
390,0.000155703,0.0393702229136035,0.03936322661009853,0.03768032520101808,0.03742691053327886,0.03296609917713983,0.0209423491311726,0.039941401336788605,0.037268182609778086,0.038488668492976094,0.03663608637860194,0.037345735428479354,0.0209423491311726,0.03948359440716757,0.03290735958518834,0.0209423491311726,0.03691887526062872
391,8.67e-05,0.03531189482012675,0.03565356289848494,0.03245927815596958,0.03194955859322338,0.0271597468912875,0.03726932331028182,0.03870876536361885,0.033011443188281316,0.036808514205219134,0.032903308806985346,0.03425312447745217,0.03726932331028182,0.036883695334427244,0.03726932331028182,0.03726932331028182,0.03726932331028182
392,0.000168084,0.03975719758844141,0.03989438215960819,0.03825129994037282,0.03795217354135059,0.033726827819712396,0.017128672982315157,0.03997155700502903,0.03790645017100307,0.0397131701231417,0.03763202507762307,0.03864506902996836,0.017128672982315157,0.039530572887330986,0.03374034811577571,0.017128672982315157,0.033372431764414484
393,0.000153241,0.03926951808284686,0.03967895737051172,0.037575908946869185,0.03705613870773008,0.03279957097893522,0.03955918728121252,0.03796542739170676,0.036135839966445836,0.03775802818295847,0.03654319959289159,0.03565869579351711,0.021676003759175666,0.03704389147637227,0.03994624284816895,0.035472790596933534,0.03999128140848265
394,0.000189889,0.0399682689524105,0.03994449567150838,0.03915124398977179,0.038632277016948185,0.03488757938509955,0.03695563729696158,0.039174070999953306,0.038325689948684565,0.03926368266505791,0.038038962923585676,0.03658078248433123,0.00996006107158326,0.03831651309065838,0.03987812435189578,0.03509355752397955,0.039894276990129034
395,0.000118692,0.03804505545649792,0.03866557270300596,0.035534133202910656,0.03462668148771385,0.03026195491138084,0.038488376989919734,0.03653565279388859,0.03549136639908364,0.03692682550945717,0.03503695368027405,0.03190068752121969,0.03094651876588876,0.034485658077686145,0.03922736267499627,0.03999570898319189,0.03874625385342692
396,0.000357057,0.035299093234044635,0.03234006735830734,0.03894936068074752,0.03953627157531947,0.03940809339912693,0.017028353055701065,0.03975274882986861,0.039763371977871054,0.0397811889138666,0.03999644049890786,0.03948876271137468,-0.03501135051316415,0.03998404313277851,0.03708407541747574,0.03477522467430191,0.03846213528342875
397,0.000487618,0.028432307016033012,0.026743887165967303,0.034968806032637884,0.036595192499801255,0.03997863677354827,0.009371578423312904,0.039160330165803836,0.038628634380886255,0.039419978956693295,0.039407709453047994,0.03998209499603773,-0.11859088584204172,0.039899196209459205,0.03582103934838951,0.03472214474002176,0.038127760244261816
398,0.000262458,0.03945825204963976,0.038990125972614725,0.039998121036051666,0.039968234502976166,0.03754447596947269,0.011678619746599422,0.039347782005652046,0.03965760895479987,0.038995072455305216,0.0395224220001695,0.037156192430970514,-0.017071312943402334,0.03817456604082259,0.039956501007089605,0.039982629630857885,0.03962576956219497
399,0.000285131,0.03999011175204313,0.03915299792391031,0.03999959201468233,0.03989366131831886,0.03799920161635846,-0.026286105847665525,0.03998479319203687,0.03998272968874859,0.03999035060734664,0.039842720710700025,0.038383428855408026,-0.026286105847665525,0.03945987569492408,0.03703426593442978,0.03699733928355388,0.039903757217490336
400,0.000314886,0.039803677103551496,0.038094060486549376,0.03999918417167435,0.03997378885978044,0.038494372100253985,-0.03881380489502029,0.03965803081819134,0.0397791414177145,0.039026931818581946,0.039704211901739055,0.03908560769044522,-0.03881380489502029,0.03995766565216355,0.029779741923493003,0.020476245130776435,0.03838002701593497
401,0.000227755,0.039806623754452854,0.03995876374320011,0.03930205835299669,0.03888806218648193,0.035947744363318476,-0.0036189919489100775,0.03988514273094743,0.03965465673129261,0.03980361440118248,0.03906197151949613,0.03730415867315,-0.0036189919489100775,0.03902489164192717,0.03283629778098947,0.028530260070361385,0.03982342347149204
402,0.000263758,0.03983788836328144,0.03977655950662633,0.03976949757001677,0.03954368210021621,0.03716223989760172,-0.017591192813589562,0.039803043377239375,0.03999593404458953,0.03999809137773493,0.03980472356753653,0.03881325089977545,-0.017591192813589562,0.039771574387114955,0.020417857280324053,0.011929586073471499,0.038908099575955486
403,0.000283035,0.039960215167629085,0.039915929613944516,0.039853762388472345,0.03962287276503369,0.037584304487360345,-0.02394691614192468,0.03977102318319652,0.03999820080577638,0.03999022923566,0.039948284203291315,0.0388857037970432,-0.02542155742218724,0.0397251018357746,0.02700769068931068,4.660337842588014e-05,0.03923681864302373
404,0.000175597,0.03809275883730916,0.03878289153316919,0.037444489983144244,0.03696463528561584,0.033443756150078774,0.037414304735006995,0.03874614766461174,0.037518293787228346,0.03753765766048789,0.038182768500135855,0.03442830893173261,0.014720093014296831,0.036250982855218855,0.03956532354499166,0.02818150224852624,0.03916245746643354
405,0.000338722,0.03961233291380549,0.03946820335611915,0.039942342815166614,0.03999999052221864,0.038909462449203756,0.01661128040894773,0.03837992404702195,0.03978910244868469,0.03992858697844786,0.03993973885336498,0.03945580602907341,-0.0491627641439982,0.039994815212093714,0.015257872681433443,-0.0491627641439982,0.03665626409013467
406,0.00015804,0.037820815098179195,0.03776242023097763,0.036471606968396686,0.03593672598640746,0.03259714105188785,0.030564368570596162,0.03928759870907354,0.03801476038168599,0.03759601097086472,0.03796150207535322,0.03452795650090326,0.02023812043560698,0.03767402411419475,0.02023812043560698,0.02023812043560698,0.039951078233032386
407,0.00025332,0.03999801510517135,0.03998139660706797,0.03962589531004351,0.03948590030864438,0.0369403059787553,0.009049191612615776,0.03978464037711167,0.039970552389504414,0.03977755592289119,0.039915512219345,0.03828066350792229,-0.013447807935913658,0.03998329464966386,-0.013447807935913658,-0.013447807935913658,0.03544692669677223
408,0.000220874,0.039380127245148625,0.03875247686728936,0.03872935373487113,0.039014790045353756,0.03580150910555167,0.026175442913208807,0.039980575989519276,0.03940433207793495,0.0394575784045431,0.03913202617604333,0.03689739480948381,-0.0010581322588777142,0.0396654369050265,-0.0010581322588777142,-0.0010581322588777142,0.03780459156357812
409,0.000193534,0.0390481043828973,0.03849354057131711,0.038163589497756764,0.038151104394243976,0.034630497771430055,0.01823789357672477,0.03976660187866927,0.03880081359725788,0.03827116462969068,0.037730871291392354,0.03597897176781496,0.02524013411590452,0.03909741222029737,0.008711227661777149,0.008711227661777149,0.039193309701717534
410,0.000241878,0.03974909783414651,0.039045024901165806,0.03927287877291822,0.03937691418894574,0.03660648220214738,-0.008990209429603213,0.03992967420539456,0.039826282867321476,0.03902234002133795,0.03958840533793954,0.03804913214496203,0.02293296114320227,0.039887741243135835,-0.008990209429603213,-0.008990209429603213,0.037866599402607726
411,0.000283175,0.03997623793640946,0.0399235033232036,0.039849584924335824,0.039937761571180334,0.03787639116030038,-0.025479226383437747,0.039915462215680285,0.03999742315614329,0.039298509469493585,0.03990495668252147,0.038631394839053354,0.016944198320574408,0.03998783308998376,-0.025479226383437747,-0.025479226383437747,0.038026041851527775
412,0.000539419,0.03254527279042223,0.03616996147584291,0.03655125815227403,0.03572961347041319,0.03986037993742325,-0.14422028896065636,0.028941975555595606,0.03433391024921481,0.038818032626053656,0.039200228803235274,0.03974765431491336,-0.031207864022637893,0.036478932380261106,-0.14422028896065636,-0.14422028896065636,0.02679483173807791
413,0.000400005,0.03711809227133016,0.03865348327423742,0.03953355572561787,0.039555453219132224,0.03972527145941454,-0.07684894913630602,0.032459963155428775,0.03847181163767302,0.03999950054749835,0.03935293700668116,0.03991282346889906,-0.007102643576832296,0.03943136073354926,-0.07684894913630602,-0.07684894913630602,0.033662150670652036
414,0.000167459,0.03902307017262566,0.03842591744955736,0.036548291636282086,0.036563447498606835,0.033279556319649295,0.017325942066681685,0.03993679786332387,0.03752884266631806,0.03482834569048426,0.0379737718411449,0.03523690606045386,0.03624154804438706,0.037003802540189284,0.017325942066681685,0.017325942066681685,0.039926755476414236
415,0.000276706,0.03973775093065502,0.03999962532180282,0.039271474437924454,0.03906417593153347,0.03752013693623572,0.00082588623887761,0.03685491158950745,0.03986528713116917,0.03918051973583984,0.03966683366990593,0.03962825854181667,0.03254686593675603,0.039910284030381674,-0.022826284593293278,-0.0040257896970008755,0.03606983617137664
416,0.000130896,0.03765354163147853,0.03670766442244654,0.03336952323261338,0.0330743981928563,0.030507812891554426,0.02791048092633175,0.039995867177869744,0.03592669181479931,0.03476691917320204,0.03610566911126924,0.03603564513105555,0.03914604696376138,0.0369491720906398,0.02791048092633175,0.03990748306995508,0.03970194598003438
417,0.000118779,0.036115613838678014,0.03433098774921206,0.03286940660542888,0.03295594374304382,0.02956328817631205,0.03092592597247419,0.03217527790844123,0.0370577512411145,0.03483138309005529,0.03530098500653063,0.0364972845538163,0.03769703999276054,0.03839559172987983,0.03998715038803154,0.03971531377393101,0.03642579474845166
418,0.000109409,0.03575503959787667,0.03381657064985877,0.03175056374780773,0.03206580204443528,0.028775020029993992,0.03304896453790043,0.03304896453790043,0.038417978292474717,0.036687016910167757,0.036233523083228074,0.03617449570898029,0.03621578379142238,0.03973864884358643,0.0385962123007714,0.03761912896183971,0.03304896453790043
419,0.000169974,0.03920783369340437,0.03823698884811892,0.036275237330406336,0.03640323816194241,0.03318444723592074,0.03399593815023941,0.016529187609066312,0.038590675300436035,0.039020816871345385,0.03866550871972934,0.039923230030898385,0.03900185797555418,0.024457535611265485,0.0393910378083565,0.038865041251272534,0.016529187609066312
420,0.000154398,0.03838943387278601,0.037660143764315354,0.0357113487062834,0.03625590856341697,0.032536936843424485,0.03730239996650664,0.021332293376831457,0.03202857715830712,0.021332293376831457,0.036700159159202855,0.03793046326368139,0.03879471024167684,0.021332293376831457,0.037678326831364836,0.03749323279235936,0.023464908819392505
421,0.000161928,0.03880292262235308,0.03840327530757651,0.036475052038602435,0.03703207942048463,0.03325421324113397,0.019050092692247042,0.019050092692247042,0.019050092692247042,0.019050092692247042,0.038433282235213986,0.019050092692247042,0.03938065633519608,0.019050092692247042,0.03789737724392126,0.03721119311143662,0.03393941833497362
422,0.000119185,0.03509186239656166,0.03366291629679807,0.03381978666410913,0.03457447455365429,0.030186669705298305,0.03082961710779558,0.03082961710779558,0.03082961710779558,0.039999800599358884,0.03508676894845743,0.03082961710779558,0.03756163919342311,0.03082961710779558,0.03608809337503236,0.033342398162413536,0.03970556404053116
423,0.000167838,0.0383226315325434,0.037500444066599165,0.0370375645322371,0.037442206007871834,0.033662516224253744,0.038221358895677994,0.020172788098621372,0.017206376198880588,0.039983473055265326,0.03747455429161132,0.017206376198880588,0.0399206354504532,0.017206376198880588,0.039221868133078396,0.03640585031894923,0.0373297828522581
424,9.42e-05,0.03373363666085366,0.03224398594187384,0.031791580247492464,0.032266033338094774,0.027922292101414854,0.034714577293751006,0.038543887440792554,0.038819023244024864,0.0375859665776608,0.03312354858553629,0.03603851544872948,0.03923590466114523,0.038099465478298324,0.0386591228782721,0.03489069830799703,0.03603851544872948
425,0.000135128,0.03720526122940915,0.03619826581992645,0.03547379645921864,0.035753952109044126,0.03152830354331989,0.032536083036042905,0.035279610303117034,0.026792697563501777,0.026792697563501777,0.0364363778918407,0.03996338484880237,0.026792697563501777,0.0374402321553039,0.02840725279759941,0.026792697563501777,0.03992756126648388
426,0.000146325,0.03812499405172738,0.037467257485635536,0.036083985512956454,0.036128620733886056,0.03226886228289023,0.029846716060058252,0.031989901944628266,0.023689902079973735,0.038882212623294415,0.038094515273421004,0.03789075669778105,0.023689902079973735,0.03302783080890297,0.03737829918694964,0.039932216161971984,0.03504243951441961
427,0.000184332,0.039620703580630245,0.03943138622427181,0.03816049921749468,0.03819480322266615,0.03454104132069935,0.03096996329749252,0.0325440349313138,0.018692394987931363,0.03924515270631644,0.03813228218983394,0.037586421936159256,0.033516868946875195,0.033031303723564616,0.03628511084049091,0.03719813308381191,0.03423459161635232
428,0.0001724,0.03952121402226587,0.03945686026074095,0.03772675611812218,0.03764126528854949,0.03392560155933966,0.030456532924648835,0.03129611455451063,0.015854684992433726,0.03581933077992366,0.038278198248184084,0.0362902475354473,0.03974495261044178,0.03165088044931609,0.034787462339025174,0.033407256408511984,0.032419682046147015
429,0.00018733,0.03843134010661052,0.03775659858579773,0.038310166794361764,0.0381902048984254,0.03472458498757791,0.03251403012951849,0.03214313298519371,0.010828618303697385,0.03496733041697066,0.03850309125659658,0.036115086843967845,0.039987418477151884,0.032659827021017385,0.03586539596649081,0.03230735122369031,0.03297142985921854
430,0.000142641,0.03692865394045838,0.036505454452164604,0.0362324375355509,0.03664003773785687,0.03203901899707369,0.03313653250235462,0.03081272225255864,0.024733091140599586,0.033334893412696256,0.03576745230881527,0.03377932308694977,0.039341657016772655,0.0317377766364414,0.036162855633134594,0.02976051067022921,0.03152188548299924
431,0.000143282,0.035853136760559595,0.03451720292669867,0.036282137293330685,0.03663655887049984,0.03209199522462536,0.038522353072516155,0.03376743066723391,0.03289065813013971,0.03673738918018761,0.03627602030260894,0.03553071650919437,0.03909560472030747,0.03512978591492964,0.03998679038347064,0.03157550057653896,0.034418053483333516
432,0.000384151,0.03916709203673125,0.039830539382073524,0.03926645248313045,0.0390145418560617,0.03964771450799225,0.010326443793555184,0.03865485512873979,-0.011044827660036338,0.031698992005386936,0.039937220152917,0.03807501500473294,0.034912671998469494,0.036493575872797335,-0.06955145535568835,0.039987295327360846,0.03836434852089678
433,0.000267588,0.03993946290318114,0.03967153746490673,0.03992113708112608,0.039975177711668974,0.037621033942225775,0.012593123321917782,0.03667660625694451,0.002639899658717637,0.02538988021527247,0.03945688221277216,0.03908262998323424,0.03907979309772713,0.030874049625928615,0.0056650045076903355,0.03900499374993039,0.035774602732115385
434,0.000274993,0.03999987439827624,0.03985613681385119,0.03996640337913928,0.03999196080834543,0.03781940772672736,-0.022127871793821863,-0.022127871793821863,0.023649189747027677,-0.022127871793821863,0.0395673657123462,0.02525971102080679,0.03716307345576965,-0.022127871793821863,0.039566910735911835,-0.007314470121794592,-0.022127871793821863
435,0.000377452,0.03936516600918234,0.03998522025865879,0.0396603197352384,0.03965002040860029,0.039533035199748136,-0.06649481656385928,0.036467395468829336,0.027227834701170586,0.03320652862389094,0.03988876992485598,-0.06649481656385928,0.02185614516366423,0.03432802017553292,0.03994859344387236,0.03997033452570502,0.0323288510971015
436,0.000360278,0.03931912497273507,0.03998814626775386,0.03975928366738692,0.03980081655221012,0.03929104714148879,0.003940900687679855,0.03908289452419249,0.02331903809313088,0.03536309491014229,0.03998745191643175,0.012094655829359924,0.013265636115426582,0.036900317906557595,0.03997182297327785,0.039083258889940145,0.036219918448473165
437,0.000225707,0.03896641984434359,0.037157067060737375,0.039201644075689566,0.038936133579597396,0.03602222466220893,0.039999993647632404,0.03974448625627101,0.010277547190368747,0.037592787275605964,0.03945954038724894,0.03996151188997416,-0.0028528215372592425,0.03885376448937666,0.03989035349021494,0.03436583453252136,0.03843890197919875
438,0.00019122,0.03839636337956075,0.03668020531403091,0.03798287221218387,0.03734333937007891,0.03440796343873703,0.03866698467924379,0.03906018689252659,0.009505613640088478,0.037330207807129534,0.03974941968696635,0.03952295794805016,0.009505613640088478,0.03880906652241334,0.039935807244243386,0.03161553849279046,0.03700721670102029
439,0.000136985,0.03598300843352422,0.034298818728297466,0.035027608414622186,0.03441707737096645,0.030951998902228717,0.035574433984019216,0.03742029793291708,0.026292375828397566,0.026292375828397566,0.039726511069938124,0.037262632781116994,0.03979730557510245,0.039611943051713075,0.03976530887321453,0.029005719180122173,0.034500421071059884
440,0.000176231,0.03776426651007171,0.03571433276883383,0.03751720127700189,0.03703524172596218,0.033552406593242066,0.03711442433367325,0.03989465614691713,0.014513772633995892,0.039790035192541484,0.03998784549668755,0.037262869169432125,0.039042299175467185,0.014513772633995892,0.028465563602982386,0.034328702613365916,0.014513772633995892
441,0.000132538,0.035812917667425156,0.033748786369593706,0.03521007018965561,0.034711273079802346,0.03082680829542561,0.036639040430412474,0.03939532771228139,0.029527864248681937,0.03554198345933509,0.039152712446447656,0.034012021410118595,0.03447544204487209,0.027480547457692336,0.027480547457692336,0.032586558828527755,0.03764051886056104
442,0.000181529,0.038297878498453036,0.037035712071891394,0.03794878418595641,0.03779864239414412,0.033990527147495335,0.03777840386993155,0.036747139610632085,0.012771702848407535,0.039278956199693855,0.03897390971226455,0.03817542278704378,0.03648617781741063,0.032721802354122254,0.036533984982617784,0.03582109933255862,0.012771702848407535
443,0.000189793,0.038628108040554596,0.0370408569962945,0.03825991501904896,0.03812775318222178,0.03453413231622615,0.025683705716247188,0.009992767960518983,0.009992767960518983,0.03978643367643475,0.03943943084342542,0.03918690193891301,0.0381392045581455,0.031279507658350775,0.03456965132194595,0.03790279783309358,0.009992767960518983
444,0.00014742,0.03723398964180348,0.03556611725115176,0.03660095734270158,0.036640843721275296,0.03226871860813066,0.039931960357255526,0.03854922783152743,0.03999945239260063,0.036319807303601404,0.0360834437161095,0.03723467525485489,0.0391949555749115,0.023375792855668903,0.023375792855668903,0.03998501876309111,0.039856730388848675
445,0.00015029,0.03778635745810248,0.03650296963282428,0.03667719742213278,0.0368755803657681,0.03249285894766202,0.039056011344635766,0.03975097438250052,0.03793437961966536,0.03708531093506487,0.03960519262534957,0.039222970215925676,0.03665037566582102,0.02742413199483186,0.031870163641934915,0.03682792487424327,0.039860847724420494
446,0.000115919,0.03592011247267714,0.03412790532982744,0.034340942234930755,0.03446130837957051,0.029919878161972543,0.0385021932860739,0.0388606738418789,0.034310154147583725,0.03846510674664459,0.03159448127969407,0.03987031965336214,0.03159448127969407,0.03159448127969407,0.03159448127969407,0.03497851609018175,0.03409553791592501
447,0.000205843,0.03977795918891121,0.03913993350544478,0.03889995314731247,0.03894235608472427,0.03545488706624668,0.03987535252125185,0.039972811555017265,0.03687325551231101,0.03965271301686766,0.03659374738372485,0.038155883051240166,0.03995218612178298,0.030358794191102267,0.02766741052275945,0.006597705340681964,0.010843424076968033
448,9.69e-05,0.0341584404609292,0.03312967344420768,0.03271452918511991,0.032810917717816246,0.02814827889446289,0.036131239513088845,0.03150040303675376,0.027309517651970386,0.03676681687154397,0.03946553701211552,0.03490054733342784,0.03209898564281895,0.0379748247247429,0.038773829477534584,0.03638323160552202,0.039799636771806826
449,9.07e-05,0.03405254290405787,0.03340096744068763,0.03214055109559711,0.03229915344854403,0.027499374465907993,0.0391917878345051,0.0294558971144539,0.02619326783120918,0.03807491345284257,0.03919842229332983,0.03707268888829811,0.029091827590204,0.03910159756291614,0.03994382683023848,0.03345415617389584,0.03977141288056908
450,0.000104438,0.03582318915585883,0.03550239346081742,0.033241217376988624,0.03347662395222308,0.02887945832577186,0.034092461691110215,0.029649508536276774,0.02776089238438942,0.0399080462211007,0.037346755225283836,0.036004631694565,0.028616042961743846,0.03914547594969885,0.0374736478845889,0.03368144945620754,0.039987817461652544
451,0.000116252,0.03714133904557877,0.03725006752572137,0.0346124159992392,0.03453807644274212,0.030012071590339917,0.03304541037025474,0.02715626145743685,0.0276093035494865,0.03767924062499919,0.03151753992752229,0.03151753992752229,0.027974786697935034,0.038869903221889365,0.03843454315526218,0.03004342667723056,0.03696919802907844
452,0.000271201,0.03935378283115597,0.03914463624226223,0.03997282929439937,0.03998047730717844,0.03780946605627972,0.025333937747262197,0.03270085563592802,0.03508150807630902,-0.02038699188575674,0.034935902946264474,0.01873144395800555,0.035067184357131354,0.03990343158915309,0.03947881159258718,0.03503361982783078,0.03906692185558786
453,0.000127712,0.038272406678376385,0.03882012707503561,0.035660790759363264,0.035743241546443184,0.031052356810856666,0.039450505181916486,0.023656586088538455,0.028471799191902198,0.033369619372223935,0.03994847948378536,0.03899656042795677,0.026248991371637435,0.03204183656443995,0.031012248484467292,0.026018443503473272,0.030262760311411112
454,0.000436658,0.03231384236986044,0.032079874345527615,0.03764936542403621,0.03760024297079842,0.03997093580332806,0.03348066683737695,0.0333460975097736,0.038749852472846784,0.027452137519130795,0.038633898423754275,0.03997594216574506,0.03582439225163728,0.0380304222859222,0.03794530238011006,0.034912494603484764,0.03727591972772481
455,0.000540006,0.03349586330845253,0.028807912825897106,0.0352243895189667,0.0354763794750665,0.03974146846185083,0.03995831041427532,0.03223185379404799,0.037847736837895954,0.038967856026157516,0.02193130335985652,0.0375278328312575,0.03558746301874493,0.034927042807778405,0.03510335172741108,0.03284437778043528,0.03438670558413749
456,0.001742539,-0.061350362151210425,-0.08907243805618417,-0.04489036108362365,-0.03993582249343977,0.00488902223197335,0.03545447774693258,0.03944411979433965,0.03853745189171283,0.0398108558686206,0.029225699625790136,0.03982488765795415,0.039632438703277616,0.03984543580820987,0.03992199549354965,0.039336585152407955,0.03968667084675702
457,0.004091064,-0.3254549910971167,-0.3721623137260695,-0.22615116202552882,-0.21407956457338478,-0.10961870875864621,0.013113400267087238,0.03709145050938446,0.02195176520467014,0.033160815384272055,0.012425677629700482,0.03291106298855191,0.026023522410621266,0.03706573127171062,0.03625017706611948,0.03790539711488737,0.037754324396595346
458,0.00096078,0.03383004781879355,0.03245021078054347,0.021919533549529885,0.02500790242508577,0.03361880672903042,0.038726182812348194,0.03400250112108171,0.03798909263971216,0.034814637876137415,0.03929676926797017,0.03483936909356909,0.037695632773761076,0.03307647691854676,0.03354238742659025,0.03301455226265132,0.032695100462174886
459,0.004965956,-0.061532472915060005,-0.05914563089823702,-0.14425126188131532,-0.102204661435539,-0.1216740985911493,0.014754891213753035,0.032640304804923206,0.01669093113214906,0.033720072720796704,0.031167304468525905,0.03205185395059587,0.014618435218453157,0.03561332918989302,0.03453192824041841,0.0357434379280189,0.0359859678012127
460,0.001228146,0.03627264622939744,0.03778407362946708,0.03834079649398507,0.03877261290073567,0.03613036728941643,0.03978962065285701,0.03724968131261672,0.03986947241500548,0.03744205460733167,0.03993941986141233,0.03805841581193359,0.03998275338177677,0.03659262007626246,0.03732131831178505,0.037629930381584284,0.03636050625115038
461,0.000758536,0.03990267507821967,0.0392934217176779,0.03982783044606966,0.03997952956009223,0.03998862585742032,0.03873787467459644,0.03464671879632204,0.039405876384042846,0.03389535182853959,0.039180098225289534,0.036401935360152904,0.03961346707919128,0.03481188761824266,0.03580401284843396,0.03460637993281221,0.03414492504379453
462,0.000418979,0.033847098797836477,0.03448328298013571,0.03352289878848479,0.03315640253502321,0.03527436816949207,0.03592509115552811,0.033119977168176704,0.038164145751802304,0.03690782306607235,0.0356321638514064,0.03453771146805426,0.039911462948084696,0.03332508539920064,0.035040906111278636,0.03540248112453946,0.03227119933298792
463,0.000303893,0.030732254162027087,0.0302624627974895,0.03238250503167994,0.031934168606679456,0.031420907336822124,0.03536637023672584,0.03316343859676439,0.03947022519259645,0.039012856588177415,0.0398120936410982,0.0369088896534341,0.03900076851988234,0.036818142975270876,0.0391100281941819,0.03855553371833509,0.03563601438893087
464,0.000413583,0.03457571536152734,0.03436286983859767,0.03568454837140707,0.03585975136871721,0.034759754855052075,0.03999348034354509,0.020115893810318364,-0.08316670094487685,0.03930176778936292,0.03943452082556652,0.004765803686350045,0.03175694115491763,-0.08316670094487685,0.012910019142341633,0.03953067253882418,0.004401804684258798
465,0.000241831,0.03040809822671645,0.030453233888994784,0.031721842111893384,0.031690009639816316,0.03246404287184123,0.03818185346182811,0.0017280020640731142,0.031318444051280314,0.035007772841285006,0.025033480202067,0.03790332870205137,0.0363249636610848,0.03702824210249288,0.03571593242767568,0.0375146499237886,0.03955679360808819
466,0.000347248,0.034960147913858236,0.035295165525494755,0.035408354491052736,0.03575755932839779,0.03540959547119736,0.030679860335690326,0.0189185438177783,-0.03166077592911645,0.03661391854608727,0.022123697380879465,-0.026061359559381048,0.03606418140648612,0.039941639023575184,0.039847804423430784,0.03971095250170307,0.03557136758498339
467,0.000243239,0.032301104363391654,0.032702682327547986,0.033220745897083515,0.033370071752178765,0.03550898286823972,0.0399799829119224,0.03830031527644744,0.03766846875401822,0.028924812805886657,0.03904356136615941,0.03747523090018744,0.02799270837153078,0.03236336116012767,-0.009515617168634777,0.03895713186821596,0.0395480716879835
468,0.001172959,0.03746357691951127,0.03663833701462266,0.03580674204465541,0.0348927507843612,0.029697999041109396,0.008781518513344605,0.03250947433219438,0.031068988143847828,0.03853613264154088,0.018025806041236075,0.03607553724307527,0.039710055918399274,0.030183872246359572,0.012232282596078198,0.029251939599328217,0.036564465882354166
469,0.000536188,0.0393438499431364,0.039322422433550226,0.03954292107979305,0.03972055897941015,0.03994802129535741,0.03896336878633175,0.03969578009456527,0.03957872929756522,0.03817751945983138,0.039999406990271706,0.038715379643180343,0.03362587328138217,0.038512230929072376,0.03979350740977155,0.03973938603328144,0.03750423388044481
470,0.000283695,0.035413198947620614,0.035433764049109695,0.03521346037807198,0.03582764211691193,0.03767351785371317,0.03728550924734136,0.03501465318303929,0.03369608136368052,0.030915450558415842,0.03548065290941714,0.0347090917666086,0.02797385503703978,0.0328292094406794,0.03484472516935408,0.03541212161849738,0.03214910834324345
471,0.000342711,0.03738935775776227,0.03675717907155211,0.03551286004297734,0.03641082588843925,0.038548427126668505,0.038652937393370126,0.0372885219060233,0.03655862132095203,0.03424162010249071,0.039631398462232965,0.03936293085878556,0.03244915419494141,0.038017469159336695,0.03941804808461138,0.03842980744010094,0.03751574437155529
472,0.000331816,0.03777129728830236,0.03700808508814832,0.0356146714687169,0.03686385084050105,0.03824720724063117,0.03999780604825429,0.03813740067086571,0.03884441735428583,0.03569596152587397,0.010673715171440001,0.028587966469330622,0.035646988578328515,0.03846151279298523,0.022756877918947704,0.03975543904016808,0.03983804180049748
473,0.000699129,0.03896282713552546,0.03944403748864414,0.039982213112487196,0.039970437274774596,0.03912485771529969,0.020306257659242113,0.03800233300230922,0.03460760710895197,0.03976754512263123,0.0390753347161516,-0.08470830127880125,0.03833330863354743,-0.011311862373102055,-0.18240965513587026,0.030356246303235787,0.02627326088969703
474,0.000605355,0.03969525363733329,0.03999922358663983,0.03963589960440371,0.039904615076144775,0.03976365461900112,0.03297439371893754,0.03984349021440811,0.03678376159283031,0.03889522782752389,-0.17767474371805364,0.01890924563836681,0.0341769227054375,0.02506165530589015,0.02118669152671554,0.02722114251764822,0.037231954618175855
