Date,IMF1,IMF2,IMF3,IMF4,IMF5,IMF6,IMF7,IMF8,IMF9,IMF10,IMF11,IMF12,IMF13,Res
2016/01/04,0.00216884200755236,-0.000618059895091543,0.000177629328281519,-0.000177564301620757,-0.000309463388186297,3.05039866596642e-05,0.000132882308345469,-0.000187036150063342,0.000381732987048317,-0.000277246615857721,0.000173192894339806,-0.000241156202559849,-0.000149557348434706,-0.000414174610412926
2016/01/05,0.00216796498387205,-0.000609689696699116,0.00016818996471193,-0.000157604017003937,-0.000214519250161836,2.4963093041005e-07,3.7088126556976e-05,-1.43114838030963e-05,-4.52169706857837e-05,9.18141385953951e-05,-0.000163106562011068,0.00028662781648555,0.000234620265616216,-0.000931433946403691
2016/01/06,0.00216621139414564,-0.000593064583783875,0.000149806998534555,-0.000119801042200105,-5.34754573888692e-05,-3.37470731100147e-05,-8.59910560130367e-05,0.000171478660277394,-0.00042124085577768,0.000338666496562874,-0.000182810921976109,0.000186889525729628,1.59943250878958e-05,0.000783963589911707
2016/01/07,0.00216358216366897,-0.000568413466343342,0.000123445696167551,-6.81725595125798e-05,0.000124684168975476,-4.02196388508055e-05,-0.000147821901190196,0.000198730549095588,-0.000325857802012765,0.000134731788823522,0.000152554408714694,-0.000321564108500733,-0.00024344283909705,0.000137364540061663
2016/01/10,0.0021600787036053,-0.000536075592582504,9.04897177823386e-05,-8.2214243314938e-06,0.000265631210993781,-9.51146703468873e-06,-0.000102980780492897,4.25466185371922e-05,0.000133474609933678,-0.000248541850489616,0.00019195179919324,-0.00012591893620113,0.000122403636320352,-0.000767845245233556
2016/01/11,0.00215570293460237,-0.000496495683722623,5.26678778883107e-05,5.36316920761781e-05,0.000326129530259962,3.65951208269205e-05,1.75721860272492e-05,-0.000152485018620446,0.000442502284386219,-0.000301052322503031,-0.000141534386974447,0.00034464724388576,0.000173389141863315,-0.000659306599995739
2016/01/12,0.00215045731645537,-0.000450217563279129,1.19626991475754e-05,0.000110712503226446,0.000287167772316282,6.03053609971749e-05,0.000127362009789294,-0.000206256194567591,0.000256346060300345,4.70561185727258e-05,-0.000200598952681521,6.0600279866183e-05,-0.000220539841537524,0.000349631431394365
2016/01/13,0.00214434488400458,-0.000397876374994618,-2.94943445297947e-05,0.000156786203183583,0.000159825276323712,3.75839973882546e-05,0.000145831878973865,-6.96307103917876e-05,-0.000215318448331749,0.000332560961619497,0.00013004198200259,-0.000355035816119485,-4.77030495022601e-05,-0.000210929439626391
2016/01/14,0.00213736928707377,-0.000340189507137432,-6.95352924332239e-05,0.000186708936709382,-1.79165116440972e-05,-2.05612230145587e-05,5.72548438129569e-05,0.000130589157748667,-0.000444591304869063,0.000175648952919037,0.000208727327338656,6.54339022590938e-06,0.000246799324415303,-0.00122939638114531
2016/01/17,0.00212953483284938,-0.000277946358631867,-0.000106069855023657,0.000196971155093571,-0.000192490272609037,-7.28585717626617e-05,-7.57736806943247e-05,0.000209437301980985,-0.000176638554583378,-0.000214876503539075,-0.000118072343699409,0.000352398927247268,-9.23479335003001e-05,0.000236713856872501
2016/01/18,0.00212084653181905,-0.000211997095412273,-0.000137195161350927,0.000186077106050846,-0.000310816728540636,-7.70187691444242e-05,-0.000155908430756281,9.48372179719711e-05,0.000286853801079226,-0.000319615980383851,-0.000216303145031127,-7.29264802564751e-05,-0.00019336324764792,0.000250497381602821
2016/01/19,0.00211131014837494,-0.000143240559847879,-0.000161295238465277,0.000154721065847052,-0.000336326723174187,-2.27533388074802e-05,-0.00012198597668497,-0.000106413241306703,0.000427592758829871,5.74703191924655e-07,0.000105622476485409,-0.000336928665308749,0.000201257052959015,0.00024247753790703
2016/01/20,0.00210093225505852,-7.26115111707007e-05,-0.000177124934970713,0.00010574127492429,-0.000260118931517795,5.66042539187623e-05,4.08662615455626e-06,-0.000208231436376822,9.07052126909346e-05,0.000319898192059715,0.00022328425890007,0.000136008309658138,7.85010726637402e-05,0.0003057233580073
2016/01/21,0.00208972028967916,-1.06738458315209e-06,-0.000183873853878194,4.3854866230181e-05,-0.00010387843547206,0.00010465951291156,0.000130598927983787,-0.000117498836392087,-0.00034474656308112,0.000214040124820035,-9.26932972913955e-05,0.000309330300537026,-0.000244300384853604,-6.44292666101315e-05
2016/01/24,0.00207768261280197,7.04252341708027e-05,-0.000181206954893397,-2.4800857844352e-05,8.63661646996748e-05,8.19601288991112e-05,0.000162333700595532,8.0647016938592e-05,-0.000392607928336798,-0.000176049470701782,-0.00022962097471597,-0.000193398640807348,5.98282431273495e-05,0.000759287726066614
2016/01/25,0.00206482856358367,0.000140904218911841,-0.000169279755103418,-9.32758372006502e-05,0.000253832348506926,-2.89084607702153e-06,7.23569712460103e-05,0.000202730268564242,-2.8270644858139e-06,-0.000332083404113491,7.92915400129209e-05,-0.000270790427752381,0.000208743629089415,0.000161688794817751
2016/01/26,0.00205116851437567,0.00020942540041571,-0.000148727431160091,-0.000154503213925571,0.000347899929343405,-9.48966654326877e-05,-7.49228564683492e-05,0.000137029265635242,0.00038641884593601,-4.71990742077546e-05,0.000235257190525754,0.000242956537345836,-0.000176782129409409,6.70046870262374e-05
2016/01/27,0.00203671392320305,0.000275075754381121,-0.000120628541256938,-0.000202014494181666,0.000339319947308764,-0.000128551423782012,-0.000169307522154567,-5.40250074206458e-05,0.000341701311313555,0.000299965251869584,-6.54314109388471e-05,0.000222924510248107,-0.000107551816502717,0.000264122517913212
2016/01/28,0.00202147738218091,0.000336986087058508,-8.64454575526409e-05,-0.000230602259290143,0.000229165502802087,-7.43800797784079e-05,-0.000137275120484536,-0.000193156954219067,-8.265014905236e-05,0.00024881156158963,-0.000240131734496803,-0.000282878166569535,0.000235435491857429,6.69718959549262e-05
2016/01/31,0.00200547265975739,0.000394343033725947,-4.79448513803553e-05,-0.000236863609079652,4.88150641917334e-05,3.68727700756268e-05,3.5052840821097e-07,-0.000152943581681408,-0.000410207365407315,-0.000132085912422506,5.11360097012047e-05,-0.000167706138899137,-2.54705274362755e-05,0.000546236920446539
2016/02/01,0.00198871473681191,0.000446400199157029,-7.10263412764712e-06,-0.00021956903432911,-0.000149085963914271,0.000131477365996112,0.000141084472585769,2.73016784158985e-05,-0.000277784627585903,-0.000337193809150671,0.000244179978466342,0.000311769837482442,-0.000218587566852848,-0.000717027632955053
2016/02/02,0.00197121983865945,0.00049248828526509,3.40014255743225e-05,-0.000179818489639253,-0.000306057566095572,0.000141873765163623,0.000176974819880415,0.000179859667096909,0.000161577887387474,-9.52352400764618e-05,-3.64384757195646e-05,0.000107381054163927,0.00014725918262416,-0.000119121154284524
2016/02/03,0.00195300546381833,0.000532024064775845,7.32936508140421e-05,-0.000120967400136063,-0.000375071436746604,5.47908316834313e-05,7.77794363523742e-05,0.000164876301306408,0.000415469111177413,0.000272139115333518,-0.000247335599904343,-0.000328702936404932,0.000133729647622593,-0.000129809249692016
2016/02/04,0.00193409040903687,0.000564518074659725,0.000108814993170918,-4.83281020407233e-05,-0.000334579032611504,-7.58680478921482e-05,-8.32642129143966e-05,-1.22476994571025e-06,0.000204439651076412,0.000278309025646751,2.13829957986657e-05,-4.43695583294193e-05,-0.000219727180535313,-0.000185062245120127
2016/02/07,0.00191449478779406,0.000589580918831684,0.000138822288559924,3.13254775861099e-05,-0.00019510967879258,-0.000162550844594543,-0.000183235916826972,-0.000163299895758288,-0.000230262874010569,-8.35922855746681e-05,0.000249532651151225,0.000333248315483573,-9.75563007817412e-06,-0.000650059313770779
2016/02/08,0.00189424004139349,0.000606928092535649,0.000161876807114673,0.000110402485491609,3.55430504000192e-06,-0.000143032260135168,-0.000143633444407312,-0.000172594766484804,-0.000402619262591448,-0.000333591538352634,-6.0254883287184e-06,-1.88383226293143e-05,0.000221840301487854,9.7684049866126e-05
2016/02/09,0.00187334894347708,0.000616383264968353,0.000176915416849092,0.000181226760717107,0.000203843611872555,-2.4918296060145e-05,7.48679077587389e-06,-2.349083198892e-05,-0.000125687472615474,-0.000141805425569621,-0.00025070796050271,-0.000325488542815052,-0.000113172608963642,0.00124245334985551
2016/02/10,0.00185184559874663,0.000617879979119437,0.000183300679687231,0.000236784162823594,0.000347175104758323,0.000116053909803353,0.000154915697569735,0.000144037285550703,0.000285700306710964,0.000236293233571696,-9.56608222476986e-06,7.97903728591961e-05,-0.000155629513497704,-0.000611496735478393
2016/02/11,0.00182975543351058,0.000611461746658231,0.000180847393444219,0.000271412512760271,0.000391122681032401,0.000184896725228046,0.000184268352756808,0.000176008791583911,0.000373093310227109,0.000300563317103635,0.000250803837574195,0.000306007277922263,0.000196954947520062,0.00659231767267827
2016/02/14,0.00180710517373756,0.000597280536636265,0.000169824426487192,0.000281366397016587,0.000321943671951528,0.000131674813576248,7.12343876035354e-05,4.61892012251815e-05,4.57205039627662e-05,-3.19648445266021e-05,2.53119319563338e-05,-0.000136177476206025,4.44493158141226e-05,-0.00263348403923469
2016/02/15,0.00178392280062116,0.000575593674882639,0.000150932083785071,0.000265201105998178,0.00015876916791832,-1.24882214289217e-05,-9.79445104697498e-05,-0.000122710278691428,-0.000325759873302059,-0.000320257059781341,-0.000249770967360018,-0.000275856022800391,-0.000217536046675684,0.00150558214730423
2016/02/16,0.0017602374751427,0.000546759200981147,0.000125256636596032,0.000223937511691959,-5.17960475515243e-05,-0.00015353567574849,-0.000192260293574317,-0.000175175733304908,-0.00032923172440594,-0.000184637290448924,-4.11212647574137e-05,0.000185931761014117,7.5529567304671e-05,0.000361508877060895
2016/02/17,0.00173607944708674,0.000511229786776336,9.42049729355315e-05,0.000160991006149866,-0.000249110679123042,-0.00019622646259802,-0.000137818662068708,-6.62991876231846e-05,3.13812893733557e-05,0.000193107502131555,0.00024757103030025,0.000236499237802579,0.000171700565244943,-0.00116581584638821
2016/02/18,0.00171147995570062,0.000469545334352278,5.94233992553924e-05,8.18704755611327e-05,-0.000376064876025254,-0.000108717084323719,2.37654338497087e-05,0.00010001137096928,0.000349304892940347,0.000313712733645287,5.68937962494111e-05,-0.000227312255127763,-0.000167408976052074,-0.00123613620099465
2016/02/21,0.001686471123119,0.00042232438290095,2.27054355922177e-05,-6.32450720538862e-06,-0.00039566352430466,5.39833236230644e-05,0.000167000110732481,0.000170297717307325,0.000274092311778763,2.06545334997295e-05,-0.000244178069087905,-0.000189739823684456,-7.68059861657999e-05,-0.00108860002810532
2016/02/22,0.00166108584404416,0.000370254472882373,-1.41060277051945e-05,-9.55606566516922e-05,-0.000301796525555663,0.000184788264664055,0.000180277394687324,8.33574215037289e-05,-0.000101923473746982,-0.000296896792168377,-7.25216346016956e-05,0.000258972908822039,0.000205076160131314,-0.000603407356305394
2016/02/23,0.00163535767419641,0.00031408162796256,-4.92166480549142e-05,-0.000177619736055196,-0.000121063925967407,0.000195415889510134,5.33578933558362e-05,-7.66541305050211e-05,-0.000356225149608474,-0.000221288484287185,0.000239579414319162,0.000137630225164156,-3.59521585014689e-05,0.000140029508471402
2016/02/24,0.00160932071872214,0.000254599123636008,-8.09731949657122e-05,-0.000244868020950836,9.48701433408726e-05,7.62008289295682e-05,-0.000114412578224149,-0.000161704221996499,-0.000211203639404059,0.000144138472042102,8.78914638149329e-05,-0.000280009667046776,-0.000180492342639333,0.000766484914741736
2016/02/25,0.00158300951959339,0.000192635716158057,-0.000107945779771311,-0.000290973522102321,0.000284168066750345,-9.58270853373952e-05,-0.000191992910986089,-9.70214920918062e-05,0.000162828698181189,0.000316425242976615,-0.000233776384091521,-8.23746909499982e-05,0.000132081161087037,0.000163780460583808
2016/02/28,0.00155645894136329,0.00012904351083367,-0.000128995488676031,-0.000311503134134497,0.000392630660992376,-0.000207016135027958,-0.000119462798193892,5.33408311405888e-05,0.000347381363332938,7.16631839183076e-05,-0.00010288689943121,0.000289985121110324,0.000104793826657215,-0.000775799983885118
2016/02/29,0.00152970405532057,6.46856523150368e-05,-0.000143324100836209,-0.000304343416002955,0.000389274002940898,-0.000182562986763375,4.52798194729658e-05,0.000149829195748239,0.000144294178225324,-0.000264104253505411,0.000226784551955447,2.62279312533848e-05,-0.000184482708392424,-0.000208972921731494
2016/03/01,0.00150278002292931,4.2402081015253e-07,-0.000150503683050266,-0.000269905539410379,0.000275180863926221,-3.7015952175043e-05,0.00017266352210123,0.000107075575486753,-0.000211801704591771,-0.000249544999281577,0.000117390841505923,-0.000288930458325299,-3.41573967714554e-06,0.000314672229751888
2016/03/02,0.00147572198004828,-6.28928837529998e-05,-0.000150485061362065,-0.000211095427266867,8.31000986223497e-05,0.000134392641925614,0.000163692734533303,-3.07353114802568e-05,-0.000324476084486102,9.16432401009044e-05,-0.00021863358859836,2.86045801845533e-05,0.000180945548672155,-0.000442643467140507
2016/03/03,0.00144856492290272,-0.000124441693638888,-0.000143585405713228,-0.000133052276103548,-0.000132048854905299,0.000218400143372009,2.73329366251131e-05,-0.000135187371038276,-7.70278409836205e-05,0.000308125981052381,-0.000131287595243565,0.000277325747871,-9.2670793087918e-05,-0.000404041901108883
2016/03/06,0.0014213435968503,-0.00018343539335701,-0.000130456349858818,-4.26803927586545e-05,-0.000308987437074608,0.000158904527269794,-0.000127820519329488,-0.000113430360606756,0.000247418917197183,0.000118341105195792,0.000209366894406618,-8.00597340894421e-05,-0.000126452831008518,-0.000262645022836388
2016/03/07,0.00139409238947952,-0.000239133849962167,-0.000112035136521211,5.19814785040631e-05,-0.000397624833388214,-5.44764931002001e-06,-0.000180188589845541,9.44108957119972e-06,0.000289870819350194,-0.000223307926678672,0.00014446480840287,-0.000256060573644516,0.000156524296957972,0.000397724677084518
2016/03/08,0.00136684522863815,-0.000290853509839197,-8.94821704629298e-05,0.000142494200774618,-0.000373292440279812,-0.000166529895114115,-9.08922812549435e-05,0.000118350975750506,1.27691041684573e-05,-0.000267704796740933,-0.00019904104083578,0.000126299212614853,4.01605729561979e-05,0.000629988839624933
2016/03/09,0.0013396354855795,-0.000337976133685595,-6.41090282786938e-05,0.000220787223015874,-0.000243608833326501,-0.000218221591166093,6.716278862137e-05,0.000116118847654391,-0.000269142610816824,3.83206502432626e-05,-0.000156815242953786,0.00022637793901852,-0.00017263106193119,0.000374157568025768
2016/03/10,0.00131249588312578,-0.000379956458233346,-3.7301379675913e-05,0.000279891236501615,-4.6067829000798e-05,-0.000126618431209664,0.000168740247930115,1.00164087489494e-05,-0.000246370845042439,0.000289078419344224,0.000187725048827991,-0.000165777847093341,5.14412601797846e-05,-0.000708465714402958
2016/03/13,0.00128545840898843,-0.000416328690635154,-1.0441403013794e-05,0.000314567120353211,0.000162879710161034,4.76741283275937e-05,0.000135809672596987,-9.99261752249996e-05,4.56058540925759e-05,0.000158157439149843,0.000168238458253829,-0.000189804976331816,0.000140199516493705,0.00040945093678855
2016/03/14,0.0012585542348636,-0.000446711759574725,1.51658707507728e-05,0.000321773907797884,0.000324049558833268,0.000189850474849264,-2.19546341495662e-06,-0.000115287643371258,0.000277267419140894,-0.000176627798314742,-0.000175499499439908,0.000197295396200763,-0.000122716841025412,-0.00100528085729544
2016/03/15,0.00123181364077756,-0.000470813268042825,3.83582559370258e-05,0.000300933861879296,0.00039236651638368,0.000206861601045611,-0.000134184669380276,-2.72032086123098e-05,0.000196999866085724,-0.00027477047766668,-0.000178642405630304,0.00014807449561902,-7.19021487280254e-05,-0.000855019059667501
2016/03/16,0.00120526594316821,-0.000488432113491459,5.81707533103109e-05,0.000253971855974085,0.000349512966902542,8.85456171999873e-05,-0.000156965674964135,8.05299064940441e-05,-9.58412212968471e-05,-1.29673472354846e-05,0.000162455474617385,-0.000220030222840105,0.000155894708249444,-0.000685626646087974
2016/03/17,0.00117893942901981,-0.000499459756006776,7.38759546985738e-05,0.000185127291181531,0.000208825323074938,-8.63760986000746e-05,-5.62328636437858e-05,0.000111184647645991,-0.000272811413224326,0.000260370760428194,0.000187944850874893,-0.000103041668283238,-1.0985486567902e-05,-0.000439065970597828
2016/03/20,0.00115286129759277,-0.000503880135880667,8.50088638815912e-05,0.000100557741708803,1.11370712005976e-05,-0.000202909537830146,8.48225155404302e-05,4.17858291133105e-05,-0.000144784778000279,0.000189032979582684,-0.000148693338139448,0.000233554461919002,-0.000145083819930665,-0.000190668150757983
2016/03/21,0.00112705760941835,-0.000501768264144194,9.1375477610715e-05,7.77245638201773e-06,-0.000187133143096443,-0.000185688235290537,0.000154110993401891,-6.07683545228251e-05,0.000136372104616215,-0.000126672678892695,-0.00019607446731799,5.66001234995863e-05,8.52100793577581e-05,0.000188551298978153
2016/03/22,0.00110155324252349,-0.000493287528492936,9.30454649996576e-05,-8.50509633222498e-05,-0.000330156627124718,-4.7868738056981e-05,9.99388927913219e-05,-0.000104144498168864,0.00025736788647077,-0.000270560705946656,0.000134321396556562,-0.0002378313292407,9.66048952376794e-05,0.000226904611773628
2016/03/23,0.0010763718561754,-0.000478685774817485,9.03302173048717e-05,-0.000169803302660271,-0.000378475997020468,0.000118795113101063,-3.03212604712837e-05,-5.35358378741755e-05,9.25687019124943e-05,-5.94753698096185e-05,0.000202971663638755,-1.06011327801193e-05,-0.00013188965083615,0.000295232774136988
2016/03/27,0.00105153586234378,-0.000458290241702843,8.37483566442849e-05,-0.000239166370438604,-0.00031991653774999,0.000205276862227501,-0.00013119373865956,4.1218227847846e-05,-0.000166335050132939,0.000223822733096827,-0.000119454485058183,0.000233195905394142,-2.60696083313349e-05,6.70270845190744e-05
2016/03/28,0.00102706640495897,-0.000432501441115395,7.39814460226203e-05,-0.000287256165178524,-0.000172605412896954,0.000156854946605462,-0.000124570385420212,9.45722903802827e-05,-0.000232937041577335,0.000209547226594739,-0.000208589199458284,-3.3220882487439e-05,0.000140957097824901,0.000235050115747173
2016/03/29,0.00100298334678308,-0.000401786092924289,6.18231003688401e-05,-0.000310129327649732,2.06316439318216e-05,7.78529184595903e-06,-2.03606573984922e-05,6.23300702025259e-05,-4.28646189390644e-05,-7.62970124845069e-05,0.000104212555507985,-0.000220321217907442,-4.65706410097274e-05,0.000520316559673043
2016/03/30,0.000979305263807752,-0.000366669233107866,4.81249397408376e-05,-0.000306108893536247,0.000204764889219558,-0.00014292396583886,9.49081942831008e-05,-2.2410379640152e-05,0.000185528518775964,-0.000255734682346032,0.000212892648301182,7.33137483811433e-05,-0.00011284197127176,0.00010648292323138
2016/03/31,0.000956049446808698,-0.000327725626202162,3.37428438381182e-05,-0.000275902449741096,0.000328288420341141,-0.000197503227918885,0.000129785051805954,-8.2925638565402e-05,0.000201756243983153,-9.88321049282067e-05,-8.8719272193898e-05,0.000200171929629783,0.000102479904819963,-0.000174211521677161
2016/04/03,0.000933231909204362,-0.000285570621343042,1.94867694039903e-05,-0.000222505087219624,0.000357671059662608,-0.000123040038875968,6.05657403975207e-05,-6.81470831038553e-05,-2.24600071585731e-06,0.000181818302213711,-0.000215860726899953,-0.000108361612451264,5.73679225107228e-05,0.000224333467216651
2016/04/04,0.000910867400566788,-0.000240850596893102,6.07700127590726e-06,-0.00015089922102101,0.000286465077599433,2.8795066968297e-05,-5.29054985167794e-05,4.81607041010714e-06,-0.000194336584543794,0.000219068786356609,7.31006036814334e-05,-0.000173948307968435,-0.000128513659410708,0.000172848861495252
2016/04/05,0.000888969425244658,-0.000194233142025038,-5.89084529908055e-06,-6.75816013426764e-05,0.000136598754222116,0.000157641264378858,-0.000118549949454417,6.96962761189629e-05,-0.000166142653203548,-2.83372997656049e-05,0.000217485526890588,0.00013732611829836,9.49825837259213e-06,-0.00042897013243577
2016/04/06,0.00086755026551915,-0.00014639712486746,-1.59704275872397e-05,2.00369847796645e-05,-4.83588278452722e-05,0.000180996387344301,-8.67586928068781e-05,7.10605674284408e-05,4.1170847880338e-05,-0.000231726448867513,-5.7483357986097e-05,0.00014302339900981,0.000119967307014662,-0.000360086879015906
2016/04/07,0.000846621009046526,-9.80227953322674e-05,-2.38779867024868e-05,0.000104303064372025,-0.000215895398341493,8.71541794763069e-05,1.21270280498752e-05,1.11638343921956e-05,0.000193629280598094,-0.000129255802866635,-0.000217772649711128,-0.000159473716537217,-7.00382584954562e-05,0.00019080321205166
2016/04/10,0.000826191580656027,-4.97820671625198e-05,-2.94942405004307e-05,0.000178001192902106,-0.000319505914899824,-5.9505557037526e-05,9.58635230429689e-05,-5.5391834024381e-05,0.000128357430116934,0.000137080844303432,4.199364855454e-05,-0.000108876359225814,-8.10911987783789e-05,0.000167630952052867
2016/04/11,0.000806270778396233,-2.32911882824494e-06,-3.28554758229443e-05,0.00023498263335878,-0.000331628238860671,-0.000162752047481787,9.85149874281764e-05,-7.12301599369497e-05,-7.28259608108647e-05,0.00021780697343287,0.000216741262329561,0.000174388765797502,0.000109217167871325,-0.000369861566872986
2016/04/12,0.000786866313042465,4.37085532731007e-05,-3.41351302047776e-05,0.000270686481394839,-0.00025095968033973,-0.000157822292026089,2.23737812930431e-05,-2.52069343850895e-05,-0.000184652122235926,1.4651874707782e-05,-2.67552315812144e-05,7.30248959232622e-05,2.34761002669264e-05,0.00116752639087141
2016/04/13,0.000767984849749371,8.77385041483819e-05,-3.36177102086078e-05,0.000282508547412175,-0.000102218857020874,-5.20445601649025e-05,-6.7298451778455e-05,4.05180329531829e-05,-9.04961122273903e-05,-0.000200603231860976,-0.000214423982628215,-0.000181972564010706,-0.000118188784428876,0.000301308320065892
2016/04/14,0.000749632050325282,0.000129211017546055,-3.16673019587855e-05,0.000269988001025349,7.14044348126647e-05,8.27075203565714e-05,-9.78261841717897e-05,6.88904238113471e-05,9.66246351787782e-05,-0.000149715527310558,1.1887773902441e-05,-3.69595876250394e-05,3.7180403175289e-05,-0.000690662659067605
2016/04/17,0.000731812614726627,0.000167625989719208,-2.86931674942206e-05,0.000234798922140321,0.000220810326421062,0.000158935658373183,-4.79285981406158e-05,3.70753444264564e-05,0.000168915114277493,9.24113978675746e-05,0.000210866581793779,0.000182428999035411,9.61624331800711e-05,0.00271058138367365
2016/04/18,0.000714530323156411,0.000202538935360387,-2.51149777454551e-05,0.000180551865847065,0.000304901839598743,0.000130456648438996,3.77495878089638e-05,-2.55610900503431e-05,5.44054110448498e-05,0.000206778914739084,2.49486978311778e-06,2.08262985364586e-06,-8.51342624717308e-05,-0.000769522695363734
2016/04/19,0.000697788075172015,0.000233566040319108,-2.13301298305184e-05,0.000112427647134157,0.000301900054658749,2.02267833940018e-05,8.80214871216554e-05,-6.43379180701558e-05,-0.000112444909139806,5.0636242382536e-05,-0.000206127495382725,-0.000176237919444401,-5.02763249908235e-05,-6.33863332379374e-06
2016/04/20,0.000681587919239173,0.000260388199023964,-1.76853262083909e-05,3.66802588205031e-05,0.00021494441451888,-9.75920036286491e-05,6.40814223634432e-05,-4.66193029526285e-05,-0.000148087685177861,-0.000164852507165615,-1.62862128236063e-05,3.03467269632448e-05,0.000108542416052481,-8.13193190249379e-05
2016/04/21,0.000665931077428666,0.000282754006578359,-1.44541618162781e-05,-3.9943129608134e-05,7.0552470097329e-05,-0.000147614077226202,-1.06572996432073e-05,1.09710743880359e-05,-2.16230570938761e-05,-0.000160008846795083,0.000200276975985248,0.000164117474048856,-6.46416619423119e-06,-0.000385150340149482
2016/04/24,0.000650817969107583,0.000300481692443758,-1.18219570077829e-05,-0.000110810786681577,-8.94374589005638e-05,-0.000101515395143574,-7.26560690019543e-05,5.79167617928347e-05,0.000120583233825731,5.0416772805343e-05,2.93885070520175e-05,-5.92576034465499e-05,-0.000102368371141863,2.98770429659845e-06
2016/04/25,0.00063624823407047,0.000313459994778573,-9.87851577507699e-06,-0.000169988128811972,-0.000219999098373951,6.33436896550012e-06,-7.19317343456884e-05,5.37772773469366e-05,0.000123900703355728,0.000187680677686529,-0.000193395623536329,-0.000146977165290756,5.86917422206432e-05,-8.17147322906069e-05
2016/04/26,0.000622220755686979,0.000321647990112561,-8.61890642586526e-06,-0.000212740907177281,-0.000285605161111869,0.000104197798823991,-1.21969507619273e-05,2.85206515815046e-06,-6.66428211812747e-06,7.82749166393873e-05,-4.17138412200078e-05,8.38015030243399e-05,6.95216020709397e-05,-2.41205827012705e-05
2016/04/27,0.00060873368426134,0.000325073907391259,-7.95179989525006e-06,-0.000235916781481819,-0.000269890150522147,0.000130757555221582,5.46640199241383e-05,-5.00021540797451e-05,-0.000121695659788308,-0.000127122106055703,0.000185572695359464,0.000125864708969571,-9.2762523987636e-05,-0.000165040395316745
2016/04/28,0.000595784460758328,0.000323832969292794,-7.71439376950021e-06,-0.00023817443669243,-0.000179663785721239,7.34842598818145e-05,7.32777772628766e-05,-5.85700318307941e-05,-9.80527179657359e-05,-0.000160737700346665,5.31849698578056e-05,-0.000103373617621526,-1.99103551249056e-05,0.000405716602019178
2016/05/01,0.000583369840841765,0.000318084316384492,-7.69252886356835e-06,-0.000220044133467388,-4.23147343456939e-05,-2.63804979281711e-05,3.04008767058635e-05,-1.55680523804325e-05,2.96451192393636e-05,1.32658529554716e-05,-0.000176904430013982,-0.000101909964890917,0.000100363322530013,-5.85619867668159e-05
2016/05/02,0.000571485919423869,0.000308047081714138,-7.64429275763469e-06,-0.000183819375555247,0.00010246936356864,-0.000103340338831413,-3.5941972825502e-05,4.0983543395952e-05,0.000116726616370613,0.000162677155123384,-6.37358950920299e-05,0.000117621158102539,-3.2379375631522e-05,-0.000328784587005786
2016/05/03,0.000560128155476982,0.000293995693324432,-7.32521917479148e-06,-0.000133294740861475,0.000214170467724524,-0.000110635988929637,-6.98386696946069e-05,6.10913422818621e-05,7.21251425380261e-05,9.70097595518951e-05,0.000167492413571972,7.62689835682658e-05,-8.06555748727137e-05,-0.000482205764504736
2016/05/04,0.000549291397001951,0.000276254491380353,-6.51313928119753e-06,-7.33784458231834e-05,0.000262783013723436,-4.84697671827498e-05,-4.43201440844254e-05,2.69024498180456e-05,-4.68864371199194e-05,-8.99359758543394e-05,7.33122604923971e-05,-0.000126439160346435,7.30386282789233e-05,-1.46511710028566e-05
2016/05/05,0.000538969905710532,0.00025519175380987,-5.03082129514086e-06,-9.61869852495503e-06,0.000236855421575609,3.94312873380123e-05,1.73842195509845e-05,-3.12489832948584e-05,-0.000106829281350138,-0.000153182906844998,-0.000157441984067041,-5.00710200407151e-05,4.03325685749561e-05,0.000171010538857883
2016/05/08,0.000529157380913182,0.000231213230444469,-2.7647370045077e-06,5.23105361277893e-05,0.000146082080038241,9.64565074342601e-05,6.27635359094539e-05,-6.14969371015969e-05,-4.75110294232164e-05,-1.75051487247638e-05,-8.18715557924497e-05,0.000129954903607549,-9.15253023456155e-05,0.000228041535917205
2016/05/09,0.000519846982173284,0.000204755290452341,3.21399400503434e-07,0.000107116570224666,1.78964972059284e-05,8.95498577710666e-05,5.44473068145276e-05,-3.6649745962497e-05,5.83171204943419e-05,0.000134124117787612,0.000146860641458272,2.43709587875835e-05,8.4553575149675e-06,-0.000588615354122597
2016/05/10,0.00051103135016343,0.000176277790956471,4.17928577048903e-06,0.000150342329066387,-0.000110782148147853,2.80087659124113e-05,7.36954635634579e-07,2.11710768906879e-05,9.32821782085091e-05,0.000107045695280437,8.93830938424541e-05,-0.000128502579344076,8.39363923273676e-05,-4.54418556234911e-06
2016/05/11,0.000502702625230514,0.000146256776637917,8.67540170166858e-06,0.000178728883003515,-0.000204175048301494,-4.57629302879325e-05,-5.25237672601879e-05,5.99921312283821e-05,2.5359959939126e-05,-5.54316287007332e-05,-0.000135856510621773,-1.09143100109542e-07,-5.17203328442378e-05,0.000203836583375345
2016/05/12,0.000494852464005048,0.000115177121433677,1.35971470025806e-05,0.000190456825271726,-0.000237585977471237,-8.53904133995922e-05,-6.0914621683109e-05,4.46732634569577e-05,-6.41938921598716e-05,-0.000139077687481516,-9.58277320002167e-05,0.000122590267565792,-5.39097193947783e-05,0.000215634954854539
2016/05/15,0.000487472054301515,8.35252220555568e-05,1.86653361257729e-05,0.000185249249377647,-0.000203899378070652,-6.95791570795025e-05,-1.82387856788523e-05,-1.10954250129024e-05,-7.74064957051901e-05,-4.1072250851576e-05,0.000124536999960324,-2.19198755450736e-05,7.77287835922832e-05,-0.00010673527746935
2016/05/16,0.000480552129235159,5.17818509007635e-05,2.35522034750076e-05,0.000164332331656462,-0.000114935546498279,-1.29596497335041e-05,3.91562631731784e-05,-5.68192351437184e-05,-6.54062693307596e-06,0.000104283284096427,0.000101197463122936,-0.000112861492445374,1.12866650026604e-05,-0.000312201639908642
2016/05/17,0.000474082981386255,2.04152711443867e-05,2.79037004816916e-05,0.000130262655658928,2.53396463139697e-06,4.63000411941459e-05,6.3314796203368e-05,-5.09023037461415e-05,6.50528778765125e-05,0.000109202464003929,-0.000113007652845079,4.1088816017912e-05,-8.03274738495275e-05,-0.000362105138157778
2016/05/18,0.00046805447735921,-1.01252900534227e-05,3.13645728423154e-05,8.66422130688474e-05,0.000114803246579413,7.21497429839311e-05,3.45587964313144e-05,1.33205734583783e-06,6.04885940465514e-05,-2.52020172204968e-05,-0.00010549487327538,0.000100053871091458,3.10392889104207e-05,-0.00040288968011
2016/05/19,0.000462456073006823,-3.9415722017809e-05,3.36045141362319e-05,3.77514388919611e-05,0.00019089023550682,5.23806197315137e-05,-2.27198082284685e-05,5.22458888192473e-05,-8.3778557256051e-06,-0.000120341561580141,0.000101371218805482,-5.69491374214256e-05,6.04940298508881e-05,-0.000313216933775517
2016/05/22,0.000457276829337566,-6.70625855638706e-05,3.43436104029296e-05,-1.18630960655942e-05,0.000211072330420127,3.48428230069621e-06,-6.0859698760175e-05,5.53280951994565e-05,-6.16499543530301e-05,-5.72660878293605e-05,0.000108732593010852,-8.49572074221547e-05,-6.10885076064693e-05,-0.000140581603070973
2016/05/23,0.000452505429004645,-9.27080732138201e-05,3.33753241575926e-05,-5.7807059715922e-05,0.000171952538989636,-4.2439737043168e-05,-4.85193809739428e-05,7.85174415181004e-06,-4.37109584654722e-05,7.51163791309274e-05,-8.97268143360287e-05,6.9232886341761e-05,-2.56657912152326e-05,-0.000119424486812785
2016/05/24,0.000448130193510496,-0.000116034315430001,3.05854135655376e-05,-9.62245841323484e-05,8.67699738362235e-05,-5.86646090033331e-05,3.77584085131299e-06,-4.65531988189128e-05,1.91266046855412e-05,0.000104701440397553,-0.000110932725950393,6.83732237230789e-05,7.13199630309627e-05,-0.000107870220265717
2016/05/25,0.000444139101478432,-0.000136766984445237,2.5965432396109e-05,-0.00012411865154499,-1.89492537722608e-05,-3.90530585477301e-05,5.28014726565148e-05,-5.79978100874311e-05,5.48940318344024e-05,-2.6809256758509e-07,7.81691112730382e-05,-7.7845741333415e-05,-1.28818364108608e-05,8.44602790710138e-05
2016/05/26,0.00044051980820752,-0.00015467815899626,1.96197917078936e-05,-0.000139579387320412,-0.000115001865646408,8.88461523675013e-07,5.84145117363471e-05,-1.62364119455228e-05,2.80948536194758e-05,-9.88614063881438e-05,0.000112126176587436,-5.10788427357637e-05,-6.06180208806901e-05,0.000211141490530854
2016/05/29,0.000437259666598506,-0.000169588425301763,1.17657639992405e-05,-0.000141903551026352,-0.000175119214457783,3.58407440604863e-05,1.62956191977726e-05,4.00244454999119e-05,-2.57206759707363e-05,-6.6429551096322e-05,-6.67875795344898e-05,8.28524730309047e-05,4.37087017375596e-05,5.00015832630646e-05
2016/05/30,0.000434345749560493,-0.000181368201575772,2.72625017909272e-06,-0.000131599200789226,-0.000184130329481142,4.65824860475841e-05,-3.89574055530169e-05,5.90068700064855e-05,-4.57772862068447e-05,4.81914111342195e-05,-0.000112351829313675,3.3794577055646e-05,3.41692244915033e-05,0.000207859684444653
2016/05/31,0.000431764874161886,-0.000189938285090713,-7.08441764701401e-06,-0.000110280292457597,-0.00014172957541598,3.00824968525212e-05,-6.23995911075037e-05,2.36525360353851e-05,-1.44569408012661e-05,9.49634775987009e-05,5.56658875487586e-05,-8.44563076883495e-05,-5.87152546169635e-05,0.000424628392628135
2016/06/01,0.000429503627802989,-0.000195269632523259,-1.71809267583286e-05,-8.04658587626664e-05,-6.19332555780622e-05,-1.13318199341946e-06,-3.52776365684257e-05,-3.29348619303828e-05,2.84277866969405e-05,1.88553760733162e-05,0.00011165565486968,-1.71591243845109e-05,-1.3674551304981e-06,0.000267780488186628
2016/06/02,0.000427548396084016,-0.000197382396405875,-2.70325809609704e-05,-4.5306515859852e-05,3.14437265060967e-05,-2.82060463704517e-05,2.01468880614797e-05,-5.84900015117263e-05,3.53062688505904e-05,-7.63563128577553e-05,-4.48814851008065e-05,8.29739070632276e-05,5.53570129081539e-05,0.000258016139593873
2016/06/05,0.000425885391695114,-0.000196344251596778,-3.60926054290325e-05,-8.2666884260473e-06,0.000111857054897395,-3.71183541313711e-05,5.90674662556921e-05,-2.99809321033928e-05,3.38155189043477e-06,-6.92593893220138e-05,-0.000110089848551738,1.71081104020325e-06,-2.746594494688e-05,0.000160110738728415
2016/06/06,0.000424500683987829,-0.000192268055012967,-4.38294714763162e-05,2.7206284932919e-05,0.00015755948565208,-2.53631092415761e-05,5.04353865084883e-05,2.55429501149265e-05,-2.77243279323383e-05,2.46767551341485e-05,3.45052981459964e-05,-7.88077818030988e-05,-3.6921420781041e-05,-0.00015487567822905
2016/06/07,0.000423380229265229,-0.000185308890160727,-4.97584040623293e-05,5.79952323424132e-05,0.000157456069277815,-1.44418712714802e-06,1.62942628246562e-06,5.6611878531107e-05,-2.44376434742286e-05,8.1464832749311e-05,0.000107712040694969,1.21239081854302e-05,4.4399739719224e-05,-0.000454038232223531
2016/06/08,0.000422509902184949,-0.000175660555391592,-5.34711944609911e-05,8.15805517455077e-05,0.000113719870380002,2.10847469936889e-05,-4.80282798323103e-05,3.51507428422742e-05,4.79032172123181e-06,3.20626774454984e-05,-2.46014643739103e-05,7.24178791941591e-05,1.09023799669595e-05,-0.000278131578415466
2016/06/09,0.000421875528480088,-0.000163551561939895,-5.46625127917617e-05,9.6239571448152e-05,4.05776546372303e-05,3.09706046200269e-05,-5.91054994876015e-05,-1.80836779649223e-05,2.42416574409563e-05,-5.4321272181428e-05,-0.000104584552529419,-2.40350988412819e-05,-4.61474280801103e-05,0.000180980587189966
2016/06/12,0.000421462918884032,-0.000149240714045787,-5.31510953214831e-05,0.000101162813205848,-4.02230397737383e-05,2.42833097356803e-05,-2.33652097872084e-05,-5.35578379198948e-05,1.40224087238349e-05,-6.66832234228925e-05,1.52270981768813e-05,-6.42939157130635e-05,1.38493146786128e-05,0.000330491172579178
2016/06/13,0.000421257904082325,-0.000133012348220986,-4.88944586077585e-05,9.64804670583396e-05,-0.000105843841732024,5.39761866034683e-06,3.02978020156409e-05,-3.9135635981138e-05,-9.95505687101627e-06,5.37869477855048e-06,0.000100773651467593,3.38277033701405e-05,3.45843892444139e-05,-0.000162184889264427
2016/06/14,0.000421246370263706,-0.000115171312401275,-4.19961512583083e-05,8.32009823520078e-05,-0.000138790993503505,-1.57130002169985e-05,5.93978179456847e-05,1.07638080173048e-05,-1.87065062775633e-05,6.56586838024085e-05,-6.43211458498593e-06,5.49298294499239e-05,-3.01435549004584e-05,0.000130886141312058
2016/06/15,0.000421414294844018,-9.603776774387e-05,-3.27049724130937e-05,6.3071700183257e-05,-0.000131548737746636,-2.83052876003519e-05,4.1570296511018e-05,4.95250047608932e-05,-4.76207556101679e-06,3.95721105023433e-05,-9.63488072264429e-05,-4.14144664433346e-05,-1.549440470218e-05,0.000284325112635397
2016/06/16,0.000421747782356063,-7.59418960150601e-05,-2.14060393612075e-05,3.83781830241813e-05,-8.81929582461547e-05,-2.58607326326028e-05,-8.34467063128569e-06,4.19484132756609e-05,1.22246440490409e-05,-3.40184844733589e-05,-1.74089005743103e-06,-4.4801477724256e-05,3.45925481286621e-05,9.26575783077482e-05
2016/06/19,0.000422233100064114,-5.52185954500366e-05,-8.60405094913206e-06,1.17037720713726e-05,-2.26742509298101e-05,-9.32781751269226e-06,-5.08048414276675e-05,-3.75945669671374e-06,1.18801875755493e-05,-5.97839470251704e-05,9.13819522228945e-05,4.68045097242848e-05,-3.86856705131867e-06,-7.18519946156741e-05
2016/06/20,0.000422856713073861,-3.42022458719286e-05,5.10046009981323e-06,-1.43264401863353e-05,4.5587049150744e-05,1.29082111115198e-05,-5.30229803266699e-05,-4.47147156579893e-05,-2.8204616778998e-06,-9.21834352899301e-06,9.25669387178176e-06,3.43483620574372e-05,-2.82140399746155e-05,-1.7972621407253e-06
2016/06/21,0.000423605319065753,-1.32216204083512e-05,1.904068829798e-05,-3.72927391032051e-05,9.74233651691701e-05,2.88036977177735e-05,-1.42605866917268e-05,-4.36352336750004e-05,-1.18915342325839e-05,4.89393014523164e-05,-8.59467647373739e-05,-5.00887596067399e-05,1.7442821561898e-05,0.000130899045190091
2016/06/22,0.000424465882666577,7.40498273281498e-06,3.25173912131879e-05,-5.51965193770314e-05,0.000119282732125726,2.89055272166216e-05,3.45259472338391e-05,-2.7846709620652e-06,-4.50123513608395e-06,4.18752836615491e-05,-1.60873977548362e-05,-2.39597671675989e-05,1.54295990696335e-05,-0.000170361755522334
2016/06/23,0.000425425669038445,2.7374319390069e-05,4.48352038191728e-05,-6.66260909823881e-05,0.00010673728750856,1.20428495282377e-05,5.55585495508944e-05,3.93265502550808e-05,8.39392274502679e-06,-1.64755643727814e-05,8.01180403923822e-05,5.14234373226469e-05,-2.22788163906031e-05,0.00107805464219526
2016/06/26,0.000426472276139928,4.64024261682981e-05,5.5339477891366e-05,-7.08595283974295e-05,6.52400246742505e-05,-1.30244342426727e-05,3.35374895403433e-05,4.427017568844e-05,9.38360508659914e-06,-4.97615390404582e-05,2.22123292110714e-05,1.39654394078374e-05,-1.9739974484702e-06,-7.66017446791028e-05
2016/06/27,0.000427593664200802,6.42284372004184e-05,6.34516436624454e-05,-6.78979767772102e-05,8.05581080633537e-06,-3.17620115956426e-05,-1.33830696185689e-05,8.75527295266275e-06,-2.76395538322879e-06,-1.89410198911065e-05,-7.39711561251678e-05,-5.10127466988599e-05,1.90951922535763e-05,0.000106002915013545
2016/06/28,0.000428778180492688,8.06179409265171e-05,6.87011553157485e-05,-5.84295796668539e-05,-4.7902591529961e-05,-3.21894951711729e-05,-4.86745500743103e-05,-3.35531010693033e-05,-1.18152175393287e-05,3.26124035589219e-05,-2.7617957161274e-05,-4.63066593849495e-06,-7.41150078433083e-06,3.76029786411542e-05
2016/06/29,0.000430014581042011,9.5365840070706e-05,7.07522603549132e-05,-4.37306105840833e-05,-8.70448907748481e-05,-1.26748814453018e-05,-4.59675684090421e-05,-4.39497169413029e-05,-5.21364188757778e-06,3.97208210214521e-05,6.75815557194528e-05,4.90917438006879e-05,-1.14009616734033e-05,3.43194697063368e-05
2016/06/30,0.00043129205072159,0.000108298686714275,6.94241000848383e-05,-2.55159199430953e-05,-9.9427768203249e-05,1.59692215368794e-05,-8.68560401659663e-06,-1.40697847809289e-05,9.35867937005326e-06,-2.45411108573065e-06,3.22978679667365e-05,-3.8444985212414e-06,1.06178817735856e-05,-0.000189566801617116
2016/07/03,0.000432600221803945,0.000119276471366036,6.47029930369809e-05,-5.75497615139729e-06,-8.32396893272999e-05,3.62257182062165e-05,3.37716877530997e-05,2.7575128189538e-05,1.31108843473648e-05,-3.78971759997194e-05,-6.10240711978239e-05,-4.59101639597562e-05,3.65594298320253e-06,-0.000322156971050386
2016/07/04,0.000433929190914818,0.000128193853369049,5.67461621589885e-05,1.35277462540546e-05,-4.48384688363859e-05,3.45992500707341e-05,4.93245845976732e-05,4.27870032135094e-05,-7.15979993428774e-08,-2.39479529663836e-05,-3.62527302054907e-05,1.13222413668103e-05,-8.57474535296753e-06,-0.000290900536585067
2016/07/05,0.000435269534812007,0.000134980829142818,4.58766174083479e-05,3.04486501963421e-05,3.53556690456674e-06,1.07433930954844e-05,2.74501522079951e-05,1.86755326205346e-05,-1.48582576851231e-05,1.7833282935897e-05,5.43721661288226e-05,4.17181246258835e-05,7.27549314004599e-07,-0.000183547141707581
2016/07/06,0.000436612325326536,0.000139602842926101,3.25693712438993e-05,4.34389801085923e-05,4.75898505120368e-05,-2.12711548006396e-05,-1.39393522006954e-05,-2.15563563169807e-05,-1.24458652245595e-05,3.40940773988796e-05,3.94902224788773e-05,-1.77208468587662e-05,4.3730883830992e-06,0.000314016817023619
2016/07/07,0.000437949142875805,0.000142060351459069,1.74296204028835e-05,5.13814940429342e-05,7.51718814636958e-05,-4.11345005792729e-05,-4.32388148298422e-05,-4.09053384108779e-05,5.93697735824723e-06,7.61005256413915e-06,-4.76971227145097e-05,-3.67543942787879e-05,-7.30878136856139e-07,8.49645287833732e-05
2016/07/10,0.000439272087394492,0.00014238786104061,1.16395264891432e-06,5.36985944349672e-05,7.96019169615099e-05,-3.52529337062996e-05,-3.93316207993061e-05,-2.25477448368669e-05,1.89762249169332e-05,-2.54810969135076e-05,-4.20248413696764e-05,2.30062374459256e-05,-1.55915722731285e-06,-7.79604799903836e-05
2016/07/11,0.000440573785906003,0.000140652463429563,-1.54539883481548e-05,5.03856644656021e-05,6.12380209404436e-05,-6.16295399577202e-06,-6.68005800340237e-06,1.56395267987104e-05,1.00859026425966e-05,-2.47404899824071e-05,4.10672339633411e-05,3.12376784937543e-05,-2.08319808872656e-06,-0.000210827588221551
2016/07/12,0.000441847397346384,0.000136951905914933,-3.16216437170349e-05,4.19887291799794e-05,2.6924706879483e-05,2.8182112324711e-05,2.93390736237206e-05,3.84321056917908e-05,-1.1893909159868e-05,5.51559103791407e-06,4.38775537072751e-05,-2.71821223794969e-05,2.36139779711021e-06,-0.000165781898246902
2016/07/13,0.000443086615237054,0.000131412237232651,-4.65475394932638e-05,2.95307887760119e-05,-1.23928939146147e-05,4.54596145258534e-05,4.2227723334257e-05,2.56866120998422e-05,-2.1557022791208e-05,2.61549782354426e-05,-3.45470729760074e-05,-2.53611328316969e-05,4.55737858923182e-06,3.90277139764467e-05
2016/07/14,0.000444285668305936,0.000124185075798009,-5.94910939255571e-05,1.43957775522526e-05,-4.50917795876495e-05,3.35768046337789e-05,2.38029433059782e-05,-9.94398719710904e-06,-6.36003958237158e-06,1.36588123483183e-05,-4.50752794044897e-05,3.02796975131644e-05,-6.60974920074086e-06,-4.38538505595201e-05
2016/07/17,0.000445439318958944,0.000115444551014215,-6.98001814248374e-05,-1.81731228526807e-06,-6.22766487500408e-05,-7.91869981962801e-07,-1.09227804392994e-05,-3.54933638951701e-05,1.75229914532382e-05,-1.37010487198997e-05,2.81969065214101e-05,1.92900566842229e-05,-3.63520348909711e-06,-5.69594156464551e-05
2016/07/18,0.000446542859625802,0.000105383972291213,-7.69445110505163e-05,-1.74553253737784e-05,-6.01783475466843e-05,-3.57968945461411e-05,-3.60126688613487e-05,-2.81134390683549e-05,2.2559934276401e-05,-2.21299554944311e-05,4.56502994463783e-05,-3.23476893061406e-05,1.18017834437794e-05,-3.27910178361784e-05
2016/07/19,0.000447592107473947,9.42122838003532e-05,-8.054308683442e-05,-3.09712261085282e-05,-4.090506861262e-05,-4.83230313587691e-05,-3.3975052086386e-05,4.56504072592909e-06,1.62776126495351e-06,-3.76515991948407e-06,-2.20722330955976e-05,-1.31624730068806e-05,-1.98819667850841e-06,0.000239234334436011
2016/07/20,0.00044858339804521,8.21503648455204e-05,-8.03843183446878e-05,-4.10688038582621e-05,-1.14248089854592e-05,-2.93403030841141e-05,-7.77722859583432e-06,3.22094744507705e-05,-2.24853859904242e-05,1.71232694245942e-05,-4.56396218644188e-05,3.34434877213258e-05,-1.42859516472185e-05,-2.35135721170021e-05
2016/07/21,0.000449513577966866,6.94272359539336e-05,-7.64377273505513e-05,-4.68188537919458e-05,1.88157140954159e-05,9.55917579085753e-06,2.25812994814939e-05,2.98662211494208e-05,-2.20385756544192e-05,1.60223784811824e-05,1.62234414610362e-05,7.09214711872409e-06,1.09939750476505e-05,-9.1862009749665e-05
2016/07/24,0.000450379996565829,5.62762301900411e-05,-6.88566291073673e-05,-4.77370166788552e-05,4.08511627177221e-05,4.3180470004525e-05,3.53666239846922e-05,4.25213586127641e-07,3.74755082833691e-06,-3.50941195735116e-06,4.50843332702014e-05,-3.3625989434953e-05,1.10598658943146e-05,-0.000324258399863264
2016/07/25,0.000451180496569139,4.29311885853905e-05,-5.79716303289062e-05,-4.38173679928487e-05,4.88248011093766e-05,4.90875314570102e-05,2.25611129756469e-05,-2.86916885765928e-05,2.65257465373165e-05,-1.71384295010403e-05,-1.06955711318819e-05,-1.17344100001323e-06,-1.97615386755421e-05,-0.000134180210027055
2016/07/26,0.000451913404131293,2.96227367806321e-05,-4.42752572058894e-05,-3.55201439012161e-05,4.15207418786734e-05,2.26452194677153e-05,-5.4163478281988e-06,-3.0994923345776e-05,2.01195813438261e-05,-9.83059685653634e-06,-4.40289516142081e-05,3.29506067405066e-05,-1.40855985793676e-06,0.000184224490267115
2016/07/27,0.000452577518504256,1.65746973224881e-05,-2.83984807718312e-05,-2.37162714768708e-05,2.2407951165133e-05,-1.93913258782883e-05,-2.8195987282619e-05,-4.97594226899103e-06,-9.41843206976123e-06,8.1244487254086e-06,5.52817221852473e-06,-4.512694662955e-06,2.38056250646595e-05,-0.000103537278589153
2016/07/28,0.000453172101050847,4.00068781803804e-06,-1.10803209396607e-05,-9.59524386221039e-06,-1.7299070114427e-06,-4.94850668499267e-05,-3.02366963736638e-05,2.50397633235537e-05,-2.94692754568364e-05,1.53536821045533e-05,4.25208123692709e-05,-3.14666916970109e-05,-1.23541082034889e-05,3.39482637279774e-05
2016/07/31,0.00045369686315644,-7.89904906266213e-06,6.86793885589553e-06,5.45399297145583e-06,-2.30832617955683e-05,-4.74050357726389e-05,-1.12264082565992e-05,3.15571529048533e-05,-1.69824672602045e-05,4.4827790387472e-06,-7.55215876356679e-07,9.89236327220765e-06,-1.97727323171399e-05,3.75640801415701e-05
2016/08/01,0.000454151953388474,-1.89405412893904e-05,2.46021258261353e-05,1.99773528985281e-05,-3.52772346695682e-05,-1.38730147644112e-05,1.46720376133086e-05,9.05522797552249e-06,1.50672725117293e-05,-1.08451822924661e-05,-4.0609506548836e-05,2.92173766370497e-05,2.54358410424309e-05,5.46492916714935e-05
2016/08/02,0.00045453794395309,-2.89586718080589e-05,4.12861635318726e-05,3.25923606390238e-05,-3.52438631779519e-05,2.94675664687655e-05,2.93649871998132e-05,-2.13404920509645e-05,3.12151560782222e-05,-1.28831192211619e-05,-3.59497009964654e-06,-1.48927202422942e-05,7.17329210505958e-06,0.000301781366624231
2016/08/03,0.000454855816217913,-3.78094202410246e-05,5.61326177425756e-05,4.21147994924154e-05,-2.39636863808535e-05,5.40403241441521e-05,2.33246845951971e-05,-3.16145070330746e-05,1.28415978428795e-05,4.84954624176257e-08,3.83463485823047e-05,-2.62416431528726e-05,-3.2284264050327e-05,5.14078367782971e-05
2016/08/04,0.000455106944784412,-4.5371736703771e-05,6.84407831870792e-05,4.76640556722457e-05,-5.9074752256167e-06,4.32207807523626e-05,1.53799218097695e-06,-1.2647595917119e-05,-2.04153776919801e-05,1.24994833949259e-05,7.49970939568887e-06,1.94369706405674e-05,1.09185742459185e-05,-8.64461087156908e-05
2016/08/07,0.000455293079617299,-5.1549028160453e-05,7.76304281973509e-05,4.87382555314651e-05,1.25829512800376e-05,3.60294456793451e-06,-2.05934676223478e-05,1.76668868852724e-05,-3.17276898460733e-05,1.00436223920531e-05,-3.57838396765576e-05,2.25783166226438e-05,2.88534974387857e-05,-0.000228686957227411
2016/08/08,0.000455416326607161,-5.62702424052133e-05,8.3269546716503e-05,4.52532995930459e-05,2.54186101106562e-05,-3.90007928219457e-05,-2.80482072667115e-05,3.12292579874067e-05,-7.93056121108008e-06,-4.22934049988979e-06,-1.09418864195555e-05,-2.34409430578928e-05,-2.85948240377219e-05,6.00375670523745e-06
2016/08/09,0.000455479127207743,-5.9490540286251e-05,8.50947795883094e-05,3.75433170379665e-05,2.87029473614161e-05,-5.64083211544167e-05,-1.6194051666712e-05,1.57511113728131e-05,2.52278492140085e-05,-1.34183942670192e-05,3.29751945231674e-05,-1.82714561425791e-05,-1.45242855160272e-05,8.51747227275814e-05
2016/08/10,0.000455484237584759,-6.11915530955919e-05,8.30235424929767e-05,2.63235766424709e-05,2.18838072935628e-05,-3.67396918877981e-05,6.4909103334432e-06,-1.40781629256421e-05,3.10261596465004e-05,-6.535717759514e-06,1.39098306524415e-05,2.68117293002373e-05,3.91140584659136e-05,-5.84247267437597e-05
2016/08/11,0.000455434707078539,-6.13812288903677e-05,7.71573172580054e-05,1.26201810415367e-05,7.7844270933783e-06,7.4827739356516e-06,2.44372328518979e-05,-3.04614124109752e-05,2.48950131493703e-06,8.34570746926941e-06,-2.99739127897618e-05,1.33765060777882e-05,-7.1488226897669e-06,0.000105532022659868
2016/08/14,0.00045533385564976,-6.00932775137512e-05,6.7776006851517e-05,-2.32633910578419e-06,-8.45521281524464e-06,4.73240976939326e-05,2.55132491837234e-05,-1.83738115190574e-05,-2.93146699871994e-05,1.32808394264435e-05,-1.63971754630108e-05,-2.94486205522598e-05,-3.74837168715854e-05,0.000105493775022517
2016/08/15,0.000455185250321424,-5.73862291481982e-05,5.53236991986367e-05,-1.71743518099895e-05,-2.11520628040293e-05,5.64014924797938e-05,9.08379317946167e-06,1.06213494725195e-05,-2.91742421733686e-05,1.95114046811254e-06,2.68334065612334e-05,-7.96648680007224e-06,2.92847887094108e-05,9.8450452345065e-05
2016/08/16,0.000454992680673078,-5.33421263027751e-05,4.03866067700574e-05,-3.06010088481688e-05,-2.59783740838564e-05,2.83665835786441e-05,-1.36316628594806e-05,2.93673914002588e-05,3.24440411873348e-06,-1.20886777792833e-05,1.84027792925133e-05,3.12464253678569e-05,2.26419782215296e-05,5.35500045089287e-06
2016/08/17,0.000454760133504098,-4.80648738284465e-05,2.36643271268348e-05,-4.14180864531687e-05,-2.13702137031758e-05,-1.86905027020439e-05,-2.70945217935779e-05,2.05306847684405e-05,3.25289538109597e-05,-1.1389658067344e-05,-2.36065809571791e-05,2.13751972780501e-06,-4.39366959215446e-05,-6.97414855116578e-05
2016/08/18,0.000454491766729168,-4.16782759526612e-05,5.93588604895333e-06,-4.86738595052823e-05,-9.00181679802509e-06,-5.39479966348581e-05,-2.19294321305877e-05,-7.33347033413149e-06,2.62703454546149e-05,3.67560784473783e-06,-1.99306815274752e-05,-3.21009967781327e-05,1.66676125937663e-06,3.01751623243032e-05
2016/08/21,0.000454191883041488,-3.43237926510775e-05,-1.19777345126939e-05,-5.1732590732414e-05,6.81130584593265e-06,-5.40664418161134e-05,-1.40880480701548e-06,-2.79995228797722e-05,-9.04295608191563e-06,1.45375659129147e-05,2.03453231161532e-05,3.98703366755755e-06,4.50084511669562e-05,-5.05237192700006e-05
2016/08/22,0.00045386490410429,-2.61580509431206e-05,-2.92527295639437e-05,-5.03253851665112e-05,2.05723335447208e-05,-1.86302756682617e-05,2.05126731866422e-05,-2.22410022375131e-05,-3.47634312329382e-05,7.21453555746047e-06,2.09900270950077e-05,3.19166034871832e-05,-2.77896142840356e-05,0.00029928241212102
2016/08/23,0.000453515345471544,-1.7350150568255e-05,-4.51013556294062e-05,-4.45687858888789e-05,2.74438175621937e-05,2.939597867712e-05,2.85398870115065e-05,4.24393298048094e-06,-2.24399162295007e-05,-9.55918652252126e-06,-1.70998735431027e-05,-1.0254394697931e-05,-3.07489880191204e-05,6.29068939587122e-06
2016/08/24,0.000453147791915899,-8.07880680074189e-06,-5.88086970022023e-05,-3.49503263411751e-05,2.48689188714379e-05,5.85895504085389e-05,1.66307495374022e-05,2.6406194016923e-05,1.46901037970613e-05,-1.45448240973516e-05,-2.1594845589739e-05,-3.06145858178996e-05,4.66471794016073e-05,-0.00017061040229976
2016/08/25,0.000452766872727977,1.47062480117047e-06,-6.9765573622745e-05,-2.22830547557956e-05,1.34470276959718e-05,4.96422165024885e-05,-7.43328910078702e-06,2.35265241642254e-05,3.59470749582731e-05,-9.1850733379848e-07,1.39182043105875e-05,1.64826455626999e-05,4.82223369745555e-06,-5.34649996077231e-05
2016/08/28,0.000452377237432245,1.11091968127238e-05,-7.74960606809625e-05,-7.63357081764543e-06,-3.22155751506917e-06,8.102084922163e-06,-2.69781241869844e-05,-1.37639315199399e-06,1.78305833295692e-05,1.42663363549059e-05,2.17636978827291e-05,2.81426366582147e-05,-5.09800544152442e-05,-0.000170242012624651
2016/08/29,0.000451983532230195,2.06474458872628e-05,-8.16783726397742e-05,7.76983058044606e-06,-1.96764360738091e-05,-3.91065144828582e-05,-2.78848820655384e-05,-2.46322904389968e-05,-1.99834680674503e-05,1.13380010594806e-05,-1.08455094984767e-05,-2.24637701601083e-05,2.45764904042878e-05,-2.390605673466e-05
2016/08/30,0.000451590377158621,2.98984501738231e-05,-8.21582034216794e-05,2.26408768373945e-05,-3.03618432888875e-05,-6.11704871314823e-05,-8.7820202872786e-06,-2.44104539141277e-05,-3.60432660958208e-05,-6.40452586337103e-06,-2.15192562067634e-05,-2.44839428058083e-05,3.8181616451563e-05,3.95416783938179e-05
2016/08/31,0.000451202344382435,3.86808232387634e-05,-7.89539909252337e-05,3.57421354866841e-05,-3.1451939907253e-05,-4.34964663290079e-05,1.73736681361653e-05,-1.24968039446963e-06,-1.26094530083675e-05,-1.62038157798882e-05,7.92382051776119e-06,2.79695039990077e-05,-4.73755066220622e-05,-1.42024427945348e-05
2016/09/01,0.000450823937757079,4.68216002991325e-05,-7.22539709965811e-05,4.59861737098852e-05,-2.21493464857758e-05,2.68258313789075e-06,3.19551568221224e-05,2.27202062657126e-05,2.47362817426024e-05,-5.05283698396079e-06,2.08879220086259e-05,1.96654319694513e-05,-1.16098205201998e-05,6.48816812740151e-05
2016/09/04,0.000450459573480845,5.41589738615231e-05,-6.24052820687069e-05,5.25230047362627e-05,-5.03157471737724e-06,4.74966237182865e-05,2.38871496409848e-05,2.49173717038804e-05,3.50500901592564e-05,1.29226435231509e-05,-5.19166308505867e-06,-3.27598322936456e-05,5.51796749650168e-05,0.000286835246375581
2016/09/05,0.000450113561388897,6.05448378392544e-05,-4.98957567507409e-05,5.48070880490323e-05,1.46822222696834e-05,6.1785302595608e-05,-1.92118265398205e-06,3.61813791135537e-06,6.96100710286603e-06,1.42896786591242e-05,-1.98995021429309e-05,-1.37643778359623e-05,-2.02268650541864e-05,-0.000117540151378018
2016/09/06,0.0004497900858749,6.58471016003348e-05,-3.53293731479659e-05,5.26389603747464e-05,3.07307738354567e-05,3.60514142878105e-05,-2.73704807171004e-05,-2.07107852540569e-05,-2.87808721910438e-05,-3.06296237823602e-06,2.68368381038037e-06,3.65938263546068e-05,-4.44448790927262e-05,4.98085066428938e-05
2016/09/07,0.00044949318590017,6.99517398596332e-05,-1.93966193158274e-05,4.61787125343477e-05,3.7785380337744e-05,-1.32850094829741e-05,-3.37858469714409e-05,-2.50737756777658e-05,-3.30017527840248e-05,-1.6642003630189e-05,1.85868380871867e-05,6.91261104219323e-06,4.64461929049758e-05,7.62834719597138e-06
2016/09/08,0.000449226734800203,7.27645502992867e-05,-2.84123854878427e-06,3.59308088247536e-05,3.31816826619691e-05,-5.44118041904531e-05,-1.56218076209735e-05,-5.71629569155591e-06,-1.08398639995356e-06,-8.51820530292717e-06,-4.30301605018731e-07,-3.9242332978544e-05,1.80581948164821e-05,-0.000201777999064485
2016/09/11,0.000448994420134491,7.42125949730218e-05,1.35750323512355e-05,2.27019804099871e-05,1.78554508623593e-05,-6.06475571362386e-05,1.480270929117e-05,1.86434045770716e-05,3.1973790433714e-05,1.09015707465927e-05,-1.69853233028193e-05,7.02329274399073e-07,-5.76141155890901e-05,0.000148311712974106
2016/09/12,0.00044879972381353,7.42453064179167e-05,2.91080536438158e-05,7.5359476170459e-06,-3.83156653353498e-06,-2.77142246853401e-05,3.5541293796811e-05,2.49082832362089e-05,2.99698238986601e-05,1.61500117208897e-05,-1.54251687486648e-06,4.05018089704125e-05,1.53635533494513e-05,-5.52454983710005e-05
2016/09/13,0.000448645902789453,7.28352444943256e-05,4.30655371696356e-05,-8.36960495966683e-06,-2.53485486478562e-05,2.33970346590888e-05,3.08193101195926e-05,7.53526958502406e-06,-4.81352162069365e-06,1.6054430546396e-07,1.51323601851565e-05,-8.8395611468656e-06,4.92451360720117e-05,6.42788969953304e-05
2016/09/14,0.000448535969757026,6.99784941654141e-05,5.48383886549127e-05,-2.37571711504678e-05,-3.99693361504045e-05,5.9843152151621e-05,3.04511497642449e-06,-1.65554030390253e-05,-3.4201726871297e-05,-1.61402047432569e-05,3.21340459939734e-06,-4.02083156128001e-05,-4.43229525866731e-05,8.01815858491293e-05
2016/09/15,0.000448472673567603,6.56947001633161e-05,6.39277233751216e-05,-3.74073745858814e-05,-4.28657090782974e-05,5.80262498435637e-05,-2.81208186580748e-05,-2.44509356964355e-05,-2.60629540053059e-05,-1.12272608125773e-05,-1.30667750798554e-05,1.7210934217428e-05,-2.3659116685338e-05,-0.000104892336565267
2016/09/18,0.000448458479483672,6.00267406030925e-05,6.99663651207305e-05,-4.82332930984751e-05,-3.26722545474104e-05,1.88235466523471e-05,-3.9614564044684e-05,-9.06956463887588e-06,1.05211074649641e-05,8.51772913420866e-06,-4.56565553063428e-06,3.82506765127052e-05,5.84896800942163e-05,-0.000172080993205856
2016/09/19,0.000448495549893645,5.30400476958223e-05,7.27339132254336e-05,-5.536413444117e-05,-1.20236107208039e-05,-3.28452854418124e-05,-2.20343384278011e-05,1.44819244923939e-05,3.53876510483392e-05,1.70509315279741e-05,1.08282740982893e-05,-2.54906823157371e-05,-1.05788991709946e-05,8.16086585364219e-05
2016/09/20,0.00044858572607818,4.48215888480986e-05,7.21647729580048e-05,-5.82121475957438e-05,1.31292556499641e-05,-6.38808868890543e-05,1.2701475511619e-05,2.37326679302751e-05,2.14246140836432e-05,3.0678505541508e-06,5.58723002999036e-06,-3.45818430541223e-05,-5.2498982576909e-05,-5.7214321528096e-05
2016/09/21,0.000448730510973944,3.5478525462587e-05,6.83488760687199e-05,-5.65179713904708e-05,3.52452512291879e-05,-5.41840935933978e-05,3.93157389916033e-05,1.03167124583549e-05,-1.58347991045803e-05,-1.49505683630671e-05,-8.45692336216358e-06,3.33283529044568e-05,4.15402674543449e-05,-0.000292542879729519
2016/09/22,0.000448931052768971,2.51365711683303e-05,6.15251577098209e-05,-5.03712444094259e-05,4.74584553527209e-05,-9.61746903517551e-06,3.7534590183893e-05,-1.24557103545025e-05,-3.54959090501605e-05,-1.31665551928837e-05,-6.27068977943561e-06,2.9227599400582e-05,2.80770786793249e-05,0.00012130807255794
2016/09/25,0.000449188129771595,1.39380761834174e-05,5.20681882770881e-05,-4.02051075735775e-05,4.57016274119945e-05,4.15720248491986e-05,7.53752113943102e-06,-2.27846207820117e-05,-1.62278803203941e-05,6.01020267788212e-06,5.99268470197275e-06,-4.03644152586623e-05,-5.81643789276903e-05,1.14949478497565e-05
2016/09/26,0.000449502136670783,2.03986789025978e-06,4.04686665354063e-05,-2.67650999948917e-05,3.00340965576988e-05,6.66604098105413e-05,-2.92805346051564e-05,-1.12765785411736e-05,2.05670416741626e-05,1.71373099325139e-05,6.61312351034807e-06,-2.22917759984424e-05,6.36699629596789e-06,1.1603402619827e-06
2016/09/27,0.000449873071635166,-1.03891197776301e-05,2.73087522024572e-05,-1.10547524201531e-05,4.74764772727848e-06,4.93297210271001e-05,-4.54998068569682e-05,1.0507293550831e-05,3.45351325070948e-05,5.53455690383538e-06,-3.47494745102524e-06,4.62477645523762e-05,5.43194503777782e-05,0.000413758236021859
2016/09/28,0.000450300524320238,-2.31703918585326e-05,1.32334437040766e-05,5.73819791164047e-06,-2.28134917517015e-05,2.267790285952e-07,-2.80900696637013e-05,2.16377052545764e-05,1.06674805984828e-05,-1.32876440688498e-05,-6.61605851389133e-06,1.3957339298488e-05,-3.86287271095688e-05,6.10539128501473e-05
2016/09/29,0.000450783664395825,-3.61185745632591e-05,-1.08062353214673e-06,2.23297046521272e-05,-4.43925677594902e-05,-4.95970638786582e-05,1.1142624512807e-05,1.19507176753173e-05,-2.45562135390156e-05,-1.43609358837501e-05,9.42033415994636e-07,-5.06541108965316e-05,-3.11730100955765e-05,4.82303554963571e-05
2016/10/02,0.000451321230093761,-4.90441939530692e-05,-1.49574761596794e-05,3.74351699205261e-05,-5.32947755737795e-05,-6.8308416021275e-05,4.34341700114313e-05,-8.66525593004402e-06,-3.25579850423408e-05,3.56204334066399e-06,6.28535225043382e-06,-4.48298135629786e-06,5.70860663942893e-05,-1.550494797462e-05
2016/10/03,0.000451911517900802,-6.17565073622627e-05,-2.77536762985465e-05,4.98662383140265e-05,-4.64548181628197e-05,-4.35877067371385e-05,4.41184757233294e-05,-2.03222260996325e-05,-4.95000282280165e-06,1.65515347869286e-05,1.56933634292058e-06,5.3304099346811e-05,-3.07008801206892e-06,-2.21311769195476e-05
2016/10/04,0.000452552374364781,-7.40663433010275e-05,-3.88882790965341e-05,5.8621671468487e-05,-2.54620177238849e-05,9.30987978701901e-06,1.14763452293486e-05,-1.23415761149114e-05,2.76744920297711e-05,7.48154596947225e-06,-5.63094115107593e-06,-5.80472946630151e-06,-5.49814484648512e-05,-0.000176390973530293
2016/10/05,0.000453241190147506,-8.57889067877737e-05,-4.78694875349067e-05,6.29656700468477e-05,3.79213185989586e-06,5.69697908716074e-05,-3.10294274854301e-05,6.95700745819094e-06,2.96579011270393e-05,-1.13377874608636e-05,-4.02447869579611e-06,-5.39799603013115e-05,3.60462176264779e-05,-0.000229923860871484
2016/10/06,0.000453974896531628,-9.67465078680113e-05,-5.43167824519889e-05,6.248778094623e-05,3.2771076117688e-05,6.88985050019093e-05,-5.15498339826166e-05,1.88683691413143e-05,-7.16528258480065e-07,-1.48574665458401e-05,4.6664676285761e-06,1.65232945830554e-05,3.3003035081204e-05,-0.000192640305924668
2016/10/09,0.000454749964910649,-0.0001067711722337,-5.79775258202366e-05,5.71397070928762e-05,5.27873826346121e-05,3.69913640575861e-05,-3.37115816867035e-05,1.24527054862951e-05,-2.98328963782798e-05,1.32050582112032e-06,6.39106864613326e-06,5.25396933220179e-05,-5.5724546083812e-05,-5.16696697685581e-05
2016/10/10,0.00045556240942441,-0.000115707095534463,-5.87373022878073e-05,4.72458593950496e-05,5.76041302089019e-05,-1.9010062387684e-05,1.032800146904e-05,-5.40891701879405e-06,-2.59627928544991e-05,1.54363658611841e-05,-3.40884694509349e-06,-2.72497642978083e-05,8.48224749057369e-07,-1.96422097814935e-05
2016/10/11,0.000456407792515447,-0.000123412906256659,-5.66235639724608e-05,3.34862709164039e-05,4.53652742515038e-05,-6.3716517128735e-05,4.80336672355185e-05,-1.73068286742472e-05,6.13255208817494e-06,8.86164928248503e-06,-8.63935901726895e-06,-4.89279199955084e-05,5.48686199974643e-05,-5.60967312421181e-05
2016/10/12,0.00045728123324227,-0.000129763705209453,-5.18024608998583e-05,1.68524291533081e-05,1.9261015269832e-05,-6.8421300916861e-05,5.05022422693349e-05,-1.2289556892353e-05,3.09832234643195e-05,-9.27076179512199e-06,1.8778288712755e-06,3.75390176585069e-05,-3.41228471105967e-05,0.000103644642895397
2016/10/13,0.000458177418393316,-0.000134652853018905,-4.45690599009614e-05,-1.42144642065615e-06,-1.32996925392064e-05,-2.94983707476567e-05,1.46353807342708e-05,4.04600367903767e-06,2.16273671870018e-05,-1.47244370681879e-05,1.07423291259884e-05,4.31827202046475e-05,-3.37907121411373e-05,-1.91666474875519e-05
2016/10/16,0.000459090616383643,-0.000137993481097275,-3.53314646252504e-05,-1.99472792700595e-05,-4.27956106386438e-05,2.88981907058399e-05,-3.35455799326562e-05,1.56691336877142e-05,-1.11150252411456e-05,-5.95569835625801e-07,-9.55960127786937e-08,-4.69439615825241e-05,5.45026024845436e-05,1.75960249742188e-05
2016/10/17,0.000460014693805147,-0.00013971970598653,-2.45896345135658e-05,-3.72861176230789e-05,-6.03781751225709e-05,6.97951164884539e-05,-5.77171144036192e-05,1.18599717990634e-05,-3.11176315542287e-05,1.3939041620587e-05,-1.26758085470348e-05,-3.54379855940876e-05,3.25136770609681e-07,3.81912128608555e-05
2016/10/18,0.000460943134849308,-0.000139787531105968,-1.29099475640362e-05,-5.20578976522931e-05,-6.05195789816107e-05,6.6777587883456e-05,-3.86483383556396e-05,-2.89175641679466e-06,-1.68253453668276e-05,9.66006787224173e-06,-1.91361184024991e-06,5.50366225179467e-05,-5.4405231603003e-05,-4.52431742365298e-05
2016/10/19,0.000461869063797871,-0.000138175424749956,-8.96750519203818e-07,-6.30498649233883e-05,-4.27327710118082e-05,2.10271087267104e-05,1.04933911822566e-05,-1.39878763159859e-05,1.55036486631737e-05,-7.23996428178527e-06,1.44185937711907e-05,2.59210450836733e-05,3.30242662894207e-05,-0.000111435465712169
2016/10/20,0.000462785270696794,-0.000134884568272968,1.08377193266184e-05,-6.93153060280217e-05,-1.18324774281423e-05,-3.89543869122344e-05,5.31113808098273e-05,-1.1174543079358e-05,3.02667562097301e-05,-1.405387533782e-05,4.12388663056667e-06,-6.14290268552442e-05,3.38757301009404e-05,-3.11559860688643e-07
2016/10/23,0.000463684240217996,-0.000129938773628163,2.17035811893278e-05,-7.02546421137439e-05,2.33705063673605e-05,-7.50682288114249e-05,5.64234435595358e-05,1.96813042410353e-06,1.17420717153778e-05,-2.10141343753459e-06,-1.59525256021325e-05,-1.49455523633365e-05,-5.37353916820544e-05,6.26365541646886e-05
2016/10/24,0.000464558183508624,-0.00012338407475065,3.11622607771564e-05,-6.56719668267969e-05,5.25865470926474e-05,-6.37959296437859e-05,1.67107936094554e-05,1.22973088799744e-05,-1.91654506689786e-05,1.22081885145461e-05,-6.50803141929565e-06,6.57927966495122e-05,-6.40450375688186e-07,-0.000104263175346721
2016/10/25,0.00046539907272811,-0.000115288002327709,3.87527405325808e-05,-5.58017293291081e-05,6.70547955202281e-05,-1.15049230332126e-05,-3.68989397366079e-05,1.02473639882805e-05,-2.84967610280875e-05,9.89900287068076e-06,1.72625145787307e-05,2.89985994750707e-06,5.39861184909835e-05,8.15298867976244e-05
2016/10/26,0.000466198678024757,-0.000105738556126751,4.41138380837651e-05,-4.13023765103127e-05,6.21613896894659e-05,4.90720863747485e-05,-6.37535248486301e-05,-1.29544255447202e-06,-6.56764623234538e-06,-5.37371326944842e-06,9.0379006038507e-06,-6.78764281508073e-05,-3.27417461759069e-05,-0.000104423458907914
2016/10/27,0.000466948606568826,-9.48428935926308e-05,4.70014328984422e-05,-2.32162404931798e-05,3.88874512048832e-05,7.92983419087181e-05,-4.2532566277069e-05,-1.06341625059469e-05,2.19981071542114e-05,-1.29575966649192e-05,-1.83365473861973e-05,9.76865843336485e-06,-3.36501727771318e-05,-0.000162617418471371
2016/10/30,0.000467640343245925,-8.2725757411932e-05,4.72998068683416e-05,-2.89761166093956e-06,3.63765544865727e-06,5.92686904673895e-05,1.18044014986778e-05,-9.09724698908261e-06,2.59058793095207e-05,-3.15158931512013e-06,-1.16847310083452e-05,6.75192993669814e-05,5.35918799183788e-05,-0.000335179019738453
2016/10/31,0.000468265293215045,-6.9527667595789e-05,4.50265530305285e-05,1.8086429609125e-05,-3.35300982566839e-05,9.18368126158463e-07,5.84674957004501e-05,8.91600703045325e-07,1.49065480742834e-06,1.03841071064008e-05,1.91656686757445e-05,-2.25726570442539e-05,4.07586485964198e-07,3.32296654368369e-05
2016/11/01,0.000468814826228885,-5.54029072316706e-05,4.03308210118032e-05,3.80754513138498e-05,-6.17820761340915e-05,-5.90307187277536e-05,6.14696126703867e-05,9.03789197869102e-06,-2.39324698222849e-05,9.63362425824448e-06,1.4419513073521e-05,-6.46615633294344e-05,-5.39192015412513e-05,0.000179557196251105
2016/11/02,0.000469280322157485,-4.0517334420305e-05,3.34849940929955e-05,5.54464609625521e-05,-7.26674182884575e-05,-8.2164159898661e-05,1.74296665473308e-05,7.74886848294855e-06,-2.26208178637766e-05,-3.76873679340566e-06,-1.97438515365266e-05,3.50063837903076e-05,3.31095683949166e-05,-0.000138414945627403
2016/11/03,0.000469653216948522,-2.50460553459921e-05,2.48702167793512e-05,6.87458310761372e-05,-6.26362921478987e-05,-5.30013734416299e-05,-4.09732179265289e-05,-7.70844184307002e-07,3.30776508079352e-06,-1.15578409994089e-05,-1.72133432243334e-05,5.93492910553012e-05,3.34948933328622e-05,0.000277994752997132
2016/11/06,0.000469925048822758,-9.170994258117e-06,1.49564988767361e-05,7.68116315282539e-05,-3.41689071704741e-05,1.06397215570108e-05,-6.92338224361216e-05,-7.55017485681747e-06,2.49349060760565e-05,-3.74007408659269e-06,2.00677738797234e-05,-4.65686753779139e-05,-5.40831361649182e-05,-2.99837963895841e-05
2016/11/07,0.000470087504589581,6.9216030069259e-06,4.27839466886531e-06,7.88760043471866e-05,4.83767325119433e-06,6.84860793462373e-05,-4.49864248278047e-05,-6.23328515562429e-06,1.87930610827375e-05,8.58900261883924e-06,2.00376970682193e-05,-5.17344753874259e-05,6.68654422432284e-10,-0.000214202503263353
2016/11/08,0.000470132465360135,2.30436942155895e-05,-6.5925206130165e-06,7.46384627119581e-05,4.32733514933317e-05,8.32977136629147e-05,1.42595650323122e-05,9.42746584744281e-07,-7.6601944690161e-06,8.94658291582918e-06,-2.01365257605319e-05,5.67862131073523e-05,5.43885849011349e-05,0.000680822860857263
2016/11/09,0.0004700520517786,3.90079580656548e-05,-1.70769889766895e-05,6.4303064916552e-05,6.99906860457177e-05,4.4871309149292e-05,6.37058072849504e-05,6.21434034984452e-06,-2.50096471408652e-05,-2.48196120480487e-06,-2.28645671808697e-05,4.20697704702519e-05,-3.38432053563525e-05,-0.000278947618201282
2016/11/10,0.000469838667844252,5.46302665299787e-05,-2.66177408026006e-05,4.85751634578885e-05,7.70412646780646e-05,-2.29330155353358e-05,6.5176618800343e-05,4.58838304491406e-06,-1.45942200305267e-05,-9.9752487402071e-06,1.99513674877359e-05,-6.52357544815975e-05,-3.3726299897456e-05,-0.000236456452355453
2016/11/13,0.000469485041594757,6.9732075645035e-05,-3.47079965387846e-05,2.86166640255692e-05,6.20316175436747e-05,-7.69839536884985e-05,1.66567764673848e-05,-1.41098484024421e-06,1.14201569394317e-05,-3.90161680443642e-06,2.56665690193251e-05,-3.06980683484389e-05,5.5075523405294e-05,0.000434544195579931
2016/11/14,0.00046898426387652,8.41427039427948e-05,-4.09173451771503e-05,5.96219867235155e-06,2.89018467116106e-05,-8.23409286306814e-05,-4.5448937296231e-05,-5.07432734381677e-06,2.42005747567721e-05,6.91148935338533e-06,-1.95156260382422e-05,7.15640220910079e-05,-2.06631023717113e-07,-8.57663038946032e-05
2016/11/15,0.000468329825561482,9.77014691209725e-05,-4.49136759992393e-05,-1.75979898925427e-05,-1.31196336342696e-05,-3.48856232475484e-05,-7.36440778818969e-05,-2.85904149333446e-06,1.02096785678738e-05,7.93641516233388e-06,-2.84170875797111e-05,1.80374938737721e-05,-5.54415451958226e-05,0.000434698792637931
2016/11/16,0.000467515652197138,0.000110259654508953,-4.64800412842703e-05,-4.01596357678398e-05,-5.21049088563419e-05,3.55672085845284e-05,-4.5732848040221e-05,2.1717493264796e-06,-1.44701558833014e-05,-1.5236012894746e-06,1.88347643387662e-05,-7.55040765863439e-05,3.45908715674318e-05,5.5001367184496e-05
2016/11/17,0.000466536136368386,0.000121682281485174,-4.55255842360825e-05,-5.98593176767875e-05,-7.6827671460269e-05,8.40023617587956e-05,1.7661500942062e-05,4.17291639254452e-06,-2.25914737050133e-05,-8.30933965413505e-06,3.10904888952228e-05,-4.56278430355209e-06,3.45600208154817e-05,-3.95695356218274e-05
2016/11/20,0.000465386167738186,0.000131849667000217,-4.20899724991431e-05,-7.50299295200029e-05,-8.00024001365868e-05,7.90142370485888e-05,6.8314381633516e-05,1.09719911983122e-06,-5.82940946743113e-06,-3.69940920014999e-06,-1.79164306286439e-05,7.68875093916106e-05,-5.63252156157751e-05,-0.000142626394864216
2016/11/21,0.000464061160996113,0.000140658749142142,-3.63411143435237e-05,-8.43436352885797e-05,-6.04247475593929e-05,2.3224404235036e-05,6.71433698886031e-05,-3.21140225912669e-06,1.67302807100248e-05,5.39731851826257e-06,-3.36622917554077e-05,-9.21588033443793e-06,-1.19324183345044e-07,0.000268216112233632
2016/11/22,0.000462557081905604,0.000148024167178191,-2.85662851742787e-05,-8.69298693818537e-05,-2.33853276455383e-05,-4.80057693176936e-05,1.44360884775861e-05,-3.54907549252574e-06,2.03030550809525e-05,6.69263447800393e-06,1.67704264281652e-05,-7.56520204354327e-05,5.69961819238144e-05,-4.69622880249938e-05
2016/11/23,0.000460870471190433,0.000153879085536469,-1.91571379253673e-05,-8.24577218970095e-05,2.07778080149358e-05,-8.90152028676044e-05,-4.98741148560746e-05,6.38872032439074e-07,1.63599766118503e-06,-8.72735858781127e-07,3.61092992376938e-05,2.27756375158374e-05,-3.49899213316562e-05,-0.0003224203364525
2016/11/24,0.00045899846582047,0.000158175754688772,-8.58939204362378e-06,-7.11748056638335e-05,5.95871782394448e-05,-7.31805142079445e-05,-7.65004817326648e-05,4.50483115986555e-06,-1.81646264897712e-05,-6.62490394105612e-06,-1.54086331240593e-05,7.18440404039382e-05,-3.60878039822077e-05,-0.00012534510912733
2016/11/27,0.000456938818289417,0.000160885806900796,2.60172655070566e-06,-5.38982265052145e-05,8.19702568082889e-05,-1.02563157397708e-05,-4.46557291319959e-05,3.23540781113029e-06,-1.74851956021162e-05,-3.19394990704963e-06,-3.84096954096579e-05,-3.56042466513459e-05,5.75204459537336e-05,0.000530666896633079
2016/11/28,0.000454689914591041,0.000162000288453102,1.38489991423313e-05,-3.1957289507353e-05,8.14280214003578e-05,5.96158813943368e-05,2.16684773191496e-05,-2.28583511367407e-06,2.20842500636895e-06,4.0640697735075e-06,1.3844958851741e-05,-6.56162458928099e-05,1.21287317388087e-06,-1.79065385919799e-05
2016/11/29,0.000452250789784548,0.000161529430974681,2.45822294511711e-05,-7.09173175796511e-06,5.79179264663087e-05,9.15671067355754e-05,7.17836305986495e-05,-6.01428969455743e-06,1.87835109248668e-05,5.2776088135514e-06,4.05431954784067e-05,4.72228798284673e-05,-5.8857240225373e-05,0.00079582595262167
2016/11/30,0.000449621139444965,0.000159502167191003,3.42572340661191e-05,1.86867996938812e-05,1.79061931621311e-05,6.48936524977289e-05,6.71149828267075e-05,-3.25552761834554e-06,1.43051129861334e-05,-5.08176344559582e-07,-1.20953076089959e-05,5.72200467848908e-05,3.4719850839945e-05,-0.000331848167921605
2016/12/01,0.000446801326087344,0.000155965401055792,4.23832950835448e-05,4.32589625173386e-05,-2.74331783415601e-05,-3.47613456467919e-06,1.09687290054198e-05,3.77710023808263e-06,-5.57354735749426e-06,-4.96367025868363e-06,-4.24913689743046e-05,-5.72073314108022e-05,3.82657626954738e-05,-0.000126060345775472
2016/12/04,0.000443792379714777,0.000150983046278705,4.85476578100324e-05,6.45741084111651e-05,-6.53649860288887e-05,-6.97371003124369e-05,-5.37729414041484e-05,7.68863302593847e-06,-1.86401939138835e-05,-2.42545264352081e-06,1.01774697104507e-05,-4.69933516433347e-05,-5.83277563229112e-05,2.56904873180565e-05
2016/12/05,0.000440595994171926,0.00014463485403527,5.2435831971062e-05,8.08239986566245e-05,-8.51917589430119e-05,-9.13461947962782e-05,-7.74539178205406e-05,3.62085812896597e-06,-1.09336385864743e-05,2.92881807193701e-06,4.42380905019913e-05,6.52065122342621e-05,-3.18221355369297e-06,-0.000210620234072041
2016/12/06,0.000437214520711304,0.000137015053326857,5.38466897209609e-05,9.05989208489369e-05,-8.128184006412e-05,-5.44218778809395e-05,-4.18125260580767e-05,-5.04623442275059e-06,8.36792110221981e-06,3.73665826954808e-06,-8.11083894640936e-06,3.53442143096226e-05,6.07467442455366e-05,-0.000144001405162689
2016/12/07,0.000433650959080144,0.000128230828267202,5.27016373954105e-05,9.3012497642327e-05,-5.4666126699688e-05,1.72999797543562e-05,2.58858237955338e-05,-9.46402892302744e-06,1.78228538821228e-05,-4.24412430627777e-07,-4.576987671676e-05,-7.09570992947846e-05,-3.35495658350082e-05,-0.000117851469917201
2016/12/08,0.000429908946348345,0.000118400658032309,4.90474587738176e-05,8.77839166377585e-05,-1.27512330864031e-05,7.77596542691634e-05,7.37265310744176e-05,-4.32736972114664e-06,7.53263257709763e-06,-3.36806878062098e-06,5.91602927694034e-06,-2.27312661951434e-05,-4.09241548500319e-05,-0.000535965734356503
2016/12/11,0.000425992743264562,0.000107652545860554,4.30527661674669e-05,7.52697844049563e-05,3.27668680185729e-05,8.82404235361676e-05,6.5031128413971e-05,6.03242213301819e-06,-1.05402992524953e-05,-1.4214260250627e-06,4.70761383821674e-05,7.42936810293776e-05,5.84438732845836e-05,0.00138909035078216
2016/12/12,0.000421907218345716,9.61221647152279e-05,3.49983348914474e-05,5.6442037016773e-05,6.91941150465654e-05,4.22419729067716e-05,6.54890355424845e-06,1.12675914282672e-05,-1.64434092134224e-05,2.0211566898802e-06,-3.61440775774579e-06,9.64201548094342e-06,5.99527695296654e-06,-0.000399171970057639
2016/12/13,0.000417657828190298,8.39509455444516e-05,2.52619139037818e-05,3.28129631446805e-05,8.64007381340024e-05,-3.04747264843157e-05,-5.67676564327554e-05,5.35423093648718e-06,-4.2455559298156e-06,2.11509371717722e-06,-4.81493495605238e-05,-7.51539723409265e-05,-6.23517178722104e-05,0.000292766265049669
2016/12/14,0.000413250591381104,7.12841333649454e-05,1.42983902059853e-05,6.3130226172109e-06,7.96488564387743e-05,-8.3198918597427e-05,-7.63684212663008e-05,-6.68590564359155e-06,1.20761414387539e-05,-6.27415807380843e-07,1.22761690383244e-06,3.42988792455599e-06,3.13720472759984e-05,-0.00014356802623646
2016/12/15,0.000408692058393884,5.82688431602244e-05,2.616429534808e-06,-2.08686299292476e-05,5.08931029440043e-05,-8.23698883080027e-05,-3.74101530056043e-05,-1.30223555439023e-05,1.46265419678596e-05,-1.88961735274274e-06,4.89850223914008e-05,7.35787567257883e-05,4.380253311009e-05,-0.00024586964408856
2016/12/18,0.000403989279252515,4.50521467214595e-05,-9.24711521452892e-06,-4.64675977193478e-05,8.19850427342799e-06,-2.90051053450768e-05,2.99627248903579e-05,-6.66428420621985e-06,1.19261169449848e-06,-2.04532336461233e-07,1.22284311148375e-06,-1.60071135605577e-05,-5.76494901937611e-05,-4.75978713677898e-05
2016/12/19,0.000399149769683405,3.17792191791056e-05,-2.07536459797051e-05,-6.83360745974278e-05,-3.65468695945843e-05,4.22703838113737e-05,7.39639729457418e-05,6.97187338025697e-06,-1.29919611530294e-05,1.38405370499001e-06,-4.95813632321995e-05,-6.9706487823565e-05,-9.49257750572809e-06,-0.000114175292818634
2016/12/20,0.000394181476474996,1.85915720810282e-05,-3.13887187077004e-05,-8.4626531228217e-05,-7.09688531858399e-05,8.57621253741992e-05,6.1038807980044e-05,1.46520545840706e-05,-1.25014918577616e-05,4.62885277422008e-07,-3.71587881452408e-06,2.76494474330855e-05,6.3388040296984e-05,-0.000303869935707787
2016/12/21,0.000389092742412451,5.62539715960066e-06,-4.0686074353745e-05,-9.39512474034359e-05,-8.56497918062077e-05,7.40927830840837e-05,1.51130643435661e-06,8.20644301424817e-06,1.53141760652396e-06,-1.13518844764756e-06,4.99388937935516e-05,6.37632711370468e-05,-2.82200982487358e-05,-0.00018316485438209
2016/12/22,0.000383892271297905,-6.98995761470245e-06,-4.82486158938875e-05,-9.55036217082268e-05,-7.67135427993605e-05,1.54754779132269e-05,-5.86412084120265e-05,-6.87153039695461e-06,1.33308083099698e-05,-5.96482565816078e-07,6.23097392852589e-06,-3.79718184171328e-05,-4.6608286386774e-05,9.09045327452535e-05
2016/12/26,0.000378589093344837,-1.91333614051115e-05,-5.37653479045293e-05,-8.9130393256016e-05,-4.68412740019455e-05,-5.20520569926592e-05,-7.33447853135856e-05,-1.60844419639872e-05,1.0196258184235e-05,1.20058673841644e-06,-5.00601375889077e-05,-5.60491026029947e-05,5.58491738253704e-05,0.000121775788936878
2016/12/27,0.000373192531160608,-3.06931084022117e-05,-5.70235462973141e-05,-7.53481080111199e-05,-4.45450993411267e-06,-8.53925633981903e-05,-3.17825766382159e-05,-9.91840943250936e-06,-3.85867836852486e-06,1.07881529187863e-06,-8.74831401343738e-06,4.66587866373473e-05,1.34287208893913e-05,3.30559605164111e-05
2016/12/28,0.000367712166508298,-4.15679488095725e-05,-5.79157097663703e-05,-5.53019929188448e-05,3.86826073276476e-05,-6.39743112428908e-05,3.36295852065385e-05,6.38237334065349e-06,-1.31582509828648e-05,-1.14735500079105e-06,4.99493600734199e-05,4.69212942720009e-05,-6.36534575442564e-05,-8.82783604629677e-05
2016/12/29,0.000362157807989745,-5.16679350833148e-05,-5.64411438619809e-05,-3.06704398985616e-05,7.0752773248055e-05,-2.44537482326081e-06,7.25380837842343e-05,1.72542881721202e-05,-7.8321151024626e-06,-1.9638744357412e-06,1.12489316069802e-05,-5.34749330412382e-05,2.42446968644004e-05,-0.000261900765418975
2017/01/02,0.000356539459612142,-6.09150793324511e-05,-5.27023249193493e-05,-3.52309819200611e-06,8.31402693557109e-05,5.93566866841454e-05,5.5466059851475e-05,1.17297513941279e-05,5.74953871831735e-06,4.16599508226438e-07,-4.96123053571673e-05,-3.67761032637271e-05,4.90749140336056e-05,0.00022284363190695
2017/01/03,0.000350867290299308,-6.92438211209638e-05,-4.6896465886007e-05,2.38553061415888e-05,7.27499520135759e-05,8.22820433468658e-05,-3.81246205266053e-06,-5.51764710754969e-06,1.25578576265478e-05,2.73915705219842e-06,-1.37148579725288e-05,5.8270876155403e-05,-5.30704171788704e-05,-6.43038113169071e-05
2017/01/04,0.00034515160399532,-7.66013087035116e-05,-3.93029451180431e-05,4.91602329296771e-05,4.27654837818419e-05,5.27264110541633e-05,-5.93518821851864e-05,-1.81058095150612e-05,5.51779449663316e-06,1.1683863405017e-06,4.90558780220772e-05,2.60295950768157e-05,-1.75301082137708e-05,-3.69693319614567e-05
2017/01/05,0.000339402809492264,-8.29475002675178e-05,-3.026744890579e-05,7.02647399813528e-05,1.66643622201164e-06,-9.3532403464898e-06,-6.86762790012268e-05,-1.35652744245123e-05,-7.19333693117015e-06,-2.60614662178118e-06,1.61291914495933e-05,-6.09849258379207e-05,6.30495058204537e-05,5.40674693707332e-05
2017/01/08,0.000333631390163531,-8.82550929672233e-05,-2.018380731374e-05,8.54018621776077e-05,-3.9190496223543e-05,-6.39454733775519e-05,-2.53108675973531e-05,4.3048494294253e-06,-1.16255797049374e-05,-3.0961431357349e-06,-4.82878592920737e-05,-1.50987944050013e-05,-1.96674480124902e-05,0.000116129460259084
2017/01/09,0.000327847874017468,-9.25092894267128e-05,-9.47457040975184e-06,9.33160391209088e-05,-6.87305398444336e-05,-7.68505596714095e-05,3.67448978048014e-05,1.85941887208325e-05,-3.34342421816068e-06,1.04539777057346e-06,-1.84760736784746e-05,6.16406384894395e-05,-5.1004175826404e-05,6.97015971513227e-05
2017/01/10,0.000322062804302451,-9.57074136229738e-05,1.42862313330674e-06,9.33703446025666e-05,-7.91757214601579e-05,-4.11308631156045e-05,6.96709849848174e-05,1.53478912173237e-05,8.20771552871028e-06,4.3106191777599e-06,4.73167555679084e-05,4.38408126639451e-06,4.9436519930019e-05,0.000184359658487479
2017/01/11,0.000316286710819233,-9.7858389941812e-05,1.21038889901523e-05,8.56001218702473e-05,-6.80915093725022e-05,1.93259575219181e-05,4.87115471432422e-05,-2.78432080527916e-06,1.04624689354569e-05,1.68367316438793e-06,2.07406263452459e-05,-6.03407663512789e-05,2.15473156842868e-05,-4.95324003297541e-07
2017/01/12,0.00031053008155903,-9.89821012961025e-05,2.21562650604124e-05,7.0708320819931e-05,-3.89275776352349e-05,6.5826175222506e-05,-9.18468331880782e-06,-1.86867230240266e-05,1.37494923297705e-06,-3.78341188804878e-06,-4.61517586265454e-05,5.74645511360011e-06,-6.1579107109069e-05,1.52681158893785e-05
2017/01/15,0.000304803334224447,-9.91086432234556e-05,3.12324726445604e-05,5.00029542408883e-05,5.76945820734943e-08,6.96985165115899e-05,-5.90219073004628e-05,-1.70008849930642e-05,-8.83540778275213e-06,-4.46164264406976e-06,-2.290889838946e-05,5.72581944453517e-05,1.47304718316755e-05,1.3238745852678e-05
2017/01/16,0.00029911678809073,-9.82774902942152e-05,3.90327282340092e-05,2.52821842428582e-05,3.81532951031059e-05,2.99564197661134e-05,-6.27380034462874e-05,1.00814130824205e-06,-9.16591954302985e-06,1.20972234429288e-06,4.48027433942997e-05,-1.4970207034122e-05,5.22852682877897e-05,-4.39966704537873e-05
2017/01/17,0.000293480636609061,-9.65365914645695e-05,4.53192689037084e-05,-1.32284374334735e-06,6.51552748599347e-05,-2.70745275014494e-05,-1.83052913933031e-05,1.83638978347427e-05,3.49747476893779e-07,5.77871361453723e-06,2.49678426442323e-05,-5.26244997187417e-05,-4.51282776208181e-05,0.000128162649499119
2017/01/18,0.000287904920650459,-9.39414116427239e-05,4.99214637206938e-05,-2.75335937193481e-05,7.41076378212744e-05,-6.52462348868372e-05,3.93191352293702e-05,1.84501435837684e-05,9.13814255871999e-06,2.60115321043198e-06,-4.32802296582252e-05,2.3020445836043e-05,-2.52883663047358e-05,2.21827936011092e-05
2017/01/19,0.000282399502364465,-9.05539363541789e-05,5.27375854332715e-05,-5.11218484968428e-05,6.30862824031083e-05,-6.15400343489768e-05,6.56743883942532e-05,9.61171738350552e-07,7.82063299611227e-06,-4.55641597781219e-06,-2.6905292328549e-05,4.67168005167246e-05,5.9324553721723e-05,-0.000147144390061648
2017/01/22,0.000276974039695382,-8.64416556800126e-05,5.37334975585764e-05,-7.01021850478919e-05,3.55713792968123e-05,-1.98798444727518e-05,4.11187112862826e-05,-1.76202584293396e-05,-1.82165591727548e-06,-5.94093595504769e-06,4.15953093628703e-05,-2.9693689240796e-05,-9.65691401960689e-06,1.35762015627986e-05
2017/01/23,0.00027163796179717,-8.16765425253144e-05,5.29386611715651e-05,-8.29023602692315e-05,-6.48074248050556e-07,3.24327049948675e-05,-1.45141168074226e-05,-1.96264538943296e-05,-9.18784777139052e-06,8.75280077062855e-07,2.87099116388611e-05,-3.98435827963104e-05,-5.28899363826419e-05,7.15853950151649e-05
2017/01/24,0.000266400445598803,-7.63340392169079e-05,5.04399749229126e-05,-8.84967387641961e-05,-3.56936565881772e-05,6.2660841695076e-05,-5.78723730238054e-05,-3.05234327527731e-06,-6.49087360472739e-06,6.99458845247826e-06,-3.9759579607526e-05,3.4853949919494e-05,4.03448970604333e-05,0.00011442190643142
2017/01/25,0.0002612703936377,-7.0492065422547e-05,4.6374027045355e-05,-8.64911967997842e-05,-6.03045567492545e-05,5.31258725263119e-05,-5.58614392138341e-05,1.64648103087996e-05,3.05770268735785e-06,3.842552424037e-06,-3.03711190265676e-05,3.23302050148441e-05,2.86301039499646e-05,7.38997096176174e-05
2017/01/26,0.000256256413206953,-6.42300591825331e-05,4.09183589798675e-05,-7.71522603194441e-05,-6.82869419711644e-05,1.14176182220881e-05,-1.09285482046648e-05,2.04675689852781e-05,9.05656230827944e-06,-4.83243245526625e-06,3.77851122748022e-05,-3.84339300408401e-05,-5.64149406114549e-05,0.000208543478808099
2017/01/29,0.000251366796700129,-5.76280616145373e-05,3.42823186306242e-05,-6.13781936959016e-05,-5.80574987981243e-05,-3.54778777873351e-05,4.14762001962117e-05,5.18721150576024e-06,5.21566195025678e-06,-7.38425352590213e-06,3.18790338947882e-05,-2.45046955531468e-05,4.62609845443844e-06,3.52712596427386e-05
2017/01/30,0.000246609503137599,-5.07658541861058e-05,2.66980222392246e-05,-4.06149045373791e-05,-3.29016456153497e-05,-5.86793954191956e-05,6.08295896601545e-05,-1.49209786594824e-05,-4.0943130433792e-06,6.01715327634956e-08,-3.56844222856937e-05,4.04333745331748e-05,5.28520027287173e-05,2.94798499149522e-05
2017/01/31,0.000241992140921544,-4.37221557485932e-05,1.84118539266201e-05,-1.67244074347635e-05,7.28717583037833e-08,-4.51620901375493e-05,3.28799014563601e-05,-2.09199954362148e-05,-8.8066564520972e-06,7.81925424502469e-06,-3.32244228929593e-05,1.66843948575603e-05,-3.5271357978867e-05,0.000114916668915631
2017/02/01,0.000237521951952822,-3.65738848049502e-05,9.67682024753633e-06,8.18223990832694e-06,3.19559734506027e-05,-4.87441687704689e-06,-1.98429755689414e-05,-7.28264501421614e-06,-4.00769491028901e-06,5.28535011856307e-06,3.34704613108932e-05,-4.09148620886268e-05,-3.15128879759706e-05,4.93005702512967e-05
2017/02/02,0.000233205797082009,-2.93954911014379e-05,7.45953805149231e-07,3.19325215154697e-05,5.44516174721963e-05,3.65156323465362e-05,-5.61135496755117e-05,1.30265407480848e-05,4.97845977726412e-06,-4.56140510966466e-06,3.43986440874309e-05,-9.16389264595462e-06,5.29932560181591e-05,-0.00019917608431973
2017/02/05,0.000229050142826106,-2.22583591523739e-05,-8.13316351002454e-06,5.24838189858913e-05,6.2032920256717e-05,5.39936425233771e-05,-4.8227522520633e-05,2.09411352552717e-05,8.48288393774638e-06,-8.62900905459042e-06,-3.11566543825352e-05,3.99974040380134e-05,2.35397482152139e-07,-0.000215300636685118
2017/02/06,0.000225061049405445,-1.52302846844098e-05,-1.67228008635385e-05,6.81015447732578e-05,5.32775435887045e-05,3.82332973370239e-05,-3.18832399541697e-06,9.2530687621256e-06,2.85619513593828e-06,-1.16503869596821e-06,-3.53935924808229e-05,2.20461482088237e-06,-5.22407700027437e-05,-3.25435031004772e-05
2017/02/07,0.0002212441602689,-8.37502350269383e-06,-2.47985417156593e-05,7.75083320537063e-05,3.10682108656283e-05,3.17224106749139e-07,4.33562791498978e-05,-1.08330900384031e-05,-5.75756515766415e-06,8.13906158747508e-06,2.87570220810463e-05,-3.78482366261658e-05,3.00593194172197e-05,-7.25801524900363e-05
2017/02/08,0.000217604693130192,-1.7519112880819e-06,-3.21520212487702e-05,7.99912326965384e-05,1.65836548115134e-06,-3.60355723982939e-05,5.52769237032295e-05,-2.0501346034057e-05,-8.10753269933385e-06,6.77204743823511e-06,3.6201711724881e-05,3.97371081956509e-06,3.39241820723066e-05,-0.000217029483397562
2017/02/09,0.00021414743225717,4.58444785419478e-06,-3.85931914880908e-05,7.54577061815159e-05,-2.70979076685086e-05,-4.92952542119812e-05,2.40146847952767e-05,-1.10133458890472e-05,-1.73325342928935e-06,-3.74468949144018e-06,-2.62863477122835e-05,3.46732493922153e-05,-4.91922819811527e-05,1.13497513914204e-05
2017/02/12,0.000210876721964876,1.05844274566943e-05,-4.395237610191e-05,6.44358273652177e-05,-4.7848260307371e-05,-3.27417363860928e-05,-2.52617792689313e-05,8.4048701606429e-06,6.46992427221073e-06,-9.51465956748738e-06,-3.68161070905881e-05,-9.19954809928251e-06,-4.84869765408151e-06,0.000157256393256103
2017/02/13,0.000207796461585006,1.62035638764781e-05,-4.80823529063565e-05,4.80191763371535e-05,-5.5612782124184e-05,2.42027385269169e-06,-5.38344974574417e-05,1.95855474708022e-05,7.67948495362168e-06,-2.6790062060186e-06,2.37603003881247e-05,-3.07064877058274e-05,5.11369286296734e-05,-4.43266106937231e-05
2017/02/14,0.000204910101879636,2.14026852815897e-05,-5.08606506157309e-05,2.77618386726628e-05,-4.89500833969547e-05,3.4645516836716e-05,-3.98341088496586e-05,1.24817592597247e-05,6.02525452624176e-07,7.88027887819217e-06,3.72307328435931e-05,1.33539207875779e-05,-2.48217483136642e-05,-1.81217687163084e-05
2017/02/15,0.000202220642747437,2.61479893077534e-05,-5.21921715831579e-05,5.53339104867995e-06,-3.01554177999698e-05,4.51965436283453e-05,4.98891535505096e-06,-5.81712410192519e-06,-7.13728467483938e-06,8.12390453331012e-06,-2.11954389772998e-05,2.61991302281754e-05,-3.58786939504966e-05,7.71161423893633e-06
2017/02/16,0.00019973063232285,3.04110747492617e-05,-5.2012160870016e-05,-1.66527223926763e-05,-4.49326149073662e-06,2.8871003440296e-05,4.5005962269641e-05,-1.81944322312221e-05,-7.17712718480219e-06,-2.43992289088105e-06,-3.7440555181699e-05,-1.63726223537413e-05,4.51214035658953e-05,-7.94092717521698e-05
2017/02/19,0.000197442167470282,3.4168932546732e-05,-5.0289443399655e-05,-3.68217177683744e-05,2.128454049093e-05,-3.70624676178977e-06,4.89713333042483e-05,-1.35829031781351e-05,5.71382439678541e-07,-9.90227286738573e-06,1.86091395095165e-05,-2.14082778996952e-05,9.17001000917702e-06,-0.000135206643895529
2017/02/20,0.000195356895683084,3.74039011867493e-05,-4.70297534387596e-05,-5.32143301527162e-05,4.0716102925579e-05,-3.29957241514683e-05,1.44304709930958e-05,3.15430698151628e-06,7.76057988684554e-06,-4.32067138589924e-06,3.74416422453835e-05,1.82462786076999e-05,-4.96152368372067e-05,-1.92624625439032e-05
2017/02/21,0.000193476018546458,4.01035914899789e-05,-4.22788935359102e-05,-6.44420678622229e-05,4.92344185642151e-05,-4.21640645753429e-05,-3.07995688428289e-05,1.63454917482655e-05,6.56422885486241e-06,7.02066962989585e-06,-1.60195384062366e-05,1.65858672994449e-05,1.96368480012368e-05,-8.34800091181637e-06
2017/02/22,0.00019180029682319,4.22607851526968e-05,-3.61253929738825e-05,-6.96070094726974e-05,4.52061594734956e-05,-2.65751334735084e-05,-5.09427990354986e-05,1.42505890383104e-05,-1.81425945824464e-06,9.1613940450228e-06,-3.72312299680971e-05,-1.90183214034834e-05,3.7401138397715e-05,1.98517828549815e-05
2017/02/23,0.000190330056975596,4.3873310502654e-05,-2.87022956933268e-05,-6.83756240241868e-05,3.01797849337129e-05,4.05915101647735e-06,-3.05386217722971e-05,-5.0796532091641e-07,-8.31904423565534e-06,-7.55917560828851e-07,1.34455140865645e-05,-1.19680562768659e-05,-4.08623570970158e-05,9.55506446608824e-06
2017/02/26,0.00018906519901969,4.4943898383016e-05,-2.01876983448002e-05,-6.10003681153896e-05,8.33196047496738e-06,3.17011835678099e-05,1.36497383199121e-05,-1.40736948568838e-05,-5.79772817472544e-06,-9.68899977061412e-06,3.68078249473008e-05,1.8780964848392e-05,-1.31772157828051e-05,-0.00013595506451587
2017/02/27,0.000188005205727558,4.54800205580879e-05,-1.08036834505626e-05,-4.8287630603446e-05,-1.46984588811252e-05,4.04691164319896e-05,4.62989130256509e-05,-1.44309440871366e-05,3.13547653769183e-06,-5.90443585633953e-06,-1.09066927106815e-05,7.76543643372217e-06,4.77345194967092e-05,-0.000135800842622118
2017/02/28,0.000187149153187761,4.54937123256443e-05,-8.13351161640936e-07,-3.15155121882898e-05,-3.32621411586047e-05,2.55920035707742e-05,4.17017452074941e-05,-2.02629370525594e-06,8.77259943110807e-06,5.5905910078409e-06,-3.61714098841597e-05,-1.76693211505005e-05,-1.45555407461486e-05,-5.25662347360221e-05
2017/03/01,0.00018649572265233,4.50013802039041e-05,9.48425632850633e-06,-1.23094925617761e-05,-4.30642970284324e-05,-4.08083090962466e-06,4.02581483759969e-06,1.14310617184937e-05,4.83617003067428e-06,9.71718837401505e-06,8.42339033063335e-06,-4.15443428221211e-06,-3.85137814256633e-05,-3.55914826844777e-06
2017/03/02,0.000186043213487272,4.402359474825e-05,1.9761425688061e-05,7.51216466905772e-06,-4.21200151760414e-05,-3.12687206246308e-05,-3.63248738958111e-05,1.40849439786155e-05,-4.52385656546121e-06,1.15419849976543e-06,3.53237252195228e-05,1.58538302711911e-05,3.64706410105031e-05,-0.000135322271310294
2017/03/05,0.000185789557063326,4.25848679881145e-05,2.96711887326622e-05,2.61087349685182e-05,-3.11004778846332e-05,-4.01614004238129e-05,-4.71573740309669e-05,4.35202781744883e-06,-9.06687273856053e-06,-8.81549485168926e-06,-6.0164443943329e-06,1.27021535382991e-06,1.6857791938488e-05,-2.79153195383923e-05
2017/03/06,0.00018573233144167,4.0713414525253e-05,3.88586853399991e-05,4.17872207245892e-05,-1.30311828754669e-05,-2.54835103566334e-05,-2.01532442280203e-05,-8.48562249355946e-06,-3.64758932302723e-06,-7.22968805771336e-06,-3.42685567067834e-05,-1.35312475234718e-05,-4.55340633112733e-05,-8.94094715556235e-06
2017/03/07,0.000185868776814441,3.84408950945236e-05,4.69741249105079e-05,5.31566848481225e-05,7.54141339064822e-06,4.37778396804424e-06,2.26961491069735e-05,-1.3190393566828e-05,5.94642389957577e-06,3.67697335127111e-06,3.70695371785546e-06,7.98627646043783e-07,9.6113441732529e-06,-5.99707573544318e-05
2017/03/08,0.00018619581156737,3.58021410070421e-05,5.36868583354425e-05,5.92526079795851e-05,2.56846866737205e-05,3.20364567572017e-05,4.69007547363259e-05,-6.37507476244971e-06,9.13985952127176e-06,9.64951696351832e-06,3.30119776887998e-05,1.09144961295354e-05,3.92292086593377e-05,0.000382899698743299
2017/03/09,0.000186710048634863,3.28348574939214e-05,5.86999518963516e-05,5.9620043303844e-05,3.72358880948373e-05,4.10710679090148e-05,3.31754422671968e-05,5.31999234141853e-06,2.21590977028727e-06,3.09578194325839e-06,-1.51596599691138e-06,-2.01334845559991e-06,-3.19822150402318e-05,3.50854583774945e-06
2017/03/12,0.000187407811045076,2.95793031221039e-05,6.17645622621437e-05,5.43482639279505e-05,3.97173903073005e-05,2.5699034211066e-05,-7.17535081854429e-06,1.17435026998425e-05,-7.34986122068451e-06,-7.28122343031345e-06,-3.1562523822736e-05,-8.22174937186556e-06,-2.01993232911965e-05,-2.98268356201425e-05
2017/03/13,0.000188285145461236,2.60779429137045e-05,6.26933585748506e-05,4.40541788780639e-05,3.28236222983316e-05,-5.48275979434529e-06,-4.1482033700935e-05,8.00681474083287e-06,-8.92925369559682e-06,-8.09637495940656e-06,-5.358447307795e-07,2.38608183840785e-06,4.30367383102824e-05,0.000289444383865354
2017/03/14,0.00018933783428693,2.23750758522717e-05,6.13722306897089e-05,2.9816605843806e-05,1.84002367067449e-05,-3.41378626957128e-05,-4.20790369049925e-05,-2.02935170066187e-06,-5.45311783928828e-07,1.4288506430262e-06,2.99312736997249e-05,5.66513250864343e-06,-4.83081120194869e-06,5.5495134056389e-05
2017/03/15,0.000190561406737606,1.85164381975243e-05,5.77695572242087e-05,1.30680689197121e-05,-4.93927384777418e-08,-4.2840884067567e-05,-8.59320655083362e-06,-9.76020090998695e-06,8.66401098329326e-06,8.86538854433494e-06,2.42847645815744e-06,-1.9784663143406e-06,-3.95498607685491e-05,3.28406642849187e-05
2017/03/16,0.000191951148560574,1.45487840231525e-05,5.19423848387744e-05,-4.54529016976609e-06,-1.81986381942717e-05,-2.56511821669689e-05,3.17921769936139e-05,-9.16803629535587e-06,8.37924545957328e-06,4.84747972255051e-06,-2.81318178443338e-05,-3.43947937449247e-06,2.74236456666005e-05,-0.00013857042121965
2017/03/19,0.00019350211090929,1.05194462744507e-05,4.40389919429112e-05,-2.1322199025215e-05,-3.18798163244529e-05,7.79096873061213e-06,4.63205212348731e-05,-1.28159318707752e-06,-1.33758913371311e-06,-5.15635555853752e-06,-4.14285096281728e-06,8.97756059006868e-07,2.31855982066999e-05,-2.20289891660301e-05
2017/03/20,0.000195209119042683,6.47588264341805e-06,3.42974665327423e-05,-3.56680432994373e-05,-3.80022517246759e-05,3.74951939328461e-05,2.31751526735346e-05,7.27698921305343e-06,-9.80620721566714e-06,-8.33165163378014e-06,2.61802376616559e-05,1.71179532151042e-06,-4.02573355250424e-05,7.96365237715923e-06
2017/03/21,0.000197066781153835,2.4652106851623e-06,2.30401118814184e-05,-4.62446865222743e-05,-3.52175063151718e-05,4.49798710548031e-05,-1.8899867144765e-05,9.79332655004881e-06,-7.44604475615966e-06,-9.54893899099777e-07,5.66114791973626e-06,7.09574071729926e-07,2.40356347455731e-07,0.000208414618973281
2017/03/22,0.000199069497222313,-1.46626345199252e-06,1.0663698038343e-05,-5.20943130650068e-05,-2.42001374449904e-05,2.47900557689039e-05,-4.57148740260077e-05,4.50291740711737e-06,3.38299147348508e-06,7.33557351285448e-06,-2.4095057985696e-05,-6.12069168098838e-07,3.94725189474907e-05,7.16646277128456e-06
2017/03/23,0.000201211467711817,-5.27351796491375e-06,-2.37420761661394e-06,-5.27258560589355e-05,-7.49120818510858e-06,-1.15175711930112e-05,-3.53451026095957e-05,-4.35019623523517e-06,1.06859959667075e-05,6.18586391624457e-06,-6.96722890794912e-06,-2.66646692263368e-06,-2.2819804371322e-05,5.65618324705498e-05
2017/03/26,0.000203486702011881,-8.91328472130372e-06,-1.55723829775539e-05,-4.8156200274512e-05,1.10615573198428e-05,-4.18366935274097e-05,3.9733156844181e-06,-9.83423751604195e-06,6.10315155263794e-06,-2.5742970265043e-06,2.189711335787e-05,2.26004220538872e-07,-2.57960421366289e-05,0.000135431294032766
2017/03/27,0.000205889027051467,-1.23445086554354e-05,-2.84059174723979e-05,-3.89026888203596e-05,2.7152875234327e-05,-4.69253642163315e-05,4.03517603516921e-05,-7.52369874951819e-06,-5.5178011838507e-06,-7.80508465448989e-06,8.04711295225173e-06,4.77574996207738e-06,3.72075834550691e-05,-1.91770452545015e-05
2017/03/28,0.000208412096311341,-1.55287909397654e-05,-4.03481773844061e-05,-2.59280997074802e-05,3.69838054993157e-05,-2.26648001710217e-05,4.40465511382574e-05,1.05434174579794e-06,-1.12106741718977e-05,-3.24290123949734e-06,-1.96092797083068e-05,-5.90121913288524e-07,4.12989789324479e-06,2.96101526477064e-05
2017/03/29,0.000211049399134052,-1.84308099838692e-05,-5.08938061937597e-05,-1.05437496717744e-05,3.81367945732858e-05,1.66796179476815e-05,1.17216407884266e-05,9.26159996592364e-06,-4.3466867823502e-06,5.09534393529249e-06,-8.88939965303888e-06,-6.83186220565953e-06,-3.89883557241116e-05,1.25182738699009e-05
2017/03/30,0.000213794270414147,-2.10187141357649e-05,-5.95816992803182e-05,5.71970003159709e-06,3.01677000184283e-05,4.67331977222981e-05,-3.05790272196174e-05,1.02361514823033e-05,7.64671264351408e-06,6.89900733928503e-06,1.72560850513393e-05,1.68956014947615e-06,1.81971827939229e-05,-0.000104794127010611
2017/04/02,0.000216639900723334,-2.32644801361175e-05,-6.60168466650727e-05,2.12611832243484e-05,1.47706716336145e-05,4.81076136174413e-05,-4.83737235417463e-05,2.52009745317185e-06,1.12921105178352e-05,2.73028388507264e-07,9.48555031748176e-06,8.63320629416847e-06,2.80019057897331e-05,-0.000100965217616699
2017/04/03,0.000219579346946965,-2.51442316209436e-05,-6.98899472425362e-05,3.45635948342168e-05,-4.54341708472778e-06,1.89713829510342e-05,-2.67901541678389e-05,-8.06720059228273e-06,2.20037282001142e-06,-6.43891057583015e-06,-1.48633062791615e-05,-3.45878025758561e-06,-3.38963925419159e-05,8.01126428105951e-05
2017/04/04,0.000222605543544509,-2.66385123262324e-05,-7.09937650439866e-05,4.43388644291958e-05,-2.32087148721554e-05,-2.30974002198007e-05,1.70556870171799e-05,-1.25398232744373e-05,-9.65519879311922e-06,-5.17879280416212e-06,-9.83005005376764e-06,-9.99445887118581e-06,-8.24137909515902e-06,0.000103680000363122
2017/04/05,0.00022571131448705,-2.77325092580113e-05,-6.92353210175422e-05,4.96500118834904e-05,-3.66548206355916e-05,-5.1647239143614e-05,4.76209762359394e-05,-6.26982168872039e-06,-1.08547508683616e-05,2.25392468140917e-06,1.24576337334788e-05,5.78526236157159e-06,3.8080228057795e-05,-7.52038888288931e-05
2017/04/06,0.000228889385785514,-2.84162219029977e-05,-6.46431875677943e-05,4.99987451790246e-05,-4.1414177783887e-05,-4.80130400952102e-05,3.97034885496138e-05,6.26444721556413e-06,2.80727401518024e-07,6.80164487010065e-06,9.920528860114e-06,1.07581329281079e-05,-1.35873530585829e-05,0.000204396879618915
2017/04/09,0.000232132398596764,-2.86845741844697e-05,-5.7369369603648e-05,4.53705150703713e-05,-3.60221017536522e-05,-1.35867934080772e-05,-8.38824058765034e-07,1.43455461942075e-05,1.14148548222103e-05,3.13428694800481e-06,-1.00663925533518e-05,-8.51608554809997e-06,-2.97620505110884e-05,4.17358998959378e-06
2017/04/10,0.00023543292283305,-2.85374667256078e-05,-4.76855061510384e-05,3.62330403182353e-05,-2.1474216357592e-05,3.0413041788259e-05,-4.14120143156371e-05,1.00824961066465e-05,9.84422268002678e-06,-4.22821171126237e-06,-9.75790857746047e-06,-1.08047052259129e-05,3.03313550153275e-05,-4.94590496770345e-05
2017/04/11,0.00023878347100261,-2.79797680143668e-05,-3.59733991256371e-05,2.34887656269885e-05,-1.09710162391504e-06,5.59921007758349e-05,-4.8874176168492e-05,-3.88812567073129e-06,-3.00850858615186e-06,-6.49851307111603e-06,7.71723516215599e-06,1.14670764909896e-05,1.20424656376507e-05,-0.00010651052243582
2017/04/12,0.000242176512556674,-2.7021243222441e-05,-2.27101560588036e-05,8.38608687073886e-06,2.01753256449927e-05,4.62428781350961e-05,-1.65567548116038e-05,-1.55789146960713e-05,-1.27911017274404e-05,-9.96366983877735e-07,9.34653823995945e-06,1.00606287704385e-05,-3.67222809056564e-05,-4.2497151812005e-05
2017/04/16,0.000245604488954467,-2.56764204112993e-05,-8.44850941854551e-06,-7.60194388388745e-06,3.69755030843908e-05,6.58568560125926e-06,2.98802006674244e-05,-1.38407431473779e-05,-8.23574892499744e-06,5.76529287904664e-06,-5.43776421218231e-06,-1.44340326259343e-05,9.03165252782863e-06,-0.000136323661090193
2017/04/17,0.000249059829436102,-2.3964395140711e-05,6.20686871362135e-06,-2.2919699437925e-05,4.48539036459741e-05,-3.81284375608136e-05,5.28354632777852e-05,9.93418845050607e-07,5.86277360903475e-06,5.71501684899336e-06,-8.694249264938e-06,-8.50363882336291e-06,3.10204402092965e-05,-0.000121179294358108
2017/04/18,0.000252534967451535,-2.19085755801151e-05,2.06260161656717e-05,-3.60782212925255e-05,4.14693655736587e-05,-5.91978803670188e-05,3.31893220112225e-05,1.61829919938793e-05,1.36529126192843e-05,-1.26201815517592e-06,3.25509156150946e-06,1.72053588137186e-05,-2.65233428282221e-05,-3.03989879674223e-05
2017/04/19,0.000256022357714243,-1.95363712154986e-05,3.41820787344712e-05,-4.57974148860662e-05,2.72962842842854e-05,-4.25601593973408e-05,-1.38392412994432e-05,1.7425986967689e-05,6.04152424944158e-06,-6.96640107973495e-06,7.81230186600093e-06,6.16495781515418e-06,-1.54631818079889e-05,5.70692780547874e-05
2017/04/20,0.000259514493701552,-1.68788293944647e-05,4.62801221527646e-05,-5.11277438985975e-05,5.63236229315229e-06,1.76553766541022e-06,-5.0509213585184e-05,2.3455876165688e-06,-8.69518663236377e-06,-4.38653574534991e-06,-1.19539440377717e-06,-1.95753704942522e-05,3.48835660283166e-05,3.0402604696225e-05
2017/04/23,0.000263003925338921,-1.39702249342475e-05,5.63849690146107e-05,-5.15399962587134e-05,-1.81371394456596e-05,4.56596779523577e-05,-4.68545778159834e-05,-1.61206374489954e-05,-1.38840568683768e-05,3.75073173390408e-06,-6.7152595255861e-06,-3.12820001612904e-06,-4.58985971356708e-06,3.64156479874647e-05
2017/04/24,0.000266483276704759,-1.0847608642653e-05,6.40466873479323e-05,-4.69747864291905e-05,-3.78655963108911e-05,6.07749749911918e-05,-5.13129149590644e-06,-2.07226361055821e-05,-3.31615695176235e-06,7.70935171011811e-06,-7.16504716935241e-07,2.13574556969175e-05,-3.17068709810268e-05,-2.47392948169709e-05
2017/04/25,0.000269945263739816,-7.55032105402416e-06,6.89224440507028e-05,-3.78473190229089e-05,-4.82392647854284e-05,3.69165865889143e-05,4.15057168920096e-05,-6.03812043542583e-06,1.13365755293821e-05,2.26926224284296e-06,5.42083993640927e-06,-4.75021407918453e-07,2.24981052173592e-05,-9.94874749173053e-06
2017/04/26,0.000273382711930361,-4.11947824779693e-06,7.07935904149434e-05,-2.50071974637565e-05,-4.62248000343712e-05,-1.10372903295003e-05,5.53875332266421e-05,1.53763851334186e-05,1.33950504940811e-05,-6.41177485514465e-06,2.45756363108117e-06,-2.23962615172406e-05,1.84106585941014e-05,-0.000106790690976819
2017/04/27,0.000276788573787651,-5.97437244977136e-07,6.95770617427288e-05,-9.65731137007344e-06,-3.19711524452786e-05,-5.23999957075621e-05,2.47512468814823e-05,2.36224062423684e-05,1.59014363356278e-07,-7.59240052538841e-06,-3.94971350953152e-06,4.47259636259853e-06,-3.25404021470529e-05,-1.40774864303206e-05
2017/04/30,0.000280155945929974,2.972751204196e-06,6.53304393197253e-05,6.76032641843561e-06,-8.89403714539748e-06,-6.0366376832504e-05,-2.63713223230643e-05,9.97965723514441e-06,-1.3607571584936e-05,8.26477823509866e-07,-4.00691663990622e-06,2.25781294302366e-05,3.51435628867389e-07,-0.000168611938464281
2017/05/01,0.000283478085865258,6.54789482244329e-06,5.82503285855483e-05,2.27008583667053e-05,1.71189571298975e-05,-2.94575961905927e-05,-5.70590781277191e-05,-1.39573258866372e-05,-1.21345533027228e-05,8.83561784947804e-06,2.32525438166206e-06,-8.66211930536735e-06,3.17467630479074e-05,5.78809127641392e-05
2017/05/02,0.000286748428603162,1.00852093390273e-05,4.86640364696099e-05,3.66620318860099e-05,3.92057286294449e-05,2.06818370540268e-05,-4.22881779616485e-05,-2.60280288131988e-05,3.28738035619247e-06,6.08370751748871e-06,5.34622147774259e-06,-2.18390642151827e-05,-1.83137212568022e-05,-9.24658908587283e-06
2017/05/03,0.000289960603083527,1.35428574805444e-05,3.70148670563838e-05,4.73250994870098e-05,5.13502843135492e-05,5.77831400974299e-05,6.69546987139787e-06,-1.40550812231929e-05,1.53318814549475e-05,-4.75660007635502e-06,-5.73244029905229e-07,1.28232140223278e-05,-2.07731790677973e-05,-0.000109047312469867
2017/05/04,0.000293108447892297,1.68804690117364e-05,2.38416804540558e-05,5.36779689390138e-05,5.00405846076581e-05,5.77857293182857e-05,5.09839427760052e-05,1.18933601057455e-05,1.00988521562343e-05,-1.02655553905242e-05,-6.45992785144065e-06,2.01696711632902e-05,2.96979072884684e-05,0.000562577869529174
2017/05/07,0.000296186025940354,2.00596339491598e-05,9.75365947425646e-06,5.51091631794872e-05,3.53013591211329e-05,2.05093664421532e-05,5.49721904624661e-05,2.78567635174137e-05,-6.84317845352276e-06,-2.82638984569078e-06,-1.27843085601133e-06,-1.67312229161445e-05,3.56052167445833e-06,-6.57046168951226e-06
2017/05/08,0.000299187637223084,2.3044360948362e-05,-4.59851585077518e-06,5.1463972750813e-05,1.07938248326251e-05,-3.00881485399898e-05,1.49898582001411e-05,1.81422441986931e-05,-1.63510580073093e-05,8.87118601788841e-06,7.335488120457e-06,-1.76166537219612e-05,-3.10835945458004e-05,9.77439837377228e-06
2017/05/09,0.000302107828469763,2.58014934758538e-05,-1.85536865218867e-05,4.30577977340753e-05,-1.7078589479366e-05,-6.13424337227113e-05,-3.74335168197122e-05,-9.23707340866683e-06,-7.33828596669744e-06,9.8275637368549e-06,3.20008846035641e-06,2.017142561396e-05,1.40736707231907e-05,2.45537177049867e-05
2017/05/10,0.000304941400607366,2.83010802056392e-05,-3.14718914452496e-05,3.06457351540798e-05,-4.0845010211298e-05,-5.30397828315285e-05,-6.05069307272436e-05,-2.90440880875423e-05,1.03011064424446e-05,-2.03750970121147e-06,-7.96359670725213e-06,1.42806197561945e-05,2.2439596292814e-05,2.6045271252788e-05
2017/05/11,0.000307683415100282,3.05166974056752e-05,-4.27651161490154e-05,1.53515687164989e-05,-5.39838146043399e-05,-1.05485433614299e-05,-3.55375085584359e-05,-2.21162217782307e-05,1.65394783397837e-05,-1.20684070725225e-05,-5.16061182433894e-06,-2.29528267536428e-05,-2.64117231179381e-05,1.24266136576545e-05
2017/05/14,0.000310329199569201,3.24257210959888e-05,-5.19255597919816e-05,-1.43692914026996e-06,-5.27326749549983e-05,3.86444986164156e-05,1.79539129873602e-05,6.06272788866973e-06,3.95944917433447e-06,-6.91502177433994e-06,8.33854701908412e-06,-1.03101910148214e-05,-7.00148395858565e-06,6.17938042839425e-05
2017/05/15,0.000312874353059871,3.4009547347433e-05,-5.85499827763364e-05,-1.81964121020778e-05,-3.71838345623099e-05,6.27617318479254e-05,5.75656234519068e-05,2.95469964761889e-05,-1.34401167308976e-05,7.68836015008207e-06,7.12796869495656e-06,2.49205073498567e-05,2.97065165097358e-05,-0.000225154258716335
2017/05/16,0.000315314751024756,3.52537592666854e-05,-6.23588913144006e-05,-3.3408028364372e-05,-1.13412183963382e-05,4.63306413225455e-05,5.16976979041174e-05,2.58545424933855e-05,-1.58176850596649e-05,1.31008239532859e-05,-8.45855154949554e-06,5.89286532824332e-06,-9.92472601799923e-06,2.23370194092515e-05
2017/05/17,0.000317646549798219,3.61482394153713e-05,-6.3209576464802e-05,-4.56961325995433e-05,1.79026851469404e-05,1.52987201234436e-07,4.7721227385231e-06,-2.46317237081299e-06,-1.22015299702742e-07,1.57381045374654e-06,-9.06986156160378e-06,-2.59656211267005e-05,-2.33281978677065e-05,7.38851825368374e-05
2017/05/18,0.000319866190547883,3.66872272391656e-05,-6.11023386523114e-05,-5.39528998762987e-05,4.26110613335357e-05,-4.58039701356347e-05,-4.61483558936788e-05,-2.9345742913629e-05,1.60415578809124e-05,-1.27180136855524e-05,8.32590103366412e-06,-1.24331306504266e-06,2.27958956152597e-05,-1.91441994282724e-05
2017/05/21,0.000321970402581658,3.68693215882425e-05,-5.61795794122555e-05,-5.74375426657285e-05,5.59727752975803e-05,-6.19087137361054e-05,-6.07172579222201e-05,-2.92425116131406e-05,1.41624711678653e-05,-1.10467842846221e-05,1.0954385088476e-05,2.60323202230541e-05,9.83167386526745e-06,1.05210398219286e-05
2017/05/22,0.00032395620617157,3.66974293708598e-05,-4.87178108383568e-05,-5.58412994609139e-05,5.42001925387963e-05,-3.80313686326037e-05,-2.73185419711729e-05,-1.45457567023498e-06,-3.969180398098e-06,5.29503513230468e-06,-7.94700141911747e-06,-3.41010910228216e-06,-2.76662737983958e-05,-6.16317019223553e-05
2017/05/23,0.000325820915209754,3.61786621156454e-05,-3.91130013330197e-05,-4.93126142241963e-05,3.76203555696813e-05,1.00628960974454e-05,2.77007002520201e-05,2.84440407285751e-05,-1.79059174613228e-05,1.55063617737177e-05,-1.27506495800332e-05,-2.51211554987525e-05,6.03541736024719e-06,-0.000164746011009762
2017/05/24,0.000327562139754168,3.53241823374689e-05,-2.78600241096108e-05,-3.84406464443286e-05,1.06406199521462e-05,5.11416248652064e-05,6.089537247692e-05,3.21775622928745e-05,-1.16129908256718e-05,5.76675243765361e-06,7.33235622515208e-06,7.83974947286967e-06,2.34096273005048e-05,0.000597627674264647
2017/05/25,0.000329177788509063,3.41490019050913e-05,-1.55272819345933e-05,-2.41990872963329e-05,-1.94202303814198e-05,5.8842118823451e-05,4.60985398397935e-05,5.57373501255693e-06,8.07576399560117e-06,-1.2045166910369e-05,1.44293708950077e-05,2.32887218252747e-05,-1.90083085831284e-05,5.47880343000037e-05
2017/05/28,0.000330666070337101,3.26717338000061e-05,-2.72783228604666e-06,-7.85585320086258e-06,-4.43260181147009e-05,2.86378641085289e-05,-4.94633755853054e-06,-2.68685609662158e-05,1.88687535315003e-05,-1.47766667663766e-05,-6.49653188872347e-06,-1.1832980592191e-05,-1.19450185999125e-05,-0.000169790621803576
2017/05/29,0.000332025493295301,3.0914298602075e-05,9.91148518369052e-06,9.14274670747695e-06,-5.71963442642981e-05,-1.95162996096911e-05,-5.19685306410435e-05,-3.45730541192196e-05,8.27262538250564e-06,1.85653937876269e-06,-1.59634692447211e-05,-2.06435752190918e-05,2.50715575466422e-05,-3.40314729983886e-05
2017/05/30,0.000333254862031509,2.89015908253406e-05,2.17813253253068e-05,2.53025882391718e-05,-5.44265734048188e-05,-5.43932012563159e-05,-5.80220971174262e-05,-9.77246538396853e-06,-1.19402027936866e-05,1.67176742197836e-05,5.45802807296054e-06,1.52053786014649e-05,-2.56510462603148e-06,0.00012829219726671
2017/05/31,0.000334353274882038,2.66611115868156e-05,3.23199140508174e-05,3.92150998354909e-05,-3.67133555153263e-05,-5.3794035983148e-05,-1.85502088115613e-05,2.46674844321329e-05,-1.8814951923558e-05,1.01277682436567e-05,1.73286895659053e-05,1.73387424411252e-05,-2.27165564031835e-05,0.000106585023598795
2017/06/01,0.000335320120690863,2.42225727707312e-05,4.10403903623302e-05,4.96813880138234e-05,-8.88963097360319e-06,-1.87094176560522e-05,3.52286037395833e-05,3.63612618709804e-05,-4.3069869488281e-06,-1.00305092174476e-05,-4.23892078537948e-06,-1.78117729775667e-05,1.52245867264455e-05,2.730831438412e-05
2017/06/04,0.000336155074790093,2.16174772818815e-05,4.75540315882167e-05,5.58161041768063e-05,2.13951058445207e-05,2.77128728446167e-05,6.10888944922564e-05,1.39285630215174e-05,1.53019537329668e-05,-1.76724635197005e-05,-1.85041786600534e-05,-1.35614337107676e-05,1.32896900133405e-05,-0.000221585691895695
2017/06/05,0.000336858093743014,1.88786804386317e-05,5.15882065493143e-05,5.71220362147127e-05,4.57882712817784e-05,5.54686370815514e-05,3.90096612678691e-05,-2.19079830311893e-05,1.76912498119326e-05,-2.32324718155768e-06,2.86429850019855e-06,1.95545045898773e-05,-2.20729410025317e-05,-0.000136618468263601
2017/06/06,0.000337429408822339,1.60399383517029e-05,5.2998189211986e-05,5.3529191387191e-05,5.75541561565466e-05,4.71323296923827e-05,-1.33363497376099e-05,-3.74947917885208e-05,-6.13835214451971e-08,1.6525796280983e-05,1.94729663905098e-05,9.52074821670403e-06,-3.61362867450027e-07,0.000352776163404681
2017/06/07,0.000337869518427248,1.31354496802476e-05,5.17722966802107e-05,4.5395434573034e-05,5.34511320624637e-05,8.80944708773829e-06,-5.47869696820067e-05,-1.79234540126571e-05,-1.79155543425889e-05,1.41937382405004e-05,-1.36155026132633e-06,-2.03884598633471e-05,2.1338070584077e-05,-0.000121943099173594
2017/06/08,0.000338179178941908,1.01993964960023e-05,4.80301707476413e-05,3.3469247826052e-05,3.46379559081032e-05,-3.42843371207765e-05,-5.31259032182297e-05,1.86728757293412e-05,-1.55170890583575e-05,-6.80973972896768e-06,-2.02222979238963e-05,-5.43421141783182e-06,-1.16131235608627e-05,-7.52701236201256e-05
2017/06/11,0.000338359393541301,7.26549026017167e-06,4.20143857952818e-05,1.88185655382172e-05,6.35215991381609e-06,-5.44428732408605e-05,-1.01383364013066e-05,3.79465711331506e-05,4.56282568694964e-06,-1.93672411936981e-05,-2.40413869185196e-07,2.03226573581321e-05,-1.38702602119664e-05,-9.71799243100035e-05
2017/06/12,0.00033841139999977,4.3665310301424e-06,3.40759187159028e-05,2.73260917455745e-06,-2.35514865341617e-05,-3.93141037497143e-05,4.02096796102427e-05,2.16454928982386e-05,1.95712785047935e-05,-6.83019968055192e-06,2.07437914636657e-05,1.51402220490113e-06,1.88403244180711e-05,-9.14312580558569e-05
2017/06/13,0.000338336658248647,1.53398757028432e-06,2.46543326495329e-05,-1.33940742799795e-05,-4.67932536486651e-05,5.44009152398942e-07,5.86740049175383e-05,-1.50569496074568e-05,1.23921421129211e-05,1.48711431882147e-05,1.91197517870627e-06,-1.94182940438143e-05,2.66166261690987e-06,9.78996559447628e-05
2017/06/14,0.000338136837737842,-1.2023952348265e-06,1.42537905053165e-05,-2.81847653372368e-05,-5.69761312965533e-05,3.9007353927892e-05,3.13581994003821e-05,-3.77091660135492e-05,-8.89661528519127e-06,1.74978848765241e-05,-2.10333488302528e-05,2.04614396603266e-06,-1.94007704808254e-05,-6.60410179355542e-05
2017/06/15,0.00033781380444463,-3.81495607552393e-06,3.41621514896719e-06,-4.03998926068552e-05,-5.13612127345627e-05,5.15331631374923e-05,-1.9864248105647e-05,-2.49927378239718e-05,-2.01171065574632e-05,-2.67793793171412e-06,-3.62352037542706e-06,1.77834089513957e-05,8.32188632749804e-06,-0.000157416865798819
2017/06/18,0.000337369607534592,-6.27843878164658e-06,-7.3069585678675e-06,-4.90420716287667e-05,-3.16138232283192e-05,3.08384353179935e-05,-5.49134483877168e-05,1.11638516020297e-05,-8.49736011646264e-06,-1.9610342421391e-05,2.10909433260736e-05,-5.08284212271396e-06,1.37352979250131e-05,-5.89088504508173e-05
2017/06/19,0.000336806466324207,-8.57027038192143e-06,-1.7382944762854e-05,-5.34379051881277e-05,-3.31447232516261e-06,-8.91735000535192e-06,-4.69114889377851e-05,3.67947363155631e-05,1.27539104107856e-05,-1.1170885674198e-05,5.34602519935256e-06,-1.55645796052732e-05,-1.55467901883347e-05,0.0001089905488191
2017/06/20,0.000336126758014207,-1.06707913752025e-05,-2.63242177091477e-05,-5.32898478828619e-05,2.56226877787315e-05,-4.18071579417872e-05,-2.78711688923714e-06,2.78760705350976e-05,1.94788974447886e-05,1.18765724028453e-05,-2.09203730421753e-05,7.47228433597832e-06,-4.29297261328797e-06,0.000243229206942052
2017/06/21,0.000335333006033661,-1.25634357618918e-05,-3.37122218225931e-05,-4.86942433887706e-05,4.71740715623026e-05,-4.70640565615693e-05,4.27090842008574e-05,-7.10281701403968e-06,4.08717190630406e-06,1.96308776300768e-05,-7.05152343158554e-06,1.29362988633677e-05,1.7054677262204e-05,-1.36688894783232e-05
2017/06/22,0.000334427868450722,-1.4234859890465e-05,-3.92170100971264e-05,-4.0124727040541e-05,5.54450412905846e-05,-2.21968011781647e-05,5.44194931456357e-05,-3.52345865652114e-05,-1.58454352026392e-05,1.9251533383052e-06,2.05290162380299e-05,-9.13689089289e-06,-5.47253922974855e-06,-1.73007223664908e-05
2017/06/25,0.000333414126102816,-1.56750197930431e-05,-4.26118790957216e-05,-2.83832626346228e-05,4.82939274685715e-05,1.59903534981206e-05,2.39606424343279e-05,-3.0221887327766e-05,-1.7674763915561e-05,-1.83222941123605e-05,8.71353304479044e-06,-1.00887796654273e-05,-1.29703788639579e-05,-1.65023171401661e-05
2017/06/26,0.000332294670791129,-1.68771966012259e-05,-4.37823505507135e-05,-1.45238741556193e-05,2.78908267634649e-05,4.27453178152412e-05,-2.43501592873828e-05,2.98519351211275e-06,5.27730991256545e-07,-1.48370396013907e-05,-1.99275749009429e-05,1.00485795042833e-05,1.23584187177475e-05,2.0764570020401e-06
2017/06/27,0.000331072493891106,-1.78379704285689e-05,-4.27291613594157e-05,2.43598545136356e-07,6.41532147652331e-08,4.14236948579086e-05,-5.29420879077729e-05,3.30778067625296e-05,1.79303429788857e-05,7.85066144810127e-06,-1.03075006483992e-05,7.21503053545835e-06,5.25354076368562e-06,-7.06526026534205e-05
2017/06/28,0.00032975067547588,-1.8557144307154e-05,-3.9565247650389e-05,1.46608315985398e-05,-2.7369215562918e-05,1.38303969299724e-05,-4.02332309607535e-05,3.19738685973244e-05,1.48205879922024e-05,2.0313592569482e-05,1.91297333921868e-05,-1.02286501454731e-05,-1.44641907638749e-05,-8.24000071650254e-05
2017/06/29,0.000328332373938665,-1.90376207768117e-05,-3.45070263463659e-05,2.75298131091771e-05,-4.68100583275432e-05,-2.15673643579687e-05,3.10820425787803e-06,1.07875238175059e-06,-5.00567024748339e-06,6.47395572776305e-06,1.18112260481956e-05,-4.49811305899094e-06,3.15266133156349e-06,-8.91481336798287e-05
2017/07/02,0.000326820816226436,-1.92852343813546e-05,-2.78605720626166e-05,3.78136095602449e-05,-5.2993407803729e-05,-4.19933156027676e-05,4.31074107140607e-05,-3.03895274370812e-05,-1.88422458550707e-05,-1.56224639400586e-05,-1.81516895401674e-05,9.74438180842838e-06,1.16933897052662e-05,-5.83401513915909e-05
2017/07/03,0.000325219288886749,-1.93085439729808e-05,-2.00035430583532e-05,4.47205670371992e-05,-4.44226724572381e-05,-3.5021042519367e-05,4.91410877304334e-05,-3.30941312029909e-05,-1.11251236623667e-05,-1.73892659654681e-05,-1.32051739763253e-05,2.09947062779718e-06,-9.42365516547402e-06,-0.000138087262301615
2017/07/04,0.000323531130088587,-1.91185895021419e-05,-1.13639140940958e-05,4.77650926048098e-05,-2.37282769212521e-05,-6.10241629604742e-06,1.73745638692553e-05,-4.98267915923882e-06,9.00454473918478e-06,3.24926229820799e-06,1.70116384624833e-05,-8.70265368943866e-06,-5.58344938564157e-06,0.000145939746985328
2017/07/05,0.000321759722734076,-1.87286187197907e-05,-2.39671614865209e-06,4.6800399430062e-05,3.13387971919597e-06,2.55717087406283e-05,-2.69486304389873e-05,2.72490663062027e-05,1.85089835232945e-05,1.94508745134125e-05,1.44726564198669e-05,-1.49114914173497e-07,1.17976087565937e-05,4.97091800782714e-05
2017/07/06,0.000319908488389093,-1.81537903097987e-05,6.43994267116589e-06,4.2021181883018e-05,2.86009882130371e-05,3.98003697375376e-05,-4.95829642617817e-05,3.35641273986655e-05,6.87495136751291e-06,1.04359299208835e-05,-1.57293124373093e-05,7.24108449022593e-06,-1.40952556847115e-06,0.000132952528506222
2017/07/09,0.000317980881124133,-1.74108611095275e-05,1.47082969616838e-05,3.39368751694607e-05,4.564148948357e-05,2.82517025234759e-05,-3.37442899873142e-05,8.62711313159815e-06,-1.22140950468886e-05,-1.18217534441285e-05,-1.5599962243475e-05,-1.2617154013455e-06,-1.00470322372322e-05,-2.59566489240105e-05
2017/07/10,0.000315980380767447,-1.65178645773758e-05,2.20125744187777e-05,2.3318708459152e-05,4.97056274082879e-05,-7.14616701679144e-07,7.48906507142558e-06,-2.374758346804e-05,-1.6963517980054e-05,-1.85277634798872e-05,1.43255660843367e-05,-5.51738639449813e-06,6.86300144642763e-06,0.00013573380894568
2017/07/11,0.000313910485605252,-1.54937867084127e-05,2.80177990617087e-05,1.11259562444021e-05,3.99446603115094e-05,-2.80303284820777e-05,4.19589078175669e-05,-3.33852166989259e-05,-2.41061681983708e-06,-1.38450688248819e-06,1.65764596431175e-05,2.08499272366764e-06,5.36226575641145e-06,0.000125951928428106
2017/07/12,0.000311774704796252,-1.43582449153698e-05,3.2464856080238e-05,-1.58155540091079e-06,1.93708026950081e-05,-3.64629138041816e-05,4.3515503773995e-05,-1.19227816062979e-05,1.43861994131635e-05,1.71558662369161e-05,-1.28219711048333e-05,3.69774805026048e-06,-9.21531163498723e-06,-6.45359025792524e-05
2017/07/13,0.000309576550323511,-1.31311754692932e-05,3.51811548514199e-05,-1.37366529750035e-05,-6.06569930112148e-06,-2.14738126062052e-05,1.18352884116127e-05,1.99846827555511e-05,1.43442439929411e-05,1.33500078344039e-05,-1.73946650771716e-05,-2.31723167950798e-06,2.46494595960171e-07,1.47928143429032e-05
2017/07/16,0.000307319528522926,-1.1832534270519e-05,3.60864836109285e-05,-2.43554546165695e-05,-2.92008866122281e-05,6.44108309139555e-06,-2.80309293138853e-05,3.25781531823596e-05,-1.90366785204778e-06,-7.38732308104914e-06,1.12404092941521e-05,-1.94507125574768e-06,8.18846856145708e-06,-9.82202592611726e-05
2017/07/17,0.00030500713164249,-1.04820145950951e-05,3.51939190844605e-05,-3.26176667340796e-05,-4.36818725243101e-05,2.90539601900035e-05,-4.54684247622093e-05,1.47935235012025e-05,-1.53595366986991e-05,-1.8146445073373e-05,1.80502529791279e-05,1.99773352765321e-06,-4.76001848079301e-06,-6.52054205637826e-06
2017/07/18,0.000302642829687597,-9.09878511746096e-06,3.26059202739946e-05,-3.79299355760993e-05,-4.57176637284024e-05,3.22966454392485e-05,-2.78016449110808e-05,-1.60645098759554e-05,-1.08843915911067e-05,-5.49975497390973e-06,-9.60262340390369e-06,4.07918281474605e-07,-4.70294272499242e-06,4.80749382205971e-05
2017/07/19,0.000300230062845258,-7.70125095449624e-06,2.85059848145932e-05,-3.99673756365529e-05,-3.50716978299731e-05,1.49904285227347e-05,1.05444896036307e-05,-3.1181445520524e-05,5.71332309889238e-06,1.37443702662805e-05,-1.85419228145247e-05,-1.20396171980031e-06,6.85731739436907e-06,-1.85753220698877e-05
2017/07/20,0.000297772234569773,-6.30684025154658e-06,2.3146465593395e-05,-3.86904980356062e-05,-1.50363735881992e-05,-1.09863009318639e-05,3.97998648704832e-05,-1.71780960887228e-05,1.5076005309662e-05,1.49060407220216e-05,7.92981179635812e-06,7.89112928409869e-07,3.7708309054551e-07,-5.39965099847096e-05
2017/07/23,0.000295272705283392,-4.93181851175993e-06,1.6833324414473e-05,-3.43370352819838e-05,8.5776860380089e-06,-2.88144052297738e-05,3.79589579999494e-05,1.20923880906473e-05,6.89219925848635e-06,-2.87318614519962e-06,1.8871183755259e-05,4.45154966416141e-08,-6.27646054411248e-06,7.11139453759719e-05
2017/07/24,0.000292734786690678,-3.59113231625252e-06,9.90873023834823e-06,-2.73903902927109e-05,2.91288681164889e-05,-2.7609855256704e-05,7.31022912554621e-06,2.92496680203119e-05,-8.70584203759361e-06,-1.63601500161864e-05,-6.24228116573421e-06,-1.55299633531317e-06,3.15461757782288e-06,-1.82492523487016e-05
2017/07/25,0.000290161736525199,-2.29828376908239e-06,2.73248614861346e-06,-1.85284259816113e-05,4.10175402822455e-05,-9.03613531433273e-06,-2.80099834946042e-05,1.90318095719096e-05,-1.35873658242922e-05,-8.6314057101509e-06,-1.90420848113735e-05,1.3497389929867e-06,3.74180300442739e-06,6.76715703800657e-05
2017/07/26,0.000287556753515182,-1.06523645034097e-06,-4.336709173388e-06,-8.55788546879331e-06,4.12150602096444e-05,1.43401643954342e-05,-4.10184547904498e-05,-8.17133393561241e-06,-2.72397885338543e-06,9.68771309708023e-06,4.55914862639157e-06,1.82743993065316e-06,-4.8311200573657e-06,-1.9405610450504e-06
2017/07/27,0.00028492297266303,9.76473361318056e-08,-1.09591912784667e-05,1.65923302290725e-06,3.00304512155763e-05,2.75205061742471e-05,-2.24899864501406e-05,-2.6851347568164e-05,1.063941897656e-05,1.50024334663915e-05,1.90608986018339e-05,-2.8357183446739e-06,-5.41592482595067e-07,-0.000197998725332637
2017/07/30,0.000282263460851874,1.18163874409791e-06,-1.68305590996769e-05,1.12805969111322e-05,1.09223925777538e-05,2.26807689334004e-05,1.25584652658238e-05,-2.03277162874627e-05,1.10517552999437e-05,1.17381928732374e-06,-2.89808041257281e-06,-1.5953242969293e-06,4.45651632820137e-06,-7.30157341029088e-05
2017/07/31,0.000279581212949645,2.17964545094337e-06,-2.16954372670267e-05,1.9553202165331e-05,-1.05621681245553e-05,3.77218111213591e-06,3.70121284469509e-05,4.39862402788917e-06,-1.2473607573696e-06,-1.34873200821721e-05,-1.89357481663056e-05,4.26863674941876e-06,-2.03982163017062e-06,0.000116431225125286
2017/08/01,0.000276879148686883,3.08618761988557e-06,-2.53581672524972e-05,2.587199771853e-05,-2.83988061630098e-05,-1.65564951323236e-05,3.26311299421352e-05,2.40662618065116e-05,-1.13652734231354e-05,-1.0480663102547e-05,1.27510373102158e-06,8.78356166611225e-07,-2.62521666993633e-06,-1.93745639281289e-05
2017/08/02,0.000274160110034003,3.89734843619042e-06,-2.7690011408717e-05,2.98229445595595e-05,-3.77777062604954e-05,-2.53923521128962e-05,3.63498613004525e-06,2.10569554040855e-05,-7.72049173607505e-06,5.53081404488944e-06,1.86762445440784e-05,-5.51219818110181e-06,3.20162129833128e-06,3.43277352481028e-05
2017/08/03,0.000271426858740063,4.61070116188665e-06,-2.8632654959401e-05,3.1207585279279e-05,-3.64009674182469e-05,-1.77420512041104e-05,-2.7201109772478e-05,-8.6264668585666e-07,4.6655261349691e-06,1.376052478419e-05,2.95516109375045e-07,2.65931068551786e-07,3.59418561203509e-07,8.60993682005749e-05
2017/08/06,0.000268682074155623,5.22521558113595e-06,-2.81979927132501e-05,3.00479872073032e-05,-2.50352375117018e-05,7.07263616398441e-07,-3.6426788912831e-05,-2.09820973184304e-05,1.0841776723903e-05,4.30694755324883e-06,-1.82931818882834e-05,6.447743380679e-06,-2.84720489327948e-06,0.000127665495019484
2017/08/07,0.000265928351354416,5.74114689007925e-06,-2.64643810417238e-05,2.65727163583118e-05,-7.19029148697923e-06,1.77305443971831e-05,-1.77441314653257e-05,-2.12280422896424e-05,3.91644912878066e-06,-9.9901835494691e-06,-1.80134892368e-06,-1.74949604891279e-06,1.36203356207671e-06,3.85396331148854e-05
2017/08/08,0.000263168199460743,6.15991017783469e-06,-2.35697111616526e-05,2.11861348428084e-05,1.19562521004669e-05,2.26403615189607e-05,1.37649694433589e-05,-2.35958298826225e-06,-7.22283820985343e-06,-1.09597798284254e-05,1.77983085906818e-05,-6.98177380423855e-06,1.49619472576501e-06,-0.000115968644868187
2017/08/09,0.000260404040159576,6.48394390925858e-06,-1.97018083067681e-05,1.44246507127772e-05,2.70605676080819e-05,1.29771552601974e-05,3.37871991719756e-05,1.76910867439354e-05,-9.13912889541023e-06,1.79766497798508e-06,3.23186935743505e-06,3.46095041583118e-06,-1.98431931699803e-06,-7.59587179787683e-06
2017/08/10,0.000257638206542688,6.71656614036261e-06,-1.50867763424495e-05,6.90448187604846e-06,3.4105101442744e-05,-4.36000273551498e-06,2.7537529011574e-05,2.08657218330424e-05,-5.72174940302006e-09,1.14951996161116e-05,-1.72041185348743e-05,7.05145652056489e-06,3.51930861718022e-08,-0.000100642836707066
2017/08/13,0.000254872942369976,6.86182710030876e-06,-9.9759845852887e-06,-7.34036561804874e-07,3.14647299332646e-05,-1.79778567698382e-05,6.57434676806696e-07,5.20442687017281e-06,8.68827663112936e-06,6.25030215259134e-06,-4.57853682815536e-06,-5.27398408612604e-06,1.52767565442273e-06,-5.01742165574587e-05
2017/08/14,0.000252110401577963,6.92436139028095e-06,-4.63243034517691e-06,-7.88058416771086e-06,2.02644847175919e-05,-1.94540032396549e-05,-2.57662097731662e-05,-1.42868303026969e-05,6.43390509807611e-06,-6.39111811623703e-06,1.65235938070072e-05,-6.62785358240993e-06,-1.02569036708547e-06,-3.93880266967808e-05
2017/08/15,0.00024935264813293,6.90924323694767e-06,6.82793911309508e-07,-1.40028712302006e-05,3.95616004086184e-06,-8.52578930525003e-06,-3.17376639966109e-05,-2.00095164533242e-05,-3.6350074833554e-06,-1.01973817981087e-05,5.83482212657557e-06,7.05640339337391e-06,-4.78171830289707e-07,3.53433312551413e-05
2017/08/16,0.000246601656383344,6.8218481030315e-06,5.7232419552642e-06,-1.86848301514328e-05,-1.27369420777068e-05,7.17949785195254e-06,-1.34814022596283e-05,-7.62320037605538e-06,-8.9286906998039e-06,-1.09523028609613e-06,-1.57699070857871e-05,5.71676596569894e-06,1.14249980731656e-06,-1.90433071300973e-05
2017/08/17,0.000243859311971148,6.66772352609249e-06,1.02684522005344e-05,-2.16524013111362e-05,-2.51865093964928e-05,1.74196284424354e-05,1.4281333193146e-05,1.08609731460117e-05,-2.99368123758307e-06,8.65321079877136e-06,-6.9961336807674e-06,-8.67912681812888e-06,-5.02972126901613e-07,2.29801912928702e-05
2017/08/20,0.000241127413272225,6.45247155716583e-06,1.41333751138274e-05,-2.27856172633685e-05,-3.01419339482603e-05,1.59981495985693e-05,3.01788933828991e-05,1.871145325555e-05,6.65228993943484e-06,6.93686300152933e-06,1.49561308262761e-05,-4.35725284470781e-06,-5.26355473768882e-07,-3.64778804173713e-05
2017/08/21,0.000238407673297296,6.18164469107142e-06,1.71755071350195e-05,-2.21169983180991e-05,-2.65739273803758e-05,4.49167205858841e-06,2.26443801898336e-05,9.58289431796301e-06,7.92111320572704e-06,-3.18166832879691e-06,8.05966150094082e-06,1.0024560194445e-05,9.06434884702112e-07,0.000146527052551685
2017/08/22,0.000235701721857119,5.86065659225671e-06,1.92994882766727e-05,-1.98174810210696e-05,-1.58617674523072e-05,-9.18271235520904e-06,-1.69258860425269e-06,-7.50018998634699e-06,-8.46703520794097e-07,-8.50622321537006e-06,-1.40950010556835e-05,2.61803676825286e-06,-3.43572219323302e-07,-5.89556640639446e-05
2017/08/23,0.00023301110773772,5.49470845598043e-06,2.04590662671673e-05,-1.61721026259659e-05,-1.30034239739521e-06,-1.61746920759132e-05,-2.37469434031369e-05,-1.70334821157865e-05,-8.74769200346848e-06,-2.90575986767359e-06,-9.02419742587791e-06,-1.09938625949953e-05,-5.92856598518311e-07,5.5434048647863e-05
2017/08/24,0.000230337300781641,5.08873170827989e-06,2.06564737219141e-05,-1.15483816473987e-05,1.29048801748701e-05,-1.24138993245801e-05,-2.69433674223724e-05,-1.10661965789795e-05,-5.75507036255224e-06,5.72912497716179e-06,1.31987474647926e-05,-5.92150819387562e-07,9.2209941222165e-07,-3.84632920856106e-05
2017/08/27,0.000227681694277454,4.64734802240511e-06,1.99393986925885e-05,-6.36072218197e-06,2.2850465269291e-05,-9.5090575371327e-07,-9.67213767011209e-06,4.28382756845029e-06,4.71505953839087e-06,6.5116987857156e-06,9.88999259372704e-06,1.15126985741323e-05,-1.83016500054389e-07,-1.38714012163052e-05
2017/08/28,0.000225045607744558,4.17484682409875e-06,1.83958445430526e-05,-1.03421939798071e-06,2.60060691312872e-05,1.04001657119797e-05,1.41240565795276e-05,1.50449764738257e-05,9.70460191228324e-06,-7.35004161990581e-07,-1.22789467983877e-05,-1.60970443792837e-06,-8.73194737776243e-07,4.07759006134505e-05
2017/08/29,0.000222430289968932,3.67517969203196e-06,1.61472688981801e-05,4.02902408743452e-06,2.18505504057874e-05,1.43548668085119e-05,2.61847037027493e-05,1.20709791574036e-05,2.62458747955992e-06,-6.3184298055813e-06,-1.0658645497656e-05,-1.15351629630091e-05,9.35489690166023e-07,-2.64997016245105e-05
2017/08/30,0.00021983692199561,3.15197046047392e-06,1.3340459827792e-05,8.47849457050813e-06,1.1915690147354e-05,8.8224752120124e-06,1.79506912468747e-05,-1.282042428473e-06,-8.23515263847193e-06,-3.60370776743598e-06,1.13463710112075e-05,3.86658774403285e-06,2.22853417352876e-07,5.77553872011629e-05
2017/08/31,0.000217266619868344,2.6085396312339e-06,1.0138648140687e-05,1.20369242177567e-05,-7.4581275716121e-07,-2.0384128415473e-06,-3.40065152390332e-06,-1.28201544433136e-05,-9.4073996819296e-06,3.16981245082859e-06,1.13330099485102e-05,1.10457493809031e-05,-1.20953201809147e-06,-1.87534037231668e-06
2017/09/03,0.000214720437138935,2.04794176806368e-06,6.71236647945275e-06,1.45139817536921e-05,-1.24901662758667e-05,-1.08678450084737e-05,-2.11284320678865e-05,-1.26093818843053e-05,1.18939292491059e-06,5.29248215383781e-06,-1.04108258334157e-05,-6.05502304998496e-06,6.72374677716165e-07,-7.12203027766748e-05
2017/09/04,0.000212199367139363,1.47301434743712e-06,3.23054907108253e-06,1.5811802152848e-05,-2.01289495105967e-05,-1.20648108080656e-05,-2.20570165332278e-05,-1.44587165904326e-06,1.10601197418197e-05,7.59060770976873e-07,-1.19170767056296e-05,-1.00593427397891e-05,8.13604856535573e-07,4.64085498762899e-05
2017/09/05,0.000209704345311308,8.86436735939278e-07,-1.47676015225093e-07,1.59229144724645e-05,-2.17922785305433e-05,-5.33342707921415e-06,-6.36192881422142e-06,1.04353306100174e-05,7.85122427191375e-06,-4.09092644011201e-06,9.48101667532714e-06,8.05650864210456e-06,-1.31692052592021e-06,-2.28816193138385e-05
2017/09/06,0.000207236251885587,2.90797738596515e-07,-3.28011493999815e-06,1.49217306047389e-05,-1.73757837996314e-05,4.42614956095811e-06,1.32513541264067e-05,1.27065179467474e-05,-5.34424297829353e-06,-3.35845220573195e-06,1.24158243691545e-05,8.61936429270806e-06,8.42229710717632e-08,-3.88946195723135e-05
2017/09/07,0.000204795914787647,-3.11330600919195e-07,-6.04725239088015e-06,1.2951163535327e-05,-8.46814563001092e-06,1.06238280985256e-05,2.18150566197592e-05,3.85281765597043e-06,-1.29027693881717e-05,1.28776986984877e-06,-8.56441837906574e-06,-9.76433756670393e-06,1.33195156663575e-06,2.98237518220379e-05
2017/09/10,0.000202384112673064,-9.17315445468793e-07,-8.35640250602751e-06,1.02061346461161e-05,2.19180805457625e-06,9.40844380060572e-06,1.35279791800056e-05,-7.96604126564732e-06,-5.14163850101524e-06,3.68493180515223e-06,-1.28349860141897e-05,-6.79429317390844e-06,-1.03868270706535e-06,3.95469494538026e-05
2017/09/11,0.000200001578037935,-1.5243844229016e-06,-1.01441573578784e-05,6.91571397391321e-06,1.15490448704638e-05,2.05534872672256e-06,-4.38721443380211e-06,-1.23983117015034e-05,9.4660975027703e-06,1.31161563055975e-06,7.66722080637806e-06,1.10893642172422e-05,-6.52779229027561e-07,-5.62113662087239e-06
2017/09/12,0.000197649000301446,-2.12954836758479e-06,-1.13771243674394e-05,3.32544644528245e-06,1.71054328050301e-05,-6.16463572071953e-06,-1.79000026233285e-05,-5.90404841299298e-06,1.35601958195667e-05,-2.20736564078564e-06,1.31807804351293e-05,4.67290022085262e-06,1.5471326197365e-06,1.36498364858067e-05
2017/09/13,0.000195327028838451,-2.72952808823742e-06,-1.20510380565105e-05,-3.18901344508927e-07,1.75832164529973e-05,-9.71267890237518e-06,-1.7165003452474e-05,5.48485244872422e-06,1.48447378712803e-06,-2.47723621176524e-06,-6.79438066414059e-06,-1.19644605167159e-05,-4.25968100160395e-07,-2.57283761904121e-05
2017/09/14,0.000193036275999156,-3.32068754420337e-06,-1.21884146340264e-05,-3.78532971208166e-06,1.32038362360193e-05,-6.49848286289796e-06,-3.67384767197546e-06,1.17292589586316e-05,-1.31826399882593e-05,2.16186851903803e-07,-1.34596835666393e-05,-2.35856305850435e-06,-1.30252076210084e-06,-8.68338824502237e-06
2017/09/17,0.000190777320199901,-3.89897563089095e-06,-1.18349865200485e-05,-6.86689057493606e-06,5.52658517232885e-06,8.99137275675902e-07,1.16126010799951e-05,7.57685569791085e-06,-1.29304672632991e-05,2.08962439411638e-06,5.94973807051242e-06,1.2347505651622e-05,1.38060705435906e-06,-1.95065460724701e-06
2017/09/18,0.000188550709249055,-4.45987854973494e-06,-1.10552053598583e-05,-9.39019405036069e-06,-3.07984359381628e-06,7.21349281656104e-06,1.71537678625872e-05,-3.05965295860158e-06,2.83309782827768e-06,1.10471243210533e-06,1.3678291042907e-05,-3.69370407958808e-08,3.59489696978395e-07,1.57211506246955e-05
2017/09/19,0.000186356963881754,-4.99838483573525e-06,-9.92713479617747e-06,-1.12213430309627e-05,-1.01596221444414e-05,8.19574974851014e-06,9.54092963498472e-06,-1.07504855197646e-05,1.61551177737612e-05,-9.14893132983161e-07,-5.13609789954563e-06,-1.22228146678456e-05,-1.70618966289724e-06,6.46752046513433e-05
2017/09/20,0.0001841965813383,-5.50896510549721e-06,-8.53706637503416e-06,-1.22696668679778e-05,-1.38678300871558e-05,3.46234811919207e-06,-4.54550734530411e-06,-8.8602032059813e-06,1.10200244421675e-05,-1.32996633589526e-06,-1.38432369541381e-05,2.39975355379342e-06,8.6783554334347e-07,3.90258992801876e-05
2017/09/21,0.000182070038881575,-5.98556824682975e-06,-6.97418330174239e-06,-1.2489667752408e-05,-1.34467353560483e-05,-3.41786346844886e-06,-1.41201687503985e-05,7.52228659890202e-07,-7.4682008492825e-06,-9.36428658513934e-08,4.35521058072749e-06,1.16010030868301e-05,1.1684139304344e-06,-2.82198645484478e-05
2017/09/24,0.000179977797259077,-6.42163529216061e-06,-5.32556954313937e-06,-1.18815293714233e-05,-9.35889532715408e-06,-7.55075390698153e-06,-1.24617488073522e-05,9.51787951471386e-06,-1.81065695761965e-05,8.2890572636224e-07,1.39610737983059e-05,-4.62009515786699e-06,-1.78200414000865e-06,1.51961448238242e-05
2017/09/25,0.000177920304249314,-6.81013168706537e-06,-3.67181933649481e-06,-1.04903995392675e-05,-3.06221927592213e-06,-6.15884133094034e-06,-1.77966500775811e-06,9.75406676425007e-06,-7.94136322798479e-06,4.39263642581142e-07,-3.60770050438625e-06,-1.05174052718391e-05,5.88733264351856e-08,6.9695037199078e-05
2017/09/26,0.000175897998429207,-7.14359832648189e-06,-2.08344849370579e-06,-8.40448800473942e-06,3.48351891854887e-06,-4.39462296480726e-07,9.21715760764548e-06,1.38286466657801e-06,1.20520568868129e-05,-2.90395596669065e-07,-1.4038056590109e-05,6.59780843667025e-06,1.87813745091167e-06,-5.80209308818872e-06
2017/09/27,0.000173911313061903,-7.41422169237006e-06,-6.18247625260587e-07,-5.751858666339e-06,8.41732144877863e-06,5.39945291210674e-06,1.24038831890281e-05,-8.09017244545477e-06,1.88439039684346e-05,-2.7037190055099e-07,2.89306939472964e-06,9.02925825430633e-06,-1.44100542464435e-06,2.12756755253328e-05
2017/09/28,0.000171960679937462,-7.61392314629646e-06,6.80348667706198e-07,-2.6956770370897e-06,1.05029882560458e-05,7.18143037065746e-06,6.22448598874445e-06,-1.02684356167973e-05,3.90167409808158e-06,1.52241779004583e-07,1.40798904341583e-05,-8.24715089903636e-06,-9.96701728722132e-07,-1.23758511039183e-05
2017/10/01,0.000170046533093537,-7.73446689647848e-06,1.78386947785115e-06,5.72371048621528e-07,9.43281794661902e-06,3.71197615692294e-06,-3.81591799368699e-06,-3.29903045312676e-06,-1.62210578397761e-05,8.17467886069365e-08,-2.20985178319434e-06,-7.21191723177532e-06,2.30396608775984e-06,1.89119615981195e-05
2017/10/02,0.000168169312346546,-7.76758569617635e-06,2.67844789054879e-06,3.84072238955456e-06,5.83653267681345e-06,-2.42640954233637e-06,-9.97355981857892e-06,6.52731366226007e-06,-1.82721014372105e-05,-3.42036936080829e-07,-1.4091570191145e-05,9.50053561815103e-06,-5.65151832663866e-07,-2.28794491296824e-05
2017/10/03,0.000166329466685867,-7.70512272329089e-06,3.36360482803593e-06,6.88871935826839e-06,1.01472950085116e-06,-6.7610637186464e-06,-8.23191293975503e-06,1.04222993766883e-05,8.16207362011766e-07,-2.31515091243978e-07,1.55585274864152e-06,5.15436443345494e-06,-2.13991843652366e-06,2.28312886156413e-05
2017/10/04,0.000164527457619449,-7.53918761946872e-06,3.85033156348456e-06,9.49936363387055e-06,-3.50370858150463e-06,-6.13937898131535e-06,-8.19227650761167e-07,4.95794911281385e-06,1.96464119299721e-05,4.53490314639029e-07,1.4077350813877e-05,-1.03111123222963e-05,2.14469590974048e-06,-3.97084357425004e-05
2017/10/05,0.000162763762485425,-7.26232438503112e-06,4.15865744195722e-06,1.14735608830269e-05,-6.43538198942077e-06,-9.85516598840678e-07,6.20315003521353e-06,-4.88936730279396e-06,1.63997457249629e-05,6.54604799772853e-07,-9.28359747375092e-07,-2.95426930158201e-06,8.63695498032901e-07,1.72460424566525e-05
2017/10/08,0.000161038877625766,-6.86768863116674e-06,4.31490732428581e-06,1.26450476805452e-05,-7.10318436047788e-06,4.99233117143825e-06,7.87651314577281e-06,-1.02429242871558e-05,-5.87851480626332e-06,-1.55972391010901e-07,-1.40407847271705e-05,1.06541410735386e-05,-2.98125856857792e-06,-2.14049024952306e-06
2017/10/09,0.000159353321376553,-6.34923129996181e-06,4.34885783734206e-06,1.28948969883538e-05,-5.58391572950209e-06,7.44111632763905e-06,3.79904082679358e-06,-6.32998197714549e-06,-2.20598720283543e-05,-9.55210749926989e-07,3.24288952522163e-07,7.12884156563524e-07,1.09942347202607e-06,-1.33646181529029e-05
2017/10/10,0.000157707636829069,-5.70188566239657e-06,4.29099242344527e-06,1.2164286248199e-05,-2.61382821672686e-06,4.48721056532263e-06,-2.26558381049463e-06,3.23535210031894e-06,-1.33357046196783e-05,-5.03241480951801e-07,1.39847429130104e-05,-1.05271820974632e-05,2.55430036101382e-06,2.94139044473321e-05
2017/10/11,0.000156102394400928,-4.92175405220448e-06,4.17003368451009e-06,1.04641235257785e-05,7.01056945142372e-07,-1.87141328200314e-06,-5.76797191455768e-06,9.76518009675178e-06,1.09287149136288e-05,7.61161468757244e-07,2.59715067211394e-07,1.46994809657417e-06,-2.94774204023293e-06,5.67845530897162e-05
2017/10/12,0.000154538194214979,-4.0062906657587e-06,4.01089947997589e-06,7.88019117708753e-06,3.2661767618211e-06,-7.11882090071858e-06,-4.76524058297182e-06,7.39488636091262e-06,2.32735985518781e-05,1.12309728574719e-06,-1.39113593179884e-05,9.94918854184965e-06,-8.47440615080198e-07,2.13569197082663e-05
2017/10/15,0.000153015668099802,-2.95447685925491e-06,3.83318973765574e-06,4.57269834640847e-06,4.34583158742103e-06,-7.40319944030548e-06,-8.1333030937071e-07,-1.62160814883751e-06,9.2776473090312e-06,-4.44433684898131e-08,-8.27133184607033e-07,-3.50039682158993e-06,3.81848947235098e-06,8.2550063579786e-05
2017/10/16,0.00015153548106897,-1.76698522224937e-06,3.65026780040196e-06,7.69530826173225e-07,3.76966387677509e-06,-2.31994048788819e-06,2.84295654245798e-06,-9.03041342867903e-06,-1.56165230881169e-05,-1.25403962504966e-06,1.38219613574911e-05,-8.9586206491136e-06,-1.58414547551346e-06,2.76938065043405e-05
2017/10/17,0.000150098332253032,-4.46328491009351e-07,3.46895579355255e-06,-3.24697509458674e-06,1.94164812123184e-06,4.69139918754783e-06,3.90904144661665e-06,-8.14211971397736e-06,-2.31926294986973e-05,-8.32987537733051e-07,1.38138193772656e-06,5.29465658267122e-06,-3.16206057131769e-06,-1.14233144150569e-05
2017/10/18,0.00014870495528746,1.00301068686114e-06,3.28982005227566e-06,-7.15927472395754e-06,-3.39366170758229e-07,8.67709293903261e-06,2.37957465652901e-06,1.00471568194132e-07,-4.49364072852598e-06,7.36652428122679e-07,-1.37170296490403e-05,7.61076769879305e-06,3.78940398296182e-06,2.69015619720519e-05
2017/10/19,0.000147356118329776,2.57447324505169e-06,3.10798291864374e-06,-1.06387471620394e-05,-2.17893567614163e-06,6.64704552566426e-06,-1.02076022825671e-07,8.08534926680782e-06,1.96253206614059e-05,1.36647056607506e-06,-1.92561106588349e-06,-6.78221482146129e-06,1.01816980754078e-06,2.88476544273865e-05
2017/10/22,0.000146052623822644,4.25934427102075e-06,2.91436319765708e-06,-1.33729689952671e-05,-2.90228481769604e-06,-2.28615566232682e-07,-1.85945642711406e-06,8.57097657793712e-06,2.1819268142122e-05,1.78505293359286e-07,1.35962200702534e-05,-5.97446232292753e-06,-4.78561398173231e-06,1.05571007359764e-05
2017/10/23,0.000144795307892457,6.04670387680831e-06,2.69722171594996e-06,-1.50938768284312e-05,-2.28090390845156e-06,-7.29370343327187e-06,-2.26560324931663e-06,1.28104875387692e-06,-7.01234383875982e-07,-1.25191893322756e-06,2.46254741294002e-06,7.9083013623347e-06,1.93287646431999e-06,4.04122332578875e-05
2017/10/24,0.000143585039304646,7.92341124015118e-06,2.44387299073639e-06,-1.56042479931358e-05,-5.98455572922625e-07,-9.56325187721198e-06,-1.64167154559992e-06,-6.98074293222416e-06,-2.26956385395455e-05,-1.00381701902636e-06,-1.34584239367438e-05,4.12839837477509e-06,3.97226212742253e-06,1.07322653786791e-05
2017/10/25,0.000142422717997723,9.8741243846238e-06,2.14241897014912e-06,-1.47998499654164e-05,1.46139352679076e-06,-5.22087341923231e-06,-5.20560963640054e-07,-8.69051530209496e-06,-1.92492790275515e-05,5.73208705944566e-07,-2.99437503624714e-06,-8.63546000375912e-06,-4.58471117814268e-06,1.38897613108528e-05
2017/10/26,0.000141309273291181,1.18813578600642e-05,1.78336547751523e-06,-1.26847990404981e-05,3.06385413726495e-06,2.98657234849727e-06,7.78735010157818e-07,-2.48259571241741e-06,5.97117014917166e-06,1.33698305666677e-06,1.33018808191668e-05,-2.15724007660055e-06,-1.42454108666682e-06,1.15159837664973e-05
2017/10/29,0.000140245661938727,1.39255799777642e-05,1.36099572006614e-06,-9.37812924089477e-06,3.52313989292687e-06,9.49921200685702e-06,1.94608197976064e-06,5.76994519050946e-06,2.46429859814601e-05,2.86138130264987e-07,3.5226626996356e-06,8.94424178567447e-06,5.81768114026349e-06,-6.0353197203015e-05
2017/10/30,0.00013923286603059,1.59853503557645e-05,8.74396806160315e-07,-5.11027681769838e-06,2.55259412077916e-06,9.71644122020653e-06,2.37532982664832e-06,8.5194757163535e-06,1.56606505201897e-05,-1.09321098226233e-06,-1.31243235193394e-05,1.47728224150056e-07,-2.0655961203761e-06,-8.97714253811662e-05
2017/10/31,0.000138271890609414,1.80374976249121e-05,3.2806386863097e-07,-2.09078492711163e-07,3.80650068106275e-07,3.22819046637718e-06,1.42402881277136e-06,3.47197454417313e-06,-1.09863499944891e-05,-9.16986579019985e-07,-4.04832615814522e-06,-8.83306262063314e-06,-4.95520237727056e-06,4.4576710227884e-05
2017/11/01,0.000137363761051339,2.00573366338748e-05,-2.67959572218598e-07,4.92411726588924e-06,-2.30750117357909e-06,-5.75438763310382e-06,-8.16617274671136e-07,-4.50695114223324e-06,-2.53686695483779e-05,4.95296095262395e-07,1.29231384313251e-05,1.81501492685176e-06,5.23792851873533e-06,-4.13845065790936e-05
2017/11/02,0.000136509520289854,2.20189237627218e-05,-8.98410676747582e-07,9.84661300016305e-06,-4.5858940954423e-06,-1.11500168197956e-05,-3.07467339996427e-06,-8.08543929603567e-06,-1.12961895981935e-05,1.12831376559443e-06,4.57162159026463e-06,8.3173125756922e-06,2.08040142598808e-06,-6.3620825240989e-06
2017/11/05,0.000135710225794624,2.38953479790834e-05,-1.54357681304805e-06,1.41122659654895e-05,-5.59331778951506e-06,-9.13200464533249e-06,-3.5358207183132e-06,-4.22617208471365e-06,1.54478351218992e-05,1.37314411631002e-07,-1.26955103820305e-05,-3.65080852527033e-06,-6.82324342422157e-06,9.93214651097179e-05
2017/11/06,0.000134966946346654,2.56590546586068e-05,-2.18044422841537e-06,1.7311878101048e-05,-4.8303054768268e-06,-8.23985057352346e-07,-1.33290176534755e-06,3.24425097931072e-06,2.48631112504412e-05,-9.90508001064666e-07,-5.09216015572522e-06,-7.42783369312174e-06,1.92572778418869e-06,-4.36878307423956e-05
2017/11/07,0.000134280758491961,2.72821982677258e-05,-2.78413714724797e-06,1.91123813112362e-05,-2.35041152772115e-06,8.32286738458331e-06,2.35880074312216e-06,7.42332163832061e-06,6.44186877480513e-06,-6.13485051769415e-07,1.24385152642786e-05,5.28724824312942e-06,6.04402721377438e-06,9.37340463938018e-05
2017/11/08,0.000133652742491687,2.87370192686592e-05,-3.32953716027609e-06,1.92910364487293e-05,1.21977197173594e-06,1.21280466679674e-05,4.82066816657896e-06,4.73175066714967e-06,-1.91085472680522e-05,6.79618251077533e-07,5.60888850005766e-06,6.20888848073913e-06,-5.66014513242344e-06,-8.26201353629728e-07
2017/11/09,0.000133083977731629,2.99962402169009e-05,-3.79295889759736e-06,1.77611443740087e-05,4.84470178289397e-06,7.86694875248374e-06,3.81737686187915e-06,-2.03104426372632e-06,-2.32018543449758e-05,9.31345921261793e-07,-1.21492117010852e-05,-6.66202206970545e-06,-2.95973468935101e-06,-3.77959096746157e-05
2017/11/12,0.000132575537419956,3.10334754118986e-05,-4.15375377972624e-06,1.45864053323948e-05,7.38325579215194e-06,-1.79707115636679e-06,-3.80687785112427e-07,-6.57395760982292e-06,-1.40299224849345e-06,-2.83239547994344e-07,-6.12003470019e-06,-4.7157501255142e-06,7.69967300592298e-06,-2.80938600091041e-05
2017/11/13,0.000132128482788819,3.18236485659642e-05,-4.39571834438771e-06,9.98201233993236e-06,7.94168855640168e-06,-1.04942742811848e-05,-4.80078210285779e-06,-4.9851079348628e-06,2.17889401860154e-05,-1.14802683052464e-06,1.18247736641781e-05,7.72467925060053e-06,-1.49040641752021e-06,2.38840905594264e-05
2017/11/14,0.000131743857091225,3.23434127150536e-05,-4.5081982128326e-06,4.30174367899467e-06,6.16831172391951e-06,-1.23712579765522e-05,-5.87565890938707e-06,9.11552219983006e-07,2.05350892721071e-05,-2.49706584825054e-07,6.6230700829226e-06,3.01205857573523e-06,-7.14590061321551e-06,-7.17873730631284e-05
2017/11/15,0.00013142267935566,3.25715658764643e-05,-4.48680212877991e-06,-1.9883762628513e-06,2.39656348043908e-06,-6.04013465747458e-06,-2.35777259497893e-06,5.58244489199226e-06,-3.51976080665785e-06,1.2001192156927e-06,-1.1462638510434e-05,-8.43780623360552e-06,5.78288261168777e-06,-2.69179642371537e-05
2017/11/16,0.000131165937832651,3.24894557014765e-05,-4.33366968729929e-06,-8.34797042415108e-06,-2.41355940455554e-06,4.41697301182673e-06,3.36650857312135e-06,4.99234316599139e-06,-2.33863808137247e-05,9.65135394783119e-07,-7.1147267001434e-06,-1.16710446356005e-06,4.00251337704574e-06,1.99055444365383e-05
2017/11/19,0.000130974583335559,3.20813665873577e-05,-4.05726965587173e-06,-1.42086965408474e-05,-6.92625688239655e-06,1.21043330860577e-05,6.87197566596604e-06,7.67305976551964e-08,-1.70717940108789e-05,-8.67013530199781e-07,1.1060646957128e-05,8.77761008625563e-06,-8.34805789899918e-06,-1.60141577967857e-05
2017/11/20,0.000130849522550647,3.13348825297893e-05,-3.67174230710276e-06,-1.90251339199122e-05,-9.80537279407151e-06,1.18858159935734e-05,5.1531395497461e-06,-4.49577454042353e-06,8.05260578083636e-06,-1.69630759111663e-06,7.59109579698531e-06,-7.46817201770233e-07,7.70708947488206e-07,2.06233772053316e-05
2017/11/21,0.000130791611262137,3.02412188990244e-05,-3.19583540481159e-06,-2.23255875622465e-05,-1.0107757680462e-05,3.82533198550057e-06,-7.86725496305072e-07,-4.76829101605129e-06,2.38778296851075e-05,-4.43104618501086e-08,-1.06171353446581e-05,-8.73395200190391e-06,8.15548273149763e-06,1.77481204050211e-05
2017/11/22,0.000130801647487789,2.87955165746687e-05,-2.65151581463351e-06,-2.37580558132013e-05,-7.57919504135931e-06,-6.81627281224113e-06,-6.45309561493324e-06,-9.04390009658258e-07,1.30600881497902e-05,2.00747336537649e-06,-8.04778167399074e-06,2.65689335003354e-06,-5.56401030632433e-06,-6.27473018413161e-05
2017/11/23,0.000130880364500419,2.69970921864501e-05,-2.06236483518222e-06,-2.31268822969981e-05,-2.76269102679821e-06,-1.30434056044361e-05,-7.28907717353098e-06,3.36030115722323e-06,-1.19672821318718e-05,1.41179465604428e-06,1.01309755415895e-05,8.30993827891512e-06,-5.12367506711968e-06,-3.86150881847041e-05
2017/11/26,0.000131028423870297,2.48496388598523e-05,-1.45188314687903e-06,-2.04163225633775e-05,3.11900299144027e-06,-1.0750283859651e-05,-2.37621828247973e-06,4.33490001714828e-06,-2.33158085207309e-05,-1.41275322501238e-06,8.48006843778731e-06,-4.49205360020545e-06,8.68232281844694e-06,2.88089662033639e-05
2017/11/27,0.000131246408781731,2.23613725382388e-05,-8.41840220020486e-07,-1.57983492469645e-05,8.48048417252083e-06,-1.4340710469782e-06,4.62509251858124e-06,1.55056605572634e-06,-8.76578059859891e-06,-2.65639681881456e-06,-9.60157605203636e-06,-7.52117226941661e-06,1.9097456701663e-07,-1.22947123809854e-05
2017/11/28,0.000131534817620526,1.95451192242697e-05,-2.50802916688324e-07,-9.62340704890149e-06,1.1806153370194e-05,8.80044273970072e-06,8.21662948142945e-06,-2.21966347994484e-06,1.50945950483126e-05,-2.21553359192406e-07,-8.8830372360431e-06,6.18499122668504e-06,-8.96338468202302e-06,9.23101000116751e-05
2017/11/29,0.000131894057702986,1.64183390094728e-05,3.0703276307609e-07,-2.3943869726032e-06,1.20786480597928e-05,1.32717846708999e-05,5.4196290264676e-06,-3.71919324661713e-06,2.18185685592506e-05,2.94032353821033e-06,9.02890852648426e-06,6.3947656835388e-06,4.990886373069e-06,6.03906363059718e-05
2017/11/30,0.000132324439024532,1.3003083586801e-05,8.22604408182808e-07,5.27432489949545e-06,9.08208578808428e-06,9.10733653150993e-06,-1.73562878944296e-06,-2.00251629980832e-06,4.45122426792457e-06,2.37126100588306e-06,9.25164653923493e-06,-7.67392521506803e-06,6.21751702060418e-06,3.79775472320669e-05
2017/12/03,0.00013282616771457,9.32588469243374e-06,1.29226866374277e-06,1.27094042420387e-05,3.49146165580102e-06,-9.10269375339033e-07,-7.68116018461267e-06,1.11337268405502e-06,-1.7332068976357e-05,-1.67349118702778e-06,-8.41356609687554e-06,-4.9681537262183e-06,-8.63553492759722e-06,6.0916848213862e-06
2017/12/04,0.000133399339102097,5.41757233436353e-06,1.71757598708208e-06,1.92382326849477e-05,-3.28241838615933e-06,-1.02232388442587e-05,-7.67805732954633e-06,2.95134803839248e-06,-1.95558149278777e-05,-3.93233974663816e-06,-9.58077786259369e-06,8.90410603075855e-06,-1.31966976560432e-06,-5.52585731496307e-06
2017/12/05,0.000134043930642951,1.31302332828449e-06,2.1045433407022e-06,2.42503020131893e-05,-9.45554864410215e-06,-1.28223252062422e-05,-1.62651290479155e-06,2.25496102203863e-06,-3.56278691918562e-07,-9.58744584245783e-07,7.75687711848096e-06,3.28776317351331e-06,9.46228158127948e-06,9.82727810860853e-07
2017/12/06,0.000134759795044917,-2.94915802599739e-06,2.46247521574813e-06,2.72547206773241e-05,-1.33457020001993e-05,-7.14397212052562e-06,5.76860102979465e-06,-7.56082304744985e-08,1.86456210203804e-05,3.75771134141318e-06,9.86531383021903e-06,-9.82905036971682e-06,-4.08689027055154e-06,-7.11838571423315e-05
2017/12/07,0.000135546653705337,-7.32702443155663e-06,2.80242180151175e-06,2.79283605362731e-05,-1.38318979905797e-05,2.99914291698668e-06,8.67947360518132e-06,-2.06267628063067e-06,1.67316137836182e-05,3.83342610567934e-06,-7.06102788013566e-06,-1.40757112256688e-06,-7.16069367171142e-06,5.1846798922594e-05
2017/12/10,0.00013640409046497,-1.1775731593471e-05,3.13539641145357e-06,2.61499016607671e-05,-1.06725930319783e-05,1.10005044907185e-05,4.78334379355574e-06,-2.30886048659895e-06,-3.31721729346099e-06,-1.40862908933573e-06,-1.01002710761321e-05,1.04115285214556e-05,8.16990501963653e-06,-8.82436779158004e-06
2017/12/11,0.000137331545711089,-1.62480409738356e-05,3.47049984362587e-06,2.20162225007666e-05,-4.59342878891625e-06,1.17926098813504e-05,-2.86580792907775e-06,-8.65211736985605e-07,-1.90655704772389e-05,-5.32107386236274e-06,6.32913086744803e-06,-6.12398620864849e-07,2.50583337520852e-06,7.38436902097929e-05
2017/12/12,0.000138328310723907,-2.06948736593305e-05,3.8131141872104e-06,1.5839139581438e-05,2.88331941631898e-06,5.06965816562707e-06,-8.24276396555846e-06,1.08393108952485e-06,-1.35660524968214e-05,-2.34229581334369e-06,1.02809762064557e-05,-1.06243148708646e-05,-9.55798991604321e-06,2.67068413514797e-05
2017/12/13,0.000139393522280912,-2.50659085314772e-05,4.16333167158703e-06,8.12228862167226e-06,9.82601560686518e-06,-4.65818028079241e-06,-7.12859089307057e-06,2.16974077623121e-06,6.4164928454494e-06,4.17990885718075e-06,-5.56518412874396e-06,2.70761695983703e-06,2.919243606744e-06,3.9511702607605e-05
2017/12/14,0.000140526157561202,-2.93102169291903e-05,4.5147744174575e-06,-4.80204966823028e-07,1.43973064199717e-05,-1.1114434320432e-05,-4.46990516296446e-07,1.68603810747473e-06,1.8677891096927e-05,5.66397904704814e-06,-1.04032255528415e-05,1.04507286526232e-05,7.82172152093415e-06,-4.74145245380558e-05
2017/12/17,0.000141725029468816,-3.3376925042303e-05,4.85393906204089e-06,-9.2198680491154e-06,1.53415637331315e-05,-1.03333484261638e-05,6.49861187774148e-06,-4.42166786339216e-08,1.02775041821629e-05,-4.35029152874808e-07,4.77393390951908e-06,-4.81060848768229e-06,-7.29026077676928e-06,1.42306743801303e-05
2017/12/18,0.000142988782480724,-3.72158945643148e-05,5.16016711343448e-06,-1.73199633203939e-05,1.23265795397318e-05,-3.0981052164321e-06,8.25783553809764e-06,-1.84616381555989e-06,-8.8437999709131e-06,-6.53678125420631e-06,1.04633618602214e-05,-9.88501682057211e-06,-3.61047948533368e-06,-1.54405220844835e-05
2017/12/19,0.000144315889180836,-4.07784115015729e-05,5.40629933645447e-06,-2.40455985924817e-05,6.0474489132767e-06,5.76037448430851e-06,3.53880927656095e-06,-2.36846475332471e-06,-1.76119812718724e-05,-4.33454846719803e-06,-3.96071844378674e-06,6.85251705601488e-06,9.18704365107465e-06,-3.35086588682897e-05
2017/12/20,0.000145704647599178,-4.40178726946029e-05,5.56002249459618e-06,-2.87714414707777e-05,-1.93742975874576e-06,1.0614386171079e-05,-3.83694302551006e-06,-1.02943760793751e-06,-7.06696234153719e-06,3.94063585159596e-06,-1.045826825776e-05,8.93260499333991e-06,-1.60063136082574e-06,-4.63331059209228e-06
2017/12/21,0.000147153179532353,-4.68904593376881e-05,5.58586293543259e-06,-3.104071403996e-05,-9.59816821761413e-06,8.63662386211042e-06,-8.04055882893826e-06,1.34873856824176e-06,1.05574222237092e-05,7.61304743593762e-06,3.13139483689253e-06,-8.76466968588193e-06,-8.07974526120597e-06,-1.77119540233887e-05
2017/12/25,0.000148659429976919,-4.93557868351404e-05,5.44772761477721e-06,-3.06098358379707e-05,-1.49530657448171e-05,1.42954378222109e-06,-5.86852562871027e-06,2.89803368984858e-06,1.60264956088252e-05,1.32453182890384e-06,1.03853739554105e-05,-7.61021332061458e-06,6.0535799318805e-06,4.98157109784674e-05
2017/12/26,0.000150221167710329,-5.13775206444276e-05,5.11184364306423e-06,-2.74743169552431e-05,-1.6582207575128e-05,-6.23906549567062e-06,8.01039459140381e-07,2.11219520360854e-06,4.10560730324258e-06,-7.26189400182516e-06,-2.29235540671167e-06,1.04801560214325e-05,4.48147962488016e-06,2.06138711133091e-05
2017/12/27,0.000151835986998734,-5.29239481868196e-05,4.54990635451263e-06,-2.18731686628101e-05,-1.40017669363378e-05,-9.61569821720287e-06,6.62368349490977e-06,-6.89344154141297e-07,-1.15681740597968e-05,-6.76566918089091e-06,-1.02427766179e-05,5.94580334023967e-06,-8.33365461151938e-06,9.25882043902307e-06
2017/12/28,0.000153501310335561,-5.39684974939006e-05,3.74221625862309e-06,-1.42710493211567e-05,-7.80104615610117e-06,-6.91913812692144e-06,7.09119444799646e-06,-3.26354728631274e-06,-1.40945851446306e-05,2.84787578389646e-06,1.45051806061201e-06,-1.19354615103967e-05,2.78985734618391e-07,3.35412244181122e-05
2018/01/01,0.000155214392297064,-5.44901936702912e-05,2.68056983982193e-06,-5.31942203652609e-06,4.95040500724132e-07,-2.2830934712701e-07,2.04122736368949e-06,-3.1815092938843e-06,-1.52616017597573e-06,9.35789881523249e-06,1.00294420727556e-05,-3.97833684080212e-06,7.84663816625248e-06,-2.5722776909335e-06
2018/01/02,0.000156972324622361,-5.44740450238156e-05,1.37066912367048e-06,4.20002207864307e-06,8.80489638899509e-06,6.09970397527516e-06,-4.37382969843815e-06,-1.19723853368926e-07,1.19323098607667e-05,3.81575214477615e-06,-6.13217303554806e-07,1.30721769313923e-05,-4.5675333451336e-06,-6.30195059015692e-05
2018/01/03,0.000158772042431285,-5.39113519068646e-05,-1.66168674585519e-07,1.34447142286644e-05,1.50153306760574e-05,8.28996823889767e-06,-7.11011579720651e-06,3.45611482339764e-06,1.19898731278452e-05,-7.20932049350879e-06,-9.74536096259636e-06,1.75733980722431e-06,-4.97695341240742e-06,-4.92061120862019e-05
2018/01/04,0.000160610331510187,-5.27999323605017e-05,-1.89218650020399e-06,2.15871038200452e-05,1.75196937048807e-05,5.39578986650809e-06,-4.21746870011622e-06,4.2167065852061e-06,-5.81717856733712e-07,-9.35962031221265e-06,-2.11976959188099e-07,-1.38387844780502e-05,7.0378394610583e-06,-3.65657777808786e-05
2018/01/07,0.000162483836712338,-5.1144259672434e-05,-3.75338397830043e-06,2.78901712915441e-05,1.56319883575914e-05,-4.01235387884769e-07,1.77841277438201e-06,1.06611297982325e-06,-1.17418383090402e-05,8.19869271561207e-07,9.39159038284891e-06,6.57765841765614e-07,8.82702083073509e-07,-7.21617323472683e-05
2018/01/08,0.000164389071473706,-4.89555082791305e-05,-5.68081065488097e-06,3.17755669719409e-05,9.77079646050795e-06,-5.42229161214303e-06,6.06945871316099e-06,-3.46818841184948e-06,-9.87419990021171e-06,1.05538030156113e-05,1.01744457010701e-06,1.41924973768911e-05,-7.08326634124471e-06,-1.78603733824652e-05
2018/01/09,0.000166322428397365,-4.62515058516551e-05,-7.59296265449848e-06,3.28779743060879e-05,1.36477006623835e-06,-6.84249551320462e-06,5.43644949988284e-06,-5.19795611838865e-06,2.17210999346441e-06,6.85984861159585e-06,-8.97017412438091e-06,-3.1986221318607e-06,2.97728521742749e-06,-4.93571496980731e-05
2018/01/10,0.000168280190844593,-4.30565908278369e-05,-9.39921621134939e-06,3.10804904869086e-05,-7.49830352031077e-06,-4.24888652399209e-06,6.67506174932872e-07,-2.13694750173657e-06,1.11134426445928e-05,-6.16088748413942e-06,-1.79561953263713e-06,-1.41010898190903e-05,4.98639249785878e-06,8.15651877220612e-06
2018/01/11,0.000170258545424101,-3.94013761326003e-05,-1.10041582776042e-05,2.65275158672188e-05,-1.4591958333226e-05,4.29584869578047e-07,-4.29613332526925e-06,3.29326194968275e-06,7.8880928617546e-06,-1.17663255682507e-05,8.48404667404737e-06,5.78927434659348e-06,-5.39122832541074e-06,3.23278579693851e-05
2018/01/14,0.000172253595353756,-3.53224211560811e-05,-1.23126057623881e-05,1.96136964556453e-05,-1.81109191413785e-05,4.34869995200198e-06,-5.62415004802732e-06,6.10559271741235e-06,-3.24001190468092e-06,-2.1024566205185e-06,2.53904717940027e-06,1.35446535438812e-05,-1.72829455816831e-06,-6.16644260108547e-05
2018/01/15,0.000174261374563678,-3.0861815593969e-05,-1.32350465789116e-05,1.09496849226749e-05,-1.71296433524085e-05,5.48272430898608e-06,-2.56096441472657e-06,3.31832659916944e-06,-1.01772325487671e-05,1.08692240229332e-05,-7.93697538299908e-06,-8.34793067569573e-06,5.80434371002563e-06,5.15969304200101e-05
2018/01/16,0.000176277862463695,-2.60666800520669e-05,-1.36931917255233e-05,1.30766815968448e-06,-1.18434675147649e-05,3.60578609239689e-06,2.21135182830841e-06,-2.92591864095269e-06,-6.14439140774855e-06,1.01613198869623e-05,-3.24045272229039e-06,-1.25171759513374e-05,-1.44677115455387e-06,-1.1323939261809e-05
2018/01/17,0.000178298999410627,-2.09885894930749e-05,-1.36253018683824e-05,-8.4484559280694e-06,-3.5301831366383e-06,1.00184908843245e-07,4.90986496107492e-06,-6.91971071219949e-06,3.81595102184563e-06,-3.99736332379665e-06,7.33353929590208e-06,1.07891584275353e-05,-4.44288081182807e-06,-3.99312127518385e-05
2018/01/18,0.000180320702760757,-1.5682927033036e-05,-1.29909469888883e-05,-1.74418728510045e-05,5.76040210045294e-06,-3.05863758061311e-06,3.65809158588145e-06,-4.5946834119856e-06,9.06651261406969e-06,-1.35861866159815e-05,3.89287523685372e-06,1.10278459587512e-05,3.52490961900794e-06,3.13829146057354e-05
2018/01/21,0.00018233888351451,-1.0208176617801e-05,-1.17748736376041e-05,-2.48633274680548e-05,1.37131516092015e-05,-4.3979586661346e-06,-2.35049876798286e-07,2.36225004073979e-06,4.72505701902075e-06,-5.73663381620876e-06,-6.67909325874275e-06,-1.3026493422283e-05,2.12488736629313e-06,1.98193772138619e-05
2018/01/22,0.000184349463484055,-4.62516426955565e-06,-9.98969191104544e-06,-3.00457646320728e-05,1.83251102235282e-05,-3.52995460409979e-06,-3.57222448169588e-06,7.61997431873572e-06,-3.95904220152438e-06,1.00271685223735e-05,-4.48983532066545e-06,-9.10195543236234e-06,-4.07493707703919e-06,1.44085338136827e-06
2018/01/23,0.000186348392772493,1.00374130136024e-06,-7.67715203339583e-06,-3.25261035549035e-05,1.84097901798908e-05,-1.08563081581806e-06,-3.89810934626091e-06,5.94815671299919e-06,-7.90922425408278e-06,1.33158859402091e-05,5.97973084158292e-06,1.4975436686255e-05,1.4256240967842e-07,-2.04247684000756e-06
2018/01/24,0.000188331667494698,6.61545733113338e-06,-4.90785509023674e-06,-3.2088274139967e-05,1.39014349438071e-05,1.7461203683285e-06,-1.2941781388696e-06,-1.60027453463483e-06,-3.68066132984376e-06,-7.41907325874613e-07,5.02551992398714e-06,6.78125904001967e-06,3.32813909259717e-06,2.93135523648556e-05
2018/01/25,0.000190295347653316,1.21470328831171e-05,-1.77933050452053e-06,-2.87833736712708e-05,5.88152060183088e-06,3.73729935692642e-06,1.96418174763926e-06,-8.18534013888254e-06,3.74957456977979e-06,-1.44153570015916e-05,-5.24223300663278e-06,-1.65567362437697e-05,-1.5980217500061e-06,1.49643550406508e-06
2018/01/28,0.000192235574983838,1.753649943918e-05,1.58749134988558e-06,-2.29249433959556e-05,-3.68139463369203e-06,4.02272897772925e-06,3.38718939599208e-06,-7.35771266996327e-06,6.82153056203214e-06,-9.74570830468668e-06,-5.49495275488516e-06,-4.12366826382778e-06,-1.97366996660487e-06,-1.78039647190418e-05
2018/01/29,0.000194148590673661,2.27237135676418e-05,5.05328587713367e-06,-1.50597144357999e-05,-1.24157659200465e-05,2.38158960532934e-06,2.16974060394689e-06,6.40884539064495e-07,3.03197035238246e-06,7.86842845434827e-06,4.47399536609843e-06,1.7699792277417e-05,2.00670574946119e-06,-7.38302167106382e-05
2018/01/30,0.000196030753003475,2.76511791835214e-05,8.46660178860387e-06,-5.91650758219313e-06,-1.81359275222504e-05,-6.00011913709035e-07,-4.36476184509051e-07,8.59445317965526e-06,-3.28189718061049e-06,1.58495617423945e-05,5.89412835804882e-06,1.20219280523381e-06,7.78518160977789e-07,-3.65625678386382e-05
2018/01/31,0.000197878554864428,3.22648369360815e-05,1.16710869103556e-05,3.66193322473544e-06,-1.93894416440082e-05,-3.60149282791535e-06,-2.35307458609554e-06,8.7986106486082e-06,-5.90346527346361e-06,3.40285619132228e-06,-3.68293315020601e-06,-1.83459969249756e-05,-1.67690812721047e-06,-5.06705662416559e-05
2018/02/01,0.000199688641006087,3.65148084446292e-05,1.45133007163292e-05,1.2797745821538e-05,-1.58258681599828e-05,-5.02757128378896e-06,-2.33347349484383e-06,5.10930109006405e-07,-2.77279078155068e-06,-1.39191420237681e-05,-6.22009620623347e-06,1.89691849897054e-06,-2.11915764027994e-07,4.80151311763508e-06
2018/02/04,0.000201457824869846,4.03560836124735e-05,1.68506933984132e-05,2.06599298437197e-05,-8.29340657133118e-06,-3.81516290470884e-06,-7.24246174802705e-07,-8.82666074094719e-06,2.65827047412573e-06,-1.36590436094073e-05,2.87736417397681e-06,1.84518194718958e-05,1.22102115314559e-06,5.60675130036008e-05
2018/02/05,0.000203183104911112,4.3749140009253e-05,1.85593070019321e-05,2.65417203423179e-05,1.36294415842511e-06,-2.12114592463699e-07,1.08601455407197e-06,-1.02423936864909e-05,5.23652081957257e-06,4.41225690877811e-06,6.47097725073465e-06,-5.07682589985997e-06,2.45673877236325e-07,-1.29343256546194e-05
2018/02/06,0.000204861680091854,4.66604839420701e-05,1.95407559978393e-05,2.99260053174269e-05,1.07537563110501e-05,4.03569551648736e-06,1.86208214813703e-06,-1.84514432782902e-06,2.87341402261361e-06,1.72892763146192e-05,-2.06590847207618e-06,-1.79914604094024e-05,-1.18442603840427e-06,0.000116667789585615
2018/02/07,0.000206490964185394,4.90631039113637e-05,1.97280737538935e-05,3.0532579772423e-05,1.75371665303964e-05,6.43639664376649e-06,1.3336145008539e-06,8.86301107715168e-06,-1.98398165744305e-06,8.04800945426241e-06,-6.64594978342253e-06,8.23344457004621e-06,-4.18260860115002e-07,5.50788279014291e-05
2018/02/08,0.000208068598654752,5.09368286412532e-05,1.90900662501273e-05,2.83427713015944e-05,2.00037679345222e-05,5.20147241741115e-06,1.19024779441756e-07,1.16571412531545e-05,-4.88256738999593e-06,-1.19107554424846e-05,1.25741005362206e-06,1.69588808861797e-05,1.72398087116822e-06,0.000120553379789255
2018/02/11,0.000209592463751358,5.22685832897644e-05,1.76338916416049e-05,2.35991462580781e-05,1.75081924919403e-05,5.58279013207799e-07,-9.33730722899914e-07,3.34601449771549e-06,-3.2838158778145e-06,-1.69280590157489e-05,6.74526354970067e-06,-1.1259335999372e-05,1.27851079193754e-07,7.58382560432719e-05
2018/02/12,0.000211060687638617,5.30525393593724e-05,1.54056807298979e-05,1.67804037477866e-05,1.06382506563144e-05,-5.0269587689006e-06,-1.32298871851297e-06,-8.68737040857877e-06,1.36373518348758e-06,-1.06427772122235e-07,-4.608441552756e-07,-1.53690348904891e-05,-2.49485613564618e-06,9.2601835340498e-06
2018/02/13,0.000212471653470476,5.32901558386536e-05,1.24891231133677e-05,8.55395496369245e-06,1.07721907183198e-06,-8.10099365918736e-06,-1.00868721859774e-06,-1.30080622232161e-05,4.88337610544785e-06,1.72516190049124e-05,-6.77029400215238e-06,1.40479701366992e-05,9.88488229007623e-07,0.000114386477169064
2018/02/14,0.000213824004636355,5.29901113297158e-05,9.00205996735133e-06,-2.89165642359718e-07,-8.80870819099693e-06,-6.36100885065231e-06,-2.13986011939461e-07,-4.99145074771349e-06,3.93623228524355e-06,1.26521867202583e-05,-3.14806198128714e-07,1.32581857694372e-05,2.80892123861006e-06,0.000110615423694819
2018/02/15,0.000215116648347608,5.2168128691697e-05,5.09123856168416e-06,-8.91071536304714e-06,-1.65567244105424e-05,-3.52852678495901e-07,7.32433316707765e-07,8.28791295986671e-06,-8.98846296303537e-07,-8.41807822262138e-06,6.72362845287943e-06,-1.64981666125921e-05,-2.77753617920547e-06,4.07579294323652e-05
2018/02/18,0.000216348757403873,5.08466950792344e-05,9.25488735105053e-07,-1.65055666155029e-05,-2.02220783684446e-05,6.50784638027632e-06,1.40100225115653e-06,1.42586316926362e-05,-5.26000997657581e-06,-1.90189959836391e-05,1.0607435830242e-06,-1.06832037722073e-05,-2.00048210681252e-06,-7.88188283021235e-05
2018/02/19,0.000217519770204838,4.90546822568854e-05,-3.31232689882158e-06,-2.23781679563466e-05,-1.88674773265782e-05,9.84829506280485e-06,1.32473023164454e-06,6.75289622132942e-06,-4.74685884433066e-06,-5.2426639298515e-06,-6.60912036246358e-06,1.85185181877981e-05,4.54289805693618e-06,-1.13931749038448e-05
2018/02/20,0.000218629389467341,4.68268741723782e-05,-7.4341652135076e-06,-2.6007776676065e-05,-1.28038017722857e-05,7.13563101918735e-06,3.09427165904652e-07,-7.65831583062573e-06,6.84907164426541e-07,1.55389701500673e-05,-1.76857583924901e-06,7.71985802709893e-06,-1.6787938569272e-07,-2.70825424489777e-05
2018/02/21,0.000219677580026101,4.42034100592549e-05,-1.12559866803174e-05,-2.70962202361308e-05,-3.52009453526379e-06,-4.37447305761245e-07,-1.19832820597083e-06,-1.53719138626233e-05,6.01173158872423e-06,1.66079988013774e-05,6.43191261858372e-06,-2.00315223108782e-05,-5.30652697913669e-06,7.09134070220407e-05
2018/02/22,0.000220664565701677,4.12291520133895e-05,-1.46067817761673e-05,-2.55936746765055e-05,6.68179589381432e-06,-8.36354118612461e-06,-2.15528735188875e-06,-8.59580472015571e-06,5.61698251135155e-06,-3.714478705701e-06,2.43055424568592e-06,-4.46015238713992e-06,3.25819926401326e-06,-8.73955288262483e-05
2018/02/25,0.000221590825178073,3.7952986938096e-05,-1.73369589728901e-05,-2.17001150010943e-05,1.52583862813872e-05,-1.14950020222521e-05,-1.60893857575179e-06,6.79859791376361e-06,-8.08937924669711e-07,-1.95291967410444e-05,-6.19838923770264e-06,2.09771855894676e-05,4.26297415037207e-06,-5.11454175757542e-05
2018/02/26,0.00022245708694411,3.44270737720971e-05,-1.93256496564226e-05,-1.58424827827203e-05,2.00597596256351e-05,-7.40111065373427e-06,3.89754753778971e-07,1.63122844421481e-05,-7.11371474260889e-06,-1.04054747348871e-05,-3.03977287971314e-06,1.00883533706431e-06,-6.21003638521452e-06,-2.70365530395325e-05
2018/02/27,0.000223264323563663,3.07060478607988e-05,-2.04865462556478e-05,-8.62999533748727e-06,1.9869951748465e-05,1.7908249260336e-06,2.49865664357525e-06,1.04809712545624e-05,-6.43400020581379e-06,1.22049532644984e-05,5.91608575938626e-06,-2.13158726879825e-05,-1.23079794059676e-06,0.000121888397406545
2018/02/28,0.000224013745302475,2.68461945029493e-05,-2.07719725307224e-05,-7.92155883121211e-07,1.47163771066358e-05,1.04409309501005e-05,2.92951491318272e-06,-5.71526259362091e-06,1.34508905263451e-06,1.93606107446883e-05,3.5903426639267e-06,2.52076513436028e-06,7.70845546840759e-06,0.000107116365168104
2018/03/01,0.000224706792872619,2.29046036475626e-05,-2.01749835356367e-05,6.89429738414956e-06,5.86921719563192e-06,1.28636807396209e-05,9.51398455181278e-07,-1.70467959514864e-05,8.51377031795371e-06,1.71474593705588e-06,-5.59353810216179e-06,2.10302541286831e-05,-3.11332401663257e-06,7.14588092745925e-06
2018/03/04,0.000225345128888794,1.89383177033978e-05,-1.87294010883935e-05,1.3682211640193e-05,-4.47094521569483e-06,7.08061240639569e-06,-2.2010634351159e-06,-1.23657405133458e-05,7.0737146970664e-06,-1.82767288017208e-05,-4.07752759145046e-06,-6.01137628564895e-06,-6.73870715917069e-06,-7.3154952453056e-06
2018/03/05,0.000225930627974877,1.50034849777219e-05,-1.65078019114956e-05,1.89269945620097e-05,-1.3720621764781e-05,-3.62870639127376e-06,-4.01068815385565e-06,4.42139881665597e-06,-2.34820596205446e-06,-1.49664774858192e-05,5.24009579735824e-06,-2.0126233445202e-05,7.35645171867427e-06,-1.14623187328158e-05
2018/03/06,0.000226465365890779,1.11545317686654e-05,-1.36175846283802e-05,2.21485671191574e-05,-1.95598173939902e-05,-1.25609062309771e-05,-2.67023833570852e-06,1.75464916043547e-05,-1.01291459600686e-05,7.55221667074928e-06,4.49785852774867e-06,9.34664840685607e-06,3.10043924694698e-06,0.000137859573313867
2018/03/07,0.000226951608016678,7.4433657992601e-06,-1.0195343486836e-05,2.30762669935658e-05,-2.05153979090957e-05,-1.38013396247431e-05,1.17817845521588e-06,1.42053297120456e-05,-7.40528996729875e-06,2.05138933861646e-05,-4.86570971148328e-06,1.86328093743887e-05,-9.82156156182306e-06,-3.36488094760387e-05
2018/03/08,0.000227391797147781,3.91862265175256e-06,-6.39986502457557e-06,2.16724191172267e-05,-1.63344004421348e-05,-6.15608435721082e-06,4.58733637765546e-06,-2.93661330213924e-06,3.84552485650794e-06,7.26278282359461e-06,-4.84925029618549e-06,-1.24159958049335e-05,2.35317956450435e-06,-4.31354533118429e-05
2018/03/11,0.000227788540393353,6.24965970015654e-07,-2.40413293157581e-06,1.81324492649466e-05,-8.05230711638188e-06,5.82107228330663e-06,4.53277289870062e-06,-1.77877393716695e-05,1.18451094955978e-05,-1.53311530929633e-05,4.48069290226987e-06,-1.66008645265865e-05,9.22922229134252e-06,-7.62866284603559e-05
2018/03/12,0.000228144595463118,-2.39754801758e-06,1.61322781779078e-06,1.28617738357419e-05,2.26239543297727e-06,1.45378429727675e-05,5.65696479537109e-07,-1.59543433407958e-05,7.29979422483287e-06,-1.83738890221728e-05,5.13114664437969e-06,1.51191756933076e-05,-7.89179339217882e-06,0.000129184925208275
2018/03/13,0.000228462856652359,-5.11403206463314e-06,5.47661378575849e-06,6.43201487344489e-06,1.20245883810805e-05,1.41988692023221e-05,-4.41445017379271e-06,1.2867470119768e-06,-5.82766355153518e-06,2.07104633946472e-06,-4.09540745986973e-06,1.41009543535036e-05,-5.2880078026038e-06,6.77178704525243e-05
2018/03/14,0.000228746340470471,-7.49524762587249e-06,9.02176061946169e-06,-4.78866569894723e-07,1.87809682001446e-05,4.67202870513323e-06,-6.23218306639221e-06,1.77533425494789e-05,-1.35170365884037e-05,1.98919435232893e-05,-5.34462911106697e-06,-1.73703650343872e-05,1.14764764988089e-05,-6.95695325707709e-05
2018/03/15,0.000228998170539324,-9.51799644803801e-06,1.21032900725734e-05,-7.15635459111293e-06,2.08278034190329e-05,-8.20268498486355e-06,-2.91519943899898e-06,1.75681836433515e-05,-6.64206756824436e-06,1.23078146867412e-05,3.71987880074492e-06,-1.12202336941262e-05,-1.04455944936761e-06,-6.98550449870165e-05
2018/03/18,0.000229221561833082,-1.11654184676831e-05,1.46011131524357e-05,-1.29219726787497e-05,1.76422166356985e-05,-1.62041411157937e-05,3.30287864986385e-06,4.96728276512554e-07,8.24113943998591e-06,-1.09895816503019e-05,5.49240777067755e-06,1.91015262726916e-05,-1.15287050943635e-05,-3.95087530240558e-05
2018/03/19,0.000229419804681113,-1.24271913478534e-05,1.64253873690818e-05,-1.72013615846402e-05,1.00175021986476e-05,-1.40045891690509e-05,7.40708397249882e-06,-1.74330147625935e-05,1.49773144814368e-05,-2.02335943530747e-05,-3.36342380615387e-06,8.05867251649046e-06,7.77647771675142e-06,-2.09500679126535e-05
2018/03/20,0.000229596248736568,-1.32996287224132e-05,1.75198108120491e-05,-1.95810398008239e-05,-1.32895206355044e-07,-2.72679817580168e-06,5.62411477036558e-06,-1.90041437161626e-05,5.34448448265413e-06,-3.64366265585494e-06,-5.57865978932584e-06,-2.02648926678562e-05,7.60484776676677e-06,-3.06977858338099e-05
2018/03/21,0.000229754286960193,-1.3785675973996e-05,1.78631300554299e-05,-1.98482527104427e-05,-1.02547081978237e-05,1.0597380430377e-05,-1.16722351945203e-06,-2.37757845588816e-06,-1.09845724373685e-05,1.75518322891575e-05,3.03440316492661e-06,-4.72474932877897e-06,-1.25338408341034e-05,-1.07544314422308e-05
2018/03/22,0.000229897339706716,-1.38948039140365e-05,1.74688380657307e-05,-1.80100728198703e-05,-1.77957013475838e-05,1.74305710699217e-05,-7.68082539946953e-06,1.68235055230146e-05,-1.6046868989862e-05,1.62988203289958e-05,5.60878902299707e-06,2.0834483983936e-05,-6.92445315719406e-07,4.64323700852298e-05
2018/03/25,0.000230028839008091,-1.36428023111024e-05,1.63831367096303e-05,-1.42900355145481e-05,-2.08503445260639e-05,1.32245827460762e-05,-8.31052290751676e-06,2.02224686076393e-05,-3.36031673148772e-06,-5.72571723413451e-06,-2.74013468771331e-06,1.33084883750625e-06,1.3430920349807e-05,3.97260776538165e-05
2018/03/26,0.000230152212935621,-1.30514770211989e-05,1.46813303035912e-05,-9.10286723187379e-06,-1.86432727661827e-05,4.53739044922352e-07,-1.92170842915136e-06,4.31571807162232e-06,1.39099083983748e-05,-2.03526638426382e-05,-5.58923683306397e-06,-2.08066342554019e-05,-7.02618858054871e-06,0.000100053140205928
2018/03/27,0.00023027086983064,-1.21482560240259e-05,1.24628972560198e-05,-3.0100589287027e-06,-1.17284182106964e-05,-1.28399344962404e-05,6.72512407916875e-06,-1.5928876178146e-05,1.65501920399303e-05,-8.97210426862826e-06,2.48686744248171e-06,2.01139001905055e-06,-9.8298188655409e-06,0.00010647412630469
2018/03/28,0.00023038818241161,-1.0965710695545e-05,9.84555201881852e-06,3.33905907548852e-06,-1.85207362941924e-06,-1.81342707545162e-05,1.04803356104619e-05,-2.11876409440446e-05,6.94855844900879e-07,1.37696170561326e-05,5.52737056286742e-06,2.0199544112547e-05,1.28947454184054e-05,-7.3979566087707e-05
2018/04/01,0.000230507471790834,-9.54099977576266e-06,6.95865510134981e-06,9.27466087025289e-06,8.48687522597991e-06,-1.19131135690111e-05,5.69501488401402e-06,-6.268369479328e-06,-1.68289368764693e-05,1.8824981168525e-05,-2.27969364631325e-06,-5.19553075403308e-06,2.68019190628489e-06,4.09879315367657e-06
2018/04/02,0.000230631991485917,-7.9152444749574e-06,3.93635317573631e-06,1.41753044537514e-05,1.66692129388679e-05,1.99558794001381e-06,-4.34230685593115e-06,1.47603811176435e-05,-1.63323946291871e-05,-1.27095272515866e-07,-5.43135772990845e-06,-1.90518953863992e-05,-1.47417097431382e-05,-4.63648270198923e-05
2018/04/03,0.000230764911665836,-6.13284392476079e-06,9.10833494018916e-07,1.7531360282118e-05,2.06202730409159e-05,1.47864970983041e-05,-1.15885390271172e-05,2.18693321505634e-05,2.58724789358809e-06,-1.87667063415809e-05,2.1223902469393e-06,8.12439916182434e-06,5.72518773160193e-06,2.0551656527749e-05
2018/04/04,0.00023090930373902,-4.24074119845507e-06,-1.9939437071379e-06,1.89966015928203e-05,1.93383836133043e-05,1.82773547707175e-05,-9.67392954126596e-06,8.19137930647374e-06,1.95250542786208e-05,-1.33549467481131e-05,5.30997220903205e-06,1.74206383565232e-05,1.17187238545459e-05,-9.6075850526086e-05
2018/04/05,0.000231068125297394,-2.2876509817681e-06,-4.66771257387228e-06,1.84228058057682e-05,1.31516856325964e-05,1.01638264826477e-05,5.49423035433005e-07,-1.33357126107471e-05,1.52766683697543e-05,9.00594171464631e-06,-2.01723190760859e-06,-1.07135820385885e-05,-1.2522110365591e-05,4.25005241399359e-05
2018/04/08,0.000231244205289366,-3.23260701833647e-07,-7.01830593771993e-06,1.58739609254444e-05,3.63670366316154e-06,-4.45998146723566e-06,1.11368898264889e-05,-2.22426473895479e-05,-6.3597349631879e-06,1.96797271829099e-05,-5.17230027346343e-06,-1.53780819926567e-05,-4.68495832095219e-06,-7.98482158407731e-05
2018/04/09,0.000231440229459325,1.60258292587194e-06,-8.97480621566583e-06,1.16187470492445e-05,-6.78189510491807e-06,-1.63187981913349e-05,1.32051951946481e-05,-1.00399725654774e-05,-2.17695289258381e-05,5.19159574138097e-06,1.96489100738593e-06,1.28942749057166e-05,1.53049728741779e-05,1.63295118454832e-05
2018/04/10,0.000231658726169038,3.44068990765848e-06,-1.04893338729294e-05,6.1021629838932e-06,-1.54492521562846e-05,-1.78666712611335e-05,4.36068491712654e-06,1.16786366687111e-05,-1.33200639552278e-05,-1.57376342956222e-05,5.02743245570891e-06,1.30084660168034e-05,-4.03606178704982e-06,0.000114367218209308
2018/04/11,0.00023190205282957,5.14333361579474e-06,-1.15374495060585e-05,-1.00726711309217e-07,-2.01585712538296e-05,-8.10559757400926e-06,-8.79246639704134e-06,2.22884454369802e-05,1.04385532953809e-05,-1.63824479016173e-05,-1.96443931388027e-06,-1.46153772768475e-05,-1.30297667581058e-05,8.74674575149726e-05
2018/04/12,0.000232172382831602,6.66503584128431e-06,-1.2117230346049e-05,-6.3441495740316e-06,-1.97159936936928e-05,6.77667420508991e-06,-1.55490630802483e-05,1.17692348262941e-05,2.33410284215325e-05,3.83004812991727e-06,-4.88421449767506e-06,-1.04041819239499e-05,1.14625456717685e-05,4.77088318815848e-06
2018/04/15,0.000232471692812428,7.96331828434568e-06,-1.22471601002728e-05,-1.19780000135183e-05,-1.42466985508287e-05,1.73539381011461e-05,-9.80495389167372e-06,-9.81893306863324e-06,1.0465758986945e-05,1.88897419791626e-05,2.01342536592371e-06,1.58447940428488e-05,6.43598005687557e-06,-4.55159040047485e-05
2018/04/16,0.000232801750387992,8.9994094003588e-06,-1.19630376323558e-05,-1.64144493298086e-05,-5.16275327395716e-06,1.69590812631967e-05,4.50207858798219e-06,-2.19937246508569e-05,-1.45918517100992e-05,9.6899963318238e-06,4.7510837360313e-06,7.66181252913828e-06,-1.50345997513583e-05,-2.26617958880869e-05
2018/04/17,0.000233164102534914,9.73889627618136e-06,-1.13141619191035e-05,-1.91880076512926e-05,5.19991604130704e-06,5.89699631227179e-06,1.6012594146496e-05,-1.33345179357114e-05,-2.40465937160542e-05,-1.16992809254584e-05,-2.1079539564371e-06,-1.65698969324631e-05,2.19253976382833e-06,4.50583679615213e-05
2018/04/18,0.000233560064786318,1.01523119690694e-05,-1.03590847492289e-05,-2.00029446470598e-05,1.41826091115024e-05,-8.79686937019857e-06,1.49599325973542e-05,7.79243403410173e-06,-6.79015564435688e-06,-1.78502193391685e-05,-4.63592218670609e-06,-4.87814485656882e-06,1.35605345108414e-05,2.05844537841004e-05
2018/04/19,0.000233990711337824,1.02156495348248e-05,-9.16123700480887e-06,-1.87632856388126e-05,1.94882673105278e-05,-1.78594510588628e-05,1.42913985147499e-06,2.13522846827354e-05,1.85558111132014e-05,-1.17825751418737e-06,2.24278839993855e-06,1.6797163303114e-05,-9.85431100049378e-06,-3.04302733164758e-05
2018/04/22,0.000234456866019514,9.91079479257404e-06,-7.78472881760256e-06,-1.55823931159545e-05,1.97724146305429e-05,-1.56628620047198e-05,-1.41046945332729e-05,1.46923727783698e-05,2.37422413497503e-05,1.66892334653433e-05,4.54591583235605e-06,2.14634398982829e-06,-7.66042942916946e-06,-2.61460749575596e-05
2018/04/23,0.000234959094082707,9.22587099168118e-06,-6.29059878508232e-06,-1.0771235333335e-05,1.49875785798558e-05,-3.7099205871902e-06,-1.88780077742039e-05,-5.64057240952058e-06,2.44367882987714e-06,1.29737520950651e-05,-2.41148108952158e-06,-1.65510386706553e-05,1.39374491035896e-05,7.13064309667327e-05
2018/04/24,0.000235497694819363,8.1554898826629e-06,-4.73374447006848e-06,-4.80661869339378e-06,6.39184908435574e-06,1.04091504690073e-05,-8.32223444818511e-06,-2.03651649176029e-05,-2.20553396312827e-05,-7.17692746550561e-06,-4.48740310192121e-06,4.47555317903231e-07,-4.73830342167287e-07,0.000122082523496835
2018/04/25,0.000236072694991364,6.7009049935395e-06,-3.16070856424823e-06,1.71730379628856e-06,-3.78054460448734e-06,1.78653976003506e-05,9.67995650621142e-06,-1.58013907010012e-05,-2.2351000991837e-05,-1.77627786810571e-05,2.60654306728712e-06,1.58721052632415e-05,-1.31820504410433e-05,-6.73904322346082e-05
2018/04/26,0.000236683842970708,4.870064261842e-06,-1.60842608147469e-06,8.14924739885051e-06,-1.29007477291582e-05,1.41277860548193e-05,2.06562932659508e-05,3.41003793658795e-06,2.35573321657151e-06,-5.50518018965363e-06,4.46570407981088e-06,-2.82771761802762e-06,7.9164879278315e-06,-0.000157346125494658
2018/04/29,0.000237330603696056,2.6775609400593e-06,-1.03962289453503e-07,1.38465640316649e-05,-1.86272779399974e-05,1.70469884486785e-06,1.51892344455478e-05,1.90411623214652e-05,2.48282253065763e-05,1.34662002146086e-05,-2.81967123358351e-06,-1.48146698121587e-05,8.12166143002653e-06,-2.84303299556796e-05
2018/04/30,0.000238012154862535,1.44483570929483e-07,1.33480506293942e-06,1.82398614133412e-05,-1.95108064218153e-05,-1.15594705589186e-05,-3.03414317651683e-06,1.66230661069219e-05,1.987620483757e-05,1.48261718350604e-05,-4.48495735886183e-06,4.93104327414033e-06,-1.21194452632125e-05,-7.33639681841129e-05
2018/05/01,0.000238727384447811,-2.70183314166149e-06,2.6976757021612e-06,2.08899244426251e-05,-1.53644742505415e-05,-1.74630249112017e-05,-1.96278108497775e-05,-1.1525300539475e-06,-7.33669327426339e-06,-2.71481322381976e-06,3.04203091778669e-06,1.34439139882326e-05,-8.29852829599961e-07,3.00010303619589e-06
2018/05/02,0.000239474889376741,-5.82815373839758e-06,3.97996629888695e-06,2.15312145394003e-05,-7.30413537617751e-06,-1.2523238046158e-05,-2.08778868521689e-05,-1.73977589328526e-05,-2.66505323245331e-05,-1.63131768327183e-05,4.54800288574562e-06,-6.70909543611882e-06,1.18600556005031e-05,-1.32515116215193e-06
2018/05/03,0.00024025297536148,-9.19577919971524e-06,5.17992578691293e-06,2.00976299519917e-05,2.55049002692613e-06,-5.00615769854998e-09,-5.08019185266105e-06,-1.71233213545354e-05,-1.64077529148713e-05,-8.75864197539322e-06,-3.26458211310361e-06,-1.18327585376434e-05,-5.92546367529222e-06,-3.25485233463971e-05
2018/05/06,0.000241059658002943,-1.27610700391102e-05,6.29598534018551e-06,1.67280491169502e-05,1.16340241936518e-05,1.22597547473914e-05,1.55335928757682e-05,-1.07589683340487e-06,1.21956314993037e-05,9.7045602546923e-06,-4.6563504739229e-06,8.12937099109775e-06,-7.65046951734706e-06,-0.000102094840158199
2018/05/07,0.000241892665234491,-1.64760481712379e-05,7.32411500866434e-06,1.17512556486369e-05,1.76057311911251e-05,1.67904804093554e-05,2.42756207244135e-05,1.54622491629663e-05,2.73605189489271e-05,1.5223626646394e-05,3.47840897465231e-06,1.00585518755301e-05,9.77789764468817e-06,0.000510490926701394
2018/05/08,0.000242749441114662,-2.02890694198249e-05,8.25555149873953e-06,5.65194141732561e-06,1.89560292485202e-05,1.10123039284999e-05,1.35344619609812e-05,1.72746178575076e-05,1.21196294779528e-05,1.19190199968009e-06,4.8102524365218e-06,-9.17590704429478e-06,1.45065921704631e-06,-9.47948136933169e-05
2018/05/09,0.000243627150223568,-2.41455583950251e-05,9.07513318796176e-06,-9.78610734420175e-07,1.53910996417456e-05,-1.32023323243409e-06,-8.63253509797985e-06,3.21605975734159e-06,-1.6623477311982e-05,-1.38508374031996e-05,-3.67498597487635e-06,-8.19965693609601e-06,-9.66421399120288e-06,-4.39023337334009e-05
2018/05/10,0.000244522681732771,-2.79887964818813e-05,9.7604341065461e-06,-7.50203818955683e-06,7.89676062450319e-06,-1.25854266165583e-05,-2.45339994600045e-05,-1.32725368477218e-05,-2.68777040044199e-05,-1.07126051641593e-05,-5.00885003868376e-06,9.84922487411814e-06,4.18818632134093e-06,-3.33033308562939e-05
2018/05/13,0.000245432654133795,-3.17607501317999e-05,1.02818330615078e-05,-1.32964828797937e-05,-1.53227700742353e-06,-1.60121946353586e-05,-2.09960826253813e-05,-1.70581284270587e-05,-7.25791745725509e-06,5.92109024773296e-06,3.84632408594342e-06,6.33199160038676e-06,6.167690737584e-06,-5.0906750702879e-05
2018/05/14,0.000246353421502167,-3.54029258801248e-05,1.06035823671502e-05,-1.78177733406814e-05,-1.04236907242599e-05,-9.72763937318151e-06,-2.84855800889156e-07,-5.20739710482491e-06,2.03348370783994e-05,1.43327431972138e-05,5.25033365056372e-06,-1.0165584802671e-05,-7.18838816171244e-06,-6.49166260714907e-06
2018/05/15,0.000247281081482131,-3.88572389508028e-05,1.06858587022941e-05,-2.06520452114102e-05,-1.64775855549871e-05,2.26814511815557e-06,2.12642958378604e-05,1.08772280502687e-05,2.5214015379422e-05,4.15564109056297e-06,-3.98497960053203e-06,-4.52560946036768e-06,-1.17211084405129e-06,-0.000110679696038544
2018/05/16,0.000248211484991688,-4.20668824151867e-05,1.0487694547066e-05,-2.15545870944539e-05,-1.81637956478788e-05,1.26661444912269e-05,2.61627712332431e-05,1.64657267961961e-05,2.12007929888779e-06,-1.08354449644049e-05,-5.53206195202019e-06,1.01555026034531e-05,6.77189687012304e-06,-8.08845287579396e-05
2018/05/17,0.000249140247557777,-4.49771840179431e-05,9.97060867777785e-06,-2.04711714001165e-05,-1.51106795324703e-05,1.52947600862793e-05,9.99230232061365e-06,6.99048528692311e-06,-2.30956112646485e-05,-1.13288675334316e-05,4.08404084727618e-06,2.84158502607483e-06,-3.01486622202988e-06,-9.6915649832082e-05
2018/05/20,0.000250062762354319,-4.7536437785636e-05,9.10268499462976e-06,-1.75399701980646e-05,-8.1861641175543e-06,8.74878406964351e-06,-1.46568408706301e-05,-8.3346511775933e-06,-2.24747642493937e-05,2.60431083541678e-06,5.85065319665321e-06,-9.86152873513892e-06,-3.70418004569886e-06,-3.57766582709523e-05
2018/05/21,0.000250974215006662,-4.96966979297664e-05,7.8627952656625e-06,-1.30741705605653e-05,7.46263693692246e-07,-2.90634261440942e-06,-2.80117100526265e-05,-1.55016458974477e-05,2.97193300755524e-06,1.24864931727851e-05,-4.13714066297221e-06,-1.32943024343009e-06,4.68640368183662e-06,-7.43709658669765e-05
2018/05/22,0.000251869600257791,-5.14145231175206e-05,6.2446276456865e-06,-7.52738222000468e-06,9.32844434799882e-06,-1.26670793462124e-05,-1.9019958069104e-05,-8.51008252486133e-06,2.47453690116632e-05,5.94022350242494e-06,-6.20205056602527e-06,9.3353929547419e-06,-1.3825440194515e-07,-3.62613274746326e-05
2018/05/23,0.000252743740493153,-5.26516601006137e-05,4.26017183610538e-06,-1.44566849014209e-06,1.53306663216895e-05,-1.47775725906958e-05,5.49376546847654e-06,5.71116897934604e-06,1.88497424658457e-05,-7.78128935608998e-06,4.13850887365388e-06,2.52062985736863e-08,-3.46479147748621e-06,-0.000108309988721816
2018/05/24,0.00025359130602225,-5.33756567790796e-05,1.94232573864243e-06,4.58864894438594e-06,1.72321386427262e-05,-8.08419882134401e-06,2.60121673101878e-05,1.41838348703598e-05,-7.70108205286378e-06,-1.076388867972e-05,6.58159897786054e-06,-8.63465718165706e-06,2.67977402669903e-06,-2.4823311018447e-05
2018/05/27,0.000254406836942942,-5.35603959485021e-05,-6.53671738362825e-07,1.00154932393623e-05,1.4607401489484e-05,3.36499213361005e-06,2.5909039066139e-05,9.71860671313006e-06,-2.52121332714888e-05,1.50911829431231e-07,-4.08302126518319e-06,1.04955411890801e-06,4.17032226631658e-07,0.000110988354463898
2018/05/28,0.00025518476644895,-5.31865421200475e-05,-3.45021253627781e-06,1.43517861695889e-05,8.22029567797393e-06,1.27605385668346e-05,4.95434314735877e-06,-3.07836714534667e-06,-1.4595897154674e-05,1.01482434712028e-05,-6.98411170343379e-06,7.81909792785054e-06,-2.63113098769475e-06,3.58621902377147e-05
2018/05/29,0.000255919445200913,-5.22418953315861e-05,-6.34884156449447e-06,1.72368934811908e-05,-1.94780727378537e-07,1.45460372394324e-05,-2.02550705097574e-05,-1.25441838027563e-05,1.17839020859858e-05,6.50535992164667e-06,3.96623139800227e-06,-1.88802488259344e-06,2.49251032442891e-06,-2.76225828330335e-05
2018/05/30,0.000256605166355704,-5.07216471270983e-05,-9.2333732494865e-06,1.84642825006892e-05,-8.40230149247711e-06,7.66740187257614e-06,-2.9479639418518e-05,-1.05792858953226e-05,2.45182801196386e-05,-5.18638260736962e-06,7.4039201728147e-06,-6.94705863326762e-06,1.07043218106262e-07,0.000160090594184011
2018/05/31,0.000257236191292623,-4.86285345678047e-05,-1.19745354057147e-05,1.79964540562811e-05,-1.42588909819974e-05,-3.81423341644963e-06,-1.51325919245194e-05,5.09651717869675e-07,1.00136097251836e-05,-9.36626721620403e-06,-3.78438166812194e-06,2.49732722559298e-06,-3.37070808320136e-06,9.21729092464623e-05
2018/06/03,0.000257806776040315,-4.59728894732349e-05,-1.44359613191651e-05,1.59620417323736e-05,-1.62730631189554e-05,-1.30941906137322e-05,1.14692132141362e-05,1.06277926908526e-05,-1.49955759643681e-05,-1.21078400870508e-06,-7.83490724703106e-06,6.07203613629782e-06,3.40943546316553e-06,2.48870764680507e-05
2018/06/04,0.00025831119811822,-4.27725817899695e-05,-1.64812452428102e-05,1.26358907349087e-05,-1.39852350011415e-05,-1.46148982664463e-05,2.9058240811008e-05,1.10685880188281e-05,-2.27773258551069e-05,7.84906214719907e-06,3.53438302331508e-06,-2.89686873827438e-06,1.35172074260808e-06,-9.27492870233856e-06
2018/06/05,0.000258743783806938,-3.90528569743183e-05,-1.79816831059341e-05,8.40472698275861e-06,-8.07121007683861e-06,-7.36769180626853e-06,2.34701260938649e-05,1.92307213360392e-06,-5.41915481187371e-06,6.04074246560548e-06,8.27050622843474e-06,-5.23975728051945e-06,-5.75605625238645e-06,5.53594525969334e-05
2018/06/06,0.000259098935991452,-3.48460684953445e-05,-1.88242478929122e-05,3.72250726409678e-06,-1.46344957274423e-07,4.43481941567876e-06,-9.1607737963927e-07,-8.49160699507015e-06,1.71891967702702e-05,-3.43480142405079e-06,-3.21376101112163e-06,3.11592870405162e-06,2.89964503912074e-06,-6.46511250292569e-05
2018/06/07,0.000259371162527299,-3.01913082331768e-05,-1.89193045910087e-05,-9.39454219255829e-07,7.67352971718559e-06,1.37651936991189e-05,-2.46179141711093e-05,-1.11779005686796e-05,2.01822099328549e-05,-7.63175166620966e-06,-8.70362614762316e-06,4.48597736278945e-06,5.14094943349643e-06,-4.98507630756812e-05
2018/06/10,0.000259555105026446,-2.51339390414132e-05,-1.820755620266e-05,-5.14205920188629e-06,1.33354461536659e-05,1.49240671156791e-05,-2.86617885146746e-05,-4.15270750632924e-06,1.11592806655861e-06,-1.48996260152855e-06,2.82063463628546e-06,-3.19070272808811e-06,-7.38963345135185e-06,-3.24728317507031e-05
2018/06/11,0.000259645568178894,-1.97250348786441e-05,-1.6665731702054e-05,-8.52235851673168e-06,1.53871905014631e-05,7.00914788396125e-06,-9.82023527096218e-06,6.202335558267e-06,-1.83074788407718e-05,6.07821534829216e-06,9.12654601283859e-06,-3.83514296460147e-06,-1.08552067632896e-06,-9.42005006336225e-05
2018/06/12,0.000259637549624518,-1.40207354203597e-05,-1.4310579741548e-05,-1.08272715038506e-05,1.33490705849021e-05,-5.39055084582203e-06,1.68006843184751e-05,1.09146476559474e-05,-1.69860228320928e-05,4.94622539211124e-06,-2.353777038245e-06,3.16105498336622e-06,9.64814423551035e-06,-5.41274394129123e-05
2018/06/13,0.000259526270294556,-8.08152352616784e-06,-1.12008156501235e-05,-1.19337743007914e-05,7.82463481913098e-06,-1.48030538983867e-05,2.99082331199488e-05,6.12048653035866e-06,2.63294321772179e-06,-2.69502674598602e-06,-9.53086460036124e-06,3.2999685967004e-06,-5.18068310462759e-06,-0.000154686794751973
2018/06/14,0.00025930720512675,-1.97143521630455e-06,-7.4367795909242e-06,-1.18538389672519e-05,3.25306669855647e-07,-1.53424602880254e-05,1.91100785431697e-05,-3.83354233943194e-06,1.83857671213006e-05,-6.09337337196063e-06,1.81272843044447e-06,-3.06725655139136e-06,-7.88246239513876e-06,-2.43729371710912e-05
2018/06/17,0.00025897611400678,4.24278699169199e-06,-3.15769484734419e-06,-1.07241622288448e-05,-7.14075444830036e-06,-6.39203019378915e-06,-6.81413019540356e-06,-1.03025227803393e-05,1.34771264969795e-05,-9.46259308350579e-07,9.90755559001187e-06,-2.88189514738654e-06,1.10923788859267e-05,1.39304871783683e-05
2018/06/18,0.000258529072865731,1.04925856192929e-05,1.4634410254733e-06,-8.78243345819106e-06,-1.26042285277509e-05,6.80335560207391e-06,-2.70665134802199e-05,-7.77919079925639e-06,-5.62782706705993e-06,5.15638907048472e-06,-1.1979013031384e-06,2.94696751622207e-06,1.92719741159536e-06,-8.30491447525707e-06
2018/06/19,0.000257962504558639,1.67085116637976e-05,6.22715156619317e-06,-6.33336213963008e-06,-1.46523149481878e-05,1.61571876838609e-05,-2.55706351786374e-05,1.46200227472177e-06,-1.75461286845474e-05,3.73639224706816e-06,-1.02471155458266e-05,2.57233900877314e-06,-1.37775977449632e-05,0.000144235065238739
2018/06/20,0.000257273209190382,2.28211663968097e-05,1.09166416202614e-05,-3.70875131872516e-06,-1.27928664280421e-05,1.56767176808753e-05,-3.78193646558954e-06,9.38023599584381e-06,-9.95117043444608e-06,-2.87118269758074e-06,5.10600676285933e-07,-2.83269678108575e-06,6.45517407094636e-06,4.45778584940654e-05
2018/06/21,0.000256458393648764,2.87621477280581e-05,1.53083750330271e-05,-1.22645562037497e-06,-7.57141964742919e-06,5.31813372817829e-06,2.06781808711059e-05,9.09517717717113e-06,7.74948780166323e-06,-5.1825556475707e-06,1.05396695153608e-05,-2.3546201650291e-06,1.13340598827011e-05,8.12034256943742e-05
2018/06/24,0.000255515699927718,3.44649869981065e-05,1.91835194738994e-05,8.46947126749569e-07,-4.1361790582996e-07,-8.72791031053313e-06,2.83156313091014e-05,8.35841311224586e-07,1.59831339613146e-05,-2.05990981723131e-08,2.47001634779208e-07,2.74992144025438e-06,-1.41109404652091e-05,0.000103063384596597
2018/06/25,0.000254443231921228,3.98660623101356e-05,2.2339635559519e-05,2.3255001105596e-06,6.76204009340607e-06,-1.76907466434959e-05,1.33588169885655e-05,-8.19954524760568e-06,6.68252895676313e-06,5.15508474741705e-06,-1.07749567502266e-05,2.20637096808587e-06,-3.8072886970033e-06,7.32242656826514e-05
2018/06/26,0.000253239580350276,4.49054748899186e-05,2.46019504090979e-05,3.12199247487623e-06,1.20564148960684e-05,-1.56921982298003e-05,-1.18667777251297e-05,-1.00497670503874e-05,-8.96817585454769e-06,2.90288840833441e-06,-1.07181847188156e-06,-2.71596078790543e-06,1.77027938189965e-05,-3.53623971279162e-05
2018/06/27,0.000251903845638318,4.95278757946844e-05,2.58335581017154e-05,3.2530201418374e-06,1.40906103889813e-05,-3.62696954666277e-06,-2.71122804169276e-05,-2.98740050694437e-06,-1.39426274710706e-05,-3.63962256688585e-06,1.09422677913858e-05,-2.10215847853725e-06,-6.58248914923972e-06,5.18837027934608e-06
2018/06/28,0.000250435658853286,5.36832314880357e-05,2.59439318184013e-05,2.83072015408255e-06,1.23638084079793e-05,1.11266798222538e-05,-2.05180719587016e-05,6.82277129157448e-06,-3.8978618530157e-06,-5.12404159259006e-06,1.95968618383349e-06,2.73963249889115e-06,-1.51198746220002e-05,-0.00013785927049203
2018/07/01,0.000248835200897403,5.732751779367e-05,2.48952117929679e-05,2.04250536332003e-06,7.3754566595443e-06,1.91885468813006e-05,2.12164027767781e-06,1.06400581754375e-05,9.34386994038957e-06,7.8833431061556e-07,-1.1030413935939e-05,2.01608145780131e-06,1.61246655071381e-05,0.000167145324878673
2018/07/02,0.000247103220003728,6.04233325550602e-05,2.27058452599614e-05,1.12153804042357e-06,4.82230356233257e-07,1.5151469749635e-05,2.24114538521795e-05,4.92747501467349e-06,1.16953929935407e-05,5.8966974605901e-06,-2.90511208403708e-06,-2.82164549106638e-06,6.50265571089036e-06,5.41584465781875e-05
2018/07/03,0.000245241047340344,6.29404180470018e-05,1.94512937520938e-05,3.11754698851934e-07,-6.46969024456348e-06,1.23664886696422e-06,2.43464457753388e-05,-5.31936504304218e-06,1.75448333154375e-06,2.79568760946592e-06,1.10278301935288e-05,-1.92409335900776e-06,-2.09954444252269e-05,-0.000137148016543293
2018/07/04,0.000243250610024905,6.48560848238446e-05,1.52616825967181e-05,-1.68127285106746e-07,-1.16377301788238e-05,-1.38598342600495e-05,6.9911441584278e-06,-1.08783278086614e-05,-9.01732084323131e-06,-4.54507995269061e-06,3.90107503759109e-06,2.95567922559086e-06,5.58050168430256e-06,8.20316427771829e-05
2018/07/05,0.000241134441613085,6.61555310775329e-05,1.03164412221999e-05,-1.57089166731485e-07,-1.36700501179959e-05,-2.03878815853498e-05,-1.52410423787845e-05,-6.6009677002291e-06,-9.50804456969721e-06,-5.90035126059989e-06,-1.09227785901021e-05,1.80587023782841e-06,1.88023246890195e-05,1.48465965298239e-05
2018/07/08,0.000238895690502707,6.68320535700408e-05,4.83615753662171e-06,4.2332791488022e-07,-1.20581487296406e-05,-1.38622789713939e-05,-2.45716186974204e-05,3.76209611942956e-06,-3.25728040418284e-07,1.04334773551811e-06,-4.93895951086411e-06,-3.12999883242121e-06,-1.69410574571752e-05,-6.80388313986405e-06
2018/07/09,0.000236538126151544,6.6887147025407e-05,-9.27966833014197e-07,1.55497397004222e-06,-7.26308255821247e-06,1.83038155712146e-06,-1.41305837804403e-05,1.07902425993029e-05,8.19254068860737e-06,7.01471373169011e-06,1.07035979602053e-05,-1.64604468055465e-06,-9.66754418376156e-06,-0.000174670501647937
2018/07/10,0.000234066143183135,6.63304905411892e-05,-6.70652846754686e-06,3.12175965049934e-06,-5.84077292779628e-07,1.67037520598864e-05,6.98330411275011e-06,7.96451198755657e-06,7.61406408159736e-06,3.55656079771526e-06,6.00861551701873e-06,3.32936837058098e-06,2.32964226421661e-05,9.4214612816231e-05
2018/07/11,0.000231484763604286,6.51798212115389e-05,-1.222555224801e-05,4.92142788357141e-06,6.19331460180109e-06,2.10265122359184e-05,2.15846620394206e-05,-2.22341196979033e-06,-4.04712086203793e-07,-5.10911211220839e-06,-1.03589140780062e-05,1.43475809122409e-06,-3.62313423919308e-06,5.16795770656512e-05
2018/07/12,0.000228799637038881,6.3460696145838e-05,-1.72206095086804e-05,6.6892261220759e-06,1.12743575728587e-05,1.17155092885315e-05,1.84314542814228e-05,-1.04121237868043e-05,-7.11208620206692e-06,-7.2694519068501e-06,-7.09841520758296e-06,-3.53696456366309e-06,-2.19376310867768e-05,-5.55295981871829e-05
2018/07/15,0.00022601703838019,6.12061448773547e-05,-2.14506531106034e-05,8.13081468431152e-06,1.33300990341965e-05,-5.45019660837345e-06,9.1759635034926e-07,-8.98668346651252e-06,-6.18823972820215e-06,4.60462846243067e-07,9.8778488630434e-06,-1.16756791088378e-06,1.65215381697785e-05,0.000195413797619108
2018/07/16,0.000223143862873519,5.8456216395028e-05,-2.47107983389299e-05,8.96058040852783e-06,1.18444098737141e-05,-1.93909318159505e-05,-1.63224667589089e-05,7.72738714248152e-07,5.38454348078995e-07,8.03764194918243e-06,8.19526459876163e-06,3.73606645326665e-06,1.2874609494201e-05,3.63173518052613e-05
2018/07/17,0.000220187618793263,5.52574266954027e-05,-2.68433238097648e-05,8.94079001473505e-06,7.24241633933921e-06,-2.08855869936483e-05,-1.96477871006779e-05,9.78823868479031e-06,6.02797682969281e-06,5.08963880904342e-06,-9.25028680624704e-06,8.44823077398615e-07,-2.43619283164152e-05,-2.46860162169123e-05
2018/07/18,0.000217156417394185,5.16621135688081e-05,-2.77462559480153e-05,7.91680404229614e-06,7.68468516196626e-07,-8.69642277325195e-06,-7.25302909792406e-06,9.64756785676298e-06,5.32765274773318e-06,-4.9346924298375e-06,-9.28457285650352e-06,-3.91133949374615e-06,1.02373781299344e-06,0.000171538550660303
2018/07/19,0.00021405896039649,4.77277073600903e-05,-2.7379026614972e-05,5.84391590482503e-06,-5.85143901757812e-06,9.42468845337722e-06,1.00362080230672e-05,5.25548165415259e-07,-2.48594755889043e-07,-8.81182342388281e-06,8.46720802371588e-06,-4.70710956779094e-07,2.41300409949805e-05,2.27083174471402e-05
2018/07/22,0.000210904525254846,4.35159276173368e-05,-2.57648520360154e-05,2.80224664388619e-06,-1.0871014675037e-05,2.16515038573328e-05,1.81570257182706e-05,-8.96821066561153e-06,-5.17144421102737e-06,-1.0197322033466e-06,1.03502156609027e-05,4.04964248242012e-06,-1.49928283966054e-05,3.12979949526483e-05
2018/07/23,0.00020770294797308,3.90919159693158e-05,-2.29896634867685e-05,-1.00257679594767e-06,-1.29851208585604e-05,1.98122549587668e-05,1.12850515569239e-05,-9.93787364095866e-06,-5.04116282266664e-06,8.49245149458834e-06,-7.52105514618857e-06,5.22069132927493e-08,-1.56636619487676e-05,-2.80167141661092e-05
2018/07/24,0.000204464603551776,3.4523316879565e-05,-1.91976139921326e-05,-5.25364168242181e-06,-1.16690303127461e-05,4.87354734251066e-06,-3.99926999037388e-06,-1.61360469941789e-06,-2.4226503751255e-07,7.06860992526645e-06,-1.13745531077929e-05,-4.14040584615935e-06,2.41001566685795e-05,0.00011216615030086
2018/07/25,0.000201200384346157,2.98793189336078e-05,-1.45833814549738e-05,-9.55084527044328e-06,-7.30711302721073e-06,-1.35138164760743e-05,-1.48251290691081e-05,8.00458568753679e-06,4.72470615291391e-06,-3.80912554469135e-06,6.40609286643493e-06,4.01930680011401e-07,1.79604230518442e-06,-3.63676501293451e-05
2018/07/26,0.000197921676476859,2.52296697070507e-05,-9.38167624413836e-06,-1.34502174112205e-05,-1.07963537499957e-06,-2.32402906547438e-05,-1.28657994064932e-05,9.85755136863184e-06,5.24890175788249e-06,-1.00227711519118e-05,1.23385336718982e-05,4.17568047905622e-06,-2.50853138934308e-05,5.582169067556e-05
2018/07/29,0.000194640334279153,2.06436774422879e-05,-3.85452804046896e-06,-1.65104579637533e-05,5.35899123129043e-06,-1.77235126328369e-05,-7.77061816241052e-07,2.44062170331948e-06,6.90024635344887e-07,-3.20037651497011e-06,-5.11872136595891e-06,-8.82038878576869e-07,1.26414424987516e-05,-6.40543945773414e-05
2018/07/30,0.000191368653045806,1.61892132799388e-05,1.72293868035525e-06,-1.83417343326019e-05,1.032229696158e-05,-3.8122162789294e-07,1.07658834386942e-05,-6.95110479234684e-06,-4.79791643862257e-06,8.02866590960354e-06,-1.32218770931793e-05,-4.14995461615472e-06,1.75998686536813e-05,3.39932889311391e-05
2018/07/31,0.000188119340228417,1.19317276774399e-05,7.07743585570595e-06,-1.86513788874225e-05,1.25353703269513e-05,1.74582278471462e-05,1.24149799665307e-05,-9.41421307723072e-06,-5.79185565708545e-06,9.00807880259935e-06,3.65771402561781e-06,1.37823585189727e-06,-2.25936136494054e-05,1.33269506888387e-05
2018/08/01,0.000184905485182821,7.93329432674856e-06,1.19522955932589e-05,-1.7281312447578e-05,1.146270095543e-05,2.39490246057894e-05,3.75344363637357e-06,-2.96248374367371e-06,-8.60029089671181e-07,-1.7742729845173e-06,1.40033200894491e-05,4.05982806735176e-06,-4.35656679991135e-06,-3.14007273918712e-05
2018/08/02,0.000181740527353805,4.2516942777068e-06,1.61212523432435e-05,-1.42327860241026e-05,7.43564085424138e-06,1.46033117633811e-05,-7.05319945771486e-06,5.86180528827547e-06,5.41385023513399e-06,-1.04461652682176e-05,-2.02437109355037e-06,-1.88088692921893e-06,2.46576633333045e-05,1.75266633237127e-05
2018/08/05,0.000178638222897541,9.39552604627592e-07,1.94004207474805e-05,-9.67529925023165e-06,1.549541862785e-06,-4.59279397185639e-06,-1.07634293711017e-05,8.62201287600161e-06,6.45080219659317e-06,-5.666405240103e-06,-1.46608841424951e-05,-3.90360158224917e-06,-9.88249933634599e-06,5.46893597093541e-05
2018/08/06,0.000175612609820381,-1.95646056148703e-06,2.16577669139977e-05,-3.93818641395457e-06,-4.63771767160484e-06,-2.0992219729225e-05,-4.94917228809584e-06,3.141347884546e-06,5.578818079548e-07,6.52578019004231e-06,2.22608416727084e-07,2.38085098483634e-06,-1.83373269223128e-05,-2.2823762431805e-05
2018/08/07,0.000172677971646244,-4.39635363732858e-06,2.28195150888306e-05,2.51481496151334e-06,-9.52208572792275e-06,-2.36133872680174e-05,4.45617696711415e-06,-4.79076620439195e-06,-6.50223764964839e-06,1.03904357595722e-05,1.51721389009349e-05,3.68084566817139e-06,2.0095302410032e-05,5.83466290848964e-05
2018/08/08,0.000169848799781186,-6.3474515224677e-06,2.28731119144797e-05,9.12587784666021e-06,-1.18722209552919e-05,-1.05012049672626e-05,8.9027190807608e-06,-7.50127819388071e-06,-6.97299128005161e-06,8.66297579083722e-07,1.740956509713e-06,-2.86955457294631e-06,6.18806194687494e-06,3.40318768331421e-05
2018/08/09,0.000167139754720625,-7.78493861764512e-06,2.186657517431e-05,1.52945227457248e-05,-1.11405538481788e-05,9.81591379098743e-06,4.8866976615824e-06,-2.94547134252465e-06,3.43315393909579e-07,-9.80914095497062e-06,-1.55144851371145e-05,-3.39200696955825e-06,-2.28761455905516e-05,3.15896297340424e-06
2018/08/12,0.000164565626002082,-8.69229911856043e-06,1.99042710114843e-05,2.04351657740719e-05,-7.58755227616277e-06,2.3855279283882e-05,-3.2613284970807e-06,3.79213256710257e-06,7.90488912569157e-06,-7.8863460586029e-06,-3.85688108817952e-06,3.33897001612712e-06,7.20200450673486e-06,5.57100687514096e-05
2018/08/13,0.000162141291017944,-9.06164774955261e-06,1.71393815507356e-05,2.40350218024352e-05,-2.19182533627223e-06,2.21212428723811e-05,-7.70381491257687e-06,6.07848890587139e-06,7.1039061144039e-06,4.14660194052973e-06,1.56655073973646e-05,3.03810440895748e-06,1.76713276152419e-05,0.000134507414372536
2018/08/14,0.000159881672813623,-8.89394540603496e-06,1.37635294880102e-05,2.57064558494224e-05,3.62388286343023e-06,5.53198046339818e-06,-4.40967027159045e-06,2.34918637673483e-06,-1.88256686858819e-06,1.08136759233116e-05,6.11278686083868e-06,-3.78152149196793e-06,-1.69936981886315e-05,0.000128610231588044
2018/08/15,0.00015780169660174,-8.19909603160531e-06,9.99420440497116e-06,2.52283397596995e-05,8.37311674321582e-06,-1.50204565544684e-05,3.22519046028686e-06,-2.92018514873915e-06,-9.39148731574124e-06,3.61667137161394e-06,-1.56033653662447e-05,-2.62051552956982e-06,-6.89800315546312e-06,5.41128897603043e-05
2018/08/16,0.000155916244771239,-6.99592233639827e-06,6.06077711647345e-06,2.25720089189567e-05,1.08894630143028e-05,-2.58059201233526e-05,7.67592244190187e-06,-4.38645155672209e-06,-6.62068216964554e-06,-8.11670520295489e-06,-8.49328975422009e-06,4.18992492728749e-06,1.993931505442e-05,-5.2936685101288e-05
2018/08/19,0.000154240110658775,-5.3120186668441e-06,2.18998333721142e-06,1.79089205039749e-05,1.06134397477034e-05,-1.94218319661275e-05,4.42239440215572e-06,-1.332984352346e-06,4.00013159442979e-06,-9.3668450513684e-06,1.53071991150517e-05,2.14085288985775e-06,-5.08845769838497e-06,5.71471054859111e-05
2018/08/20,0.000152787951623193,-3.1834803854019e-06,-1.40820206167883e-06,1.15989338972016e-05,7.71169063269241e-06,1.26480514297132e-07,-3.66695131972951e-06,2.22975907700411e-06,1.06847768881095e-05,1.30311337162946e-06,1.09800113876145e-05,-4.55695368059957e-06,-1.55623794528e-05,-5.1311750491532e-05
2018/08/21,0.000151574241757195,-6.54510908408395e-07,-4.55339789066279e-06,4.16007862693047e-06,3.00460863079203e-06,1.99169097656109e-05,-8.8252646756414e-06,2.46524345111264e-06,5.36331133268793e-06,1.0125613175997e-05,-1.47574857375586e-05,-1.60090943512999e-06,1.37567948297899e-05,5.5584767077285e-05
2018/08/22,0.000150613224306036,2.22309050641518e-06,-7.10553085294108e-06,-3.77745093447845e-06,-2.27021811063101e-06,2.66384129297458e-05,-5.61687958854606e-06,-1.15660830071997e-07,-6.53798647062229e-06,5.94209950485807e-06,-1.35516308728901e-05,4.87517842542282e-06,6.21777809326423e-06,-5.40734261055612e-05
2018/08/23,0.000149918863956601,5.39055562102686e-06,-8.97273504953502e-06,-1.15287217281396e-05,-6.78966328171478e-06,1.55353962907328e-05,3.67677990631061e-06,-1.7762384382493e-06,-1.14924219608e-05,-5.65830036917042e-06,1.39363627184712e-05,1.00269189312052e-06,-1.61814214252096e-05,4.50568518665555e-05
2018/08/26,0.000149504799092968,8.78288246813333e-06,-1.01159172524518e-05,-1.84173708536274e-05,-9.48137462481532e-06,-6.23730630957338e-06,1.06492536986029e-05,-3.63073288361272e-07,-3.25968052975429e-06,-9.81813744254097e-06,1.61839759474397e-05,-5.13670580761928e-06,3.97441592905198e-06,-3.96657610274519e-05
2018/08/27,0.000149384294275964,1.23296713853029e-05,-1.05496811464224e-05,-2.38386239043458e-05,-9.77796572584153e-06,-2.4209682001925e-05,8.25737713800099e-06,2.00114991235291e-06,9.25186642999618e-06,-1.48235013496018e-06,-1.2827941661206e-05,-3.48555620181577e-07,1.21290478600037e-05,1.15939319326184e-06
2018/08/28,0.000149570193132781,1.59560526451024e-05,-1.03395402125268e-05,-2.73158363788085e-05,-7.72874288328635e-06,-2.62001298045763e-05,-2.38558062312808e-06,1.61489936512342e-06,1.15419477345566e-05,8.46990630517675e-06,-1.88501798626053e-05,5.33293792807072e-06,-1.08745227606924e-05,3.50275954148132e-05
2018/08/29,0.000150074871893851,1.95836951098725e-05,-9.59559350348908e-06,-2.85449875050991e-05,-3.94945244501038e-06,-1.05602033890801e-05,-1.22659365359769e-05,-1.86336144426414e-06,3.41601971562593e-07,7.44986240764752e-06,1.14186167666606e-05,-3.585390700664e-07,-4.02072389566988e-06,-1.18348503609382e-05
2018/08/30,0.000150910193719672,2.3131883866071e-05,-8.46307591140121e-06,-2.74227431469682e-05,5.66064109391092e-07,1.25137371954016e-05,-1.20757924567954e-05,-4.31852016701905e-06,-1.18335797332247e-05,-2.89328531469907e-06,2.15208996465764e-05,-5.45439353277687e-06,1.20275165479766e-05,-3.95479048222045e-05
2018/09/02,0.000152087463908312,2.65186534923693e-05,-7.11040911427221e-06,-2.40553441095513e-05,4.71429592591632e-06,2.76172823790581e-05,-7.71549572738827e-07,-1.79974699585211e-06,-1.06149904820797e-05,-9.23177822085003e-06,-9.6973565308588e-06,1.11466020769425e-06,-4.20042103068893e-06,-0.000100970759856458
2018/09/03,0.00015361738612732,2.96619626000721e-05,-5.71555702535674e-06,-1.87474996625925e-05,7.55629763979812e-06,2.44090834279093e-05,1.26458213001403e-05,4.14885501702584e-06,3.24997228075062e-06,-3.75880187173085e-06,-2.41645651292057e-05,5.49061872495374e-06,-7.62389988443336e-06,4.62933264553494e-05
2018/09/04,0.000155510019847065,3.24808944063691e-05,-4.45161816814728e-06,-1.19724734401587e-05,8.52817920872805e-06,4.67402527326349e-06,1.63033522929587e-05,7.05212110811131e-06,1.39413815218406e-05,6.20104490913508e-06,7.65600448069169e-06,-1.91444926813562e-06,8.81566787847813e-06,-2.79361500501997e-05
2018/09/05,0.000157774739046922,3.4896867219009e-05,-3.47265732201082e-06,-4.32643075871585e-06,7.54108385723714e-06,-1.86364653843977e-05,5.86270945927276e-06,2.38202993395332e-06,8.57720868233855e-06,7.99000898482819e-06,2.67476330173997e-05,-5.43023104652194e-06,3.21431285783744e-07,4.87407302490235e-06
2018/09/06,0.000160420191953868,3.68348378203973e-05,-2.90078360901829e-06,3.52832227764937e-06,4.95701020641839e-06,-2.98969088882478e-05,-1.08898189290072e-05,-6.41997264273722e-06,-7.27137737378076e-06,-2.81213223302212e-07,-5.28965032731279e-06,2.75058866903521e-06,-7.95527608152211e-06,4.75670501475597e-05
2018/09/09,0.000163454261756201,3.82244807498157e-05,-2.81541878445851e-06,1.09254988223061e-05,1.46026119056547e-06,-2.12673164700904e-05,-1.98316713576239e-05,-1.0174349757456e-05,-1.52354481596947e-05,-7.82864032608248e-06,-2.92349094428424e-05,5.26110910700267e-06,5.99573972874221e-06,8.26594029436152e-05
2018/09/10,0.000166884028421071,3.90013267905296e-05,-3.24557164940082e-06,1.72561949508794e-05,-2.13124347907404e-06,1.87484090492967e-06,-1.23849645480022e-05,-3.40844948806175e-06,-5.40065781009272e-06,-5.26147457292813e-06,2.59703117421373e-06,-3.61323996209598e-06,2.41016850902522e-06,-2.25239892409928e-05
2018/09/11,0.000170715731787106,3.9107844326465e-05,-4.16574979929418e-06,2.20234162208746e-05,-5.06092730916507e-06,2.42791299004277e-05,6.48587450080843e-06,8.59569937639499e-06,1.13938250990976e-05,3.73787711680876e-06,3.1589974902873e-05,-4.97073811229904e-06,-7.99698478214691e-06,-6.08679732279507e-05
2018/09/12,0.000174954736076243,3.8494447709968e-05,-5.49590877292723e-06,2.48845054552973e-05,-6.78710192548809e-06,3.08670718368339e-05,2.14645201517761e-05,1.36441640595251e-05,1.54147644616173e-05,7.6381716137424e-06,4.19101434496763e-07,4.48949175758254e-06,4.7271510478061e-06,-2.64291149064734e-05
2018/09/13,0.000179605495926995,3.71204174472206e-05,-7.10557438716122e-06,2.56775295263522e-05,-7.06563055386703e-06,1.68627110759082e-05,1.93257842979943e-05,4.91834866986926e-06,1.17611317220077e-06,1.83820330400112e-06,-3.37757087702779e-05,4.54673233086794e-06,4.46362045518518e-06,1.23299575047121e-05
2018/09/16,0.000184671523899172,3.49547177730811e-05,-8.82199277499527e-06,2.44293980225947e-05,-5.95560367937329e-06,-8.78854028735968e-06,5.15159965860567e-07,-1.05892927720273e-05,-1.52305670934928e-05,-5.94472467531152e-06,-3.75174177703306e-06,-5.36287426307744e-06,-9.46095989324758e-06,-1.51035024447904e-05
2018/09/17,0.000190155359406548,3.19766984088758e-05,-1.04418818887946e-05,2.1345408493753e-05,-3.76279407754311e-06,-2.9136308845244e-05,-2.02031368255562e-05,-1.74062213219252e-05,-1.42517873530611e-05,-5.92773535775459e-06,3.57548310979077e-05,-3.97756525576783e-06,3.05910280876088e-06,0.000117690030709801
2018/09/18,0.000196058539331712,2.81766691035925e-05,-1.17460965899119e-05,1.67818316328179e-05,-9.48152670843713e-07,-3.04219525351424e-05,-2.53475370806743e-05,-6.94069736832579e-06,3.88597062239594e-06,1.44822775159306e-06,7.38953626758043e-06,6.21299499248287e-06,8.75126094989175e-06,-1.29605944071684e-05
2018/09/19,0.00020238157059868,2.35563371779848e-05,-1.25162958592025e-05,1.12048597244657e-05,1.96973614769839e-06,-1.13605798983298e-05,-9.44547534747821e-06,1.23109395339704e-05,1.83711362425888e-05,6.61851447531809e-06,-3.7490361154137e-05,3.25353196381871e-06,-1.083603199584e-05,-2.80888160953701e-06
2018/09/20,0.000209123904737714,1.81290997187777e-05,-1.25525304830025e-05,5.14056677786335e-06,4.49705630564532e-06,1.57423683844236e-05,1.55007115391376e-05,2.1390908786512e-05,1.16215169100693e-05,3.28778306150891e-06,-1.13167266958291e-05,-7.01533572351984e-06,-2.03613081070618e-06,8.6303807491406e-05
2018/09/23,0.000216283914692381,1.19201841706375e-05,-1.16905638463835e-05,-8.78661537082035e-07,6.22344903994824e-06,3.29430125210403e-05,2.90546280987542e-05,9.49144551905489e-06,-9.46618634523426e-06,-3.9298565745339e-06,3.89460240423118e-05,-2.36792272624005e-06,1.45489295919701e-05,-5.10043966466244e-05
2018/09/24,0.000223858873933264,4.96663279737859e-06,-9.81770742200934e-06,-6.36555427955464e-06,6.86014618536288e-06,2.85354362962959e-05,1.9100949702656e-05,-1.36708087663389e-05,-2.04195372186366e-05,-5.85819551775436e-06,1.55130625441041e-05,7.74129213294591e-06,-8.27093896179236e-06,-7.21706514259213e-05
2018/09/25,0.000231844937723269,-2.68287170918089e-06,-6.88600020212456e-06,-1.09219567880277e-05,6.26674087681915e-06,4.99267890641818e-06,-7.42996889139929e-06,-2.55150543798785e-05,-7.52209792509013e-06,-4.11544103673697e-07,-4.00866937862106e-05,1.31836203143219e-06,-1.12900293323095e-05,-1.68705024200441e-05
2018/09/26,0.000240237126818588,-1.09683394699535e-05,-2.92168639770399e-06,-1.42710772852404e-05,4.47408918624682e-06,-2.24013793364782e-05,-2.92857303776012e-05,-1.2571051587981e-05,1.51577901202751e-05,5.22529785356271e-06,-1.99537025833145e-05,-8.35856108254404e-06,1.75935780693646e-05,-5.07503539272205e-05
2018/09/27,0.000249029314133259,-1.98189630159351e-05,1.9698554247171e-06,-1.62750498944974e-05,1.70286746921169e-06,-3.54870667026439e-05,-2.79397399749941e-05,1.45826881234213e-05,2.10329311059638e-05,4.04954261770313e-06,4.08789656689544e-05,-1.0819076620163e-07,1.09384624720193e-06,-8.12670004361598e-05
2018/09/30,0.000258214214752754,-2.91537588482603e-05,7.60431591081773e-06,-1.69365778356749e-05,-1.63252374317109e-06,-2.52640218380545e-05,-3.27192394572516e-06,2.96834246649547e-05,2.0848952184332e-06,-2.08062848729921e-06,2.46092195530159e-05,8.83198633798493e-06,-2.10560647641144e-05,-3.29865569756612e-05
2018/10/01,0.000267783379464809,-3.88823548755786e-05,1.37240643681566e-05,-1.63852125778737e-05,-4.95113253932425e-06,1.95014018767313e-06,2.53699733048817e-05,1.61622852620927e-05,-2.04975535028432e-05,-5.26591270887503e-06,-4.12918203473925e-05,-1.25222752657858e-06,1.2698160557047e-05,-9.29547890661944e-05
2018/10/02,0.000277727191799973,-4.89059159619186e-05,2.00090966318444e-05,-1.4850517784781e-05,-7.57806899294215e-06,2.84354801282937e-05,3.43579933333185e-05,-1.49680518947449e-05,-1.99572939745828e-05,-1.72132466058288e-06,-2.94457522768755e-05,-9.12487332506886e-06,1.56731149135052e-05,7.43139220645616e-05
2018/10/03,0.000288034868626502,-5.91181979014244e-05,2.60929043010136e-05,-1.26257771242607e-05,-8.86536551978323e-06,3.66255038416049e-05,1.52907908177346e-05,-3.3791049186575e-05,4.42732251799417e-06,3.75755559393433e-06,4.12972964962716e-05,2.7444147140655e-06,-2.44985006270212e-05,-4.05897665500562e-05
2018/10/04,0.000298694464362291,-6.94067183374816e-05,3.15825109547997e-05,-1.00268830307778e-05,-8.345553101464e-06,2.07542979334548e-05,-1.7294461415369e-05,-2.02286818142529e-05,2.50033142033304e-05,4.24079131451139e-06,3.44252938456221e-05,9.20073159994617e-06,-1.94945493740855e-06,-3.32596515772015e-05
2018/10/07,0.00030969287861263,-7.96540317522186e-05,3.60816174896659e-05,-7.35148618504918e-06,-5.88348581578745e-06,-9.12796316051587e-06,-3.69862257128238e-05,1.47602750448973e-05,1.70565485313674e-05,-5.93698608264592e-07,-4.08710723586479e-05,-4.34102875553424e-06,2.86350169346664e-05,-1.63793442643854e-05
2018/10/08,0.00032101586726962,-8.97390937679149e-05,3.92155510755639e-05,-4.84334364493959e-06,-1.78009932711701e-06,-3.35448567381072e-05,-2.69362782738194e-05,3.77265979662152e-05,-1.16342496977437e-05,-4.41764451040115e-06,-3.95060337540324e-05,-9.02536632398749e-06,-1.58502910854422e-05,7.12024081210599e-06
2018/10/09,0.00033264805721996,-9.95386983884131e-05,4.06565368665183e-05,-2.66609385611699e-06,3.21650015249083e-06,-3.63088595677281e-05,5.75153487155191e-06,2.47141973839834e-05,-2.82148397796294e-05,-2.50113090016195e-06,3.99929426453849e-05,6.00558873320707e-06,-2.1798968346574e-05,-4.53427670344727e-05
2018/10/10,0.000344572964879538,-0.000108928970468258,4.01477214946372e-05,-8.89488236731514e-07,8.01933253107923e-06,-1.52449000196805e-05,3.49486828554482e-05,-1.39084513517301e-05,-1.23324361534991e-05,2.45560101964878e-06,4.46427042685826e-05,8.56921862647873e-06,3.10050516357851e-05,-3.01840310812986e-05
2018/10/11,0.000356773018718937,-0.000117786894777441,3.75243804926921e-05,5.10443924276997e-07,1.14256683871559e-05,1.617941998115e-05,3.64154406262543e-05,-4.1376368942027e-05,1.90627151673417e-05,4.07006172142611e-06,-3.86472368804814e-05,-7.69279804870003e-06,4.77847648482401e-06,-2.1424326855409e-05
2018/10/14,0.000369229585652677,-0.000125991862648031,3.27308411951049e-05,1.63755270032707e-06,1.24137990780746e-05,3.74994678582545e-05,7.94008974834872e-06,-2.95438654778794e-05,2.97343267547878e-05,4.6564589351411e-07,-4.97869304051487e-05,-7.80979485193248e-06,-3.68251658690399e-05,5.12263103709434e-05
2018/10/15,0.000381923001105984,-0.000133427216717541,2.58318471440919e-05,2.65001707150496e-06,1.04415558107303e-05,3.46005402189277e-05,-2.80391229885793e-05,1.23806113527521e-05,5.93336065611117e-06,-3.56462239001212e-06,3.68232121910127e-05,9.34953424993173e-06,1.73143214258683e-05,-0.000165253039130784
2018/10/16,0.000394832602822408,-0.000139981773633003,1.70173715709586e-05,3.72655494193583e-06,5.6609729228667e-06,9.04611115267031e-06,-4.2127738728739e-05,4.46284924558499e-05,-2.6180108368617e-05,-2.88803925513086e-06,5.48876035271702e-05,6.73398821311483e-06,2.94148313724018e-05,-6.19338689938855e-05
2018/10/17,0.000407936768521052,-0.000145551304432525,6.60024092154808e-06,5.02896287945716e-06,-1.02601501092652e-06,-2.27692403500492e-05,-2.20226392747758e-05,3.46252318972433e-05,-2.92631890645618e-05,1.45073034138071e-06,-3.45154540314595e-05,-1.09165154270577e-05,-3.65656288275708e-05,0.000106121051858244
2018/10/18,0.000421212957514568,-0.000150039952542445,-4.99366463414651e-06,6.66612109942765e-06,-8.11082349941315e-06,-4.01760406280794e-05,1.67847932376507e-05,-1.01664785888943e-05,1.84858801673618e-06,3.7731286686319e-06,-5.98913446098793e-05,-5.34010267685032e-06,-9.60848138666891e-06,2.18530002936207e-06
2018/10/21,0.000434637756231918,-0.000153361570046449,-1.72424313604247e-05,8.66455084332463e-06,-1.38079615754841e-05,-3.16714118697142e-05,4.29297685436682e-05,-4.73777152216552e-05,3.24339869746781e-05,1.15950866292058e-06,3.17242699979429e-05,1.23305961393333e-05,4.5086199099266e-05,-0.000160956546419325
2018/10/22,0.00044818692773294,-0.000155440953506072,-2.95517098302793e-05,1.09499394873787e-05,-1.65027834206289e-05,-2.49464614022651e-06,3.45591847214942e-05,-3.98510979507059e-05,2.66322326835129e-05,-2.88321670477253e-06,6.47431068950927e-05,3.63940229311018e-06,-1.67810536494964e-05,4.53956673886532e-05
2018/10/23,0.000461835465423151,-0.000156214961570598,-4.1283828271234e-05,1.3342814691487e-05,-1.52056947389613e-05,2.86363830073737e-05,-2.39261638471004e-06,7.27926000885136e-06,-1.05923558941208e-05,-3.0817376762628e-06,-2.8456035865503e-05,-1.35276028735393e-05,-3.81331245129058e-05,9.94820346569716e-05
2018/10/24,0.000475557650803927,-0.000155633498484558,-5.17909874842343e-05,1.55698795481182e-05,-9.88573185654656e-06,4.15684839061304e-05,-3.83282639303644e-05,4.95302832346827e-05,-3.72949500142485e-05,7.53154875307235e-07,-6.93869072641449e-05,-1.65702157961894e-06,4.06627028534133e-05,2.50220539213655e-06
2018/10/25,0.000489327114837914,-0.00015366034953138,-6.04508019516629e-05,1.72905997238024e-05,-1.57631389547868e-06,2.77630719396275e-05,-4.37221444214999e-05,4.51033062877716e-05,-2.18227191934344e-05,3.54873749292534e-06,2.47234552950271e-05,1.44455409139645e-05,1.63156321869068e-05,-9.98751296844834e-05
2018/10/28,0.000503116902879623,-0.000150273855764212,-6.67022401336985e-05,1.81366796490474e-05,7.80069890046415e-06,-4.09993760810273e-06,-1.34095659150644e-05,-3.75611167287212e-06,1.97737308670976e-05,1.63536582759573e-06,7.37666299159466e-05,-5.67905205857904e-07,-5.28244230455255e-05,-8.52989686944413e-05
2018/10/29,0.000516899543243195,-0.000145467417174943,-7.00799126929759e-05,1.77603047303489e-05,1.58719260539636e-05,-3.36201238378252e-05,2.85743214017581e-05,-5.10080933777958e-05,4.02996660257648e-05,-2.44567312057644e-06,-2.05457280548895e-05,-1.50279477582956e-05,1.40651417703551e-05,4.37429927919162e-05
2018/10/30,0.000530647119365444,-0.000139249815774967,-7.02446702443007e-05,1.58856755598366e-05,2.04135848153504e-05,-4.17653991692697e-05,4.80654255782998e-05,-5.0257050924494e-05,1.49762175521441e-05,-3.2791778948986e-06,-7.78268447145389e-05,2.98298845880287e-06,4.74428545593366e-05,2.14590928332543e-05
2018/10/31,0.000544331345387681,-0.000131645352595055,-6.70086044722709e-05,1.23575954647445e-05,1.99645414476115e-05,-2.31360082738267e-05,2.86087618598617e-05,-3.42857833359645e-07,-2.88007652606243e-05,2.75076057492641e-07,1.5948646824831e-05,1.52271508463052e-05,-4.28374769535144e-05,2.32439475001225e-05
2018/11/01,0.000557923644835471,-0.000122693795255863,-6.03527939229328e-05,7.18080848008544e-06,1.42821100759939e-05,1.04938901905859e-05,-1.464909760973e-05,5.1751736905873e-05,-4.10904337791913e-05,3.51327327144794e-06,8.15136145079563e-05,-5.52420304233367e-06,-2.4615821648478e-05,-9.04779330088848e-05
2018/11/04,0.000571395232149778,-0.000112450135184185,-5.04364875967389e-05,5.44456348807463e-07,4.50125157307498e-06,3.76551733422344e-05,-4.67419460291832e-05,5.51853357677272e-05,-6.39172173921495e-06,2.06920210954964e-06,-1.09646592482242e-05,-1.50072012693513e-05,5.94190422623466e-05,-0.000233433542486621
2018/11/05,0.000584717196804043,-0.000100984156095727,-3.75968593997041e-05,-7.17261794859386e-06,-7.07032883485987e-06,4.09074961102799e-05,-4.11837488638514e-05,4.93654141390824e-06,3.70561834961572e-05,-2.22123804701409e-06,-8.47753091601573e-05,8.11831652060753e-06,-9.13411442212388e-06,3.11266384270358e-05
2018/11/06,0.000597860589861134,-8.8379817750494e-05,-2.23389715246028e-05,-1.54180710943045e-05,-1.74921099673145e-05,1.80247288546389e-05,-1.85337311167451e-06,-5.17228282491846e-05,3.94475986857971e-05,-3.62276583266221e-06,5.63291803523615e-06,1.43462947312967e-05,-5.67218886223887e-05,9.60666959845231e-05
2018/11/07,0.000610796512848524,-7.47344615004938e-05,-5.31612785767796e-06,-2.35038224056213e-05,-2.39410171029314e-05,-1.65214077697422e-05,3.96388381594503e-05,-5.97634822342186e-05,-3.49012168874971e-06,-1.27206301939082e-07,8.75635002616632e-05,-1.06859717938119e-05,4.27326478739944e-05,-0.000234665880488446
2018/11/08,0.000623496208363524,-6.01578471983739e-05,1.26986505420718e-05,-3.06630083398364e-05,-2.44799311458491e-05,-4.07439958345607e-05,4.93853265006673e-05,-9.92539739393066e-06,-4.39431683522448e-05,3.68745847601282e-06,7.81039436742906e-10,-1.32384654069824e-05,3.40541686125217e-05,-9.89757798624562e-05
2018/11/11,0.000635931151948721,-4.47710331997362e-05,3.08487705002791e-05,-3.61214518813031e-05,-1.86342607939085e-05,-3.91441975876394e-05,1.89289293699878e-05,5.09057864778138e-05,-3.53117670650838e-05,2.61516874083809e-06,-8.98339197979197e-05,1.31452304009995e-05,-6.42670557783748e-05,0.000303553648665326
2018/11/12,0.000648073145189104,-2.87051128586503e-05,4.82361050827089e-05,-3.91770448293837e-05,-7.60602434895999e-06,-1.26126575255657e-05,-2.74134978119771e-05,6.38738595043404e-05,1.41146149121039e-05,-2.10740655238923e-06,-5.88423809462749e-06,1.16943950498888e-05,2.14441088049217e-06,0.000327023451402915
2018/11/13,0.000659894409409281,-1.20998236531893e-05,6.39668096912797e-05,-3.92791270491807e-05,5.95523347922682e-06,2.20843248468176e-05,-5.19827779240914e-05,1.51951640636138e-05,4.89306441657186e-05,-4.18032499931969e-06,9.15474698423779e-05,-1.54153145860496e-05,6.52705394859646e-05,1.89347732275506e-05
2018/11/14,0.000671367678604755,4.8979522765599e-06,7.71985202892209e-05,-3.60994113047609e-05,1.8587500057893e-05,4.29221480890477e-05,-3.44239845865457e-05,-4.93083141207631e-05,2.87937179913089e-05,-6.06136836723385e-07,1.19593189044487e-05,-9.74125341916092e-06,-4.01497419107889e-05,-0.000135694994034491
2018/11/15,0.000682466290518013,2.21357765253034e-05,8.71863884985542e-05,-2.95863341736213e-05,2.69058300543826e-05,3.66030170837386e-05,1.1427055654609e-05,-6.74101021592944e-05,-2.48501190018127e-05,4.019117124191e-06,-9.26712312006862e-05,1.74203008748898e-05,-4.40157379805755e-05,-3.45272518176914e-05
2018/11/18,0.000693164275890048,3.94573127070362e-05,9.33254003495281e-05,-1.99959191413368e-05,2.85164124226411e-05,7.02875355031078e-06,4.84459639954204e-05,-2.06209809901785e-05,-5.15939473926816e-05,3.38332994619673e-06,-1.816264873702e-05,7.42161010371569e-06,6.68520636772558e-05,-0.000216523626380936
2018/11/19,0.000703436446394989,5.67040355334524e-05,9.51865590401472e-05,-7.89423742337638e-06,2.27065454043363e-05,-2.71269974265453e-05,4.63221499963014e-05,4.69610288682927e-05,-2.01712199212963e-05,-1.96758439586781e-06,9.31794357367121e-05,-1.9092516387805e-05,6.53927009436784e-06,0.000213114084486292
2018/11/20,0.000713258481109393,7.37169701516496e-05,9.25447813367429e-05,5.87082308826775e-06,1.07112846857981e-05,-4.42250640008041e-05,6.41777333345328e-06,7.02805229495477e-05,3.50310882470614e-05,-4.95869317190669e-06,2.44265372543264e-05,-4.79149784858936e-06,-7.23784689826088e-05,-0.000127984538152331
2018/11/21,0.000722607010567474,9.03384397590624e-05,8.5396752781062e-05,2.02277644245475e-05,-4.53544205992059e-06,-3.33742984415873e-05,-3.90389928726189e-05,2.60712462020008e-05,5.16476182618577e-05,-1.30743705061181e-06,-9.30543211392394e-05,2.03754509015092e-05,3.50999069337094e-05,-0.000479585698267245
2018/11/22,0.000731459697237144,0.000106413799272326,7.3967492388911e-05,3.39658508013906e-05,-1.91199238649025e-05,-1.36194002114303e-06,-5.30212275066269e-05,-4.3916459920145e-05,9.8739760795799e-06,4.40339583602566e-06,-3.0680056580933e-05,1.9178121444639e-06,5.37758472857794e-05,0.00056295673684813
2018/11/25,0.000739795312940274,0.000121793135272867,5.87049693722486e-05,4.5838968952733e-05,-2.91615449950784e-05,3.16041436678455e-05,-2.39165209896331e-05,-7.2410395642608e-05,-4.4003108218166e-05,4.44731511729912e-06,9.22868507228525e-05,-2.12260095714857e-05,-6.68208080281912e-05,-4.75030860095814e-06
2018/11/26,0.000747593813243198,0.000136332912340301,4.02627535247692e-05,5.46799498219902e-05,-3.18552231605239e-05,4.46646512179273e-05,2.48111219523689e-05,-3.14108410759058e-05,-4.89684853367354e-05,-1.63117222745579e-06,3.68502427603216e-05,1.1247772702982e-06,-1.63648101292921e-05,-0.000177420690201261
2018/11/27,0.0007548364071943,0.000149897544600311,1.94713344514338e-05,5.95147623353074e-05,-2.62608272131016e-05,2.95159148053259e-05,5.35660760253493e-05,4.0247814037621e-05,1.54155393166231e-06,-5.90316835651537e-06,-9.08771964312634e-05,2.16160442706021e-05,7.74144191127845e-05,8.05003212361833e-05
2018/11/28,0.000761505622601943,0.000162360874605884,-2.70061561062256e-06,5.96654225717361e-05,-1.36158982214199e-05,-4.3103773589215e-06,3.88551842942288e-05,7.37439566728878e-05,5.11675263025595e-05,-2.37528809432944e-06,-4.28633729501311e-05,-4.25727745328908e-06,-2.78200635956415e-05,-6.78536937648848e-05
2018/11/29,0.00076758536695885,0.000173607542893136,-2.51931805891109e-05,5.48309826894272e-05,2.92931024752785e-06,-3.54527486691105e-05,-7.47841079380485e-06,3.65048047054383e-05,4.36088719198021e-05,4.66211211087866e-06,8.88349832962431e-05,-2.15330221387576e-05,-6.2585725095119e-05,-0.0002038918875354
2018/12/02,0.000773060983170635,0.000183534231825624,-4.69079978226676e-05,4.51375714274098e-05,1.9100768761999e-05,-4.42246254716326e-05,-4.78024722530715e-05,-3.6047087854896e-05,-1.3425801995029e-05,5.82068795866099e-06,4.86463273828519e-05,7.40004514484289e-06,6.40360752526424e-05,0.000569032294472631
2018/12/03,0.000777919300128979,0.000192050770033285,-6.67641980193048e-05,3.11510429185682e-05,3.06150100544854e-05,-2.50741263968007e-05,-4.93190102633001e-05,-7.4246406091586e-05,-5.60239387410576e-05,-8.87843907743796e-07,-8.61793526580067e-05,2.09796430736008e-05,2.66554701915219e-05,-0.000160969360322641
2018/12/04,0.000782148677863667,0.000199081085175376,-8.37545439384294e-05,1.38491276720661e-05,3.43256321209187e-05,9.89540633081682e-06,-1.07967476317648e-05,-4.12223182491857e-05,-3.5798744411053e-05,-6.85072189146408e-06,-5.41279949540319e-05,-1.04762927337126e-05,-7.9905933868398e-05,-0.000122480631484806
2018/12/05,0.000785739046613946,0.000204563994258998,-9.69987541152655e-05,-5.4462318257947e-06,2.90919451901567e-05,3.85822718415243e-05,3.64226213881319e-05,3.14231907607983e-05,2.50778393203884e-05,-3.90439569485436e-06,8.29389021295411e-05,-1.99723617813955e-05,1.87482881766693e-05,0.000961275643737156
2018/12/06,0.000788681941135056,0.000208453825094055,-0.000105791090801163,-2.51717934036827e-05,1.61276391811218e-05,4.28749369964218e-05,5.3973605768857e-05,7.39060214676059e-05,5.82080715270624e-05,4.53243110510304e-06,5.92407326664104e-05,1.34149900355713e-05,6.97594889662802e-05,0.0004136992002613
2018/12/09,0.000790970529570091,0.000210720861858605,-0.000109639555209348,-4.36530204657624e-05,-1.27664381502476e-06,2.0108469417027e-05,2.77045783287107e-05,4.54407103661641e-05,2.59353298479274e-05,7.37950329635056e-06,-7.91514024006787e-05,1.85391151830849e-05,-5.85947482583264e-05,-0.00026743972771882
2018/12/10,0.000792599633875596,0.000211351607040266,-0.000108294448115018,-5.92500908067447e-05,-1.85946949158595e-05,-1.5271305610817e-05,-2.08841937773667e-05,-2.64999809247039e-05,-3.57927461152601e-05,4.43477598531116e-07,-6.39217906891869e-05,-1.61527942284661e-05,-3.66813197316809e-05,-0.000171633353599289
2018/12/11,0.00079356574238464,0.000210348859172441,-0.000101764587790321,-7.05068402198289e-05,-3.1253134560333e-05,-4.08830726045474e-05,-5.22698965912963e-05,-7.27361941414782e-05,-5.75210730645405e-05,-7.50611446005735e-06,7.48631650821825e-05,-1.67167761068379e-05,7.95905057093123e-05,-0.000116593582809336
2018/12/12,0.000793867017521078,0.00020773161142848,-9.03201178119005e-05,-7.62888008986348e-05,-3.58515480381137e-05,-4.05937543775323e-05,-4.11227665592376e-05,-4.90495207387096e-05,-1.45594059036617e-05,-5.83194081782536e-06,6.81146334741795e-05,1.86349974568958e-05,-8.48350891174061e-06,-0.000105663895823278
2018/12/13,0.000793503299995357,0.000203534775895227,-7.44815588677598e-05,-7.58970590216512e-05,-3.10854105023327e-05,-1.47079238871998e-05,3.20580616697564e-06,2.14140015877373e-05,4.49110075169814e-05,3.74870806516153e-06,-7.01279386015385e-05,1.45488648773892e-05,-7.47409193570802e-05,-0.000238197653867268
2018/12/16,0.000792476109355082,0.00019780873775979,-5.49955135681006e-05,-6.9146525158777e-05,-1.81188746012235e-05,2.02895873134067e-05,4.45315214569257e-05,7.0777169920102e-05,5.39465778155653e-05,8.82013181391248e-06,-7.1769926270004e-05,-2.08156714544944e-05,5.08224925135336e-05,-0.000334160816895719
2018/12/17,0.00079078864079162,0.000190618744778953,-3.27981742394666e-05,-5.6400224097928e-05,-3.00488828911135e-07,4.22433957750117e-05,4.94317780575674e-05,5.19554358341996e-05,2.32049363213107e-06,2.38061109435054e-06,6.50056042015044e-05,-1.20836805736859e-05,4.57257405626932e-05,0.00018540912301196
2018/12/18,0.00078844575821739,0.000182044138634694,-8.96846960721568e-06,-3.85550983035008e-05,1.77083791989379e-05,3.73843384410506e-05,1.43346772997078e-05,-1.63097503524961e-05,-5.18637216789742e-05,-7.52627234569798e-06,7.48462101320485e-05,2.26573645683494e-05,-7.64417092689878e-05,0.000184618155064694
2018/12/19,0.000785453982663709,0.000172177434722917,1.53267211873706e-05,-1.69792256309739e-05,3.11632888246423e-05,8.99675006462272e-06,-3.18995417422279e-05,-6.80955307916942e-05,-4.76540018227979e-05,-7.87379855441927e-06,-5.95608832796557e-05,9.37289396867954e-06,-2.26944791614557e-06,0.000347076358305974
2018/12/20,0.000781821474492897,0.000161123257638683,3.88923978164137e-05,6.59513789554116e-06,3.64971590384943e-05,-2.47800194189958e-05,-5.1749357184203e-05,-5.40869714969396e-05,1.00646160488516e-05,2.19323338284913e-06,-7.73103805994931e-05,-2.41306591573211e-05,7.71555239833454e-05,1.64775875598766e-05
2018/12/23,0.000777558009203176,0.000148997142910258,6.05671224102506e-05,3.02140941868298e-05,3.22736838260638e-05,-4.25584729123654e-05,-2.95442555387959e-05,1.1333578762711e-05,5.62109993369568e-05,9.73546873783204e-06,5.38620866867615e-05,-6.47058315139303e-06,-4.1240170706504e-05,-0.000144977703751781
2018/12/25,0.000772674947174639,0.000135924218044821,7.92832442870024e-05,5.18681554942081e-05,1.95770667723289e-05,-3.32835744481195e-05,1.61429353477174e-05,6.47820347210192e-05,3.89904284256177e-05,4.69440288536351e-06,7.91380585855325e-05,2.52138540510425e-05,-5.31552229158404e-05,0.000314393451574666
2018/12/26,0.000767185197857073,0.00012203777769636,9.41224108418154e-05,6.96673387615983e-05,1.73197822709639e-06,-3.14045859395437e-06,4.80395670603877e-05,5.53980201070273e-05,-2.18572502943145e-05,-6.67649966643558e-06,-4.79798105442695e-05,3.43263586030908e-06,7.06666531691499e-05,0.000367778439518157
2018/12/27,0.00076110317806062,0.000107477768069819,0.000104363348370545,8.20097109461497e-05,-1.65729287783719e-05,2.85501125586218e-05,4.06359856098626e-05,-6.62784935337126e-06,-5.76733723264218e-05,-9.58503945316746e-06,-8.0313795272507e-05,-2.58929105409529e-05,1.27727460499982e-05,4.33190460591761e-05
2018/12/30,0.00075444476307363,9.23891959195231e-05,0.00010951930574269,8.77280970689843e-05,-3.05247837256002e-05,4.17386865821236e-05,6.2668686112206e-07,-6.09486656994349e-05,-2.84620472861622e-05,-1.88095310278397e-09,4.19856305193501e-05,-3.16243703939692e-07,-7.68431813054996e-05,-8.6095563093684e-05
2019/01/01,0.000747227230664049,7.69204806910469e-05,0.000109363115191014,8.6201376719979e-05,-3.64592655509766e-05,2.83764243651915e-05,-3.90806375627331e-05,-5.58699956532208e-05,3.23451487008993e-05,9.76916224967619e-06,8.08310938095084e-05,2.61616967124175e-05,3.05073326267796e-05,0.000238832837036368
2019/01/02,0.00073946919945268,6.12217715002814e-05,0.000103938501726654,7.74197678615167e-05,-3.28277246620745e-05,-2.6439555612674e-06,-4.64698943491858e-05,2.32616592712828e-06,5.61550676835939e-05,6.9456317419043e-06,-3.59507764692553e-05,-2.82071784064154e-06,5.84802392256204e-05,0.000165987723763046
2019/01/03,0.000731190562238326,4.54432503996433e-05,9.35570226609749e-05,6.19974626057945e-05,-2.06023586523431e-05,-3.13903150962523e-05,-1.6279417681118e-05,5.67257846835483e-05,1.67049494989531e-05,-4.95335309826861e-06,-8.06921051977554e-05,-2.60223682522561e-05,-6.26819393162896e-05,0.000189039825207043
2019/01/06,0.000722412413761995,2.97334425465739e-05,7.87808039426962e-05,4.1130595571069e-05,-3.0136465913661e-06,-3.97301095006475e-05,2.63072231243999e-05,5.55135057425082e-05,-4.08916156960801e-05,-1.05063281967527e-05,2.99449508097551e-05,5.92062077680466e-06,-2.23283522261244e-05,-0.000175408504064831
2019/01/07,0.000713156973361846,1.42375554279782e-05,6.03920210749744e-05,1.65033884884589e-05,1.53078201958956e-05,-2.2816370354689e-05,4.66791627831305e-05,1.45162954529747e-06,-5.17561161879221e-05,-2.45804617460391e-06,7.99070778085228e-05,2.54857675870523e-05,7.38731221109274e-05,-0.000428309985666869
2019/01/08,0.000703447503704054,-9.04129714256572e-07,3.93508006366278e-05,-9.85001642158233e-06,2.95553364438928e-05,8.08780412426892e-06,2.89742999676232e-05,-5.22577411867858e-05,-4.44468743354183e-06,8.76181253337429e-06,-2.40353313131634e-05,-8.92734575447183e-06,-1.93562428598709e-05,7.4469937273832e-05
2019/01/09,0.000693308226848811,-1.55577915019603e-05,1.67438506225545e-05,-3.57164729684335e-05,3.6010645038925e-05,3.31004157289386e-05,-1.15616028325267e-05,-5.43684208706479e-05,4.69824373126769e-05,8.61337083729949e-06,-7.84936281503553e-05,-2.45716507896211e-05,-6.14063607468377e-05,-8.13030185288226e-05
2019/01/10,0.000682764238398013,-2.95975060329637e-05,-6.27337141939309e-06,-5.88928780029841e-05,3.30153003907177e-05,3.65502597717404e-05,-4.16687397667856e-05,-4.6043194125822e-06,4.47706470304796e-05,-2.62406787986042e-06,1.8285811501549e-05,1.17878635394692e-05,5.30711672884206e-05,-0.000169080405405821
2019/01/13,0.000671841419978684,-4.29065695229213e-05,-2.85377997847376e-05,-7.73769433155413e-05,2.13949848891346e-05,1.68404524154084e-05,-3.73994748058091e-05,4.76974499060638e-05,-7.55281221405076e-06,-1.03252364873114e-05,7.64760125373692e-05,2.33086485588292e-05,3.0355240905709e-05,-3.8788373060827e-05
2019/01/14,0.000660566350761075,-5.53786882728411e-05,-4.89398887861217e-05,-8.95429410344295e-05,4.22916017249435e-06,-1.28931969787613e-05,-3.19659545792853e-06,5.25031214965368e-05,-5.02650819310593e-05,-4.64421884645231e-06,-1.2756418540329e-05,-1.44540630805639e-05,-6.85371909386769e-05,7.80516514370576e-05
2019/01/15,0.000648966218313022,-6.69190208055058e-05,-6.64814202590368e-05,-9.42868133564989e-05,-1.39684321475564e-05,-3.35344076479413e-05,3.24996508884682e-05,7.05422002648455e-06,-3.56699630317985e-05,6.83167821191407e-06,-7.38844708575746e-05,-2.17338152493102e-05,8.5045853087057e-06,0.000192898990606628
2019/01/16,0.000637068729023908,-7.74450593886067e-05,-8.03268805366286e-05,-9.112757702693e-05,-2.84388500644004e-05,-3.23174326616109e-05,4.09150748574562e-05,-4.32002488570251e-05,1.8534937344569e-05,9.25185731234222e-06,7.50286285061641e-06,1.68847389251007e-05,6.1868623476282e-05,6.32892247449268e-05
2019/01/17,0.000624902018725367,-8.68873401533351e-05,-8.9845665123933e-05,-8.02556748912408e-05,-3.54223480261109e-05,-1.07553196489832e-05,1.61742019127318e-05,-5.00127513861769e-05,5.05766504580049e-05,-1.75905173007877e-07,7.07546431001896e-05,1.98916133127014e-05,-4.25071264151869e-05,4.89070033089794e-05
2019/01/20,0.000612494563840117,-9.51899740210477e-05,-9.46428885418039e-05,-6.25235110120448e-05,-3.31325603095489e-05,1.67808226065468e-05,-2.0687406705328e-05,-8.75145445469295e-06,2.50720697007343e-05,-8.98486100387404e-06,-2.57614788561877e-06,-1.90475387466308e-05,-3.6460569803227e-05,-8.35205436635807e-05
2019/01/21,0.000599875093306307,-0.000102310993516986,-9.45772156675149e-05,-3.93784485813486e-05,-2.2208887239094e-05,3.26415597952424e-05,-3.95873606253537e-05,3.89173222445289e-05,-2.78160560891724e-05,-6.0148140556325e-06,-6.71270115466699e-05,-1.7832272542254e-05,6.12998209850413e-05,4.49672635329072e-05
2019/01/22,0.00058707250187901,-0.000108222512940859,-8.97648526307707e-05,-1.27436055620384e-05,-5.53413951353163e-06,2.72490569196063e-05,-2.59815015427078e-05,4.70161666176337e-05,-4.79584288879497e-05,4.36528216381601e-06,-1.97777480706017e-06,2.09206384616181e-05,1.43870617675216e-06,0.000159206463666481
2019/01/23,0.000574115765463414,-0.000112910702231406,-8.05696011762842e-05,1.5143594612768e-05,1.25292232451163e-05,4.89389127162242e-06,7.95107637698289e-06,9.67738976582035e-06,-1.36999852944686e-05,8.61642542855869e-06,6.30463366361186e-05,1.56095736249207e-05,-6.00203411218618e-05,3.65735339869915e-06
2019/01/24,0.000561033858328252,-0.000116375578799509,-6.75796486577292e-05,4.19213820326396e-05,2.72806305312305e-05,-1.95377626229363e-05,3.41185666480429e-05,-3.49885155334423e-05,3.48273101338285e-05,1.796989695623e-06,6.11829099922591e-06,-2.24939220219717e-05,3.1653609398758e-05,-0.000111422210132013
2019/01/27,0.000547855671866101,-0.000118630624587517,-5.15724906499054e-05,6.53057844542676e-05,3.49015362938198e-05,-3.04783210951804e-05,3.17924877754754e-05,-4.36513234367247e-05,4.26560372708993e-05,-6.71517250677728e-06,-5.85610508485728e-05,-1.32781455376058e-05,4.04682449777495e-05,-0.00014030463397603
2019/01/28,0.000534609935179067,-0.000119702237333647,-3.34700236688107e-05,8.32874686000536e-05,3.34380590976563e-05,-2.16289907081737e-05,4.04731991808593e-06,-9.84683287504483e-06,2.33195283247987e-06,-6.1475291017322e-06,-9.8103168979655e-06,2.37694950850994e-05,-5.27136076375275e-05,-5.299469248954e-05
2019/01/29,0.000521325137960481,-0.000119629027056191,-1.42863688165916e-05,9.43061583510022e-05,2.32948865943738e-05,4.32970284911897e-07,-2.56904492648362e-05,3.15350394191407e-05,-3.91588001307571e-05,1.93794002959729e-06,5.37226218498023e-05,1.08904539338615e-05,-1.00343776227271e-05,-0.000171630185532068
2019/01/30,0.000508029455951292,-0.000118460971153418,4.92863457661072e-06,9.73873781558509e-05,7.11781611227645e-06,2.10412057250656e-05,-3.34114192827531e-05,4.00689884800112e-05,-3.51052589024991e-05,6.73807262312119e-06,1.3024380726134e-05,-2.4761423540374e-05,5.61753637206902e-05,-0.000165357223192008
2019/01/31,0.000494750678980616,-0.000116258443777818,2.3147113434468e-05,9.22294767549471e-05,-1.08993691156219e-05,2.71899787084351e-05,-1.39356306039729e-05,9.30807055075549e-06,8.25289865868452e-06,2.73140302919546e-06,-4.85849152520856e-05,-8.49369258602441e-06,-2.108441468036e-05,-1.38815410121894e-06
2019/02/03,0.00048151614161889,-0.000113091136752133,3.94188355282978e-05,7.92331515961091e-05,-2.61009398906038e-05,1.57648184295553e-05,1.57495127106885e-05,-2.86529217480838e-05,4.0591672871474e-05,-3.99980591524239e-06,-1.57365788854194e-05,2.54946743638652e-05,-4.23949999438156e-05,2.52415760164181e-05
2019/02/04,0.000468352656412605,-0.000109036890648454,5.29218270669573e-05,5.94706460131819e-05,-3.456697807482e-05,-4.96819441036119e-06,3.12423747432987e-05,-3.64249471066361e-05,2.59047924448865e-05,-4.85402090770896e-06,4.32036430926043e-05,6.12683569285672e-06,4.33331759218131e-05,-3.0779920240223e-05
2019/02/05,0.000455286449544566,-0.000104180455711855,6.30051954196188e-05,3.45970014208109e-05,-3.41160444865145e-05,-2.12560168588659e-05,2.0805498456399e-05,-8.14037863942753e-06,-1.73302322897164e-05,1.9524866559212e-07,1.79285221997594e-05,-2.60032327845418e-05,1.70234227985338e-05,2.73820222656415e-05
2019/02/06,0.000442343098766455,-9.86122028017016e-05,6.92218789199468e-05,6.71076752320156e-06,-2.48585460958319e-05,-2.29796030688845e-05,-5.7671391520921e-06,2.6408017045886e-05,-3.91182622892284e-05,3.9402138390687e-06,-3.7635864954392e-05,-3.81807483547024e-06,-5.07317952936248e-05,0.000146793512396668
2019/02/07,0.000429547473642317,-9.24268043790612e-05,7.13496291307415e-05,-2.18240287464438e-05,-9.16294832764661e-06,-9.95446702571168e-06,-2.61700257349577e-05,3.28719128132296e-05,-1.57770548289452e-05,2.22437448066593e-06,-1.95873151312962e-05,2.63274519977279e-05,1.12442275986485e-05,-2.5600425489268e-05
2019/02/10,0.000416923678338815,-8.57219050809657e-05,6.93992034189575e-05,-4.85794632962285e-05,8.9530977271751e-06,8.52003165510434e-06,-2.43036390270642e-05,6.45004902962201e-06,2.42846068848042e-05,-1.49184137503351e-06,3.19395044246636e-05,1.58285431009791e-06,4.23959219549191e-05,-1.17190989648668e-05
2019/02/11,0.000404494997181048,-7.85968009293568e-05,6.3609468068074e-05,-7.12715633609254e-05,2.48492699491337e-05,2.02200714680602e-05,-2.98811590658674e-06,-2.48322783318148e-05,3.4948632251738e-05,-2.24196473493061e-06,2.07055789692296e-05,-2.65107354238021e-05,-3.36585814009381e-05,4.89410222010708e-05
2019/02/12,0.000392283843090837,-7.11511455930346e-05,5.44298440633901e-05,-8.79565418242865e-05,3.4444884208075e-05,1.8082457296454e-05,1.93732878617726e-05,-2.95513006361916e-05,5.51870909701013e-06,-2.7839549333933e-07,-2.61728206148693e-05,5.77347272543824e-07,-2.23009657166958e-05,4.7458796988335e-05
2019/02/13,0.000380311708880602,-6.3483701272394e-05,4.24912288498005e-05,-9.71984736042495e-05,3.52574159239633e-05,4.46984048371601e-06,2.46297799806037e-05,-4.36471747856657e-06,-2.86584881062951e-05,7.99851582968012e-07,-2.12814296019803e-05,2.65957635675896e-05,4.41116466495385e-05,2.14035741447041e-05
2019/02/14,0.00036859912154306,-5.56911502909258e-05,2.85671596619508e-05,-9.81938712804783e-05,2.70353568209067e-05,-1.09594113604951e-05,9.63188279606159e-06,2.39220730194249e-05,-2.85019958686729e-05,1.36314189683976e-07,2.03938887604871e-05,-2.67532088892186e-06,-2.44643107705619e-06,2.10638397497485e-06
2019/02/17,0.000357165599711191,-4.78669819404774e-05,1.35275116317933e-05,-9.08422790925595e-05,1.18265786874861e-05,-1.80277522299032e-05,-1.21018872780272e-05,2.65856320671325e-05,4.05680594202455e-06,1.03892681011917e-07,2.13183850471206e-05,-2.6620487500245e-05,-4.07135896011495e-05,-3.63784281253985e-05
2019/02/18,0.000346029614381863,-4.01004675644229e-05,-1.71258222951874e-06,-7.57566190975256e-05,-6.53442600756915e-06,-1.27490173199115e-05,-2.24424218088401e-05,2.0263351769067e-06,3.01927155825905e-05,1.26751729617392e-06,-1.46601275111199e-05,4.73741549015374e-06,2.41111591537104e-05,-1.623509554249e-05
2019/02/19,0.00033520855321339,-3.24757348189e-05,-1.62456621916089e-05,-5.42121997033402e-05,-2.33913398504087e-05,4.49591143145867e-07,-1.37689846323857e-05,-2.36385495347022e-05,2.0382611128906e-05,9.03604255027751e-07,-2.08252045912316e-05,2.66141332001444e-05,2.58845148889215e-05,2.95626674930414e-05
2019/02/20,0.000324718688710337,-2.50709502199833e-05,-2.92237239376693e-05,-2.80385945381082e-05,-3.44407265291191e-05,1.22137182216912e-05,5.4547802197191e-06,-2.40717945318397e-05,-1.21812522144342e-05,-1.93961726079241e-06,9.0279125041068e-06,-6.80174142712471e-06,-3.67253012057753e-05,4.05536022089923e-05
2019/02/21,0.00031457515026246,-1.79576176522411e-05,-3.99059474490248e-05,5.36438234789327e-07,-3.68220326403497e-05,1.4817494355248e-05,1.86906099637816e-05,4.16960421388731e-07,-2.88547854535428e-05,-3.33083169461479e-06,1.9815720297768e-05,-2.65934556935886e-05,-5.11830128617241e-06,-6.36534016659014e-05
2019/02/24,0.00030479189994966,-1.1199998661193e-05,-4.76997253021456e-05,2.90776350316519e-05,-2.98491348882195e-05,7.23543258586541e-06,1.55054900714501e-05,2.39102656700291e-05,-1.13404215816851e-05,1.88672577295927e-07,-3.55223435778941e-06,8.91529301595212e-06,3.76430271477302e-05,2.15079874139765e-06
2019/02/25,0.000295381712228476,-4.85465813233796e-06,-5.21927453970421e-05,5.5151095633619e-05,-1.51986165252008e-05,-4.5978166897862e-06,-1.99063577117861e-07,2.20761572871518e-05,1.81943174919421e-05,4.98424142683906e-06,-1.83086653848541e-05,2.65595172512377e-05,-1.50207562633901e-05,6.78280650463152e-07
2019/02/26,0.000286356157444306,1.02986279300786e-06,-5.31744086356049e-05,7.6533302601018e-05,3.49503329852837e-06,-1.22600999421403e-05,-1.44024171932041e-05,-2.81882741928325e-06,2.48521136508402e-05,3.79351759028744e-06,-1.71363736367737e-06,-1.11300674749634e-05,-2.78897444595824e-05,-1.67797848895326e-05
2019/02/27,0.000277725588774523,6.41324627029041e-06,-5.06454796089519e-05,9.14021917241441e-05,2.15393253424526e-05,-1.0762843383842e-05,-1.53663864633749e-05,-2.46374511386853e-05,2.21791804930376e-06,-3.53401341288721e-06,1.63274690393482e-05,-2.64952870177369e-05,2.89438314119934e-05,-8.80881095865771e-05
2019/02/28,0.000269499132451752,1.12634717750287e-05,-4.48155407932922e-05,9.84936978512331e-05,3.43567441890177e-05,-1.79803127982009e-06,-3.33737695600888e-06,-2.06316365436901e-05,-2.16026486471154e-05,-7.62712274740035e-06,6.71845516970698e-06,1.34983160014508e-05,1.13755668338944e-05,4.61169726952438e-05
2019/03/03,0.000261684681367567,1.55567688658625e-05,-3.60885109906792e-05,9.7210179254752e-05,3.86391500732017e-05,7.80219250058825e-06,1.0470266582282e-05,5.04216365208142e-06,-1.86276953590359e-05,-1.54372127867878e-06,-1.39000626283156e-05,2.636433138549e-05,-3.3498357187244e-05,-9.69073862378717e-05
2019/03/04,0.000254288891958293,1.92774545404963e-05,-2.50371593618656e-05,8.76712979781205e-05,3.3194339020848e-05,1.11216699400584e-05,1.41349904382826e-05,2.56973238601534e-05,6.11433102751233e-06,8.1066741891109e-06,-1.14132736115675e-05,-1.60671526127968e-05,6.61180117709188e-06,-0.000164317188543737
2019/03/05,0.000247317184091974,2.24176625243018e-05,-1.23681596031803e-05,7.07029405617795e-05,1.92697840778067e-05,6.068072567241e-06,5.27838127569766e-06,1.97360409774037e-05,2.21302732781604e-05,8.05025569495838e-06,1.10587392368758e-05,-2.61108314058668e-05,2.85016116332614e-05,-0.000188226954910413
2019/03/06,0.000240773744044229,2.49769738603874e-05,1.12024996462944e-06,4.77651665075581e-05,2.67052571870745e-07,-3.31023590708292e-06,-7.4764062488345e-06,-6.96632234812877e-06,1.08366901702962e-05,-3.45765602445682e-06,1.57517580007282e-05,1.88728389824745e-05,-2.10667841750968e-05,-0.000162320069398574
2019/03/07,0.000234661530669023,2.69619595780634e-05,1.45855324573506e-05,2.08254933500952e-05,-1.90882375167728e-05,-9.9264758720807e-06,-1.26474375889202e-05,-2.69504255460133e-05,-1.28294664902951e-05,-1.19897117253353e-05,-7.8400573517479e-06,2.56611108924943e-05,-1.635170093594e-05,0.000120373886080079
2019/03/10,0.000228982284824736,2.83856472763358e-05,2.7190315900516e-05,-7.81140404250138e-06,-3.39191130640336e-05,-8.8696190019144e-06,-6.11541480454754e-06,-1.935196150349e-05,-1.97555817041266e-05,-5.00277366905166e-06,-1.96905409247452e-05,-2.19351214089638e-05,2.8568459436011e-05,2.27828226857753e-05
2019/03/11,0.000223736542029831,2.92669242052561e-05,3.81512198600461e-05,-3.57027101693156e-05,-4.04225256809623e-05,-9.67209166324251e-07,5.59456713166313e-06,8.49349927249909e-06,-2.30390435151642e-06,9.95288399313792e-06,4.28475752136771e-06,-2.49267679730687e-05,1.00031080010232e-06,-3.87755874727159e-05
2019/03/12,0.000218923648100403,2.96298897958756e-05,4.67842655274236e-05,-6.04778525217363e-05,-3.68402687450545e-05,7.84535936308307e-06,1.15860032346004e-05,2.82478120117954e-05,1.72187934866539e-05,1.3042206795117e-05,2.31896426540065e-05,2.52520664902322e-05,-2.79265072381189e-05,-0.000160215058954281
2019/03/13,0.000214541777857819,2.95031714160325e-05,5.25443010809373e-05,-8.00419523669572e-05,-2.39283500648077e-05,1.08786931339352e-05,6.54565809614396e-06,1.94087744415663e-05,1.47309273883416e-05,-1.54066054429477e-06,-4.37621682089373e-07,2.38093804904892e-05,1.32976046163553e-05,-9.45357038634712e-05
2019/03/14,0.000210587957031315,2.89192173327006e-05,5.50562284782395e-05,-9.27547008099021e-05,-4.80025100761567e-06,5.62790995912603e-06,-4.58823284025148e-06,-9.55342684339841e-06,-6.03647990988519e-06,-1.56668432698239e-05,-2.62128684346362e-05,-2.87958135971172e-05,2.01316086232301e-05,5.70756952880185e-05
2019/03/17,0.000207058087342758,2.79135805469619e-05,5.41362948683364e-05,-9.75692186881615e-05,1.58248280405614e-05,-4.27848368469354e-06,-1.13157773294386e-05,-2.94382155054951e-05,-1.87634247014751e-05,-9.76647250916922e-06,-3.65269253322143e-06,-2.22065823809289e-05,-2.30734814553142e-05,5.31015579892799e-05
2019/03/18,0.000203946974620434,2.652420659985e-05,4.98022850643505e-05,-9.41190017029583e-05,3.27875160136862e-05,-1.15804779001662e-05,-7.26741942087178e-06,-1.98059299119533e-05,-7.58117920419073e-06,1.01196276410511e-05,2.87281258968248e-05,3.2509640019292e-05,-7.78098401785056e-06,-0.000104308383697498
2019/03/19,0.000201248359841629,2.47907379105876e-05,4.22720888013527e-05,-8.27456236977335e-05,4.17796966290586e-05,-1.06186966382723e-05,3.90667199393977e-06,1.01068069131174e-05,1.32164816671268e-05,1.80487513092659e-05,7.93378751345525e-06,2.00192316452337e-05,2.63352779991625e-05,-8.24835718879234e-05
2019/03/20,0.000198954953118581,2.27538465411784e-05,3.19507810731194e-05,-6.44650703562264e-05,4.04382097233167e-05,-1.57426442542654e-06,1.18022397916904e-05,3.03749752043069e-05,1.71971092731638e-05,2.05442637355632e-06,-3.07076850558469e-05,-3.63066882682786e-05,-5.75184756675568e-06,-4.22499854263786e-05
2019/03/21,0.000197058470487078,2.0454606077646e-05,1.94070072967529e-05,-4.0875947159202e-05,2.89627064756252e-05,9.38660768402602e-06,8.77970868942761e-06,2.04170693067623e-05,-9.21369871597689e-07,-1.8085974965794e-05,-1.23495837180913e-05,-1.7159276735031e-05,-2.27964177219144e-05,2.04593941543127e-05
2019/03/24,0.000195549673217149,1.7933911981008e-05,5.3400713156022e-06,-1.40178756023851e-05,1.00959854187826e-05,1.43141117406485e-05,-2.85702377784508e-06,-1.0147612217605e-05,-1.83209265048054e-05,-1.52437216478704e-05,3.21284993112319e-05,4.00706543843606e-05,1.71504946152614e-05,-1.0993242233533e-05
2019/03/25,0.000194418409531279,1.52319586852098e-05,-9.46034992255535e-06,1.38072875844203e-05,-1.15358287320789e-05,9.16291381637252e-06,-1.26293053776113e-05,-3.09224944996645e-05,-1.25536071073921e-05,8.49939073760914e-06,1.68403792507193e-05,1.35578793741782e-05,1.37179498417098e-05,-5.77125831821956e-05
2019/03/26,0.000193653658538198,1.23877802583194e-05,-2.41595262434896e-05,4.02355811577368e-05,-3.05640216080963e-05,-3.06025156825905e-06,-1.12324644687135e-05,-2.10947041761073e-05,9.80691139638416e-06,2.24175945933547e-05,-3.29726252952227e-05,-4.36585854972089e-05,-2.38279396595672e-05,0.000131589592572672
2019/03/27,0.000193243576226403,9.43886004210553e-06,-3.79254091031077e-05,6.30448074060978e-05,-4.22161506636984e-05,-1.40573071237978e-05,8.13615427123585e-07,9.70444727456239e-06,2.05789553515951e-05,6.94548150619138e-06,-2.13429973839823e-05,-9.17328715445164e-06,-1.49639491450059e-06,6.39888031094596e-05
2019/03/28,0.000193175543543348,6.4208133875235e-06,-4.99760315475703e-05,8.03442984770643e-05,-4.35170924219439e-05,-1.58755038216365e-05,1.31161147834244e-05,3.09624703405271e-05,5.19221363197017e-06,-1.88966264398289e-05,3.32277248462743e-05,4.69057983797349e-05,2.43720076253156e-05,-0.000149214730784202
2019/03/31,0.000193436216378924,3.36714577851887e-06,-5.96238520729701e-05,9.07340901735588e-05,-3.40480943233457e-05,-6.59143847095439e-06,1.43650927934799e-05,2.16757594248303e-05,-1.79816659556436e-05,-2.08036218111406e-05,2.57911091020993e-05,3.99793839849128e-06,-1.08818816215112e-05,-4.99867977943374e-05
2019/04/01,0.0001940115773145,3.09087100281859e-07,-6.63145058182503e-05,9.34198162841656e-05,-1.6069176400597e-05,7.98413301925041e-06,2.58549614392643e-06,-8.84060960848018e-06,-1.94526966997812e-05,5.21172987318237e-06,-3.28875514321616e-05,-4.96327977183708e-05,-1.87602350993059e-05,4.80747330416405e-05
2019/04/02,0.000194886989203193,-2.72449852182882e-06,-6.96577564431029e-05,8.82736466042256e-05,6.02975123362118e-06,1.79727411078982e-05,-1.25069390533983e-05,-3.03993126925653e-05,4.20383136575869e-06,2.56155260723777e-05,-3.01157044318389e-05,1.93574619621232e-06,2.04403916568203e-05,-2.82914122973728e-05
2019/04/03,0.00019604725057005,-5.70712956161583e-06,-6.94488993036445e-05,7.58364486487346e-05,2.68137804687604e-05,1.61375979497946e-05,-1.75513602114672e-05,-2.19872411257945e-05,2.43214689688063e-05,1.26267335500944e-05,3.19523689977836e-05,5.16539862096566e-05,8.35196285389745e-06,-0.000160801968015056
2019/04/04,0.000197476652712131,-8.61465455028848e-06,-6.56794249036007e-05,5.72616196135059e-05,4.11523755032705e-05,3.07167976752963e-06,-7.30379989155693e-06,7.65328394722683e-06,1.47146152673441e-05,-1.7935041333485e-05,3.42456230583478e-05,-8.55141060212281e-06,-2.48134429269522e-05,-7.44580756613499e-05
2019/04/07,0.000199159038309911,-1.14251356420217e-05,-5.85363789668507e-05,3.42062337545076e-05,4.54942392496459e-05,-1.28280694504154e-05,1.01900156789571e-05,2.91646874766988e-05,-1.46593988055124e-05,-2.58211805039841e-05,-3.04293246873744e-05,-5.27878212463974e-05,4.35070691516656e-06,2.17503879176695e-05
2019/04/08,0.000201077861442653,-1.41186750083815e-05,-4.83905152901205e-05,8.67980784417504e-06,3.87475732931122e-05,-2.08060816801192e-05,1.99443267616503e-05,2.18517752833414e-05,-2.77792047463886e-05,5.44308595679763e-07,-3.81080917436086e-05,1.57271038477544e-05,2.2783484867697e-05,5.46232653255528e-06
2019/04/09,0.0002032162489564,-1.66771919088528e-05,-3.57739914694528e-05,-1.71353208858894e-05,2.25460446614841e-05,-1.50549884731566e-05,1.28706148750669e-05,-6.27220837194454e-06,-6.50473788036496e-06,2.72164311994436e-05,2.83328106044038e-05,5.28679222364557e-05,-1.61851937120366e-05,-0.000141046439831557
2019/04/10,0.000205557063056112,-1.90841594274706e-05,-2.13489674838288e-05,-4.10756199504851e-05,8.36783770242385e-07,1.09999031930169e-06,-5.89111425628903e-06,-2.72217711140658e-05,2.49709437305284e-05,1.84928123923733e-05,4.16292682611731e-05,-2.3296258853754e-05,-1.46511678363217e-05,1.86711973924844e-05
2019/04/11,0.000208082964984008,-2.1324310748903e-05,-5.86899695417709e-06,-6.11827322370525e-05,-2.11019714462501e-05,1.71371179249556e-05,-2.06898319880115e-05,-2.10936193682533e-05,2.74978301453375e-05,-1.52056603983566e-05,-2.56848386909071e-05,-5.17545231808018e-05,2.40264558772617e-05,8.81441160811504e-05
2019/04/14,0.000210776479751114,-2.33833254055316e-05,9.86448032058353e-06,-7.58680504543228e-05,-3.796349549208e-05,2.22637585515705e-05,-1.84596185006438e-05,4.85759437003724e-06,-4.64007375603488e-06,-2.96702115635575e-05,-4.47348325746068e-05,3.10515147876565e-05,2.30700515168666e-06,9.29657748141287e-05
2019/04/15,0.000213620061757305,-2.52475065726394e-05,2.50479525267176e-05,-8.40411831482396e-05,-4.57079906701226e-05,1.27294677577764e-05,-2.10416744148683e-07,2.45692790295184e-05,-3.37994031765843e-05,-5.03158216330145e-06,2.25154220257944e-05,4.93455828785956e-05,-2.55905050923945e-05,7.00382159172304e-06
2019/04/16,0.000216596161158964,-2.69034607341663e-05,3.89212348482619e-05,-8.5191521898244e-05,-4.25300362190701e-05,-5.46392753130753e-06,1.91564017003703e-05,1.95452190744719e-05,-2.2919143890782e-05,2.69144880121821e-05,4.73506823191035e-05,-3.87514396672286e-05,1.11001130975171e-05,-5.94247702700719e-05
2019/04/17,0.00021968729083439,-2.83377910894734e-05,5.0809763864339e-05,-7.94165922516846e-05,-2.92650126334242e-05,-2.04044400160927e-05,2.30675769596175e-05,-3.59710310113646e-06,1.77911466211145e-05,2.38118562693196e-05,-1.88629188723185e-05,-4.5586830421816e-05,2.01429557974512e-05,-3.28399019602861e-05
2019/04/21,0.000222876093810754,-2.95368158611016e-05,6.01612915878183e-05,-6.73958653717043e-05,-9.14610062779401e-06,-2.21688541072587e-05,7.47813633191893e-06,-2.12448696295843e-05,3.97876883005002e-05,-1.0942819896694e-05,-4.94037748318591e-05,4.61300289966211e-05,-2.19038686413035e-05,7.40797299396867e-05
2019/04/22,0.000226145411075297,-3.04863221820863e-05,6.65748275359595e-05,-5.03137481143869e-05,1.30132334580507e-05,-9.47724156003832e-06,-1.51222499772699e-05,-1.70541157410594e-05,1.38775704668211e-05,-3.17482994517088e-05,1.47742515745188e-05,4.0480001459259e-05,-8.86936363733684e-06,-0.00010016595490602
2019/04/23,0.000229478349516706,-3.11713658302153e-05,6.98201513170017e-05,-2.97400801982983e-05,3.19965687668596e-05,9.40692739497264e-06,-2.57528125917901e-05,2.70159539328652e-06,-3.16713323310485e-05,-1.07955168275314e-05,5.08230979376943e-05,-5.29086510688061e-05,2.69289045018914e-05,-0.000128976835980723
2019/04/24,0.000232858349648416,-3.15761263143447e-05,6.98467953509372e-05,-7.48021392711713e-06,4.34255741640277e-05,2.21588155342113e-05,-1.49363580503715e-05,1.73275083941769e-05,-4.16948446007365e-05,2.46258746099298e-05,-1.03049437837045e-05,-3.40885557637285e-05,-5.28618890883525e-06,-0.000130097686352861
2019/04/25,0.000236269253041906,-3.16838253699439e-05,6.6782044284984e-05,1.45907128114236e-05,4.4764162071861e-05,2.05599235134432e-05,8.86614346536804e-06,1.34899900598559e-05,-6.68000974804344e-07,2.77413045590169e-05,-5.15407120825487e-05,5.88099298968342e-05,-2.44850151532575e-05,1.82940898758617e-05
2019/04/28,0.000239695369346794,-3.14767156980234e-05,6.09181747764385e-05,3.46935993843384e-05,3.58554117559783e-05,5.85643351573359e-06,2.58733499199812e-05,-2.39982530730341e-06,4.47376015180526e-05,-5.72385991670479e-06,5.51899155780659e-06,2.65402870025538e-05,1.83580851410868e-05,-0.000262495902996733
2019/04/29,0.000243121542386235,-3.09361458057721e-05,5.26898256156408e-05,5.12960079693368e-05,1.88845475736192e-05,-1.22351479050586e-05,2.14861886233224e-05,-1.29390785254668e-05,3.85362256715323e-05,-3.16062800989539e-05,5.14928215821866e-05,-6.35728951577772e-05,1.50055924598364e-05,-0.000126804204388681
2019/04/30,0.000246533214695935,-3.00427052486304e-05,4.26430038312499e-05,6.32341700554093e-05,-2.19582823005593e-06,-2.20851305850146e-05,-1.13031149529547e-06,-8.75206962914319e-06,-1.59221917800602e-05,-1.57661345811876e-05,-4.8861453689552e-07,-1.80263901401646e-05,-2.65081441831925e-05,3.67551318270462e-05
2019/05/01,0.00024991649048629,-2.87764519172431e-05,3.1397759432566e-05,6.9796071447759e-05,-2.26168607989044e-05,-1.77637916460682e-05,-2.32594044724014e-05,2.93201379979519e-06,-5.52999955694435e-05,2.06534425181394e-05,-5.06208447571192e-05,6.69686091840755e-05,-1.05734970315789e-06,1.77613119957124e-05
2019/05/02,0.000253258196949805,-2.71172210879056e-05,1.96069635933829e-05,7.07593544193281e-05,-3.7882014642426e-05,-2.63135584225149e-06,-2.61674928929237e-05,8.24518459035886e-06,-2.97169887850276e-05,2.94684236777428e-05,-4.70602392274974e-06,8.79676297576996e-06,2.72386518618208e-05,-0.000112202440894924
2019/05/05,0.000256545943603798,-2.50450142438418e-05,7.91387684837696e-06,6.63823325858253e-05,-4.47397026838423e-05,1.32940300337634e-05,-7.04391430661218e-06,2.77696563892133e-06,3.46245040637162e-05,-5.2909646499072e-07,4.8872564968732e-05,-6.88153470524565e-05,-1.33571605935215e-05,0.000372945017602132
2019/05/06,0.000259768179483345,-2.25404635232444e-05,-3.08872122710532e-06,5.73510342889038e-05,-4.18330555290822e-05,2.01366468300775e-05,1.82673200496351e-05,-4.54163678523767e-06,6.16702106263644e-05,-2.91625318257783e-05,9.97715678459136e-06,8.48495937570241e-07,-2.02467477914944e-05,7.03601126814549e-05
2019/05/07,0.000262914247719862,-1.95853659966467e-05,-1.28951604664311e-05,4.46894132631292e-05,-2.99098996994324e-05,1.44129647337131e-05,2.83974636965545e-05,-3.45389369155496e-06,1.51456090220457e-05,-1.88261879181596e-05,-4.62033720588077e-05,6.89924081272729e-05,2.4024346590091e-05,-6.17915733216357e-05
2019/05/08,0.00026597443660715,-1.61632804370228e-05,-2.11168499713042e-05,2.96432738697503e-05,-1.15829119808442e-05,6.81008695457255e-07,1.45724050500677e-05,4.45412774771746e-06,-5.37483535147701e-05,1.58129024628704e-05,-1.52298818813088e-05,-1.05712226136825e-05,7.5835367092674e-06,4.47468092566518e-05
2019/05/09,0.000268940027252944,-1.2260175950994e-05,-2.75035928680486e-05,1.35507198638795e-05,9.27386446612413e-06,-1.20989944427071e-05,-1.16887870438631e-05,7.46581986208031e-06,-6.23297093092927e-05,2.84576161426057e-05,4.25775358206145e-05,-6.74516474672035e-05,-2.78709409785798e-05,0.000159448264652441
2019/05/12,0.000271803338170855,-7.86511962274218e-06,-3.19548064889187e-05,-2.28717210957293e-06,2.83413924296122e-05,-1.66057637240725e-05,-2.81143176161788e-05,-1.18761288158361e-06,4.68591906841875e-06,3.33713977125711e-06,2.03628337598862e-05,2.00106236390811e-05,6.98493333194648e-06,0.000209642612272012
2019/05/13,0.000274557766752759,-2.97098928578568e-06,-3.45198697131792e-05,-1.67223052508617e-05,4.17108207396232e-05,-1.14034437360358e-05,-2.0609557298226e-05,-1.29091446628136e-05,7.12887003896109e-05,-2.4899177884957e-05,-3.79693673962817e-05,6.42259040390183e-05,2.39577827931362e-05,-2.12101194860068e-05
2019/05/14,0.000277197827239009,2.42480332985271e-06,-3.53875427000898e-05,-2.88509107401051e-05,4.66186443710297e-05,-8.75717935469596e-07,4.52915679691959e-06,-1.19247595818106e-05,5.61041111400715e-05,-1.8974479361205e-05,-2.52690320144872e-05,-2.8801456450735e-05,-1.92172150410415e-05,-2.1766429051939e-05
2019/05/15,0.000279719184811742,8.3195949249863e-06,-3.48651443795932e-05,-3.80721269069425e-05,4.19449700791946e-05,8.44891625687293e-06,2.57751512393791e-05,5.39853084689375e-06,-2.8667048108805e-05,1.14250518481295e-05,3.23642358387435e-05,-5.9433507230223e-05,-1.37381508190346e-05,-7.61306584013434e-05
2019/05/16,0.000282118686053659,1.47047758731779e-05,-3.33488826506515e-05,-4.41095240383099e-05,2.84110251492521e-05,1.21452895778409e-05,2.47739750784004e-05,2.25005476001017e-05,-8.50781899403045e-05,2.47070137047377e-05,2.98368666581536e-05,3.65941508388228e-05,2.57929010637312e-05,-0.000137836634968612
2019/05/19,0.000284394386085603,2.15651363443124e-05,-3.12873670569845e-05,-4.69955611508462e-05,8.46254373534899e-06,9.80941899311078e-06,2.29287948802598e-06,1.81108753315686e-05,-4.23281724710851e-05,4.46796164866626e-06,-2.57594429353987e-05,5.32781903381966e-05,4.73414425247176e-07,9.84127372242343e-05
2019/05/20,0.000286545572410133,2.88782708898597e-05,-2.91408501023035e-05,-4.70231566901066e-05,-1.41337953061092e-05,3.9471705384909e-06,-2.21918759712138e-05,-8.87195279081448e-06,5.50880582486641e-05,-1.99444274145201e-05,-3.39511583973664e-05,-4.30758239810175e-05,-2.53423977909298e-05,1.12603663572335e-05
2019/05/21,0.000288572785157223,3.66140582428614e-05,-2.7339103085619e-05,-4.46722070261488e-05,-3.49235367754308e-05,-2.50828098787689e-06,-2.72421037703458e-05,-3.30823799480032e-05,9.29758079626196e-05,-1.56190816041561e-05,1.8165023765191e-05,-4.60439526037552e-05,1.19683978160109e-05,1.394657285743e-05
2019/05/22,0.000290477833425179,4.47342323817717e-05,-2.62410062490981e-05,-4.05215806723369e-05,-4.9545815205649e-05,-7.7448575119978e-06,-8.24002901676856e-06,-2.6177284724065e-05,2.09850766696014e-05,9.16471974143148e-06,3.74943293651911e-05,4.79910213417872e-05,1.87216651239433e-05,0.00012801969533101
2019/05/23,0.000292263807833131,5.31920604116196e-05,-2.60989043066299e-05,-3.51585424255674e-05,-5.4558984014849e-05,-1.07696861886153e-05,1.8236491795808e-05,1.12850480877935e-05,-8.1719385008209e-05,1.89259224233866e-05,-9.60451330145542e-06,3.80846663696594e-05,-2.04509840076088e-05,9.50260023315365e-05
2019/05/26,0.000293935088959072,6.19321409411686e-05,-2.70305447738927e-05,-2.90975539746384e-05,-4.81851335388787e-05,-1.03626561457918e-05,2.86630863465077e-05,4.44496930465539e-05,-9.30794971083637e-05,1.64588084690799e-06,-4.03477490678622e-05,-5.11609101875919e-05,-8.450367301706e-06,2.31485219585155e-05
2019/05/27,0.000295497351130605,7.08903347990737e-05,-2.90009839489479e-05,-2.27189465814775e-05,-3.08337506612672e-05,-5.14186009216629e-06,1.33514769166387e-05,3.62263762395717e-05,7.19685798149444e-06,-1.60256120550352e-05,1.15631305231933e-07,-2.98085534766166e-05,2.3506438855188e-05,-4.64687604122926e-05
2019/05/28,0.000296957561705451,7.99938389554385e-05,-3.18162337146585e-05,-1.62352254419326e-05,-5.2688398765681e-06,4.67006332270449e-06,-1.4490457017945e-05,-1.23115347108884e-05,0.000105952296893046,-8.8384802183949e-06,4.23932186205063e-05,5.24995761090074e-05,-2.41435504549813e-06,9.09805704197319e-05
2019/05/29,0.000298323976036451,8.916141247852e-05,-3.51296679917878e-05,-9.68905948064216e-06,2.36813790324661e-05,1.53543198653272e-05,-2.98945125105061e-05,-5.63410077531503e-05,8.39460758194554e-05,1.08128099993797e-05,1.02491471114024e-05,2.16580200297759e-05,-2.15079334336235e-05,0.000100053040796932
2019/05/30,0.000299606127542162,9.83037600044488e-05,-3.84613553796857e-05,-2.98276388640794e-06,4.99008738460054e-05,2.02100554882437e-05,-1.82594267021068e-05,-4.82999917300008e-05,-4.07057756389244e-05,1.26167859516913e-05,-4.35145439164839e-05,-5.20261441764103e-05,1.14521959242586e-05,0.00047501720267321
2019/06/02,0.000300814811977772,0.000107324075316124,-4.12295837967808e-05,4.06520898355383e-06,6.71722806160062e-05,1.34880450976605e-05,1.09414990992912e-05,1.16351918623779e-05,-0.000124996444757957,-5.83510172737494e-06,-2.14221343831267e-05,-1.4085677795626e-05,1.60620923278168e-05,0.000607492737180263
2019/06/03,0.000301962065434781,0.000116118745717809,-4.27929501905882e-05,1.16450757264524e-05,7.0579534441538e-05,-4.36501669333801e-06,3.16118655306473e-05,6.84436957197051e-05,-6.47977097357921e-05,-1.53115321123794e-05,4.35991930898451e-05,4.9871621582597e-05,-1.75710171410632e-05,0.000156754428629786
2019/06/04,0.000303061135327263,0.000124578215198565,-4.25005648724408e-05,1.9872999712299e-05,5.78329324693827e-05,-2.4418730287449e-05,2.39873341634025e-05,6.23719077734696e-05,7.72788560052223e-05,3.92857105452226e-07,3.33201015814127e-05,7.52768097375594e-06,-8.97004509586979e-06,0.000374005319945534
2019/06/05,0.000304126443829802,0.000132588002342139,-3.97472207739644e-05,2.87135527389848e-05,3.01769129793122e-05,-3.31044624273018e-05,-6.83633901155043e-06,-8.96379702342016e-06,0.000136122761474301,1.79112284988245e-05,-4.25400607324757e-05,-4.62796100712754e-05,2.0921085026413e-05,0.000227317503150211
2019/06/06,0.000305173543786456,0.000140029867380615,-3.4029855089862e-05,3.79200386441774e-05,-7.42270599575819e-06,-2.11114552863489e-05,-3.38925464638929e-05,-8.04020631421408e-05,3.569222664498e-05,8.05295712519984e-06,-4.58441403450731e-05,-2.37577033461423e-06,1.31791139451443e-06,0.000394837991681748
2019/06/09,0.000306219066949371,0.000146783120376806,-2.50013293672385e-05,4.70036869623592e-05,-4.69863427688928e-05,8.31892643859207e-06,-3.1547747738069e-05,-7.83427744433589e-05,-0.000114012364963413,-1.78068662100272e-05,4.02373912202968e-05,4.16003846786645e-05,-2.21311229920453e-05,0.000315631971856956
2019/06/10,0.000307280665058638,0.000152726061033289,-1.2517502510085e-05,5.52395523412009e-05,-7.90924794817045e-05,3.8453495691929e-05,7.7266111925574e-07,4.04301697814595e-06,-0.000136933588231311,-2.0096934666219e-05,5.88798498198047e-05,-1.05040742872481e-06,6.79968338703713e-06,-3.9692073111256e-05
2019/06/11,0.000308376944383435,0.000157737538387728,3.3262129208611e-06,6.17125933621972e-05,-9.50457251922949e-05,4.81270812521647e-05,3.59032039364604e-05,9.18279884985916e-05,2.36447606971648e-06,1.00603128028775e-05,-3.66007543338384e-05,-3.62780845448372e-05,2.13340502314982e-05,-2.313583777456e-05
2019/06/12,0.000309527394449277,0.00016169861624041,2.21721395622117e-05,6.54023213544906e-05,-8.91660910032546e-05,2.62642967235005e-05,4.14208221236603e-05,9.60384112753457e-05,0.000147548834788475,3.12966694981111e-05,-7.22977995395196e-05,2.52915343235459e-06,-1.57424268318153e-05,0.000202410657926754
2019/06/13,0.000310752311620839,0.000164494327398688,4.33940698951329e-05,6.52991771061652e-05,-6.06135187444248e-05,-1.78985091328849e-05,8.93965496567199e-06,3.33130505998395e-06,0.000125637405800555,8.04969651433895e-06,3.15510485279089e-05,3.08311607711655e-05,-1.76065630366137e-05,-0.000255153566746526
2019/06/16,0.000312072717170129,0.000166015495901606,6.61091074043272e-05,6.05410259991938e-05,-1.41960941552289e-05,-5.74392584129657e-05,-3.58156564444354e-05,-0.000102312846302759,-4.73822806966277e-05,-3.29102678467215e-05,8.59543002154645e-05,-1.95902487419195e-06,2.52469875792633e-05,-0.000163901205537054
2019/06/17,0.000313510269510829,0.000166160604113741,8.92081775135803e-05,5.05544589900234e-05,4.01953421949577e-05,-6.3807116766478e-05,-5.3045083991672e-05,-0.000115210750733209,-0.000174332657167812,-3.22870569784514e-05,-2.50224709781513e-05,-2.58266135944301e-05,9.28442564503104e-06,0.000197638472242043
2019/06/18,0.000315087171787779,0.000164837681369799,0.000111404579586756,3.51834521895402e-05,8.95595680045362e-05,-2.69988405851753e-05,-2.36854507522858e-05,-1.33021298071154e-05,-0.000101301186447875,1.72037204007346e-05,-9.96924348209985e-05,-6.24037570627624e-07,-3.34504204936856e-05,8.19143271386178e-05
2019/06/19,0.00031682607587107,0.000161966188690685,0.000131298730432792,1.47877187354868e-05,0.000120817305174255,3.41562312469922e-05,3.10451585722004e-05,0.000111440827148319,9.64408222492808e-05,5.06279713529357e-05,1.69645324626355e-05,2.18490721599987e-05,4.82541641505012e-06,-0.000487248050511702
2019/06/20,0.000318749982848854,0.000157478870983499,0.000147456078378942,-9.70505594264029e-06,0.000124220136642055,8.07276162224854e-05,6.44861110586949e-05,0.000135541678511367,0.000190917949119336,1.54621210672931e-05,0.000113343421115169,5.0362480180454e-06,3.67321267540251e-05,-0.000938056284777126
2019/06/23,0.000320882139825823,0.000151323546220795,0.000158494125909168,-3.68050334390563e-05,9.62624624829317e-05,7.81666767484955e-05,4.38387480263443e-05,2.59424249797302e-05,6.4053049447816e-05,-4.8518360735957e-05,-7.3440927333837e-06,-1.94661156845445e-05,-2.38483691792319e-05,-0.000503230201868929
2019/06/24,0.000323245933147563,0.000143464800489777,0.000163173660705865,-6.45304501598742e-05,4.12523830902913e-05,2.13537826100603e-05,-1.88303409074001e-05,-0.000118802041277481,-0.000145839077761873,-5.28027931975294e-05,-0.000126728318716644,-1.09433038887515e-05,-3.07904653116003e-05,0.000284677231177596
2019/06/25,0.000325864778839927,0.000133885558126272,0.000160488721223512,-9.05418241781253e-05,-2.90340092563133e-05,-5.7629870048297e-05,-7.24362853848848e-05,-0.000156648516408802,-0.000194304986246063,1.83349327751064e-05,-3.85264888136931e-06,1.91915168000791e-05,4.37402056179641e-05,0.000206413427020994
2019/06/26,0.000328762011016637,0.00012258849598566,0.000149749560255345,-0.000112332410233743,-9.77296565538666e-05,-0.000106971604543294,-6.81255968897898e-05,-4.12483361027312e-05,-1.52098466039357e-05,7.41128769421591e-05,0.000139660104646863,1.78662895176026e-05,1.27762290726499e-05,-0.000193975116509555
2019/06/27,0.000331960768625495,0.000109597270710996,0.000130652951049738,-0.000127460128624891,-0.000146854397827609,-8.88392032151294e-05,-2.9185017262679e-06,0.000124005362316555,0.000191337843581291,3.25269519099642e-05,1.66183583116054e-05,-2.14482763147211e-05,-5.75378709355104e-05,-0.000154081127861516
2019/06/30,0.00033548388110725,9.4957528861527e-05,0.000103334619444223,-0.000133800204459932,-0.000161977976226139,-7.58291534695703e-06,7.26438107549602e-05,0.000178091493104896,0.000182277133494101,-6.09948640145178e-05,-0.000151946065959579,-2.51965178031823e-05,1.6335945363697e-05,0.000502830131679653
2019/07/01,0.000339353753491071,7.87376709556463e-05,6.83993711044288e-05,-0.000129793556671491,-0.000136370634258428,8.81659067562808e-05,9.32636872750262e-05,5.91347597667204e-05,-4.26913669649882e-05,-8.11178069651908e-05,-3.0923068832981e-05,2.65335368761731e-05,5.73457912969592e-05,0.000228132956170773
2019/07/02,0.000343592250505298,6.10293411710198e-05,2.69255826599554e-05,-0.000114664163893833,-7.34659705116163e-05,0.000134132581945127,3.46718644996996e-05,-0.000126690786324352,-0.000228483826464299,1.00768637394587e-05,0.000163390430333067,3.22192282200472e-05,-5.03335776710467e-05,0.000258848181791472
2019/07/03,0.000348220578904784,4.19476166888743e-05,-1.95579098413733e-05,-8.85795743031398e-05,1.31883372321143e-05,9.3261827065759e-05,-6.07718949349954e-05,-0.00019938304072938,-0.000153706332649721,9.85560235021026e-05,4.67130134165848e-05,-3.45875537152152e-05,-3.76498165089606e-05,0.000106624725872566
2019/07/04,0.000353259168718324,2.16308760599095e-05,-6.91229310041806e-05,-5.27325143157542e-05,0.000102703036032952,-1.56013692335591e-05,-0.00011406093765201,-7.94332968082935e-05,0.000105973687066536,6.02552631963024e-05,-0.000173797196124849,-3.81455783702543e-05,7.83740130281117e-05,0.000100019779406765
2019/07/07,0.00035872755477915,2.40330863272559e-07,-0.00011951983544297,-9.32799107199025e-06,0.000171825625679308,-0.000124800939301096,-7.44722542447677e-05,0.000126540826240388,0.000252995094890491,-6.62324127084007e-05,-6.39098025477164e-05,4.55688474013109e-05,-1.23650601566168e-06,-0.000210308538521317
2019/07/08,0.000364644259732865,-2.20407910119949e-05,-0.000168279195315246,3.8531125047511e-05,0.000200957020629521,-0.000159575760658083,3.35711548226246e-05,0.000219997947420739,0.000108793258786987,-0.000115080547629659,0.000182973161904037,4.21518439304862e-05,-8.79920909485708e-05,-0.000360967386711218
2019/07/09,0.000371026679000233,-4.50084185221554e-05,-0.000212832796580464,8.70570782637087e-05,0.000179656342791259,-8.89205015298297e-05,0.000124074566473762,0.000101891796215739,-0.000170019596086009,-1.01520907986888e-05,8.24099889803288e-05,-5.92374739280562e-05,5.11947010672351e-05,-0.000197832275347062
2019/07/10,0.000377890968016445,-6.84391704691004e-05,-0.000250648046884221,0.000132075419594638,0.000110098260959157,4.88062410662825e-05,0.000117521855684713,-0.000123290894162759,-0.000261177708575734,0.000119729502733584,-0.000190731073993088,-4.34241538999675e-05,6.98497235022248e-05,0.000141662076427826
2019/07/11,0.000385251932244419,-9.2092246304409e-05,-0.000279368793032158,0.000169385337961263,7.38805936585642e-06,0.00016572069829919,9.86245864387843e-06,-0.000239383608593888,-4.92095447427253e-05,9.80429971821307e-05,-0.000102085007622554,7.51480242989429e-05,-9.71453462444934e-05,9.28600385445452e-05
2019/07/14,0.00039312292055445,-0.000115711667069739,-0.000296954803127092,0.000195151046617024,-0.000103582422727257,0.000180240804077322,-0.000116809380439391,-0.000126174558778249,0.00022958438815218,-6.03342113870537e-05,0.000196892871642398,4.12066836170275e-05,-2.25886030280366e-05,-0.000104890068103582
2019/07/15,0.000401515722518586,-0.000139028853199519,-0.000301811847796265,0.000206287800086042,-0.00019413060979483,7.36153675866142e-05,-0.000156382420366913,0.000116739524739075,0.000250335991439241,-0.000151067811224774,0.000122781483259825,-9.26535368013401e-05,0.000121134564189584,0.000196427625364675
2019/07/16,0.000410440469960946,-0.000161765520432009,-0.000292904454008886,0.000200804160780693,-0.00023919954036553,-9.17809014613191e-05,-6.70479204701204e-05,0.000256970981005422,-2.18835596304975e-05,-4.35817751635663e-05,-0.000201293033762036,-3.48508895642259e-05,-4.43173735865802e-05,0.000637267356697708
2019/07/17,0.000419905542653763,-0.000183636869809632,-0.000269844015489166,0.000178063967739054,-0.00022427667744401,-0.000208293376091414,8.72907125488681e-05,0.000151863268839689,-0.000279205972831842,0.000132962953169908,-0.000144321957861292,0.00011092097315206,-0.000108749795616768,0.00082733924704078
2019/07/18,0.000429917478121853,-0.000204355041763082,-0.000232946008482501,0.000138937116060409,-0.00014990619769358,-0.00019286608540196,0.000181898189189684,-0.000106758940186939,-0.000219135187874706,0.000143584297907696,0.000203781965447774,2.38631325919515e-05,0.000111446099024794,0.000330037183058607
2019/07/21,0.000440480885868017,-0.000223632797987332,-0.000183251537716916,8.581737050685e-05,-3.24216472491122e-05,-4.5726316719773e-05,0.000131618028755707,-0.00027218705977642,9.99561141570968e-05,-4.02594729085289e-05,0.000166506083546072,-0.000128958295863165,5.57244267530718e-05,0.000321704218634433
2019/07/22,0.000451598366113638,-0.000241187389412413,-0.000122510256716291,2.24972681527397e-05,9.95261076929825e-05,0.000143289529098805,-3.37135832141713e-05,-0.000178459515934586,0.00031368185362972,-0.000184396392698196,-0.000204229298834091,-7.94791878477611e-06,-0.000154578603643396,0.000342762834550036
2019/07/23,0.000463270433355335,-0.000256744562977229,-5.31237751102835e-05,-4.60963433271289e-05,0.000211947739781109,0.000249171299222628,-0.000184796615413872,9.33053948841185e-05,0.000167875516459697,-8.97783447271758e-05,-0.00018911227896254,0.000145652518549261,2.79706852534558e-05,-4.59666669873751e-05
2019/07/24,0.000475495445414741,-0.000270042654598367,2.19491265207006e-05,-0.000114288716052704,0.000274306107433249,0.00019425741773854,-0.000193617525682108,0.000284468891086493,-0.000179374032577015,0.000133774904787179,0.000202526997484938,-1.29559471704407e-05,0.000152964943893349,-0.000722359958278555
2019/07/25,0.000488269538434329,-0.000280836711813704,9.93219274774285e-05,-0.000176135283275954,0.000267835932796923,4.47140256210151e-06,-4.1219405992234e-05,0.000205389266990137,-0.000328574241565389,0.000193041524297927,0.000211899857275916,-0.000159817408020536,-0.000118776720029152,-0.000124175679137793
2019/07/28,0.000501586567957259,-0.000288902586501344,0.000175338781777917,-0.000225950618599979,0.000191117052366246,-0.000201042092565326,0.000157741215236217,-7.64290823172189e-05,-9.86409826480407e-05,-4.30341115038757e-06,-0.000198592123511441,3.86487950402278e-05,-9.80191610032305e-05,0.000398319645919101
2019/07/29,0.000515438056701498,-0.000294040934836298,0.000246254380878757,-0.000258840469988855,6.12581743683495e-05,-0.000284469887507863,0.000240720560466245,-0.000293278978180997,0.000253797396628095,-0.000209834340027751,-0.000234611515082012,0.000170248970598712,0.000185664951858942,0.000121486634123179
2019/07/30,0.000529813149544971,-0.000296081060026328,0.000308426210244612,-0.000271186421268482,-8.98368948489201e-05,-0.000181605290760311,0.000129668087970515,-0.000232008782004634,0.000320697309138812,-0.000146549969497874,0.000192369290623358,-6.86551583048765e-05,-9.49594143096574e-07,8.30411233322548e-05
2019/07/31,0.000544698575915026,-0.000294884533060373,0.000358509086619218,-0.000261034912596364,-0.000223334990384456,4.98529464998613e-05,-9.74494660707159e-05,5.6284433748548e-05,1.52947864949717e-05,0.000118432524599978,0.000256976175443214,-0.000175786294213335,-0.000200369144167018,0.00108986181117145
2019/08/01,0.000560078619824551,-0.00029034852700382,0.000393641342066731,-0.000228349348542988,-0.00030352674790867,0.000261708650892754,-0.000260286896379782,0.000298123031301579,-0.000316688299439622,0.000241346317268436,-0.000183832839479636,0.000102222025821385,0.000116805096847831,4.94295747312508e-05
2019/08/04,0.00057593509672592,-0.00028240880300643,0.000411612086155202,-0.000175095358252378,-0.000307445042607039,0.000310045531630361,-0.000219038509887328,0.000257613146139052,-0.000288536768164652,4.7564738253931e-05,-0.000278712226015469,0.000175374933221145,0.00014847726415473,0.000204715911652954
2019/08/05,0.000592247335920004,-0.00027104228875868,0.000410999650469921,-0.000105144007798108,-0.000231438024840072,0.000152845050506915,6.39543684443881e-06,-3.31398094275415e-05,7.66952895535746e-05,-0.000222132030069667,0.000172988718127211,-0.000138331234042082,-0.000211479654996237,0.000308394568510324
2019/08/06,0.000608992169412759,-0.000256269190387633,0.000391272585585634,-2.39945861931886e-05,-9.28118679544003e-05,-0.000115685503031163,0.000241961006989886,-0.000298570152051355,0.000361890298576648,-0.000209975836919609,0.000299531162969549,-0.000168129748080136,-3.72165522107579e-05,0.000551223213293768
2019/08/07,0.000626143927911369,-0.00023815458307487,0.00035284637767566,6.16640650060782e-05,7.40732656501576e-05,-0.000321055375822548,0.000293507811804789,-0.000281448705203432,0.000232552967788757,8.44687272493509e-05,-0.000159875965711704,0.000175726375223854,0.000248202850576023,-0.000711216739073485
2019/08/08,0.00064367444349146,-0.000216809432434489,0.000297091296285203,0.000144518518469011,0.000226388305361546,-0.000321876528288018,0.000106380716476672,7.38502682452967e-06,-0.000170602797047833,0.000282589714206762,-0.000319141561876924,0.000153393921912105,-0.000103627478555698,-0.000240807144824327
2019/08/11,0.000661553058356258,-0.000192391005046452,0.000226289366438803,0.000217273470694318,0.000323939557065529,-0.000107019040608141,-0.000180332385445665,0.000294274746715265,-0.000384229860364545,0.000113439798295429,0.000144567717359944,-0.000212953898482508,-0.000205237033512866,-0.000296629491465369
2019/08/12,0.000679746640957924,-0.000165102631451902,0.000143541240262878,0.000273314459994353,0.000339882547178796,0.000190124237498135,-0.000336574586761908,0.000302730167034958,-0.000155324675966619,-0.000216618347668265,0.000337253326442716,-0.000130790735219418,0.000229104260808097,-0.000614309903109745
2019/08/13,0.000698219610450204,-0.000135192793616822,5.26265640608546e-05,0.000307328930151186,0.000268158545041809,0.00037422711292864,-0.000225716740464013,2.04648791697422e-05,0.000258943654041338,-0.000274559715213681,-0.000127171662662682,0.000248417253480099,8.6115323966529e-05,-0.000921135961333202
2019/08/14,0.000716933969371156,-0.00010295351967727,-4.21758620200226e-05,0.000315825875818715,0.000125576307492681,0.000316515698089,7.70703377858811e-05,-0.000284999089184621,0.000380081475487363,3.12053931069465e-05,-0.000353582051060663,0.000100264902676175,-0.000293250619513525,-0.000339450818371817
2019/08/15,0.000735849344040404,-6.87180794728345e-05,-0.000136299407461253,0.000297502056328581,-5.21430112407529e-05,4.45749336264489e-05,0.000334259644336783,-0.00032066218047773,6.15027910279824e-05,0.000310575114339537,0.000107830002999747,-0.000280442081867636,7.80099887531345e-05,-0.000737883114932411
2019/08/18,0.000754923032930654,-3.28579840746011e-05,-0.000225121687018489,0.000253415809532539,-0.000219426171782699,-0.000269008523749549,0.000332162378630473,-4.97697707303608e-05,-0.000334096380718648,0.000189334489454445,0.000367853459303731,-6.21105523880437e-05,0.000265628856895681,-0.000662463956285131
2019/08/19,0.000774110063676749,4.22069688549431e-06,-0.000304205202468545,0.000186946726959833,-0.000332686651802419,-0.000416165246902658,5.80384107139845e-05,0.000270636478678057,-0.000347835439743309,-0.000189905934992656,-8.67189546777941e-05,0.000307349671451634,-0.000235893321520795,0.000695621703742424
2019/08/20,0.000793363259530873,4.20816748580328e-05,-0.000369533561129072,0.000103539305408533,-0.000361824827208818,-0.000291549204146384,-0.000278364943175912,0.000334465749043173,4.24389598042316e-05,-0.000333614569478418,-0.000379807937408179,1.69835141113147e-05,-0.000144369410344753,0.00117379499013538
2019/08/21,0.000812633315769876,8.02634014558396e-05,-0.000417730194985514,1.0249297148214e-05,-0.000298314029283066,3.24701613558981e-05,-0.000405042397279382,7.97696071860414e-05,0.000388990473639167,-3.97881119663736e-05,6.40477642332929e-05,-0.000327535233694678,0.000332085570023657,4.08203763970286e-05
2019/08/22,0.000831868886044629,0.000118284596818409,-0.000446247157226967,-8.48691605438052e-05,-0.00015767274488409,0.000347179233919731,-0.000207563686198658,-0.000251233620669767,0.000288213712724076,0.000319588781127769,0.000389205195891603,3.41036833803609e-05,-3.95976474302317e-05,-0.00026295507295306
2019/08/25,0.000851016678721907,0.000155650285456848,-0.000453512946261327,-0.000173481380538053,2.43941777757277e-05,0.000442113759793994,0.000169089571769036,-0.000343409477965294,-0.000148649270977974,0.000269296179573045,-4.00571199298369e-05,0.000339547102030781,-0.000326321525052183,-6.89600343966719e-05
2019/08/26,0.000870021562708894,0.000191858265935815,-0.000439030342850019,-0.000247729354102353,0.000201210275120948,0.00024598597039053,0.000426283197294571,-0.00010959645472773,-0.00041780107986743,-0.000140620035768984,-0.000395828986545735,-8.98047519610309e-05,0.000229764877976106,4.90228563964197e-05
2019/08/27,0.000888826681733746,0.00022640592991573,-0.000403417842692457,-0.000300957579729317,0.00032728061846392,-0.000120542631946058,0.000348554897610384,0.000227010194535499,-0.000204389192880214,-0.000379966592472407,1.50169030382505e-05,-0.000342162667317118,0.000209640721362667,-0.000186173439622625
2019/08/28,0.000907373577219788,0.000258797338473139,-0.000348391287043575,-0.000328338235786872,0.000370167725948523,-0.000418893434070649,-1.63396554543021e-05,0.000346845127146898,0.000248514354828484,-0.000124485205372547,0.000399491754199924,0.000148480110920196,-0.000361372662366458,-0.000760730508642547
2019/08/29,0.000925602320646283,0.000288550456636338,-0.000276685579135227,-0.000327334749767683,0.000318941296880338,-0.000448144284186125,-0.000384297030085241,0.000138294951502485,0.000416582187280963,0.000305309618123179,1.07767290134921e-05,0.000334456890000591,-1.09363631609249e-05,-0.00074135744374847
2019/09/01,0.000943451655692961,0.000315204439516036,-0.000191919744075345,-0.000297957240922737,0.00018696839747339,-0.000180516633226235,-0.000456101251314412,-0.000198373040096473,0.000101878830878415,0.000345913536918407,-0.000400039117537445,-0.000208253453153331,0.00038356283283139,-8.67052129846215e-05
2019/09/02,0.000960859149857397,0.000338326857185977,-9.84118498012245e-05,-0.000242782559388994,8.32649131905475e-06,0.000214711023724823,-0.000160732706233428,-0.000344246126774993,-0.000333397310259284,-6.99449846685336e-05,-3.70048909675993e-05,-0.000315859494083234,-0.000209477655549143,0.000665300055639182
2019/09/03,0.00097776135501928,0.000357520741472405,-9.53264537460327e-07,-0.000166733909677057,-0.000171175279619815,0.000478346439059885,0.000277108665129281,-0.000164851956501969,-0.000383769435020064,-0.000406917101515133,0.000397354179481786,0.000267082100382413,-0.0002787434409894,-0.000861721092684152
2019/09/04,0.000994093977018911,0.000372431336670713,9.54457963868282e-05,-7.66381850233191e-05,-0.000305953807978297,0.000431632918198692,0.000507770916407167,0.000165923145118537,1.17995823753773e-05,-0.000216598630917621,6.33302026780349e-05,0.000286197483479217,0.000378216274425925,-0.00211925300884016
2019/09/05,0.00100979205386996,0.00038275243573342,0.000185825635908193,1.93991190547546e-05,-0.000362409106793803,9.76030467695691e-05,0.000336095397432082,0.000335247714861354,0.000395438539782524,0.000265646692891594,-0.000391361587118513,-0.000322837940131116,7.18372541713801e-05,-0.0014822922564314
2019/09/08,0.00102479014198844,0.000388232185243584,0.000265546464274176,0.000112743379101131,-0.000327395710379025,-0.000309053816191035,-0.000113973892663656,0.00018823584163451,0.000320489795367404,0.000411177411722331,-8.94017138163729e-05,-0.000245720273678562,-0.000433519156700811,-0.000898038655902113
2019/09/09,0.0010390225093246,0.000388678246169855,0.000330542668912789,0.000195033944826087,-0.00021124258877782,-0.000520240907519701,-0.000488109641307931,-0.000130452880894513,-0.000127692758077724,1.81909139924382e-05,0.000382031194707564,0.000373395000639878,0.000174853142198491,-0.000893411844194017
2019/09/10,0.00105242333497378,0.000383962204731629,0.000377547438679478,0.000258964162544949,-4.46381976409294e-05,-0.000391627268987659,-0.000480838566885421,-0.000319685761876826,-0.000428340404239861,-0.000409268492477691,0.000114860498295611,0.000195105669071947,0.000347893592063275,8.66179174771674e-06
2019/09/11,0.00106492691476532,0.000374023136180291,0.00040427468174149,0.00029896314285549,0.000129668050242628,-1.37829051591512e-06,-8.50143560334222e-05,-0.000207444789950816,-0.000230629703825048,-0.000308190440126917,-0.000369381201994883,-0.000416719266723647,-0.000380513011809462,0.000400539135194889
2019/09/12,0.00107646787178747,0.00035887023411277,0.000409547423652437,0.00031171304534697,0.000268054125202225,0.0003971624400139,0.00039228055336449,9.29310443889106e-05,0.00023616002614372,0.000201314487898183,-0.000139345791399187,-0.00013544589816795,-0.000140362459677173,-0.00291022010266676
2019/09/15,0.00108698136994814,0.000338584429288754,0.000393364786952146,0.000296451241301915,0.000337114091877452,0.000540340895168437,0.000568165847462071,0.000297631023497997,0.000428054058283606,0.00045755375942468,0.000353480713475677,0.000450956068131244,0.000472688398686519,0.0101997603165014
2019/09/16,0.00109640332933193,0.000313318936551016,0.000356903081228339,0.000255027474102931,0.000321777901223057,0.000329057864287095,0.0002914554947766,0.000221563095244467,0.000120634682499365,0.000117361858964675,0.000162501642883013,6.82141297527877e-05,-0.00012687073445001,-0.00143390575639526
2019/09/17,0.00110467062810392,0.000283298667943164,0.000302450261136141,0.000191710029777008,0.000228470581519895,-0.000102640465852639,-0.000228022707014034,-5.44735332366249e-05,-0.000327742131874142,-0.000384236475994264,-0.00033445164380449,-0.000474510383354959,-0.000413094113256637,0.000715762285907663
2019/09/18,0.00111172126863535,0.00024881846516371,0.000233276877004763,0.000112759663992186,8.26915530898759e-05,-0.000472730372478682,-0.000578457283692698,-0.000269414954180835,-0.000393289484504876,-0.000390644507239988,-0.000183984080178834,4.78688432675931e-06,0.000367228115153964,0.000477304854909306
2019/09/19,0.00111749452616852,0.000210240181817034,0.000153450474672544,2.58131744230411e-05,-7.81259338126703e-05,-0.000535947791716752,-0.000472986517757174,-0.000229822212465995,9.60994195385548e-07,0.000116009831096148,0.000312469037592211,0.000486114953963405,0.000213051678230264,-0.00100546539640596
2019/09/22,0.00112193109752241,0.000167988670392868,6.76037909915007e-05,-6.08625406008715e-05,-0.00021443079528981,-0.0002467594460918,1.53933892673637e-05,1.6298610707167e-05,0.000394068475863977,0.000479134453203129,0.000203468480305823,-8.14904893146413e-05,-0.000498306355450664,-0.000877099341506453
2019/09/23,0.00112497325262622,0.000122546729929095,-1.93301395092341e-05,-0.000139172258929993,-0.00029441395356638,0.000208006304181768,0.000503395569260992,0.000235638312869262,0.00032577545905905,0.000219378234760064,-0.000287758477768937,-0.000484881808172042,6.75776075166752e-05,-0.00125365283225654
2019/09/24,0.00112656499000264,7.44490845863726e-05,-0.000102400814447347,-0.000201970890608098,-0.000301415135060591,0.000530160400825094,0.00059870896028105,0.00023165611702093,-0.000124247489739173,-0.000332054451370332,-0.000220656420558791,0.000159640843346358,0.000470580451819336,-0.00160933664609745
2019/09/25,0.00112665219625361,2.42754777163374e-05,-0.00017692471243584,-0.000243741923363156,-0.000237158341427592,0.000506222337784184,0.000215803629378762,2.03341426222074e-05,-0.000428697916889986,-0.000455903518760141,0.000260591844965627,0.000470337126223795,-0.000338498494937338,-0.000434816847130474
2019/09/26,0.00112518281019771,-2.73570187160936e-05,-0.000238754825802433,-0.000261109344332148,-0.000120272727539669,0.000149276710378778,-0.000348287742548487,-0.000197150922961,-0.000230216072163378,1.60358200594028e-05,0.00023528178868594,-0.000236872161616761,-0.000286109430716304,0.00110558911707444
2019/09/29,0.00112210699192123,-7.98023668278259e-05,-0.000284519497818865,-0.000253133395538237,1.9211137970198e-05,-0.000307903498263009,-0.00064470206873462,-0.000226740246989772,0.000238824257948451,0.000472576665264688,-0.000231282382329155,-0.000442440475846743,0.000508588118708046,0.000416235760535617
2019/09/30,0.00111737729654334,-0.000132394474220591,-0.000311816476623172,-0.000221362375271342,0.000147737840511474,-0.000565077774588834,-0.000430518115775628,-5.41917057452468e-05,0.000427792909199453,0.000315411618453298,-0.000247116131277863,0.000310789304256678,1.71568366535719e-07,-1.84814838281045e-05
2019/10/01,0.00111094885211378,-0.000184456521394669,-0.000319350632006223,-0.000169637311292316,0.00023636526579524,-0.00045228391420386,0.0001320792599916,0.000155012998130043,0.000113948296808705,-0.000255988879111159,0.000200179193636795,0.000401589275655576,-0.000517115664321033,2.70427801975234e-05
2019/10/02,0.00110277954204483,-0.00023531056344247,-0.000307007013114277,-0.000103671193505455,0.000267172378427411,-4.24937939711848e-05,0.000598618241437202,0.000215015998222884,-0.000334757939033341,-0.000497570039000659,0.000255973180208198,-0.000379047205034544,0.000295490921180793,-0.000267195514419391
2019/10/03,0.00109283019200691,-0.00028428725917563,-0.000275854675254379,-3.04470348396853e-05,0.000236556843337967,0.000395713772072974,0.000594144581437756,8.41331390123854e-05,-0.000390557821111467,-9.05641361796753e-05,-0.00016766135576273,-0.000348609699876245,0.00035570037136425,-0.000695230917032436
2019/10/06,0.00108106476065743,-0.000330735578087083,-0.000228080753315221,4.25029735902257e-05,0.00015493827128675,0.000574698538152299,0.000115033335693558,-0.000110446944980109,1.36632011078771e-05,0.000437470348880526,-0.000261712548688831,0.000439427226995803,-0.000502684736873663,-0.00107289609441956
2019/10/07,0.00106745053363069,-0.000374032334194112,-0.000166858369278116,0.000107863364421396,4.32990877408258e-05,0.000377139376286791,-0.000462512689508647,-0.000196702050959809,0.000403518963007012,0.000397113544445578,0.00013413174515548,0.000284735272352201,-7.29857156921387e-05,-0.00110386372740715
2019/10/08,0.00105195832068772,-0.000413591396167404,-9.6155889642921e-05,0.000159268501936288,-7.23057802294214e-05,-6.68151586734861e-05,-0.00067846199343032,-0.000109169476986814,0.000319397212264308,-0.000161822737833656,0.000264242628284968,-0.000489908984952094,0.000550040567788446,0.000118429186954386
2019/10/09,0.00103456265587506,-0.0004488724264924,-2.04985632831024e-05,0.000191929001250675,-0.000166806711409371,-0.000465534241319852,-0.000356088019557433,6.47821864278135e-05,-0.000142039454521041,-0.000511583170075179,-0.000100010680468533,-0.000211574387275502,-0.000240189533527202,0.00192168034437606
2019/10/10,0.00101524200022711,-0.000479389008424641,5.53035403759732e-05,0.000203089039974758,-0.000221346559141249,-0.000558070021109475,0.000253329373143007,0.000172291880236727,-0.00043880853468393,-0.000195012378545938,-0.000263522727928849,0.000528736585840953,-0.000418073567623185,0.000709133377658744
2019/10/13,0.000993978946379058,-0.000504716027557318,0.000126445285849847,0.000192269926623548,-0.000226663439046904,-0.000285492925328626,0.000666805461372212,0.000128514918201744,-0.000219775138201688,0.000376234490470064,6.5729436817971e-05,0.000131067838235707,0.000480565595971775,-0.00159715736978739
2019/10/14,0.000970760424376881,-0.000524496184819458,0.00018841675737288,0.0001612775216026,-0.000184168019086826,0.00017147044280116,0.000553275872070079,-1.93960944700246e-05,0.000260336605446882,0.000457502623891364,0.000259564510422626,-0.000554478445389108,0.000147084289427825,-0.00149845630364688
2019/10/15,0.000945577908339902,-0.000538445529152549,0.000237276770061144,0.000113975477055742,-0.000104807780888162,0.00051262742988487,-8.31455520316629e-07,-0.000142538498388219,0.000437197093236226,-5.70989137440981e-05,-3.17236151754532e-05,-4.54371875923243e-05,-0.000567254167218806,-0.000455995530897957
2019/10/16,0.000918427623521921,-0.000546357912014596,0.000269893182101998,5.58502487099394e-05,-6.23251721165657e-06,0.00051618811978888,-0.000557533643000397,-0.000141627640466191,9.97822352969762e-05,-0.00049650821004459,-0.000252432688731081,0.000566079936287558,0.000175282957806068,-0.000333930692044828
2019/10/17,0.000889310753028461,-0.000548108281697124,0.000284135448961462,-6.58503326419122e-06,9.10010830915163e-05,0.000183460144231084,-0.000674354544375234,-2.4345854522184e-05,-0.000358446334697249,-0.000288736047284285,-1.57357063249256e-06,-4.28753882962796e-05,0.000469606088797694,0.000256085536658823
2019/10/20,0.000858233643612332,-0.000543654752204589,0.000279007609155122,-6.64846287578703e-05,0.000167417824750153,-0.000264378139030997,-0.000256821193329639,0.000108428349452363,-0.0003985103405393,0.000293696101308915,0.000242244961678205,-0.000562908037614703,-0.00044297128466474,0.000886340886184747
2019/10/21,0.000825208009917305,-0.000533039399729961,0.000254713366430975,-0.000117389512069288,0.000208144811430726,-0.000533790163981374,0.000365084130522639,0.000148239444290652,3.05569362751282e-05,0.000491544940578618,3.37380285268266e-05,0.000131275339551351,-0.000218351885068124,-0.000758166046675474
2019/10/22,0.000790251136366789,-0.000516387759224102,0.000212648935577565,-0.000153897390579627,0.000205475257911748,-0.000452005007593493,0.000698475428167089,6.51483582992869e-05,0.000427956028972443,4.97109334762757e-05,-0.000229171147667709,0.000544786957851804,0.000567229024964599,-0.00188736575652267
2019/10/23,0.00075338607562911,-0.000493907013836627,0.00015532361605711,-0.000172214680126924,0.00016016236904011,-7.82170987893099e-05,0.000479235908689264,-7.11457201198398e-05,0.000325919879704177,-0.000453462697414168,-6.43613893076984e-05,-0.000217091612829405,-0.000104144491457409,-3.24414523838971e-06
2019/10/24,0.000714641842590279,-0.000465882890331808,8.62123974105502e-05,-0.00017053458163482,8.1288279490777e-05,0.00033900616898335,-0.00011826387630877,-0.000148373107314774,-0.000160179798098209,-0.000364086381132607,0.000213431597580276,-0.000512023334073893,-0.000506848555274877,0.00119690023811453
2019/10/27,0.000674053602924159,-0.000432675293788541,9.54902429318045e-06,-0.000149203952878115,-1.52973265520356e-05,0.000527647832567421,-0.000620357895741047,-0.000101840043803817,-0.000462978412429326,0.000196487808527213,9.30573410247607e-05,0.000297659522312521,0.000391450587434376,-0.000225244793890748
2019/10/28,0.000631662855516847,-0.000394712734940215,-6.99283925082108e-05,-0.000110663923700689,-0.00010980687139189,0.000370357097869133,-0.000630731606866441,3.20302445328934e-05,-0.000225720592038826,0.000496362832589841,-0.000195295027904489,0.000465419288120622,0.000282368190587757,-0.000324206359866333
2019/10/29,0.000587517607855605,-0.000352485623534194,-0.000147264164724186,-5.91728295363555e-05,-0.000182249937804695,-2.23894733880782e-05,-0.00014413043332592,0.000142347590863177,0.000278008637013144,0.000149898548070389,-0.000119467658070491,-0.000370409633208045,-0.00054909558134374,0.00109016895113339
2019/10/30,0.000541672543297805,-0.000306538520453988,-0.000217587068132009,-3.42570950475832e-07,-0.000216493213476965,-0.000389846613520086,0.000451936882561369,0.000133420254143411,0.000460769329616933,-0.000385797437526068,0.000175075894970157,-0.000406271345438146,3.08570648598331e-05,0.00040731980004823
2019/10/31,0.000494189178938276,-0.000257461459625783,-0.000276409408283186,5.94613943691605e-05,-0.000203885247386362,-0.00049489985755572,0.00068687690039581,7.46946948145417e-06,0.000106804197632121,-0.000414703978989801,0.000143267983718028,0.000432961150010925,0.000526620194747863,-0.000557540517452785
2019/11/03,0.00044513601272994,-0.000205880467415279,-0.000319904886764884,0.000113792525755063,-0.000145623148376672,-0.000277835009168587,0.000379785621064832,-0.000130772285769598,-0.000374010519683532,9.25270229058346e-05,-0.00015313127989482,0.000336353143177381,-0.000328456016474389,0.000786651287914711
2019/11/04,0.000394588658690827,-0.000152447421904298,-0.000345148149452605,0.000156797339044224,-5.31639927234459e-05,0.000110278486529705,-0.00022097447198762,-0.000159097501809588,-0.00042206840273493,0.000471174374552973,-0.000164173369450801,-0.000483217604670499,-0.000334464822496662,0.00135839887841272
2019/11/05,0.000342629969137823,-9.78294072927771e-05,-0.000350301052252075,0.000183820976081229,5.36737785122983e-05,0.00041289551245569,-0.000639386943310519,-4.58435026608597e-05,2.01343476880993e-05,0.000234878141289573,0.000129857187630442,-0.00025787996563746,0.000512792228912271,-0.000141216270553734
2019/11/06,0.000289350142923372,-4.269772952686e-05,-0.000334733767448041,0.000191881880922688,0.00015075543751953,0.000438536782441136,-0.000550420618745185,0.000114532157642965,0.000440197554232235,-0.000298834707493645,0.000181943461881067,0.000519461812167245,3.97633709657357e-05,-0.000862669777482244
2019/11/07,0.000234846818479312,1.22832319274141e-05,-0.00029907270153436,0.000179967629785892,0.00021507850457785,0.000182576380309781,-3.3370541070309e-05,0.000178319524836507,0.000351119030954965,-0.000435613344623205,-0.00010568422577848,0.00017345347927114,-0.000526169040961767,0.000186452253825259
2019/11/10,0.00017922515016934,6.64671548137896e-05,-0.000245171580666991,0.000149123231082289,0.0002304045608715,-0.000177665202273787,0.000498312611900305,8.15677760405987e-05,-0.000143595895828117,-9.17816871071773e-06,-0.000196387192773933,-0.000540446230094629,0.00025746509734383,0.000102004688126524
2019/11/11,0.000122597866743782,0.000119236702987791,-0.000176006723574303,0.000102325313764949,0.00019164418264444,-0.000406180299293853,0.000629075636727386,-9.47658380453192e-05,-0.000471471796295199,0.000417295465538051,8.10727028672951e-05,-8.59856806036689e-05,0.000369836085578635,-0.000524863619039987
2019/11/12,6.50853107965296e-05,0.000170014068773835,-9.55021870724009e-05,4.41581956501769e-05,0.000106731301776934,-0.0003640035111638,0.000267444601306664,-0.000190795561566083,-0.000255350583501967,0.000296279953321333,0.000207366851608644,0.000545474125993127,-0.000459267340737436,-0.000118275225185558
2019/11/13,6.81545819111286e-06,0.000218270946445685,-8.29485358578322e-06,-1.96715320586103e-05,-4.72673308820183e-06,-9.39136115383654e-05,-0.000290851273938086,-0.00011314960720597,0.000252398518602942,-0.000199952632938797,-5.65072719846154e-05,-1.39800774947597e-06,-0.000102174171105102,0.000612727771953267
2019/11/14,-5.20760835716906e-05,0.000263537759659413,8.05466375841212e-05,-8.29287372029729e-05,-0.000115916973334802,0.000217736894060655,-0.000605701782121946,7.28380695366081e-05,0.0004662279116524,-0.000423409877819402,-0.000214801560439759,-0.000534466441192157,0.000503402791416771,0.000604823391772762
2019/11/17,-0.000111446098981873,0.000305411973764826,0.000165832176071596,-0.000139487947489774,-0.000199423274849056,0.000370314598535272,-0.000441353835177719,0.000196511077302692,0.00014473479890237,-9.84467512485953e-05,3.24911938235293e-05,8.54753611503198e-05,-0.000183108011069396,0.000108317739265809
2019/11/18,-0.000171143811057757,0.000343565334714553,0.000242570700635797,-0.000183948435952907,-0.000234303536353668,0.000279223691556421,5.66915662774852e-05,0.000139170392906634,-0.000336822735004148,0.000338547570817116,0.000218670187918513,0.000508008929613782,-0.000383724071035806,-0.000560026785036014
2019/11/19,-0.00023101095177374,0.000377749889661961,0.000306281063852794,-0.00021216215979196,-0.000211729147381091,2.17946816615439e-05,0.000489772528469578,-5.03085815503965e-05,-0.000426643524408866,0.000326167875968403,-9.54021873062961e-06,-0.000163061132542832,0.000390729668606686,-0.000319950992041452
2019/11/20,-0.000290881857456017,0.000407802660270423,0.000353273656900862,-0.000221620911382483,-0.00013755905721257,-0.00022547824786992,0.00052704242672285,-0.000195736623899919,-3.08582924051354e-05,-9.9006391738194e-05,-0.000219013670446885,-0.000467374190669099,0.000150170001168539,0.000685704498017548
2019/11/21,-0.000350583590172617,0.00043364885832948,0.000380884732503407,-0.000211665077621504,-3.10022171763165e-05,-0.00030899479863387,0.000159504056035074,-0.000158325614229966,0.000389674093418512,-0.000376942932241043,-1.18238908744974e-05,0.000231153876451758,-0.000457206559807176,0.000571570064018759
2019/11/24,-0.000409936086005254,0.00045530355420842,0.000387648033907391,-0.000183496289553074,8.03986637257544e-05,-0.000194374610493297,-0.000309087663462288,2.88988190258311e-05,0.000358610965471934,-0.000163959399243263,0.00021593667103082,0.000414513677507006,0.000111275501121406,-0.000498743837241386
2019/11/25,-0.000468752330911207,0.000472871731627313,0.000373392014082419,-0.000139997768281428,0.000168157830400203,2.40651976195842e-05,-0.00051451122254986,0.000189032747863188,-7.42188210299311e-05,0.000242120625268095,3.10801286822985e-05,-0.000287090146710708,0.000371714962134639,-0.000207026948194608
2019/11/26,-0.000526838564911032,0.00048654668658631,0.000339255406499378,-8.53869564922971e-05,0.000210568998430798,0.00019857742885321,-0.000317204904544618,0.000169463190681324,-0.000407157130668033,0.000317839709842053,-0.000209608522146918,-0.000352015692099138,-0.000310934040896422,0.000640000390865385
2019/11/27,-0.000583994515208246,0.000496606754190553,0.000287618928449152,-2.47427780331952e-05,0.000198554455030279,0.000229305615798474,0.000104631970114443,-1.04568020454146e-05,-0.00027129326493268,-8.70218615888193e-06,-4.77152213367215e-05,0.000328698940584728,-0.000177057930401492,-0.000452653966050998
2019/11/28,-0.000640013658538269,0.000503410374192716,0.000221956161429096,3.65373541601657e-05,0.000137927831489871,0.000121319808358122,0.000414670168935862,-0.000177252004043531,0.000159224004525129,-0.000298613400476185,0.000200263422999837,0.000283026780202661,0.000387857934443145,-0.00104102577767862
2019/12/01,-0.00069468351296843,0.000507389533413799,0.000146611839589429,9.3289242473437e-05,4.73844057200378e-05,-3.52762616372565e-05,0.000388930221315699,-0.000171621364824889,0.00038946415398843,-0.000193927860544073,6.12307758157461e-05,-0.00035444800248123,-4.91469022780418e-05,0.000160995732417341
2019/12/02,-0.000747785959545455,0.000509041650368442,6.65205637441248e-05,0.000141081390573006,-4.71995959626735e-05,-0.000138282587501056,7.78212923533482e-05,-3.08063993232465e-06,0.00017632003960183,0.000139531394472368,-0.000188199827546397,-0.000211135735222202,-0.000330186253116454,0.000833717267713442
2019/12/03,-0.000799097594538061,0.000508919994211735,-1.31169605977265e-05,0.000176608853136241,-0.000120452367886572,-0.000141695227185051,-0.000257849703524587,0.000161538284558904,-0.000214940836452508,0.000267424563206099,-7.11505326386187e-05,0.000363572782279865,0.000225448596886291,0.00022136814854399
2019/12/04,-0.000848390112659059,0.000507622757277437,-8.71799567130237e-05,0.000197941544749482,-0.000154844591834404,-7.2659104857959e-05,-0.000367013876209907,0.000164067316519429,-0.000341000803581597,5.56509602957423e-05,0.000173778973236884,0.000140221613456527,0.00017601215207512,0.00073854212824533
2019/12/05,-0.000895430721343252,0.000505780926607855,-0.000150973766493176,0.000204605025669787,-0.000145435996857279,6.01560736110549e-06,-0.00019786869948595,9.7295688371248e-06,-8.66732320914825e-05,-0.000195993391915216,7.70276513917124e-05,-0.000356178504084623,-0.000297505369201537,0.00197541390160493
2019/12/08,-0.000939982586087925,0.000504045124252294,-0.00020055351842135,0.000197492019885929,-0.000100583465679832,5.00436892518643e-05,8.78260673058424e-05,-0.000143323038159638,0.000235362871232917,-0.000177740059398006,-0.000157422489371754,-7.42695860782064e-05,5.04729496060158e-06,0.000861489676307264
2019/12/09,-0.000981805306833149,0.000503071608557645,-0.00023300345264779,0.00017862311285451,-3.84389035689535e-05,5.95086346397346e-05,0.000266469972308852,-0.000146337098199776,0.000270197528636605,4.70750261185002e-05,-7.84519083523498e-05,0.000333306041544643,0.000256902431377074,-0.000219945686435545
2019/12/10,-0.00102065542518064,0.000503507649056602,-0.000246652346199458,0.000150792856821931,1.95773674133975e-05,6.04267055884953e-05,0.000230315062175889,-7.50558382420043e-06,1.53458530765256e-05,0.000176110015907795,0.000139609127188868,1.71610470497123e-05,-0.000141802235100708,0.000314372906025792
2019/12/11,-0.00105628696158331,0.000505976505818968,-0.00024120905237795,0.000117150778184497,5.6140961247464e-05,6.57394456658465e-05,4.77990458044762e-05,0.000124317686600114,-0.000218610961685947,7.74898967086465e-05,7.50567268721095e-05,-0.00029695319255688,-0.000140644548483137,0.0010858136697851
2019/12/12,-0.00108845198184031,0.000511062258204739,-0.000217806865876565,8.07739341584514e-05,6.3735663622957e-05,5.62307097502706e-05,-0.000122859933699039,0.000118277259044514,-0.000188890779339951,-8.31904703741334e-05,-0.000120870670118203,2.75531365527252e-05,0.000190614668912962,0.00107553307100158
2019/12/15,-0.00111690119227548,0.000519294738775745,-0.000178950989582671,4.42878073769192e-05,4.67450513865637e-05,1.97652495381884e-06,-0.000172404534160285,-5.52275462279107e-06,2.61143806450686e-05,-0.000108587249232412,-6.65259839241987e-05,0.000250044559102555,1.194085438619e-05,0.000812788787170974
2019/12/16,-0.00114138456287256,0.000531134835487959,-0.000128369490481692,9.58537097008353e-06,1.91600850165678e-05,-9.45437915227302e-05,-0.00010908117277903,-0.000106499745723688,0.000167503944318723,-1.48320075294886e-05,0.00010178705991718,-5.68851293451801e-05,-0.000151687183389567,0.00106861178793342
2019/12/17,-0.00116165197744464,0.000546960428915076,-7.07744263856242e-05,-2.23191431129604e-05,-1.34790608755989e-06,-0.000177181371706368,-1.49427376053927e-05,-8.00868986714694e-05,0.000111297053384134,5.25013458291145e-05,5.26005673911154e-05,-0.000196345465789065,6.94076028251689e-05,0.00105292792845847
2019/12/18,-0.00117745390937649,0.000567053231187769,-1.1545914378222e-05,-5.12833602095181e-05,-9.18177253491826e-07,-0.00016644076408385,4.64471139697198e-05,3.11724973472532e-05,-2.90439107702271e-05,4.16594907773449e-05,-8.29807601326119e-05,6.86354539288566e-05,6.57570148620499e-05,0.000773441994131419
2019/12/19,-0.00118854212167017,0.000591586788099479,4.36425904854541e-05,-7.78791625180663e-05,2.41816874551689e-05,-2.69842955659921e-05,7.46234813435034e-05,9.20897253956869e-05,-8.96955224627386e-05,1.87474068456316e-05,-3.30846286928626e-05,0.000140318260288994,-7.42647300934784e-05,0.000670434521089394
2019/12/22,-0.00119467039008569,0.000620615896436053,8.92349981227639e-05,-0.00010310776202463,6.48905412249885e-05,0.000181207548246075,9.60273252434244e-05,3.23577321566431e-05,-5.26432121796227e-05,1.32886075161041e-05,6.51103448100013e-05,-6.15970060752326e-05,7.3766382838038e-06,0.000323708738325322
2019/12/23,-0.0011955952478981,0.000654067675339609,0.000120213197827516,-0.000128029400385496,0.000101665399112457,0.000320051031730834,0.00010336171572838,-7.10769332287342e-05,-1.10581173388005e-05,-2.38709162047154e-05,7.85138992690609e-06,-8.6922749525604e-05,1.70596606297371e-05,0.000234683294286009
2019/12/25,-0.00119107675076512,0.000691734512787826,0.000132499780419188,-0.000153363365635881,0.000111378186227537,0.000263160618754198,5.07812614226247e-05,-8.35163667868583e-05,-2.6769640332409e-06,-8.56557927707274e-05,-4.88633208541643e-05,3.57232006117694e-05,-1.92033916327322e-05,0.000384878392255582
2019/12/26,-0.0011808792598848,0.000733269086792346,0.000123315027795547,-0.000179121012599907,7.6680457740526e-05,1.02773399311335e-06,-8.06044088196733e-05,2.38908608289395e-05,2.75548409394004e-05,-6.17621558437353e-05,2.31516331154202e-05,4.13661245437586e-05,5.18106159630994e-05,0.000471800455435968
2019/12/29,-0.00116477224152081,0.000778181635261178,9.14620586053511e-05,-0.000204333554261439,-5.41477280016246e-06,-0.000321441740462603,-0.000219935455666411,0.000126609121947838,9.35529805102708e-05,8.30926645979215e-05,3.49482133166891e-05,7.7538460828377e-06,-4.1797761410486e-05,0.000935460005799825
2019/12/30,-0.00114253108102925,0.000825839618947966,3.75174771024347e-05,-0.000226927278321448,-0.00011907895712644,-0.000480592729004752,-0.000234022510406585,8.33677635791018e-05,9.38452507306019e-05,0.000177480648537242,-5.98981376293037e-05,-8.81145676050057e-06,-7.144689482185e-05,0.00133883128620278
2020/01/01,-0.00111393790948139,0.000875469889196127,-3.60900839776536e-05,-0.000243782233255505,-0.0002316075384931,-0.000327087696559587,-4.78588086921136e-05,-8.71857270934074e-05,-4.83375711670424e-05,4.02684106195191e-05,-2.40860239933303e-05,-6.62678245142624e-05,0.000141271573684977,0.00133697054372677
2020/01/02,-0.00107878244102261,0.000926163436498773,-0.000125124753938956,-0.000250987955468465,-0.000302020967469488,8.71383988844326e-05,0.000246735156110623,-0.000198800452413031,-0.000212114158003724,-0.000211310301891985,0.00010227933899534,-5.94255456038337e-06,3.00993445696841e-06,0.0017116953198225
2020/01/05,-0.00103686281885024,0.000976882758148551,-0.000223715394056977,-0.000244283898445921,-0.000294268516067034,0.000510035003883516,0.000418335813235907,-9.43268740182498e-05,-0.000165731283638203,-0.000233114279076265,1.70011151055118e-05,0.000135935732285677,-0.000212335424762995,0.000930288066256726
2020/01/06,-0.000987986467828715,0.00102647184309268,-0.000324650626572587,-0.000219645852597332,-0.000191080701415075,0.000640186098824644,0.000274604598889035,0.000155586607604607,0.000123310261740844,8.08120274378023e-05,-0.000150101176175573,-1.20534609042465e-06,0.000145396703935413,-0.000328209970845315
2020/01/07,-0.00093197095219028,0.00107366873032,-0.000419784716982997,-0.000173956016458847,-3.74320837783594e-06,0.000338975423117522,-0.000143028070118404,0.000288256985075893,0.000354706432466003,0.000361500282460416,-1.44116088688302e-05,-0.000211655359660445,0.000186965353908303,0.000651872725309498
2020/01/08,-0.000868644835487671,0.00111712055665913,-0.000500534390004353,-0.000105676570898503,0.000226197988976626,-0.000243632686409721,-0.000534602827759615,0.000119090164467358,0.000199654870359212,0.000190708008572721,0.000203082433330611,3.33315225232958e-05,-0.000314138264365526,0.000855367030036439
2020/01/09,-0.000797848540308795,0.00115540096720519,-0.000558439815504256,-1.54372127755031e-05,0.000435118619495807,-0.000735068335318314,-0.000552198452689381,-0.000226690798262167,-0.000255360833636514,-0.00029027488986541,1.7019355535556e-05,0.000287285656038851,-3.26202451751143e-05,0.00178003252526005
2020/01/12,-0.000719435206131076,0.00118702971882394,-0.000585757484421952,9.35521125894987e-05,0.000554153271297994,-0.000776680826422426,-0.000102476158165019,-0.000395079213072495,-0.00050415077776241,-0.000459386182186709,-0.000260853768759374,-9.21857233205393e-05,0.000412457121661474,0.00187055211586909
2020/01/13,-0.000633271540882936,0.00121049426995484,-0.000576048898789425,0.000215340390899716,0.000530431668414888,-0.000281878626271186,0.000517518606619292,-0.000160270975568628,-0.000178300187946783,-1.40542645320574e-05,-2.5499527706364e-05,-0.000355908218025561,-0.00022248489604964,0.000166447199883847
2020/01/14,-0.00053923866168759,0.00122427311078293,-0.000524727248262991,0.000341381723379219,0.000346451930281045,0.000467879119466833,0.000807114937364311,0.000297659591711639,0.000440892007963784,0.000531138142166693,0.00032295777503827,0.000177935934435254,-0.000357795552069809,-0.00336576381056959
2020/01/15,-0.000437232921267222,0.00122686054914519,-0.00042952473822283,0.000461012968038589,3.11074046486346e-05,0.000978182165209199,0.00046316809198036,0.00051879098465766,0.000639282401006774,0.000427953540291905,4.04900237822253e-05,0.000410163009713981,0.000488935266243336,-0.00465209974522781
2020/01/16,-0.000327166716486808,0.00121679263277439,-0.000290846042352757,0.000562250881738831,-0.000342280194218024,0.00086637237437989,-0.000323432872107312,0.000220290462839339,8.77740078755976e-05,-0.000286018170270686,-0.000388850176244171,-0.00028898009622571,0.000118654021342014,-0.000675390113044597
2020/01/19,-0.000208969275496633,0.00119267385726316,-0.000111978415982588,0.00063285834003605,-0.000672032736705248,0.000143471329716263,-0.000953904982745208,-0.00036526822022028,-0.000669303665001352,-0.000712349702196898,-6.2580734738572e-05,-0.000442645884575213,-0.000644605516476834,0.00311069360712336
2020/01/20,-8.25874199110063e-05,0.00115320428201952,0.000100863873716844,0.000661592889660246,-0.000855104256780269,-0.000751610009940817,-0.000874097839398063,-0.000658281929640592,-0.000736651433415504,-0.000217801247948134,0.000457902296366491,0.000421842916972524,0.000258053334217197,0.00128436054408157
2020/01/21,5.20137014881363e-05,0.00109720665397648,0.000338674299782157,0.000639520975590216,-0.000818007376058466,-0.00121566484052005,-5.4197007824209e-05,-0.000301259336618306,8.04378422754855e-05,0.00064383503436181,9.23028271681666e-05,0.000446350454084688,0.000583892681269747,-0.00134703990897586
2020/01/22,0.000194849910980254,0.00102365312154849,0.000589971388506417,0.000561261536373472,-0.000542660398702222,-0.000886457225115853,0.000914685089999117,0.000425980849252096,0.00092312181022096,0.000735666655712998,-0.000529404874697125,-0.000571172565261985,-0.000650021966057833,-0.00180427733275878
2020/01/23,0.000345917335670076,0.000931691109999265,0.00084129112148537,0.000426016272095547,-7.86701194331875e-05,8.18627738125821e-05,0.00124089413191811,0.000811769588135984,0.000772658928110928,-0.00016664478025475,-0.00013011828471287,-0.000415132497823304,-0.000269212513518987,-0.00405028306548476
2020/01/26,0.000505191780119275,0.000820667923663481,0.00107783598452263,0.000238252512067446,0.000463232173328524,0.00107866227652706,0.000575835378706181,0.000404855942639388,-0.00032781977095471,-0.00094976281378787,0.000602573186688761,0.000729847380843516,0.000896729302772566,-0.00510551925713625
2020/01/27,0.000672628141064081,0.000690153641385678,0.00128425177909732,7.92849565208501e-06,0.000936728472909978,0.0014203383280326,-0.000640082710459979,-0.000476050990597348,-0.00117883413446387,-0.000530698468031256,0.000176409856710369,0.0003441716188117,-0.000237411609027716,-0.00210350842108364
2020/01/28,0.000848159867142147,0.000539961879011047,0.00144549404182992,-0.000249811343074069,0.00119883071500102,0.000817704805250638,-0.00145734980703561,-0.000976787382007233,-0.000725966755581658,0.000655091668078677,-0.000676553430110186,-0.000889197086972747,-0.000860359928908924,0.000711350757376965
2020/01/29,0.00103169846636923,0.000370168007408292,0.00154773842380739,-0.000515494778278071,0.00115198306074249,-0.000391480134412565,-0.00115653174032251,-0.000532207786289939,0.000647678600966632,0.00107918660807331,-0.000231471472049417,-0.000230402588283257,0.000779588366844614,-0.0030793930345762
2020/01/30,0.00122313306575394,0.000181124438261966,0.00157928419274985,-0.000766702232100389,0.000777183407503229,-0.00142569623346513,0.000126855351614207,0.000511644558604,0.00140842913589389,8.72074939984828e-05,0.000750430363767226,0.00103933646865347,0.000488444489069334,-0.00541128350030408
2020/02/02,0.00142233002709422,-2.65273822228056e-05,0.00153139754309975,-0.000979880959508354,0.000147448786100932,-0.00156408293713673,0.00142881398625629,0.00115020196119514,0.000579974118420112,-0.00112020319215219,0.000295499162089408,7.2888092921061e-05,-0.00115247801193446,-0.000936272194222391
2020/02/03,0.00162913262215764,-0.00025184859795999,0.00139904190750475,-0.00113245256180253,-0.000584230781964551,-0.000647011979331818,0.00167753742309094,0.000683783413905748,-0.00102466885211726,-0.000932658739642715,-0.000823236240876854,-0.00116960256305161,0.000147784175998753,0.00175291577408949
2020/02/04,0.0018433607701416,-0.000493598471698098,0.00118144607194582,-0.00120503153725348,-0.00122130672157631,0.000773728104955176,0.000572501488603895,-0.000528981091687881,-0.00158156625190511,0.000526986721418948,-0.000368582654558322,0.000126894397631165,0.00117683410077634,-3.49959267937405e-05
2020/02/05,0.00206481084017621,-0.000750234056765455,0.000882467542316171,-0.00118354600658151,-0.00157603503165275,0.00176382424955505,-0.00109674443764156,-0.0013282618257121,-0.000325123834525645,0.00140788393876363,0.000893961104123496,0.00126907953580435,-0.000859015574257939,-0.000580532443601928
2020/02/06,0.0022932555221745,-0.00101991419771909,0.000510718050584932,-0.00106104429284028,-0.00152395519652423,0.00162072028969294,-0.00200779497655917,-0.000859301578320966,0.00143511326736731,0.000475426817643529,0.00045069784000123,-0.000364876322221046,-0.000775221170716775,0.00119293094743712
2020/02/09,0.00252844376945486,-0.00130050798843707,7.94299061672694e-05,-0.000838984791239301,-0.00104485943770175,0.000369500014438293,-0.00135162131963655,0.000524486862614001,0.00166823326843739,-0.00117106858368831,-0.0009615644329931,-0.00132718876771343,0.0013919559979744,0.0018736245023233
2020/02/10,0.00277010081686017,-0.00158960775474475,-0.000393944477886993,-0.000527841606259637,-0.000237275131287189,-0.00120814340362349,0.0004588396437964,0.0015066768698499,-3.92076450446241e-05,-0.00138246915254954,-0.000541700351837483,0.000634352605309076,1.99316798757744e-05,0.000803537907542377
2020/02/11,0.00301792827796324,-0.00188454656471229,-0.000888392824647751,-0.000146912681194728,0.000699860298218585,-0.00206099802927332,0.00203174395290379,0.00105766331820683,-0.0018481746312396,0.000237043958932825,0.00102498798591738,0.00133431575726659,-0.0015173887954272,-0.000724136022914352
2020/02/12,0.0032716043243877,-0.00218242020413315,-0.00138024089680828,0.000276713552444138,0.00151563714493107,-0.00156892324607596,0.00206486172711964,-0.000494953572204726,-0.0016416834195019,0.00166143939582532,0.000641320478749665,-0.000926081414501303,0.00087065313201746,-0.00167090000224967
2020/02/13,0.00353078395011216,-0.00248011348723944,-0.00184425144719831,0.000709998546799562,0.00197411938830591,1.01112833512108e-05,0.000420568008826833,-0.00168072766611791,0.00050346729691127,0.000974304658270176,-0.0010831696251224,-0.00128244081708446,0.0011221460574906,-0.0006271821473052
2020/02/16,0.00379509932308971,-0.00277433070523818,-0.00225487446290354,0.00111648620981272,0.00192200099984048,0.00166660787446645,-0.00167792020061328,-0.00127691222008443,0.00222785676488132,-0.00105830462277428,-0.000749159504748336,0.00122853607700045,-0.00159306885263275,-0.00048351668009632
2020/02/17,0.00406416022621497,-0.00306162994796214,-0.00258758799532253,0.00145933838660513,0.00133769394254484,0.00228490904448664,-0.00255308110830164,0.000437695121452217,0.00148139518981294,-0.00182127893399801,0.00113505799234021,0.00116573753564326,-0.000269467123835569,-0.00278927832968032
2020/02/18,0.00433755458999863,-0.00333846096739549,-0.00282026081133489,0.0017046230732094,0.000346555576309028,0.00139483360205247,-0.0014136279748517,0.00184540119178194,-0.00104752093890033,-0.000214556188031636,0.0008646875651795,-0.00152830776390097,0.00186107769850662,-0.00175697165262257
2020/02/19,0.00461484911886609,-0.00360120618889706,-0.00293446352335427,0.00182456466601543,-0.00080437335776892,-0.000477019957390973,0.000941900131748807,0.00151422687835741,-0.00253572820075711,0.00177912181412975,-0.00117962794583065,-0.000981101858807963,-0.000799847103608971,0.00290159352729843
2020/02/20,0.00489559001210067,-0.00384622441721761,-0.00291665416359094,0.00180045055245041,-0.00180761073293794,-0.00211536788658647,0.00267624965876493,-0.000350694455588573,-0.0011757682061347,0.00153647976309846,-0.000987243201328526,0.00181064849123461,-0.00151510110704727,0.00237817869278296
2020/02/23,0.00517930378020995,-0.00406989672944026,-0.00275916756019458,0.00162490180280637,-0.00237739218872698,-0.00240612191204547,0.00234673184962389,-0.00199554786206252,0.00164121554770079,-0.000755941639707789,0.00121589657449224,0.00072857565303507,0.00173339044611173,0.000667803238197559
2020/02/24,0.00546549815709733,-0.00426867399767827,-0.00246094533105843,0.00130325792464534,-0.0023307939109322,-0.0010941190535735,0.0001023889842502,-0.00176594757381514,0.00273417910650112,-0.00218005031526792,0.00111603476516898,-0.00206013485075277,0.000597777369897588,0.00532194272551767
2020/02/25,0.00575366310749414,-0.00443912544209065,-0.00202795458588755,0.000853894092788296,-0.0016448394268588,0.00100682413233102,-0.00234641129717034,0.000232732917555437,0.0007242643143848,-0.000801086490712128,-0.00124293960703329,-0.00041163197702314,-0.00218315630978567,0.00727805057200788
2020/02/26,0.00604327192864597,-0.00457798757904617,-0.00147325804300094,0.000307378789933185,-0.00047208574690063,0.00251775464096622,-0.0030308248756688,0.00212605271021695,-0.00224595509379245,0.00171045363685543,-0.00125014385455288,0.00226142417948771,0.000637002087919612,-0.00120128678106322
2020/02/27,0.00633378244554873,-0.00468221290056614,-0.000816715544605347,-0.000295517104363398,0.000892041303128816,0.0024011547833274,-0.00130704792918872,0.00202763603448924,-0.00278994961817867,0.00209532589350203,0.00125990792947109,3.72948529726732e-05,0.001933470595362,-0.00538085574089971
2020/03/01,0.00662463829764464,-0.00474901760322149,-8.43160426302546e-05,-0.000906841234607561,0.00208361089867341,0.000673253275047261,0.00155362637391966,-8.34968324688227e-05,-0.000138728168340708,-0.000263548414199033,0.00138853084730284,-0.00240006728441372,-0.0017924019241307,0.00124405681142448
2020/03/02,0.00691527031339769,-0.00477592767595145,0.000692840964402705,-0.00147529028991352,0.00276757075034904,-0.0015669738357563,0.00329903805110212,-0.00223201457001573,0.00281723940049043,-0.00238986608454196,-0.0012660439574397,0.000383925960634554,-0.00099414617613842,4.4471493805525e-06
2020/03/03,0.00720509796804693,-0.00476082265629257,0.00147987590628793,-0.00195054344761967,0.00273201689718516,-0.00283739679901619,0.00247122274441894,-0.00229416744610477,0.00267761254808154,-0.00146971869007501,-0.00153004263398433,0.00246333575421364,0.00245694100825694,-0.00562162915339857
2020/03/04,0.0074935309195211,-0.0047019763727219,0.0022397145807822,-0.00228773032443522,0.0019527937738865,-0.0022552271746107,-0.000378256046006271,-9.63441892106449e-05,-0.000556324162663284,0.00142538099962846,0.00126069754252566,-0.000838295285318011,-0.000379441559747481,-0.00192516270163042
2020/03/05,0.00777997062165934,-0.00459809400354329,0.00293485570847831,-0.00245163478058176,0.000608939079902937,-0.000149857834548479,-0.00304412850817562,0.00230892582748217,-0.00330801494920446,0.00257333866208165,0.0016734224833332,-0.00244101809825778,-0.00235112356610197,0.00386187835747576
2020/03/08,0.00806381201497683,-0.0044483448104161,0.00352923520152089,-0.00242024147451938,-0.000957605146164766,0.00211912312128346,-0.00337602786201203,0.00255985100879139,-0.00238266754583924,0.000389927201245069,-0.00124334111523335,0.00130930736004805,0.0017539086534822,0.000651010392836983
2020/03/09,0.00834444529003512,-0.00425238995157956,0.00399009334482476,-0.00218727445066219,-0.00232924740278757,0.0030416657852768,-0.0010146975582778,0.000305089568200612,0.00132457675858958,-0.00239347981330806,-0.00181732180668706,0.0023261376329141,0.00143998399603811,0.000920852607423137
2020/03/10,0.00862125771153832,-0.0040104048388373,0.00428974746011195,-0.00176345380886478,-0.00312465528017678,0.00196439417315947,0.0022474163161798,-0.00235284685956815,0.00367258987269157,-0.00214659636108652,0.0012135839207708,-0.001778323248735,-0.00265620833275617,0.00164498727557279
2020/03/11,0.00889363548923054,-0.00372309556292575,0.00440717414667705,-0.00117630183763212,-0.00310517295108608,-0.000448007889706009,0.00382717857431859,-0.00281857446481304,0.00190390878776715,0.000922116489871554,0.00196031378079477,-0.00211554612304522,3.2824793763169e-05,-0.0023364012332146
2020/03/12,0.00916096568534371,-0.00339170897182105,0.00432931195812371,-0.000468455178336855,-0.00224593037911996,-0.00262224634871474,0.00239986655273114,-0.000539991076424521,-0.00211997078274836,0.00289341554873353,-0.00117118532502401,0.00222536725019168,0.00273818891507632,-0.0040132788480106
2020/03/15,0.00942263815519702,-0.00301803605001937,0.00405200716748861,0.000305426265928941,-0.000750543690047737,-0.00310505203128097,-0.000991955943433642,0.00236056987190428,-0.00387078641006307,0.00114691840885166,-0.00210090917894094,0.00181035109732753,-0.0016084033957423,0.00266608673283
2020/03/16,0.00967804751556628,-0.00260440832929978,0.00358054158033594,0.00108293197603764,0.000996729014335391,-0.00153680392280866,-0.00369674428411371,0.00306396668024352,-0.00125476921783369,-0.00215624911764331,0.00111606682035354,-0.00263004781091084,-0.00190948678857498,0.000606594884312654
2020/03/17,0.00992659513375831,-0.00215368715123216,0.00292970143943613,0.00179901780613895,0.00253028917647144,0.00108364321088049,-0.00353092844976455,0.000797265322964866,0.00288985688479487,-0.00274610440763584,0.00223757481787521,-0.0014161416115442,0.00275798367229495,-0.00588170284443847
2020/03/18,0.0101676911339833,-0.00166924569158111,0.00212336935314472,0.00239154136781888,0.00342815874406077,0.00303628576741321,-0.000544473635690449,-0.00232976989335015,0.0038719492684375,0.000231120042425712,-0.00104832191134536,0.00297255892232211,0.000388144526176048,-0.00324135599381515
2020/03/19,0.010400756413345,-0.00115494376252546,0.001193645685566,0.0028067370263418,0.00342882618434614,0.00301212503477328,0.00295479068879026,-0.00328957621864553,0.000463415665122185,0.00299142834217958,-0.00236875405030112,0.000942987512600028,-0.00306360536754884,-0.00183005115404331
2020/03/22,0.0106252246389971,-0.00061509553664804,0.000179530682968256,0.00300414090343449,0.00250741775899266,0.000992860906146464,0.00418790786921993,-0.00107213629137382,-0.00357903669837261,0.00192692418864077,0.000968223847882538,-0.00323471013207256,0.00135507292848145,0.00386024993370337
2020/03/23,0.0108405441978067,-5.44304357937602e-05,-0.000874777481213196,0.00296050994234576,0.000888979322186986,-0.00171451912604663,0.0021168114481869,0.00225914223327746,-0.0036584021805625,-0.00167459868825633,0.00249288908972068,-0.000405198960198459,0.00237129133541332,-0.00891783569686698
2020/03/24,0.0110461800882096,0.000521952501390491,-0.00192189190939469,0.00267235549833527,-0.00100650796490708,-0.00332601886459029,-0.00168313186170941,0.00348907057113643,0.000428533685808438,-0.00318326968379792,-0.000876231432990322,0.0034009284973302,-0.00274544624808685,-0.00129349687673383
2020/03/25,0.0112416157565101,0.00110863638467601,-0.00291345850217244,0.00215682519315547,-0.00267396443268947,-0.00275973914198537,-0.0042226900529968,0.00135891555049517,0.00413437598312107,-0.000585863349074046,-0.00260844514533988,-0.000179153393173794,-0.000859996077227575,0.000533715226701528
2020/03/26,0.0114263549034735,0.00169994391676595,-0.00380248141193464,0.00145080749461523,-0.00365895652441617,-0.000364162805999456,-0.00345622210969783,-0.00214852430327771,0.003227952862216,0.00282819903362051,0.000772992722388908,-0.00345917469119932,0.00329826775904216,-0.00477667384559711
2020/03/29,0.0115999232759988,0.00228999995100563,-0.004545636148551,0.000608289343063423,-0.00368255782816356,0.0022959373875739,6.68333079126162e-05,-0.00365646105893613,-0.0013686666721317,0.0026368349527489,0.00271393764238615,0.000788944661703964,-0.00100307061749593,0.000562374802884907
2020/03/30,0.0117618704455848,0.00287279847767724,-0.00510545222430294,-0.000303845666370921,-0.00272074290694545,0.00346477406517361,0.00359270259645456,-0.00165112579722249,-0.00450956557998682,-0.000980251902539441,-0.000659343375971455,0.0034017189375732,-0.00279109395238527,-0.0022841111167386
2020/03/31,0.0119117715668469,0.0034422732450458,-0.00545225163356411,-0.00121124680858636,-0.00101559266919721,0.00235816089993353,0.00432131671578982,0.00199900186899462,-0.00259509952710161,-0.00338767410774024,-0.00280796081724197,-0.00140090113471175,0.00261054427351949,-0.00401134687198686
2020/04/01,0.0120492291010838,0.00399237112189813,-0.00556573997809777,-0.00203830391964149,0.000986008972163979,-0.000308819320754589,0.00163616511223878,0.00378636554426013,0.00229765780801593,-0.00144236477829222,0.000536299944172721,-0.00322572433772541,0.00135189645205419,0.0096148412786238
2020/04/02,0.0121738745035156,0.00451712724623993,-0.00543616317356195,-0.00271460367227421,0.00275057586563051,-0.00278520730888351,-0.002374677379773,0.00194169496507234,0.00466955663901033,0.00239862229202057,0.00288921622370664,0.00199066369755313,-0.00341842574750944,-0.00630968315074696
2020/04/05,0.0122853698520763,0.00501074091397376,-0.00506496372089377,-0.00318107086178273,0.00380157020423447,-0.00343750850021752,-0.00454636748991332,-0.00181296617527561,0.00179071817866221,0.0031848182704414,-0.000405048845771035,0.00293359385992941,0.00057174949465429,0.00407454281988218
2020/04/06,0.0123834093804713,0.00546765109655163,-0.0044648953586675,-0.00339524720386107,0.00384931363998792,-0.00183081764862185,-0.00314185820049366,-0.00387428481712302,-0.00315405495080072,-0.000138668184782141,-0.00295654031879121,-0.00253395612199831,0.00313505864492883,0.00490996104319982
2020/04/07,0.0124677209156416,0.00588261049698579,-0.00365958217546829,-0.00333522581963929,0.00287151497063348,0.000980214041476351,0.000754544375908223,-0.00222321694563171,-0.00459417603009391,-0.00331642681641636,0.000266929888015808,-0.00253305122256996,-0.0023559193758886,0.00668864569704684
2020/04/08,0.012538067224889,0.00625075705186921,-0.0026825366950152,-0.00300187013851478,0.00112183912193414,0.00314592970115036,0.00407596062183215,0.00159410500595078,-0.000860153548717345,-0.00223895297595968,0.00300893046828093,0.00300779772578785,-0.00182824831771279,-0.00779082824577464
2020/04/12,0.0125942472806755,0.00656768179262566,-0.00157567952621597,-0.00241909220698189,-0.000936508066770816,0.00324286591492659,0.00419398815158252,0.00391686418335255,0.00387952155562289,0.00173570409568478,-0.000123413467980836,0.00203693909165637,0.00340897507644329,0.0233864421253793
2020/04/13,0.0126360974295777,0.00682949196758663,-0.000387429415265295,-0.00163213471314641,-0.00275463416448272,0.00121261064266566,0.00100524072947474,0.00248825799405039,0.00428047650557919,0.0034954860781596,-0.00304556800829953,-0.00339169406443263,-8.95859741300124e-05,-0.0189705890073373
2020/04/14,0.0126634923952631,0.00703286829581383,0.000829544509747969,-0.000703978302858817,-0.0038458125913946,-0.00160307536014362,-0.00297821001540953,-0.00134732308588403,-0.00014017837851048,0.000758689260802129,-2.3926062139968e-05,-0.0014627302371657,-0.00337378232046077,-0.00287037110765946
2020/04/15,0.0126763460590704,0.00717511531796121,0.00202079834714201,0.000289835404902148,-0.00391711067069324,-0.00335194957172748,-0.00461355272032119,-0.00391211561499608,-0.00442399227948328,-0.00296362952162108,0.00306583771994284,0.0036687347060129,0.00199578048244116,-0.00584614665863033
2020/04/16,0.0126746121015709,0.00725420408041964,0.00313269459232042,0.0012675298242682,-0.00294883780426065,-0.00289391600790291,-0.00261454724003478,-0.00272968907467111,-0.00374350347265329,-0.00287856988673811,0.000173437589137654,0.000831764474218863,0.00225236106871676,-0.00657769624439153
2020/04/19,0.0126582845535089,0.00726880644678173,0.00411496018363804,0.00214802502375526,-0.00120004591122694,-0.000546802253150136,0.00143322382010872,0.00107858982754848,0.00114737713964658,0.000908236256587406,-0.00306934339460289,-0.0038265252212858,-0.00326621798760982,-0.00814551748369953
2020/04/20,0.012627398251076,0.00721832035762768,0.00492309290977482,0.00285787089987693,0.000861472316484132,0.00213423217956528,0.0043333766666563,0.00385957911118057,0.00475018152057919,0.00352382768445023,-0.000323416419814515,-0.000168243335203802,-0.000408224210861866,0.00696846906860904
2020/04/21,0.0125820291771892,0.00710288544421389,0.00552049463656372,0.00333757119082133,0.00268558348923953,0.00339047662930427,0.00381046380518426,0.00294103072687704,0.00301534779567237,0.00160775876257907,0.00305592180037165,0.00385788607818155,0.00348634957421459,0.0392190238895875
2020/04/22,0.0125222946195707,0.0069233884593178,0.00588022319825921,0.0035467362945665,0.00378811463483257,0.00241720797072027,0.000301055774683953,-0.000794690156936917,-0.00209735386149538,-0.00236409895263232,0.000472127494505559,-0.000501958116809758,-0.00155540987275594,-0.00024247948582622
2020/04/23,0.0124483529960662,0.00668145804867237,0.00598627403302366,0.00346760324356024,0.00388067451652559,-0.000119416450539107,-0.00341022277925168,-0.00376037906552826,-0.00483694240294647,-0.00328333497506968,-0.00302565683805227,-0.00376126865588221,-0.00259089089694952,0.00683366822637115
2020/04/26,0.012360403271309,0.00637944868646714,0.00583432707355478,0.00310660500614873,0.00294683765020411,-0.00253901178045716,-0.00440655405874134,-0.00311677959270726,-0.00214257039887548,1.11708914064006e-05,-0.000617834795115174,0.00115258743651656,0.00299944021854705,0.00339497539174263
2020/04/27,0.0122586840878343,0.0060204140696079,0.00543192252724275,0.00249384521156545,0.00124437245397743,-0.00326359894211517,-0.00193835819843319,0.000502899266180422,0.00293030318807866,0.00326482427732934,0.0029788880919215,0.0035408556960802,0.000883658550379564,0.0212967147203508
2020/04/28,0.0121434726993111,0.00560807042375905,0.00479805867894206,0.00168052138021941,-0.000766498828491379,-0.00184990110680521,0.00201196986833408,0.00361717063056107,0.00468113407612951,0.00230959424204061,0.000758838289888454,-0.00175833545879938,-0.00346372885747707,-0.00633610703761227
2020/04/29,0.0120150836728715,0.00514675019559721,0.00396223434721369,0.000734522831911909,-0.00254867588056497,0.000740083472424882,0.00432603535064635,0.0032526521140271,0.00118221000093571,-0.00158892841912282,-0.00291620480799944,-0.00320633462906882,0.00106861015320556,-0.00148107140207787
2020/04/30,0.011873867320254,0.00464134676567252,0.00296298699782377,-0.000265407556218208,-0.00363301121438438,0.0027948497268974,0.00321817513006493,-0.000210651809043149,-0.00359581581167522,-0.00340913882117114,-0.000893510597511028,0.00229609842825574,0.00281850438015198,-0.00530060593911725
2020/05/03,0.0117202079165657,0.00409725110604785,0.00184600324765123,-0.00123643065330024,-0.00374297603203168,0.00298765241089003,-0.000383075130799683,-0.00343396716421554,-0.00429772727134589,-0.000850734254180912,0.00283842984979224,0.00277236491411597,-0.00263028168169716,0.000348322742508062
2020/05/04,0.0115545217645648,0.00352028145371767,0.000661899794996817,-0.00209868981938178,-0.00286572908490988,0.00123540190078091,-0.00361227091236256,-0.00334568221430536,-0.000196737451271704,0.00275500491329316,0.00102033103951947,-0.0027461028175626,-0.00130098383443177,0.00205411826735281
2020/05/05,0.0113772551404199,0.00291660715744469,-0.000536211333394167,-0.00278208753020945,-0.00125119050565165,-0.00127524272719334,-0.00395290414429173,-7.47397316879831e-05,0.00405703437768456,0.00278805323922615,-0.00274659472886665,-0.00225777740121444,0.00331031121957147,0.00244372196816262
2020/05/06,0.0111888821526352,0.00229266793493314,-0.00169524962166346,-0.003232166983424,0.000659448834108654,-0.00289291431115996,-0.00120362218010201,0.00321591597254264,0.00371812715443705,-0.000732773364463136,-0.00113791393098415,0.0030928271662996,-0.000573102797665231,-0.00533612602549438
2020/05/07,0.0109899025322393,0.00165508981981472,-0.00276465829774368,-0.00341458990595509,0.00235523642055846,-0.00259057765219584,0.0024154237702034,0.00339426375545038,-0.000751387233408295,-0.00325289951363831,0.00264191116827385,0.00168456378448352,-0.0029213621601568,-0.00338755448792565
2020/05/10,0.0107808393623823,0.00101059910250745,-0.003698738813526,-0.00331783118168572,0.00339325940974056,-0.000618506972207459,0.00405874928927312,0.00034636424537006,-0.00429335392502124,-0.00158126827344305,0.00124503154866969,-0.00332567156702651,0.00218953356776925,4.31782071975903e-05
2020/05/11,0.0105622367653471,0.000365935596558784,-0.00445871428786904,-0.00295387329939708,0.00351526501254473,0.00169447929232842,0.00249832227221229,-0.00296903789184315,-0.00298698403198773,0.00206482020665276,-0.0025257415376488,-0.00107672310101257,0.00163153773726085,-0.00300313673314655
2020/05/12,0.0103346575655245,-0.000272233443839224,-0.00501442422835058,-0.00235686386368383,0.00271215253588069,0.00283792319987418,-0.000959123959697136,-0.00339814435980647,0.00160493030581442,0.00300166907568841,-0.0013406321849371,0.00343934514353895,-0.00304270094472765,-0.00431082484127913
2020/05/13,0.0100986809433771,-0.000897397463409019,-0.0053455732561853,-0.00157988084277218,0.00122018940642271,0.00210834722054197,-0.00356492583989127,-0.000597957252185578,0.00430148571241086,0.000103098335640694,0.00239956889925475,0.000459036545913461,0.000105368218826568,-0.00649152562794473
2020/05/14,0.00985490009846651,-0.00150328355873499,-0.00544248058922531,-0.000690116244431697,-0.000548348992439279,4.10787740327852e-05,-0.00331833436039051,0.0026999571575703,0.00215793031513312,-0.0028507345207363,0.0014238534345622,-0.00343396058094148,0.00289808908327089,0.000852550983863751
2020/05/17,0.00960391993329464,-0.00208393308064721,-0.00530630337390434,0.000237075393386001,-0.00211976066483483,-0.00197898587528342,-0.000505006101424382,0.00335836935313235,-0.00231636402302524,-0.00210792409534684,-0.00226496678026315,0.000144158174645985,-0.00171259636577086,0.0099446685060413
2020/05/18,0.00934635476814592,-0.00263377281429758,-0.00494873413560785,0.00112472388959344,-0.00308668848830333,-0.00264662983289174,0.00260058651890596,0.000824098880307105,-0.00409488998770384,0.00128497006088516,-0.00149403061439185,0.00331484224898167,-0.0018566065543271,0.00470749406070405
2020/05/19,0.00908282609527039,-0.00314767977296917,-0.00439119919000751,0.00190080255992999,-0.00321438118068955,-0.0015810543335684,0.00357638089281901,-0.00241563514473106,-0.0012887338510232,0.00294779941377582,0.00212356899023721,-0.000710125189484759,0.0026866475797401,-0.00417997786929888
2020/05/20,0.00881396037859894,-0.0036210387625767,-0.00366360943723676,0.00250422635283457,-0.00249756023303747,0.0004614848377813,0.00174505479234546,-0.00327718440183294,0.00285122298029294,0.00082734750836187,0.00155070063878258,-0.00309206987771708,0.000303470717054452,-0.00162088249365116
2020/05/21,0.00854038690674746,-0.00404979200059334,-0.00280273629296517,0.00288977690555232,-0.00115418355158368,0.00212229468730752,-0.00136358515197751,-0.00102036348288169,0.00370174272127913,-0.00226923247654595,-0.00197704026726262,0.00121876011473289,-0.0027587145384415,0.00241441542663213
2020/05/24,0.00826273570811963,-0.00443048020908041,-0.00185030256334862,0.00303154835401574,0.000440152457911566,0.00234534136742737,-0.00328857630456984,0.00212311512713223,0.000436371922113315,-0.00239125703513158,-0.00159360180428341,0.00277979402401083,0.00123504938068996,-0.00604752742500678
2020/05/25,0.00798163553257131,-0.00476027475028001,-0.000850890067405207,0.00292464779743077,0.00185755544862768,0.00104902198860215,-0.00258906987864441,0.00315790199696764,-0.00319009725829988,0.00051074998824931,0.00182704827143624,-0.00165343990373717,0.00196847136160709,-0.00709429052712552
2020/05/26,0.00769771190190486,-0.00503700052229148,0.000150227760894197,0.00258504508873082,0.00273327637510752,-0.000862833057676999,7.86594848969328e-05,0.00118341928374831,-0.0031617330695066,0.00265972546133879,0.00162266985579079,-0.00239537107864878,-0.00227328013509786,-0.0030343733491905
2020/05/27,0.00741158523661172,-0.00525914947295049,0.0011092193915472,0.00204763302334654,0.00285994131502124,-0.00212981399220994,0.00256205638322734,-0.00182928597690366,0.000347505187975227,0.00137154701708273,-0.00167523736806746,0.00200165454831965,-0.000630427048316101,-0.005494466244684
2020/05/28,0.0071238690638364,-0.00542588473863206,0.00198569087957607,0.00136271574604805,0.00223614660957044,-0.0019668143870444,0.00295043582783264,-0.00300474064941338,0.003329174321833,-0.00159272077741127,-0.00163803067165403,0.00195837362640445,0.00252236581509781,-0.00754500466604371
2020/05/31,0.00683516830706423,-0.0055370355622156,0.00274444988421709,0.000591276311101219,0.00105821429953934,-0.000549265644296608,0.0010457838376041,-0.0013110819135336,0.0025220735256184,-0.00242779743031554,0.00152320461296177,-0.00225539669132253,-0.000788893365475175,-0.00168676917094709
2020/06/01,0.00654607765823841,-0.00559308327944988,0.00335695886024275,-0.000200527626663973,-0.00034035184296044,0.00114718667405183,-0.00156643795908528,0.00154066807024749,-0.00102033110602882,-0.000172558872374701,0.00163998988922483,-0.00148953631282362,-0.00196997183832012,-0.00112849831429848
2020/06/02,0.006257180035156,-0.00559513878671821,0.0038024165252505,-0.000947135988788609,-0.00158328550696163,0.00201734052589555,-0.0028346388648696,0.00282264398421269,-0.00327938719516829,0.00219836099027315,-0.0013724781451614,0.00241130047717884,0.00183530058551002,-0.00317530263580901
2020/06/03,0.00596904512854278,-0.00554491201795417,0.00406842750956304,-0.00158911409857142,-0.00235310140459819,0.00154685156540239,-0.00185358798279707,0.00140232526648606,-0.00183314854519763,0.00169810675518277,-0.00162901993219981,0.00100969758129716,0.000862031484435616,-0.000959144309591526
2020/06/04,0.00568222804136068,-0.00544467406658976,0.00415124225292921,-0.00207796190255899,-0.00247227429814562,0.000112562126149663,0.000496247378198343,-0.00126322612967707,0.00155131319174005,-0.00090915168104974,0.00122449813260239,-0.00247053550422334,-0.00221428000017696,0.00445341345944114
2020/06/07,0.00539726802001881,-0.00529721268517736,0.00405557152525416,-0.0023798096308837,-0.00194329039090796,-0.00130978941900729,0.00232782731721448,-0.00261708722020025,0.0030643533495139,-0.00224704290052424,0.0016057450387096,-0.000538794311619659,0.000399816350224747,0.00124019595738476
2020/06/08,0.00511468728031632,-0.00510578197089623,0.00379400125595989,-0.00247771705088528,-0.000938840632661898,-0.00180877626314767,0.00226305394974383,-0.00145725192277286,0.00114423033377192,-0.00070117379933213,-0.00108060030608328,0.00243847497598732,0.00187294453351067,-0.0016765803835106
2020/06/09,0.00483498992906771,-0.00487404711232005,0.00338605255921086,-0.00237242717617437,0.000252745572264744,-0.00112091691286485,0.000467348860083778,0.00100221295938198,-0.00192289311131582,0.00164057971150545,-0.00157092469791155,9.49603952157655e-05,-0.00140363106488148,0.00268467608873783
2020/06/10,0.00455866097943461,-0.00460602512609228,0.00285694801658434,-0.00208156771990369,0.00130994430647301,0.000238681776969885,-0.00157126773204085,0.00239387663994692,-0.00271739210358169,0.00180260673862732,0.00094200223457907,-0.0023241684826339,-0.000994430231731417,0.00237332070336865
2020/06/11,0.00428616545962829,-0.00430602254391526,0.00223615769973333,-0.00163743146556519,0.00196484274515703,0.00135634436226305,-0.00227244650389777,0.00147702605533047,-0.000499647228975939,-0.000296924086280768,0.00152543583088592,0.000306228221804636,0.00186264357741523,-0.00312286712358302
2020/06/14,0.0040179476139592,-0.00397857102892949,0.00155580656133918,-0.00108358770567646,0.00207085433699179,0.0015333124416032,-0.00118784708858985,-0.0007620456923237,0.00213095090146199,-0.00190370911450338,-0.000809792315814387,0.00213965924011408,-8.55954569534601e-05,-0.00166510269267871
2020/06/15,0.0037544301922607,-0.00362836190615687,0.000849028429028094,-0.000470670574656045,0.00163429552965111,0.000721051648950677,0.000728280866860354,-0.00215894706525181,0.00227797094659974,-0.00103979716237981,-0.00147025410824998,-0.000652330282033138,-0.00169595572373715,0.00327706620911413
2020/06/16,0.00349601382455166,-0.00326018057678259,0.000148350901642323,0.000148251044711301,0.000803447618431477,-0.000491649799176133,0.00194953453226468,-0.00146377278396588,-6.42900098153354e-05,0.00106631755754278,0.000684921316301461,-0.00189919204566595,0.00100479565591306,-0.000732257235952844
2020/06/17,0.00324307648066575,-0.00287884175372277,-0.00051580980624053,0.000722297347918424,-0.000179465722075988,-0.00130156155264417,0.00159230033965042,0.000546216399449785,-0.00218384579511635,0.00171081766055603,0.00140643473354017,0.00093441799369025,0.00103246103283343,-0.00331547535850446
2020/06/18,0.00299597301437676,-0.00248912641393833,-0.00111647416006013,0.00120698957648824,-0.00104828867144407,-0.00122235339803107,4.89095175272803e-05,0.00191816357728894,-0.00178794985649914,0.000185475201261345,-0.000568196353514871,0.00161836132747961,-0.0014956286565076,0.00294140029557302
2020/06/21,0.00275503479231682,-0.00209572130800959,-0.00163118720228301,0.00156769942997182,-0.00158482153844592,-0.00037332815265879,-0.00140910071405987,0.00142044734598803,0.000521396842616069,-0.0014669286835561,-0.00133509293576953,-0.00114725034242819,-0.000144441895048145,0.00558362836136639
2020/06/22,0.00252056940733894,-0.00170316180374157,-0.00204282634004841,0.00178206941181156,-0.00167321433914467,0.000643378278253134,-0.00167550413155387,-0.000357240355973339,0.00210048447691458,-0.00118354313303618,0.000460277419371415,-0.0013132485836601,0.00146170542501429,0.00211516826845423
2020/06/23,0.00229286047432205,-0.00131577876875247,-0.00234010270973229,0.00184124213707422,-0.00132343874001362,0.00116698979100616,-0.000645792000977413,-0.00167713408788968,0.00128797831899794,0.00054652321180027,0.00125738472202468,0.00128924550259518,-0.000659142954008992,-0.000194240896446026
2020/06/24,0.00207216750635094,-0.000937650115153075,-0.00251774683052812,0.00174985106964901,-0.000659627667490526,0.000906458356635757,0.000784379909180942,-0.00135067830877494,-0.00085665882805647,0.00147141509335026,-0.000361676312721428,0.000999595795997327,-0.000988013087916755,0.00111154041947707
2020/06/25,0.00185872586770453,-0.000572557542441889,-0.00257638598785205,0.00152483855398633,0.000121161593854192,9.60383917332373e-05,0.00149045916294997,0.000196644372259906,-0.00190768019001191,0.000505732658521952,-0.00117448817752505,-0.00136226740015608,0.00113888072299378,0.00151501197398308
2020/06/28,0.00165274679963691,-0.000223948920959188,-0.00252213633868141,0.00119326899116847,0.000806593110012893,-0.000700079156152762,0.0010011391386107,0.0014410415958235,-0.000814350871524692,-0.00100833875170494,0.000272757846194197,-0.000692056280060513,0.000289060661165286,0.000243371176471552
2020/06/29,0.001454417516478,0.000105093341898041,-0.00236594632824595,0.00078938671615426,0.00122642487765577,-0.000978356111337396,-0.000198926411810446,0.00125859361004586,0.00106622159463928,-0.0011549961710914,0.00108758547531554,0.00137125050946063,-0.00119442957049632,-0.00173123104866587
2020/06/30,0.00126390137034755,0.000411877711582068,-0.00212273902096608,0.00035122296613851,0.00129420007701106,-0.000612576848441676,-0.00112879416333508,-6.49937988530928e-05,0.00163710701883118,0.000133721357741486,-0.000193743164897877,0.00040355750936563,0.000379921658258652,-0.000569036672782334
2020/07/01,0.00108133808198288,0.000694122570482311,-0.00181040891181312,-8.29194971165822e-05,0.00102323549540475,0.000101246556110056,-0.00110983730164737,-0.0012145029252567,0.000396554886015291,0.00114589673022876,-0.000997845757599695,-0.00132369420499747,0.000877971921441545,0.00179985535676534
2020/07/02,0.000906844034523432,0.000949968852164619,-0.00144873341049012,-0.000477782771537475,0.000514619555331141,0.000675624709699979,-0.000255464944987186,-0.00114863812920447,-0.00115643278943843,0.00065926799511289,0.000124715088520174,-0.000144801937105844,-0.000813621214566641,0.00182194096197793
2020/07/05,0.000740512626830087,0.00117798631751397,-0.0010582603873899,-0.00080398624727044,-7.72812040646188e-05,0.000762685792493967,0.000696451843931659,-3.80446180863526e-05,-0.00132215925749705,-0.000591001170415594,0.000906409218927452,0.00122906307975901,-0.000354061507591232,-0.000817119487140958
2020/07/06,0.000582414684341374,0.00137717361826074,-0.000659231033813749,-0.00104015080002197,-0.000590619510706666,0.00036183613636148,0.00101411804391432,0.00100145964440228,-5.56569408911916e-05,-0.000997278003481507,-6.56252100626123e-05,-7.60774878435438e-05,0.000917550080909496,-0.00132741522136845
2020/07/07,0.000432598925324294,0.00154695237955054,-0.000270592100362218,-0.0011741685114809,-0.00089980543880006,-0.0002176806107214,0.000531112431941485,0.00102539219926769,0.00114211703905325,-0.000143558794354327,-0.000814372596951426,-0.00109813216949433,-0.000173152727867754,0.000432974974895157
2020/07/08,0.000291092478926858,0.00168715561102124,9.08562356633475e-05,-0.00120355890462543,-0.000945496381582491,-0.000589368312187299,-0.000290256124986086,0.000113609464600205,0.000995002451243725,0.000797517289982259,1.63025334326498e-05,0.000253700167396197,-0.000722009022819495,0.000116182513934318
2020/07/09,0.000157901451484234,0.00179801082797498,0.000411140514888198,-0.00113494039077136,-0.000743912999268841,-0.000545497799923587,-0.000786598020512191,-0.000805103538906727,-0.000196415850964814,0.000666232117918923,0.000722776230318533,0.000942316223834384,0.000535442282224584,-0.000390871048296316
2020/07/12,3.30115375432097e-05,0.00188011832811928,0.000679597122979866,-0.000982725541117209,-0.00037483925068689,-0.000168091206542747,-0.000625896451358622,-0.000893398363535992,-0.00104431468058004,-0.000260839499216101,2.35366480559225e-05,-0.000385461357642221,0.000350730280249566,0.00237129143373198
2020/07/13,-8.36113284946721e-05,0.00193442512366847,0.000889145448980619,-0.000767213799489226,4.64044895246909e-05,0.000260235876169414,-1.99254222957478e-05,-0.000163526356333169,-0.000684056091124101,-0.000764531875912086,-0.000632592736654267,-0.000773020179541517,-0.000651747111746284,0.00213803996324788
2020/07/14,-0.00019202028396178,0.00196219507457319,0.001036350256705,-0.000512300013247226,0.0004037785512321,0.00046355355653818,0.000509810373424788,0.000627838151000111,0.000356729499408843,-0.000281886335138888,-5.42779052469481e-05,0.000471407106354249,3.81871397827705e-05,-0.00420483817142439
2020/07/15,-0.00029228681632645,0.00196497580495797,0.00112128397069909,-0.000243038565787134,0.000611873239440569,0.000348383610124176,0.0005750702831187,0.000757003801858754,0.000887740598528405,0.000481095851467559,0.000544717327397139,0.000601044170693783,0.000540437982590766,-0.00767115125876332
2020/07/16,-0.000384500012035455,0.00194456301083331,0.00114720988141363,1.66997586395475e-05,0.000635477387610685,3.73815198454779e-05,0.000200510068511748,0.000190171636493097,0.000412085240158432,0.00056474706487143,7.63970326364478e-05,-0.000513978777512525,-0.000313794485841305,-0.00367280532562452
2020/07/19,-0.000468765778703138,0.00190296278400098,0.00112011585549641,0.000246266116134871,0.000493160395453573,-0.000242014776186364,-0.000257029479579682,-0.000471276174367244,-0.00043043737017215,-4.18390829803389e-05,-0.000459959821609622,-0.000436071028958942,-0.000294008917882883,-0.000406890720645469
2020/07/20,-0.000545206043126409,0.00184235258345212,0.00104813460681983,0.000429798855674275,0.000245576155721797,-0.00032062955598297,-0.000436570138112876,-0.000620225516053488,-0.000698219260646541,-0.000511585448656068,-9.04477341590191e-05,0.000517651190705345,0.000413562384019893,-0.000838621079655888
2020/07/21,-0.000613957928223599,0.00176504148074986,0.000940890689461004,0.000557204532117131,-2.65546781562347e-05,-0.000187246868161277,-0.000254303944460848,-0.000196326305439871,-0.000195004496944491,-0.00029965739762947,0.000379038529247937,0.000286257676472729,3.12048227502998e-05,-0.00182210711178317
2020/07/22,-0.000675172912241859,0.00167343029213564,0.000808816010985911,0.000624507726630223,-0.00024740416931503,3.16748133744806e-05,7.82650761050293e-05,0.000336270478244436,0.000429278885573043,0.00023540670140804,9.70489014329003e-05,-0.000488492459935773,-0.000352323968894537,-0.0020747313755025
2020/07/23,-0.000729015973701132,0.00156997218782145,0.000662474868872503,0.000633587301974413,-0.000366493212886921,0.000180026631727917,0.00027392130020713,0.000486644100085714,0.000500326912026784,0.000401811921116449,-0.000302576050034265,-0.000157944427239987,0.000152116920657309,-0.00286850748062737
2020/07/26,-0.000775664725343166,0.00145713433904643,0.000511936454550725,0.000591375335956507,-0.00036929600595151,0.000180818306866732,0.000212737023211109,0.00018502937415409,4.1421763378105e-05,6.43599306851058e-05,-9.68718131106562e-05,0.000433675815309533,0.00020059799480765,-0.00212888579356065
2020/07/27,-0.000815308540293916,0.00133736112617737,0.000366227735364675,0.000508642210713237,-0.000276092828740214,7.13947042820602e-05,6.33963914744091e-06,-0.00022297372666955,-0.000369683063716747,-0.000284737497368549,0.000231096827552033,5.54885728850244e-05,-0.000214598255725367,-6.92069036074936e-05
2020/07/28,-0.00084814767348294,0.00121303938751881,0.000232893000142303,0.000398523193598468,-0.000130832670460517,-4.66588496714609e-05,-0.000140788679309564,-0.000359329072580599,-0.000315427925516145,-0.000230341246993963,9.06274777267196e-05,-0.000360974026072258,-4.53860800526077e-05,0.000771347165153751
2020/07/29,-0.00087439238113602,0.00108646613941261,0.000117678595253273,0.000274956077637852,1.54616798462037e-05,-9.27605368441092e-05,-0.000123092994993991,-0.000159438829650913,4.71215027180074e-05,7.94325001581237e-05,-0.000165026273621036,1.8778713683892e-05,0.000174003765727829,0.000440643041808279
2020/07/30,-0.000894262040680076,0.000959819144726955,2.435298342343e-05,0.000151195686559199,0.000121077810894808,-6.02411082301507e-05,-5.38120707933252e-06,0.0001309197381096,0.000270691664038838,0.000223804991134335,-7.90542486942961e-05,0.000278265649814402,-4.85173278453607e-05,-0.000584104736172352
2020/08/02,-0.000907984273896646,0.000835130648439103,-4.53362647406709e-05,3.8550740055888e-05,0.000164810816812183,-3.53097363652556e-06,7.03014227334822e-05,0.000240795314995677,0.000160235547349817,7.47223709635123e-05,0.000104691305130061,-6.44798773038432e-05,-8.71968267058805e-05,-0.000151837950196158
2020/08/03,-0.000915794076807734,0.000714264537914323,-9.157509171373e-05,-5.45452428788165e-05,0.000149141393591283,1.95455262531006e-05,3.42869515689008e-05,0.000122706012432636,-7.53157767275956e-05,-0.000115433706195989,6.29057999072918e-05,-0.000193079404927086,6.13196623632308e-05,0.000675007415220183
2020/08/04,-0.000917932958432978,0.000598897125348267,-0.000116279067485041,-0.000123060408695075,9.53739099208847e-05,-2.09216547255666e-06,-5.1256137800057e-05,-5.91198350173442e-05,-0.000151908958894236,-0.000113927595613265,-5.03222302828738e-05,8.30163697373176e-05,1.72526181433069e-05,0.00139415033454365
2020/08/05,-0.000914648090211323,0.000490501687867365,-0.000122793019596981,-0.000165467208993724,3.32644049003661e-05,-3.02030886152418e-05,-7.08046565825991e-05,-0.000132988990099211,-4.5964709249061e-05,1.28872140114308e-05,-4.29395729314921e-05,0.000112198814528697,-1.81180551617411e-05,0.00144324727013352
2020/08/06,-0.000906191468289396,0.00039033683806604,-0.000115518852605438,-0.000183446598973126,-1.0814600166668e-05,-1.9459576971456e-05,1.54293905611124e-05,-7.78683903187754e-05,5.27992042290042e-05,6.86110019945866e-05,2.05598239080298e-06,-7.73100330497319e-05,-3.15903375226714e-06,0.00138462813688531
2020/08/09,-0.000892819091057719,0.00029943873658511,-9.94991946753843e-05,-0.000181260134514268,-2.30367740904589e-05,3.53596163911238e-05,0.000123576932843692,6.167043754166e-06,3.16590213542342e-05,1.81937587156579e-05,1.99058872926277e-05,-4.13441997895678e-05,-3.09467273645651e-05,0.00106143512455535
2020/08/10,-0.000874790153852225,0.000218617100170806,-7.99856940529616e-05,-0.000164887671240559,-5.73419605229852e-06,8.94747362053284e-05,0.00012804465174206,3.72999628310411e-05,-2.1916564442028e-05,-1.78125542751583e-05,4.00594188932765e-05,5.14819570199711e-05,4.46262683170131e-05,0.000975553738735734
2020/08/11,-0.000852366262253832,0.00014845490348357,-6.20202119143637e-05,-0.0001410473665896,2.53149181871025e-05,8.5163697619599e-05,-6.34885395656024e-06,2.77643301456252e-05,7.4078078939249e-06,1.13618571405139e-05,5.46208159243914e-06,-1.50566005559523e-05,3.93144059801634e-05,0.00106479629322737
2020/08/12,-0.000825810665198705,8.93116209984518e-05,-5.00549380218729e-05,-0.000116219971243198,4.84835356981269e-05,5.16036008194985e-06,-0.000173307660191372,2.96587816741006e-05,7.45076347981875e-05,2.02798281999847e-05,-7.60593632758022e-05,-1.04920934871724e-05,-0.000106839710227639,0.00133914764019496
2020/08/13,-0.000795387509299866,4.13298071347883e-05,-4.76337971298248e-05,-9.57911207434168e-05,4.57427030109966e-05,-0.000103427467017145,-0.000212362657176626,4.54039362631564e-05,4.33857609730213e-05,-3.91970829444801e-05,-3.24572998748746e-05,5.40033427637795e-05,1.20666020613022e-05,0.00139017078197919
2020/08/16,-0.000761361115527969,4.44476990374215e-06,-5.71526941145739e-05,-8.34050677800488e-05,1.04325158522445e-05,-0.000158190978616284,-6.03847203020256e-05,2.50289838029581e-05,-9.05732315199064e-05,-7.1928053095692e-05,0.000106056356409769,-4.02367110135803e-05,0.000141090011289485,0.00127390193471188
2020/08/17,-0.000723995279241378,-2.16029442962143e-05,-7.97104983703846e-05,-8.05937925449862e-05,-4.94450230002761e-05,-0.00010445812826846,0.000173592069842518,-5.02908901277545e-05,-0.000154863887195158,1.00162206442692e-05,6.04068497791275e-05,-7.39645953890634e-05,-0.000105719713226802,0.00150550861139456
2020/08/18,-0.000683552594650785,-3.7252569395753e-05,-0.000115056559971625,-8.67103086263706e-05,-0.000113566609956295,3.60260272573638e-05,0.000288545701513115,-0.000114726610532059,-2.31084396107144e-05,0.000115389981735972,-0.000130233071649563,9.51876815958998e-05,-0.000110800052450262,0.00114422442474108
2020/08/19,-0.000640293804677867,-4.3105982583572e-05,-0.000161634357816278,-9.91583009893393e-05,-0.000156424214427294,0.000171412013258884,0.000165798146488341,-7.82351132353765e-05,0.000181863876960515,7.70119600054846e-05,-8.8678870380151e-05,7.48306426745133e-05,0.000196531078787529,0.000822382925934612
2020/08/20,-0.000594477177152739,-3.99087721275307e-05,-0.000216714969457377,-0.000113876047474442,-0.00015675084406127,0.00020147279604332,-0.000114610809564835,5.77856933988903e-05,0.000202070705868144,-8.9691473644402e-05,0.000148834900447313,-0.000149091677811397,1.09324503383646e-05,0.00120700022519796
2020/08/23,-0.000546357908252676,-2.85298844302095e-05,-0.000276608756903706,-0.000126004514727602,-0.000105927579011401,9.2154127163216e-05,-0.00032569828780455,0.00017068390584433,-3.06495848498281e-05,-0.000164842066493871,0.000116688497578893,-5.77882049427294e-05,-0.000233645537366751,0.00177682979419688
2020/08/24,-0.000496187554107557,-9.94023208352235e-06,-0.000336939266536657,-0.000130650418770092,-1.23804092421487e-05,-9.25720780688424e-05,-0.000280020526102985,0.000129898376878751,-0.000267755411518003,-1.80318757815179e-05,-0.00016216211429063,0.000197224152396723,0.000127651754893362,0.00166671660233312
2020/08/25,-0.00044421349104227,1.48093546607199e-05,-0.000392960064751816,-0.000123646670839137,9.97077962358769e-05,-0.000228700534091335,4.36861625083998e-06,-5.42453198393204e-05,-0.000213265148241354,0.000179551288588048,-0.000143902799441094,2.51307591463366e-05,0.000185137072255525,0.00131998714110898
2020/08/26,-0.000390678404695928,4.46104555834484e-05,-0.000439893223382523,-0.000102215552190229,0.000197165775019743,-0.00021693063831755,0.000304844182646486,-0.000213639434978713,0.000107299330742375,0.000155843729569809,0.000170561762160824,-0.000235644244671075,-0.000250431717700285,0.00125878398021362
2020/08/27,-0.000335819808334309,7.83193001434914e-05,-0.000473267499573777,-6.54535052457484e-05,0.000248050186276873,-5.53132299473112e-05,0.000371006969787668,-0.000178387570838382,0.000337137256185427,-8.58986902941587e-05,0.000169844720474954,1.99792272806922e-05,-5.44796842969307e-05,0.000256644328381511
2020/08/30,-0.000279869590628775,0.000114778567470685,-0.000489234911431737,-1.45787986846003e-05,0.000232090732362071,0.000153354434701711,0.000134911051135448,4.17540735539121e-05,0.000189723229741311,-0.000237094907995578,-0.000174419427551311,0.000261367148392662,0.000302459257789547,-2.41838588553464e-05
2020/08/31,-0.000223053593220309,0.000152838415492188,-0.000484846306187923,4.70881666709896e-05,0.000147982876739389,0.000268031609538199,-0.000222782256404971,0.000244240814955852,-0.000195253406851736,-8.13482701596151e-05,-0.000194096025572004,-7.37783693098807e-05,-0.000118294831979044,0.000944995176288864
2020/09/01,-0.000165591217961589,0.000191376433313571,-0.00045826949600473,0.000114410768295118,1.50650732310155e-05,0.00020599497248652,-0.000412803505201695,0.000222387373217092,-0.000382048710350417,0.000197286602123048,0.000174150975021964,-0.000272465450423614,-0.000252491246451292,0.00134477742870501
2020/09/02,-0.000107695063698299,0.000229316239621426,-0.000408937388751833,0.000180956395378201,-0.000131368500259695,2.60717512665588e-06,-0.000273400756077906,-2.23289043573624e-05,-0.000136182641846148,0.000232347333244946,0.000216299227906258,0.000132182656950737,0.000271229105507009,0.000507374121256009
2020/09/03,-4.95705928609806e-05,0.00026564448118748,-0.000337618014439067,0.000239692331127988,-0.000249891773234121,-0.000208853536287512,9.17631921270042e-05,-0.000263360112001487,0.000283169683734957,-4.01098084350068e-05,-0.000170194411661853,0.000268099593583518,0.00010778324933828,0.0007797057178208
2020/09/06,8.58417134943357e-06,0.000299426019521083,-0.000246403162154467,0.000283778648035777,-0.000305053908046264,-0.000285679616694633,0.000391494781714086,-0.000260881699432817,0.000398025144323444,-0.000274921734270187,-0.000236158504322858,-0.000191062683358293,-0.000344758536200743,0.00140398007953644
2020/09/07,6.65789166175086e-05,0.00032981713086774,-0.000138617206841154,0.000307368403164204,-0.000278148220273968,-0.000173007714839735,0.000381400917897073,-2.1176107169359e-06,5.9931823021821e-05,-0.000157912700016593,0.000163002000357713,-0.000248481683315781,8.66447974323448e-05,0.000915076146645763
2020/09/08,0.000124231282064164,0.000356076583997612,-1.86523400056456e-05,0.000306324304539454,-0.00017335222179397,5.69910328481681e-05,6.44399368749185e-05,0.000272040674635942,-0.00036100876166318,0.000172261530960631,0.000253439615340304,0.000246498227734792,0.000305738713955654,-0.000257106579488843
2020/09/09,0.000181367067524078,0.000377574499289542,0.00010825943107371,0.00027876985837657,-1.72839217272668e-05,0.000251925559983854,-0.000307737841989337,0.000293132834048071,-0.000384072499405743,0.000288506102621977,-0.000153032766769489,0.000214780353831024,-0.000264031775371338,-9.10369014856521e-05
2020/09/10,0.000237820410533966,0.000393798931272407,0.000236323705738693,0.000225410740568483,0.00014803928090073,0.000281178558201496,-0.00043628027900722,2.98039849557952e-05,3.0219540314958e-05,3.05834820735674e-05,-0.000267968918106888,-0.000294999132002454,-0.000161474832146141,0.000154760526702608
2020/09/13,0.000293433931439304,0.000404360158020926,0.000359494161093802,0.00014958678349383,0.000276888559666163,0.000124148622152277,-0.000216747090043326,-0.000271451368066012,0.00042083112429873,-0.000274240116214964,0.000140745451222099,-0.000168977239370392,0.000360807788527031,-0.00100255376621947
2020/09/14,0.000348058848716461,0.000408992701253602,0.000471798130536228,5.70438339766644e-05,0.00033280919833777,-0.000115283573508103,0.000175695688859341,-0.0003186594560884,0.000342320946822168,-0.000228495859170916,0.000279631545694395,0.00033368247308262,-4.18173818314691e-05,-0.00144722109668036
2020/09/15,0.000401555066243832,0.000407555136826243,0.00056765882593984,-4.45552859221535e-05,0.000299139257265733,-0.000278130438042152,0.000427130876989089,-5.90991525486444e-05,-0.000124977699415537,0.000115164137004377,-0.0001265918745521,0.000113687613289546,-0.000340625649609352,-0.000805894813468722
2020/09/16,0.000453791233583095,0.000400027788158663,0.000642196263481389,-0.000146333568534052,0.000183989233145147,-0.000256716891188253,0.000337595173759149,0.000262847275728217,-0.000457294245580134,0.000314235629557844,-0.00028836873423715,-0.000360399391682946,0.000235472236313146,-0.000708895002504116
2020/09/17,0.000504644780235762,0.000386508425844404,0.000691490464350142,-0.000239046279442883,1.82054219902447e-05,-6.63744957947635e-05,-1.90249544733655e-05,0.000337215211675579,-0.000277431183415948,0.000108456505618353,0.000111010851048746,-5.19586670029354e-05,0.000208203911838192,-0.00117573199247153
2020/09/20,0.000554001924836533,0.000367206124391799,0.000712792886376617,-0.000313985424394909,-0.000153133297102537,0.000165598073870702,-0.000356345861026355,8.85375162121449e-05,0.000215513683732862,-0.000238915087087094,0.000294174437473171,0.000373808519326913,-0.000353327042862415,-0.000322252453747432
2020/09/21,0.000601757660208039,0.000342433451240991,0.000704675143055595,-0.000363849922680423,-0.000283270848595988,0.000285669887934691,-0.000406761725866086,-0.000247534752421571,0.000467842946912169,-0.000279258811235959,-9.44227069716454e-05,-1.29409479562779e-05,-7.81101380137532e-06,7.43476401778422e-05
2020/09/22,0.000647815714893512,0.000312597183371905,0.000667107690960302,-0.000383492127143295,-0.000336807142040793,0.00021635929980586,-0.000134841031751266,-0.000348767928141883,0.000195840086939715,4.01024645561221e-05,-0.000297091330663079,-0.000373396262369643,0.000355620463810871,0.000298074917771674
2020/09/23,0.000692088491372954,0.000278187763122372,0.000601465102524966,-0.000370463499057624,-0.000299511282997709,6.51196485668224e-06,0.000238125266421379,-0.000116830797737931,-0.000294246837120627,0.000307092513005326,7.72244863739927e-05,7.77273795630463e-05,-0.000192803696843446,-0.000360221853483381
2020/09/24,0.000734496982045992,0.000239767718837702,0.000510458567196276,-0.000325302335094823,-0.000182157104810137,-0.00020318722331223,0.000415010902375473,0.000226840379997698,-0.000452613760901064,0.000178312221873963,0.000297206332581678,0.000359447253467051,-0.000242929401863166,-0.00115202353239441
2020/09/27,0.000774970664354681,0.000197959285220371,0.000398000154741805,-0.000251532353215978,-1.73449551107651e-05,-0.00027503858494209,0.000260650038639035,0.000353480006128546,-0.000104936143909295,-0.000178092755974839,-5.97858695392201e-05,-0.00013929200439003,0.000326760474971239,-0.000858374956973462
2020/09/28,0.00081344737681321,0.00015343146335899,0.000269006923147277,-0.000155369993460369,0.000149727342924676,-0.000165242370097258,-9.45995667486839e-05,0.000142877853917158,0.000355410776004592,-0.00030269760507316,-0.000294645706989936,-0.000332970850517061,5.52345553851804e-05,0.000119930801335383
2020/09/29,0.000849873177808688,0.000106886760868014,0.000129155977572298,-4.51675035684266e-05,0.000273882080323512,4.94172227732037e-05,-0.000365019740718498,-0.00020208238274124,0.000414098634849643,-3.86033365310812e-05,4.2445878344765e-05,0.000194866299456473,-0.000351513961391074,-0.000412557107046278
2020/09/30,0.00088420218820327,5.90478477559363e-05,-1.53960611633976e-05,6.93547051086198e-05,0.000322387441576462,0.000225321588297709,-0.000340200583359099,-0.000351688731659178,1.22511786289189e-05,0.000270737995495352,0.000289569937078105,0.000295591738204278,0.000143104300583919,-0.0010304745447509
2020/10/01,0.000916396418234763,1.06443554677142e-05,-0.000158314142596457,0.000178011983034774,0.000283723331919763,0.000248516355133574,-4.93007174194031e-05,-0.000165771983878989,-0.000395376188675293,0.000229314931265861,-2.55103389185476e-05,-0.000242153720614547,0.000262919723216325,0.000295156993830463
2020/10/04,0.000946425579493685,-3.75999639739191e-05,-0.00029339064749483,0.000271107763105181,0.000170310830197383,0.000108859674437562,0.000269714411252485,0.000174544154445107,-0.000356630357025656,-0.00010339413842663,-0.000282168482828244,-0.000249414029495701,-0.000286518949538632,0.000432880155852209
2020/10/05,0.000974266882197124,-8.49795163217634e-05,-0.000414840351227079,0.000340341765286793,1.45701659840019e-05,-9.66154068033322e-05,0.000365209814321741,0.000343886180961707,7.52578147254765e-05,-0.000297242019167148,9.25009968611709e-06,0.000279423791092871,-9.51831780748587e-05,-0.000713975042661651
2020/10/06,0.000999904818048007,-0.000130818394858841,-0.000517569741878614,0.00037958615674741,-0.000140445165116873,-0.000231153541953425,0.00017097783572899,0.000184806137848873,0.0004127317890923,-0.000108719701858975,0.000272654537733302,0.000196868985223212,0.000330878026339124,-0.00115260974109449
2020/10/07,0.00102333093078172,-0.000174480992020652,-0.000597407612858283,0.000385454993564173,-0.000253103248553064,-0.000209615743450523,-0.000148691273381259,-0.000145448915462137,0.00028576160125965,0.000212853124541674,6.10004100937761e-06,-0.000305566226429036,-9.2668639876315e-05,0.000405149960874668
2020/10/08,0.00104454357634456,-0.000215381544591823,-0.000651286157180209,0.000357612788619163,-0.000294521985780453,-5.24997532324464e-05,-0.000337820230001073,-0.000330697724595812,-0.000151780584679391,0.000255560533960813,-0.000261259811030852,-0.000140556456070541,-0.000267537223639675,0.00150618357187774
2020/10/11,0.00106354767428646,-0.000252992487706643,-0.000677364595374351,0.000298793729358354,-0.000256052306023677,0.000131705343431588,-0.00025421530156695,-0.000199475500173233,-0.000408147472730125,-2.65730694734707e-05,-2.0341688176508e-05,0.000320105428692098,0.000238298985714525,0.000782610259741931
2020/10/12,0.00108035445210736,-0.00028685151727915,-0.000675090507826374,0.000214531318886053,-0.000150961837067426,0.000221451505675769,2.37220689300515e-05,0.000115935461094849,-0.00020761019480889,-0.00026605056808785,0.000248229428416999,8.30896565386494e-05,0.000124252893929613,-0.00011041116050965
2020/10/13,0.00109498118351388,-0.000316567286984563,-0.000645197343388208,0.000112626221554217,-1.00413491345896e-05,0.0001625715935661,0.000268944197783378,0.00031285896405341,0.000213045089813745,-0.000161363222397212,3.33126549359868e-05,-0.000323177756440479,-0.000297484481512249,-7.59934653634126e-05
2020/10/14,0.00110745092127034,-0.000341823692151117,-0.000589639859409504,2.40511886092662e-06,0.00012744249137763,8.46665744759326e-07,0.000291437066715478,0.00020947763684037,0.00038406198555144,0.000143109416574118,-0.000233816919296903,-2.69518750752615e-05,4.65966573563241e-05,-0.000550468614358605
2020/10/15,0.00111779222617296,-0.000362382717703181,-0.000511472342330836,-0.000106156987141762,0.000224778954318736,-0.000152769952204748,8.55990750043325e-05,-8.70340688484619e-05,0.000128236798264001,0.00025575566866681,-4.48862589256553e-05,0.00031547595656796,0.000257889477794569,-0.000740448829634726
2020/10/18,0.00112603889333375,-0.000378085853111345,-0.000414677211865003,-0.000203366203154083,0.000257705866588461,-0.000198285736187091,-0.000175078040933089,-0.000291189172948215,-0.000256515650231233,4.21074677052965e-05,0.000218279337008425,-2.56275937204762e-05,-0.000187516930522196,0.000887021828036801
2020/10/19,0.00113222967647265,-0.000388854102479455,-0.000303953892020699,-0.000280702067487492,0.000220475326687614,-0.00011190226221472,-0.000283948658559608,-0.000214707959492326,-0.00034424729740736,-0.000215550200120739,5.4970084754904e-05,-0.00029816673379497,-0.000140855395151739,0.00162739048081394
2020/10/20,0.00113640801129502,-0.000394686640734211,-0.000184479534392178,-0.000331588552861506,0.000126576095176842,4.22966458461861e-05,-0.000165183275364612,5.96438872184363e-05,-5.31085396220802e-05,-0.000191442004890625,-0.000201872681859147,7.27726960755336e-05,0.00025573693652723,0.000299245957585115
2020/10/21,0.0011386217388377,-0.000395658188784275,-6.16542367692245e-05,-0.000351972244496451,4.14494033699715e-06,0.000159305002824261,7.44575249079912e-05,0.000266561125986164,0.000281405311600161,7.15235099660757e-05,-6.35042529104413e-05,0.000272788553889847,-8.55566562105013e-06,-0.00102662611976776
2020/10/22,0.0011389228293693,-0.000391915200607195,5.91562209781852e-05,-0.000340655631910655,-0.000112425342088401,0.000164707495003463,0.000240394854134693,0.000215249025172646,0.000293306941778397,0.00023246892609553,0.000184847791072571,-0.000113031403911123,-0.000236401126065964,-0.000912183379021448
2020/10/25,0.00113736710753243,-0.000383670972555076,0.000172867400143242,-0.000299357639456956,-0.000192183335806083,6.20307648669093e-05,0.000208209789823775,-3.45140780675886e-05,-1.33130965698682e-05,9.48619206935317e-05,7.04593316021972e-05,-0.000241137327890577,0.000138861382023731,-8.55632463396629e-05
2020/10/26,0.00113401397947925,-0.000371199800078319,0.000274901199178058,-0.000232500030179766,-0.000215876861861373,-7.42051446152934e-05,1.65583027585487e-05,-0.000239868827919377,-0.000288526243682643,-0.000154070787353785,-0.000167446734676339,0.000145416444828504,0.000145029605498509,0.00053571489862403
2020/10/27,0.00112892616230186,-0.000354830319949103,0.000361378541638233,-0.000146744543115664,-0.000180559086889992,-0.00015211553089807,-0.000174014109106458,-0.000211353258403771,-0.000236163485899389,-0.000197635361854593,-7.58340252482619e-05,0.000205147641385154,-0.000210139518557723,0.00092951289459778
2020/10/28,0.00112216941576335,-0.000334938185889693,0.000429271453621544,-5.03290267168347e-05,-9.94578122248578e-05,-0.000124417374670948,-0.000215197536074001,1.22304211752696e-05,6.78387556853445e-05,7.20074700964772e-06,0.000149899666556914,-0.000169416314396375,-1.93052518900904e-05,0.000432241042050735
2020/10/29,0.00111381227662425,-0.000311938231654611,0.00047650856209178,4.77308115226647e-05,2.60103912181405e-06,-1.69411449340394e-05,-8.61696866887185e-05,0.00021199474630042,0.000280013749006261,0.000191261976165372,7.96526796438378e-05,-0.000166776784276159,0.000206338357678604,-0.000847647350601474
2020/11/01,0.00110392579505417,-0.000286276280062022,0.000502030600088939,0.000138495798460354,9.66996520588559e-05,9.33629425318062e-05,9.94367284706994e-05,0.000203419623481264,0.000177584033159088,0.00012698776016016,-0.000132422068191812,0.000184978626607497,-9.59701860336586e-05,0.000243573974214658
2020/11/02,0.00109258327207191,-0.000258420757475385,0.000505795144055623,0.000213931722529701,0.000158012366828531,0.000133146665046352,0.000192635784375249,6.79168563568428e-06,-0.000108667118501544,-9.05975177608624e-05,-8.19625583772071e-05,0.000127898019939276,-0.000138138151758733,-0.000523828556608594
2020/11/03,0.00107985999665104,-0.000228854270687949,0.000488732394220695,0.000267633809427301,0.000172352073431011,8.14058561501004e-05,0.000128486559796675,-0.000183778329231849,-0.000258966491831415,-0.00018212921468295,0.000115212370301881,-0.000192469297402204,0.000164829835261348,0.000101628708596318
2020/11/04,0.00106583298113028,-0.000198065296907172,0.000452656209800378,0.000295380828749488,0.000139355090700169,-2.01301290429788e-05,-2.97529994029797e-05,-0.000191965373226747,-0.000121782148525142,-4.27120095522169e-05,8.28308535331454e-05,-9.02083495693202e-05,3.62888666362634e-05,-0.000632735524323169
2020/11/05,0.00105058069659352,-0.000166540124865148,0.000400136710984316,0.000295470157674334,7.1624963099459e-05,-9.95089357212749e-05,-0.000150689417960384,-2.23073739741064e-05,0.00013536005495925,0.000139691860993899,-9.84500753055417e-05,0.000192612064492189,-0.000171319628992985,-0.000683781951977531
2020/11/08,0.00103418280985404,-0.000134755174087048,0.000334342448505562,0.000268807179847573,-9.6682478005643e-06,-0.000105231230219527,-0.000143494697597204,0.000155987165405935,0.000229046857677321,0.00013720984659181,-8.23414603144563e-05,5.51547717770682e-05,6.12571867181742e-05,0.000105429543641311
2020/11/09,0.0010167199239058,-0.000103169806771396,0.00025886134940867,0.000218746528042472,-8.12698837255553e-05,-3.95755010330508e-05,-2.55999822705375e-05,0.000177593554883406,7.21217799967079e-05,-3.35119644561098e-05,8.22946236724011e-05,-0.000186413470470882,0.000122473874208172,-0.000725342025390097
2020/11/10,0.000998273321865387,-7.22197353839255e-05,0.000177510326872583,0.000150706498130671,-0.000124446176285501,4.69331039563026e-05,0.000100601403363757,3.42348110593983e-05,-0.0001486980165538,-0.000150046518070552,8.0591812762105e-05,-2.38815648270562e-05,-0.000123221763729465,-0.000138484503159903
2020/11/11,0.000978924713570831,-4.23111150579992e-05,9.41435841005123e-05,7.15991760566991e-05,-0.000129846994347809,9.35674098011782e-05,0.000135883654107425,-0.00012929218595728,-0.000194082036103279,-7.38907433146722e-05,-6.68847466996948e-05,0.000175079143380259,-4.29377393249577e-05,4.36698797887882e-05
2020/11/12,0.000958755986946371,-1.38153901431408e-05,1.24692651216126e-05,-1.08645632194821e-05,-9.93758677886632e-05,7.17609483589518e-05,6.1849224353073e-05,-0.000160956705200675,-3.09354043540084e-05,8.60800623452837e-05,-7.76898939222333e-05,-2.80039111070598e-06,0.000134869955552872,-0.000402443226939254
2020/11/15,0.000937848965486004,1.29350514565534e-05,-6.41167648136816e-05,-8.89255285863944e-05,-4.47508616033364e-05,2.3873796111644e-06,-5.2368687938237e-05,-4.2638507086709e-05,0.000150444707284564,0.000127632631298211,5.23382310090953e-05,-0.000159926931584573,-3.59083821943197e-05,-0.000220809302338341
2020/11/16,0.000916285172457659,3.76503781577963e-05,-0.000132672519078044,-0.000155508990822303,1.65962236734691e-05,-6.23310167891687e-05,-0.000113171827690198,0.000104250522447473,0.000157701545278271,1.06299000564859e-05,7.37515762170805e-05,2.44226689124436e-05,-0.000100832871446527,-0.000208016761374437
2020/11/17,0.00089414560302666,6.0085947934089e-05,-0.000190821005654527,-0.000204870241025849,6.691936593769e-05,-7.74604373240733e-05,-7.87821669757447e-05,0.000142721303493379,-5.41228301834231e-07,-0.000108458162577526,-3.87519881352487e-05,0.000142302025884073,8.7804513263453e-05,-0.000198347529544543
2020/11/18,0.000871510504976077,8.00440694356303e-05,-0.00023682685844506,-0.000233093671472666,9.32169836547356e-05,-3.63216202801884e-05,1.31184941435215e-05,4.77067943284365e-05,-0.000143052168633084,-8.53123820845541e-05,-6.88981667874423e-05,-4.08480563519215e-05,4.07190319548085e-05,8.7976045561706e-05
2020/11/19,0.000848459168446587,9.73749005479864e-05,-0.000269636472399201,-0.000238401845461943,9.0524519350365e-05,2.74224501818773e-05,8.36411281082798e-05,-8.12957042235863e-05,-0.000123038480610104,3.81380010875561e-05,2.6202421514088e-05,-0.00012349869717315,-0.000100084063432872,4.13196740641168e-05
2020/11/22,0.000825069725290877,0.000111976508673846,-0.000288881634599441,-0.000221250536876952,6.26275690273598e-05,6.63088058575541e-05,7.97552741363216e-05,-0.000123535089119565,2.2125711159279e-05,0.000103153116695299,6.32541184696088e-05,5.22414566712687e-05,2.00236442558252e-05,-0.000403372669641281
2020/11/23,0.000801418958682808,0.000123794130509837,-0.000294848554805941,-0.000184207031867357,2.01882853672853e-05,5.38451389904144e-05,1.36122828075325e-05,-4.97249564540127e-05,0.000129340116884165,3.80254343012157e-05,-1.47460531086393e-05,0.000104692631023939,7.61311221717887e-05,-0.000374121504503035
2020/11/24,0.000777582123406452,0.000132818680940793,-0.00028841591962977,-0.000131629978702434,-2.29692160821906e-05,2.34920385510551e-06,-5.45411610719641e-05,6.07361791172885e-05,9.25148929721528e-05,-6.50676580771987e-05,-5.69448983109132e-05,-5.9026237368415e-05,-6.00938477424958e-05,0.000207346836693589
2020/11/25,0.000753632776858668,0.000139084570888157,-0.000270967039383376,-6.91877175159141e-05,-5.41853659882271e-05,-4.80300930132226e-05,-7.0186522958771e-05,0.000103999594223391,-3.45535449707193e-05,-7.91569870338244e-05,4.42041831303738e-06,-8.68868403856184e-05,-3.16912878736737e-05,3.48620388400931e-05
2020/11/26,0.000729642620572799,0.000142666902923653,-0.000244282258694225,-3.2665710653237e-06,-6.55848941051423e-05,-5.98812292848974e-05,-2.77169941461532e-05,4.90460042660902e-05,-0.000112182407538605,1.72631320321726e-06,5.00950331148649e-05,6.18299186736471e-05,6.94210384049641e-05,-0.000231377476324889
2020/11/29,0.000705681352263839,0.000143678121454875,-0.000210418516295992,5.96702712518535e-05,-5.59760165357422e-05,-2.58137895984134e-05,3.08844589397192e-05,-4.27616606887649e-05,-6.77209936799063e-05,7.03915700396976e-05,4.75476926874693e-06,7.08730453949278e-05,-1.28246049633305e-05,-2.50540068515092e-05
2020/11/30,0.000681816528793906,0.000142264200870078,-0.000171583245696978,0.000113709632263738,-3.05989093470266e-05,2.71688393187973e-05,5.59459124378446e-05,-8.46495201357891e-05,3.92745185983133e-05,4.80255815421332e-05,-4.28263626381081e-05,-6.1423381764584e-05,-5.11140950636125e-05,-0.000189756699178711
2020/12/01,0.000658113439834927,0.00013860045862246,-0.000130009710709005,0.000154040598581035,1.03520377112309e-06,5.86184685275118e-05,3.16833250793376e-05,-4.60618538513982e-05,9.42288119248456e-05,-2.68325804184644e-05,-1.27762023787863e-05,-5.72093113951701e-05,4.06810319076423e-05,-0.000429927679496059
2020/12/02,0.000634634991623633,0.000132887082476721,-8.784038917779e-05,0.00017738079481471,2.84190579183364e-05,4.49228070907247e-05,-1.49703791923694e-05,2.74557772545431e-05,4.93879762684759e-05,-6.01243817551105e-05,3.52565511066873e-05,5.86577872404218e-05,1.82123133164469e-05,-0.00047432598898543
2020/12/03,0.000611441600830515,0.000125344463049225,-4.70241968823459e-05,0.000182239125958072,4.33644995285198e-05,-3.42169306652833e-06,-4.20043999596613e-05,6.59399768082548e-05,-3.82079653259464e-05,-1.9976591589851e-05,1.96553701632403e-05,4.62136889725812e-05,-4.46035195208513e-05,-0.000419332358965224
2020/12/06,0.00058859109850635,0.000116208422254441,-9.23224565842443e-06,0.000168994509250773,4.23464956628328e-05,-4.99376384372579e-05,-2.93939512602244e-05,4.11774462545372e-05,-7.7683697492289e-05,3.6361395684998e-05,-2.74978846689112e-05,-5.44031162262906e-05,1.28751322412146e-05,-0.000466035966111749
2020/12/07,0.00056613864386702,0.000105725425997567,2.4204471172592e-05,0.000139788718655944,2.72285243645858e-05,-5.93827084965506e-05,6.59219230753039e-06,-1.48131386396952e-05,-3.74459851301805e-05,4.29115939089439e-05,-2.54168660617518e-05,-3.79727193490481e-05,2.81494599608912e-05,-0.000416877612557848
2020/12/08,0.000544136648069086,9.41478664284987e-05,5.23334960779761e-05,9.82497337413052e-05,4.25863856023059e-06,-2.39310722436476e-05,3.15771577552731e-05,-4.82416961323275e-05,3.34845277662371e-05,1.17341703107063e-06,1.96563119505865e-05,4.94917602324992e-05,-2.93325525132606e-05,-0.000288216236723527
2020/12/09,0.000522634708264101,8.17294942951248e-05,7.45949157470389e-05,4.90781374615952e-05,-1.82375482802199e-05,3.08446782338412e-05,2.48942841787803e-05,-3.4789690657123e-05,6.41559448861272e-05,-3.43194866935354e-05,3.00967186960513e-05,3.23629605180669e-05,-2.69018389558033e-06,-0.000462474932754269
2020/12/10,0.000501679551625362,6.87210749487881e-05,9.08118590927932e-05,-2.45838396467381e-06,-3.26664252035e-05,6.4528591618926e-05,-3.74389328362688e-06,4.75837169256992e-06,3.11520790601643e-05,-2.67190396219345e-05,-1.18306489534767e-05,-4.46699614978012e-05,2.65809434800518e-05,-0.000333342118993642
2020/12/13,0.000481314988836087,5.53663340098083e-05,0.000101159670234248,-5.10696498365774e-05,-3.45707917181407e-05,5.14401711360218e-05,-2.58455981818575e-05,3.18428243439977e-05,-2.7200561406766e-05,7.18295503198354e-06,-3.37407607481138e-05,-2.90830696649078e-05,-1.83020755304607e-05,-8.59304365053219e-05
2020/12/14,0.000461581877058856,4.18982512181805e-05,0.000106117039645278,-9.19715858315274e-05,-2.38990203112618e-05,-2.65387043159861e-07,-2.14016299691093e-05,2.72720460543568e-05,-5.45860771581476e-05,2.7128475966463e-05,4.11193087485748e-06,4.05592289552621e-05,-9.07297270413693e-06,-0.000207400176755911
2020/12/15,0.000442518092284312,2.85357519871172e-05,0.000106403228928511,-0.000121346876037076,-4.80150025684215e-06,-5.39231584634237e-05,3.57040680328888e-06,2.83514277509332e-06,-2.92674257369229e-05,1.64189963843281e-05,3.64030494111313e-05,2.76935857057675e-05,2.51244122465153e-05,-0.000176479706031801
2020/12/16,0.000424158510734023,1.54808364734675e-05,0.000102906094924592,-0.000136693950194295,1.59070571567309e-05,-7.04616229434776e-05,2.42008059765389e-05,-1.69557799710746e-05,2.1207416838509e-05,-7.99318791104692e-06,3.41709451645707e-06,-3.76291013864796e-05,-1.26411120013825e-05,-0.000130402062212562
2020/12/17,0.000406534999236508,2.91617648827729e-06,9.66058887627886e-05,-0.000137032922642452,3.10716526951793e-05,-3.66465176311919e-05,2.07248956359658e-05,-1.89650948865674e-05,4.92484991547599e-05,-2.08387750424263e-05,-3.8144328452836e-05,-2.76613475376875e-05,-1.55440611470645e-05,-8.91360646332529e-05
2020/12/20,0.000389676414462186,-8.99679944239167e-06,8.84997722937989e-05,-0.000122952215490496,3.55395564038691e-05,2.482717835017e-05,-3.30053980240281e-06,-8.12824623988635e-06,3.02611177297447e-05,-1.28768448706645e-05,-1.06822656832488e-05,3.61819056083486e-05,2.70276216339677e-05,0.000379661345047005
2020/12/21,0.000373608610891489,-2.01193226098573e-05,7.95316740089058e-05,-9.6495926928754e-05,2.7781364262691e-05,7.0838763584599e-05,-2.48470583614134e-05,3.72799784580756e-06,-1.6951601739123e-05,6.21530315100527e-06,3.90305934603985e-05,2.84054920088157e-05,-4.91829997070756e-06,2.78041039614298e-06
2020/12/22,0.000358354456607465,-3.03362027792053e-05,7.05315290999521e-05,-6.09078939179596e-05,1.03061761632138e-05,6.81800346907384e-05,-2.31402743077272e-05,1.01731901904569e-05,-4.7820031504599e-05,1.90196377753755e-05,1.76181165558611e-05,-3.63493578791212e-05,-2.66212810089301e-05,9.71289003144791e-05
2020/12/23,0.000343933855490451,-3.95562593463031e-05,6.21671607087427e-05,-2.02622744725835e-05,-1.12187327846108e-05,1.73351531538697e-05,9.57148903869846e-07,1.1302549891144e-05,-3.251783744106e-05,1.35759354927811e-05,-3.9131764027684e-05,-2.93421007007194e-05,2.59207264851766e-05,-2.58005613530742e-05
2020/12/27,0.000330363775747487,-4.77122821677394e-05,5.49111190363594e-05,2.09789935261106e-05,-2.98268654467901e-05,-4.72126692819218e-05,2.55567812837925e-05,7.74614958064914e-06,1.53758632904623e-05,-6.50167704209592e-06,-2.41678595492796e-05,3.81001153867633e-05,1.10059273662008e-05,0.000140563628270002
2020/12/28,0.000317658285018409,-5.47605466174349e-05,4.9023757539705e-05,5.84352661755842e-05,-3.9480319775257e-05,-8.06215467302804e-05,2.76595386565316e-05,-1.16572445640904e-06,4.95006392384592e-05,-2.19062193881019e-05,3.85204419941375e-05,2.9924945507062e-05,-3.70100706028212e-05,-7.13624465595842e-05
2020/12/29,0.000305828591893812,-6.06799150810912e-05,4.45527551639103e-05,8.82547814983725e-05,-3.69627161021893e-05,-5.891483547084e-05,4.27274428212434e-06,-1.25515031666214e-05,3.45282265947482e-05,-1.43245423573632e-05,3.02833023245803e-05,-4.12567842643036e-05,1.33018814781008e-05,-3.419998679324e-05
2020/12/30,0.000294883093408302,-6.54705637679739e-05,4.13482559298932e-05,0.000107496144043644,-2.28592618118407e-05,3.99040731629198e-06,-2.43739743294718e-05,-1.74145250304248e-05,-1.68842029031695e-05,1.13578051095665e-05,-3.72707132160345e-05,-2.96802518476537e-05,3.21002871986071e-05,-9.49305000997362e-05
2021/01/03,0.000284827428442968,-6.91523786505958e-05,3.90918524208291e-05,0.000114406861936289,-1.34449735764732e-06,6.54346248691122e-05,-3.25514218787679e-05,-7.81852033994858e-06,-5.31679824758231e-05,2.68970877953541e-05,-3.59246300833048e-05,4.55205739552613e-05,-3.58027112778582e-05,0.000721167712644132
2021/01/04,0.000275664536951624,-7.17630687904955e-05,3.73368377221271e-05,0.000108573354911016,2.1128209480072e-05,8.31699170515627e-05,-1.20260194368664e-05,1.20761865685467e-05,-3.50445828767193e-05,1.13004629569627e-05,3.54570694731387e-05,2.82339532337487e-05,-1.19568507214335e-05,0.000126169993476717
2021/01/05,0.000267394723977632,-7.33560498557032e-05,3.55565326446241e-05,9.09303985326636e-05,3.78093859364663e-05,4.44550759937386e-05,2.01140692378658e-05,2.52590956345193e-05,2.1366609660544e-05,-2.03783441100713e-05,4.1060110783411e-05,-5.05014571303091e-05,4.64544722966522e-05,0.000239412376397967
2021/01/06,0.000260015726633094,-7.39981536057191e-05,3.31970949709295e-05,6.36324014959404e-05,4.36911476208501e-05,-2.4966486284075e-05,3.59473984048098e-05,1.65661668029264e-05,5.75461587350199e-05,-3.00355379065069e-05,-3.31534768405807e-05,-2.53304619370458e-05,-1.6175173307409e-05,5.89761952177661e-05
2021/01/07,0.000253522783785896,-7.37672177692001e-05,2.97310551915711e-05,2.98027741775928e-05,3.69846583140226e-05,-7.82235399063226e-05,2.10459362742737e-05,-1.00840289320856e-05,3.31910719468543e-05,-2.67229330355476e-06,-4.56658195058019e-05,5.57515322050192e-05,-3.97792398767774e-05,8.75993273985125e-05
2021/01/10,0.000247908708670986,-7.2749609530657e-05,2.47078935455782e-05,-6.81044156292184e-06,1.96093431846766e-05,-7.91496869814795e-05,-1.25797635732581e-05,-3.12902792580471e-05,-2.82734057180853e-05,3.0680587356833e-05,3.04325492835814e-05,2.08425715507334e-05,4.15059129106598e-05,0.000125396620121401
2021/01/11,0.000243163964943448,-7.10377340523914e-05,1.77982640263285e-05,-4.22356921220908e-05,-3.42534670228193e-06,-2.6859791423571e-05,-3.63726601911647e-05,-2.48844963049815e-05,-6.13707522483617e-05,2.78197263222507e-05,4.97254482141783e-05,-6.07992923282888e-05,1.70596031776307e-05,0.000236329758689295
2021/01/12,0.000239276746446686,-6.87275776265663e-05,8.8289574623696e-06,-7.26938731542251e-05,-2.55317448026689e-05,4.36309007299057e-05,-2.96382905846515e-05,6.78922655898283e-06,-2.85235761486179e-05,-1.07203433084039e-05,-2.73647479903016e-05,-1.47726802781558e-05,-5.39470855487799e-05,0.000357547088244426
2021/01/13,0.000236233060548623,-6.59163327347882e-05,-2.19365530492002e-06,-9.49866044411928e-05,-4.04785352016821e-05,8.50719658404803e-05,2.49208001702876e-06,3.55440477527466e-05,3.67266990329678e-05,-3.82267962261276e-05,-5.32300757039257e-05,6.51827957584165e-05,1.41317850771559e-05,9.27235655852178e-05
2021/01/14,0.000234016814863101,-6.27001487713995e-05,-1.50731884190067e-05,-0.000106817938037104,-4.4169662949846e-05,6.97937937487998e-05,3.30875640479923e-05,3.25986016906963e-05,6.35354503173206e-05,-1.8658557426942e-05,2.40176054647993e-05,7.24598541381125e-06,4.79985911643172e-05,9.16920888934604e-05
2021/01/17,0.000232609907073326,-5.91720480360621e-05,-2.9426458481192e-05,-0.000107018081920206,-3.57563849038494e-05,8.16727274834109e-06,3.61600265698937e-05,-2.41350822994145e-06,2.10389167543247e-05,2.57521510631254e-05,5.61777918196701e-05,-6.8479925176613e-05,-4.27816208046776e-05,0.00015665596152386
2021/01/18,0.000231992317612352,-5.54200416768351e-05,-4.47001324400259e-05,-9.5648183821718e-05,-1.77856204628702e-05,-5.85871964879511e-05,8.79708306824226e-06,-3.80811999019868e-05,-4.56546185842364e-05,3.94618769931497e-05,-2.04550530404361e-05,1.50331623589057e-06,-2.48333423697221e-05,0.000347319794876147
2021/01/19,0.000232142204979794,-5.15254748505078e-05,-6.01997464527681e-05,-7.39775846915175e-05,4.62063458453208e-06,-8.61564115694068e-05,-2.61876363476379e-05,-3.95507617890866e-05,-6.32076744864909e-05,3.50216941558973e-06,-5.85731576232128e-05,7.03342027550537e-05,5.85113473121784e-05,0.00034441188876348
2021/01/20,0.000233036003723266,-4.75616243424948e-05,-7.5129275548024e-05,-4.43379500030113e-05,2.52805106252266e-05,-5.66503782042261e-05,-3.94123463088709e-05,-2.81378275246011e-06,-1.11369277496882e-05,-3.82077959163749e-05,1.67369493215263e-05,-1.11514697868146e-05,-8.11866383942595e-06,0.000277169750781372
2021/01/21,0.00023464852489654,-4.35925662282335e-05,-8.86387931608364e-05,-9.87101209634419e-06,3.87014039936586e-05,9.83687051006029e-06,-1.96999660573379e-05,3.89878706280462e-05,5.39333591118387e-05,-3.26592633053028e-05,6.04265714220411e-05,-7.04750091358417e-05,-5.53407507676714e-05,0.000274409760189383
2021/01/24,0.000236953058694221,-3.96723252713171e-05,-9.98772722910866e-05,2.58029107439499e-05,4.15586188440588e-05,6.90484210362051e-05,1.64798766965787e-05,4.56019752102343e-05,5.99047025188639e-05,1.44856728411222e-05,-1.29188193170624e-05,2.13087034828643e-05,3.98403446056917e-05,-0.000105904867794323
2021/01/25,0.000239921478918318,-3.58443117465126e-05,-0.000108047271493524,5.89609190771136e-05,3.35027184827631e-05,8.21737238606364e-05,3.88554562575449e-05,8.65703477210556e-06,-4.56694269741931e-07,4.42894063999533e-05,-6.17536508251318e-05,6.87314406760206e-05,3.37977985427958e-05,-0.000173493048652342
2021/01/26,0.000243524348753566,-3.21410455564346e-05,-0.000112458134506462,8.61594258525636e-05,1.71072012274906e-05,4.13453974047753e-05,2.87746210086954e-05,-3.8376355308606e-05,-6.05222462748735e-05,1.85384649972581e-05,9.05172067866585e-06,-3.15452251010764e-05,-5.96119730278263e-05,0.000244422799852263
2021/01/27,0.000247731027706831,-2.85841611665425e-05,-0.000112574414955906,0.000104583297689735,-2.97872965458887e-06,-2.57543776547909e-05,-5.20910006314196e-06,-5.06351579801988e-05,-5.35261384002879e-05,-3.10063100944045e-05,6.25746604083926e-05,-6.50394952046987e-05,-6.92938641974365e-07,0.000281611838011576
2021/01/28,0.000252509779621725,-2.51846812445863e-05,-0.000108056511490323,0.000112327461910571,-2.13891423524834e-05,-7.47819955310327e-05,-3.46236983851934e-05,-1.48773944103195e-05,1.27956546013626e-05,-4.1888836984308e-05,-5.18213557636395e-06,4.14180373049926e-05,6.0699290016878e-05,0.000208146172519081
2021/01/31,0.000257827881376813,-2.19435421186346e-05,-9.87909460016338e-05,0.000108583477491996,-3.35056101494445e-05,-7.41528222863578e-05,-3.49971949840094e-05,3.63854001081732e-05,6.45789109760573e-05,-1.36242308403907e-08,-6.29139260123328e-05,5.94427076895577e-05,-3.3269780542323e-05,0.000212254068682979
2021/02/01,0.000263651731975223,-1.88523493801126e-05,-8.49083097436545e-05,9.3713492839035e-05,-3.66203873446211e-05,-2.54060777006612e-05,-6.26511266306077e-06,5.45592345849796e-05,4.43432061793713e-05,4.2018402119913e-05,1.35184543442266e-06,-5.04970325864653e-05,-4.25806603600527e-05,0.000110229016645683
2021/02/02,0.000269946961745547,-1.58943377965822e-05,-6.67876055653753e-05,6.92055488393357e-05,-3.05064687343661e-05,3.86184885710372e-05,2.73769985935842e-05,2.12374520558031e-05,-2.48334836858359e-05,3.12182744730405e-05,6.27991762561006e-05,-5.20866630333461e-05,5.71372411223258e-05,-0.000161891582841268
2021/02/03,0.00027667854142438,-1.30455060970654e-05,-4.5046489147475e-05,3.75161525195625e-05,-1.72891483453582e-05,7.60061192308275e-05,3.78752633562911e-05,-3.31793515566174e-05,-6.55446292355241e-05,-1.87592706864727e-05,2.40217471452422e-06,5.83889949781564e-05,1.10187456879051e-05,-9.39485968431336e-05
2021/02/04,0.000283810891123305,-1.02758940546602e-05,-2.05177143611756e-05,1.81724042328372e-06,-7.13629822346831e-07,6.32899705017162e-05,1.6744460374813e-05,-5.73136613071139e-05,-3.29494978812716e-05,-4.49494276374174e-05,-6.22607975895238e-05,4.32080899166374e-05,-6.33254584823065e-05,7.75514287960607e-05
2021/02/07,0.000291307989330542,-7.55096704664879e-06,5.78712661497002e-06,-3.43260359708328e-05,1.49414315692703e-05,1.01510521073405e-05,-1.80635920654277e-05,-2.75076939023086e-05,3.55458219365185e-05,-1.46532675692512e-05,-6.04772489605943e-06,-6.47583082230804e-05,2.39529877273933e-05,-7.05058196124253e-05
2021/02/08,0.000299133481945893,-4.83307223509383e-06,3.27247521677608e-05,-6.73137366237772e-05,2.59835903322004e-05,-4.78841923832669e-05,-3.74059480119231e-05,2.89456758363869e-05,6.31937722733243e-05,3.36522956295416e-05,6.13311268770588e-05,-3.31194412873955e-05,5.00117612691129e-05,-0.000161311065789822
2021/02/09,0.000307250791289101,-2.08293019140672e-06,5.90757876055908e-05,-9.38696538609423e-05,3.01635460935951e-05,-7.32806773601325e-05,-2.53546999514119e-05,5.88728485314676e-05,2.01812291357309e-05,3.93481603854944e-05,9.55723230531193e-06,6.93434728981852e-05,-5.13712854737932e-05,-0.00016610982140679
2021/02/10,0.000315623224950011,7.38873730685302e-07,8.36058763122509e-05,-0.000111364299626661,2.70769774666709e-05,-5.08201192390021e-05,7.68211931940749e-06,3.34746650704964e-05,-4.40421576450392e-05,-4.07668570194686e-06,-6.00438306854619e-05,2.21900855718793e-05,-2.15744485964686e-05,-5.63622809268214e-05
2021/02/11,0.000324214084167258,3.67043263853657e-06,0.000105129042276257,-0.000118070750654992,1.80628932475838e-05,3.37578700938809e-06,3.39289111841265e-05,-2.38898587277444e-05,-5.76450435925676e-05,-4.17061648634077e-05,-1.29075075173973e-05,-7.1968791893908e-05,6.28643393890334e-05,-1.53613726621663e-05
2021/02/14,0.000332986771606073,6.74712876812859e-06,0.000122569889003893,-0.000113328833866376,5.68900920204723e-06,5.33967228708285e-05,3.15764098237771e-05,-5.92486461934265e-05,-7.01710369604292e-06,-2.68324213215097e-05,5.84333947076382e-05,-1.08253327446241e-05,-1.29703012178918e-05,-8.60676869425144e-05
2021/02/15,0.000341904898400235,1.00003419555703e-05,0.000135021254778339,-9.76025417982808e-05,-6.99011025197238e-06,6.74053120188855e-05,2.88622668220141e-06,-3.8949205537312e-05,4.96566920253602e-05,2.10132979268848e-05,1.60794511392239e-05,7.25508975213472e-05,-5.52151783174984e-05,-0.000267572336542984
2021/02/16,0.000350932390027075,1.34562829336849e-05,0.000141794163617112,-7.24263213593364e-05,-1.71856722634132e-05,3.79128204158421e-05,-2.79464028293888e-05,1.82282403214432e-05,4.9336127706939e-05,4.17959463949669e-05,-5.65346956671796e-05,-5.55440853112338e-07,4.29401351833793e-05,-4.67225736280123e-05
2021/02/17,0.000360033590555737,1.71349749906946e-05,0.000142457303970432,-4.02468909013363e-05,-2.29543533339155e-05,-1.44450929156122e-05,-3.51689800372253e-05,5.84903594681611e-05,-5.53080445680011e-06,1.04401171828428e-05,-1.9057755223668e-05,-7.11000974697892e-05,3.12008073595105e-05,4.15218208109681e-05
2021/02/18,0.000369173364813,2.10494037383394e-05,0.000136863811148997,-4.17741997226483e-06,-2.34980555946852e-05,-5.53428804145549e-05,-1.2939221714755e-05,4.3773768224844e-05,-5.20107188184932e-05,-3.30157633083288e-05,5.43825987807295e-05,1.15403704293153e-05,-5.93619623398404e-05,0.000286342705027697
2021/02/21,0.000378317197763986,2.5204850407099e-05,0.000125163794661856,3.23107337643241e-05,-1.91675385624694e-05,-5.93155562774668e-05,1.99812719424829e-05,-1.21795971565671e-05,-3.89667676932174e-05,-3.46813313510425e-05,2.18306040028731e-05,6.7716792517193e-05,1.47236283757273e-06,-1.74138168566242e-05
2021/02/22,0.000387431290482682,2.95984200269413e-05,0.000107801803368304,6.57277858842736e-05,-1.12297360194308e-05,-2.55835054361045e-05,3.60449145438548e-05,-5.66825487955777e-05,1.65235734755286e-05,6.32902072901676e-06,-5.20115536147582e-05,-2.17453077160137e-05,5.76783231411405e-05,0.000125784519930144
2021/02/23,0.000396482652166166,3.42187717860686e-05,8.54992188504585e-05,9.2903217422613e-05,-1.50055548578094e-06,2.26544322113812e-05,2.19148956133337e-05,-4.78284696127041e-05,5.10420189932048e-05,3.84176754892744e-05,-2.43893698296082e-05,-6.25834478928455e-05,-3.27137665810798e-05,-0.000165826273130481
2021/02/24,0.000405439188052045,3.90460551789384e-05,5.92223678467437e-05,0.000111288534900617,8.05168903667851e-06,5.41778605043e-05,-1.05200855547203e-05,5.95588482481512e-06,2.74178962069116e-05,2.25218243665102e-05,4.94551811936432e-05,3.08317057474708e-05,-3.89801940500332e-05,-0.00037265390825392
2021/02/25,0.000414269783091933,4.4052051394694e-05,3.01379030467709e-05,0.000119196135351728,1.56533165516377e-05,4.99754659686712e-05,-3.41624116451353e-05,5.39403114919595e-05,-2.51890156769968e-05,-2.04378412342679e-05,2.67282955333058e-05,5.59527610959035e-05,5.32193391273713e-05,-0.000154384094097575
2021/02/28,0.000422944381659015,4.92005157448197e-05,-4.42322066168838e-07,0.000115951973845187,1.99826005536024e-05,1.46283830822975e-05,-2.92966934229687e-05,5.10348778277439e-05,-4.70005230641382e-05,-3.71585956541531e-05,-4.67458476029696e-05,-3.85213886411952e-05,9.45841140286205e-06,7.56222633606585e-06
2021/03/01,0.000431434063199561,5.44477123603117e-05,-3.11241024429179e-05,0.000101948453486604,2.03306952688893e-05,-2.79052067813395e-05,4.88081263419586e-08,2.47059937800123e-07,-1.56562777951129e-05,-8.0972983417608e-06,-2.88441344047336e-05,-4.81327923875952e-05,-5.72680034366735e-05,0.000196975023210625
2021/03/02,0.000439711113311833,5.97431279459733e-05,-6.04982643926066e-05,7.85938623834176e-05,1.66765296302535e-05,-5.05326725792248e-05,2.94887163430146e-05,-5.04020020684251e-05,3.09939833374224e-05,2.99247415353632e-05,4.39143153717594e-05,4.46076697155576e-05,2.16753926892951e-05,-0.000119198513223633
2021/03/03,0.000447749090105549,6.50303482562483e-05,-8.72091503084455e-05,4.81647891284516e-05,9.68520041798808e-06,-4.0284196992259e-05,3.45245753405723e-05,-5.33567013576805e-05,4.04127549942574e-05,3.04466578928957e-05,3.07357636414461e-05,3.94699043860504e-05,4.43102529854394e-05,0.000286057711509487
2021/03/04,0.00045552288569834,7.02480777821657e-05,-0.000110020713136584,1.35772683745992e-05,6.28389414767473e-07,-5.59669468067063e-06,1.08497939395399e-05,-6.25761900547051e-06,4.63497174645648e-06,-5.96732465716591e-06,-4.09895392607965e-05,-4.8962438945553e-05,-4.50968424793334e-05,0.000177529785209705
2021/03/07,0.000463008782453539,7.53312800661196e-05,-0.000127876852606188,-2.18999560906599e-05,-8.78348855559634e-06,3.03491314096967e-05,-2.20544260853767e-05,4.62203250479873e-05,-3.36893771952637e-05,-3.40753655616793e-05,-3.2403846479257e-05,-3.03304427510752e-05,-1.89215774509866e-05,0.00056284381379874
2021/03/08,0.000470184503491349,8.02124137628106e-05,-0.000139952925469156,-5.4961429430101e-05,-1.66634635310376e-05,4.51230333582418e-05,-3.69695364714906e-05,5.47972330079819e-05,-3.20201194354957e-05,-2.01578878930432e-05,3.79985884092167e-05,5.15390166698956e-05,5.4188263321647e-05,9.52903102091825e-05
2021/03/09,0.00047702925764371,8.48227386665011e-05,-0.000145695820999028,-8.25792630323383e-05,-2.12892937533208e-05,3.10141782277513e-05,-2.13936311794352e-05,1.19340842118786e-05,4.80066839595645e-06,1.77254740430397e-05,3.38505951183278e-05,2.1082151092147e-05,-1.07937706236336e-05,0.000407845632188444
2021/03/10,0.000483523778619845,8.90936643029524e-05,-0.000144850588538838,-0.000102285408712953,-2.14756405193555e-05,-1.20196551154201e-06,1.20806342723343e-05,-4.15532271060255e-05,3.33250512043264e-05,3.32006137818375e-05,-3.49666247841374e-05,-5.23707564088272e-05,-4.69203585986643e-05,0.000129604827999047
2021/03/11,0.000489650358410609,9.2958113380313e-05,-0.000137472301192188,-0.000112395285688026,-1.68972911484988e-05,-3.03245642769838e-05,3.60041851650075e-05,-5.53944060237818e-05,2.26981643423887e-05,8.23478417746994e-06,-3.50795814120103e-05,-1.2076263707161e-05,3.58004997897177e-05,-3.92664118168565e-05
2021/03/14,0.000495392875163401,9.63518725891032e-05,-0.000123922602844827,-0.000112152289694996,-8.2691841394673e-06,-3.86796406623714e-05,3.05556136717019e-05,-1.71679116655639e-05,-1.19927368399274e-05,-2.60718625320785e-05,3.19169204480188e-05,5.15655950394765e-05,2.62652875869066e-05,1.11760638806234e-05
2021/03/15,0.000500736816493385,9.92149044554141e-05,-0.000104851174091918,-0.000101780776802544,2.69616390979145e-06,-2.27831881758213e-05,-1.29192459274481e-07,3.65553594454776e-05,-3.02342059033472e-05,-2.8204013830005e-05,3.60955964632826e-05,3.63121645772499e-06,-4.89038143883173e-05,2.88823084261512e-05
2021/03/16,0.000505669298765099,0.000101492594018875,-8.11631276792977e-05,-8.24442494184721e-05,1.35866520931326e-05,5.67084614558937e-06,-3.11663613001704e-05,5.52143608516594e-05,-1.33651519632659e-05,3.70899938487542e-06,-2.88708771038011e-05,-4.92969634210891e-05,9.25646728942459e-07,-6.39306671020769e-05
2021/03/17,0.000510179082103271,0.000103136904093907,-5.39740626138333e-05,-5.61147591072539e-05,2.18080725048393e-05,2.83003059705141e-05,-3.71220785087972e-05,2.18849954109538e-05,1.65290285730699e-05,3.05961492852535e-05,-3.69044485987208e-05,3.98129460674806e-06,4.68458732572916e-05,0.000383792643022756
2021/03/18,0.000514256581041062,0.000104107414473653,-2.45551270308991e-05,-2.53680558702636e-05,2.52138201100708e-05,3.1903152278988e-05,-1.27902448033285e-05,-3.13699874709566e-05,2.49900890656481e-05,2.01600646423218e-05,2.58481059005154e-05,4.57916704839133e-05,-2.61790131052187e-05,0.000557523530284494
2021/03/21,0.000517893870236519,0.000104372221816024,5.72906707270976e-06,6.87406970336488e-06,2.2689452325074e-05,1.6047596829783e-05,2.23763675015766e-05,-5.43431753910184e-05,4.88977197624641e-06,-1.44975845448087e-05,3.75127224863432e-05,-1.05472293707548e-05,-3.11126718671917e-05,-2.32524787738664e-05
2021/03/22,0.00052108468354651,0.000103908678243592,3.5486494716002e-05,3.76281419810172e-05,1.45255981512139e-05,-7.89544875869579e-06,3.98723516541588e-05,-2.60440829654921e-05,-1.82746278825807e-05,-3.12869433169565e-05,-2.28665796257275e-05,-4.13154993674274e-05,4.20576739420099e-05,0.000542887559682376
2021/03/23,0.000523824405848289,0.000102703951530537,6.33643876408465e-05,6.41319568946269e-05,2.45317032547237e-06,-2.48309126404042e-05,2.52216129198788e-05,2.6122547759844e-05,-1.83403486549029e-05,-1.00700762697364e-05,-3.79275977474408e-05,1.59175334513123e-05,7.25099842801227e-06,3.48243705136652e-05
2021/03/24,0.000526110058236121,0.000100755395277452,8.81131891663178e-05,8.40988627696854e-05,-1.07019683504972e-05,-2.54333301031505e-05,-1.01369342066415e-05,5.2877699126609e-05,1.99299885277403e-06,2.32694736444504e-05,1.99427779606621e-05,3.61573850669027e-05,-4.43863555056094e-05,0.000129730748064924
2021/03/25,0.000527940276331749,9.80707206359038e-05,0.000108644643353625,9.59195618075373e-05,-2.16831085273535e-05,-1.11013470325151e-05,-3.78521979030594e-05,2.96322550110213e-05,1.73747034091103e-05,2.82738017566632e-05,3.81567882582443e-05,-2.00115104243155e-05,1.70387852118782e-05,-0.000295215371888489
2021/03/28,0.000529315282050056,9.46679662020562e-05,0.000124081213818582,9.87933551629516e-05,-2.76277549858536e-05,8.11726815634821e-06,-3.54103773000236e-05,-2.0917199802158e-05,1.11257773224484e-05,-1.14862400764859e-06,-1.70917332761152e-05,-3.0613152018296e-05,3.33685733188192e-05,5.71584053588331e-05
2021/03/29,0.0005302368492989,9.05752672685921e-05,0.000133794512946632,9.27781103685449e-05,-2.68381580499973e-05,2.05199542293594e-05,-4.3643112427056e-06,-5.09171799754112e-05,-6.75006883159344e-06,-2.92682669465613e-05,-3.8208505775378e-05,2.28162440117198e-05,-3.43937639775403e-05,-8.63126833245601e-05
2021/03/30,0.000530708264287206,8.58304300796459e-05,0.000137431018793025,7.87564485872253e-05,-1.92825915695865e-05,1.98224928946866e-05,3.06731357116182e-05,-3.26582764818697e-05,-1.42285854862414e-05,-2.17437488377274e-05,1.43271049301402e-05,2.4969908250818e-05,-1.32861875670406e-05,-0.0001952694135919
2021/03/31,0.000530734280661783,8.04803201901374e-05,0.000134924030119127,5.83238976069028e-05,-6.67538462509422e-06,8.07384907866866e-06,4.15907087049898e-05,1.58368425969724e-05,-4.1917932931535e-06,1.25036515186254e-05,3.80914921291317e-05,-2.43823533450751e-05,4.00568745675746e-05,0.000347042584089411
2021/04/04,0.000530321069905945,7.45800780071281e-05,0.000126491525544447,3.36122230866637e-05,7.90654315318433e-06,-6.71013205906624e-06,1.93116603432425e-05,4.85574005904383e-05,9.09577212168826e-06,3.17167634608017e-05,-1.16612336004098e-05,-1.94919340642107e-05,-9.0683080797474e-06,-0.000113501428410105
2021/04/05,0.000529476166801702,6.81921772841974e-05,0.000112620310746828,7.06711505828665e-06,2.07858332423851e-05,-1.59830553530799e-05,-1.8746385367094e-05,3.51463343116827e-05,9.43893509658137e-06,1.20664484608714e-05,-3.78151187763895e-05,2.48165899191249e-05,-3.32112749683273e-05,4.40229235432314e-05
2021/04/06,0.000528208409268684,6.13853450648761e-05,9.40375227668341e-05,-1.87966796251329e-05,2.86323903917343e-05,-1.55058037442597e-05,-4.23534705279109e-05,-1.09445554033778e-05,-1.69730795382777e-06,-2.27475314364465e-05,9.10518165707189e-06,1.44088047480074e-05,2.66751218249358e-05,9.41945729688115e-05
2021/04/07,0.000526527873474315,5.42333665689887e-05,7.16711801844117e-05,-4.16381556014567e-05,2.93457165432048e-05,-6.92525795061096e-06,-3.24931334686719e-05,-4.58865780916005e-05,-9.01046748673804e-06,-2.98922596043779e-05,3.73895178836169e-05,-2.42719696586883e-05,1.69923428139471e-05,-7.788517560634e-05
2021/04/08,0.000524445805006371,4.68138009731653e-05,4.660198363929e-05,-5.95071006509948e-05,2.26317281365426e-05,4.15582811296391e-06,3.37184291440776e-06,-3.71302541988159e-05,-3.74189544578945e-06,-4.27488941347038e-08,-6.66873656954407e-06,-9.90621282127919e-06,-3.45204244887883e-05,-0.000273477615713394
2021/04/11,0.000521974546746385,3.92066357309702e-05,2.00089598342054e-05,-7.10149850944052e-05,1.01118892107975e-05,1.18080516652604e-05,3.70075568297151e-05,6.28611826077372e-06,5.93281913216017e-06,3.03442799545785e-05,-3.68256449479656e-05,2.29362477444612e-05,2.76758709161458e-06,-0.000167592062158551
2021/04/12,0.000519127464708283,3.14929089965992e-05,-6.88821210301262e-06,-7.54444636989102e-05,-5.07298185593682e-06,1.2770977311687e-05,4.16750264086804e-05,4.29827840362214e-05,6.73132806687417e-06,2.34091881720174e-05,4.36039524676152e-06,6.11971704849348e-06,3.10568368433017e-05,-0.000394890969181059
2021/04/13,0.00051591887282848,2.37533297217703e-05,-3.28872623512357e-05,-7.27888223246446e-05,-1.90650741284087e-05,7.44741094486634e-06,1.33658451414985e-05,3.86485081497018e-05,-2.07370197294777e-06,-1.28910858821396e-05,3.61352820348221e-05,-2.10194047641377e-05,-1.95918797910165e-05,-7.80590176066083e-05
2021/04/14,0.000512363957024852,1.6066923764955e-05,-5.68589147298565e-05,-6.37199399226791e-05,-2.82879682753757e-05,-1.00897853917893e-06,-2.58390668771164e-05,-1.89298927215343e-06,-8.11726875609221e-06,-3.36827918432454e-05,-2.18734414438384e-06,-3.13149497204357e-06,-1.84513791912984e-05,-5.44137442663836e-05
2021/04/15,0.00050847869897079,8.50973347975951e-06,-7.77973370091195e-05,-4.9490515711428e-05,-3.0376714540081e-05,-8.50689790372466e-06,-4.50442665551422e-05,-3.99127265762632e-05,-2.71719448688832e-06,-1.25938033173439e-05,-3.53309777133015e-05,1.87408100353717e-05,2.84942841386632e-05,-8.76530928112918e-05
2021/04/18,0.000504279799905695,1.1535965607431e-06,-9.48631405910599e-05,-3.17827158678598e-05,-2.47929685008993e-05,-1.17312734534978e-05,-2.88943836629307e-05,-3.97401836640193e-05,7.24974055717901e-06,2.46731275430194e-05,1.55498746749898e-07,9.70097631323704e-07,1.60320408055699e-06,-9.99733992850002e-05
2021/04/19,0.000499784605003167,-5.93497190067839e-06,-0.000107417061354931,-1.25203966247128e-05,-1.29630466091233e-05,-9.28086688896989e-06,1.01920710696865e-05,-2.21415137610828e-06,8.0969250930727e-06,3.15168032752299e-05,3.44259822731371e-05,-1.63167195079381e-05,-2.74841625668795e-05,8.09539901150486e-05
2021/04/20,0.000495011028776854,-1.26957728313644e-05,-0.000115042983897939,6.33481008863551e-06,2.09550626942778e-06,-2.15579649884313e-06,4.16213044940705e-05,3.67322295013942e-05,-2.40784066171998e-06,-1.23742334434652e-06,1.73040112220313e-06,3.86931123631e-07,1.36732950403758e-05,-1.19689182379436e-07
2021/04/21,0.000489977481466236,-1.90757744168643e-05,-0.000117559553432477,2.29822786474959e-05,1.65574877169295e-05,6.46477008571378e-06,4.05976539394018e-05,4.04423439511645e-05,-1.11365474482858e-05,-3.29306110537527e-05,-3.34342266229101e-05,1.39487489492958e-05,1.79760239958719e-05,-7.77670757778186e-05
2021/04/22,0.000484702795997332,-2.502980717729e-05,-0.000115020219367485,3.59559809946943e-05,2.67754305437984e-05,1.23170179853084e-05,7.66933706228298e-06,6.02192994677435e-06,-5.96851292303965e-06,-2.34887264184786e-05,-3.46674967287017e-06,-1.00790898676631e-06,-2.26417819460649e-05,-8.56457860381958e-05
2021/04/25,0.000479206155568442,-3.05210916430649e-05,-0.000107702139092315,4.42560582579512e-05,3.02085329686131e-05,1.19590485345062e-05,-3.15443730086198e-05,-3.34878550022499e-05,7.92610651786691e-06,1.57778929367669e-05,3.23702901099546e-05,-1.18138996548127e-05,-4.03163029685791e-06,-5.66660961961804e-05
2021/04/26,0.00047350702235496,-3.55215902783443e-05,-9.60849115596174e-05,4.74264092843402e-05,2.60559651560596e-05,4.80905817449478e-06,-4.63208618146379e-05,-4.07888758409521e-05,1.32572303739209e-05,3.55609063570656e-05,5.05113019709454e-06,9.99791422933957e-07,2.31290347434156e-05,-0.000162452308570733
2021/04/27,0.00046762506770928,-4.00121790507726e-05,-8.08205825225251e-05,4.5572295352599e-05,1.543680458542e-05,-5.90463773317887e-06,-2.49105380158587e-05,-9.52175282512516e-06,2.0597704104751e-06,1.05217951873728e-05,-3.12492826491933e-05,1.00565934908618e-05,-9.23469431782127e-06,-9.95936596215335e-05
2021/04/28,0.000461580104067658,-4.39826379643015e-05,-6.26967435264503e-05,3.93183830365016e-05,1.07935353138854e-06,-1.42992947936759e-05,1.61459927391205e-05,3.02185774934984e-05,-1.31059036242243e-05,-2.81016335265817e-05,-6.48241956627698e-06,-4.99379867819222e-07,-1.60277843930686e-05,-0.000104572613605768
2021/04/29,0.000455392018882562,-4.74314634630682e-05,-4.25948179104739e-05,2.97138557769045e-05,-1.33905921378712e-05,-1.49736523209456e-05,4.48277019522665e-05,4.08102419215969e-05,-1.33522081027391e-05,-3.14095986584995e-05,3.00866333631703e-05,-8.78299385418095e-06,1.74869042953395e-05,-0.000162960029744061
2021/05/02,0.00044908071079809,-5.03655093828638e-05,-2.14457801849927e-05,1.80965761470283e-05,-2.43730373193998e-05,-6.52213242856196e-06,3.86281835275428e-05,1.27082386902204e-05,3.11389202356823e-06,5.12161062546273e-06,7.76088598854886e-06,-3.36452435952772e-07,4.70886532088275e-06,-0.000147701051369573
2021/05/03,0.000442666028135465,-5.27994668020925e-05,-1.85586808321397e-07,5.93223335791426e-06,-2.91909662613217e-05,6.88533766738107e-06,2.21430972147015e-06,-2.69573066663744e-05,1.72804720659283e-05,3.53546976404867e-05,-2.88978080691844e-05,8.05774824641887e-06,-1.85852325057498e-05,-5.136145972202e-05
2021/05/04,0.000436167709714827,-5.47551964261382e-05,2.02874907310587e-05,-5.35342003332313e-06,-2.67375553720317e-05,1.73415343650569e-05,-3.61024897864729e-05,-4.05338517019204e-05,1.13994622749093e-05,2.08023346075377e-05,-8.88819871681633e-06,1.34093680978937e-06,6.3797221056261e-06,-4.93047857210241e-06
2021/05/05,0.000429605328025947,-5.62609300510484e-05,3.91516364306829e-05,-1.45309398354089e-05,-1.77192673204567e-05,1.78364358782794e-05,-4.64036406171335e-05,-1.55781835854084e-05,-8.91146001131784e-06,-2.02182549420627e-05,2.76980745529495e-05,-7.90311416510472e-06,1.31238479289177e-05,6.28246771116448e-06
2021/05/06,0.000422998234727253,-5.73503601977283e-05,5.56946616120284e-05,-2.06956158347186e-05,-4.44615240756732e-06,6.98995793711742e-06,-2.05411149540953e-05,2.37325726700711e-05,-1.991771610681e-05,-3.55778622680994e-05,9.86738718902546e-06,-2.34741336019036e-06,-1.33795340420445e-05,-3.10704496424188e-06
2021/05/09,0.000416365508425957,-5.80616391044855e-05,6.93402431656443e-05,-2.33548620821423e-05,9.76608380185848e-06,-9.33170753929316e-06,2.14207047854102e-05,3.99851920393822e-05,-7.60882837395481e-06,-5.70033050380141e-06,-2.65023544350812e-05,8.30033510074605e-06,-3.95827316478639e-06,-4.36530721154532e-05
2021/05/10,0.000409725904727484,-5.84363098115472e-05,7.96663131861177e-05,-2.24662608796228e-05,2.14250587249324e-05,-2.10526896565863e-05,4.67906975212938e-05,1.81304795570898e-05,1.46399570884008e-05,3.13485714563332e-05,-1.07027993111439e-05,3.19866973578907e-06,1.43443205948907e-05,-7.04059129334313e-05
2021/05/11,0.000403097808532885,-5.85181931795141e-05,8.64151323250947e-05,-1.8423506299915e-05,2.77141029051645e-05,-2.01104919206261e-05,3.57468375315684e-05,-2.05695122116877e-05,2.0673448189311e-05,2.83863331274877e-05,2.53251428356293e-05,-9.19302392627237e-06,-5.04014187467234e-06,-0.000152774936034453
2021/05/12,0.000396499188441403,-5.83522554089713e-05,8.94950289299515e-05,-1.19932223372832e-05,2.71621376133284e-05,-6.0193404289596e-06,-3.15897897460231e-06,-3.91889190675151e-05,2.39158584957577e-06,-1.06439399032534e-05,1.1400102097723e-05,-3.75519211574923e-06,-9.76683507999632e-06,9.55476403843492e-05
2021/05/13,0.000389947553178344,-5.79834805850723e-05,8.89742148046429e-05,-4.21091901808799e-06,1.99758017930046e-05,1.3072539246304e-05,-3.96280992086365e-05,-2.03666574243982e-05,-1.96315449571189e-05,-3.58389880488482e-05,-2.41804256459943e-05,1.04922438627241e-05,1.05011812224482e-05,-7.34814192193115e-05
2021/05/16,0.000383459910133259,-5.74557720862698e-05,8.50674739688947e-05,3.75135752758897e-06,7.96370359446745e-06,2.50167649026471e-05,-4.52381368098567e-05,1.74900852326861e-05,-1.94228723954718e-05,-1.52438568944641e-05,-1.19663134909465e-05,3.90202105576078e-06,2.17095080349286e-06,-0.000151996315541788
2021/05/17,0.000377052726023091,-5.68109058121693e-05,7.81168433229178e-05,1.07302658862702e-05,-5.91938167722122e-06,2.14111237837798e-05,-1.56266755489418e-05,3.8169549117137e-05,3.69082789258983e-06,2.44816636652468e-05,2.30815512099759e-05,-1.20828939232105e-05,-1.07721655969686e-05,0.000212071471657503
2021/05/18,0.000370741890076996,-5.60875563723529e-05,6.85676495117553e-05,1.57127400576057e-05,-1.82928631975674e-05,3.50923183127899e-06,2.61021074728238e-05,2.22914964622891e-05,2.33157256170917e-05,3.25782247522149e-05,1.24098441140647e-05,-3.5539917707268e-06,5.02150355786282e-06,0.000110626997886664
2021/05/19,0.000364542679578101,-5.53204163649345e-05,5.69414224972975e-05,1.79579876456298e-05,-2.61616240610362e-05,-1.78586269416322e-05,4.7420999585835e-05,-1.45128890569578e-05,1.62674384805474e-05,-8.11872082642457e-07,-2.20410165414952e-05,1.38310093411054e-05,6.40267507095745e-06,0.000162716232849225
2021/05/20,0.000358469726831437,-5.45394276366239e-05,4.38072712745836e-05,1.70863818808388e-05,-2.76277101171958e-05,-2.87966561249845e-05,3.17730087168836e-05,-3.69515952288706e-05,-9.99288434981535e-06,-3.25916528059518e-05,-1.27404749348222e-05,2.65926270857122e-06,-8.88402558383402e-06,0.000116952775369784
2021/05/23,0.000352536987371434,-5.37691397833135e-05,2.97532854182881e-05,1.31255202604573e-05,-2.2338203983667e-05,-2.14014729092727e-05,-8.53647947410526e-06,-2.39132198834609e-05,-2.52788230162677e-05,-2.24187055394763e-05,2.10701771226109e-05,-1.55916296381972e-05,2.41136976179439e-07,5.33655670787905e-05
2021/05/24,0.000346757709833613,-5.30282072837616e-05,1.53594201635416e-05,6.50853747729206e-06,-1.15674741464702e-05,5.49827801222215e-07,-4.20130800123242e-05,1.1652979456124e-05,-1.15168001525875e-05,1.59507981016187e-05,1.29692356724435e-05,-1.20108676775813e-06,8.10026183238277e-06,5.17578780246643e-05
2021/05/25,0.000341144408112113,-5.23290332201165e-05,1.1731407704238e-06,-1.9749437404467e-06,2.08394001859112e-06,2.33582179159431e-05,-4.26133787161604e-05,3.55592997381301e-05,1.58581871003039e-05,3.32112303351356e-05,-2.01789326966189e-05,1.72168797457308e-05,-6.04058912438174e-06,-0.000117460426238647
2021/05/26,0.000335708836178485,-5.16775646851538e-05,-1.23111425617664e-05,-1.12696314336996e-05,1.53042737294042e-05,3.19351879118265e-05,-1.00523674156879e-05,2.5243190811339e-05,2.53043729033871e-05,7.99815247973007e-06,-1.31081982857617e-05,-8.02171499711217e-07,-3.39031500148336e-06,-0.000175794623130908
2021/05/27,0.000330461965654672,-5.10732421929794e-05,-2.46681067456834e-05,-2.0176987822972e-05,2.48580878897879e-05,1.98068900465504e-05,3.00909586286502e-05,-8.92181733221228e-06,5.64866182738857e-06,-2.66171443427173e-05,1.93754915210779e-05,-1.85638437629303e-05,8.42836320595152e-06,-9.49812765745837e-05
2021/05/30,0.000325413966468204,-5.05091020323053e-05,-3.55525848158403e-05,-2.74956317736191e-05,2.83645383965843e-05,-6.05615992218741e-06,4.64828948963001e-05,-3.40159177396392e-05,-2.06911442408228e-05,-2.65621609654262e-05,1.31702582151681e-05,3.29869873755939e-06,-2.88563868342678e-06,-0.000102538016540548
2021/05/31,0.000320574190856742,-4.99720275869879e-05,-4.47055594573034e-05,-3.21641068244794e-05,2.48839516391938e-05,-2.91513072464707e-05,2.65420407751624e-05,-2.62949152420549e-05,-2.33904883895108e-05,6.99522811357734e-06,-1.86662448544366e-05,1.9501867231922e-05,-6.41903807007833e-06,0.000109285409054725
2021/06/01,0.00031595116081586,-4.9443143045721e-05,-5.19552719098715e-05,-3.33900917108916e-05,1.51708182337656e-05,-3.39739932552199e-05,-1.38589354575401e-05,6.32758455134253e-06,7.48044847027539e-07,3.05479899740105e-05,-1.31689733930433e-05,-6.20642062147462e-06,7.76337407752407e-06,4.63485689423241e-06
2021/06/02,0.000311552558990964,-4.88983404062372e-05,-5.7213908374299e-05,-3.07515300030992e-05,1.52517553384194e-06,-1.64472465544965e-05,-4.30139302165322e-05,3.23427091192383e-05,2.40194066497028e-05,1.47780282548797e-05,1.80556924155815e-05,-1.99190061656535e-05,9.7296116892684e-07,5.12924295871821e-05
2021/06/03,0.000307385222790628,-4.83089284841074e-05,-6.04705505775071e-05,-2.42581167191492e-05,-1.27336333251715e-05,1.27773232834598e-05,-3.83050027062677e-05,2.70822200518904e-05,1.97437476688249e-05,-1.88998897309449e-05,1.31184614162695e-05,9.41751270770632e-06,-8.92719191083175e-06,-3.27421744647994e-05
2021/06/06,0.000303455141697295,-4.76423901229496e-05,-6.17812423405723e-05,-1.43657895492785e-05,-2.405660520453e-05,3.47413046823735e-05,-3.80983802038709e-06,-3.8763774445519e-06,-7.0395812739161e-06,-2.74058606865946e-05,-1.75463704234148e-05,1.97273828761859e-05,5.43429965481927e-06,1.38989261555214e-05
2021/06/07,0.000299767457774018,-4.68632317466193e-05,-6.12571233075284e-05,-1.94188878541732e-06,-2.95362858201915e-05,3.44899326664487e-05,3.31582341892121e-05,-3.05584082171273e-05,-2.55410453381655e-05,-1.23289907271915e-06,-1.30332986085253e-05,-1.28039747754478e-05,5.68108975354466e-06,7.36594412885177e-05
2021/06/08,0.000296326469441464,-4.59339076106223e-05,-5.90516114684401e-05,1.18160548168678e-05,-2.76498528178205e-05,1.1270148721458e-05,4.36913635288451e-05,-2.76173446817102e-05,-1.47515493374688e-05,2.5154018244512e-05,1.71387902430209e-05,-1.88672558892234e-05,-9.85551101073205e-06,-2.83588121801506e-05
2021/06/09,0.000293135638431449,-4.48157999809293e-05,-5.53475802413584e-05,2.54999270093675e-05,-1.86855512593321e-05,-2.03470781277975e-05,1.99555093621131e-05,1.5739680788056e-06,1.26160668937903e-05,1.88024418304592e-05,1.29283632437594e-05,1.62239387726422e-05,7.4382887261427e-07,0.000257589327114417
2021/06/10,0.000290197599728116,-4.3470235608709e-05,-5.03453792912436e-05,3.76368419688241e-05,-4.73244062426306e-06,-3.95861236271137e-05,-1.89364427932175e-05,2.8679465362776e-05,2.51523597592005e-05,-1.0517604998011e-05,-1.68314148347968e-05,1.73096847326044e-05,1.01107174529272e-05,-7.14290272270937e-05
2021/06/13,0.000287514174148583,-4.18595184094931e-05,-4.42524005898991e-05,4.68460082992669e-05,1.07841879910571e-05,-3.31377560405602e-05,-4.229090768478e-05,2.79095154035788e-05,8.93666068904637e-06,-2.50037106436566e-05,-1.28186144027725e-05,-1.9528376753763e-05,-7.66776187329541e-06,-2.47345001333122e-05
2021/06/14,0.000285086383083974,-3.99479580100242e-05,-3.72747042978097e-05,5.19901093599052e-05,2.39260657512319e-05,-4.37348366277669e-06,-3.21063623254367e-05,5.72205871211414e-07,-1.69554740030053e-05,-7.69863038433639e-06,1.6620713336492e-05,-1.50577107414472e-05,-5.72864611705437e-06,-8.21995078609242e-05
2021/06/15,0.000282914465829948,-3.77028726651139e-05,-2.96110060654052e-05,5.23050009385968e-05,3.12318246760856e-05,2.8279863322965e-05,2.97775024699287e-06,-2.67210611501176e-05,-2.2954452512519e-05,1.78282220907228e-05,1.27188471818923e-05,2.25678879246128e-05,1.20421564633995e-05,-0.00013615762628206
2021/06/16,0.000280997899791924,-3.50955456415427e-05,-2.14491083330547e-05,4.74935767610941e-05,3.06278887893893e-05,4.3139623730706e-05,3.4923595113637e-05,-2.79641544397966e-05,-2.89929569506015e-06,1.96069693040039e-05,-1.65012749268079e-05,1.21460880403054e-05,-1.78875269039549e-06,-7.98850980440269e-06
2021/06/17,0.000279335423398841,-3.21021156602064e-05,-1.29646482594048e-05,3.77732049208658e-05,2.20210837328012e-05,2.96892493408847e-05,3.87194937714179e-05,-2.55107560383006e-06,1.9676714370027e-05,-2.61500219240224e-06,-1.26434348098342e-05,-2.5199234552285e-05,-1.17102613961778e-05,-7.77613970606972e-05
2021/06/20,0.000277925061303505,-2.87043835954041e-05,-4.32184737081124e-06,2.38708373122549e-05,7.40268859351126e-06,-3.9852239806659e-06,1.20401483658533e-05,2.4698640215607e-05,1.92387515813312e-05,-1.97192824263019e-05,1.6465942062492e-05,-8.63969737509355e-06,9.49803908153931e-06,-3.09136737678169e-05
2021/06/21,0.000276764151440489,-2.48905191591897e-05,4.32420522473832e-06,6.96525694940031e-06,-9.58818613347532e-06,-3.59980133862396e-05,-2.33716470625513e-05,2.77828010950292e-05,-2.74692730487962e-06,-1.15023338197467e-05,1.26060936977957e-05,2.7291405184857e-05,6.35022500688274e-06,-2.31995117331101e-05
2021/06/22,0.000275849373871364,-2.0655652609266e-05,1.28243137930699e-05,-1.14185992831714e-05,-2.45545048116634e-05,-4.48971463633285e-05,-3.93941962466253e-05,4.34635544450698e-06,-2.05769654455511e-05,9.60637114825972e-06,-1.65059297706751e-05,4.63080864570461e-06,-1.41529176572483e-05,5.03446892846238e-05
2021/06/23,0.000275176781351524,-1.60023385194949e-05,2.10316168723125e-05,-2.95532904894404e-05,-3.34720189976149e-05,-2.40663034959788e-05,-2.39194792372475e-05,-2.26298606144196e-05,-1.44539688409398e-05,1.70393939127426e-05,-1.26196547500958e-05,-2.87309975909306e-05,2.28465123674733e-06,2.90964691628363e-05
2021/06/24,0.000274741831661803,-1.09408808121847e-05,2.87983478317292e-05,-4.56765051452343e-05,-3.37722634798222e-05,1.33908270255178e-05,9.92765281708738e-06,-2.7363973887862e-05,7.43853442942805e-06,3.63141668631579e-06,1.6610975737765e-05,-2.35355069198235e-07,1.35184130450266e-05,-8.8269020840371e-05
2021/06/27,0.000274539421813048,-5.48951072988606e-06,3.59735050033732e-05,-5.81660486461436e-05,-2.50861923471941e-05,4.28681013729328e-05,3.48224373999672e-05,-5.9354112951418e-06,1.96505367139791e-05,-1.22799415173745e-05,1.26958760127952e-05,2.94267530247351e-05,-1.09507371710122e-05,-0.000154530789634079
2021/06/28,0.000274563924083326,3.25587604499995e-07,4.2401922174558e-05,-6.57045892794378e-05,-9.43227766898008e-06,4.44423416727725e-05,3.13203977168724e-05,2.05372502315007e-05,9.15860306016577e-06,-1.1984047485044e-05,-1.67695137382534e-05,-4.41156259424802e-06,-7.34670293317142e-06,-8.6079332844561e-05
2021/06/29,0.000274809223697781,6.47040626789513e-06,4.792509085258e-05,-6.74173812540498e-05,9.22858498853266e-06,1.63669641076611e-05,3.12603563148835e-06,2.67054673098585e-05,-1.07195005129121e-05,1.73592416570963e-06,-1.28453201909513e-05,-2.9313126504523e-05,1.61285237715571e-05,-2.83588923306268e-05
2021/06/30,0.00027526875788002,1.29033963986949e-05,5.2383917810334e-05,-6.2968705491708e-05,2.59814222088807e-05,-2.32831067506443e-05,-2.65049033333953e-05,7.28924934287032e-06,-1.70884912238798e-05,1.13702646754275e-05,1.69688541931822e-05,9.16072947009475e-06,-2.38673285377747e-06,0.0001050783476739
2021/07/01,0.000275935555948553,1.95759009580261e-05,5.56234180212806e-05,-5.26067521747258e-05,3.62464299168094e-05,-4.82441978609711e-05,-3.39104439810568e-05,-1.84507639478024e-05,-3.96376305279766e-06,7.14749567989368e-06,1.30772859590076e-05,2.83528325080963e-05,-1.54180288042048e-05,-5.4203969170108e-05
2021/07/04,0.000276802280035393,2.64327305461729e-05,5.74991577540743e-05,-3.7151718429405e-05,3.7032445603634e-05,-4.14922453649058e-05,-1.39790703119061e-05,-2.5807588381998e-05,1.22876102893139e-05,-3.78331129217754e-06,-1.71953791085774e-05,-1.38542272388209e-05,1.21170973413678e-05,-0.000119946781442165
2021/07/05,0.000277861266078319,3.3412872858629e-05,5.78850892945019e-05,-1.79275058840474e-05,2.78111338584964e-05,-6.88144952900888e-06,1.63175298167593e-05,-8.37390466153478e-06,1.32597298615455e-05,-8.88238929775946e-06,-1.33997828205984e-05,-2.6538350774164e-05,8.57600044406222e-06,0.000108476760754799
2021/07/06,0.000279104565204489,4.04503244241111e-05,5.66822704697455e-05,3.3569844944534e-06,1.0755830573124e-05,3.29818040178472e-05,3.22674035677804e-05,1.64094046651615e-05,-5.28486381683206e-07,-4.45985857570478e-06,1.74347408846765e-05,1.83309976323574e-05,-1.79928383309882e-05,0.00031931285735463
2021/07/07,0.000280523985298336,4.74750304804909e-05,5.38278480075642e-05,2.47659059340958e-05,-9.7484008161447e-06,5.15183111372573e-05,2.15891047930529e-05,2.46765261625818e-05,-1.20262422894976e-05,3.34463770190655e-06,1.38195112445819e-05,2.38924066220684e-05,2.23151632559728e-06,-1.48014060189102e-06
2021/07/08,0.000282111131599877,5.44139155859582e-05,4.93036134021639e-05,4.43188160711965e-05,-2.82204324640964e-05,3.59393713396268e-05,-6.04704472567292e-06,9.15268015338916e-06,-8.67568036584655e-06,7.15155285321275e-06,-1.76720873406021e-05,-2.24323826572257e-05,1.73756932818215e-05,-0.000189963146733802
2021/07/11,0.000283857445366391,6.11919862420857e-05,4.31434225297914e-05,6.01797372573415e-05,-3.95439629732967e-05,-3.90397771579477e-06,-2.75812855931447e-05,-1.4462233620615e-05,3.78593388083231e-06,4.41284564670317e-06,-1.43418714667986e-05,-2.04675093367219e-05,-1.31059821119458e-05,-4.15465481048276e-05
2021/07/12,0.000285754241036984,6.77334874672733e-05,3.54388068620056e-05,7.08345232718596e-05,-4.03852736607456e-05,-4.17264615037618e-05,-2.57537138822954e-05,-2.33279367115756e-05,1.00192693519564e-05,-2.43741276412445e-06,1.78922929539682e-05,2.60074823050924e-05,-9.96525246865015e-06,-0.000153199052257986
2021/07/13,0.00028779274265242,7.39630947647024e-05,2.63421873042328e-05,7.52391125298729e-05,-3.01746713167519e-05,-5.21796636402425e-05,-2.98562218892473e-06,-9.58930881696052e-06,3.94164873056274e-06,-7.78071020634487e-06,1.49710414724996e-05,1.63446502227537e-05,1.98157656926299e-05,0.00014079873279955
2021/07/14,0.000289964119639213,7.98071213063145e-05,1.60672260563228e-05,7.29239482500504e-05,-1.1362825953143e-05,-2.78907765110644e-05,2.12488046401049e-05,1.26683314921902e-05,-5.40156203737714e-06,-5.87800039974624e-06,-1.80800989156454e-05,-2.89181942834701e-05,-1.91219943123398e-06,6.58106147484797e-07
2021/07/15,0.000292259521625613,8.51947189837294e-05,4.88601253367989e-06,6.40440153374935e-05,1.11474720461809e-05,1.53170289999943e-05,2.69595938659156e-05,2.17902668467902e-05,-6.54786216018974e-06,3.30480130317892e-06,-1.57100800678978e-05,-1.16312345688329e-05,-1.94204289234408e-05,-9.56428258222139e-05
2021/07/18,0.000294670111614444,9.0059051379794e-05,-6.87703295110159e-06,4.93691843427896e-05,3.12686031682568e-05,4.87326419066063e-05,1.0123267186436e-05,9.65229470087829e-06,3.01959577093303e-07,1.08708056557829e-05,1.82201240783332e-05,3.10438842919959e-05,1.40153908862231e-05,0.000212661714162469
2021/07/19,0.000297187097429663,9.43384177118032e-05,-1.88544501557355e-05,3.02153563918465e-05,4.33696438910507e-05,4.98816570594864e-05,-1.44780147401616e-05,-1.10947992123248e-05,5.13914194627185e-06,6.60258528249652e-06,1.65609716739135e-05,6.458290503662e-06,1.15058708642791e-05,0.000380465231353749
2021/07/20,0.000299801761104805,9.79773071717853e-05,-3.06479334276828e-05,8.3226960068956e-06,4.38505629550563e-05,1.76994373758232e-05,-2.60697929331691e-05,-2.01070366899287e-05,2.06853166787335e-06,-7.33259770275711e-06,-1.82967894326496e-05,-3.22856481813627e-05,-2.16896706928763e-05,6.87511727781878e-05
2021/07/21,0.000302505485093364,0.000100927363287092,-4.18429480338377e-05,-1.4307548129749e-05,3.22093452712746e-05,-2.65294362765323e-05,-1.53525830793042e-05,-9.32009409676418e-06,-3.44414479428471e-06,-1.48576678712486e-05,-1.75245458129193e-05,-9.76951960842907e-07,1.47117550107184e-06,9.17775509026808e-05
2021/07/22,0.00030528977516695,0.000103148240845372,-5.20251169062979e-05,-3.56020126382136e-05,1.12869256395231e-05,-5.32680020303872e-05,8.01416955682793e-06,9.81280569564934e-06,-2.96404108240861e-06,-4.20896133455953e-06,1.82942239407451e-05,3.25700709244428e-05,2.16313468585707e-05,-0.000192436424636214
2021/07/25,0.000308146281077512,0.000104608341433831,-6.07975923143813e-05,-5.36117455785586e-05,-1.34078402414206e-05,-4.45130338430921e-05,2.39535560096693e-05,1.8337609366883e-05,2.82713187308143e-06,1.42654165996856e-05,1.8600291241216e-05,-4.64572013256533e-06,-1.49193621976962e-05,9.76416667058362e-05
2021/07/26,0.000311066815706868,0.000105285415223865,-6.7798541731671e-05,-6.66972291233994e-05,-3.51381643114049e-05,-5.97673796420409e-06,1.90912047445127e-05,8.58608170965088e-06,4.96753204917242e-06,1.70447012244397e-05,-1.81961743147846e-05,-3.18523244820779e-05,-1.32547203863618e-05,1.02131416553949e-05
2021/07/27,0.000314043373030289,0.000105167018079697,-7.27178445176581e-05,-7.36838898435805e-05,-4.77704614965148e-05,3.66189838516275e-05,-2.05914650449067e-06,-8.89267054994275e-06,-9.45158316134057e-07,-2.67274307208336e-06,-1.97860754760685e-05,1.02314870648076e-05,2.37176373386099e-05,-3.11735095885586e-05
2021/07/28,0.000317068144786942,0.000104250814594853,-7.5312117553534e-05,-7.39729239341979e-05,-4.75004373031005e-05,5.47487059253736e-05,-2.11771151042789e-05,-1.65562812924118e-05,-7.46780473730794e-06,-2.20435853825941e-05,1.79860315617236e-05,3.011854104485e-05,-8.86478466834941e-07,-0.000117404494139482
2021/07/29,0.00032013353603435,0.000102544720224987,-7.54172606246614e-05,-6.75966109269996e-05,-3.39896971705475e-05,3.62570001490435e-05,-2.18629694825513e-05,-7.46187160617409e-06,-4.50487777537539e-06,-1.4662452588133e-05,2.10779243899723e-05,-1.559608216891e-05,-2.4132686680719e-05,-4.66916717742819e-05
2021/08/01,0.000323232179848774,0.000100066878129679,-7.29578327010936e-05,-5.52127194498319e-05,-1.05758589620165e-05,-6.43469866873648e-06,-3.60281216448804e-06,8.3995506231102e-06,6.20656865218875e-06,1.35687838455948e-05,-1.76469322148232e-05,-2.73873925905708e-05,1.58449254002952e-05,0.000162973360251919
2021/08/02,0.000326356951326883,9.68454685614717e-05,-6.79527307822555e-05,-3.80385838293442e-05,1.65342118129453e-05,-4.46671441706118e-05,1.78543200083564e-05,1.48507488558578e-05,1.11672785965695e-05,2.73653017994439e-05,-2.24698713692862e-05,2.0554683354845e-05,1.53403638070716e-05,0.000254987002028054
2021/08/03,0.000329500980628323,9.2918350520753e-05,-6.05168337716996e-05,-1.77313558676409e-05,3.98980061776864e-05,-5.28342571253823e-05,2.39792785472788e-05,5.97991978633325e-06,1.88190279740339e-06,6.08841674615088e-06,1.71618878347419e-05,2.3710818946949e-05,-2.59854733212314e-05,0.000202981358100335
2021/08/04,0.000332657664195633,8.83325372095904e-05,-5.08584826944909e-05,3.77377942206017e-06,5.28707158850679e-05,-2.56078694159435e-05,9.3297522035415e-06,-8.38883780461725e-06,-1.22651133467893e-05,-2.59641501249773e-05,2.39538341296431e-05,-2.49276075530966e-05,5.07338504929187e-08,0.000130740044043886
2021/08/05,0.000335820673472355,8.31435098617364e-05,-3.92728808990046e-05,2.44515198463007e-05,5.14851602008295e-05,1.85395589532828e-05,-1.36996658429331e-05,-1.33194710458717e-05,-1.32919788537993e-05,-2.68216487070049e-05,-1.65139593937847e-05,-1.91738722021584e-05,2.70682164823873e-05,0.000110646838127665
2021/08/08,0.0003389839610773,7.74143783099794e-05,-2.61317018900562e-05,4.23820494917758e-05,3.56490131174434e-05,4.98753631167154e-05,-2.53382989249544e-05,-4.19530313391083e-06,2.85765993967081e-06,8.21863369430843e-06,-2.55195041533566e-05,2.85461057817301e-05,-1.67357173043778e-05,0.000326210360877732
2021/08/09,0.000342141764671792,7.12148999485145e-05,-1.18693785360369e-05,5.59351679872806e-05,9.30226520165161e-06,4.74927668275157e-05,-1.53006970844351e-05,8.90120293264099e-06,1.84395564412044e-05,3.58751619887762e-05,1.5686503418829e-05,1.38936605444435e-05,-1.79486578826663e-05,-0.00016377321645951
2021/08/10,0.000345288608319993,6.46203710101998e-05,3.03329355237652e-06,6.3924956618611e-05,-2.05445733072598e-05,1.33343866346396e-05,8.2594435608773e-06,1.20675064907418e-05,1.3324466143283e-05,1.82355468934245e-05,2.71542576227808e-05,-3.12581344331505e-05,2.85144155362987e-05,0.000142120455357184
2021/08/11,0.000348419301093276,5.77104067000898e-05,1.80674836037038e-05,6.57199380655959e-05,-4.56618460434877e-05,-2.93014609234672e-05,2.54136441625641e-05,2.18584896851013e-06,-9.44703061944515e-06,-2.54415206282773e-05,-1.46634717584171e-05,-8.01733977483297e-06,1.23231715206866e-06,-0.000153742269997881
2021/08/12,0.000351528933373172,5.0567630082563e-05,3.27157501242833e-05,6.12981113840245e-05,-5.88562579176285e-05,-5.16676156304571e-05,2.1266501160828e-05,-9.95800837451371e-06,-2.39817595527947e-05,-3.90565036703604e-05,-2.88430769744331e-05,3.29339920878639e-05,-3.05509752279045e-05,-5.94527208646422e-05
2021/08/15,0.000354612871148041,4.32762916313072e-05,4.64716917446108e-05,5.1241705045536e-05,-5.60157366447939e-05,-3.90183366766955e-05,-1.23800221193772e-06,-1.12010226416895e-05,-1.0917136450224e-05,-1.73987226932002e-06,1.34298018754435e-05,1.71915312626977e-06,1.74281921107291e-05,0.000188987400212723
2021/08/16,0.000357666749170195,3.59208437445351e-05,5.88589634030087e-05,3.66724508353698e-05,-3.73662440586776e-05,-4.01135434902175e-07,-2.34423746207511e-05,-5.03067938443945e-08,1.741138676162e-05,4.09470321095456e-05,3.05685556466366e-05,-3.34716855867583e-05,2.12783525761245e-05,-8.23975877521022e-05
2021/08/17,0.000360686463170796,2.85844948936726e-05,6.94488470493683e-05,1.91340493988458e-05,-7.56253274985765e-06,3.77571353416342e-05,-2.64693471402228e-05,1.15579059991883e-05,2.81428811810837e-05,3.24772915941042e-05,-1.19718433781931e-05,4.80350249209641e-06,-3.1218687258475e-05,-9.4667160594041e-05
2021/08/18,0.000363668160612045,2.13477679763826e-05,7.78756555583354e-05,4.33701488592315e-07,2.54536209180225e-05,4.97564049763478e-05,-7.19755270134828e-06,1.08217358772169e-05,5.93217877212986e-06,-1.98066149967529e-05,-3.23109703115747e-05,3.28019326229404e-05,-3.21718186114196e-06,0.000160973161068806
2021/08/19,0.000366608230162447,1.42870887819015e-05,8.38493737898839e-05,-1.7541389114535e-05,5.25532533032151e-05,2.80042648856955e-05,1.87568572084207e-05,-2.09431863072235e-06,-2.61009246835537e-05,-4.95400585341432e-05,1.02777345141809e-05,-1.13350592663504e-05,3.46072140251055e-05,-6.74522664415453e-05
2021/08/22,0.000369503289928502,7.47343042202783e-06,8.71650896617352e-05,-3.3014174776233e-05,6.59270998115379e-05,-1.21267131114225e-05,2.97769599834375e-05,-1.36741995743337e-05,-3.02409358920196e-05,-1.5589660547723e-05,3.4048403924112e-05,-3.08925758345063e-05,-1.76625670621941e-05,1.04195530670799e-05
2021/08/23,0.000372350174233496,9.71039023493911e-07,8.77089329409971e-05,-4.44955702125527e-05,6.13154471517137e-05,-4.31091847785288e-05,1.62522989209689e-05,-1.10214323243006e-05,1.53527229979756e-06,4.12708124608683e-05,-8.33768995683387e-06,1.76478335256102e-05,-2.54788977921166e-05,-0.000176337035492613
2021/08/24,0.00037514591941328,-5.16373386181601e-06,8.54604125818079e-05,-5.09321168593196e-05,3.93293685888302e-05,-4.41690677476213e-05,-1.11508882143529e-05,4.11602710617333e-06,3.47394295965133e-05,4.70833423993248e-05,-3.57569312979815e-05,2.77520914155748e-05,3.38933199225987e-05,-0.000226325173043012
2021/08/25,0.000377887749152572,-1.08834677556165e-05,8.04912123750731e-05,-5.18087075944604e-05,5.46182836079638e-06,-1.52893545721655e-05,-3.00070724541478e-05,1.62528276759324e-05,2.97248056161428e-05,-9.04899725234725e-06,6.14420318350538e-06,-2.35090401104177e-05,6.15787494640168e-06,-9.54578615712687e-05
2021/08/26,0.000380573059915439,-1.61505559918857e-05,7.29606607570032e-05,-4.71960449763253e-05,-3.12627897233253e-05,2.31759142156975e-05,-2.45582225440255e-05,1.18762571192166e-05,-1.11524767407183e-05,-5.65069234786072e-05,3.7410847544027e-05,-2.34319172487492e-05,-3.9141209732565e-05,-5.05565991151821e-05
2021/08/29,0.000383199406821409,-2.09379145489566e-05,6.31082255449428e-05,-3.7738026549412e-05,-6.06750269244772e-05,4.47938176651302e-05,1.14808630861297e-06,-5.87234440646356e-06,-4.24850873954145e-05,-3.19969293644527e-05,-3.69219034744004e-06,2.86885766468513e-05,1.71270617740089e-05,0.000141008344775662
2021/08/30,0.000385764490175822,-2.52294997453308e-05,5.12434926816381e-05,-2.45802816488748e-05,-7.42564055537175e-05,3.52472974969497e-05,2.63488335188368e-05,-1.92115717377459e-05,-2.62299047507205e-05,3.60702876601464e-05,-3.89828659020442e-05,1.8027435018998e-05,3.05982689270018e-05,-0.000111559576140959
2021/08/31,0.000388266142690296,-2.90206208876641e-05,3.77341660658942e-05,-9.24703005429451e-06,-6.75815253077916e-05,1.89147109093804e-06,3.04603410674332e-05,-1.34409531374882e-05,2.23641402307262e-05,6.01124483078099e-05,9.79175387700993e-07,-3.29673264209214e-05,-3.62350846885954e-05,2.70286556559565e-05
2021/09/01,0.000390702317231258,-3.2318037549044e-05,2.29926717580978e-05,6.52130071725292e-06,-4.17122131325649e-05,-3.17534143554179e-05,9.93881755044394e-06,7.21623029973761e-06,4.84996184881099e-05,6.14506171596452e-06,4.04443388415467e-05,-1.16774243231172e-05,-1.02502515230456e-05,-0.000180879015719221
2021/09/02,0.000393071075359638,-3.513983419329e-05,7.46196510417081e-06,2.09532082207864e-05,-3.11505269657128e-06,-4.25330046195808e-05,-1.87449988443827e-05,2.2440996704065e-05,1.96209011060114e-05,-5.85126597149189e-05,1.99444721260945e-06,3.61456777371901e-05,4.39307735458184e-05,-0.000138530494921546
2021/09/05,0.000395370576883987,-3.751506865338e-05,-8.39887711429105e-06,3.24350758370568e-05,3.79316955101236e-05,-2.36276176526678e-05,-3.24677839427237e-05,1.5744018850901e-05,-3.44267810025571e-05,-4.9175318086483e-05,-4.17655737458461e-05,4.56184702294099e-06,-1.55089229946499e-05,-9.22862709124109e-05
2021/09/06,0.000397599070762668,-3.94831947868868e-05,-2.41287418325062e-05,3.96844899758312e-05,7.00564255244503e-05,1.10731709150714e-05,-2.02096660327742e-05,-8.00251326099238e-06,-5.20205551679451e-05,2.52349708174703e-05,-5.22510711671704e-06,-3.80519171089907e-05,-3.65574192825904e-05,7.31689865939115e-05
2021/09/07,0.000399754887658186,-4.10932637700007e-05,-3.92777726452988e-05,4.18898490268669e-05,8.39240340725269e-05,3.7035900943123e-05,8.09774217025342e-06,-2.58069212387846e-05,-1.0017458037757e-05,6.96770957956196e-05,4.29162641734398e-05,3.10211066912042e-06,3.78780095156126e-05,-0.000389578478332907
2021/09/08,0.000401836434195627,-4.24029129724141e-05,-5.34194867933693e-05,3.88014459146637e-05,7.49210457363293e-05,3.63712693325653e-05,2.97415736141204e-05,-1.87840354199721e-05,4.64606880776401e-05,2.44664425844896e-05,8.70582694984385e-06,3.85502011818697e-05,1.55932085865388e-05,-4.66187009879324e-05
2021/09/09,0.000403842188721014,-4.34771557594448e-05,-6.61614283288121e-05,3.07639939562507e-05,4.46301167014542e-05,1.0196886595684e-05,2.76111048922806e-05,8.09456830694169e-06,5.24311039302533e-05,-5.46351363963647e-05,-4.38659516110113e-05,-1.1065716519945e-05,-4.86419840405985e-05,-0.000106838590447702
2021/09/12,0.000405770698472019,-4.43869893230116e-05,-7.71541682339743e-05,1.86864378738464e-05,6.35254851682782e-07,-2.24881506411017e-05,3.79662025502028e-06,2.91542530432197e-05,-2.20003618550319e-06,-6.51116098220031e-05,-1.24260906866753e-05,-3.75477492987032e-05,1.25366379824677e-05,7.05318917127162e-05
2021/09/13,0.000407620577971503,-4.52078413538708e-05,-8.6098558518782e-05,3.95127128053896e-06,-4.53537597681065e-05,-3.84534282235338e-05,-2.24642950875218e-05,2.25272368448342e-05,-5.75163090699319e-05,9.33977348553756e-06,4.45844455807451e-05,1.90560105848163e-05,4.31429346461277e-05,-5.60840583723559e-05
2021/09/14,0.000409390509104675,-4.60178788989663e-05,-9.2751234544775e-05,-1.17281676353299e-05,-8.06012480708641e-05,-2.66833695765612e-05,-3.04961609283832e-05,-7.3708959638374e-06,-4.932171166477e-05,7.4171607698794e-05,1.63717846980936e-05,3.50008740306937e-05,-3.84281381744373e-05,6.66400299256684e-05
2021/09/15,0.00041107924317547,-4.68962060111881e-05,-9.69284360572763e-05,-2.64884663053376e-05,-9.48540168917766e-05,3.98446011512784e-06,-1.46018963606932e-05,-3.23119095367526e-05,1.64065090413635e-05,4.41365502688227e-05,-4.50421672725506e-05,-2.6784586012903e-05,-2.21631159015862e-05,0.000203162037749281
2021/09/16,0.000412685605075303,-4.79209797957489e-05,-9.85082775274664e-05,-3.85168624250804e-05,-8.32964262929371e-05,3.13441912165109e-05,1.19576385886927e-05,-2.69064266713507e-05,6.66505416788995e-05,-4.45710832655063e-05,-2.0525111702743e-05,-3.09194253733964e-05,5.28473215770506e-05,7.22012949177725e-05
2021/09/19,0.000414208499579226,-4.91674769996781e-05,-9.74316395492588e-05,-4.62514211498406e-05,-4.81066916257732e-05,3.57487672056453e-05,2.81511429452903e-05,5.73134741763728e-06,4.25377300331835e-05,-7.77751749804774e-05,4.52105005183733e-05,3.39575669183948e-05,-8.01534353187842e-06,0.000106196193219156
2021/09/20,0.000415646919640999,-5.07061453673497e-05,-9.3701874393595e-05,-4.85598029772149e-05,1.87425043760974e-06,1.4140757034589e-05,2.20156530776616e-05,3.50989733229987e-05,-3.17700934717443e-05,-1.0415603421875e-05,2.48645325462972e-05,2.53693537583462e-05,-5.00033809949703e-05,5.32074608082479e-05
2021/09/21,0.000416999956549757,-5.26006753296137e-05,-8.73835207708134e-05,-4.48774982662634e-05,5.33428192138776e-05,-1.77851205008789e-05,-4.75961648292781e-07,3.18219508731196e-05,-7.30072098505099e-05,7.2416769548386e-05,-4.50621929136234e-05,-4.02864427590415e-05,3.74979064553546e-05,-4.74637806014577e-05
2021/09/22,0.000418266811729978,-5.49061283885685e-05,-7.86002074245805e-05,-3.52901030919701e-05,9.20613705573936e-05,-3.68352913678947e-05,-2.11229467188069e-05,-3.10205543781535e-06,-3.22081859515423e-05,6.30535041430431e-05,-2.93648042064551e-05,-1.84731511471966e-05,2.97880429614841e-05,-0.000119646855657069
2021/09/23,0.000419446810315525,-5.76671582042234e-05,-6.75318943615443e-05,-2.05495386321964e-05,0.000106783269088299,-2.89955939365708e-05,-2.44164181371509e-05,-3.73312054731381e-05,4.73103569258544e-05,-2.86748547267588e-05,4.45717824072598e-05,4.549934530325e-05,-5.60473075297504e-05,-0.000173361593038855
2021/09/26,0.000420539416797277,-6.09163596873177e-05,-5.44115592853593e-05,-2.02057709796935e-06,9.24957585510353e-05,3.61743679073464e-07,-9.30455779852229e-06,-3.71441653995434e-05,7.58953659729375e-05,-8.52704444720787e-05,3.39971138736311e-05,1.04079921935477e-05,1.8694609435154e-06,-0.000123607188270226
2021/09/27,0.000421544252851638,-6.46727806322345e-05,-3.95213902750884e-05,1.84389853780643e-05,5.20507485403948e-05,3.01135915254203e-05,1.12219452599933e-05,-5.61053246174038e-07,1.87517330514141e-05,-3.22516743997389e-05,-4.37160139262632e-05,-4.9352270068274e-05,5.66481038847427e-05,7.59698220561056e-05
2021/09/28,0.000422461117222821,-6.8940629164933e-05,-2.31884983171691e-05,3.86543555201257e-05,-4.33209923081183e-06,3.84254221180442e-05,2.14002711900492e-05,3.88271430452193e-05,-6.19735932079945e-05,6.37866474462826e-05,-3.87292714439985e-05,-1.40149951287639e-06,-3.47545809773001e-05,-4.80407846874589e-05
2021/09/29,0.000423290007156944,-7.37082085545525e-05,-5.78011958578895e-06,5.63498456679556e-05,-6.16314030533026e-05,1.85729433609021e-05,1.49883339809499e-05,4.27166328287917e-05,-7.48583668578739e-05,7.89061379092187e-05,4.24742594247945e-05,5.16397341969131e-05,-3.81188695366884e-05,0.000264005073061737
2021/09/30,0.000424031140849407,-7.89471080922303e-05,1.23017595794733e-05,6.93844101402899e-05,-0.000104020950405277,-1.58039633375446e-05,-1.15829268936122e-06,5.26988182639492e-06,-2.85713021801999e-06,-8.03732393665963e-06,4.35259336002571e-05,-8.27483127171367e-06,5.77104534478684e-05,-7.63839794928847e-05
2021/10/03,0.000424684980480885,-8.46116750176664e-05,3.0626448477337e-05,7.59833808782858e-05,-0.000119236059103596,-4.00164070245371e-05,-1.40350579877703e-05,-3.94137835486184e-05,7.47200065108274e-05,-8.60211821916828e-05,-4.08289901010573e-05,-5.22043743885682e-05,5.80334287516446e-06,0.000248194370140997
2021/10/04,0.000425252255344165,-9.06387883104656e-05,4.87413744568749e-05,7.49427989359759e-05,-0.000102105893905288,-3.58759546105174e-05,-1.51729765264724e-05,-4.83600980776761e-05,6.97265932638516e-05,-5.38395469489553e-05,-4.83488942467225e-05,1.83143837927111e-05,-6.24652793244633e-05,3.34500261569819e-05
2021/10/05,0.000425733985476079,-9.69479493291768e-05,6.61797849066683e-05,6.57846825656756e-05,-5.6237471930887e-05,-5.10391888615607e-06,-6.12849818776851e-06,-1.10030340311611e-05,-1.45622798821635e-05,4.84111658541712e-05,3.87662716944686e-05,5.09449474804455e-05,2.99898209436612e-05,-7.37215066738567e-05
2021/10/06,0.000426131506099731,-0.000103441699404359,8.2469408292893e-05,4.88456955078383e-05,6.68299746372341e-06,3.11432940451768e-05,4.72281986573444e-06,3.89316828389016e-05,-8.4615785705874e-05,8.93677319975259e-05,5.31574825400586e-05,-2.83860588139785e-05,4.66161844311234e-05,-3.71212591584941e-05
2021/10/07,0.000426446492864457,-0.000110006369749747,9.71421107475249e-05,2.52876431396151e-05,6.98591431387142e-05,4.6746582960564e-05,9.96658632529282e-06,5.38769130376352e-05,-6.06474373235197e-05,1.5426675542253e-05,-3.62761630938481e-05,-4.78222041671364e-05,-5.73439191184789e-05,-0.000110791054303325
2021/10/10,0.000426680987289697,-0.000116513164402469,0.000109744524938483,-2.97449071174818e-06,0.000115873535689335,2.92310852525162e-05,8.29046639634767e-06,1.77056725522083e-05,3.24382039996025e-05,-7.90705421320074e-05,-5.7909031631995e-05,3.81463779188627e-05,-1.46853848906448e-05,-0.000123963240268189
2021/10/11,0.000426837422051961,-0.000122819570992932,0.000119849557084307,-3.34233071270738e-05,0.000131496540064883,-1.06280378284522e-05,3.33719944207977e-06,-3.7239201613948e-05,9.09220198986568e-05,-7.24479569442413e-05,3.33529832804493e-05,4.28622753024689e-05,6.67771880395459e-05,-0.000172794110657704
2021/10/12,0.000426918646419443,-0.000128771087599782,0.00012706859917811,-6.3157038026605e-05,0.000111485370875758,-4.54033275943514e-05,-1.13867898208453e-06,-5.90552224155401e-05,4.8087809683e-05,2.73964722939317e-05,6.25593283183785e-05,-4.72525600862561e-05,-2.31943582689754e-05,-0.000140382953795026
2021/10/13,0.000426927951758554,-0.000134203248766365,0.000131064188340237,-8.91563521770074e-05,6.02825914333348e-05,-4.97917526357459e-05,-4.32724404910929e-06,-2.52899093069617e-05,-4.96368059471081e-05,9.2445468668996e-05,-2.99954762034381e-05,-3.61572925858822e-05,-5.45761879371022e-05,1.4481069407598e-05
2021/10/14,0.000426869096953177,-0.000138943928392552,0.000131562771128651,-0.00010857594536194,-8.92462672846732e-06,-1.87678042739295e-05,-6.98036901895237e-06,3.42158957499686e-05,-9.3171598416162e-05,3.9024938345753e-05,-6.70629983490944e-05,5.53759824213809e-05,5.45833700681322e-05,-0.000155633784125965
2021/10/17,0.000426746333992402,-0.000142815891482458,0.000128367153848526,-0.000119033607334374,-7.7602554496905e-05,2.77658469173261e-05,-8.18065173979097e-06,6.36727797316208e-05,-3.28057726522159e-05,-6.4425636828531e-05,2.6206962499638e-05,2.78631110241051e-05,2.42274011199921e-05,8.95852540066481e-06
2021/10/18,0.000426564433983278,-0.000145639561897089,0.000121368154689869,-0.000118868635055785,-0.000126852184283348,5.77307674648994e-05,-4.94141442607246e-06,3.36355424296595e-05,6.50615830142571e-05,-8.52791060789235e-05,7.13739313592844e-05,-6.22152929989501e-05,-6.8928397201533e-05,8.02961790004528e-05
2021/10/19,0.000426328713622834,-0.000147235969225815,0.000110554925769294,-0.000107343303710512,-0.000142631331418116,4.8861717264973e-05,4.00717219168785e-06,-2.97654418703711e-05,9.12250898190666e-05,2.91883029286207e-06,-2.19954688833406e-05,-1.81941430896894e-05,1.46076372830621e-05,8.9674571954066e-05
2021/10/20,0.00042604506181108,-0.000147429834516242,9.60233881231053e-05,-8.47655239471328e-05,-0.000119769168450176,4.92938635933764e-06,1.42240938219587e-05,-6.75005952057302e-05,1.57906359664439e-05,8.69166691571058e-05,-7.54457863685377e-05,6.75084854923582e-05,6.11990658573823e-05,3.29411218990462e-05
2021/10/21,0.000425719966141739,-0.000146052751231872,7.79822250293855e-05,-5.25174698140139e-05,-6.36218455437403e-05,-4.54454772396988e-05,1.68513410068776e-05,-4.25905564800862e-05,-7.77602420030174e-05,5.95445701761489e-05,1.73738327700976e-05,7.41551122463272e-06,-4.92725015163931e-05,0.00015261639747994
2021/10/24,0.0004253605389761,-0.000142946415066918,5.67559102601946e-05,-1.29833003724029e-05,1.11538261001118e-05,-6.74139837751631e-05,6.03221534774493e-06,2.38192291992974e-05,-8.52969109366533e-05,-4.33120746720825e-05,7.92326128179128e-05,-7.10432960666245e-05,-3.36820155459595e-05,0.000113264663734443
2021/10/25,0.000424974542900291,-0.000137965853963202,3.27843092610012e-05,3.06216161803928e-05,8.44394157121361e-05,-4.38512430801546e-05,-1.35847080264033e-05,7.03074067302656e-05,1.82558219328821e-06,-8.99473563134988e-05,-1.23597109018166e-05,4.16714431734397e-06,6.83789668765056e-05,-0.00020246711188615
2021/10/26,0.000424570415473944,-0.000130982608055593,6.61848210570447e-06,7.45081802702342e-05,0.000136099774756787,1.173415392198e-05,-2.73768703054449e-05,5.19721358410734e-05,8.70243152548872e-05,-2.18916549238708e-05,-8.26895317886535e-05,7.2665381320535e-05,-4.72640175381649e-06,-0.000195635772117767
2021/10/27,0.000424157293179555,-0.00012188780854373,-2.10875652286013e-05,0.000114637337410449,0.000151553078338314,6.28335298271332e-05,-2.14277226443078e-05,-1.63399676912132e-05,7.59459290502217e-05,7.27425942072701e-05,6.97548870545776e-06,-1.62196743387706e-05,-6.56759917517779e-05,-0.000148915520520002
2021/10/28,0.000423745034293519,-0.000110595104779973,-4.95892944371858e-05,0.000147082752794588,0.000125915578665987,7.38770760898111e-05,4.25319620203488e-06,-7.18646673461373e-05,-1.88783900123622e-05,7.37060963659284e-05,8.57734148799614e-05,-7.22838321786156e-05,4.15110589782218e-05,-0.000260299919515778
2021/10/31,0.000423344239995843,-9.70433901324114e-05,-7.80681688247035e-05,0.00016840029847137,6.553485546108e-05,3.48030387150783e-05,3.20531737381187e-05,-6.15683121969497e-05,-9.24698013426697e-05,-1.82487023727584e-05,-1.24811131086656e-06,2.83926240204142e-05,4.2165914596448e-05,-0.000182989658817993
2021/11/01,0.000422966273204039,-8.11992783909334e-05,-0.000105652092813023,0.000175970402119132,-1.35687556304289e-05,-3.06033723781908e-05,3.84279011199383e-05,7.32521655263629e-06,-6.40279462842831e-05,-8.50171078692205e-05,-8.84435130324305e-05,6.98737284904116e-05,-6.47804373267147e-05,0.000153568982239068
2021/11/02,0.000422623275175437,-6.30592839067536e-05,-0.000131439366720096,0.000168280517675601,-8.99765311447197e-05,-7.91410101871592e-05,1.35748458200536e-05,7.19522667219888e-05,3.42928081225909e-05,-4.3300324758492e-05,-4.79112528693379e-06,-4.03349274875088e-05,-5.71899192245974e-06,0.000205688847898451
2021/11/03,0.000422328179960481,-4.26516615372956e-05,-0.000154525595267987,0.000145119244187724,-0.000142717094344388,-7.66672617248734e-05,-2.71482956967996e-05,7.11404971228758e-05,9.40879468426962e-05,5.13545463689361e-05,9.06620550115556e-05,-6.54755766673559e-05,6.72747644630755e-05,0.000385667251281354
2021/11/04,0.000422094726319308,-2.00378667994717e-05,-0.000174032829047722,0.000107660639969276,-0.000157077521387177,-2.18826215111847e-05,-5.19196960344257e-05,3.18919457605564e-06,5.06114393366004e-05,7.87568955363678e-05,1.11068437405479e-05,5.17073634753077e-05,-3.16749611638424e-05,0.000297827392990359
2021/11/07,0.000421937466192595,4.68639833696232e-06,-0.000189140077124528,5.84264972592621e-05,-0.000128755786189524,5.10100652145356e-05,-3.71586731996925e-05,-7.03650232504964e-05,-4.72044388399065e-05,7.12627445354289e-06,-9.23948038432634e-05,5.91916847411517e-05,-4.87335675306075e-05,0.000378907983779968
2021/11/08,0.000421871768834612,3.13905838101472e-05,-0.000199114211334473,1.12498675324512e-06,-6.51697173674239e-05,9.36297677691645e-05,1.08132513600612e-05,-8.0426836997856e-05,-9.22569646379287e-05,-7.04844531002184e-05,-1.76599200029625e-05,-6.21950208901407e-05,5.80346880311359e-05,0.000255858077772638
2021/11/09,0.000421913820831072,5.9909159904619e-05,-0.000203340193862112,-5.96247717277553e-05,1.64817296617614e-05,7.544677207526e-05,5.65638760869239e-05,-1.5125742931517e-05,-3.68622128700354e-05,-5.75346917949497e-05,9.36115683661844e-05,-5.11797349396468e-05,1.58066369860222e-05,0.000163700784214173
2021/11/10,0.000422080622586111,9.00419762742622e-05,-0.000201349508088269,-0.000118662005602669,9.39020756674612e-05,5.3619851487043e-06,6.14832354325972e-05,6.6920199840975e-05,5.70653330843966e-05,2.57045961085452e-05,2.44079064339614e-05,7.15180802777893e-05,-6.54223741701393e-05,7.64408770062742e-05
2021/11/11,0.000422389981308296,0.000121555124813492,-0.000192845662500022,-0.000170718067472787,0.000145844544088297,-7.22526189033463e-05,1.60843222269798e-05,8.91470078361199e-05,8.77090797083373e-05,7.3105025194458e-05,-9.42866406530775e-05,4.16440043097728e-05,2.04189030009321e-05,-7.99560029574526e-05
2021/11/14,0.000422860499867486,0.000154182311823904,-0.000177725668429005,-0.000210878467374113,0.000158014595069086,-0.000105618337686882,-4.81555076893206e-05,2.83626065369207e-05,2.39075774259205e-05,2.85091517044793e-05,-3.1305550112863e-05,-7.94403240709269e-05,5.24612600220883e-05,0.000248096852913226
2021/11/15,0.000423511561080947,0.000187626737970842,-0.000156096462649355,-0.000235033104993223,0.000127070160204398,-6.99852799521694e-05,-8.01478990410105e-05,-6.1465498591448e-05,-6.37199712445158e-05,-4.80782760875725e-05,9.43991579230978e-05,-3.0824778015106e-05,-4.83434383004419e-05,0.000211926091695558
2021/11/16,0.000424363307557856,0.000221563477937241,-0.000128285355278286,-0.000240274265416328,6.15825640219494e-05,1.43975157124525e-05,-4.96892511468607e-05,-9.70084546294066e-05,-8.14519737348298e-05,-6.1500597751793e-05,3.83053991434848e-05,8.57749394874617e-05,-2.44840747780674e-05,0.000222132768875125
2021/11/17,0.00042543661721532,0.00025564234424994,-9.48437314852216e-05,-0.00022520514185836,-2.03305562878849e-05,9.36117101985446e-05,2.49000696614999e-05,-4.27323418604538e-05,-1.26944795238427e-05,9.03958320348731e-09,-9.39333740257925e-05,1.89866414429584e-05,5.97909583771434e-05,-2.73367556870544e-05
2021/11/18,0.000426753074613152,0.0002894912122686,-5.65434175257068e-05,-0.000190128251431425,-9.60507334188322e-05,0.000114484607148476,8.67296500964933e-05,5.38870013972082e-05,6.74391073075544e-05,5.68644714994327e-05,-4.53584658553286e-05,-9.03873480842657e-05,-8.6584998226781e-06,0.00023030959180732
2021/11/21,0.000428334937842356,0.000322719775357626,-1.4365333381001e-05,-0.000137092633210125,-0.000144771281587575,6.01464066882948e-05,8.35856934662844e-05,0.000103713950908524,7.46501245599317e-05,4.16343841116904e-05,9.28788388526409e-05,-6.40641890183962e-06,-5.25482651136852e-05,-0.000147764179593123
2021/11/22,0.000430205100267346,0.000354923691534642,3.05197105710927e-05,-6.97904075398201e-05,-0.000153299867299732,-3.69651893318392e-05,1.17161682871231e-05,5.80221879217849e-05,3.85876492394261e-06,-2.12689821773596e-05,5.24149189390758e-05,9.31949958443328e-05,3.62434896384544e-05,-0.000164071581579043
2021/11/23,0.000432387046005059,0.000385689075783836,7.67779634977885e-05,6.6938335260787e-06,-0.000119711794729317,-0.000114360862927724,-7.63473880270217e-05,-4.4116702885439e-05,-6.89032980952329e-05,-5.35244835446442e-05,-9.12305000824677e-05,-6.63845653581715e-06,3.06577731490849e-05,-1.07252051341839e-05
2021/11/24,0.000434904798910198,0.000414597287411604,0.000122947060940608,8.62643427998832e-05,-5.38209237604598e-05,-0.000119658020996714,-0.00010990204225264,-0.000108970504874356,-6.847679719948e-05,-2.0835737848497e-05,-5.94247625931641e-05,-9.41642066529766e-05,-5.03830156755415e-05,-0.000266451478208464
2021/11/25,0.00043778286544013,0.000441229957296169,0.000167477093185687,0.000162297820720522,2.56610442137647e-05,-4.58684863236224e-05,-5.6717656165449e-05,-7.39763137862497e-05,2.37765691733862e-06,3.21617930122382e-05,8.89887642463674e-05,1.9880373995377e-05,-2.48111202770134e-06,0.000503815199275429
2021/11/28,0.000441046172083948,0.00046517419537056,0.000208777514448024,0.000228191033789666,9.64624506288091e-05,6.18543480651442e-05,4.7078622208248e-05,3.21393605336963e-05,6.91335000032969e-05,4.31291692749899e-05,6.63385445844989e-05,9.33044323869315e-05,4.8435596683066e-05,0.00119616805993912
2021/11/29,0.000444719996357092,0.000486027912170734,0.000245268731239834,0.000277927355117194,0.000139059815596074,0.000133761815553677,0.000120910683538985,0.000112499659085968,6.39516782041689e-05,5.09839323653674e-06,-8.61594984577337e-05,-3.30700783450533e-05,-2.2612852205899e-05,0.000571446388908421
2021/11/30,0.000448829886508591,0.000503405180415085,0.000275436962057502,0.000306614020996246,0.000142154295283245,0.000120601749542034,0.000102217032638304,9.03005748007786e-05,-6.26658221545379e-06,-3.39480927722615e-05,-7.31080733344684e-05,-9.06603496805059e-05,-3.33182089143469e-05,-0.00016213439532475
2021/12/01,0.000453401565772252,0.000516941562514095,0.0002978907511658,0.000310942885918928,0.000105757749288185,2.71512678595609e-05,-8.81528854160263e-07,-1.7997593086958e-05,-6.93715019113105e-05,-3.21141387668579e-05,8.27538920192915e-05,4.5982649167677e-05,3.76016866211347e-05,0.00124863675229236
2021/12/02,0.000458460822166365,0.00052629933730153,0.000311417352098563,0.000289532565704631,4.10220282214088e-05,-8.85168200063886e-05,-0.000110806276796568,-0.000114048161406834,-6.17821760032412e-05,3.06098839123118e-06,7.96870057875893e-05,8.63024171094262e-05,1.17646335772127e-05,-0.000414161716144925
2021/12/05,0.000464033385381236,0.000531172561864918,0.00031503705782978,0.000243118720996965,-3.31133781842531e-05,-0.00015104367758021,-0.000138730696165243,-0.000106669941757131,8.53778746223786e-06,3.13479292932772e-05,-7.87881513064615e-05,-5.84203344925323e-05,-3.99307696927824e-05,4.8438506350199e-05
2021/12/06,0.000470144790892063,0.000531291905027063,0.000308053454054244,0.000174571187444476,-9.54624520839938e-05,-0.000116796260131156,-5.6241397091399e-05,1.79331490418387e-06,7.09183744329485e-05,2.55553524946421e-05,-8.60311291521253e-05,-8.03167190241821e-05,8.62535554734771e-06,-0.000538702777314111
2021/12/07,0.000476820235170203,0.000526429196205039,0.000290097528503238,8.8730771446004e-05,-0.000128702487427487,-4.06289762852475e-06,7.72765645871123e-05,0.000113396853986476,6.22286862332798e-05,-5.38707809838548e-06,7.42832125410854e-05,7.02119515503337e-05,3.16942772569989e-05,-0.000817936814325373
2021/12/08,0.000484084425072236,0.000516401634990027,0.000261163574193724,-7.92637117855552e-06,-0.000124278698985976,0.000116313486380951,0.000157010053813249,0.000122738201867207,-1.03392728473414e-05,-3.02762824408909e-05,9.20986111416425e-05,7.27954476040879e-05,-2.22747465680495e-05,-0.00120150206304231
2021/12/09,0.00049196142301152,0.000501075607279911,0.00022163489398173,-0.000107774021062932,-8.46933945127382e-05,0.00016537518693771,0.000114948869153705,1.63155815761089e-05,-7.49462392543126e-05,-2.49651745582337e-05,-6.92642266658028e-05,-8.12087453404668e-05,-1.79976910124404e-05,-0.000550611069533759
2021/12/12,0.00050047448911647,0.000480370055857555,0.000172297464108467,-0.000202634769669703,-2.25437232140238e-05,0.000107741769705136,-2.24974791851543e-05,-0.00011036579477594,-6.50149473287429e-05,6.95704061873266e-06,-9.78501403322932e-05,-6.38292793454955e-05,2.72991054714318e-05,-0.000200011791026441
2021/12/13,0.000509645921887181,0.000454259356654571,0.000114339955766915,-0.000284445746323264,4.33711290396102e-05,-2.3221617866121e-05,-0.000150031233017674,-0.000138145905578329,1.31154228656355e-05,3.50238414824872e-05,6.37600426805273e-05,9.12774791025367e-05,4.36652479030176e-06,-0.000235487171484378
2021/12/14,0.000519496898462994,0.000422775654860292,4.9338850715853e-05,-0.000345937422553887,9.36946254931201e-05,-0.000144465983080022,-0.000164053362675087,-3.61178705231562e-05,8.23085550834075e-05,2.74897443671677e-05,0.00010324901387491,5.35026517895577e-05,-2.53954597050546e-05,-0.000226406896110096
2021/12/15,0.000530047315235458,0.000386010618467919,-2.07721766072333e-05,-0.000381268973164804,0.000114224649570234,-0.000175844916575274,-4.67014304052303e-05,0.000104819385406509,6.93011640784956e-05,-1.37953988390861e-05,-5.78027825561217e-05,-0.000100291785097561,5.59272556359732e-06,-4.79103950769026e-05
2021/12/16,0.000541315629755705,0.000344116571591743,-9.37489041513025e-05,-0.000386565561265675,0.000100001934817662,-9.29847958604841e-05,0.000114745596733417,0.000152528069458705,-1.84332309532297e-05,-4.59505438533204e-05,-0.00010826126470095,-4.18925899747958e-05,2.01963048190038e-05,-9.19452164164779e-05
2021/12/19,0.000553318704951512,0.000297306975019388,-0.000167098907895158,-0.00036030940817029,5.65802621676032e-05,5.43667244656011e-05,0.000192563190569378,5.73518217353134e-05,-9.33723353173162e-05,-2.69258079128447e-05,5.14274712918863e-05,0.000108122969302483,-1.12693563277527e-05,0.000276497696120197
2021/12/20,0.000566071656595087,0.000245856226917718,-0.000238158591802147,-0.000303547202860892,-1.86782225287473e-06,0.000172018185560016,0.000119609029909691,-9.66712693286623e-05,-7.37279729993294e-05,2.98603873277459e-05,0.000112855835454235,2.90713380972836e-05,-1.50005926646048e-05,-5.11192079532681e-05
2021/12/21,0.000579587704197968,0.000190098761804741,-0.00030418315163037,-0.000219890539584352,-5.70074816804204e-05,0.000181470328671477,-5.32142863642349e-05,-0.00016552256590773,2.77734473431702e-05,5.86527169266414e-05,-4.46716947718193e-05,-0.000114631553096953,1.44881199553561e-05,0.000232386194136525
2021/12/22,0.000593878025224617,0.00013042743246741,-0.000362446972407795,-0.000115302578300004,-9.19928788991653e-05,7.21711121269037e-05,-0.000191912424824815,-7.97094781529916e-05,0.000107894724173128,1.63241873172708e-05,-0.000117004753308031,-1.51126223782476e-05,1.10272388871734e-05,0.000290968988074547
2021/12/26,0.000608951614092484,6.72911690290871e-05,-0.000410351230365387,2.31829105141864e-06,-9.65933229968099e-05,-8.88181532407905e-05,-0.000183274661278425,8.5888225664968e-05,7.65324239384454e-05,-5.4541413576579e-05,3.75752582323947e-05,0.000119660762405151,-1.77222395295714e-05,0.000250729276573614
2021/12/27,0.000624815147657787,1.19191761108163e-06,-0.000445534811048342,0.000123729741875845,-7.02403666057398e-05,-0.000197818365844504,-2.71598339177257e-05,0.000176778672442078,-4.2309287174638e-05,-6.50988245022243e-05,0.000120683269193599,1.01021321401522e-07,-7.03956448744191e-06,0.000116440283478824
2021/12/28,0.000641472858138024,-6.73191318026746e-05,-0.000465984110474862,0.00023906822902196,-2.20774253410667e-05,-0.000181238045618638,0.000157949141516587,0.000102841751929757,-0.000124963829476182,8.67791494792384e-06,-3.01798190937455e-05,-0.000123033034406891,2.20703020185237e-05,0.000210000198641283
2021/12/29,0.000658926414055035,-0.000137646010811889,-0.000470136895634256,0.000338647210981863,3.19922176231807e-05,-4.51191367294238e-05,0.000224774431008471,-7.24934439268066e-05,-7.57285470615077e-05,8.17333117001297e-05,-0.00012386993394534,1.58563954045498e-05,4.98880271139963e-07,-0.000204993892935147
2021/12/30,0.00067717480989512,-0.000209153105097443,-0.000456975203232409,0.000413766806155848,7.43456227356149e-05,0.000125748169374803,0.00011443446036724,-0.000185965451346881,6.26994433747728e-05,5.65338696130918e-05,2.25285375172194e-05,0.000124550461533127,-2.60978028690649e-05,-0.000462820618021039
2022/01/02,0.000696214265252128,-0.000281170918774633,-0.000426102285835294,0.000457467723999889,9.12126190796017e-05,0.000220525363627832,-9.22647871161319e-05,-0.000126363677926542,0.000143017535767264,-4.70292967266316e-05,0.00012654662962764,-3.26173122188392e-05,1.03630442952461e-05,-0.000306412903051528
2022/01/03,0.000716038134241657,-0.000353002426485547,-0.000377798896955765,0.00046516471935124,7.7053756286125e-05,0.000174172167110023,-0.00023371318350766,5.65694856499127e-05,6.93359159890839e-05,-0.000101077354854963,-1.46657459640291e-05,-0.000123999764481503,2.622889731874e-05,3.47522963026843e-05
2022/01/04,0.000736636825598231,-0.000423929960721354,-0.000313054753633671,0.000435102720911675,3.63739615184274e-05,1.19060324723254e-05,-0.000193904787136881,0.000192780146471496,-8.89222426738675e-05,-2.72537133729704e-05,-0.000128698562476176,4.99916994269271e-05,-2.46555212279862e-05,2.31721548438233e-05
2022/01/05,0.000757997733700672,-0.000493222573303601,-0.000233571822932489,0.000368591724833679,-1.76174302522322e-05,-0.000164013417879679,2.5405995725291e-06,0.000149860357035431,-0.000159944294373474,9.11358887862108e-05,6.63662093816298e-06,0.000121161975295847,-1.8613414585486e-05,4.66150531644283e-05
2022/01/06,0.00078010518113952,-0.00056014380093719,-0.00014173712920528,0.000269993620278939,-6.71192930433071e-05,-0.000238645337912579,0.000204494130297525,-3.82605415296075e-05,-5.56322071714909e-05,0.000101208237272255,0.000130314183699097,-6.77311536327588e-05,3.8206458138376e-05,-3.77513473934989e-05
2022/01/09,0.000802940373473074,-0.000623959756555198,-4.05640407101319e-05,0.000146454036472656,-9.53772980637467e-05,-0.000159429309880554,0.000250600575714544,-0.000196956941084817,0.000120174065986823,-2.20948905631417e-05,1.51310548010206e-06,-0.000115826551424734,1.63019692958262e-06,0.000333903434225541
2022/01/10,0.00082648136653102,-0.000683947460958087,6.63975807035088e-05,7.39349255335462e-06,-9.21072944350247e-05,2.70446151676971e-05,9.82506163318293e-05,-0.000172894385403446,0.000173260362990839,-0.000128134146438835,-0.000131385047556666,8.55215283887624e-05,-4.47406274384919e-05,0.000330215399563539
2022/01/11,0.000850703046783718,-0.000739403322205739,0.000175180457711696,-0.000136207150920504,-5.6996415517723e-05,0.00020213950951299,-0.000137891389209083,1.7773287187809e-05,3.34020936430714e-05,-7.40677734872387e-05,-9.73733589790253e-06,0.000107809184261781,2.22233328695753e-05,8.9654752675503e-06
2022/01/12,0.000875577125182627,-0.000789651664348985,0.000281544740957223,-0.000272673468018095,-1.36368678427782e-07,0.000250604297782781,-0.00027208636599266,0.000198275648961503,-0.000154848779346709,8.30279402636e-05,0.000131905716372755,-0.000102980115618297,3.85456573410017e-05,-5.77173648583172e-05
2022/01/13,0.000901072144949921,-0.000834053202007782,0.000381143656239254,-0.000390588419444983,6.08297847561587e-05,0.000136411172058585,-0.000193742380927974,0.000195014619148331,-0.000180349099330805,0.000143463014128234,1.79897552610229e-05,-9.69721157253505e-05,-4.61507779633683e-05,0.000186548848858757
2022/01/16,0.000927153503971887,-0.000872013353286845,0.000469703633866236,-0.000479750119022342,0.000106050451938881,-7.08897602039074e-05,4.15521585729215e-05,4.62391757453842e-06,-2.15379445981064e-06,1.88287135478169e-05,-0.00013187374307905,0.000119658375973627,-1.75374846927824e-05,4.31934992988308e-05
2022/01/17,0.000953783492220885,-0.000902990281351565,0.000543211460374046,-0.000532055998938309,0.000119705899290485,-0.000238342395543882,0.00025104931693402,-0.000196569639325546,0.00019060707417963,-0.000140394656727354,-2.6223951094979e-05,8.32454987610769e-05,6.0991552683455e-05,0.000169854628538038
2022/01/18,0.000980921344440761,-0.000926502554215096,0.000598100154735629,-0.000542236642762113,9.52282245734709e-05,-0.000254853436166617,0.000266909112507845,-0.00021576544965001,0.000178740567647004,-0.000125774733446873,0.000131289752970796,-0.00013505083708647,-1.47031488037326e-05,0.000344239645255405
2022/01/19,0.0010085233082886,-0.000942136312842869,0.000631424800223866,-0.000508372900012426,3.78376403967843e-05,-0.000104882586459765,7.07730541685284e-05,-2.86028322639843e-05,-3.77234663980599e-05,5.60759694522449e-05,3.43935641717317e-05,-6.66480844685733e-05,-5.8726305315272e-05,0.000222839151059195
2022/01/20,0.00103654272769527,-0.000949551840234003,0.000641019509784001,-0.00043214624498897,-3.64952897141892e-05,0.00011832021422565,-0.000187148692238743,0.000191733613530457,-0.000224535235020297,0.000176196457400724,-0.00013015754482923,0.000148610371344505,4.9065799709615e-05,0.000243434153335214
2022/01/23,0.00106493014124783,-0.000948489427666667,0.000625627100089687,-0.000318793493334338,-0.000105482198506216,0.000270591038413874,-0.000303182162342746,0.000234697309275062,-0.000166403548064119,7.16154811585145e-05,-4.24524557855925e-05,4.73054205344977e-05,3.62058901417155e-05,0.000224858904838501
2022/01/24,0.00109363339535682,-0.000938774439491515,0.000584993904440849,-0.000176761285322311,-0.000147115913609069,0.000250003803882164,-0.000181240800633789,5.37787768066817e-05,8.48835343903781e-05,-0.00013384198858144,0.000128484147585181,-0.000159769521386286,-7.3522859037019e-05,8.87332455993523e-05
2022/01/25,0.00112259777140884,-0.000920321485217488,0.000519923449171559,-1.70811983988426e-05,-0.000146498595069127,6.50874308900434e-05,8.769730915137e-05,-0.000183730861791394,0.00025338324544227,-0.000175096491174708,5.0354852038744e-05,-2.54637345457092e-05,2.52525975130841e-06,-0.000282740951656863
2022/01/26,0.0011517661265948,-0.000893137615193601,0.000432284411623458,0.000147489197226307,-0.000100818233557867,-0.000167547260441572,0.000293373887311775,-0.000251378381753266,0.000142018813575456,1.18188926336865e-05,-0.000126279843495852,0.00016796696748346,7.74616651322664e-05,-0.000344690627139053
2022/01/27,0.00118107904881833,-0.000857324465045981,0.000324970300178175,0.000303492720552787,-2.08757749934299e-05,-0.000296713657069971,0.000270886528421205,-7.97161158642921e-05,-0.000137044039537124,0.000193220745428078,-5.80554486786138e-05,1.49785644749606e-06,-4.65315271681751e-05,-0.000303135171488487
2022/01/30,0.0012104750258095,-0.000813079285797747,0.000201810555732994,0.000437883564045295,7.14514209088712e-05,-0.000234985242529191,3.30650186103378e-05,0.000172599295710323,-0.000273862742438441,0.000129939282759645,0.000123558236491389,-0.000172677700634764,-5.61351598162844e-05,-0.000517768268851927
2022/01/31,0.00123989062796917,-0.000760694810324982,6.743516278608e-05,0.000539130492293759,0.000149220563130651,-1.78500703247566e-05,-0.00023581902952729,0.000265407005966975,-0.000105202336913959,-0.000107082224764194,6.55095600157216e-05,2.40881403446968e-05,8.11529707446139e-05,-0.000768682051396485
2022/02/01,0.00126926070477805,-0.000700557920757855,-7.2902741605647e-05,0.000598218024760228,0.000188250628578237,0.000216336513164962,-0.000323060206492435,0.000105936021725811,0.000191109555157031,-0.000214552938043467,-0.000120336335214548,0.00017344512659979,1.33915247941777e-05,-0.000849785957444332
2022/02/02,0.00129851859471925,-0.000633147096837863,-0.000213539491311424,0.000609457639849761,0.000174497794951648,0.000314553033312556,-0.000156087362144612,-0.000158455306257594,0.000282977667021913,-4.53932958119965e-05,-7.26733371333699e-05,-5.06683999665123e-05,-9.30954515956396e-05,-0.000915754988796121
2022/02/03,0.0013275963481403,-0.000559028642473617,-0.000348639943127961,0.000571035115556777,0.000108757674517998,0.000209219636868586,0.000137243745087721,-0.000276423816979161,5.66501743304228e-05,0.00019031300201491,0.00011663464975459,-0.000169913026319172,3.86390816881312e-05,-0.00103997099905953
2022/02/06,0.00135642496248602,-0.00047885170509924,-0.000472452483806417,0.000485241015921197,7.18300406220165e-06,-3.53584784265794e-05,0.000326688661509771,-0.000131925935516585,-0.000243392363234368,0.000186143914775988,7.95040883658669e-05,7.75111239455801e-05,7.56091137767645e-05,-0.000754976918760204
2022/02/07,0.00138493462957901,-0.000393342120038049,-0.000579568319023548,0.000358357408675385,-0.00010271082547167,-0.000262105018425407,0.000260714162823765,0.000141495974863596,-0.000278354024911048,-6.17377916810232e-05,-0.000112477282482221,0.00016185517231154,-8.31073776645219e-05,9.68254114441939e-05
2022/02/08,0.00141305499426648,-0.000303295130716776,-0.000665172726921004,0.000200203008914456,-0.000189558577741533,-0.000322166661036072,-1.2081718137938e-05,0.000284124162865064,1.81777845191057e-06,-0.000237645101183908,-8.59607281162242e-05,-0.00010380248810337,-3.1709081418425e-05,0.000436407268877335
2022/02/09,0.00144071542339489,-0.000209567054194917,-0.000725275925745802,2.33686033864864e-05,-0.000227109664857566,-0.000172782729160321,-0.000278701267367301,0.000157150958419678,0.000289914794645861,-0.000108913283926147,0.000107891953780019,-0.000149200428392591,0.000104171637443233,0.000263892982574477
2022/02/10,0.00146784528420754,-0.00011306597909885,-0.000756911808077845,-0.00015779778703608,-0.000202077297812815,9.24201002570694e-05,-0.000328432343251831,-0.000121999604921,0.000258532530384278,0.000166018487610749,9.20043225301106e-05,0.000128677769718451,-2.60002509205465e-05,0.000291175576410769
2022/02/13,0.0014943742314346,-1.47415999839276e-05,-0.000758294025806748,-0.000328373505717717,-0.000118541617509952,0.000302092782810826,-0.000119750624044842,-0.00028827083427464,-6.73277111939703e-05,0.000232386258289332,-0.000102909932287048,0.00013205132817482,-9.2852710585649e-05,0.000384586960694915
2022/02/14,0.00152023250169385,8.44256908610991e-05,-0.000728920728306349,-0.000474112801068135,2.49847246971707e-06,0.000318052499843085,0.000185067080707523,-0.000181067730045204,-0.000326766251983459,-2.37867137866681e-06,-9.75986798719204e-05,-0.000151258282796294,7.9104485318972e-05,0.000393614414555786
2022/02/15,0.00154535121356845,0.000183436318015502,-0.000669621581178803,-0.00058266051751437,0.000128466489266706,0.000126518736697898,0.000346447562223401,0.000100323450799093,-0.000223189512131734,-0.000239966474169972,9.75658727155614e-05,-0.000110694440627698,5.07834711575439e-05,-0.000127915588821577
2022/02/16,0.00156966267232581,0.000281283495373034,-0.000582543415876203,-0.000644622426531604,0.000224068014297637,-0.000150657122374033,0.000236286944912904,0.000288706313310038,0.000136136444764264,-0.000170730623600303,0.000102710921118495,0.000170692216135566,-0.000109575469679584,-0.000275018964176022
2022/02/17,0.00159310067829034,0.000376965496639002,-0.000471073851321049,-0.000654397331247898,0.000261235744151109,-0.000333597104172717,-6.0132901232625e-05,0.000203140864475488,0.000350480328584752,0.000122057862805991,-9.18975879473998e-05,8.56012790438051e-05,9.70524167898972e-06,-0.000677163719747789
2022/02/20,0.00161560083723575,0.000469498054059439,-0.000339705335675352,-0.000610695337004786,0.000227342553846998,-0.000301363434010867,-0.000310354073487062,-7.68981678527286e-05,0.000173256660962286,0.000261907029157582,-0.000107311989542826,-0.000186197096594362,0.000106193119882139,-0.000295929820976209
2022/02/21,0.0016371008707991,0.000557926708363867,-0.000193845113734693,-0.000516692999677675,0.000129283076532955,-7.20768044113352e-05,-0.000317539334463076,-0.00028536407513738,-0.000203919009685574,6.40520126373369e-05,8.59458267547627e-05,-5.74190262685856e-05,-6.939534564157e-05,0.00013471021393187
2022/02/22,0.00165754092599926,0.000641338930104672,-3.95794652663485e-05,-0.000379807210329011,-7.85700445691913e-06,0.000207006327340946,-7.57174444703145e-05,-0.000222861512424002,-0.000358391966860886,-0.000220051120841244,0.000111377166642511,0.000197101397033773,-6.8804924186032e-05,-0.000856988098286409
2022/02/23,0.00167686388262071,0.000718875830726433,0.000116596971290958,-0.000211102937755996,-0.000147311534032691,0.000354236744302248,0.000225294491080255,5.22190794034444e-05,-0.000110918976053551,-0.000222718180332865,-7.97540331843226e-05,2.69509956230648e-05,0.000108645742653478,-0.000311660076341164
2022/02/24,0.00169501565660812,0.000789743282180277,0.000268074020572833,-2.43823633914399e-05,-0.000250610530681732,0.000272072942928194,0.000349335649819141,0.00027827854963194,0.000266134612288826,6.3218109920317e-05,-0.000114886626559903,-0.000202882685651724,8.75868559623269e-06,-0.00192940630326108
2022/02/27,0.00171194549662087,0.000853222266878689,0.000408426845536779,0.000164968436992142,-0.000288285034144672,1.18564073583717e-05,0.000199704798580718,0.00023976799721923,0.000348933801099777,0.000270213937981041,7.33680039595366e-05,4.87257789432958e-06,-0.000114216102113446,0.00115038756613663
2022/02/28,0.00172760626915461,0.000908678285286836,0.000531710179525606,0.000341276931493338,-0.000248297428216292,-0.000258259997547851,-0.000105281499526157,-2.6833238640153e-05,3.94836047683572e-05,0.000129274124816778,0.000117826072631972,0.000203199881158861,5.4765268868535e-05,-0.00157707345377444
2022/03/01,0.00174195472721332,0.000955569659272878,0.000632731383315159,0.000489913725622557,-0.000139778173596376,-0.000362211318813527,-0.000326161766068327,-0.000267592436596484,-0.000318435159231485,-0.000179766664281296,-6.68353849509826e-05,-3.70322380802027e-05,8.39568067394795e-05,0.000642877839455291
2022/03/02,0.00175495175625067,0.000993454583476668,0.000707288732987659,0.000598538608125267,9.0700231829715e-06,-0.000231067362730821,-0.000290912009165037,-0.000253468234535495,-0.00032183543304356,-0.000257995299327939,-0.000120187444761941,-0.000197917361632599,-0.000101263510245675,0.00128162095141983
2022/03/03,0.00176656259863043,0.00102199680494894,0.000752363027227646,0.000658153962606758,0.000158416358396076,5.1138841395078e-05,-2.9270980353321e-05,1.32134935392265e-06,3.6873327263091e-05,-3.31635218280997e-06,6.02049025052418e-05,6.84636495038585e-05,-2.76236562781504e-05,-0.00190871983301676
2022/03/06,0.00177675705470541,0.00104096982852304,0.000766252912315473,0.000663872881638094,0.000267599640739821,0.000301353426539019,0.0002523679254257,0.000253559648570421,0.000357073347549206,0.000255946890860941,0.00012196960330294,0.000187119068770516,0.000115922990780175,0.00787666678027924
2022/03/07,0.00178550965709489,0.00105025956587411,0.000748647158804781,0.000615334158820785,0.000306316544188578,0.000356527605114038,0.00033429347160857,0.000263661932034696,0.000278197361913809,0.000185033084393283,-5.35250334693456e-05,-9.81059901308495e-05,-3.64971205792739e-05,-0.000642492395668072
2022/03/08,0.00179279980730232,0.00104986536210954,0.000700630329852905,0.000516727383828999,0.000263091527769127,0.00018014368900301,0.000155363551429856,2.37245957386735e-05,-0.000113460673143832,-0.000124125821508612,-0.000123178860235018,-0.000171111537582297,-9.4602632907327e-05,0.00287076327834266
2022/03/09,0.00179861185707335,0.00103989935585628,0.000624621707323492,0.000376425865789068,0.000148645613759426,-0.000113541117081685,-0.000141422594205989,-0.000236542081510501,-0.000379263381099986,-0.000272170910704809,4.68425354282931e-05,0.000124952219994067,8.79149976873662e-05,0.00130318093169164
2022/03/10,0.00180293514206648,0.00102058419326662,0.000524250845005923,0.000206259975837289,-6.81803731395946e-06,-0.000333677469772354,-0.000323582785823075,-0.000270159191958585,-0.000220423819288724,-6.91378888156688e-05,0.000123828944251883,0.000150414642687999,4.50087416103425e-05,-0.000296529291754174
2022/03/13,0.00180576397506418,0.000992249149621817,0.000404176393457901,2.04953918962755e-05,-0.000161708281318009,-0.000337156267495404,-0.000251811206294686,-4.77262711219016e-05,0.000185490233698329,0.000221217048851425,-4.02011350962503e-05,-0.000148098069856282,-0.000110890382904169,9.21614214967714e-05
2022/03/14,0.0018070976055987,0.000955324741288412,0.000269857732083598,-0.000165393253987134,-0.00027431797479526,-0.000121886446915751,1.33142279068113e-05,0.00021699840773775,0.000383448482739852,0.000224567229497101,-0.000123939610199763,-0.000125739189434496,1.62758819347402e-05,-0.000197856833454561
2022/03/15,0.00180694015415324,0.000910335938014704,0.000127291296040137,-0.000336045053772074,-0.000314181269818911,0.000171939619082565,0.00026245095643401,0.000272892824798582,0.0001520179727895,-6.04611773036334e-05,3.36408429916851e-05,0.00016678577137679,9.95090456266146e-05,-0.000982593920413214
2022/03/16,0.00180530052325302,0.000857894100398801,-1.72748399834907e-05,-0.000477515643545361,-0.000270391423362313,0.000353362603465494,0.000303303497330707,7.01479863983077e-05,-0.000248505828635224,-0.000264175173401533,0.000123535286701439,9.79539129574015e-05,-6.97046599059799e-05,-0.00103107534167127
2022/03/17,0.00180219228668268,0.000798687784991349,-0.000157633622977957,-0.000578446572250495,-0.000154589970055358,0.000305067141951921,0.000109383581459924,-0.000195458878892058,-0.000369437150928062,-0.000126122361229884,-2.71974498274293e-05,-0.00018043938447062,-5.9145275171252e-05,5.84428707172378e-05
2022/03/20,0.00179763356011484,0.000733472578349233,-0.000287904273197952,-0.000631000408107741,2.19185776022549e-06,5.943157864431e-05,-0.000163629880577675,-0.000271916458019758,-7.72629378657732e-05,0.000171232452783971,-0.000122643954886552,-6.80444676449142e-05,9.9385030568758e-05,-0.000155445677920975
2022/03/21,0.00179164685742639,0.00066306013550032,-0.000402796100653174,-0.000631482507423362,0.000157964497849688,-0.000223203962233408,-0.000303229722715597,-9.05188807974204e-05,0.000298774746461104,0.000243825825338764,2.09022654322498e-05,0.000188690136982476,3.98787675805074e-06,3.51588320739204e-05
2022/03/22,0.00178425893502843,0.0005883066049725,-0.000497838232503892,-0.000580598994006275,0.000271162524690723,-0.000359443130498366,-0.000205918231157307,0.000172498559824766,0.000338400994281757,2.93807368673114e-06,0.000121296192103283,3.70669332279594e-05,-9.80255442724906e-05,-0.000639512685377819
2022/03/23,0.00177550062508162,0.00051010062626597,-0.000569564614790621,-0.000483333311296209,0.000311857299474123,-0.000262113498777502,4.62138006500159e-05,0.000267395745735909,8.31959735157537e-07,-0.000236377837204506,-1.47820219723844e-05,-0.000191390667679864,4.82442831449103e-05,0.00026440061163338
2022/03/24,0.0017654066579421,0.000429351087531882,-0.000615646187914472,-0.000348457664788831,0.000269744542338312,3.83967505977006e-06,0.000254683419934078,0.000108448826433556,-0.000333598394392399,-0.000167885485416998,-0.000119524325032503,-6.09853731842949e-06,6.85961550431562e-05,0.00025904323058078
2022/03/27,0.00175401547548261,0.000346974832332667,-0.000634965037692245,-0.000187727660106445,0.000156757414266538,0.0002647561377177,0.000261288399889189,-0.000148711121846245,-0.000292738291763666,0.000113248961551455,8.85889669440597e-06,0.000188617735243488,-8.23301444217091e-05,4.43974026522556e-05
2022/03/28,0.00174136903550805,0.000263884499214355,-0.000627628432960647,-1.48355926982953e-05,3.64405120063642e-06,0.000351903862208397,6.82479331046004e-05,-0.00025959496560293,7.26276319079062e-05,0.000242075958698194,0.000117361635675563,-2.3811679305288e-05,-2.23983482309783e-05,0.00151694241128044
2022/03/29,0.00172751260712339,0.000180976671172056,-0.000594923795972179,0.000155782235953961,-0.000148497102288787,0.000210829338653523,-0.000169481855567114,-0.000123639323930218,0.00035151094778664,5.8340716543366e-05,-3.15061709257615e-06,-0.000180663580036731,9.01512919858643e-05,-0.000426429534331199
2022/03/30,0.00171249455568052,9.91205022082331e-05,-0.00053921864389116,0.000310177791054241,-0.000259367976279368,-6.46023981330341e-05,-0.000268886514153908,0.000124683855221877,0.000235823249019506,-0.000193994428026884,-0.000114841662403735,5.16895516331069e-05,-2.54350455581055e-05,0.00138877716362872
2022/03/31,0.00169636611640364,1.91469786942647e-05,-0.000463812225348701,0.000436055511432922,-0.000300251265438728,-0.00029475965329058,-0.000160011115200952,0.000248860131878414,-0.000138890938106127,-0.000190806014257791,-2.32934562029135e-06,0.000168016847236101,-7.2424843013729e-05,0.000397235814631563
2022/04/03,0.00167918115997754,-5.8161033758957e-05,-0.000372747818117327,0.000523769171297931,-0.000261509767313983,-0.000331632218750197,6.547032800401e-05,0.000135888683968344,-0.000352350896957151,5.51867807714218e-05,0.000111997505953755,-7.66775561480637e-05,6.11656977934224e-05,-8.43830367207434e-05
2022/04/04,0.0016609959513204,-0.0001320778240196,-0.000270596363800318,0.000567069132825596,-0.000154832117591654,-0.000154187008170578,0.000231345269868426,-0.000100976481768737,-0.000171674052973239,0.000221828151924447,7.57154519475883e-06,-0.000151334289806528,3.73072238522821e-05,-0.000276887136855255
2022/04/05,0.0016418689040602,-0.000201942830892338,-0.000162223204684808,0.000563541646503422,-9.71261750832094e-06,0.000119851255546973,0.000214845001729976,-0.000235601214961782,0.000194492109136527,9.98785782434654e-05,-0.000108860974100966,9.80697385749881e-05,-7.65059255717314e-05,-0.000873595466075605
2022/04/06,0.00162186033314934,-0.00026716750002777,-5.2550126301706e-05,0.000514710335530323,0.000134774301292238,0.00031222164778662,3.72542556650549e-05,-0.000145092432175368,0.000337206148150048,-0.000143991963201401,-1.25701674333337e-05,0.000131404914518053,3.22813131379224e-06,-0.00116538487826589
2022/04/07,0.00160103220636376,-0.000327240924046281,5.36753037073763e-05,0.000425800349348203,0.000240591569829435,0.000300293368148653,-0.000159492041717355,7.8104830547476e-05,0.000104579420148563,-0.000194458876113632,0.000105461931317658,-0.000115337812919349,7.02764673395344e-05,-0.00126150579195404
2022/04/10,0.00157944789554319,-0.000381734208361276,0.000152091946684649,0.000305195118827044,0.000280838542981859,9.53380581911181e-05,-0.000226443575354955,0.000220275699959964,-0.000236970484914572,4.20848999675751e-06,1.73225531814999e-05,-0.000109108780189859,-3.76550568182813e-05,-0.000564755199727144
2022/04/11,0.00155717192875441,-0.000430303526007154,0.000238909091930544,0.000163641573802792,0.000246628652239789,-0.000167110384369219,-0.000120361321135235,0.000151241577289096,-0.000308246183484805,0.000188149788975885,-0.000101827852568005,0.000128147346762812,-4.74814716418087e-05,-0.000731937220549104
2022/04/12,0.00153426974492492,-0.000472691845760513,0.000311054331493407,1.32798740381378e-05,0.000148978951667317,-0.000317008394051748,6.97314856092169e-05,-5.65266479976661e-05,-3.87222999277212e-05,0.000124413899088845,-2.18286339381462e-05,8.53729774256489e-05,5.8223086833666e-05,-0.000687535529405363
2022/04/13,0.00151080745204355,-0.000508729339723748,0.000366279588120286,-0.000133413470354664,1.53365663979745e-05,-0.000260144246681168,0.000197120057778507,-0.000203371494977836,0.000265009399043881,-9.37307069531897e-05,9.79835490063517e-05,-0.00013636364555032,1.6587330009803e-05,-0.000568430038159424
2022/04/17,0.00148685159031259,-0.000538332497115223,0.0004032219733541,-0.000264675653449957,-0.000118176901099401,-3.73582045149417e-05,0.000170711855693337,-0.000154417838767368,0.000268465624446682,-0.000181404764555928,2.60903621195674e-05,-6.11272167718314e-05,-6.2379515871788e-05,-0.000191306813779841
2022/04/18,0.00146246890146505,-0.000561501991383486,0.000421418623027986,-0.000370411197087246,-0.000216599675372037,0.000204580633893678,1.95174325788371e-05,3.66303475629494e-05,-2.21623403343074e-05,-3.44506560355127e-05,-9.39509703178534e-05,0.000140047554274677,1.36839017195832e-05,-0.000236844563992318
2022/04/19,0.00143772610513868,-0.000578319367279788,0.000421277063074435,-0.000442971111489215,-0.000255346528672227,0.000309786747273156,-0.000136747104601721,0.000185390207742151,-0.000278461032330508,0.000147543706096521,-3.01110495850987e-05,3.72614453333168e-05,5.22042529867866e-05,-3.20933368648892e-06
2022/04/20,0.00141268968259239,-0.000588942632915397,0.000404004873551618,-0.000477697557210332,-0.000226362834802805,0.000213815765637005,-0.000182531759570275,0.000154786381938883,-0.000221369816921222,0.00013180616263287,8.97491037001272e-05,-0.000139441889353399,-3.68098825041573e-05,0.000360031403224693
2022/04/21,0.00138742566792888,-0.000593600857782991,0.000371504333888092,-0.000473196540971485,-0.000139674454667606,-1.69746530012621e-05,-9.1546919953439e-05,-1.8726572080951e-05,7.50651921198446e-05,-4.96618048296634e-05,3.38946224208254e-05,-1.45875689418751e-05,-3.25488271842216e-05,0.000249367383055853
2022/04/24,0.00136199944694121,-0.000592587891427335,0.000326239257014288,-0.000431326134079482,-2.00811819179244e-05,-0.0002312124859059,6.02724394469305e-05,-0.000166830659832375,0.000278263244998235,-0.000156434604213502,-8.53940069232653e-05,0.000134949676138997,4.9493306396515e-05,0.000636512593363608
2022/04/25,0.00133647556394623,-0.000586255328517542,0.000271082289504723,-0.000356912736878806,9.99464743807173e-05,-0.000291902493564343,0.000157979191359826,-0.000152586018906882,0.000170636686805199,-5.81633724094184e-05,-3.74448278242973e-05,-6.19298451944574e-06,8.92231258540244e-06,0.000507773244038635
2022/04/26,0.00131091753689096,-0.000575004855179896,0.000209151531024578,-0.00025723080822737,0.000189128878466712,-0.000164086833432024,0.000134488107222782,3.04254871554852e-06,-0.000117894111422992,0.000106682017511951,8.08990073857596e-05,-0.000127105745241154,-5.13145302195762e-05,4.91412565047202e-05
2022/04/27,0.00128538768021127,-0.000559280118894472,0.000143645401237785,-0.000141300302248846,0.000225566605619351,6.53515868711647e-05,1.55933163324611e-05,0.000148172897165287,-0.000266263974896458,0.000124592515141589,4.07645044179651e-05,2.45145751589452e-05,1.39904959370298e-05,-0.000183705182053067
2022/04/28,0.00125994693571247,-0.000539558267109574,7.76842800980594e-05,-1.90693159872599e-05,0.000202104447587015,0.000246706556040766,-0.000106104285903165,0.00014811731411421,-0.000119788184278907,-1.63385488871637e-05,-7.62750286073266e-05,0.000116543496116646,4.36370965237198e-05,-0.000500886495419491
2022/05/01,0.00123465471223775,-0.000516341300392724,1.41666097567061e-05,9.94437639304034e-05,0.00012756266188483,0.000265216017574129,-0.000143257824438436,1.02808853228017e-05,0.000149567736192211,-0.000125490952712129,-4.3854972380775e-05,-3.99646547035349e-05,-3.28140056772225e-05,0.000273958323405988
2022/05/02,0.00120956873441833,-0.000490147385439081,-4.43540615282565e-05,0.000204974315007857,2.36897308127378e-05,0.000113674051423063,-7.5796515864553e-05,-0.000129862980962338,0.000244976024422434,-6.70422905201989e-05,7.15310565188271e-05,-0.000103958703958999,-2.8560430037835e-05,-8.16895442919911e-05
2022/05/03,0.00118474490050399,-0.0004615022702348,-9.5766104340427e-05,0.000289733873707747,-8.11588374483093e-05,-0.0001060433581636,4.05240378876379e-05,-0.000141728745845091,7.19011746850542e-05,7.12488001827126e-05,4.67155953966872e-05,5.22926019527838e-05,4.51965951328885e-05,-0.00033998526341727
2022/05/04,0.00116023714874025,-0.00043093093850012,-0.000138467590375498,0.000347975027097855,-0.00015978258247523,-0.000251453396961333,0.000120022553469087,-2.11890455175168e-05,-0.000170008972609926,0.000107221373461027,-6.66746753285453e-05,9.00723723663091e-05,8.45983634681162e-06,0.000435999890286828
2022/05/05,0.00113609733305681,-0.000398949630936149,-0.000171403278714279,0.000376359213579484,-0.000193208313549227,-0.000231919044836688,0.000109780911418783,0.00011229962486507,-0.000217289283264496,4.12242904806814e-06,-4.93435110031268e-05,-6.14100762498999e-05,-4.93496693599418e-05,0.000390429295945592
2022/05/08,0.001112375108689,-0.000366058351110338,-0.000194070995894697,0.000374106688202393,-0.000175230557548762,-6.50537060979305e-05,2.36325231817871e-05,0.00013380171757843,-2.93819652465934e-05,-9.45016725412442e-05,6.17126146731035e-05,-7.55945615594445e-05,1.38456783040455e-05,0.000493626479370248
2022/05/09,0.00108911782721127,-0.00033273396373865,-0.000206499231421172,0.00034292754766429,-0.000113347289977639,0.000137954761159356,-7.31962450502625e-05,2.97100095386315e-05,0.000180045400220271,-6.35628106218152e-05,5.17335618998124e-05,6.73834146256828e-05,4.39878849147298e-05,0.000461943133575498
2022/05/10,0.00106637044071225,-0.000299423979808287,-0.00020919920194476,0.000286751386477398,-2.60357025808953e-05,0.000246433328244568,-0.000113228467589411,-9.5823098948762e-05,0.000186170540377979,4.5094583289851e-05,-5.665127581393e-05,6.11908962924001e-05,-3.47193531419119e-05,2.68029044335131e-05
2022/05/11,0.00104417541391034,-0.000266541109587842,-0.000203095803227491,0.000211289282013701,6.27082207127089e-05,0.000194352010005483,-7.28497419876189e-05,-0.000124734855741191,-6.17751452678214e-06,8.50299497145939e-05,-5.38783516544158e-05,-7.0418852191803e-05,-2.88841289926965e-05,0.000266825481553014
2022/05/12,0.00102257264335765,-0.000234458648287734,-0.000189442714561282,0.00012347411953613,0.000129964370591795,2.03199394759401e-05,1.52801259270367e-05,-3.59482453214373e-05,-0.000181231710354827,1.20713018105834e-05,5.14972693543643e-05,-4.74532367380876e-05,4.97239471768977e-05,-0.000234794161967031
2022/05/15,0.00100159938459965,-0.000203506740290746,-0.000169727416991481,3.08329091202058e-05,0.000159804803908736,-0.000160632830253699,8.84401683224076e-05,8.07066189125018e-05,-0.000154380765153414,-6.83636447498218e-05,5.57683383810623e-05,7.08415827438395e-05,5.75833814122688e-06,7.09462533095278e-05
2022/05/16,0.000981290188408258,-0.000173969550613305,-0.00014557203368277,-5.91526893594576e-05,0.000147006618293218,-0.000233088001065575,9.78008110007264e-05,0.000114928135770507,3.40531811936227e-05,-5.18056539881869e-05,-4.62579457104088e-05,3.48758592027458e-05,-5.44251035465869e-05,6.95691840972123e-05
2022/05/17,0.000961676847082229,-0.000146083355835196,-0.000118635710865462,-0.000139643847907479,9.7716020277002e-05,-0.000154826408174451,3.99433898664583e-05,4.00756781170278e-05,0.000175616864742558,2.98373383340185e-05,-5.73918927132723e-05,-6.90699814132421e-05,2.1128964931259e-05,0.00025402909355855
2022/05/18,0.000942788350696689,-0.000120035551991642,-9.05237630163843e-05,-0.000204953175156374,2.70834140180142e-05,1.89223054839536e-05,-4.33853724964398e-05,-6.71502069391974e-05,0.000124236624573638,6.32024824097888e-05,4.09420354030473e-05,-2.38380655593401e-05,4.58995109496861e-05,0.00057920441162456
2022/05/19,0.000924650852963914,-9.59645616369837e-05,-6.27080491076393e-05,-0.000250928035866664,-4.53046688229924e-05,0.000174231023278518,-9.49110374995167e-05,-0.000104766699597194,-5.43522913832732e-05,9.90823815970485e-06,5.87355012101065e-05,6.55866722046506e-05,-4.53079068712177e-05,0.000160999962968587
2022/05/22,0.000907287645903047,-7.39606078522831e-05,-3.64620876825106e-05,-0.000275185074831834,-0.000100838246131464,0.000213166516480245,-8.02653068429497e-05,-4.23193772509567e-05,-0.000165482062520072,-5.02548246240185e-05,-3.5560331769009e-05,1.45937789023414e-05,-2.43650442327878e-05,0.000225229022452252
2022/05/23,0.000890719142856026,-5.40673082741889e-05,-1.2813322587375e-05,-0.000277186466099273,-0.000126649779238279,0.00011545946196361,-1.02929948036487e-05,5.52784357609848e-05,-9.74366375898928e-05,-3.65258523453653e-05,-5.97841690468425e-05,-6.09081038177934e-05,5.96095339511988e-05,0.000190890059270839
2022/05/24,0.000874962871068141,-3.62840270770655e-05,7.48620965024486e-06,-0.000258162279279001,-0.000118518845525398,-5.16180736614613e-05,6.66840045086207e-05,9.46060760360588e-05,6.78967099628149e-05,2.49082898174546e-05,3.01262564566915e-05,-7.26832750222014e-06,-5.90606181723412e-06,-0.000326656802637646
2022/05/25,0.000860033474659302,-2.0568911900831e-05,2.39707070815461e-05,-0.000220895887931826,-8.12855435337359e-05,-0.00017942162040135,9.73998628755427e-05,4.29472421423519e-05,0.000153078086912629,4.59036767908177e-05,6.0522010769295e-05,5.55543605582593e-05,-5.85203051214117e-05,-0.000458363152900589
2022/05/26,0.000845942728028617,-6.84253413811831e-06,3.64538906860043e-05,-0.000169399552144515,-2.68548880233249e-05,-0.000188550630855171,5.9857616297581e-05,-4.51419220387721e-05,7.49655836163509e-05,1.37999459881989e-06,-2.46561299450512e-05,1.86225236330594e-06,3.70769654757183e-05,-0.000235679373921445
2022/05/29,0.00083269955999835,5.00795703546494e-06,4.50066593888051e-05,-0.000108514472088113,2.9487746782408e-05,-7.80364875008585e-05,-2.08169643493824e-05,-8.47597642434063e-05,-7.60428206466659e-05,-4.13274776299926e-05,-6.09328547165298e-05,-5.00207953610201e-05,4.05249403078516e-05,-0.000264222226976911
2022/05/30,0.000820310088735926,1.51242620392031e-05,4.99217775306606e-05,-4.34733416236527e-05,7.33348392166532e-05,7.72645424257095e-05,-8.84148320571367e-05,-4.22523813115401e-05,-0.000140388407694644,-2.22358750321687e-05,1.91692752557399e-05,1.73858696294092e-06,-5.97917139614169e-05,0.000101125179513726
2022/05/31,0.000808777667324948,2.36720385533725e-05,5.16688105297808e-05,2.05363306908848e-05,9.48102901896622e-05,0.000177262211693543,-9.41058339207757e-05,3.67229856593946e-05,-5.70816015899429e-05,2.79487814739608e-05,6.10008485551711e-05,4.47528786007834e-05,-9.39861358114674e-06,-0.000654501794179636
2022/06/01,0.000798102939479041,3.08357899505912e-05,5.0842845807076e-05,7.87728686676429e-05,9.07011718523356e-05,0.000161084125356423,-3.16418112007852e-05,7.54905364861754e-05,8.04604933653894e-05,3.56830756493873e-05,-1.36880568666289e-05,-3.74761948953036e-06,6.62336317772538e-05,-0.000346711990834372
2022/06/02,0.000788283904086823,3.68136343651801e-05,4.81106255599765e-05,0.000127275505690775,6.46389267929038e-05,4.39274413765464e-05,5.60335851421655e-05,4.05381533282567e-05,0.000128941037821341,-9.26347329776352e-06,-6.07110942904291e-05,-4.0125318731424e-05,-2.63075790496229e-05,-0.000816675348794729
2022/06/05,0.000779315987645139,4.18120535677248e-05,4.41575893218009e-05,0.000163112094879734,2.54648768728125e-05,-9.58490913947823e-05,0.000105548671056008,-2.99436000954598e-05,4.33828450582903e-05,-4.07655714124085e-05,8.23786474650088e-06,4.45802702635662e-06,-5.31074483124505e-05,-0.000543518298959265
2022/06/06,0.000771192123829123,4.60407184861299e-05,3.96389982675482e-05,0.000184526580104416,-1.5607551075714e-05,-0.000169037469157743,7.86861946812723e-05,-6.70047995862721e-05,-8.2896528569563e-05,-1.24168788289021e-05,6.00503471879981e-05,3.64262227718791e-05,5.5675377936397e-05,-0.000399881336046569
2022/06/07,0.000763902840768533,4.97074856270282e-05,3.5137823761329e-05,0.000190982607031308,-4.81544048159736e-05,-0.000132435298105008,-7.81978591250219e-06,-3.8104598054087e-05,-0.000119686524585252,3.54736737615422e-05,-2.84700147357488e-06,-4.22030994426773e-06,2.33264718346245e-05,-0.0004169159798937
2022/06/08,0.000757436356050785,5.30136521062608e-05,3.11314641890955e-05,0.000183108410266073,-6.51461541960283e-05,-1.4067199628585e-05,-9.17554857610536e-05,2.4674537730781e-05,-3.2942268567826e-05,3.32067639804451e-05,-5.90077836735091e-05,-3.38467658623548e-05,-6.90186263771802e-05,-0.000458703900256904
2022/06/09,0.000751778678974419,5.61495489544849e-05,2.79686548871034e-05,0.000162555679096654,-6.4357206791529e-05,0.000107743488738045,-0.000109815477729209,5.9449471046951e-05,8.49489289979881e-05,-1.81339360800723e-05,-2.45352368359962e-06,3.4183237105107e-06,1.44267074875475e-05,-0.000537512337609293
2022/06/12,0.000746913719999687,5.92905441626975e-05,2.58572051335744e-05,0.000131790948177773,-4.83357058073387e-05,0.000156110220894688,-4.5543977689565e-05,3.52363856873887e-05,0.000112951727970207,-4.61928583930766e-05,5.75757761678104e-05,3.24764655129027e-05,6.13940407660303e-05,4.45965074172211e-05
2022/06/13,0.00074282340690918,6.2593516563359e-05,2.48624772981571e-05,9.38418401202052e-05,-2.31116209253376e-05,0.000104012958290048,5.56517688879478e-05,-2.07453187916812e-05,2.44920770895577e-05,-8.98140865533917e-06,7.63034004260768e-06,-2.44500375033287e-06,-4.8315516502691e-05,-0.000219162516575681
2022/06/14,0.000739487805809101,6.61938493421592e-05,2.49158598833048e-05,5.20220798730815e-05,3.85065421906283e-06,-1.1008981378712e-05,0.000118099875687479,-5.29111712081257e-05,-8.78764069344798e-05,4.3696660600633e-05,-5.57505744146411e-05,-3.23038910750274e-05,-3.46542881079813e-05,0.000163606527704146
2022/06/15,0.000736885244843739,7.02029808509504e-05,2.583191982065e-05,9.65869005540003e-06,2.57988040028361e-05,-0.000113583073468859,9.25191841260265e-05,-3.21923504783941e-05,-0.000108470349464227,3.73739539289311e-05,-1.26481781683082e-05,1.67889644382066e-06,6.7318394479659e-05,0.000117246883027775
2022/06/16,0.000734992440349429,7.47065417910749e-05,2.73324790718427e-05,-3.01575864543867e-05,3.83345465020285e-05,-0.0001398068600073,-4.75577272593897e-06,1.7954936272263e-05,-1.66339234796409e-05,-2.24300524579544e-05,5.35328169538099e-05,3.32224211932039e-05,-2.85581548588968e-06,0.00030539082847746
2022/06/19,0.000733784625079503,7.97630967119205e-05,2.90755560996804e-05,-6.47814345985117e-05,4.01667641797772e-05,-7.69373350365239e-05,-0.000101470467507589,4.74177838167917e-05,9.24630847481801e-05,-5.43593375341595e-05,1.74703663494937e-05,-1.46251954235978e-06,-6.51297764938734e-05,-3.8068406272329e-05
2022/06/20,0.000733235677776798,8.54034961799538e-05,3.0686954474559e-05,-9.21693399248342e-05,3.2896002565146e-05,3.10967672480247e-05,-0.000123065387591418,2.91964475220911e-05,0.000105481959371859,-1.20974038497774e-05,-5.09278813535593e-05,-3.50405136771226e-05,3.8989184737616e-05,-0.000177308963479337
2022/06/21,0.000733318253691109,9.16308353755383e-05,3.17922699358778e-05,-0.000110976201333025,2.00413931444122e-05,0.000114156830729719,-5.04654282645809e-05,-1.60836024943029e-05,8.04888692737187e-06,4.93474340925424e-05,-2.20593414956848e-05,2.08339626862491e-06,4.25110812950515e-05,0.000511294192127347
2022/06/22,0.000734003916400664,9.84210050173539e-05,3.20472131396243e-05,-0.000120590573890764,5.71328157626339e-06,0.000121345153926497,6.30088650068054e-05,-4.29424453667886e-05,-9.89502631352998e-05,4.57889082004319e-05,4.79461735203629e-05,3.74959180088039e-05,-6.19693022513126e-05,0.000231612149847359
2022/06/23,0.00073526327021385,0.000105723808723952,3.11643867283845e-05,-0.000121111883523324,-6.61856641267908e-06,5.20505079744535e-05,0.000130627386014635,-2.64303653467481e-05,-0.000102883844167465,-2.08699027691357e-05,2.63772500045774e-05,-3.75846607133021e-06,-7.14207802970666e-06,-4.28585033394644e-05
2022/06/26,0.000737066091223709,0.000113464609769423,2.89349929706096e-05,-0.000113277118971861,-1.49083425743543e-05,-4.6245412639282e-05,9.87767044728163e-05,1.49050420425595e-05,2.31638272286412e-06,-6.19492221805299e-05,-4.46033098293831e-05,-4.02730566983488e-05,6.45282892655695e-05,0.000118110350426207
2022/06/27,0.000739381456860383,0.000121546463750149,2.52443602940619e-05,-9.83476219276968e-05,-1.87108389115796e-05,-0.000110322121877827,-1.02068827936292e-05,3.9410133774768e-05,0.000107039389392802,-2.04038941243958e-05,-3.03866662925346e-05,6.62245060694143e-06,-2.90439569081989e-05,-0.000186263271843242
2022/06/28,0.000742177874504371,0.000129852686910695,2.00806261445157e-05,-7.79685393653745e-05,-1.88128674395296e-05,-0.000101798941887229,-0.000113376278722572,2.40288549846998e-05,9.94163655048761e-05,5.02944109232626e-05,4.09201560754978e-05,4.30227756064681e-05,-4.64576675983407e-05,-0.00024191145564134
2022/06/29,0.000745423409181669,0.000138249802335297,1.35363687220074e-05,-5.40142547312786e-05,-1.65526138881743e-05,-2.99491733710445e-05,-0.000130451271670899,-1.41985259146164e-05,-1.51073315788537e-05,5.54672649771152e-05,3.40514492872092e-05,-1.07205745532131e-05,5.40878586559515e-05,1.0602592548829e-05
2022/06/30,0.000749085810578313,0.000146590800460198,5.80341712835544e-06,-2.84327526576402e-05,-1.31321461477762e-05,5.66864034950593e-05,-4.6633231626479e-05,-3.67069672229682e-05,-0.000115962975447146,-1.37395488905736e-05,-3.69226843836029e-05,-4.53836177615385e-05,1.45969430550188e-05,8.98035494207786e-05
2022/07/03,0.000753132639035529,0.000154718644718501,-2.83853818852883e-06,-3.10055801630678e-06,-9.18634369813233e-06,0.000102946642093436,7.44776702265636e-05,-2.20781557594541e-05,-9.38581638324692e-05,-6.63086528834701e-05,-3.73375955706615e-05,1.60060476444528e-05,-6.02243237387295e-05,-0.00049905631203073
2022/07/04,0.000757531389620645,0.000162469948770451,-1.20385830934585e-05,2.03021638894587e-05,-4.74012465326506e-06,8.20905031815323e-05,0.000139191575209862,1.37604521069646e-05,3.04790159644102e-05,-3.15398915611316e-05,3.26417557280573e-05,4.70037121620212e-05,1.97418131314087e-05,0.000356263269543044
2022/07/05,0.000762249614060779,0.00016967875031895,-2.13952589139673e-05,4.03893134045808e-05,4.81968979330953e-07,1.10268228993193e-05,9.65233021296179e-05,3.46922385031483e-05,0.000124612124489724,4.58331276339377e-05,4.02140727764152e-05,-2.23425246366713e-05,4.6514740620707e-05,0.000853161707734129
2022/07/06,0.000767255039782584,0.000176180304856608,-3.04799090634731e-05,5.61351349197841e-05,6.57180720004835e-06,-6.27750555207052e-05,-2.13530115656449e-05,2.06183435638436e-05,8.52066830500835e-05,6.3576139810862e-05,-2.81128167016303e-05,-4.75621532916201e-05,-4.49308712454731e-05,0.000220958364204733
2022/07/07,0.000772515682517672,0.000181814820015131,-3.88612420981364e-05,6.69076394521741e-05,1.3023523185548e-05,-9.28743942268832e-05,-0.000123317581512213,-1.34136909041446e-05,-4.80806345962548e-05,-2.58976688111335e-06,-4.26535870289632e-05,2.95115467801326e-05,-1.89257913738038e-05,0.000393377476670856
2022/07/10,0.000777999950516721,0.000186431055947861,-4.61296587226475e-05,7.24703614088218e-05,1.86022804637034e-05,-6.30003216633339e-05,-0.000130001775955873,-3.32115159671426e-05,-0.000131701868389256,-6.59246656030346e-05,2.33754518742599e-05,4.67886398758324e-05,5.31816644556452e-05,0.000484189401758443
2022/07/11,0.00078367674184267,0.000189889725864685,-5.19199646448062e-05,7.29558858062267e-05,2.15940267256653e-05,4.48574244799562e-06,-3.58968802624922e-05,-1.96489472514414e-05,-7.2822250474502e-05,-4.28134911159697e-05,4.46331576024524e-05,-3.72246805239562e-05,-1.21231601265892e-05,0.000356104094110061
2022/07/12,0.000789515535507657,0.000192066635297442,-5.59312455899339e-05,6.8816308510405e-05,2.03782365232384e-05,6.49520296136425e-05,8.5998120039897e-05,1.30140515069715e-05,6.71053898838311e-05,3.66293427146466e-05,-1.84727468234942e-05,-4.44801072653956e-05,-4.31372914612137e-05,0.000569074741542306
2022/07/13,0.000795486476045985,0.00019285550312106,-5.79428967959159e-05,6.0756930205528e-05,1.41259317644352e-05,8.09154497100096e-05,0.000140985284278163,3.21090371651343e-05,0.000135951131934998,6.80411279735373e-05,-4.61343537194246e-05,4.5139695611386e-05,3.57486638851161e-05,0.000815771018819988
2022/07/14,0.000801560450706049,0.000192170413604684,-5.78260572712413e-05,4.96600198309225e-05,3.35392173213586e-06,4.51859508877995e-05,8.65685649490299e-05,1.91365039072505e-05,5.6519784846375e-05,1.02919173902553e-05,1.34506486794732e-05,4.05134200498882e-05,1.99779277089322e-05,-0.000190256467021554
2022/07/17,0.000807709157391318,0.000189947855366581,-5.5549982681331e-05,3.65054403904719e-05,-9.90811958684026e-06,-1.64932831734376e-05,-3.44997102081863e-05,-1.24532041155039e-05,-8.63946951944387e-05,-6.06070999345476e-05,4.71433607006463e-05,-5.28796386959382e-05,-4.45674171175171e-05,0.000261040336858723
2022/07/18,0.000813905162703864,0.00018614831360941,-5.11831778623496e-05,2.22943786729238e-05,-2.24632231299299e-05,-6.37292842175068e-05,-0.000127891341820566,-3.12377166316068e-05,-0.000136254037765767,-5.1861913197604e-05,-8.3573759752298e-06,-3.4853479056303e-05,6.90035281984353e-06,0.000358981341850822
2022/07/19,0.000820121952497003,0.000180757395220929,-4.4889388261775e-05,7.98144688152467e-06,-3.07579325337858e-05,-6.78490132569929e-05,-0.000121498420717889,-1.9022904726866e-05,-3.6601065130094e-05,2.43781387601072e-05,-4.76509966069567e-05,6.00535932365697e-05,3.7137306307563e-05,-0.000128765111669337
2022/07/20,0.00082633397661204,0.000173786474640429,-3.69188172111916e-05,-5.58087447663966e-06,-3.19407162105739e-05,-2.91906641393962e-05,-2.13687058206022e-05,1.16588821837852e-05,0.000104581057813373,6.79271161814415e-05,3.24296970694734e-06,2.75565242138389e-05,-2.76389360485143e-05,0.000111479712555063
2022/07/21,0.000832516688557061,0.000165272855900414,-2.75951746276061e-05,-1.76829694723808e-05,-2.48418349449161e-05,2.50326816869332e-05,9.38246432662258e-05,3.04675024738916e-05,0.000131824266737214,2.25226249596272e-05,4.765290633799e-05,-6.62778949609712e-05,-1.8024599131236e-05,-0.000137163696782247
2022/07/24,0.000838646580410265,0.000155279453962687,-1.72993587738433e-05,-2.77830427060542e-05,-1.05424237322477e-05,5.96906087463566e-05,0.000134835933035705,1.92349793224043e-05,1.38283033992943e-05,-5.13508471729746e-05,1.84118273537803e-06,-1.87685750824056e-05,3.55970593767102e-05,-0.000260654853521275
2022/07/25,0.000844701212206483,0.000143894005377623,-6.4507179088253e-06,-3.55167838768757e-05,7.69483294388268e-06,5.44199110937966e-05,7.12803427209832e-05,-1.05915012531997e-05,-0.000120250588176184,-5.71767685278047e-05,-4.71498140768642e-05,7.11968684998827e-05,-4.39541857486614e-06,-0.000287209580448031
2022/07/26,0.000850659235902658,0.00013122782731597,4.51307641004214e-06,-4.06934488474341e-05,2.51736840417875e-05,1.54345720658647e-05,-4.58112249564023e-05,-2.96903144477081e-05,-0.000122297353657583,1.1241951693956e-05,-6.84292107275126e-06,8.71913346130829e-06,-2.95557023274406e-05,0.000106475484417733
2022/07/27,0.000856500414821562,0.000117414152598065,1.51564855707865e-05,-4.32809854457663e-05,3.7017426688297e-05,-3.02773184497753e-05,-0.000125094268949621,-1.96932245830439e-05,1.06548672061588e-05,6.35021751842815e-05,4.61477163806071e-05,-7.45021207684947e-05,2.14233015783559e-05,-5.19946218314127e-05
2022/07/28,0.000862205639239002,0.000102606074862514,2.50658573577664e-05,-4.33833970933822e-05,3.95809805395089e-05,-5.34809413510724e-05,-0.000106457099821902,9.23890763438606e-06,0.000132106536122323,3.22308446862098e-05,1.1709980959837e-05,2.28956553520428e-06,1.36898311193029e-05,-0.000429859779789698
2022/07/31,0.000867756937985044,8.69741430364877e-05,3.38675213756814e-05,-4.12137246666936e-05,3.16017159167233e-05,-4.13155271381405e-05,-6.73561743911248e-06,2.88222007049889e-05,0.000107782741348782,-3.99051877126371e-05,-4.46579777333836e-05,7.5949379604799e-05,-2.7378616803976e-05,0.000448293011521437
2022/08/01,0.000873137486274647,7.07036499034642e-05,4.12433961236382e-05,-3.70658490957744e-05,1.47221029649695e-05,-4.1962162048164e-06,9.52843409807012e-05,2.03189986149028e-05,-3.54433932891684e-05,-5.83485817862727e-05,-1.63906955502314e-05,-1.38971807694736e-05,4.53325863139595e-06,0.000226168683202017
2022/08/02,0.000878331609617125,5.3991663538026e-05,4.69434386994413e-05,-3.12878287299002e-05,-6.81245034254255e-06,3.25337593301722e-05,0.000121354052850984,-7.6104243149833e-06,-0.000139116302684296,-7.68901725867658e-07,4.26973278341148e-05,-7.53719405899122e-05,2.15127259389625e-05,6.65682705786756e-05
2022/08/03,0.000883324782448824,3.70438526824314e-05,5.07944559375473e-05,-2.42587653080949e-05,-2.72372902028939e-05,4.57803888157279e-05,5.39804822801076e-05,-2.78035558053835e-05,-8.88624769533823e-05,5.59729973095124e-05,2.08347169834034e-05,2.57030228012895e-05,-1.75691696936366e-05,4.74295587045478e-05
2022/08/04,0.000888103621669762,2.00711621577911e-05,5.27050048068345e-05,-1.63703326003107e-05,-4.085196720502e-05,2.91347164898249e-05,-5.2133344746062e-05,-2.10404696341258e-05,5.90172827128422e-05,3.84434077033027e-05,-4.02877739219254e-05,7.26899158701039e-05,-7.84201731912397e-06,-0.000158578205983894
2022/08/07,0.000892655875926362,3.28639751443822e-06,5.26663213897553e-05,-8.01322076647484e-06,-4.36580157119715e-05,-4.40102708578199e-06,-0.000114629364908602,5.73052525873995e-06,0.000140627465523864,-2.82056716791928e-05,-2.49937386227292e-05,-3.72859577617143e-05,2.07863679112376e-05,-2.93329569879314e-05
2022/08/08,0.000896970411183393,-1.30992210957041e-05,5.07494191225487e-05,4.3204324789044e-07,-3.45698849485378e-05,-3.22276374069192e-05,-8.764661626814e-05,2.659777995412e-05,6.65389615783396e-05,-5.59835456903575e-05,3.74564906325004e-05,-6.79146849896621e-05,-6.88761530438643e-06,-8.90499000150853e-05
2022/08/09,0.000901037193297279,-2.88794756658888e-05,4.70986804152557e-05,8.60105261519095e-06,-1.58257243284986e-05,-3.72719173505604e-05,4.57608413909149e-06,2.17969870068948e-05,-7.98987729900467e-05,-1.02770922005089e-05,2.8822226722817e-05,4.82252585065329e-05,-1.40654618019911e-05,5.06199616344323e-05
2022/08/10,0.000904847268172197,-4.38564788354589e-05,4.19224214726538e-05,1.61497729422144e-05,7.55135511528514e-06,-1.83592841299713e-05,8.92225969619492e-05,-3.6326420928641e-06,-0.000136441880897004,4.70202057427529e-05,-3.42356127509547e-05,6.11484113615103e-05,1.61683706602301e-05,-0.00044097650372254
2022/08/11,0.000908392739839594,-5.78438577644878e-05,3.54810316694786e-05,2.27586900613123e-05,2.91147065348139e-05,1.03947185392669e-05,0.000102604657345016,-2.51880738225513e-05,-4.2137866721257e-05,4.1177875887432e-05,-3.22780891749618e-05,-5.81211139057991e-05,1.46760145133498e-06,-0.000272609019939192
2022/08/14,0.000911666746698587,-7.06697402294282e-05,2.80733726126999e-05,2.81382565377832e-05,4.28043981204556e-05,2.98831844328544e-05,3.81476284321132e-05,-2.25409114977715e-05,9.68041524936331e-05,-1.78524540743452e-05,3.0661976772643e-05,-5.25787452028373e-05,-1.63823843181269e-05,-0.000185588480778261
2022/08/15,0.00091466343669117,-8.21794931477291e-05,2.00221670051736e-05,3.20366037545868e-05,4.46895261970674e-05,2.86082810709984e-05,-5.15528513489339e-05,1.35428025025295e-06,0.000126841026503492,-5.13769359322775e-05,3.53233480208635e-05,6.66136668649582e-05,1.07652748686176e-05,-5.76563307982398e-05
2022/08/16,0.000917377941476981,-9.22381694564531e-05,1.16591112205723e-05,3.42498739531363e-05,3.41325660261741e-05,9.33001135626134e-06,-9.77520351029033e-05,2.35736745840435e-05,1.71774182217597e-05,-1.67821975148569e-05,-2.67767835920061e-05,4.24691521472717e-05,8.09421275387205e-06,-1.08477607385247e-06
2022/08/17,0.000919806349048426,-0.000100732625513816,3.31041352189702e-06,3.4634827252447e-05,1.40237850149606e-05,-1.3981839495542e-05,-6.83804902428371e-05,2.32378648608188e-05,-0.000108773968859924,3.82871884466128e-05,-3.79248321084952e-05,-7.33995384033896e-05,-1.69650003752223e-05,-7.97961331459358e-05
2022/08/18,0.000921945674532936,-0.000107573276633633,-4.71660174926749e-06,3.31226888445159e-05,-1.00005494828152e-05,-2.60951606548641e-05,1.00345456229304e-05,1.06670760789714e-06,-0.000112560344744647,4.12701820813929e-05,2.26251237771453e-05,-3.11455596055658e-05,4.45073409176364e-06,-0.000125926163687789
2022/08/21,0.000923793829833931,-0.000112695463410364,-1.21452709630746e-05,2.97326132138819e-05,-3.11458499242764e-05,-2.03733456597306e-05,7.60262124463272e-05,-2.17658828239147e-05,6.78208657556875e-06,-9.75129965555946e-06,4.00548874147702e-05,7.82450354852427e-05,1.43864953002798e-05,0.000428780952166918
2022/08/22,0.000925349593100608,-0.000116060407757392,-1.87393059400186e-05,2.45827368435142e-05,-4.34024707966037e-05,-2.22230842834764e-06,8.1529155377673e-05,-2.3865735520614e-05,0.000115268315463887,-4.60559686877905e-05,-1.82552903054377e-05,1.89802094137608e-05,-1.53098322400773e-05,-0.000404401690523161
2022/08/23,0.000926612577578306,-0.000117655746419079,-2.43101312652291e-05,1.78966351792206e-05,-4.32830044490723e-05,1.55099296902222e-05,2.67563808600343e-05,-3.59474175134771e-06,9.4715547710168e-05,-2.06419358420993e-05,-4.16919406056318e-05,-8.09953870887632e-05,-4.22417219478337e-06,0.000167128988598054
2022/08/24,0.000927583199040969,-0.000117495637191236,-2.87216605371562e-05,1.00031442253501e-05,-3.08445625585732e-05,2.1488361796565e-05,-4.35801776246986e-05,1.97843301803433e-05,-2.82924446056968e-05,3.09485519690259e-05,1.37180071691176e-05,-6.37366862634368e-06,1.94194280409943e-05,-0.00014287787127866
2022/08/25,0.000928262642848122,-0.000115620437765439,-3.18924551405436e-05,1.32796028579254e-06,-9.69015321263057e-06,1.3035196427213e-05,-7.68454700918263e-05,2.44133534630675e-05,-0.000116216762745931,4.00057275198288e-05,4.28208546117493e-05,8.15796164686443e-05,-9.04144241574387e-06,-4.55106302523027e-05
2022/08/28,0.000928652830890025,-0.000112095964927302,-3.37953349147934e-05,-7.62385209286489e-06,1.40608750745313e-05,-2.97240420190527e-06,-5.18701446112325e-05,6.19892480550405e-06,-7.46888392643923e-05,-3.99272207886122e-06,-9.06565742747157e-06,-6.26387791201936e-06,-1.46873304945304e-05,8.28549715531336e-06
2022/08/29,0.000928756388664025,-0.000107012348719113,-3.44546241780217e-05,-1.62943958252238e-05,3.35410519320437e-05,-1.54487140479305e-05,8.3236861075987e-06,-1.76529666889416e-05,4.61583214826745e-05,-4.13223197818785e-05,-4.34330622411682e-05,-8.00109523622203e-05,1.96123936493419e-05,0.000229640542008814
2022/08/30,0.000928576612727078,-0.000100482502746264,-3.39413149242212e-05,-2.41074457818008e-05,4.31299180760976e-05,-1.66576640120873e-05,5.73709610800928e-05,-2.48783245142501e-05,0.000112017833068898,-2.28167582708483e-05,4.3515880754591e-06,1.85309460962667e-05,2.78212413466055e-06,0.000244188026990919
2022/08/31,0.000928117438437719,-9.26402384177979e-05,-3.23665083662463e-05,-3.05088210707202e-05,4.00934311835338e-05,-6.89738797520675e-06,6.13539412756241e-05,-8.85429331976609e-06,5.39886945181893e-05,2.54761564527412e-05,4.35266477774443e-05,7.63831324161899e-05,-2.27951163401925e-05,-2.67070765715112e-05
2022/09/01,0.000927383407265312,-8.36380572925634e-05,-2.98735531200617e-05,-3.50096137244065e-05,2.53851466255954e-05,6.44533023370452e-06,2.18428720325319e-05,1.53967071098733e-05,-5.95489651702121e-05,3.86834393713409e-05,3.70537007566705e-07,-3.00517393279573e-05,1.16299154895211e-05,9.66755734997557e-05
2022/09/04,0.000926379633016114,-7.36446603794629e-05,-2.66293299661358e-05,-3.72285790668328e-05,3.36984887053524e-06,1.43361521398112e-05,-2.90849413388433e-05,2.52643738286262e-05,-0.00010348924497393,1.78124611663968e-08,-4.31064447861405e-05,-7.08630766071245e-05,1.68829605117184e-05,-0.000174805503709502
2022/09/05,0.000925111767299994,-6.28422159569156e-05,-2.28151398666164e-05,-3.69296379735373e-05,-1.94541470136983e-05,1.21008565178877e-05,-5.49317642088938e-05,1.15419223836162e-05,-3.40988565272595e-05,-3.79417039108534e-05,-5.04744932175754e-06,4.04910095519683e-05,-2.28158716377034e-05,0.000219894230663769
2022/09/06,0.0009235859651504,-5.14234300146686e-05,-1.86176387231477e-05,-3.40504933566444e-05,-3.63626008131935e-05,2.07048802211542e-06,-4.07189901628748e-05,-1.30388600645947e-05,6.80699781069216e-05,-2.44938689238394e-05,4.21841050276257e-05,6.36805418205928e-05,-3.78118369450068e-06,0.000205177987625808
2022/09/07,0.000921808851594345,-3.95884663886482e-05,-1.42202328501139e-05,-2.87188573011266e-05,-4.23839618180702e-05,-8.53690621761688e-06,-5.36740574291003e-07,-2.55786770721711e-05,9.17752386986837e-05,2.16487633903407e-05,9.62715143560038e-06,-4.95661549196253e-05,2.62519999783736e-05,5.67279920443201e-05
2022/09/08,0.000919787488442909,-2.75417676940197e-05,-9.79530601027266e-06,-2.12537023275626e-05,-3.57664414516105e-05,-1.27080995275851e-05,3.58725162618258e-05,-1.42484167421896e-05,1.63325162324045e-05,3.82661828063795e-05,-4.07779686833557e-05,-5.51154299991398e-05,-1.18028833427529e-05,-0.00017033368796503
2022/09/11,0.000917529340692469,-1.54888292230143e-05,-5.49758854375254e-06,-1.21502118070302e-05,-1.84991205073733e-05,-8.16510947901172e-06,4.50629387647135e-05,1.05993907268217e-05,-7.178785077684e-05,3.26850846927434e-06,-1.40598382373879e-05,5.70561725295004e-05,-2.0338679394227e-05,-0.000234564123214142
2022/09/12,0.000915042243058754,-3.63297678372956e-06,-1.45890605858723e-06,-2.04859915851405e-06,4.27019808347314e-06,1.52426487117346e-06,2.42267232673977e-05,2.58298844393455e-05,-7.82208242058155e-05,-3.60460957161079e-05,3.89126891712763e-05,4.54835059982407e-05,2.42093504237862e-05,0.000462001542609307
2022/09/13,0.000912334367480652,7.82780141281445e-06,2.21553239834098e-06,8.31144512409782e-06,2.57526886149377e-05,9.68005143755732e-06,-1.01006545173656e-05,1.69656693826931e-05,-1.70712882185685e-06,-2.6732832832379e-05,1.82987697961653e-05,-6.28071973180277e-05,6.92908127391746e-06,-3.52405934315476e-05
2022/09/14,0.000909414191130423,1.87039182144717e-05,5.4492238174007e-06,1.81473961678064e-05,3.9526964070049e-05,1.10324898952314e-05,-3.51637393571101e-05,-8.09340855327907e-06,7.12048324606268e-05,1.87405049563892e-05,-3.66186661297979e-05,-3.51213535762914e-05,-2.89460729063793e-05,-6.96192801895399e-05
2022/09/15,0.000906290463681665,2.88170968153402e-05,8.19483419903505e-06,2.66970591640733e-05,4.1446460385534e-05,5.02090027634047e-06,-3.65210732137011e-05,-2.60264569923319e-05,6.42272088753302e-05,3.91945664871904e-05,-2.23010180136488e-05,6.67345810904332e-05,9.4517218790185e-06,-0.000168085344634278
2022/09/18,0.000902972174338162,3.80030814906169e-05,1.04331121245902e-05,3.32827937067848e-05,3.08810001982459e-05,-4.1241167912064e-06,-1.52351856000978e-05,-1.96904535786138e-05,-9.1457235198007e-06,6.81876779349282e-06,3.39313599728306e-05,2.43713836847368e-05,2.42667910183238e-05,-0.000340839984838065
2022/09/19,0.000899468519085254,4.61141090679113e-05,1.21704024377325e-05,3.73709391183913e-05,1.09218611852381e-05,-1.03368234750703e-05,1.46255934432202e-05,5.53009818196793e-06,-6.71871405003162e-05,-3.520850285101e-05,2.60280786391136e-05,-6.8821605316126e-05,-2.33134300272691e-05,2.0790101096322e-07
2022/09/20,0.000895788868259883,5.30211041330562e-05,1.34349716086818e-05,3.86207513821906e-05,-1.25157842774944e-05,-9.65886612590758e-06,3.49045040598489e-05,2.61748398416737e-05,-5.11054747433214e-05,-3.02211545846587e-05,-3.08904978427168e-05,-1.35676224885319e-05,-1.16676820292839e-05,0.000227441042806581
2022/09/21,0.000891942734786824,5.86155658642053e-05,1.42724073580794e-05,3.69179116454759e-05,-3.24335461041167e-05,-2.65828317644821e-06,3.34098769785628e-05,2.24231426230512e-05,1.60255875153549e-05,1.57776683552963e-05,-2.94463451825524e-05,6.91150801824462e-05,3.01370848936768e-05,-1.90568857398553e-05
2022/09/22,0.000887939742734372,6.28111185746671e-05,1.47403911548487e-05,3.23889425880686e-05,-4.28233731061904e-05,6.08064849988051e-06,1.05638016167206e-05,-2.9121972998733e-06,6.08565279748368e-05,4.13540152916094e-05,2.75392675964214e-05,3.02307677992163e-06,-4.7841149023809e-06,-0.000216180847502902
2022/09/25,0.000883789595463101,6.55447031112203e-05,1.4903165035673e-05,2.53945665778188e-05,-4.04623180064831e-05,1.09366912726104e-05,-2.02728083056255e-05,-2.62772351697355e-05,3.99458194246867e-05,1.15334355710931e-05,3.25274905688256e-05,-6.77182841923136e-05,-2.7830990213802e-05,0.000394124168862931
2022/09/26,0.000879502043358093,6.67773931330959e-05,1.48260246693295e-05,1.6502001193336e-05,-2.58954144223057e-05,8.78052799091477e-06,-3.962307065041e-05,-2.51655636314066e-05,-1.91601933565417e-05,-3.46145457471394e-05,-2.39235062513109e-05,6.98068969943485e-06,1.99409971182051e-05,0.000329707616896705
2022/09/27,0.000875086851297302,6.64948267440702e-05,1.4570164602086e-05,6.43821655662283e-06,-3.30997316645484e-06,8.98877251440652e-07,-3.34570093912369e-05,2.36221688595102e-07,-5.34589138189167e-05,-3.51542688339618e-05,-3.52487130967011e-05,6.47819429996394e-05,1.72494618977108e-05,9.75493152698041e-05
2022/09/28,0.000870553765292294,6.47072494625188e-05,1.41881780990789e-05,-3.97193049508994e-06,2.06699905780727e-05,-7.80490725730717e-06,-3.36544820867044e-06,2.63297841948437e-05,-3.15157563860677e-05,1.17934263211242e-05,2.00909410735186e-05,-1.62013363825729e-05,-2.92840927119337e-05,-1.35508635798089e-05
2022/09/29,0.00086591247844698,6.14491718360438e-05,1.37204773210363e-05,-1.38772091497859e-05,3.89215185526548e-05,-1.18154290456109e-05,3.2035116851702e-05,2.79188503882919e-05,1.91570227116782e-05,4.41553879513599e-05,3.75928935454324e-05,-6.04939970870882e-05,-1.70777374497207e-06,-2.47065085777225e-05
2022/10/02,0.000861172596906511,5.67786519919383e-05,1.31928480101971e-05,-2.24746375950484e-05,4.59264704430975e-05,-8.40974616176507e-06,4.77411332174378e-05,2.5071137687848e-06,4.62254494442984e-05,1.78998840926956e-05,-1.60904356927684e-05,2.4440779598442e-05,3.02553399118039e-05,0.000263788552064376
2022/10/03,0.000856343606127532,5.07762189533961e-05,1.26152867538926e-05,-2.90802432979571e-05,3.94219846621453e-05,5.73879396406604e-07,2.98616499456906e-05,-2.63207620082202e-05,2.61971235926865e-05,-3.3280922957685e-05,-3.95486056053164e-05,5.50689994026571e-05,-1.42163973122447e-05,-0.000268549817652984
2022/10/04,0.000851434837115546,4.3543457303899e-05,1.19821923616308e-05,-3.31892350530694e-05,2.11072238622049e-05,9.70202507295737e-06,-1.21271403438383e-05,-3.06809371426777e-05,-1.69165897797425e-05,-4.12255009565119e-05,1.19712784292834e-05,-3.15475771807857e-05,-2.28365302122451e-05,0.000166003496523348
2022/10/05,0.000846455432599169,3.52012794945876e-05,1.12739021183169e-05,-3.45197819561915e-05,-3.80998131931665e-06,1.31608751968854e-05,-4.91532592811975e-05,-5.33171011942646e-06,-4.02409876733552e-05,6.04932038445309e-06,4.11100432634128e-05,-4.87378020945901e-05,2.61117491713458e-05,-0.000423476079784093
2022/10/06,0.000841414314329391,2.58879183904549e-05,1.04594816006436e-05,-3.30361129362274e-05,-2.81035240607384e-05,8.37506881047502e-06,-5.23446199232835e-05,2.62296842973506e-05,-2.39662236267411e-05,4.66954657692825e-05,-7.78248367566001e-06,3.7416987602407e-05,9.3144087112974e-06,-0.000322547365288652
2022/10/09,0.000836320152261182,1.57566761938833e-05,9.50059285634417e-06,-2.89486311855908e-05,-4.46278384115409e-05,-2.16110393394919e-06,-1.56722760670547e-05,3.34444626277985e-05,1.35185421274211e-05,2.59327709363193e-05,-4.2276820482537e-05,4.17381542221611e-05,-3.09234115004187e-05,-0.000121271269644018
2022/10/10,0.000831181336614532,4.97346928003393e-06,8.3561886606034e-06,-2.2690982496719e-05,-4.84147299583313e-05,-1.20976338310233e-05,3.64188508753208e-05,8.25451097493905e-06,3.63331739094901e-05,-3.02876340176334e-05,3.57220662842601e-06,-4.19890879506043e-05,6.55634641007133e-06,-3.44390150991052e-05
2022/10/11,0.000826005952952652,-6.2857903021442e-06,6.98771343862492e-06,-1.48763005854594e-05,-3.8153743784211e-05,-1.4972514752406e-05,6.47681885169005e-05,-2.60269445355829e-05,2.44177476062026e-05,-4.77103808311011e-05,4.30537310015858e-05,-3.43065890254462e-05,2.76096861276252e-05,-0.00019440075582724
2022/10/12,0.000820801759812389,-1.78379350736232e-05,5.36444223906765e-06,-6.23693640207231e-06,-1.66174500791653e-05,-8.34542454474431e-06,4.49967849674467e-05,-3.61944509445603e-05,-1.00924044819449e-05,-1.79939837344586e-06,6.12793933508442e-07,4.5245537095968e-05,-2.06442491993898e-05,-9.22450689494334e-05
2022/10/13,0.000815576168796859,-2.94953610287465e-05,3.46856374706982e-06,2.44635810403078e-06,1.01016464596341e-05,4.27529117985212e-06,-1.15216144390228e-05,-1.12928171455975e-05,-3.49924558033669e-05,4.79679498903251e-05,-4.34505180959208e-05,2.66717297406187e-05,-1.72017270056366e-05,4.2016785599901e-05
2022/10/16,0.000810336227298969,-4.10688813624961e-05,1.29961247209476e-06,1.04187526958905e-05,3.4329619884184e-05,1.5168999812439e-05,-6.32519531369753e-05,2.56748068946814e-05,-2.68289316672592e-05,3.51732914803111e-05,-4.72765619968307e-06,-4.72054907387222e-05,2.94569710099671e-05,-2.29603684434015e-05
2022/10/17,0.000805088603701305,-5.23705718150743e-05,-1.12212049613118e-06,1.70217728505982e-05,4.90258864868115e-05,1.70495155013893e-05,-6.89553870240864e-05,3.89067158888345e-05,7.6867231580283e-06,-2.49873748136295e-05,4.34816672729026e-05,-1.90490011450526e-05,2.38499761572856e-06,2.83835728183761e-05
2022/10/18,0.00079983957479994,-6.32165653948598e-05,-3.75351774183911e-06,2.17528550984819e-05,4.98327761968176e-05,7.88648697595606e-06,-2.07367463583213e-05,1.44612150500574e-05,3.63309814403926e-05,-5.36284934178303e-05,8.72988795143292e-06,4.79211147815963e-05,-3.08730644647986e-05,-7.78595049170257e-05
2022/10/19,0.000794595015395605,-7.34297553976943e-05,-6.52815018682465e-06,2.43081674869841e-05,3.63624339730434e-05,-7.2556898657434e-06,4.69326458269078e-05,-2.51294832884407e-05,3.02567383093862e-05,-1.16220311672228e-05,-4.31662048722765e-05,1.16366484278432e-05,1.32005783412467e-05,-0.000119593912982815
2022/10/20,0.000789360390009346,-8.28423675558888e-05,-9.35752318227419e-06,2.46045882111623e-05,1.23418895620201e-05,-1.88947582908699e-05,8.1636414318407e-05,-4.15471629009076e-05,-7.15042171866873e-06,4.70885127116673e-05,-1.25798200368546e-05,-4.74730550773753e-05,2.45179042728489e-05,-5.15415903226123e-05
2022/10/23,0.000784140746948815,-9.12983643209416e-05,-1.21340897505212e-05,2.27789203457303e-05,-1.54329943704763e-05,-1.90132672378368e-05,5.37751481803248e-05,-1.77687602311248e-05,-4.00845038671306e-05,4.47840112764879e-05,4.25274703387736e-05,-4.61287311267453e-06,-2.57628669742312e-05,3.46374227748055e-05
2022/10/24,0.000778940714950468,-9.8655647347648e-05,-1.47359482650549e-05,1.91648090160404e-05,-3.90381461975635e-05,-6.541170597812e-06,-1.81571040157134e-05,2.43435137154312e-05,-3.36575082073828e-05,-1.71566642216672e-05,1.62410437544826e-05,4.59661338529161e-05,-1.18002976079389e-05,-0.000164365728828557
2022/10/25,0.000773764502343369,-0.000104788028153764,-1.70330234411861e-05,1.42501638503633e-05,-5.16987392007996e-05,1.12877796871849e-05,-7.93809800614155e-05,4.40716339969951e-05,9.03929952072137e-06,-5.79582588403555e-05,-4.15928117410535e-05,-1.86614157217805e-06,3.21428203959665e-05,1.11417832161523e-05
2022/10/26,0.000768615898857334,-0.000109586940676892,-1.88944171932084e-05,8.61992419671675e-06,-4.97455234249564e-05,2.30334714702257e-05,-8.06360172866076e-05,2.12164514113522e-05,4.56571415955185e-05,-2.28299929360444e-05,-1.96808077624447e-05,-4.35254235223693e-05,-4.35335954979623e-06,-9.27434051788284e-05
2022/10/27,0.000763498280584313,-0.000112962873331504,-2.01965180326126e-05,2.89051543985569e-06,-3.36826073505587e-05,2.03620909709516e-05,-1.80089129035635e-05,-2.32684621131611e-05,3.60158817403292e-05,4.34985314488229e-05,4.03932180670713e-05,7.66762974271528e-06,-3.05033915125409e-05,-0.000210748382750118
2022/10/30,0.000758414618290791,-0.000114846503274354,-2.08313833179594e-05,-2.35683538465492e-06,-8.0548644694087e-06,3.92207722230754e-06,6.15619771104252e-05,-4.64264213809709e-05,-1.35579641802915e-05,5.37297693950024e-05,2.28704141496236e-05,4.02927725657623e-05,2.004573715184e-05,5.25726061218876e-05
2022/10/31,0.000753367489183484,-0.000115189520734949,-2.07148623299428e-05,-6.63671482583045e-06,1.9849953484692e-05,-1.63404656675828e-05,9.54482925111291e-05,-2.47950145022016e-05,-5.22036915346844e-05,-7.05836344580947e-06,-3.89628471204969e-05,-1.2683365741083e-05,2.08341501600407e-05,-9.53080394367655e-05
2022/11/01,0.000748359091745552,-0.000113965136994938,-1.97939144327007e-05,-9.60760051078039e-06,4.20916570750832e-05,-2.71382743772072e-05,5.48376256033124e-05,2.18581490023907e-05,-3.64680470213496e-05,-5.98730127841036e-05,-2.57855860094408e-05,-3.6423713417315e-05,-3.12112399722822e-05,-1.03039979062208e-05
2022/11/02,0.000743391263012303,-0.000111168274925027,-1.80525958812457e-05,-1.11023743151719e-05,5.23576044097389e-05,-2.05553813243084e-05,-3.07148963053596e-05,4.8549921690583e-05,2.05441575016487e-05,-3.45047318061027e-05,3.73384680386115e-05,1.68307891279817e-05,-5.14618525071078e-06,-0.00026998876397294
2022/11/03,0.000738465498539233,-0.000106815444769746,-1.55162399560043e-05,-1.11382296558533e-05,4.77734856043413e-05,1.95329881001881e-07,-9.46405972857694e-05,2.848362855807e-05,5.8740147185351e-05,3.7103508862873e-05,2.8406751048428e-05,3.20845415080051e-05,3.45916489431783e-05,-0.000240128028463108
2022/11/06,0.000733582975268206,-0.000100944312677234,-1.22534406176182e-05,-9.90524812063106e-06,2.97214822986941e-05,2.21341821954664e-05,-8.53264144207292e-05,-2.00718198013324e-05,3.44049119770413e-05,6.10233770319379e-05,-3.5558864125937e-05,-2.00542673047418e-05,-1.27808144961019e-05,0.00023774425279298
2022/11/07,0.000728744577197542,-9.36129745129346e-05,-8.37556562529847e-06,-7.73531352251069e-06,3.42977027547049e-06,3.06136414079306e-05,-7.99226721275397e-06,-5.03751531704875e-05,-2.94973706090423e-05,4.61931141282261e-06,-3.07191997781948e-05,-2.74492759570655e-05,-2.8697263446789e-05,-4.56879164586891e-05
2022/11/08,0.000723950923206809,-8.489895254948e-05,-4.03366473170864e-06,-5.05523290350611e-06,-2.35464911392678e-05,1.91200390570767e-05,7.76550991911455e-05,-3.2249783949044e-05,-6.42692319025868e-05,-5.89421861413646e-05,3.36642753897104e-05,2.23265134306295e-05,2.81736647117669e-05,-4.338297167018e-05
2022/11/09,0.000719202396437256,-7.4897936438051e-05,5.87207629782788e-07,-2.32969404557508e-06,-4.35110437728165e-05,-5.79577612994835e-06,0.000103615598346042,1.787688957629e-05,-2.95426318341873e-05,-4.56280116014552e-05,3.27131908228055e-05,2.26962848745718e-05,1.44703519984697e-05,5.62021741368149e-05
2022/11/10,0.000714499175442134,-6.37222922725394e-05,5.27607683994625e-06,-8.11068563977741e-10,-5.08444262097119e-05,-2.81536114932127e-05,4.78223026720438e-05,5.18329265212435e-05,3.96484470373804e-05,2.82847291541581e-05,-3.16959184470528e-05,-2.36500816150997e-05,-3.64842670027106e-05,-5.12042495580146e-05
2022/11/13,0.000709841266734275,-5.14993672351035e-05,9.80620294650836e-06,1.56862475011877e-06,-4.3610494801973e-05,-3.28113746985629e-05,-4.70247207051229e-05,3.60501468132992e-05,6.79055182571768e-05,6.59685555073247e-05,-3.43840518169359e-05,-1.80043282982112e-05,4.64581426702434e-06,1.04802082801826e-05
2022/11/14,0.000705228538085797,-3.83696201031491e-05,1.39468234380926e-05,2.14150614671271e-06,-2.40870397294185e-05,-1.57590035703598e-05,-0.000106137994000728,-1.5251297738262e-05,2.19516979341601e-05,1.69552467170814e-05,2.96955904534613e-05,2.40587594742569e-05,3.47742345964966e-05,0.000325630558295858
2022/11/15,0.000700660752464875,-2.44846091185161e-05,1.74758789422945e-05,1.63688931685484e-06,1.92980388733437e-06,1.25855439780604e-05,-8.18268373041988e-05,-5.2855377558397e-05,-5.00612731324995e-05,-5.5213327517207e-05,3.57323248505332e-05,1.35478316443029e-05,-2.34093124490789e-05,9.00897119956418e-05
2022/11/16,0.000696137602035042,-1.00048705477485e-05,2.01930227440974e-05,1.40910564778924e-07,2.68396952687927e-05,3.37099839671703e-05,7.81650106524011e-06,-3.98319459070717e-05,-6.89842210350644e-05,-5.53432443165418e-05,-2.77052163153344e-05,-2.36184693823525e-05,-2.28331432210151e-05,5.921395080007e-06
2022/11/17,0.000691658741623079,4.90227807526784e-06,2.19321591700244e-05,-2.10329635719959e-06,4.34660865735299e-05,3.31488238660382e-05,9.22678171115761e-05,1.2185730774513e-05,-1.20411874213639e-05,1.77616032399196e-05,-3.67638582816577e-05,-9.49130945263832e-06,3.61863326381857e-05,-0.000137144921559274
2022/11/20,0.000687223821982261,2.00649770784403e-05,2.25727441744521e-05,-4.72568614918015e-06,4.71442836371367e-05,1.04374962048196e-05,0.000104205688944887,5.33800625418545e-05,5.97534123855561e-05,6.83045202907505e-05,2.57663136266976e-05,2.24272713325214e-05,3.58171794544155e-06,0.000971232376004361
2022/11/21,0.000682832522842066,3.53090730967337e-05,2.20491122186563e-05,-7.27605089826678e-06,3.70584158400429e-05,-2.00031177795598e-05,3.34221566624282e-05,4.35356085718578e-05,6.71403153697445e-05,2.90533427188587e-05,3.74898053412046e-05,5.98309313741308e-06,-3.87067720624121e-05,-0.000380038505058767
2022/11/22,0.000678484583798966,5.04603422498163e-05,2.03571669150605e-05,-9.28210166022835e-06,1.64382288400951e-05,-3.80415513912749e-05,-6.43489324854571e-05,-8.68463110001782e-06,5.00805601673831e-07,-4.91409490087932e-05,-2.39193848302605e-05,-2.0614086820079e-05,1.75177868310443e-05,0.000444276723059455
2022/11/23,0.000674179831109415,6.53466553356399e-05,1.7557894312558e-05,-1.03121345881015e-05,-8.43693541390972e-06,-3.12247740759888e-05,-0.000111381039446469,-5.33537916545228e-05,-6.78203150238673e-05,-6.3153746271059e-05,-3.79265023979365e-05,-3.14863798919063e-06,2.96023728360446e-05,-0.000141096876732613
2022/11/24,0.000669918201988253,7.98000592172754e-05,1.37773234589809e-05,-1.00348542456937e-05,-3.01276604418704e-05,-3.42754502280153e-06,-6.99732007935338e-05,-4.70980622565724e-05,-6.23480233127759e-05,6.35708552403414e-06,2.22032636379995e-05,1.83358617488946e-05,-3.39958307780495e-05,-0.000169715618724141
2022/11/27,0.000665699767409652,9.36587505729384e-05,9.20274611991341e-06,-8.269092532103e-06,-4.2254521509861e-05,2.72805618788373e-05,2.7121823141821e-05,4.76627690461423e-06,1.17918274541843e-05,6.8212587456181e-05,3.80952969365286e-05,1.08388431794582e-06,-1.11397098051478e-05,0.000245753801654496
2022/11/28,0.000661524754423187,0.000106768920575309,4.0752129377384e-06,-5.01715979306925e-06,-4.13884430274701e-05,4.04368836395232e-05,0.000102572191049674,5.27357103688942e-05,7.35468426653261e-05,4.02832259652261e-05,-2.0654334024729e-05,-1.57729837456628e-05,4.0436453031774e-05,0.000197347725934279
2022/11/29,0.000657393567608459,0.000118986449702717,-1.32146601715509e-06,-4.77299712615886e-07,-2.80493834471816e-05,2.69137960616904e-05,9.6225935216815e-05,5.04560267054978e-05,5.49159346720976e-05,-4.13979051015068e-05,-3.80223224845638e-05,1.50810626582389e-07,-1.12258365843961e-05,-0.00026139630724644
2022/11/30,0.000653306807618335,0.000130178432539342,-6.67478019054338e-06,4.96699248015246e-06,-6.51678591801766e-06,-4.69751363899253e-06,1.33021814570036e-05,-4.61583684949239e-07,-2.38850824025641e-05,-6.90116544998692e-05,1.93057371673401e-05,1.31231491855366e-05,-3.43838823840415e-05,-0.000117552017728732
2022/12/01,0.000649265286341159,0.000140224517659567,-1.16599998329153e-05,1.07804395702821e-05,1.6490342706323e-05,-3.35464270770567e-05,-7.97723908348831e-05,-5.14985285720658e-05,-7.64910649353491e-05,-5.26535854537445e-06,3.77381716455153e-05,-5.3584351194302e-07,3.04516730064555e-05,6.43461823802865e-05
2022/12/04,0.000645270039853105,0.000149018053241024,-1.5958266887384e-05,1.63292727591707e-05,3.38673117604719e-05,-4.03595699255297e-05,-0.000108651904469598,-5.35484037391564e-05,-4.54398335793658e-05,6.61887020041728e-05,-1.81866153679663e-05,-1.05938330181281e-05,1.73860861372211e-05,0.000231448961231963
2022/12/05,0.00064132233965591,0.000156467031488633,-1.92753492809717e-05,2.09490136903024e-05,4.02934105418995e-05,-2.0419377157845e-05,-5.06743977022916e-05,-4.18767284449097e-06,3.48729085739728e-05,5.04414519559268e-05,-3.72773943107578e-05,9.63761050467754e-08,-4.02022543361329e-05,8.83569136207987e-05
2022/12/06,0.00063742370171211,0.000162494826738475,-2.1360026793563e-05,2.40195884061196e-05,3.38612389963886e-05,1.31223782020757e-05,4.71688083959729e-05,4.96285496250098e-05,7.65311658185137e-05,-3.26076375035148e-05,1.73214643848092e-05,8.39347913625087e-06,5.28643761815512e-06,0.000185569025263197
2022/12/07,0.000633575892670229,0.000167040724947282,-2.2021042872437e-05,2.50395379652498e-05,1.66683701710926e-05,3.79545842146579e-05,0.000106287257594662,5.6318180387383e-05,3.47214993072041e-05,-7.32542117650364e-05,3.66778573131728e-05,1.09518025097738e-06,3.70652715613796e-05,0.000180165898254182
2022/12/08,0.000629780932680404,0.000170060245336397,-2.11415801924186e-05,2.36909067646885e-05,-5.81613899166143e-06,3.75516755522267e-05,7.97718229861271e-05,9.13138168644479e-06,-4.40045696073993e-05,-1.6824427155855e-05,-1.67296463894353e-05,-6.72158275387613e-06,-2.62563981464746e-05,0.000180442378230832
2022/12/11,0.000626041093945218,0.000171525257772843,-1.86903004987125e-05,1.98871372972492e-05,-2.64282425918716e-05,1.22760789365664e-05,-1.01689326477387e-05,-4.71246282105356e-05,-7.38715477277011e-05,6.27828958293003e-05,-3.59800401584769e-05,-2.91858857056921e-06,-2.187825496768e-05,0.000124136071592108
2022/12/12,0.000622358894822877,0.000171423903423794,-1.47281277859071e-05,1.37979195600205e-05,-3.85271582404565e-05,-2.08902078188783e-05,-9.06544156488953e-05,-5.8714031625211e-05,-2.36653814088577e-05,5.97557857935589e-05,1.64250671401074e-05,5.75795732274933e-06,3.85021833452985e-05,0.000142913611119801
2022/12/13,0.000618737090252583,0.000169760330297137,-9.41014543825521e-06,5.84727400688118e-06,-3.80822553265158e-05,-3.981401025395e-05,-9.72435332858986e-05,-1.43141144042614e-05,5.07722435853588e-05,-2.30688643794424e-05,3.52263268992245e-05,5.20748465533394e-06,-3.79460375810227e-07,-0.000149849366232384
2022/12/14,0.000615178659260503,0.000166554257680205,-2.98221821799367e-06,-3.31605405484929e-06,-2.49848357894783e-05,-3.20989607621366e-05,-2.57241947251048e-05,4.39963111148038e-05,6.90101535049229e-05,-7.63671185584361e-05,-1.64159473732382e-05,-5.65156404495901e-06,-3.78267368503727e-05,-2.73347511838657e-05
2022/12/15,0.000611686790060746,0.000161840385022421,4.22777257705809e-06,-1.28738359742258e-05,-3.16620293597816e-06,-3.30295341987744e-06,6.51858777159843e-05,6.06911305134766e-05,1.31660974305687e-05,-2.84996123712797e-05,-3.44602434285042e-05,-7.753606263057e-06,2.21796243356436e-05,2.38127767370237e-05
2022/12/18,0.000608264863397538,0.000155667662233424,1.18238926419502e-05,-2.19143500238052e-05,2.05400498621977e-05,2.70280109991469e-05,0.000101981508087018,1.96779288051239e-05,-5.49678609260817e-05,5.82861393089197e-05,1.67047388564441e-05,6.50949229548656e-06,2.44331108294836e-05,-0.000151636186366846
2022/12/19,0.000604916434022512,0.000148098438252978,1.93608210689296e-05,-2.9521849221055e-05,3.84707040133757e-05,3.87029613890612e-05,5.59264254579468e-05,-4.02611407127891e-05,-6.26718625203141e-05,6.86935928577256e-05,3.3725723930779e-05,1.03138039110152e-05,-3.60243319929506e-05,-2.7920720457215e-05
2022/12/20,0.000601645209833942,0.000139207504803271,2.63664288039835e-05,-3.48705641020884e-05,4.45255452247849e-05,2.44508785743001e-05,-3.43231484303945e-05,-6.2210424347028e-05,-3.99882385439046e-06,-1.26015342169376e-05,-1.72881099370711e-05,-8.3867418001311e-06,-2.98386970917954e-06,-0.000271213350843061
2022/12/21,0.000598455028709616,0.000129081053179289,3.23672148714429e-05,-3.73135313267554e-05,3.61504440817551e-05,-5.48622680350829e-06,-9.49764517064583e-05,-2.51637803441893e-05,5.67043584409545e-05,-7.86565242574894e-05,-3.30663968476757e-05,-1.26198953583969e-05,3.71179038010598e-05,-0.000108626196439643
2022/12/22,0.000595349833629654,0.00011781556268226,3.69153286547466e-05,-3.64567803757115e-05,1.52855042911336e-05,-3.06816440551778e-05,-7.74556981112353e-05,3.59426859704778e-05,5.57165182284394e-05,-4.08041540237434e-05,1.81570034806552e-05,1.1277598081577e-05,-1.89499785618561e-05,-0.000215508779891219
2022/12/26,0.00059233364711956,0.000105516639392972,3.96157482119022e-05,-3.22106569317762e-05,-1.20500021209718e-05,-3.45502940049912e-05,2.53261425664178e-06,6.32378080616047e-05,-3.27535243800087e-06,5.25090352450571e-05,3.25249078506947e-05,1.43912209772111e-05,-2.51559100285352e-05,-0.000170209405591368
2022/12/27,0.000589410545360035,9.22978222017605e-05,4.01520957165015e-05,-2.48122025242411e-05,-3.7458364132612e-05,-1.53871817824894e-05,7.87488544996816e-05,3.07121953676642e-05,-5.6399832659963e-05,7.76435393029846e-05,-1.92967112470315e-05,-1.51093451841173e-05,3.35517286021003e-05,-0.000250346143520273
2022/12/28,0.000586584631915116,7.82793712272157e-05,3.83095636734498e-05,-1.48153326862352e-05,-5.26768573689649e-05,1.30085331093564e-05,8.91620443681063e-05,-3.10691814643333e-05,-4.90317275247833e-05,-5.97476477205241e-07,-3.21422095010303e-05,-1.53494565862685e-05,4.53593650106151e-06,-0.000108533839185485
2022/12/29,0.000583860010962202,6.35870522485852e-05,3.3993505427664e-05,-3.04877690523191e-06,-5.21653431853218e-05,3.12428790038664e-05,2.65193608178233e-05,-6.37430135193042e-05,8.37985775178498e-06,-7.99709738650993e-05,2.06869921779319e-05,1.97390421288809e-05,-3.55978753671619e-05,-2.19567176766199e-05
2023/01/02,0.000581240760208661,4.83509296354248e-05,2.72424106223669e-05,9.45496197285598e-06,-3.49780182563008e-05,2.76714245398483e-05,-5.65426846365826e-05,-3.62629006540242e-05,5.47270082178743e-05,-5.42953971573515e-05,3.19568345874062e-05,1.52350976642843e-05,1.71506266450983e-05,0.000233154946610439
2023/01/03,0.000578730903687701,3.27041786518511e-05,1.82342338193992e-05,2.15533378788764e-05,-5.3146542198638e-06,5.93640010965471e-06,-9.15046056496708e-05,2.56731009361028e-05,4.34215237559189e-05,4.47463060379005e-05,-2.23022590643054e-05,-2.49539865984642e-05,2.44299926954715e-05,0.000156730527959428
2023/01/04,0.000576334384157974,1.67819257640799e-05,7.2853618149309e-06,3.21014317360424e-05,2.84783625682687e-05,-1.82516262191148e-05,-5.04483192060491e-05,6.36986860497743e-05,-1.13617719526921e-05,8.65897196418741e-05,-3.20041510626643e-05,-1.38247925300836e-05,-3.1852337507883e-05,0.000155942126745543
2023/01/05,0.000574055034479947,7.20123608220867e-07,-5.15812074476817e-06,4.00631912034874e-05,5.62277837767819e-05,-2.84460967684958e-05,3.15163948758891e-05,4.17539713998734e-05,-5.25328326208806e-05,1.37398318387474e-05,2.41118923521665e-05,3.04763423164144e-05,-4.29474485298617e-06,-5.96697708643968e-05
2023/01/08,0.000571896547890204,-1.53455333682309e-05,-1.85367939332091e-05,4.46152666893172e-05,6.89356589435497e-05,-1.87524530009578e-05,8.59953149128123e-05,-1.9791402156655e-05,-3.95018199702606e-05,-7.95702167473529e-05,3.23156578686142e-05,1.09485673168025e-05,3.40452198273527e-05,-0.000112027014271986
2023/01/09,0.000569862447498379,-3.12806472229187e-05,-3.22013900056414e-05,4.52329606445042e-05,6.15907780044757e-05,2.74071889123585e-06,6.82140223000988e-05,-6.30798580957761e-05,1.25953211011638e-05,-6.92191443829114e-05,-2.60806749776944e-05,-3.59721454549698e-05,-1.71350913042168e-05,9.85597030042715e-05
2023/01/10,0.000567956055612468,-4.69531042023397e-05,-4.54424816421632e-05,4.17493553503831e-05,3.4932663353772e-05,2.04072378588544e-05,-6.14569842126777e-06,-4.71208234648255e-05,5.07355233617597e-05,3.39410689520812e-05,-3.29183342898697e-05,-6.50586022563059e-06,-2.28669620865511e-05,-3.13664015667099e-06
2023/01/11,0.000566180463447875,-6.22340084148261e-05,-5.75250603781955e-05,3.43811487901005e-05,-4.41581378064244e-06,2.24234315743307e-05,-7.45082804745076e-05,1.3466469719017e-05,3.76133324039582e-05,9.48858906327259e-05,2.81693663122437e-05,4.10646437013371e-05,3.1572248682231e-05,-0.000189487832215647
2023/01/12,0.000564538501485584,-7.69985595980783e-05,-6.77263656005997e-05,2.37178770265406e-05,-4.55723069496337e-05,8.78780071794158e-06,-7.98080220242819e-05,6.18643334481042e-05,-1.2748036926853e-05,3.1038297595638e-05,3.383411747823e-05,4.79291577628307e-07,2.56494513496029e-06,-0.00019160187336518
2023/01/15,0.000563032710804201,-9.11268740345042e-05,-7.53750722076702e-05,1.06747354674267e-05,-7.63837685089489e-05,-9.48665610840961e-06,-1.80245773340894e-05,5.22958699353117e-05,-5.02084833351643e-05,-7.6193511016739e-05,-3.03353521213231e-05,-4.53516036005943e-05,-3.32525021434954e-05,7.51100842039995e-05
2023/01/16,0.000561665315962369,-0.000104504748251905,-7.98897865187103e-05,-3.58721147387212e-06,-8.69642068340707e-05,-1.8983027960379e-05,5.86748965284178e-05,-6.74689986072973e-06,-3.77615257782741e-05,-8.52020311724223e-05,-3.50794849254308e-05,7.0549509992816e-06,1.89758627148975e-05,0.000147635896570828
2023/01/17,0.000560438200220775,-0.000117024365740721,-8.08147483131884e-05,-1.77663732967861e-05,-7.27626948442549e-05,-1.37124217401489e-05,8.57147819238298e-05,-6.003333112626e-05,1.27115041160206e-05,1.90117569296974e-05,3.25333610059853e-05,4.84259883634198e-05,2.12262956448021e-05,3.59000468568297e-05
2023/01/18,0.000559352883454833,-0.000128584948288037,-7.78507000006585e-05,-3.05418341718175e-05,-3.62309231321171e-05,1.02324655421379e-06,4.02550165150393e-05,-5.72085505625755e-05,5.16628355270058e-05,0.000101213692054255,3.66651251875234e-05,-1.59211263906866e-05,-3.31456856184545e-05,0.000100079968871476
2023/01/19,0.000558410502493603,-0.000139093354965506,-7.08790612037648e-05,-4.06989817640119e-05,1.34746584235978e-05,1.32888864775179e-05,-3.95411095644268e-05,-3.1186858599458e-07,3.95917094363528e-05,5.13883746174015e-05,-3.47162368846168e-05,-4.98991183438692e-05,9.91047066267734e-08,0.00010083849515709
2023/01/22,0.000557611793518549,-0.000148464632286315,-5.99778305785475e-05,-4.72474824892135e-05,6.27725470137528e-05,1.38812853161055e-05,-8.63488362261689e-05,5.75723321084739e-05,-1.35016518091025e-05,-6.83228649952721e-05,-3.85957062461805e-05,2.58431726473034e-05,3.39186764972135e-05,4.79011975294013e-05
2023/01/23,0.000556957076444928,-0.000156622518665053,-4.5428014222633e-05,-4.95200349393714e-05,9.73552070326528e-05,3.21435989923047e-06,-6.01995215997078e-05,6.17856448861819e-05,-5.55407406035534e-05,-0.000101092496011457,3.68357339134625e-05,4.94251736787748e-05,-2.24495778100439e-05,8.26247079965888e-05
2023/01/24,0.000556446241588513,-0.000163499905563336,-2.77098348648121e-05,-4.72419831589099e-05,0.000106303033154973,-9.40984344940342e-06,1.75744155772323e-05,7.64681233559563e-06,-4.24041525284219e-05,-7.47567946963005e-07,4.08697275297576e-05,-3.64497460989885e-05,-2.03152258457534e-05,0.000129624029270517
2023/01/25,0.000556078738846066,-0.000169039257372759,-7.48848759025174e-06,-4.05645179688082e-05,8.54388961898554e-05,-1.3410036354846e-05,8.16672475496477e-05,-5.44725138160008e-05,1.61371505463879e-05,0.000103749951062907,-3.88433091610014e-05,-4.67257003050568e-05,3.67321899163347e-05,-6.60873515424748e-05
2023/01/26,0.000555853569244447,-0.000173192991995708,1.4410249591961e-05,-3.0057594671764e-05,3.89121673696009e-05,-5.43290887587758e-06,7.7377710376181e-05,-6.59521826653085e-05,6.19317341790335e-05,7.40709489003812e-05,-4.34794237790568e-05,4.72853567830927e-05,-2.96282655826462e-06,-0.000108062807898718
2023/01/29,0.000555769278619842,-0.000175923823452696,3.70336978103178e-05,-1.66625276374386e-05,-2.15350617801556e-05,7.8922188691904e-06,7.00291729378699e-06,-1.51867003353788e-05,4.52105617289772e-05,-5.45781373526111e-05,4.06909235096274e-05,4.16126339505683e-05,-3.65528764702792e-05,0.00023683989524625
2023/01/30,0.000555823953473375,-0.000177205066570525,5.93438829968866e-05,-1.60812080211938e-06,-7.9523551541668e-05,1.51746594323532e-05,-7.10981300833639e-05,5.07325937502228e-05,-2.15075254484046e-05,-0.000115005976145276,4.64107269463561e-05,-5.78275277580027e-05,2.70597505853716e-05,0.000212621331164794
2023/01/31,0.000556015218864459,-0.000177020902988226,8.02652344502619e-05,1.37022164605087e-05,-0.000118473541292613,9.48785044079257e-06,-9.07395114621448e-05,6.96329650023505e-05,-7.05231326890837e-05,-2.52991979752451e-05,-4.23318598521778e-05,-3.40082910708799e-05,2.08814043427679e-05,0.000347674547769229
2023/02/01,0.000556340238058493,-0.000175366606756766,9.87361658359495e-05,2.78219892451333e-05,-0.00012632139647788,-5.61886220441491e-06,-3.36850029725276e-05,2.28518683813641e-05,-4.68289989674939e-05,0.000100513533974443,-4.96433141128392e-05,6.75095302136536e-05,-4.2187088667447e-05,0.000228777944450332
2023/02/02,0.000556795714087362,-0.000172248726098237,0.000113762053320595,3.93994196030316e-05,-9.91797518046535e-05,-1.82721024361262e-05,5.38230198243649e-05,-4.63607298939601e-05,3.02448987933608e-05,9.74635946407279e-05,4.37215516260749e-05,2.39608327866124e-05,5.20474502159594e-06,9.61874805292504e-05
2023/02/05,0.000557377893108159,-0.000167685217088976,0.000124466970319002,4.73083628071137e-05,-4.28466335424622e-05,-1.73328381951132e-05,9.85031195813825e-05,-7.27545307797483e-05,8.05929459428017e-05,-3.41470054946714e-05,5.31508059020848e-05,-7.57478001878298e-05,4.13993927547993e-05,-2.33024651265425e-05
2023/02/06,0.00055808256917998,-0.000161705524284989,0.000130141515359027,5.07596125578334e-05,2.83651006097498e-05,-1.59420620154047e-06,6.1157420061918e-05,-3.05545378057929e-05,4.60097657478632e-05,-0.000124577732497457,-4.48183456917866e-05,-1.16538369797872e-05,-3.20940445925109e-05,6.59612445374927e-05
2023/02/07,0.00055890509030689,-0.000154350601986525,0.000130284184899243,4.93815532859045e-05,9.52656613186502e-05,1.81805742664054e-05,-2.93343991237487e-05,4.13761323064536e-05,-4.26140226500323e-05,-5.36293327347011e-05,-5.6901099629394e-05,8.19727930385942e-05,-2.35100090167935e-05,-0.000234141524280946
2023/02/08,0.000559840366048081,-0.000145672868381627,0.000124633993636582,4.32618939783066e-05,0.000138969828310025,2.65723209775429e-05,-9.83652275828094e-05,7.52473224676564e-05,-9.10492937554601e-05,8.98088431921224e-05,4.55841940362748e-05,-2.59106711635772e-06,4.9069299092062e-05,-0.000402781604902399
2023/02/09,0.000560882877089173,-0.00013573608408897,0.000113192419803824,3.29458319562953e-05,0.000146220823293675,1.52298695576289e-05,-8.69861017054979e-05,3.81997100301824e-05,-4.15804499199815e-05,0.000119161415228487,6.08568286385712e-05,-8.56617134599436e-05,-6.02316932644796e-06,-0.000191618257096995
2023/02/12,0.000562026687142601,-0.000124615146457465,9.6233235686377e-05,1.93901099014686e-05,0.000113357118779283,-9.750431182604e-06,-1.90655326602416e-06,-3.58100765034618e-05,5.84342409770102e-05,-7.13666821962161e-06,-4.59852244838629e-05,1.83192531623137e-05,-4.83943733633674e-05,-0.000259377172172647
2023/02/13,0.000563265457149743,-0.000112395791647276,7.42993514767132e-05,3.8766582092738e-06,4.77465249886267e-05,-3.09071958079557e-05,8.80683241435872e-05,-7.70474285896087e-05,0.000100515687053268,-0.000127365375473508,-6.49758232398784e-05,8.63713930833566e-05,3.67101887736352e-05,-6.49769701199775e-05
2023/02/14,0.000564592461652991,-9.91741971358219e-05,4.81864281826949e-05,-1.21065401787037e-05,-3.38182893006314e-05,-3.15646825528124e-05,0.0001076797803192,-4.56857300353829e-05,3.25960437286341e-05,-8.37126503221531e-05,4.59923140747811e-05,-3.49561196128345e-05,2.85394390364543e-05,-4.20232578564151e-05
2023/02/15,0.000566000607489701,-8.50564777388581e-05,1.89136725177613e-05,-2.70064411715733e-05,-0.000109430120550696,-8.62823978539636e-06,3.79385780924878e-05,2.97073412134379e-05,-7.70441928920535e-05,7.066025395639e-05,6.92116020439164e-05,-8.37693952183656e-05,-5.66869418186384e-05,5.23257538618867e-05
2023/02/16,0.000567482454611584,-7.01580697462597e-05,-1.23171208087437e-05,-3.93545684307398e-05,-0.000157975090992197,2.36075973945151e-05,-6.61900458676778e-05,7.80989264530762e-05,-0.000107456478260114,0.000136283498778185,-4.55816998318841e-05,5.18279706618845e-05,4.74238750848867e-06,0.000214201238529884
2023/02/19,0.000569030239044426,-5.46029989064416e-05,-4.41725978367208e-05,-4.79109870468222e-05,-0.000165039213763821,4.23303465037485e-05,-0.000119180348530823,5.29054380720697e-05,-1.84779846242298e-05,2.52271935803267e-05,-7.35139615620475e-05,7.76613796058291e-05,5.71604395967287e-05,-0.000147522944132223
2023/02/20,0.000570635897955002,-3.85230297060675e-05,-7.52467176685232e-05,-5.17886082281701e-05,-0.000127158260007089,3.22839906647014e-05,-7.51047313994347e-05,-2.31274088734224e-05,9.73170195659062e-05,-0.000121315075252088,4.47355741447484e-05,-6.81901686359523e-05,-4.00398592658041e-05,0.000330775376706194
2023/02/21,0.000572291096806032,-2.20566952873661e-05,-0.000104124794354385,-5.05454430597127e-05,-5.316374724679e-05,-2.24032372532292e-06,3.29363938437391e-05,-7.8356480541364e-05,0.000110332418365503,-0.000112673269009387,7.78297277577931e-05,-6.801278385423e-05,-3.60052652727668e-05,0.000140270165578258
2023/02/22,0.00057398725902696,-5.34820902057768e-06,-0.000129449711645583,-4.42352770763575e-05,3.78490114748122e-05,-3.8692478633877e-05,0.000117711385517196,-5.97478932850836e-05,-8.74050697078514e-07,4.31627886271282e-05,-4.34425593417912e-05,8.3261466872672e-05,6.41743720588464e-05,-0.000224431103877265
2023/02/23,0.000575715597878684,1.14537378814479e-05,-0.000149987136395513,-3.34110646770486e-05,0.000121473305666664,-5.10060714460464e-05,0.000108326728803636,1.61451628141986e-05,-0.000117728819386483,0.000145909839570951,-8.21035885946737e-05,5.4963165832589e-05,-9.07285372236575e-07,-6.68095725761698e-05
2023/02/26,0.000577467150257252,2.81972858003678e-05,-0.00016468653244525,-1.90797908833323e-05,0.000174574185982374,-2.81496486526995e-05,9.30930132888949e-06,7.77879170230267e-05,-0.000107771678515308,6.0578820736525e-05,4.16980334658983e-05,-9.62629685722461e-05,-6.70374648518537e-05,-4.47736106736444e-05
2023/02/27,0.00057923281228768,4.47288138162009e-05,-0.000172734912090536,-2.61220795502649e-06,0.000181717388599518,1.66659274994055e-05,-0.000100798530572608,6.61006925579311e-05,2.50125638159762e-05,-0.000105228611047235,8.62789050896813e-05,-3.88318884949628e-05,4.12996623828657e-05,-0.000274103615888891
2023/02/28,0.000581003376322075,6.08944322328248e-05,-0.000173600554091108,1.43847114616676e-05,0.000139649969892454,5.34868037291444e-05,-0.000131861934924197,-8.85076505071307e-06,0.00013647757425883,-0.000137125975004864,-3.95043189398038e-05,0.000106459822224656,4.56161747240777e-05,-0.000193315316835044
2023/03/01,0.000582769569352859,7.65415462596986e-05,-0.000167064352553742,3.02209850318099e-05,5.85321589918772e-05,5.56723801629476e-05,-5.58907646120112e-05,-7.63764671688569e-05,9.87387492325705e-05,8.69827994845832e-06,-9.02984796556611e-05,2.01141581691611e-05,-7.05924593097973e-05,-0.000229363303849314
2023/03/02,0.000584522092875422,9.15204741981827e-05,-0.000153237022306903,4.328813051088e-05,-4.05088301846694e-05,1.90565798544235e-05,6.82021364413585e-05,-7.18526928919799e-05,-5.29261608434675e-05,0.000145604027424855,3.68708038647544e-05,-0.000113203416536426,-5.64305336114145e-06,-2.474806904529e-05
2023/03/05,0.000586251664083294,0.000105686100987931,-0.000132561047180799,5.22191892317719e-05,-0.000130918123121401,-3.35030408418663e-05,0.000140421096318957,1.34895891078592e-06,-0.000151643448081009,9.5601309343399e-05,9.41053613063274e-05,5.3309736432712e-07,7.71481445779002e-05,-0.000428864262899618
2023/03/06,0.000587949058315387,0.000118899545883549,-0.000105796985711238,5.60285549247645e-05,-0.000187884699397694,-6.6387690213829e-05,0.000100346380394511,7.41229398973835e-05,-8.26821438609459e-05,-7.915426971252e-05,-3.38140170809612e-05,0.000115971614780205,-3.98974216075756e-05,-9.8779866611036e-05
2023/03/07,0.000589605152339449,0.00013102982080569,-7.39945095206275e-05,5.42175037657648e-05,-0.000195195360429711,-5.53998200031827e-05,-2.24931244326474e-05,7.68972681308675e-05,8.30832400797734e-05,-0.000153682852295323,-9.76437569729392e-05,-2.23153837095765e-05,-5.67695026882144e-05,0.000156966324930676
2023/03/08,0.000591210968443972,0.000141955454904179,-3.84493035439003e-05,4.68343363493726e-05,-0.000149865942390492,-5.41882058374778e-06,-0.000130410744249299,6.24231468335268e-06,0.000161376212897499,-3.00648415609992e-05,3.03575894112407e-05,-0.00011440453782757,7.50443151160909e-05,-0.0001837480016497
2023/03/09,0.000592757719069264,0.000151566059490866,-6.47668238280639e-07,3.44822063361008e-05,-6.32218116684854e-05,5.12678361451383e-05,-0.000135411903366262,-7.1047694391417e-05,5.96430400261449e-05,0.000133936427907032,0.000100860037657362,4.43340659798262e-05,1.47358032911544e-05,-0.000304257118238443
2023/03/12,0.000594236851461074,0.000159763806538864,3.77987060772194e-05,1.82726496979603e-05,4.19407546590104e-05,7.58784238446999e-05,-3.09357742086289e-05,-8.11361789532597e-05,-0.000113535301519961,0.000126444661339587,-2.65320213652816e-05,0.000108333534887743,-8.64973034078117e-05,0.000409301190948785
2023/03/13,0.0005956400917816,0.000166464793741615,7.52248074013357e-05,-2.71916440596678e-07,0.000137399748120539,4.9713594576095e-05,0.000101001815850751,-1.37943524108679e-05,-0.000164091145125996,-4.45922356286504e-05,-0.000103703785445812,-6.56277249874638e-05,3.55202952992288e-05,-2.01759867317777e-05
2023/03/14,0.000596959487263134,0.00017160026861018,0.000109987853286617,-1.93583897976729e-05,0.00019714438995557,-1.18458901524751e-05,0.000154386685541269,6.71920113685685e-05,-3.03095940985711e-05,-0.000159546301162997,2.23742657897271e-05,-9.78011694594066e-05,6.86100890686431e-05,0.000465274293787414
2023/03/15,0.000598187444872517,0.000175117685315592,0.000140542756171748,-3.70931550133097e-05,0.000204521075567754,-6.82817592523413e-05,8.45099581802172e-05,8.44838691746444e-05,0.000142073248138256,-6.94314996790747e-05,0.000106128820577154,8.52195035899015e-05,-7.67932671274174e-05,0.000299314319484359
2023/03/16,0.000599316765899128,0.000176981571301395,0.000165513901431891,-5.16662608717992e-05,0.000156909706407179,-8.06984300186446e-05,-5.47350654827081e-05,2.11711928970994e-05,0.000158652392761077,0.00011088537471694,-1.79271909344501e-05,8.30704275760724e-05,-2.58675632221428e-05,0.000134720177538962
2023/03/19,0.000600340674738249,0.000177174182272558,0.000183759779524389,-6.15318676554153e-05,6.66079527292965e-05,-3.86686397622719e-05,-0.000152578701578789,-6.26187871581124e-05,-3.9933003381249e-06,0.000149307823760688,-0.000108094156433802,-0.00010216794881566,9.40931438316892e-05,0.000671833844885306
2023/03/20,0.000601252840937294,0.000175695928863071,0.000194427332397559,-6.55671592777242e-05,-4.23662661638915e-05,3.13897959754057e-05,-0.000129695304320139,-8.68721679182743e-05,-0.000166423494130445,-4.44619542268982e-06,1.32389906465611e-05,-6.46219674537248e-05,-2.81892676012587e-05,0.000414720933468257
2023/03/21,0.000602047394923419,0.000172565564272766,0.00019699335123989,-6.3193594233474e-05,-0.000140717800168039,8.28420247697067e-05,-2.54207026039716e-06,-2.82342160852261e-05,-0.000144522594278402,-0.000153064521065767,0.000109564886971802,0.000115618494144842,-8.01278333036779e-05,-5.57260869274419e-05
2023/03/22,0.000602718938188883,0.000167820127129441,0.000191290870020064,-5.44476847839346e-05,-0.000201820315397865,7.9990010229423e-05,0.000128492174196569,5.74125393512289e-05,4.13825344751664e-05,-0.000105163982732734,-8.36243309171289e-06,4.31390784662463e-05,7.53649089943866e-05,-0.000533099765045161
2023/03/23,0.000603262549498954,0.000161514639129574,0.00017751920819348,-3.99931574398421e-05,-0.000208991580176127,2.28689446859715e-05,0.000158580603764892,8.82554305420998e-05,0.000184464924728912,7.80252431124263e-05,-0.00011051291587505,-0.000124852558511909,3.82556543078628e-05,-0.000112473985961244
2023/03/26,0.000603673788448595,0.000153721560681178,0.00015623708912344,-2.10719324306922e-05,-0.000160092449799749,-5.15570135973651e-05,6.24666535777406e-05,3.48482970269284e-05,0.000121859698214105,0.000161079216388223,3.35406999248863e-06,-1.94805194450061e-05,-9.90771033420705e-05,-0.000452928354837816
2023/03/27,0.000603948696586601,0.000144530010018914,0.00012833906191889,6.02670143936774e-07,-6.81698469699303e-05,-9.3399135698722e-05,-8.44520386413689e-05,-5.16773565493684e-05,-7.95588481603674e-05,3.72849835089014e-05,0.000110917694267079,0.000129331403766542,1.82695554461305e-05,-0.000401096849637237
2023/03/28,0.00060408379582308,0.000134044754164555,9.50162493226845e-05,2.30013255861745e-05,4.20508297190121e-05,-7.34061442500734e-05,-0.000165486644971798,-8.86141994212449e-05,-0.000194442836922744,-0.000134145536205292,1.72669297566771e-06,-5.35780298872495e-06,9.02869722458286e-05,2.26875449228751e-05
2023/03/29,0.000604076084798096,0.000122384984734457,5.77031967512992e-05,4.39685514451713e-05,0.000140874038372199,-3.4275672247324e-06,-0.000115562451194932,-4.08876759507659e-05,-9.15460286686312e-05,-0.000133122801568788,-0.000110766936001892,-0.000128731883288724,-7.0622269674364e-05,7.58887574716073e-05
2023/03/30,0.000603923034002492,0.000109682894908162,1.80132667661458e-05,6.14291698538639e-05,0.000201707865890668,7.05470991553663e-05,2.64770464900303e-05,4.55344795581289e-05,0.000116001158308717,3.84478288613889e-05,-6.81869146539618e-06,3.02906851868463e-05,-5.09342267520872e-05,-0.000994448610764327
2023/04/02,0.000603622579733474,9.60820757421115e-05,-2.23344235253717e-05,7.35915475406409e-05,0.000208288595957067,9.87322364422251e-05,0.000148244424897969,8.79587891065446e-05,0.000195156409871221,0.000159934644268583,0.000110057313270146,0.000122971547523437,0.000100849531054527,0.00316706472811743
2023/04/03,0.000603173116919276,8.17357521958443e-05,-6.15931113251829e-05,7.91276965644057e-05,0.000159074804719858,6.11740491411305e-05,0.000152990977939628,4.62425050984526e-05,5.51429183560021e-05,7.6061196820875e-05,1.18603210083361e-05,-5.41986668669503e-05,-6.43417215384125e-06,-0.000767679388417834
2023/04/04,0.000602573486398335,6.68048761316844e-05,-9.8067884910288e-05,7.73122035422105e-05,6.76114615390106e-05,-1.81301045646869e-05,3.66309828350783e-05,-3.91186786129955e-05,-0.000148193741505702,-0.000104435157093144,-0.000108795033686443,-0.000112220977127613,-9.81732423645415e-05,0.000158765809419096
2023/04/05,0.000601822950356188,5.14560950322783e-05,-0.000130192824277617,6.81056747931782e-05,-4.12228433568175e-05,-8.66076822432924e-05,-0.000108831600733507,-8.63319898101996e-05,-0.000186096809812673,-0.000149979387979012,-1.67910524175489e-05,7.59872989462971e-05,6.28006636876153e-05,0.000250441507815111
2023/04/09,0.000600921162277482,3.58596348829633e-05,-0.000156602108286301,5.21736123245177e-05,-0.000138038671070495,-9.81012902979341e-05,-0.000168286751314271,-5.08256420337815e-05,-1.47722342295823e-05,-3.62061977851589e-06,0.00010699596829923,9.69016265855676e-05,6.2887959557507e-05,-2.90696469163878e-05
2023/04/10,0.000599868136549345,2.01871371123567e-05,-0.000176191684854337,3.083779496323e-05,-0.000196942021190347,-4.40943351323287e-05,-9.48337540177654e-05,3.25730180398546e-05,0.000173861582175049,0.000145766004509375,2.15529990715357e-05,-9.46469394345415e-05,-9.91698479895408e-05,-8.61360898018849e-05
2023/04/11,0.000598664218296244,4.60948447020534e-06,-0.000188168557577934,5.96374493286752e-06,-0.000202524005619472,4.00244722152024e-05,5.31823161098391e-05,8.38091295348184e-05,0.000167516593572991,0.000107535799107083,-0.00010468495916286,-7.7668354480813e-05,-6.42441909522824e-06,-0.000246133462302945
2023/04/12,0.000597310054018116,-1.07053497867311e-05,-0.000192085342007906,-2.02058965998584e-05,-0.000153929982096089,9.82368744744574e-05,0.000158687395244544,5.45778248303266e-05,-2.70650251268992e-05,-6.71701673314639e-05,-2.60923131702191e-05,0.000109308851677493,0.000103136534867519,-0.00045585645899329
2023/04/13,0.000595806563430523,-2.5594396201623e-05,-0.000187858463528117,-4.52568976938447e-05,-6.49236805788179e-05,9.1343798331442e-05,0.00013872876761598,-2.604128595946e-05,-0.000191184215064019,-0.000153849143219037,0.000101894723637204,5.53778282922754e-05,-5.24831154005982e-05,3.04015163380917e-05
2023/04/16,0.000594154912944017,-3.99016952048837e-05,-0.000175769170146166,-6.68287261915478e-05,4.00270847102662e-05,2.34587709387926e-05,9.82924732232503e-06,-8.04929126953248e-05,-0.000140418329878272,-4.34761246760525e-05,3.03603230894767e-05,-0.000119293859227303,-7.32048000649124e-05,0.000290322279079585
2023/04/17,0.000592356491024846,-5.34801855770572e-05,-0.000156447378060165,-8.28383172278175e-05,0.000132524592979244,-6.0421151109868e-05,-0.000125742909626336,-5.74695638326682e-05,6.77107574393142e-05,0.000120295696296291,-9.86646780466722e-05,-3.10449394257829e-05,9.41933518664438e-05,-7.86717666997726e-05
2023/04/18,0.000590412885504726,-6.61934486309513e-05,-0.000130839212352341,-9.16809242307714e-05,0.000187986156965799,-0.000104349819428829,-0.000161339907699198,1.96598720143989e-05,0.000198961875198951,0.00012831208133481,-3.43144289818307e-05,0.000124150550596801,1.93313541049092e-05,-0.000331345034396473
2023/04/19,0.000588325862885942,-7.79172843907915e-05,-0.000100159905930749,-9.2388617410362e-05,0.000192230783231549,-7.88855787249054e-05,-7.00266473710479e-05,7.65058993612641e-05,0.000106467728661823,-2.66822681854189e-05,9.50397008370046e-05,5.78983168639944e-06,-0.000104874957168859,-0.000177722547481848
2023/04/20,0.00058609734967378,-8.85410992757281e-05,-6.58344356999411e-05,-8.4730845229216e-05,0.000145128470341029,-9.00951966958668e-07,7.50566262552743e-05,5.95005698898359e-05,-0.000104584283254644,-0.000144651309580109,3.79187660642178e-05,-0.000123680715646186,4.04918943193709e-05,-8.97680358907256e-05
2023/04/23,0.000583729415600618,-9.79690884330997e-05,-2.94288691233593e-05,-6.92468614386417e-05,6.03673838948914e-05,7.76280549185779e-05,0.000159433391600713,-1.35513449172185e-05,-0.000196718531043622,-7.67254870032388e-05,-9.10688382848466e-05,1.92213003584498e-05,8.11968796389104e-05,-9.58574057681342e-05
2023/04/24,0.000581224258849606,-0.000106121199168668,7.42416438351746e-06,-4.72062299430431e-05,-3.85255795050087e-05,0.000104381309142872,0.00011783880234038,-7.19829235826959e-05,-6.78445899762882e-05,8.68027358999107e-05,-4.11446306934838e-05,0.000117950486186211,-8.6404027018179e-05,-0.000243934576915131
2023/04/25,0.000578584193440371,-0.000112933865592059,4.31021954417621e-05,-2.05004393784953e-05,-0.000124751870534854,6.16791510123572e-05,-1.52123576074154e-05,-6.06974158531204e-05,0.000135404687628329,0.000136511566870738,8.6803967535152e-05,-4.28381318610337e-05,-3.13760563248115e-05,-8.92596247769188e-05
2023/04/26,0.000575811638719291,-0.00011836050870356,7.60680679112828e-05,8.52476680789216e-06,-0.000175552053714847,-2.17816070373221e-05,-0.000134079474476479,7.81991386789449e-06,0.00018473397309579,1.23258075539999e-05,4.39706721426443e-05,-0.000107286531882457,0.000103425916765156,-5.37905810492854e-05
2023/04/27,0.000572909110626131,-0.000122371800296239,0.000104939872200664,3.72810461567094e-05,-0.000178252255307738,-9.02623676554169e-05,-0.000146071042939433,6.70638570128345e-05,2.70487023665067e-05,-0.000124102270371704,-8.22984640779698e-05,6.39871661764825e-05,-2.77406638197281e-05,0.000347062109928901
2023/04/30,0.000569879214318837,-0.000124955692792023,0.000128552304759285,6.31735403267464e-05,-0.000133429540769749,-9.83261994548847e-05,-4.38781207712774e-05,6.11097706402893e-05,-0.000158379466721151,-9.99979151415185e-05,-4.6382872866806e-05,9.225759916335e-05,-8.64556815989423e-05,0.000255424060907844
2023/05/01,0.000566724638129165,-0.000126117220067754,0.000146006567382834,8.38394135438159e-05,-5.44057948907904e-05,-4.10927960136088e-05,9.0350786154327e-05,-2.54881720319859e-06,-0.000164004336969838,4.95611378023845e-05,7.76059027253534e-05,-8.17281269941392e-05,7.64975515398925e-05,-0.000180059905138443
2023/05/02,0.000563448148887474,-0.000125878077463728,0.000156706530732472,9.73665417330555e-05,3.66969748518039e-05,4.28094070661272e-05,0.000151169429569933,-6.18871946281387e-05,1.33186101503203e-05,0.000132040669975573,4.83743569534451e-05,-7.36425407451009e-05,4.1816725995844e-05,-0.00039534458307908
2023/05/03,0.000560052588525914,-0.000124275992372771,0.000160379607312681,0.000102471833544044,0.000115173591929944,9.73758822703873e-05,9.28496333422929e-05,-6.08057670655641e-05,0.000172342175276719,4.55418803890246e-05,-7.27787700839866e-05,9.53025111235867e-05,-9.91028267018896e-05,0.000994838652509618
2023/05/04,0.000556540871588845,-0.000121363899976815,0.000157081571768858,9.86224026457065e-05,0.000160470078423884,8.67220061046072e-05,-3.62398777486694e-05,-2.20061894888988e-06,0.000136137635308105,-9.53896701843847e-05,-4.99449943788616e-05,5.23868087238433e-05,1.5107988857242e-05,-0.00055278430218347
2023/05/07,0.000552915981715057,-0.000117208942914595,0.000147185388091342,8.60881446177186e-05,0.000161589774642973,1.87642459556466e-05,-0.000133727476273016,5.65846104635076e-05,-5.077485043287e-05,-0.000111446410136432,6.78672550885465e-05,-0.00010417147670144,8.88493073514273e-05,-0.000354835551467866
2023/05/08,0.000549180965199315,-0.000111891314940378,0.000131354917192192,6.59206986485077e-05,0.000119743400107133,-6.05931217844945e-05,-0.000124582895554848,5.98669293222912e-05,-0.000176827475479894,1.31296652907174e-05,5.1100807002239e-05,-2.95500646317002e-05,-6.52612948328873e-05,3.78047844618063e-05
2023/05/09,0.000545338924101843,-0.000105502964092071,0.000110505143787724,3.986067837427e-05,4.76117102908717e-05,-9.8532649023348e-05,-1.89528719195799e-05,6.38873973156103e-06,-0.000103197032488229,0.000116538505336212,-6.29182341510217e-05,0.000108040869556779,-5.01314019373424e-05,-5.23714175676682e-05
2023/05/10,0.00054139301060081,-9.81461727266092e-05,8.57512193078741e-05,1.0181751468488e-05,-3.44664016228898e-05,-7.0578045668957e-05,9.81579634160273e-05,-5.12762717631905e-05,8.3156884629414e-05,6.97082772849265e-05,-5.18531515107524e-05,6.24820783196119e-06,9.24050056989215e-05,-0.000151678276946024
2023/05/11,0.000537346422382666,-8.99320353385559e-05,5.83491392577653e-05,-2.05139932322344e-05,-0.000104239995608797,3.56844963749179e-06,0.000135383331087865,-5.83828688649732e-05,0.000172078506616792,-6.26069360944769e-05,5.79746993076641e-05,-0.000106871966532023,-3.34901094588048e-06,5.22022583266958e-05
2023/05/14,0.000533202398906006,-8.09788560474509e-05,2.96312406191585e-05,-4.95304656048617e-05,-0.000143598754255297,7.38813479716187e-05,6.64043349294277e-05,-9.99598846686183e-06,6.75096849657613e-05,-0.00011096841928219,5.22178415298519e-05,1.64065545971674e-05,-8.84775678252636e-05,-3.10373520370669e-05
2023/05/15,0.000528964218369854,-7.14104882179643e-05,9.39898505596752e-07,-7.43201570937577e-05,-0.000143279803465445,9.38309084338709e-05,-5.16360813346122e-05,4.60683304442715e-05,-0.000108781583146828,-1.83798291090349e-05,-5.30755177124871e-05,0.00010087776295097,5.34721192908231e-05,5.60422220847429e-05
2023/05/16,0.000524635195506425,-6.13546385470563e-05,-2.64371855057412e-05,-9.27125957725522e-05,-0.00010500424219144,5.12575863432312e-05,-0.000125420410279275,5.64476367774745e-05,-0.00015898849826157,9.30268967659351e-05,-5.221432696694e-05,-3.73640249809645e-05,5.60223316698971e-05,0.000331746275442576
2023/05/17,0.000520218680674799,-5.09411575120537e-05,-5.13268765596899e-05,-0.00010310780109693,-4.05655680522e-05,-2.42376911416824e-05,-9.93465125733313e-05,1.30210871217436e-05,-3.14628311875884e-05,8.30728056668254e-05,4.8255359786987e-05,-9.05054983349542e-05,-8.39274432524659e-05,0.000172362446460541
2023/05/18,0.000515718060331106,-4.03003383850427e-05,-7.27227884322294e-05,-0.000104617225521957,3.17595741243255e-05,-8.1860499944747e-05,2.57683928537264e-06,-4.10518287913242e-05,0.0001265527492787,-3.00551854725784e-05,5.18649853646071e-05,5.56894692584991e-05,-6.94826295300218e-06,-4.67205481417291e-05
2023/05/21,0.000511136758788967,-2.95612468227889e-05,-8.98273406439163e-05,-9.71396384668381e-05,9.23948086984879e-05,-8.38621361667425e-05,9.83854610117115e-05,-5.41568408727238e-05,0.000138988172525682,-0.00010010372955059,-4.3544663144376e-05,7.6406827562093e-05,8.56133131816079e-05,-0.000142123746100574
2023/05/22,0.000506478241491538,-1.88501020301793e-05,-0.000102081872058974,-8.13655016131946e-05,0.000125770368788908,-3.03289906565119e-05,0.000114128121387797,-1.54788629480291e-05,-2.69093797774372e-06,-4.19104148422615e-05,-5.11944496584808e-05,-7.0609309786047e-05,-4.18337725169936e-05,2.30534824201731e-05
2023/05/23,0.000501746019687679,-8.28873002761799e-06,-0.000109183669339419,-5.87100209183735e-05,0.000124311573254181,4.17947163451031e-05,4.10089568017011e-05,3.63023240115428e-05,-0.000136008532156281,6.53319513776472e-05,3.89696421886711e-05,-5.93976366565872e-05,-5.9394523206487e-05,-5.28700713617594e-05
2023/05/24,0.000496943656392463,2.00689152336847e-06,-0.000111089487763546,-3.11816112525103e-05,9.00910450615358e-05,8.41989844392391e-05,-6.04952943932829e-05,5.16051812002471e-05,-0.00011389469146871,8.55329710182308e-05,5.02289324046458e-05,8.15466782674173e-05,7.4299618102394e-05,-0.000265435873531493
2023/05/25,0.00049207477358815,1.19279789104856e-05,-0.000108005863534919,-1.19836531697272e-06,3.38075163430868e-05,6.96242525163866e-05,-0.000110582764633664,1.73980434817679e-05,3.3001678572903e-05,-1.5620968931195e-06,-3.45524068360322e-05,4.0410028094833e-05,1.53725116502267e-05,-0.000163399285943132
2023/05/28,0.000487143060429305,2.13741616812852e-05,-0.000100367202328748,2.86302563663438e-05,-2.85043029277172e-05,9.41300909442355e-06,-7.29354091448692e-05,-3.18797423068317e-05,0.000137310511429888,-8.1645308911389e-05,-4.8995565143584e-05,-8.81450815241882e-05,-8.06554500940052e-05,-1.2469366199127e-06
2023/05/29,0.000482152282247667,3.02545608157762e-05,-8.8803241084644e-05,5.57363203089983e-05,-8.00323101742529e-05,-5.51205152525437e-05,1.90985253080766e-05,-4.88840550216613e-05,8.57398525363088e-05,-5.5824493333723e-05,3.03112258601144e-05,-2.04394323987534e-05,3.09467018132814e-05,0.000287161578375356
2023/05/30,0.00047710629058489,3.8488713385017e-05,-7.40979870899015e-05,7.78196346346477e-05,-0.000107719444980207,-8.10417362873943e-05,9.16879904352856e-05,-1.881879809419e-05,-5.79504067140979e-05,3.7424081770723e-05,4.7521836088685e-05,9.02791906610126e-05,6.03293960137521e-05,0.000185957239591778
2023/05/31,0.000472009034030266,4.60073327957509e-05,-5.71426174459464e-05,9.30469276656682e-05,-0.000105548783617681,-5.24077567540157e-05,8.97695924297679e-05,2.78286348985196e-05,-0.000131180920654649,7.84844138715224e-05,-2.62608999489436e-05,4.90037816800258e-07,-6.41456558065265e-05,0.000178359660719467
2023/06/01,0.000466864568569748,5.27528946622969e-05,-3.88850549109784e-05,0.000100206414371896,-7.57623396175626e-05,9.95799753273678e-06,1.87955969331513e-05,4.60793015018101e-05,-5.65949455576454e-05,2.00424244831592e-05,-4.58351909282123e-05,-8.80525438931994e-05,-2.1685892854339e-05,6.0335769707139e-05
2023/06/04,0.000461677066744338,5.86800416943235e-05,-2.02790101978037e-05,9.88045401673579e-05,-2.77984976852958e-05,6.34969207031298e-05,-6.26515334350818e-05,1.97899672262474e-05,7.65301390571356e-05,-5.90937987543751e-05,2.24131318698507e-05,1.84782346790189e-05,7.40913035895199e-05,0.000713416494341635
2023/06/05,0.000456450825914862,6.3755805052878e-05,-2.23519962264729e-06,8.90972027904675e-05,2.46374158874179e-05,7.29657460313114e-05,-9.11262207742532e-05,-2.41789773907684e-05,0.000118798807131913,-5.99974879684544e-05,4.39627435258036e-05,8.17827314710275e-05,-2.12904529312637e-05,-0.000278539939118293
2023/06/06,0.000451190275001173,6.79596413448091e-05,1.4422775466729e-05,7.20538666115944e-05,6.74732422699089e-05,3.36692565409713e-05,-4.77590503330801e-05,-4.32695321274075e-05,2.84080893544414e-05,1.28187305366744e-05,-1.87768373166772e-05,-3.55981762955902e-05,-5.90604584741425e-05,-0.000204957822579404
2023/06/07,0.000445899978380015,7.12832866333171e-05,2.89957522631466e-05,4.92591225329605e-05,9.00342515438027e-05,-2.64611582494984e-05,2.9669124722949e-05,-2.03668101380332e-05,-8.82774713095381e-05,6.44585846388081e-05,-4.19310034508474e-05,-7.19753896532634e-05,5.40539799195949e-05,0.000182573752166587
2023/06/08,0.000440584638228468,7.37304350965211e-05,4.0937858503401e-05,2.27618432373757e-05,8.76679356657422e-05,-6.66413728027625e-05,7.93352056521769e-05,2.09469474458972e-05,-0.000101668118221312,3.32351560868018e-05,1.53584346381962e-05,5.01365243310678e-05,2.58198364248335e-05,-0.000303881324286407
2023/06/11,0.000435249096067547,7.5316252093898e-05,4.98757468986024e-05,-5.11338691683187e-06,6.2595216105869e-05,-6.09073877098793e-05,6.47288255642806e-05,4.05251190707098e-05,-2.86634990048108e-06,-3.60709473681264e-05,3.97656409540629e-05,5.92890607848151e-05,-6.64651250945653e-05,8.52323945009937e-06
2023/06/12,0.000429898332987119,7.60667321832319e-05,5.56176336672868e-05,-3.19748187899944e-05,2.28729298902584e-05,-1.49023569992284e-05,1.35571472495946e-06,2.06093761682643e-05,9.32567441907129e-05,-5.56771360108138e-05,-1.21620522740696e-05,-6.15258629207979e-05,1.32074959700328e-05,-0.000168996732786961
2023/06/13,0.000424537468700924,7.60179155762532e-05,5.81521421060174e-05,-5.55729472781426e-05,-2.0130173905659e-05,3.90808290433428e-05,-5.86216602593194e-05,-1.81355506493001e-05,8.14713847158499e-05,-5.89282192019046e-06,-3.74912722066038e-05,-4.44934706303248e-05,5.59518012429677e-05,4.21713554641852e-05
2023/06/14,0.000419171759458089,7.5214978351106e-05,5.76375066444805e-05,-7.39920911739682e-05,-5.49672267924635e-05,6.47075915293677e-05,-6.92249868913666e-05,-3.79067897902145e-05,-1.87071438631802e-05,4.66296074004571e-05,9.18976203639428e-06,6.93859602017235e-05,-4.45461122517988e-05,-4.65828148586257e-05
2023/06/15,0.00041380659508895,7.3711213686794e-05,5.43821944730545e-05,-8.58075769963016e-05,-7.31415556800214e-05,4.60666420002914e-05,-2.58610256188988e-05,-2.05798797166408e-05,-9.20016970551405e-05,3.788832930339e-05,3.51313201245508e-05,2.842396905401e-05,-2.78713385630275e-05,-7.793519010101e-05
2023/06/18,0.000408447495227614,7.15669224267857e-05,4.88184236445759e-05,-9.01955383886031e-05,-7.11336556221737e-05,-2.48772607188373e-06,3.40292214020005e-05,1.57361267176428e-05,-5.99233899256116e-05,-1.5765999113825e-05,-6.44184944178319e-06,-7.35339843904651e-05,5.83404722401455e-05,-0.000132846518704419
2023/06/19,0.00040310010496874,6.88482325123594e-05,4.14703795290832e-05,-8.69869980165898e-05,-5.09579509668589e-05,-4.71760603834522e-05,6.30324172847915e-05,3.54646099528604e-05,3.54152628866878e-05,-4.51496006398261e-05,-3.27079100920251e-05,-1.19347784411266e-05,-6.88503044479055e-06,0.000129687321850147
2023/06/20,0.00039777019042442,6.56258676549028e-05,3.29191407303982e-05,-7.66631656837976e-05,-1.92110217330447e-05,-5.82476323228391e-05,4.12613889947465e-05,2.03402151468445e-05,8.54250370988326e-05,-1.73339530187722e-05,3.91710872357418e-06,7.39836523465485e-05,-5.1465024521704e-05,-0.00012345380384011
2023/06/21,0.000392463634186417,6.19738851963978e-05,2.37664131270169e-05,-6.02942582108145e-05,1.50181452953385e-05,-2.97897732490575e-05,-1.03410568477475e-05,-1.37300130574903e-05,3.86384575751433e-05,2.82633734680675e-05,3.02418399833147e-05,-4.14630060336292e-06,3.60372776977668e-05,-6.53962456099012e-06
2023/06/22,0.000387186430167642,5.79684023086008e-05,1.45991387469128e-05,-3.9429121591045e-05,4.27282877637887e-05,1.72992496848946e-05,-4.94844009728393e-05,-3.32374535058895e-05,-4.68074338139671e-05,3.5132567164118e-05,-1.61309316379506e-06,-7.09339456016701e-05,2.80869428464383e-05,0.000118036429966811
2023/06/25,0.000381944677619641,5.36863297401006e-05,5.9569038217274e-06,-1.59470676865023e-05,5.73492379448612e-05,5.0513397182651e-05,-4.70951871714933e-05,-1.99497223154684e-05,-7.47076210767696e-05,-5.00117229192828e-07,-2.77525985134855e-05,1.9059326982068e-05,-5.02480293724724e-05,0.000237461470074335
2023/06/26,0.000376744574130845,4.92041318286604e-05,-1.69617176324801e-06,8.11371790801216e-06,5.6245446854767e-05,4.8140162480127e-05,-8.77807754651727e-06,1.20907173258813e-05,-1.90208787318397e-05,-3.12703244761661e-05,-4.73691364538339e-07,6.47485995759066e-05,2.34521997908974e-06,8.24275737990207e-05
2023/06/27,0.000371592407416827,4.45966307750946e-05,-7.9937057679966e-06,3.07353048962756e-05,4.10537018411268e-05,1.34442164260959e-05,3.25546775933715e-05,3.12534321152118e-05,5.28620765364623e-05,-2.1409269873941e-05,2.52584277026274e-05,-3.21477552016911e-05,4.61092191417605e-05,6.03706363987757e-05
2023/06/28,0.000366494545593815,3.99358721174332e-05,-1.26825132921404e-05,5.00907488590035e-05,1.68705637617453e-05,-2.86242779689523e-05,4.47271900242321e-05,1.94636021974399e-05,6.11790827070495e-05,1.22068913732112e-05,2.34766933480685e-06,-5.59279998359306e-05,-2.88017725720574e-05,-5.20316022996562e-05
2023/06/29,0.000361457425621591,3.5290067294724e-05,-1.56307047043998e-05,6.46918796001596e-05,-9.38817889699093e-06,-4.92596903320577e-05,2.12758470437443e-05,-1.07860583316242e-05,2.18508031546112e-06,2.70308900405871e-05,-2.27763687814262e-05,4.28865290953589e-05,-2.68287593493202e-05,-0.000107034958615807
2023/07/02,0.000356487539994537,3.07226285038113e-05,-1.68283051460928e-05,7.35022419383134e-05,-3.09426375330736e-05,-3.54922225720438e-05,-1.59747785197868e-05,-2.95306671273937e-05,-5.3936836390908e-05,8.52413411824362e-06,-4.01411533728232e-06,4.50754319211714e-05,4.26354217806068e-05,0.000143177164369897
2023/07/03,0.000351591422356252,2.62913103628568e-05,-1.63807004109758e-05,7.60068708209329e-05,-4.28714339123152e-05,1.70090817402071e-06,-3.67380318555503e-05,-1.89316836261574e-05,-4.62011355395947e-05,-1.69539289899004e-05,2.03222933810965e-05,-5.09016620591023e-05,5.44009284425527e-07,-0.000105325237985988
2023/07/04,0.000346775632428004,2.20474707867359e-05,-1.44956033842666e-05,7.22347440938057e-05,-4.3172644200538e-05,3.59064403373642e-05,-2.67989288993725e-05,9.78028449885315e-06,1.10912026782006e-05,-1.91610138257795e-05,5.47909588823566e-06,-3.28597904756148e-05,-4.03870403723533e-05,2.63111504467252e-05
2023/07/05,0.000342046740326283,1.80354610570649e-05,-1.14645712516114e-05,6.27340871939175e-05,-3.29561073849103e-05,4.39398083760302e-05,2.55485027815278e-06,2.80785803678996e-05,5.06950714603135e-05,4.9879171661572e-07,-1.79109077911913e-05,5.59807666629916e-05,2.29597835303902e-05,-8.46183545419461e-05
2023/07/06,0.000337411310772263,1.42921533308045e-05,-7.64036856470275e-06,4.85048056747981e-05,-1.58146737336662e-05,2.152843263259e-05,2.61789678208219e-05,1.83980726858702e-05,3.10636492259052e-05,1.61421685201239e-05,-6.7493986263351e-06,1.99769436506278e-05,2.45277913615674e-05,-0.000224506854750668
2023/07/09,0.000332875886996402,1.08466105931159e-05,-3.41165561470265e-06,3.08958343563696e-05,3.36478243882042e-06,-1.45761524240737e-05,2.64237275573176e-05,-9.03554143471208e-06,-2.03806986436701e-05,1.1271697015847e-05,1.5555781632602e-05,-5.80744287667321e-05,-3.5833672725909e-05,3.64868290193252e-05
2023/07/10,0.000328446974067628,7.71990156185602e-06,8.23425109061434e-07,1.14778381939674e-05,1.97721890541206e-05,-3.89630801284106e-05,6.18783207670718e-06,-2.68992959455667e-05,-4.40180551567466e-05,-4.70981077560321e-06,7.832473897269e-06,-7.11188422558474e-06,-2.03876792360029e-06,-2.72437398050978e-05
2023/07/11,0.000324131021953613,4.92506140173348e-06,4.68319121376255e-06,-8.09670853691038e-06,2.9848162102541e-05,-3.53656585926413e-05,-1.58675242688675e-05,-1.79015278214262e-05,-1.69006391392457e-05,-1.24628759524274e-05,-1.32694351463696e-05,5.72887958285916e-05,3.47482485773463e-05,-0.0001003351116197
2023/07/12,0.000319934408550622,2.46719666532376e-06,7.82640455111345e-06,-2.62335880631345e-05,3.19849055677018e-05,-7.4772553647263e-06,-2.2147742640172e-05,8.51267830997508e-06,2.55911970282203e-05,-5.85227076593404e-06,-8.73640967433521e-06,-5.09631016624787e-06,-1.84849331677249e-05,5.00071916931797e-06
2023/07/13,0.000315863422924061,3.43730476697025e-07,9.97297582392151e-06,-4.15252389377242e-05,2.66422244021965e-05,2.43892727808038e-05,-1.00699106590799e-05,2.59888703224174e-05,3.49128789740782e-05,5.05079960582388e-06,1.10634462375309e-05,-5.38702882965493e-05,-2.16351320223313e-05,-9.4770051631845e-05
2023/07/16,0.000311924248794447,-1.45521864278053e-06,1.09203007589503e-05,-5.28573356857217e-05,1.5938172565687e-05,3.79735537919004e-05,7.86146582986697e-06,1.74761394267608e-05,4.63036112487207e-06,8.73261080212835e-06,9.46994918548673e-06,1.60849531846462e-05,3.00407665859369e-05,0.000312586032277819
2023/07/17,0.00030812294818958,-2.94633329795833e-06,1.05544241401938e-05,-5.94858323475575e-05,2.90326532360521e-06,2.4544152701493e-05,1.62883481965148e-05,-8.17142000109827e-06,-2.69267818370251e-05,3.71174435275664e-06,-8.94849591144523e-06,4.81837775944531e-05,2.47993882229519e-06,-3.28207359258078e-05
2023/07/18,0.000304465444918388,-4.15248044394226e-06,8.85554825871575e-06,-6.10797054996081e-05,-9.35595735279044e-06,-5.53711034869586e-06,1.00028688939585e-05,-2.53379227369953e-05,-2.44243861956195e-05,-3.60844616898234e-06,-1.00425173604176e-05,-2.53922807647736e-05,-2.95542025627998e-05,0.000147564147363563
2023/07/19,0.000300957507274822,-5.10199462394436e-06,5.89773924775372e-06,-5.77277995477763e-05,-1.83589551038503e-05,-3.06741982790793e-05,-3.18755285418465e-06,-1.71519027602144e-05,5.07930993392573e-06,-6.90081206059238e-06,6.93434323775081e-06,-4.06858161106486e-05,1.52242886964186e-05,0.00011338284294962
2023/07/20,0.000297604730565117,-5.82787444830297e-06,1.84302065441067e-06,-4.99112647614844e-05,-2.26733490758359e-05,-3.34350252818618e-05,-1.09298513340372e-05,7.97015292036894e-06,2.48327562711709e-05,-4.06371918805287e-06,1.04642029162235e-05,3.26750383118599e-05,1.85778549475822e-05,-3.95926724971575e-05
2023/07/23,0.000294412519950625,-6.36690685206025e-06,-3.06964541885104e-06,-3.8445830761393e-05,-2.20166927409784e-05,-1.25709263127877e-05,-7.57448954161211e-06,2.49317756440245e-05,1.35579872298316e-05,2.62504282709835e-06,-5.02977741289021e-06,3.18946839419882e-05,-2.5318635994497e-05,3.68378954415019e-05
2023/07/24,0.000291386073721489,-6.75873523122708e-06,-8.53971821372451e-06,-2.44003623592907e-05,-1.70914949669573e-05,1.65882927018489e-05,1.83374482130258e-06,1.69549318003547e-05,-1.18215821091153e-05,7.51467063368851e-06,-1.07456764208167e-05,-3.77185536426424e-05,-2.25253525225711e-06,-2.25550554826531e-05
2023/07/25,0.00028853036710915,-7.04488845237567e-06,-1.42237885397717e-05,-8.9996535158728e-06,-9.26378127794451e-06,3.33059130130457e-05,7.52332541324329e-06,-7.86584524053584e-06,-1.99317413887485e-05,5.1300362737154e-06,3.24258025334284e-06,-2.23591123101851e-05,2.50546658358184e-05,-5.67730771728815e-05
2023/07/26,0.000285850136674592,-7.2677884120068e-06,-1.9756491637674e-05,6.47984349201401e-06,-2.04485059832232e-07,2.60883614907111e-05,4.57022858333004e-06,-2.47503450138634e-05,-3.21763037067695e-06,-3.61619330772982e-06,1.08981293787737e-05,4.04392998794839e-05,-1.29258462686096e-05,-3.32432194285114e-05
2023/07/27,0.000283349865443998,-7.46975397806606e-06,-2.47723866144571e-05,2.08126837594084e-05,8.41808118447752e-06,5.20226151077498e-07,-2.95675659393908e-06,-1.69071523670929e-05,1.54412303533873e-05,-9.74526080894748e-06,-1.57945615018636e-06,1.26274920032599e-05,-1.57226724432229e-05,-2.09071399396964e-05
2023/07/30,0.000281033768802302,-7.69201937911588e-06,-2.89275499483188e-05,3.29175485989437e-05,1.5157279219741e-05,-2.50152619512322e-05,-6.69173268083318e-06,7.81429293976905e-06,1.29577054339182e-05,-4.99722268258518e-06,-1.09332204333558e-05,-4.08803383975649e-05,2.16012613974178e-05,-2.6306510919086e-05
2023/07/31,0.000278905781056071,-7.97378496026548e-06,-3.19196835760436e-05,4.19341843909376e-05,1.8927998212565e-05,-3.24775868307123e-05,-2.54273002747227e-06,2.47679993304237e-05,-5.83893851978476e-06,6.86502637239193e-06,4.59538037593363e-08,-3.21917075352781e-06,1.74593472025562e-06,-3.84169832185979e-05
2023/08/01,0.000276969542713293,-8.35131747127076e-06,-3.35056543559965e-05,4.72792568705418e-05,1.9100617190773e-05,-1.68222950886016e-05,5.22285621425943e-06,1.70259423885097e-05,-1.60091048718753e-05,1.1893807663327e-05,1.08630142148635e-05,3.92003721611492e-05,-2.13745534479978e-05,5.67725158190256e-05
2023/08/02,0.000275228388528696,-8.85711617427329e-06,-3.35155529854796e-05,4.86781823445822e-05,1.5577339432042e-05,1.06543743082628e-05,8.24177105076036e-06,-7.77017173701347e-06,-4.69331094288553e-06,2.41529421076417e-06,1.35361275703401e-06,-5.40075632472968e-06,1.12705529651252e-05,8.18683925671149e-05
2023/08/03,0.0002736853361444,-9.51916017319672e-06,-3.1862575610092e-05,4.61720183250276e-05,8.85210291302355e-06,3.04544213026231e-05,2.50809768646814e-06,-2.49530398928118e-05,1.30272646512773e-05,-1.14142843343216e-05,-1.06998813396882e-05,-3.56574204282779e-05,1.33453508766123e-05,-6.39132301210439e-05
2023/08/06,0.000272343074997145,-1.03602510773959e-05,-2.85482766848421e-05,4.01004090983333e-05,2.30541560329965e-08,2.86446584875877e-05,-7.18728286909508e-06,-1.73233405412193e-05,1.37856412001971e-05,-1.21567232745241e-05,-2.6161891512862e-06,1.28420707049412e-05,-1.87099499214083e-05,-4.63008951244663e-05
2023/08/07,0.0002712039555468,-1.13974628401033e-05,-2.36630021099397e-05,3.10632547760458e-05,-9.29156528961079e-06,6.57205726679897e-06,-1.13402562431661e-05,7.68750394738488e-06,-4.08498129968794e-06,2.72077977030692e-06,1.04564010635756e-05,3.0588375345799e-05,-1.31490123210849e-06,-4.59615870209492e-06
2023/08/08,0.000270269979252973,-1.26417081687945e-05,-1.73815739081145e-05,1.98651064257917e-05,-1.71739335821287e-05,-2.01933690260103e-05,-4.8053417934285e-06,2.52673922659328e-05,-1.79468859348715e-05,1.55086487039966e-05,3.73995935087332e-06,-1.88046792984183e-05,1.85087492607191e-05,6.69786564514798e-05
2023/08/09,0.000269542789385785,-1.40974292542883e-05,-9.95454884125206e-06,7.44722374634266e-06,-2.17649550301004e-05,-3.2834031419492e-05,7.62911997471838e-06,1.78050087764443e-05,-9.17867450320204e-06,9.36676739342763e-06,-1.01452859060247e-05,-2.43858038855069e-05,-9.90940708751004e-06,9.5843226650659e-05
2023/08/10,0.000269023662502847,-1.57624187135708e-05,-1.69559880055171e-06,-5.18725507632676e-06,-2.17058413124209e-05,-2.24469277090106e-05,1.47880710037321e-05,-7.520705095662e-06,1.26511726222984e-05,-9.34085996402185e-06,-4.72431844464696e-06,2.30880487470856e-05,-1.16064414088687e-05,5.45284116491175e-05
2023/08/13,0.000268713500542162,-1.76277741892379e-05,7.03425111186641e-06,-1.70494778649443e-05,-1.65561840088498e-05,3.77350022791008e-06,9.11497531256248e-06,-2.56666507291229e-05,2.03785986262379e-05,-1.7296995015503e-05,9.7793158077255e-06,1.74734193004478e-05,1.63793562411094e-05,9.03271646376364e-05
2023/08/14,0.00026861282361289,-1.96779874870563e-05,1.58446478239027e-05,-2.7237091529632e-05,-7.05613441159275e-06,2.75734297112201e-05,-5.78441144924316e-06,-1.84689743324152e-05,2.70054089496659e-06,-3.45976375991869e-06,5.569894746772e-06,-2.55947049628736e-05,1.24169316237592e-06,8.67690379806043e-05
2023/08/15,0.00026872176347313,-2.18911668305182e-05,2.43352270918576e-05,-3.49977965084593e-05,4.882590102434e-06,3.23379963783753e-05,-1.73184763872884e-05,7.22615446622308e-06,-2.03624247357994e-05,1.5593329533463e-05,-9.37121208324551e-06,-1.02816122746707e-05,-1.63302486157571e-05,4.76358763902562e-05
2023/08/16,0.000269040057602841,-2.4239388500858e-05,3.21152112514052e-05,-3.97803503124828e-05,1.65102308552295e-05,1.46224054357702e-05,-1.46005377782662e-05,2.61005071608695e-05,-2.02720752398637e-05,1.5534882563899e-05,-6.27858048188354e-06,2.63280329241551e-05,8.50618049503343e-06,-9.02815759758484e-05
2023/08/17,0.000269567043969715,-2.66891715305662e-05,3.88222930699963e-05,-4.1270104170314e-05,2.48578272246159e-05,-1.34459392862401e-05,1.45448599407812e-06,1.93044623299201e-05,5.07215704969321e-06,-4.46915571395078e-06,8.93344050710316e-06,3.22434318372085e-06,1.05389444222856e-05,1.3202372949943e-05
2023/08/20,0.00027030165668607,-2.92020667438751e-05,4.41398774511885e-05,-3.94072275589651e-05,2.75060768059542e-05,-3.25183044283012e-05,1.78591438652035e-05,-6.76394495862882e-06,2.66811863071093e-05,-1.94979873287826e-05,6.8535113261111e-06,-2.53849099219485e-05,-1.42948161281036e-05,2.00108046269682e-05
2023/08/21,0.000271242422660464,-3.17353494942753e-05,4.78118640533966e-05,-3.43868829806332e-05,2.33013213221249e-05,-2.93484668870023e-05,2.0121152385855e-05,-2.65135137574822e-05,1.77274797408833e-05,-1.00527968408881e-05,-8.47799865338567e-06,3.3214565979731e-06,-1.70576554569678e-06,-2.24189226013333e-05
2023/08/22,0.000272387459173667,-3.42428037939105e-05,4.96543024073069e-05,-2.66417078377821e-05,1.28029337117201e-05,-5.92393544626698e-06,5.00323291827721e-06,-2.02908807467298e-05,-1.35342125054852e-05,1.25101704473801e-05,-7.29897874235566e-06,2.29439351776453e-05,1.46131510206871e-05,6.69973342158469e-05
2023/08/23,0.000273734472482193,-3.66755836598015e-05,4.9563428515702e-05,-1.68079972308069e-05,-1.70053351599347e-06,2.18478111565857e-05,-1.57198688208351e-05,6.09996584057052e-06,-3.11883163728682e-05,1.96263585757308e-05,8.01626308573127e-06,-9.03303891798569e-06,-6.77876650250941e-06,4.67208053642864e-05
2023/08/24,0.000275280757469702,-3.89831361862598e-05,4.75197871895986e-05,-5.67792304655926e-06,-1.66592750168661e-05,3.49825619035654e-05,-2.44634797661601e-05,2.68464517067443e-05,-1.29738694369416e-05,1.85072401734606e-06,7.62031660461399e-06,-1.92501881111347e-05,-1.00512979659805e-05,0.000132809570638332
2023/08/27,0.000277023198142226,-4.11141699594797e-05,4.35883471650202e-05,5.85906340477975e-06,-2.8128949838173e-05,2.43764376165478e-05,-1.27749291919045e-05,2.13970707866785e-05,2.20821514830585e-05,-1.8549467402387e-05,-7.55892799508203e-06,1.36548860037424e-05,1.21350418907392e-05,-6.07767521057662e-05
2023/08/28,0.000278958268887336,-4.30176513453708e-05,3.7914716428882e-05,1.68818451797381e-05,-3.28245903586958e-05,-2.95283394106486e-06,1.06917427319218e-05,-5.2084162792581e-06,3.3589213353088e-05,-1.55868350917235e-05,-7.82384734107094e-06,1.45975537063661e-05,2.76567413409303e-06,-8.08278400642407e-05
2023/08/29,0.000281082036506539,-4.46438103803643e-05,3.07177520617965e-05,2.65060005422092e-05,-2.90756086329383e-05,-2.85765974149729e-05,2.65523279908377e-05,-2.70386080860579e-05,6.34674548977378e-06,7.19327557744522e-06,7.11597253267756e-06,-1.70072592289595e-05,-1.30662734319284e-05,-2.70339535260573e-05
2023/08/30,0.000283390163358507,-4.59451372410137e-05,2.22790232554693e-05,3.39503802389161e-05,-1.74003607166456e-05,-3.51125809756783e-05,2.07453199979568e-05,-2.25814245835094e-05,-3.01392457490416e-05,2.09365079514041e-05,7.91689363156917e-06,-9.30973484244394e-06,4.53431378618985e-06,-6.36411181116794e-05
2023/08/31,0.000285877911905467,-4.6877350371629e-05,1.29297195285645e-05,3.85973411180386e-05,-5.07313517349785e-07,-1.7990287931185e-05,-3.06339699027669e-06,4.07398207558809e-06,-3.37150858239335e-05,8.16727818671958e-06,-6.69658062970097e-06,1.89901216235565e-05,9.94325795840613e-06,-7.81365971322655e-05
2023/09/03,0.000288540150802305,-4.74003180028384e-05,3.03569385070009e-06,4.0042303476567e-05,1.7317898870864e-05,1.14209215388388e-05,-2.56159755831227e-05,2.70304859500611e-05,1.73383699336611e-06,-1.48907971902864e-05,-7.90775412916548e-06,3.72110455707443e-06,-9.61570810946887e-06,-0.000207711843024895
2023/09/04,0.000291371362612792,-4.74789156942594e-05,-7.01861021427198e-06,3.81288034620081e-05,3.13054285179784e-05,3.34203821942054e-05,-2.76757570734859e-05,2.37929495680525e-05,3.71762602852649e-05,-1.89928471384349e-05,6.30903901605976e-06,-1.95825551579174e-05,-4.35275184818596e-06,0.000134000211470195
2023/09/05,0.000294365653249845,-4.7083803687827e-05,-1.68465783233015e-05,3.29659970732466e-05,3.74931915447683e-05,3.31923442160654e-05,-6.42993425219762e-06,-2.69321082967085e-06,3.15213634771545e-05,8.96594940262591e-07,7.80561849937588e-06,1.84157012006711e-06,1.13740468224174e-05,-0.000151137852850206
2023/09/06,0.000297516763011334,-4.61921096080272e-05,-2.60754422622518e-05,2.49266230920137e-05,3.38630544808392e-05,1.0753149663179e-05,2.12967695772843e-05,-2.67663400272163e-05,-1.07841555634096e-05,1.93968562493178e-05,-5.96064129470382e-06,1.88380428166614e-05,-1.69652524795453e-06,-0.000116201044887066
2023/09/07,0.000300818078674303,-4.47880041863401e-05,-3.43611986722426e-05,1.46247111460385e-05,2.09914884848031e-05,-1.90278122872891e-05,3.23821357762873e-05,-2.49726679823773e-05,-4.27292090960644e-05,1.3208173309619e-05,-7.62041874968374e-06,-7.07561999406457e-06,-9.93350401446731e-06,5.10284759147858e-06
2023/09/10,0.000304262646858061,-4.28631585695363e-05,-4.14018171602494e-05,2.87376651880716e-06,2.00678994182461e-06,-3.63306397936245e-05,1.6707420779468e-05,1.07557454671717e-06,-2.70841977867531e-05,-9.43971371617425e-06,5.65762109773087e-06,-1.68761918333503e-05,6.53112124469427e-06,1.04357778723846e-05
2023/09/11,0.000307843188961663,-4.04170736561883e-05,-4.69482337675295e-05,-9.37231944094413e-06,-1.81672628789149e-05,-2.9585953642531e-05,-1.3705434144639e-05,2.61968261366142e-05,2.02773330628767e-05,-1.97411998586227e-05,7.36264496326215e-06,1.17164516608298e-05,6.27829920894367e-06,-6.15192666048202e-05
2023/09/12,0.000311552117716751,-3.74572745000563e-05,-5.08127529434435e-05,-2.10919067775061e-05,-3.40993406632012e-05,-3.17769494807093e-06,-3.38963930628493e-05,2.60554588440108e-05,4.64152346092329e-05,-5.0749845050864e-06,-5.40509085096696e-06,1.38716570950539e-05,-9.24254597164138e-06,4.92205159577733e-05
2023/09/13,0.000315381555431826,-3.39993652315587e-05,-5.28746187674944e-05,-3.12767508410577e-05,-4.13296218806079e-05,2.54580298271232e-05,-2.64779320078659e-05,7.55807638797268e-07,2.05951440851195e-05,1.5499628738218e-05,-7.04314932897136e-06,-1.55484857825952e-05,-1.67904203235746e-06,-6.08041998485749e-05
2023/09/14,0.0003193233538996,-3.00669426326224e-05,-5.30826574245248e-05,-3.90155887124202e-05,-3.76321739447113e-05,3.73843730905009e-05,3.42189269641768e-06,-2.5281712539854e-05,-2.96641877635145e-05,1.60783382137871e-05,5.20701029364171e-06,-1.00410258433275e-05,9.69914653847258e-06,3.38151741285549e-05
2023/09/17,0.000323369115859654,-2.56913691915819e-05,-5.14550301014879e-05,-4.35734932431864e-05,-2.36994011307401e-05,2.46893523653866e-05,3.160137198598e-05,-2.69723129744234e-05,-4.79469886661478e-05,-3.37065408540067e-06,6.67298997068502e-06,1.84127403086241e-05,-2.78871837714597e-06,1.16473972797839e-05
2023/09/18,0.000327510218087831,-2.0911408843771e-05,-4.8076261265357e-05,-4.4460216731811e-05,-3.03829090479854e-06,-4.2984571649275e-06,3.43975040756983e-05,-2.7638353776566e-06,-1.2353672123218e-05,-1.78635672857012e-05,-5.06616131362512e-06,5.62847073293016e-06,-8.25742299692231e-06,4.95671011113288e-05
2023/09/19,0.000331737835974864,-1.57727314098205e-05,-4.3091817055174e-05,-4.14812140683455e-05,1.89163024581522e-05,-3.05197035407893e-05,8.55523687523256e-06,2.39927325755349e-05,3.83950923590808e-05,-9.5935145768005e-06,-6.26329816385149e-06,-2.02108975179519e-05,6.44563068879014e-06,7.4370345401079e-05
2023/09/20,0.000336042969385701,-1.03272942855672e-05,-3.67005972095323e-05,-3.47660878053631e-05,3.62457528928918e-05,-3.67455803224656e-05,-2.53291492134757e-05,2.76533958762868e-05,4.71457551359077e-05,1.01496462963876e-05,4.98413798424253e-06,-8.90992579571572e-07,5.40768182500899e-06,-1.8784637980451e-05
2023/09/21,0.000340416469505113,-4.63261230278829e-06,-2.91457689781781e-05,-2.47707942598176e-05,4.41610737867157e-05,-1.88949721098123e-05,-3.92361119063827e-05,4.89809168117634e-06,2.75692466182549e-06,1.6369613123073e-05,5.82516400160971e-06,2.09058846579746e-05,-8.92370802725383e-06,-1.62412538332555e-05
2023/09/24,0.000344849066348394,1.2490712843713e-06,-2.07044112688463e-05,-1.2251991195938e-05,4.03406760582874e-05,1.13220775935216e-05,-2.09063066035103e-05,-2.23158971349509e-05,-4.59434420934102e-05,2.10895065781432e-06,-4.96133849316837e-06,-3.91592107753145e-06,-1.5712187483672e-06,1.70846846733344e-05
2023/09/25,0.000349331396841498,7.25169828176913e-06,-1.16764514383757e-05,1.78575824368687e-06,2.56147795244937e-05,3.41250192925706e-05,1.54146920053212e-05,-2.8031328164515e-05,-4.39528666756431e-05,-1.38945608761251e-05,-5.36952295921459e-06,-2.05191824774789e-05,9.94831220277482e-06,-8.16757438007618e-05
2023/09/26,0.000353854033427738,1.33063777047546e-05,-2.37336774289295e-06,1.61667763626162e-05,3.79378487524718e-06,3.4633264962925e-05,4.00409842593649e-05,-7.0962341817883e-06,7.71434396466938e-06,-1.188285424256e-05,4.99696860275136e-06,8.55148426136749e-06,-2.86375215219067e-06,-0.000130441810102002
2023/09/27,0.000358407513172448,1.93424195971911e-05,6.89289988398988e-06,2.96395915817894e-05,-1.93268381915241e-05,1.25697597780162e-05,3.21302359972318e-05,2.02532370732131e-05,5.18309319032629e-05,4.47793563753958e-06,4.90702006412839e-06,1.91252258754959e-05,-9.19637104512201e-06,-0.00017340156132766
2023/09/28,0.000362982367278186,2.5288402503131e-05,1.58204354580829e-05,4.09833496130997e-05,-3.75225316643915e-05,-1.7623201686616e-05,-2.69684202579326e-06,2.80445846550393e-05,3.84382900801416e-05,1.41944082716955e-05,-5.08910211191037e-06,-1.2801039636284e-05,7.34651517786534e-06,-0.000120495635912246
2023/10/01,0.000367569150707457,3.10732556846715e-05,2.41268937998453e-05,4.91164505907186e-05,-4.58339740947864e-05,-3.6269426614309e-05,-3.62815428425932e-05,9.28603425401385e-06,-1.85147279237369e-05,5.96768496095798e-06,-4.44786438023163e-06,-1.68433741722553e-05,6.37205129961332e-06,5.38563887306348e-05
2023/10/02,0.000372158471648096,3.66273369683797e-05,3.15578426858855e-05,5.31978452260526e-05,-4.19334149200004e-05,-3.12965310948082e-05,-4.07174741296539e-05,-1.78240835714687e-05,-5.56541111507093e-05,-8.74890572516841e-06,5.23481361228941e-06,1.64852461957308e-05,-1.10000462302066e-05,5.60110104855819e-05
2023/10/03,0.000376741020661672,4.18834873478255e-05,3.78937082479326e-05,5.27115595421886e-05,-2.67826281865971e-05,-6.04251324753731e-06,-1.1539807909372e-05,-2.76411489694361e-05,-3.08046292618975e-05,-1.1633718287218e-05,4.00170779741915e-06,1.38280437499916e-05,-1.48872357605562e-06,5.90306420910841e-05
2023/10/04,0.000381307599282036,4.67780438455088e-05,4.29552054503196e-05,4.75260351679715e-05,-4.39496947608779e-06,2.30087047632118e-05,2.79586676876884e-05,-1.13882388732067e-05,2.90588915026356e-05,-3.66423831278579e-07,-5.43035159241204e-06,-1.94666789588935e-05,1.26780425809235e-05,0.000193827472451584
2023/10/05,0.000385849147827889,5.12517929179751e-05,4.66072056670646e-05,3.79217296690593e-05,1.92393146575176e-05,3.70120219435035e-05,4.53424847838344e-05,1.50655952547879e-05,5.71109858589332e-05,1.0142685983472e-05,-3.57756926318481e-06,-1.0257681843561e-05,-4.80713879684641e-06,-2.48605746604447e-05
2023/10/08,0.000390356771767639,5.52508473188694e-05,4.87610556993354e-05,2.45829910940033e-05,3.77735481230792e-05,2.69953871296321e-05,2.56844738239716e-05,2.67820856119876e-05,2.13846726783276e-05,7.52349956481332e-06,5.67130040005465e-06,2.16536328940542e-05,-1.13131799528809e-05,0.000652359913847114
2023/10/09,0.000394821765834447,5.87274307458289e-05,4.93754159015016e-05,8.55329947425356e-06,4.62277403747157e-05,-4.0301547906874e-07,-1.56599986579621e-05,1.332014098546e-05,-3.87520700765329e-05,-3.54746335784081e-06,3.1837871203119e-06,6.32326827211622e-06,1.1103647753753e-05,-0.000192316948890983
2023/10/10,0.000399235635123832,6.16405567032607e-05,4.84557279478806e-05,-8.84370998955736e-06,4.23415522450036e-05,-2.73541075819051e-05,-4.5055677295332e-05,-1.20323234460648e-05,-5.60255091248382e-05,-9.04314351539287e-06,-5.95272126951107e-06,-2.30011064318203e-05,6.45072098097511e-06,9.043710565347e-05
2023/10/11,0.000403590112650928,6.39565908718014e-05,4.60524546115932e-05,-2.6111763718663e-05,2.7185663593152e-05,-3.6459133100065e-05,-3.79765378120457e-05,-2.54447350722708e-05,-1.06306694520582e-05,-3.41913974505263e-06,-2.82796557108252e-06,-2.21698421893807e-06,-1.54572052951953e-05,5.44733122578963e-05
2023/10/12,0.000407877174858029,6.5649691389589e-05,4.22582557243071e-05,-4.17094343855759e-05,4.86441116763921e-06,-2.19870039324697e-05,5.44593113761798e-07,-1.49997439096913e-05,4.70254503103764e-05,5.16696169245571e-06,6.26927847605506e-06,2.35090727993505e-05,1.28115466924919e-06,-0.000127815861973077
2023/10/15,0.000412089055790447,6.67021229760228e-05,3.72042679221425e-05,-5.41868014117445e-05,-1.86070343702615e-05,6.53137471500508e-06,3.94481547924904e-05,8.79466409080681e-06,5.23671868705862e-05,6.55964540387036e-06,2.51694300124471e-06,-1.87829274740557e-06,1.59988703801492e-05,0.000211028842586647
2023/10/16,0.000416218259970429,6.71044421574049e-05,3.10556470755606e-05,-6.23191862315849e-05,-3.69408335321882e-05,3.05955476219698e-05,4.67226809249498e-05,2.36251722402989e-05,-9.0592881131074e-07,5.86698852846614e-07,-6.61527859493059e-06,-2.3218238457788e-05,-1.00429504446665e-05,-0.00012587403277099
2023/10/17,0.000420257573774152,6.68555527245655e-05,2.40065162551801e-05,-6.52256262157103e-05,-4.52794557154255e-05,3.4750604394113e-05,1.57512264516015e-05,1.63502601681207e-05,-5.33741748293084e-05,-4.77705638657456e-06,-2.25678335881788e-06,5.79805332874845e-06,-1.17188568096805e-05,3.03431662190361e-05
2023/10/18,0.000424200074915982,6.59626325524313e-05,1.62744423724274e-05,-6.24606609725653e-05,-4.14975531616189e-05,1.65146732742342e-05,-2.87617993912288e-05,-5.43591293974959e-06,-4.62622487123814e-05,-4.07937691995364e-06,6.98468907820986e-06,2.2203814606188e-05,1.716438954035e-05,-2.22451642423248e-05
2023/10/19,0.000428039140634241,6.44409363192644e-05,8.09454661050145e-06,-5.4070020420669e-05,-2.67500586763737e-05,-1.21570549621378e-05,-5.05285038237832e-05,-2.13391595636038e-05,1.2604763217935e-05,4.07980028768756e-07,2.05279961235001e-06,-9.40334478544343e-06,3.0980199103106e-06,4.17179558986402e-05
2023/10/22,0.000431768454912099,6.23134803621078e-05,-2.8666393430782e-07,-4.06037844232385e-05,-5.12353693939867e-06,-3.27205244862042e-05,-3.12819743723906e-05,-1.73041842512199e-05,5.73947455508886e-05,3.3731277714133e-06,-7.3711219571019e-06,-2.05678406077785e-05,-1.99846143968966e-05,6.12664367720281e-05
2023/10/23,0.000435382014853057,5.96106173628172e-05,-8.617668943231e-06,-2.30842804096771e-05,1.75048025596349e-05,-3.20447858424197e-05,1.392470629393e-05,2.04851117759644e-06,3.79939934042402e-05,2.74364919494198e-06,-1.90952360912136e-06,1.25858614542205e-05,7.73966474650513e-06,-9.76155622424942e-05
2023/10/24,0.000438874136199481,5.63695099144881e-05,-1.6648443172294e-05,-2.93007273801948e-06,3.50797600921005e-05,-1.07964805269847e-05,4.85164162215433e-05,1.86220678401028e-05,-2.38148621909001e-05,1.4820381415598e-07,7.76781832031836e-06,1.84305902212948e-05,1.68753746774246e-05,0.000124666981327289
2023/10/25,0.000442239457878927,5.26335132274415e-05,-2.41370286302344e-05,1.81584981099319e-05,4.30061861525187e-05,1.71443431194305e-05,4.40223197121952e-05,1.78072206736274e-05,-5.88177438889802e-05,-2.236490247873e-06,1.83064806555309e-06,-1.52707473960382e-05,-1.75173978377423e-05,-7.69197789387575e-05
2023/10/26,0.000445472945316496,4.84514782350525e-05,-3.08560866449174e-05,3.83430337557742e-05,3.93649406375613e-05,3.37561231376902e-05,3.50257293376418e-06,1.27068249520505e-06,-2.79911197035383e-05,-3.02673757773864e-06,-8.16765993982774e-06,-1.59216315812328e-05,-8.03986291113902e-06,9.39293218468501e-05
2023/10/29,0.000448569892160076,4.38769873230996e-05,-3.65993248003682e-05,5.58078598202574e-05,2.53814014914166e-05,2.85035625639193e-05,-4.04983253892693e-05,-1.55274027068561e-05,3.38980328667983e-05,-1.27251042939013e-06,-1.81894103645053e-06,1.74171020717208e-05,2.28421432760285e-05,2.50295227890174e-05
2023/10/30,0.000451525920635048,3.89675364986651e-05,-4.11876656353507e-05,6.89237177063874e-05,5.0311787674224e-06,5.01839611937586e-06,-5.21341760578862e-05,-1.78212938410951e-05,5.75325892622286e-05,2.41448938412653e-06,8.56324199036237e-06,1.31711235895657e-05,-4.28327519679445e-06,-0.000122963783222055
2023/10/31,0.000454336980461986,3.37836781509003e-05,-4.44749951883891e-05,7.63995087342789e-05,-1.60936768601808e-05,-2.14006279822735e-05,-2.14741550697017e-05,-4.42518517447449e-06,1.68042988345936e-05,4.56462347261126e-06,1.87617653829181e-06,-1.90162926318075e-05,-2.14411067101871e-05,2.29397734243529e-05
2023/11/01,0.00045699934644224,2.83881391761737e-05,-4.63533020168283e-05,7.74078940761837e-05,-3.23338765826567e-05,-3.37534131746839e-05,2.70735709942781e-05,1.21243569429986e-05,-4.22740271569107e-05,1.69888999306059e-06,-8.94695945503585e-06,-1.0301848636563e-05,1.63764275003554e-05,2.15388018973887e-05
2023/11/02,0.000459509615178753,2.28449297989605e-05,-4.67569957597676e-05,7.16725574734442e-05,-3.949541041865e-05,-2.42794279904241e-05,5.42400723004864e-05,1.73264261294284e-05,-5.36018055434963e-05,-4.28891052310135e-06,-2.00308850680374e-06,2.00883112590244e-05,1.31247737549182e-05,0.000140700952847228
2023/11/05,0.000461864701072111,1.72184577950407e-05,-4.5666184090119e-05,5.95081300144347e-05,-3.59464557756382e-05,6.66320781530096e-07,3.76922574594033e-05,7.323374736043e-06,-5.07201281057955e-06,-6.29683876018366e-06,9.31110343963482e-06,7.42249654374195e-06,-2.42277251249997e-05,-0.000115231625280419
2023/11/06,0.000464061831479869,1.15726620031452e-05,-4.31086899420247e-05,4.18078883859534e-05,-2.29883503424352e-05,2.48643529285902e-05,-9.62716163232536e-06,-8.49458593478878e-06,4.84640557602119e-05,-4.00565537561423e-07,2.19934236062311e-06,-2.06765476318945e-05,-6.5728929019238e-08,-0.000111600502968343
2023/11/07,0.000466098540999625,5.97017842064487e-06,-3.91606092015278e-05,1.9979006339274e-05,-4.41656966500345e-06,3.27720601189157e-05,-4.96642632778051e-05,-1.63214426892941e-05,4.72629485272575e-05,7.38898165551399e-06,-9.64793633088763e-06,-4.6225776123287e-06,2.49424750433405e-05,7.87792076722755e-05
2023/11/08,0.000467972665389503,4.71551949128458e-07,-3.39452443454695e-05,-4.17005988599569e-06,1.458712942254e-05,1.95085718456437e-05,-4.99053826550219e-05,-9.88229619872661e-06,-6.52216344394268e-06,6.87388772859047e-06,-2.46345768189336e-06,2.08414789259096e-05,-1.3778086628657e-05,-1.3408594421609e-05
2023/11/09,0.000469682335273373,-4.86549476164943e-06,-2.76303044287603e-05,-2.85809839605232e-05,2.89090243481649e-05,-6.13033080087128e-06,-9.78551542127873e-06,4.72877038458914e-06,-5.2128812164601e-05,-2.96408527480467e-06,9.94980008047277e-06,1.96921759121068e-06,-1.78555986113454e-05,-7.06650222539768e-05
2023/11/12,0.000471225969470227,-9.98672566506832e-06,-2.04233326782257e-05,-5.11229578369566e-05,3.48941634610882e-05,-2.74900160811369e-05,3.86019983431119e-05,1.48239020003683e-05,-3.89171468865842e-05,-1.05192040662315e-05,2.79272192530687e-06,-2.06537870621546e-05,2.39399588705214e-05,-0.000167917543794266
2023/11/13,0.000472602268328577,-1.48419799827609e-05,-1.25654049267061e-05,-6.97805765494155e-05,3.12918352473656e-05,-3.08690390561682e-05,5.62374369292952e-05,1.20309930755478e-05,1.72981349987726e-05,-5.18796741289637e-06,-1.02092992740512e-05,4.94049386168853e-07,4.90089650720529e-06,-0.000155077347270934
2023/11/14,0.000473810207583189,-1.93856777907276e-05,-4.32323334678035e-06,-8.28354523035978e-05,1.95079801448686e-05,-1.43120277502309e-05,2.86681337606226e-05,-9.22746113680573e-07,5.30978920733224e-05,7.84271399889673e-06,-3.18316208112708e-06,2.01874570116206e-05,-2.69809281900425e-05,-0.000168096156996333
2023/11/15,0.000474849032963551,-2.35772373539787e-05,4.02009451447911e-06,-8.90250229804597e-05,3.11637590164377e-06,1.12602516946223e-05,-2.21799475163017e-05,-1.28690446643483e-05,2.91042210302488e-05,1.21621527955504e-05,1.04195365706508e-05,-2.74655223204435e-06,9.94239065428647e-06,8.22087486221002e-05
2023/11/16,0.000475718255542804,-2.738140130655e-05,1.2175418903971e-05,-8.76637785860301e-05,-1.32116618504786e-05,2.92357905497232e-05,-5.55023636886498e-05,-1.3713249040916e-05,-2.66304565485928e-05,8.41757794600998e-07,3.6296175620558e-06,-1.95133907863911e-05,2.17239015994575e-05,2.4213559854996e-05
2023/11/19,0.000476417647629411,-3.07684709481673e-05,1.98584487086384e-05,-7.87152750354009e-05,-2.50416586921552e-05,2.8096032125574e-05,-4.44099777138428e-05,-2.82666470726687e-06,-5.13872966583766e-05,-1.28956221393872e-05,-1.05743304306381e-05,4.78806640463566e-06,-2.19577413416457e-05,1.24638427986215e-05
2023/11/20,0.000476947238931392,-3.37144498212015e-05,2.68008712248496e-05,-6.28075670356654e-05,-2.93927452868535e-05,8.80440053662371e-06,2.3801769634713e-06,1.05078392188911e-05,-1.84648384333655e-05,-1.10214955343492e-05,-4.12591016997874e-06,1.86939935051229e-05,-9.71800599818406e-06,-0.000134815508100753
2023/11/21,0.000477307313199154,-3.62010988212105e-05,3.27611221310488e-05,-4.11896940105913e-05,-2.55000460734645e-05,-1.59443946643346e-05,4.74509853779366e-05,1.48894534105686e-05,3.39979553265235e-05,5.60889134840733e-06,1.06683399192469e-05,-6.63507641611165e-06,2.72935691666371e-05,0.00043783268010619
2023/11/22,0.000477498405629539,-3.82159066152849e-05,3.75342934800924e-05,-1.56321498680281e-05,-1.49247197703257e-05,-3.00579553949694e-05,5.46719111096156e-05,6.42546342572585e-06,4.72020828246073e-05,1.63884062522001e-05,4.66502634152894e-06,-1.77790737661291e-05,-5.25400450090825e-06,-0.000235452779147663
2023/11/23,0.000477521300434072,-3.9751981727768e-05,4.09606722936855e-05,1.17206200863438e-05,-1.00465482021791e-06,-2.45051016567919e-05,1.81818177542714e-05,-7.8048368126749e-06,7.6919080067505e-06,6.52302798746825e-06,-1.06971088121484e-05,8.3161381769312e-06,-2.42791244676293e-05,-0.000222272676442292
2023/11/26,0.000477377027586205,-4.08078742475014e-05,4.2932449717525e-05,3.853319819637e-05,1.21736437345761e-05,-3.10655005835019e-06,-3.28979178745355e-05,-1.55381077574684e-05,-3.9026872235957e-05,-1.27259975296254e-05,-5.23924742222312e-06,1.68032345122139e-05,1.84554255177132e-05,3.1946587861058e-05
2023/11/27,0.000477066859576448,-4.13873336972004e-05,4.33982222139247e-05,6.24817780269506e-05,2.09708085515865e-05,2.00626472672026e-05,-5.77763122516682e-05,-9.78615247357778e-06,-4.09224710113957e-05,-1.67463193174256e-05,1.06570877109706e-05,-9.86679505588601e-06,1.39765271061499e-05,-0.000133467546646079
2023/11/28,0.000476592308652041,-4.14990107369124e-05,4.23650103215449e-05,8.1458499496554e-05,2.32091233945914e-05,2.99111946619262e-05,-3.66110860627849e-05,4.83575836523544e-06,2.52491534609848e-06,8.93125369208706e-07,5.84025202118608e-06,-1.57847447401339e-05,-2.57988431552708e-05,-0.000136875502933284
2023/11/29,0.000475955124101748,-4.11561121679718e-05,3.9897644095508e-05,9.37592970894419e-05,1.87207135845082e-05,2.0159550967082e-05,1.36861296279488e-05,1.56568102079282e-05,4.15223932186535e-05,1.85590349031715e-05,-1.05456105469451e-05,1.13245090383986e-05,2.23024947655846e-07,0.000599384490932873
2023/11/30,0.000475157289551566,-4.03760186889623e-05,3.61155041209942e-05,9.82382928681567e-05,9.28879401390687e-06,-2.64118901930248e-06,5.30314432030963e-05,1.28312876347563e-05,3.30734247058252e-05,1.30953211711076e-05,-6.459216574383e-06,1.47257358739628e-05,2.51942573692027e-05,-4.22049262299271e-05
2023/12/03,0.000474201019321254,-3.91798761109176e-05,3.11867506964048e-05,9.44145896490108e-05,-1.97734537863714e-06,-2.34815639140334e-05,5.01756942802657e-05,-1.68422727747152e-06,-1.15559325342971e-05,-9.78826222901784e-06,1.03608533183779e-05,-1.27238736542042e-05,-1.37952662844443e-05,0.00025542744011771
2023/12/04,0.000473088752315298,-3.75921710385207e-05,2.53203160703598e-05,8.25214588026848e-05,-1.16284876701703e-05,-2.87565380664017e-05,7.52953056820949e-06,-1.52619916318148e-05,-4.14843116471337e-05,-2.12045768342937e-05,7.08693270161605e-06,-1.36135471797004e-05,-1.71698239469398e-05,0.000224936457556807
2023/12/05,0.000471823143864158,-3.56402987673399e-05,1.8756069788539e-05,6.34930084935361e-05,-1.6917828053377e-05,-1.51487949950674e-05,-4.09197208153709e-05,-1.54966224251869e-05,-2.4280444083827e-05,-5.61997319537681e-06,-1.01018154235249e-05,1.40922630027221e-05,2.26221569061331e-05,2.58048557039831e-05
2023/12/06,0.00047040705601138,-3.33541299493051e-05,1.17536776529702e-05,3.88889923056097e-05,-1.65873970146821e-05,8.26936795779663e-06,-5.67666222490037e-05,-1.56223753325102e-06,1.88833013073466e-05,1.80534407486934e-05,-7.71391881757616e-06,1.24231458509396e-05,4.57399405307315e-06,-9.69056703239912e-05
2023/12/07,0.000468843546758877,-3.07655815652031e-05,4.58075407781439e-06,1.07639704588483e-05,-1.11721514390291e-05,2.60585026704972e-05,-2.76631844683241e-05,1.43873976772608e-05,3.91050294117421e-05,1.93899962737481e-05,9.76837053137681e-06,-1.5446059557155e-05,-2.43185723630557e-05,-0.000132616018467398
2023/12/10,0.000467135859023934,-2.79081965637011e-05,-2.49905015970933e-06,-1.85079406126758e-05,-2.74656237147282e-06,2.65767786033172e-05,2.30960618837317e-05,1.77333191599816e-05,1.52157663652762e-05,-4.37660727532404e-06,8.33055557835112e-06,-1.11205160533095e-05,8.49148821612544e-06,-0.000158904955794525
2023/12/11,0.000465287409765809,-2.48167361421451e-05,-9.23738257178033e-06,-4.6437461700452e-05,5.791066423039e-06,9.60296633779762e-06,5.52886802172038e-05,4.81645363538592e-06,-2.41428001009338e-05,-2.3460810933308e-05,-9.36124991873632e-06,1.67877973476651e-05,1.88949428086265e-05,-1.76448751681717e-05
2023/12/12,0.000463301779502162,-2.15267883071364e-05,-1.54113447840007e-05,-7.06357449886437e-05,1.16632332284244e-05,-1.35777311313934e-05,4.36893160376847e-05,-1.30810639092279e-05,-3.47494723182475e-05,-1.29074461811682e-05,-8.9271544989349e-06,9.66684723533154e-06,-1.80904577840964e-05,8.71980278992465e-05
2023/12/13,0.000461182702238074,-1.80743960012258e-05,-2.08319473429484e-05,-8.90221583122087e-05,1.30888842281922e-05,-2.76547971034717e-05,-2.17427834023498e-06,-1.95083545245981e-05,-6.54010230180679e-06,1.47369695223321e-05,8.88199884044208e-06,-1.81044382799558e-05,-8.56876773417534e-06,-1.62893148884146e-05
2023/12/14,0.000458934055700474,-1.44957076253997e-05,-2.53504529060351e-05,-0.00010000588654506,9.81949114103718e-06,-2.3394083791047e-05,-4.58969145078556e-05,-7.99471862523302e-06,2.71513046478799e-05,2.4283568748535e-05,9.49398489420135e-06,-8.02321420026362e-06,2.17068082492174e-05,6.26607648195496e-05
2023/12/17,0.000456559851983978,-1.08266518964386e-05,-2.88623336882154e-05,-0.000102625265540365,3.17486896607541e-06,-3.7001111033096e-06,-5.31566003904731e-05,1.14024469090109e-05,2.89194086300392e-05,2.76948296257844e-06,-8.33293935001101e-06,1.93669112825569e-05,-3.14595132349408e-06,0.000251974882558068
2023/12/18,0.000454064228829885,-7.10263826324055e-06,-3.13087224786081e-05,-9.66324984279425e-05,-4.42396932776889e-06,1.83457761518552e-05,-1.86729881476184e-05,2.08044967711515e-05,-1.15384185250806e-06,-2.29712437691629e-05,-1.00212868880698e-05,6.15543586178494e-06,-1.8914251936293e-05,1.77515034765359e-05
2023/12/19,0.000451451441250855,-3.35828420618584e-06,-3.26753973768674e-05,-8.25162469063727e-05,-1.02703620467146e-05,2.81575221387774e-05,3.00215476026111e-05,1.10194716141167e-05,-2.79173076038712e-05,-1.98119019576125e-05,7.71716864367651e-06,-2.05309440089516e-05,1.26953372502921e-05,-3.67590443937529e-05
2023/12/20,0.000448725853245194,3.72829842118623e-07,-3.2989495140964e-05,-6.14600986675028e-05,-1.22732163185387e-05,1.92869213244835e-05,5.46266741436489e-05,-9.41967073275488e-06,-2.22057679490484e-05,8.96536856383483e-06,1.04993069315121e-05,-4.03879041767989e-06,1.12831774430173e-05,1.68079077326799e-05
2023/12/21,0.000445891930009101,4.05837855793797e-06,-3.2314285858951e-05,-3.52405880496381e-05,-9.65527369986354e-06,-2.33514193967117e-06,3.62359723563529e-05,-2.16199855977023e-05,7.39073721781061e-06,2.69007348595551e-05,-7.03861251599979e-06,2.15391387970595e-05,-1.76214022525966e-05,-0.000103921601883395
2023/12/25,0.000442954230759716,7.66748342577909e-06,-3.07424562165998e-05,-6.07378525993711e-06,-3.22414069982966e-06,-2.23523189170756e-05,-1.01638993994565e-05,-1.38216563509375e-05,2.66336396021205e-05,1.06201925195603e-05,-1.09183960903653e-05,1.66228430700626e-06,-1.6340693267062e-06,-3.29441083532742e-05
2023/12/26,0.000439917401994158,1.11708786747793e-05,-2.83884307765949e-05,2.35760074119003e-05,4.87348248123849e-06,-2.7502957526515e-05,-4.79499360218816e-05,7.20653763265427e-06,1.52334402277945e-05,-1.96613660490365e-05,6.30210083125809e-06,-2.23242041741253e-05,1.71972068508829e-05,2.18028384434879e-05
2023/12/27,0.000436786171251923,1.45410525844316e-05,-2.53803038661752e-05,5.1208608865028e-05,1.18404678365696e-05,-1.43993404193243e-05,-4.78186025317086e-05,2.19674847430382e-05,-1.18502898462521e-05,-2.52534484499316e-05,1.12691627875262e-05,9.67809777641837e-07,-7.03046505946235e-06,5.08596923266953e-05
2023/12/28,0.000433565341301622,1.7752365298412e-05,-2.18519573591905e-05,7.45027210756236e-05,1.51454034146849e-05,8.24406030658157e-06,-1.05099753056378e-05,1.63425489331654e-05,-2.36529284439871e-05,1.4969572492111e-06,-5.51340650188821e-06,2.28132390753516e-05,-1.2400168910181e-05,-0.000109331200133767
2024/01/01,0.00043025978448488,2.07811441908195e-05,-1.79359008807949e-05,9.15143255956258e-05,1.33755388386255e-05,2.54004221248961e-05,3.43176836949103e-05,-4.83944067320123e-06,-8.60377223064699e-06,2.67542017847989e-05,-1.15426228965932e-05,-3.82542423073079e-06,1.25033500899044e-05,0.000193813710107507
2024/01/02,0.000426874437016877,2.36057580391092e-05,-1.37572928822577e-05,0.000100841477700231,6.75099484658973e-06,2.56947782898015e-05,5.17149120852588e-05,-2.18725251887498e-05,1.43893682933733e-05,1.8047810964388e-05,4.67924395865029e-06,-2.29328914866074e-05,5.31918711678921e-06,-6.99732587534539e-05
2024/01/03,0.000423414292879483,2.62066712009329e-05,-9.42949034586327e-06,0.000101741320230016,-2.87337982079472e-06,8.9382346326638e-06,2.87097444391987e-05,-1.85350826751238e-05,1.94482903135814e-05,-1.39165569947337e-05,1.17303025516145e-05,6.86342926328477e-06,-1.39296888546563e-05,-7.1642086819603e-05
2024/01/04,0.000419884396671925,2.85664789000761e-05,-5.05133967557818e-06,9.41894349719514e-05,-1.25339452935242e-05,-1.37557377853152e-05,-1.60709224926974e-05,2.39445891280382e-06,2.84080210559535e-06,-2.84103616979943e-05,-3.80727816743532e-06,2.26150881228113e-05,1.71414731940413e-06,-7.53112218920221e-05
2024/01/07,0.000416289835632331,3.06699260518639e-05,-7.06270045542714e-07,7.88767891287543e-05,-1.90613317428994e-05,-2.73421718574965e-05,-4.7517171533622e-05,2.13716621934097e-05,-1.50464116249621e-05,-6.65276984335408e-06,-1.18243216947365e-05,-1.00138453435674e-05,1.1808016546312e-05,8.26806413350978e-06
2024/01/08,0.00041263573125275,3.25039125279867e-05,3.53690218011229e-06,5.71450480482025e-05,-2.00873664887987e-05,-2.28130397578764e-05,-4.15976730885148e-05,2.03646248158825e-05,-1.45635269534602e-05,2.38115879924267e-05,2.90616897471576e-06,-2.18029315669967e-05,-6.91636939780284e-06,2.81579314613729e-05
2024/01/09,0.000408927230702496,3.40574875100628e-05,7.6216918614973e-06,3.08664196366131e-05,-1.48423328152582e-05,-3.15965576174133e-06,-3.70727663973987e-06,5.51836246783685e-08,1.65328537135974e-06,2.40204758238165e-05,1.18175414835998e-05,1.31896962316562e-05,-7.52675576408317e-06,-3.10899912649573e-05
2024/01/10,0.000405169498103531,3.5321835225214e-05,1.15005427028654e-05,2.27899533422068e-06,-4.48512329928436e-06,1.86133122797021e-05,3.61896752548481e-05,-2.05105205724969e-05,1.40279994862119e-05,-6.49968248267802e-06,-1.98559688866903e-06,2.04563172232787e-05,9.49037897717077e-06,-9.10906313439142e-05
2024/01/11,0.000401367705570315,3.62902539866199e-05,1.51307534904954e-05,-2.62076617919559e-05,8.15399228870816e-06,2.80979017882533e-05,4.72911626847608e-05,-2.18092399213557e-05,9.55834157839893e-06,-2.88479252119365e-05,-1.1703764526982e-05,-1.62884635240594e-05,2.6895550634845e-06,3.95973885252532e-05
2024/01/14,0.000397527024004247,3.69581303212779e-05,1.84702388143538e-05,-5.22194856918609e-05,1.93604810526721e-05,1.9012273879167e-05,2.17436292023796e-05,-2.4411744376301e-06,-4.62880979155515e-06,-1.43939739432904e-05,1.05622087429798e-06,-1.85568150470283e-05,-9.61308655990829e-06,-0.000117693652677122
2024/01/15,0.000393652613672559,3.7322909758021e-05,2.14736449406776e-05,-7.36193368889894e-05,2.56302292756262e-05,-2.6524737203794e-06,-1.98863715898807e-05,1.93418630633971e-05,-1.1679351584356e-05,1.84811578716657e-05,1.1477955676077e-05,1.91969913348305e-05,1.47420967389715e-06,5.90139585168538e-05
2024/01/16,0.000389749614681398,3.7384065648657e-05,2.40893133206804e-05,-8.86855070701177e-05,2.47482898655504e-05,-2.25987729596473e-05,-4.51895623619635e-05,2.28595858914345e-05,-4.9543952048766e-06,2.77747723039611e-05,-1.29521403034642e-07,1.6111430484508e-05,8.06729545780894e-06,-2.86606086543583e-05
2024/01/17,0.000385823137533443,3.71430671268043e-05,2.62575145950279e-05,-9.62521493557141e-05,1.6522868981881e-05,-2.76666295174099e-05,-3.51643073328506e-05,4.70189655194852e-06,6.00288769280844e-06,1.59981352014625e-06,-1.11364007771982e-05,-2.1797553906719e-05,-4.39954444271925e-06,2.86873993305513e-05
2024/01/18,0.000381878253641406,3.66033465318326e-05,2.79102689063762e-05,-9.58000282853987e-05,2.94002913272569e-06,-1.45104266049675e-05,1.54435564887054e-06,-1.79234833417433e-05,8.44269659543735e-06,-2.65720409998601e-05,-7.82387078276796e-07,-1.31548671553734e-05,-5.74135572516162e-06,1.86686387341335e-05
2024/01/21,0.00037791998597359,3.57702665994824e-05,2.89729328007876e-05,-8.74904967648331e-05,-1.23278042787321e-05,8.21095394019037e-06,3.60585148972402e-05,-2.35182081476116e-05,1.18779794454213e-06,-2.07557708197285e-05,1.06768372574702e-05,2.39747248192034e-05,6.12161052170692e-06,-3.29763447433075e-05
2024/01/22,0.000373953300095821,3.46510874156128e-05,2.93675771746406e-05,-7.21406755342781e-05,-2.49344671014066e-05,2.55541923179954e-05,4.20065143424454e-05,-6.78348416477584e-06,-5.85659568786772e-06,1.15121604208774e-05,1.66695166003651e-06,9.75003443277507e-06,3.23860500990851e-06,-0.000143262200381785
2024/01/23,0.000369983095625196,3.32549323737454e-05,2.90180160048784e-05,-5.11429760651014e-05,-3.11095424756695e-05,2.61297074519313e-05,1.56685801111667e-05,1.63165698290463e-05,-4.80822204336953e-06,2.89282362548596e-05,-1.00985616293406e-05,-2.56225626279142e-05,-6.96373137776298e-06,-4.91935414316655e-05
2024/01/24,0.000366014198066308,3.15927518908268e-05,2.78561858989232e-05,-2.63369094773179e-05,-2.87823129036466e-05,9.57271815498894e-06,-2.18530350093016e-05,2.37989042450356e-05,1.42750974745085e-06,9.35260615055319e-06,-2.51137337600967e-06,-5.98666846966025e-06,-7.50899347708519e-07,-0.000169199675570442
2024/01/25,0.000362051351070483,2.96772833513074e-05,2.58294343692454e-05,1.5485822807856e-07,-1.82455942241393e-05,-1.32499863912997e-05,-4.1549063067557e-05,8.64081776357558e-06,4.41619740200761e-06,-2.1992765410562e-05,9.40255008239601e-06,2.66516370479619e-05,7.17901484840787e-06,-5.3795735069905e-05
2024/01/28,0.000358099209138598,2.75230054191257e-05,2.29081610926379e-05,2.61113545018378e-05,-2.15229392534854e-06,-2.73975700425748e-05,-2.89411972415762e-05,-1.45839605157151e-05,1.2630551317931e-06,-2.50395990675111e-05,3.30283857216819e-06,1.9780964563484e-06,-1.79481740555963e-06,0.000197680717885776
2024/01/29,0.000354162330834932,2.51460846459904e-05,1.90931808216871e-05,4.94026779559338e-05,1.51714474434493e-05,-2.36460471531922e-05,5.31628913408071e-06,-2.37258925525831e-05,-2.72230231435954e-06,3.84006652636858e-06,-8.59156427057759e-06,-2.69953957923191e-05,-6.74015063003659e-06,-6.66327246493735e-05
2024/01/30,0.000350245172136728,2.25643115926306e-05,1.4422145517108e-05,6.81674829177944e-05,2.89134248406435e-05,-4.48855887026221e-06,3.43974466819224e-05,-1.02384698670417e-05,-2.02114990365452e-06,2.75078413445361e-05,-4.02878431089933e-06,2.14373560848625e-06,4.44138709752612e-06,-4.4545984785518e-05
2024/01/31,0.000346352079462374,1.97970235943818e-05,8.97438280405333e-06,8.09635523908466e-05,3.51307366050671e-05,1.75509755758179e-05,3.63232355365156e-05,1.27882749209706e-05,1.75662847352672e-06,1.58611287965617e-05,7.67020987100774e-06,2.66154037917105e-05,5.37576071618254e-06,0.000560841607460984
2024/02/01,0.000342487282442813,1.68650121095186e-05,2.87357913406723e-06,8.68791389288461e-05,3.18867881023023e-05,2.81328377619352e-05,1.05631480837042e-05,2.33327773515854e-05,2.67913713105492e-06,-1.58195404640153e-05,4.67714688929121e-06,-6.23474393320272e-06,-6.94466889327946e-06,6.93110535537878e-06
2024/02/04,0.000338654885557879,1.37904117958906e-05,-3.7121475260742e-06,8.55964672134547e-05,1.98404197197736e-05,2.04381868881318e-05,-2.23093620780614e-05,1.15514268660967e-05,-9.173598803094e-07,-2.69049251500457e-05,-6.64493765677478e-06,-2.55050159098764e-05,-2.81704538596852e-06,6.26969955458835e-05
2024/02/05,0.000334858857531569,1.05965688987301e-05,-1.05730817913844e-05,7.74031710943324e-05,2.11068036304224e-06,-4.57401190596383e-07,-3.7046407054724e-05,-1.09901766219795e-05,-3.90596691096104e-06,-3.58138711557738e-06,-5.23654581698967e-06,1.01463201114788e-05,8.71031128384296e-06,9.40030572192173e-05
2024/02/06,0.00033110301938161,7.30788994101711e-06,-1.74637549455051e-05,6.31520773042257e-05,-1.65538522427676e-05,-2.09660842397046e-05,-2.31232219113739e-05,-2.2661370472343e-05,-1.42395394058741e-06,2.39043036723539e-05,5.52399598293828e-06,2.36911008305362e-05,-8.89853114052877e-07,-0.000101977296246346
2024/02/07,0.000327391031947314,3.94967251951517e-06,-2.41116960023207e-05,4.41742184389329e-05,-3.1073661471486e-05,-2.78506770643107e-05,7.80104905075928e-06,-1.25654770252841e-05,3.96293644554535e-06,2.0489039059162e-05,5.69644629397836e-06,-1.37335004146078e-05,-8.97428343684518e-06,-8.42500983403522e-05
2024/02/08,0.000323726383268253,5.47920074918204e-07,-3.02287790866315e-05,2.21538701063763e-05,-3.74426170642344e-05,-1.67691635470926e-05,3.15999308564869e-05,9.24670005374017e-06,4.96032257572569e-06,-8.9166478079339e-06,-4.31730014230224e-06,-2.12335894141024e-05,5.18375657262437e-06,-5.27727864458282e-05
2024/02/11,0.000320112376453179,-2.87085673919832e-06,-3.55246593092508e-05,-1.0225662965909e-06,-3.38440668427022e-05,5.01588388298427e-06,3.05106669313874e-05,2.17602325542687e-05,-7.96556723164847e-07,-2.63854354534633e-05,-6.04733114035906e-06,1.68630461529541e-05,7.15230584990523e-06,-1.55170393199492e-05
2024/02/12,0.000316552118403782,-6.27984952157091e-06,-3.9721618421231e-05,-2.34301181944921e-05,-2.11649441993243e-05,2.34339556350658e-05,6.37769679136449e-06,1.3277605626138e-05,-6.70011933146946e-06,-9.9344985692093e-06,3.03625395947557e-06,1.82229356226507e-05,-9.02603859546802e-06,-2.38937920571175e-06
2024/02/13,0.000313048509431776,-9.65217010618054e-06,-4.25700084458621e-05,-4.32668843557156e-05,-2.76330909026794e-06,2.67177658975482e-05,-2.1552815601733e-05,-7.6090251151791e-06,-4.82964693047593e-06,1.87694123264107e-05,6.280901150097e-06,-1.94208573902525e-05,-3.19641854054515e-06,0.00012174254677038
2024/02/14,0.000309604233713426,-1.2961074742587e-05,-4.38633953246664e-05,-5.90000580720093e-05,1.64456285915521e-05,1.29133639554188e-05,-3.1976218750206e-05,-2.06826360346904e-05,3.6486014496919e-06,2.29324686380565e-05,-1.69352303589876e-06,-1.47757136096993e-05,1.11912952873425e-05,3.04150279342691e-05
2024/02/15,0.000306221750557631,-1.61801919871214e-05,-4.34524722174524e-05,-6.9484437471349e-05,3.13296337629951e-05,-8.99887087385876e-06,-1.7784298939007e-05,-1.36961496043133e-05,8.77521764738595e-06,-2.14859123019702e-06,-6.39027615813322e-06,2.13182730074917e-05,-2.21521454179717e-06,6.29026280477251e-05
2024/02/18,0.000302903286499223,-1.92837516446658e-05,-4.1256837130652e-05,-7.40443113580584e-05,3.7933114639948e-05,-2.4983440907903e-05,9.17249299781388e-06,6.12010441052158e-06,3.55829086198844e-06,-2.38379539953623e-05,3.02742267285485e-07,1.1028655132787e-05,-1.07096734348588e-05,-7.99027183380669e-05
2024/02/19,0.000299650828420127,-2.22468117804284e-05,-3.72738120567538e-05,-7.25130785049663e-05,3.45399911021448e-05,-2.49560082479847e-05,2.79312867292513e-05,1.94838621714857e-05,-6.75131656653504e-06,-1.46470710409541e-05,6.37012831262601e-06,-2.24969075217985e-05,7.76418294605811e-06,4.8510726037728e-05
2024/02/20,0.000296466117918287,-2.50454807910018e-05,-3.15836182743681e-05,-6.52287878605933e-05,2.21172132733059e-05,-9.12665712528912e-06,2.47265765034932e-05,1.38399464732202e-05,-9.92823476648916e-06,1.28815299756357e-05,1.12178822205784e-06,-7.1315303201879e-06,7.2859240717323e-06,1.27082127001975e-05
2024/02/21,0.000293350647135338,-2.765713164775e-05,-2.43504080476805e-05,-5.29876299934831e-05,4.02525785311438e-06,1.22969313822371e-05,3.06856797833272e-06,-4.81296500107993e-06,-1.3115159220648e-06,2.32212509236567e-05,-6.21672374893267e-06,2.29317530626971e-05,-1.18498309966383e-05,-2.85552029777465e-05
2024/02/22,0.000290305655876326,-3.0060606057578e-05,-1.58188767765227e-05,-3.69609304577887e-05,-1.49144187630074e-05,2.5725917733504e-05,-1.97700727600356e-05,-1.82183517668532e-05,9.71875248452451e-06,3.75048535790268e-06,-2.56534032576402e-06,3.23932543256819e-06,-1.51972956155238e-06,4.55731895842768e-05
2024/02/25,0.000287332129931087,-3.22364063692505e-05,-6.30642699131048e-06,-1.85840948522952e-05,-2.97300152381787e-05,2.28151223281737e-05,-2.65242862376579e-05,-1.3736676286298e-05,1.00133638889264e-05,-1.98439154812935e-05,5.92793699069697e-06,-2.26323648286519e-05,1.31034786855591e-05,-7.98584553950718e-06
2024/02/26,0.000284430800653896,-3.41668730343378e-05,3.80888772974546e-06,5.71996185270004e-07,-3.66250264720872e-05,5.61843881825886e-06,-1.29901244268532e-05,3.70989180734575e-06,-1.64906420118094e-06,-1.74433571520471e-05,4.01292496403785e-06,4.95815530233476e-07,-5.1771795636623e-06,-4.82613083861911e-06
2024/02/27,0.000281602145817073,-3.58363456641698e-05,1.41041594934756e-05,1.89355892616635e-05,-3.39600321417887e-05,-1.48879843261305e-05,9.50932590024821e-06,1.69372372243714e-05,-1.21996186813616e-05,7.01250569869861e-06,-5.50327264286943e-06,2.16421061099236e-05,-1.08758755073417e-05,-3.66429405417921e-05
2024/02/28,0.000278846391831318,-3.72313058604741e-05,2.41304533893685e-05,3.50630937065951e-05,-2.26345454354042e-05,-2.58383140284628e-05,2.35481397278898e-05,1.34208615184848e-05,-9.00692431828822e-06,2.16676492342885e-05,-5.44943809095535e-06,-3.93243278767402e-06,1.09589574728144e-05,-5.21458635949977e-06
2024/02/29,0.000276163517280207,-3.83405004379269e-05,3.34337588578347e-05,4.77519708354565e-05,-5.78293701852213e-06,-2.05414393848837e-05,1.9103472910645e-05,-2.82236726461845e-06,4.99798607100845e-06,8.26633433627232e-06,4.94389158149622e-06,-2.00355283030016e-05,5.51833929948152e-06,-6.67544987634493e-05
2024/03/03,0.000273553257564464,-3.91550441072566e-05,4.1577009526295e-05,5.61287461470778e-05,1.21131706875314e-05,-2.52820331525224e-06,6.677063074818e-07,-1.56864122970236e-05,1.39112101272673e-05,-1.50915020488504e-05,6.85983778712054e-06,6.94695577440239e-06,-1.41008895504357e-05,-5.36298426028216e-05
2024/03/04,0.000271015110448935,-3.96685009040639e-05,4.81620246425355e-05,5.97059249255371e-05,2.64395218212587e-05,1.68358723791593e-05,-1.70443562623252e-05,-1.29317963427307e-05,7.00280567963115e-06,-1.83405617542349e-05,-4.25260273421677e-06,1.79140637463159e-05,1.65162085569127e-06,0.000101145873498508
2024/03/05,0.000268548342478386,-3.98769436139424e-05,5.2850198352813e-05,5.84045154967934e-05,3.36556361083493e-05,2.55373113701533e-05,-2.08382307600835e-05,2.15150218090458e-06,-8.38289791841596e-06,1.81538695709753e-06,-8.22934409673379e-06,-9.43985329626074e-06,1.35485570889887e-05,-0.000162681180348049
2024/03/06,0.000266151996031886,-3.97789908306233e-05,5.5380802075908e-05,5.25419245429048e-05,3.21731727158162e-05,1.83460694273058e-05,-8.8625109350071e-06,1.45049984296375e-05,-1.46647213508e-05,1.87758003625885e-05,3.43381350024701e-06,-1.54002765157335e-05,-8.70055785575412e-06,5.68548040162377e-06
2024/03/07,0.000263824896763172,-3.9375821402473e-05,5.55858695274858e-05,4.27879138795009e-05,2.26877541450616e-05,-8.91923365515463e-08,8.7970367356929e-06,1.23114558834672e-05,-4.19657131744672e-06,1.11439282009685e-05,9.54366940028828e-06,1.13403978815814e-05,-9.27757689645305e-06,-3.53787604642948e-05
2024/03/10,0.00026156566161806,-3.86711655566408e-05,5.34007986479645e-05,3.00938523517968e-05,7.90151024559111e-06,-1.82770932378252e-05,1.85635051884734e-05,-1.68876467700776e-06,1.14622649573394e-05,-1.02571080271994e-05,-2.49341797387622e-06,1.26310013872465e-05,1.36385336680559e-05,-6.55095785919783e-05
2024/03/11,0.000259372707277411,-3.76712724859248e-05,4.88700190891862e-05,1.56024579310107e-05,-8.26131661839186e-06,-2.50476204601409e-05,1.38159154018003e-05,-1.34240054884694e-05,1.4380014612496e-05,-1.75954879346323e-05,-1.07892239346213e-05,-1.26097624416075e-05,2.34335073736283e-06,1.34472243145213e-05
2024/03/12,0.000257244258995123,-3.63848541359038e-05,4.21473286002714e-05,5.46468906299405e-07,-2.17143523061529e-05,-1.63778290960984e-05,-7.09776461386773e-07,-1.1602226083422e-05,8.60214517507659e-07,-2.24858637528151e-06,1.43866885274106e-06,-9.74976501675883e-06,-1.50125663644005e-05,-3.22859840325383e-05
2024/03/13,0.000255178360054988,-3.48230047303976e-05,3.34907819977649e-05,-1.38548574719672e-05,-2.92534214602297e-05,2.26626840005349e-06,-1.341466899337e-05,1.41730866125745e-06,-1.39402687444602e-05,1.51349858545493e-05,1.19532820220059e-05,1.32422752135788e-05,5.39889646495689e-06,-5.29679372687304e-05
2024/03/14,0.000253172882064734,-3.29990957709067e-05,2.32523055696594e-05,-2.64928398693645e-05,-2.93154293980318e-05,1.93974892273347e-05,-1.51003125887136e-05,1.24657695931462e-05,-1.30887928866585e-05,1.23756348069257e-05,-2.78036367488874e-07,6.89899069655052e-06,1.23494358124027e-05,-8.41290008895892e-05
2024/03/17,0.000251225536283896,-3.09286465729354e-05,1.18624916225467e-05,-3.64525045618021e-05,-2.22738923767075e-05,2.45701445349311e-05,-5.60076943373549e-06,1.08450787333483e-05,2.68974843697069e-06,-5.91342395019819e-06,-1.30240989405952e-05,-1.32647861199291e-05,-1.18196608499639e-05,5.11737831941742e-05
2024/03/18,0.000249333886039679,-2.86291709552958e-05,-1.88713290544507e-07,-4.3075788660165e-05,-1.02261012631253e-05,1.47066060671917e-05,6.97685048912108e-06,-1.31347310073827e-06,1.55956600494972e-05,-1.56240862330065e-05,-9.78908882480865e-07,-4.21244285256944e-06,-6.31204778790674e-06,-3.03622696196567e-05
2024/03/19,0.000247495360205677,-2.61200012182825e-05,-1.2374490773621e-05,-4.60008344851821e-05,3.63786330763242e-06,-4.11210561352443e-06,1.31228650118306e-05,-1.16438686033073e-05,1.09264206929808e-05,-4.93574787708428e-06,1.39910014430412e-05,1.27342373036381e-05,1.51277468732264e-05,3.1197553732975e-05
2024/03/20,0.000245707267641524,-2.34220910590978e-05,-2.41556944891649e-05,-4.51755781950307e-05,1.58929114328204e-05,-2.04021391039145e-05,9.11695718356742e-06,-1.00780650440413e-05,-6.12729917543502e-06,1.13250712519833e-05,2.32156254716835e-06,1.80832083136447e-06,-1.47749778209061e-06,2.32102739603472e-05
2024/03/21,0.000243966812537896,-2.05577994196799e-05,-3.50062311555027e-05,-4.08460220990234e-05,2.37294248668667e-05,-2.42546807649112e-05,-9.0086003960386e-07,1.34824562039171e-06,-1.6301925517324e-05,1.21545594031541e-05,-1.48445032286419e-05,-1.17336370531667e-05,-1.43873629460819e-05,4.2954979795627e-05
2024/03/24,0.000242271110523652,-1.75506577316303e-05,-4.44380041778652e-05,-3.35215892243958e-05,2.55843791779234e-05,-1.33183909373129e-05,-8.95270692166865e-06,1.09631442508234e-05,-8.11360588278892e-06,-2.47589143782524e-06,-3.73835038026335e-06,2.16619307093277e-07,8.89467986803075e-06,3.59732635662281e-05
2024/03/25,0.000240617205562591,-1.44251231508511e-05,-5.20241629343978e-05,-2.39216376789182e-05,2.14161014933411e-05,5.79190576572246e-06,-9.57983099597864e-06,9.33486426150415e-06,9.15164387091899e-06,-1.2917327871955e-05,1.55764519575143e-05,1.03667137629207e-05,9.78826344685433e-06,-4.9321067489266e-05
2024/03/26,0.00023900208767384,-1.12063206874306e-05,-5.74194853909957e-05,-1.29084479965207e-05,1.25887088931077e-05,2.148435933539e-05,-3.46384311154732e-06,-1.48887623881943e-06,1.6037200590125e-05,-6.20696567562741e-06,5.21684568164109e-06,-1.79161166701725e-06,-1.39141217313993e-05,-2.61665296747456e-05
2024/03/27,0.000237422711366312,-7.9197776160905e-06,-6.03768685438755e-05,-1.41271967278302e-06,1.433235101311e-06,2.41801333177553e-05,4.02001857974889e-06,-1.042005091775e-05,4.92999592798809e-06,7.84621200636298e-06,-1.61801562136712e-05,-8.75158094401699e-06,-2.59201073619575e-06,-5.8750141655095e-05
2024/03/31,0.000235876014747909,-4.591153730846e-06,-6.07591013121001e-05,9.64219707088457e-06,-9.37497914632242e-06,1.21201759147243e-05,7.47254023568128e-06,-8.64355729860836e-06,-1.15183880943681e-05,1.08080694768109e-05,-6.74396336187646e-06,2.87485411508928e-06,1.51806739748738e-05,1.76086174081483e-05
2024/04/01,0.0002343589392955,-1.2459711899852e-06,-5.85453375691706e-05,1.94114219072856e-05,-1.74545219970009e-05,-7.50127318419614e-06,5.3420944371146e-06,1.70064257767759e-06,-1.48832496821375e-05,-1.86053151433971e-07,1.66504281958709e-05,7.01378208164884e-06,-5.22752973671806e-06,2.06386280155445e-05
2024/04/02,0.000232868450213218,2.09065205473907e-06,-5.38319601399964e-05,2.71898527305868e-05,-2.1220989326731e-05,-2.27973548442153e-05,2.40218453410577e-07,1.0003435007794e-05,-1.68236965651206e-06,-9.96427314752619e-06,8.30617805270145e-06,-3.45478618871303e-06,-1.23859640627286e-05,-1.43408914602699e-06
2024/04/03,0.00023140155711294,5.39426091898031e-06,-4.6827814903623e-05,3.24595821797534e-05,-2.01564996792101e-05,-2.43432932699846e-05,-3.84280227775149e-06,8.02569755383269e-06,1.30642465349446e-05,-6.18455876550855e-06,-1.6983550133893e-05,-5.27912461267334e-06,1.15434619696356e-05,5.68698373725571e-05
2024/04/04,0.000229955334889438,8.64130978778488e-06,-3.7844080937242e-05,3.49206541361026e-05,-1.48159079486887e-05,-1.0953605817452e-05,-4.65967986326409e-06,-1.94871840476296e-06,1.3013830211884e-05,5.0789376004883e-06,-9.88971699685276e-06,3.54966943758953e-06,6.3443663048794e-06,-2.70703923999045e-05
2024/04/07,0.000228526944705555,1.18093930659985e-05,-2.72793130604894e-05,3.45038109474991e-05,-6.60468040909337e-06,9.43717474660342e-06,-2.71990387356623e-06,-9.69574322318021e-06,-1.32934122947941e-06,8.72738309496952e-06,1.71772088571053e-05,3.66671951242186e-06,-1.46727758846438e-05,0.0001623381227503
2024/04/08,0.000227113654869592,1.48774557042241e-05,-1.56004331425194e-05,3.13652947344991e-05,2.59163826193355e-06,2.44299811587321e-05,1.25082511944441e-08,-7.49591492544296e-06,-1.3722969828768e-05,8.71653990346517e-07,1.14807185469907e-05,-3.20555490179849e-06,1.25020250353658e-06,-8.00062352225207e-05
2024/04/09,0.000225712861293618,1.78259798998002e-05,-3.32064348125824e-06,2.58650692303195e-05,1.08286720841171e-05,2.46564546656425e-05,2.00503381812961e-06,2.1996576917357e-06,-1.06737575247728e-05,-7.20160508766198e-06,-1.72304584878046e-05,-2.28263229911738e-06,1.38396064605565e-05,0.000115862761736696
2024/04/10,0.000224322107166528,2.06371445487638e-05,9.02462048172627e-06,1.85309354971669e-05,1.64854298497077e-05,9.61636953676421e-06,2.87432859671904e-06,9.47422176483991e-06,3.84492523521569e-06,-5.09932803118249e-06,-1.30653917484616e-05,2.4928168023568e-06,-8.31323354669562e-06,-8.75219461534486e-05
2024/04/11,0.000222939101830204,2.32949550096866e-05,2.09024973547402e-05,1.00118630230276e-05,1.85431728033913e-05,-1.17677817614542e-05,2.75578625939815e-06,7.06184335382013e-06,1.35311332454178e-05,3.28029617993153e-06,1.71437238055563e-05,1.21448955347112e-06,-9.37366854750055e-06,-6.95614121096898e-05
2024/04/14,0.000221561738685696,2.57853411828782e-05,3.18070453057001e-05,1.02440983182752e-06,1.6728525904486e-05,-2.63895341238489e-05,1.55643555848726e-06,-2.42257312225752e-06,8.15070921057002e-06,6.31898090149267e-06,1.46302383397103e-05,-1.50149041907842e-06,1.29605738583575e-05,9.14485988859788e-05
2024/04/15,0.000220188112237217,2.80962228903997e-05,4.12819476622815e-05,-7.7036454638942e-06,1.15172028314267e-05,-2.49560077407903e-05,-8.16793430806966e-07,-9.31205317900973e-06,-5.67262467317627e-06,7.36638771810011e-07,-1.69187478584057e-05,-5.27271401522867e-07,2.59065561312918e-06,-3.21066362586579e-05
2024/04/16,0.000218816534122731,3.02175418801515e-05,4.89405028600607e-05,-1.54883773838743e-05,4.01496269475788e-06,-7.89084384842169e-06,-3.55971732416797e-06,-6.72403397659257e-06,-1.26231726196347e-05,-4.99721468587912e-06,-1.61622825090686e-05,3.35734531115994e-07,-1.40292843605816e-05,6.76196506194034e-05
2024/04/17,0.00021744554784703,3.2141260297084e-05,5.44819790291389e-05,-2.17397079967732e-05,-4.25631436736487e-06,1.46045151407128e-05,-4.76657076783564e-06,2.59059202973934e-06,-5.74224622267874e-06,-3.25086159848158e-06,1.65584917357314e-05,2.60495215719863e-07,4.60525449888062e-06,1.31275651590971e-05
2024/04/18,0.000216073942346764,3.3861326665905e-05,5.77036144562151e-05,-2.60030483851231e-05,-1.16341196721836e-05,2.85953279500095e-05,-2.74200030322554e-06,9.18006267748837e-06,6.71100442409917e-06,2.59833865734417e-06,1.76492538892005e-05,8.92204113819402e-07,1.13785992927223e-05,0.000401683493886964
2024/04/21,0.000214700764270063,3.53736107912552e-05,5.85077776286143e-05,-2.79899953554258e-05,-1.66153974695171e-05,2.50230753828387e-05,2.06101444665118e-06,6.4764891413633e-06,1.12159460555467e-05,3.98242718667984e-06,-1.60669952557761e-05,-4.26837972841328e-07,-1.02749658664857e-05,-1.26289129829663e-05
2024/04/22,0.000213325328371598,3.66758090485496e-05,5.69040528103646e-05,-2.7596292834113e-05,-1.81399481239876e-05,5.57751343438405e-06,6.49064974014015e-06,-2.6819506142128e-06,3.72119085215945e-06,-4.53798126335644e-07,-1.90796864423651e-05,-2.06813428594583e-06,-5.88853017216555e-06,-1.77652036580705e-05
2024/04/23,0.000211947225435139,3.77673223585302e-05,5.30062772477087e-05,-2.49061352403471e-05,-1.58118399907752e-05,-1.79798317721212e-05,6.69071913221714e-06,-9.0484969833121e-06,-6.96146005653317e-06,-3.64904534146229e-06,1.54492388200343e-05,1.01215867201319e-06,1.29876640704132e-05,5.28720364849496e-06
2024/04/24,0.00021056632839847,3.86491114957903e-05,4.70248106815258e-05,-2.01827763428701e-05,-1.00135852757632e-05,-3.08838251206528e-05,1.45028706725671e-06,-6.30756746063868e-06,-9.58379500110699e-06,-9.86558741525221e-07,2.04429688614609e-05,3.08185995046441e-06,-8.34060211284566e-07,-3.21198301126536e-07
2024/04/25,0.000209182797190198,3.9323534795015e-05,3.92545479083436e-05,-1.38462746844877e-05,-1.87695116299375e-06,-2.46121377196793e-05,-5.99244529158667e-06,2.68071680878569e-06,-2.30274623573075e-06,3.08337190848301e-06,-1.47110013469678e-05,-1.97678346063919e-06,-1.21940362450916e-05,-6.88285924636488e-05
2024/04/28,0.000207797082281269,3.97941730269391e-05,3.00593805398956e-05,-6.44001362751954e-06,6.90442795584874e-06,-2.52595242915551e-06,-9.80055343509423e-06,8.88863020150569e-06,6.52948024078475e-06,2.10016927965319e-06,-2.17293332026314e-05,-3.83261750961737e-06,6.94380638565203e-06,-8.79286797075304e-05
2024/04/29,0.000206409927077453,4.00656465337705e-05,1.98539679274097e-05,1.41165775222599e-06,1.44031151844673e-05,2.18365189927571e-05,-6.14094490183651e-06,6.20108112790347e-06,8.02633151019835e-06,-2.47867294104844e-06,1.3858719147587e-05,3.25785188057614e-06,8.32627559698239e-06,-4.33844748884458e-05
2024/04/30,0.000205022369357024,4.01434298332477e-05,9.0837818942103e-06,9.05173737367519e-06,1.88719795754036e-05,3.30256402194456e-05,3.10702407914045e-06,-2.57687458270734e-06,1.61748455804114e-06,-3.38432139640099e-06,2.29298273049386e-05,4.23385859119846e-06,-1.0885259518845e-05,-1.53606772883716e-05
2024/05/01,0.000203635741666157,4.0033668412375e-05,-1.79555904606746e-06,1.58414893973009e-05,1.91582168363102e-05,2.34831669748076e-05,1.10276777850474e-05,-8.67362164793161e-06,-5.61376140507707e-06,1.30886047865468e-06,-1.28993207863346e-05,-4.77251518687477e-06,-2.60965574164537e-06,3.3294612263278e-05
2024/05/02,0.000202251670363071,3.97430019462373e-05,-1.23386530275812e-05,2.12103889251529e-05,1.50166432773661e-05,-1.3406250616248e-06,1.08456047780311e-05,-6.13702833685837e-06,-6.83252822531371e-06,4.69036609701009e-06,-2.40362559907004e-05,-4.21728086233209e-06,1.18015204962515e-05,-4.75278243787098e-05
2024/05/05,0.000200872073153594,3.92783981318675e-05,-2.21294166002361e-05,2.47014905140583e-05,7.23244777001124e-06,-2.60273694669261e-05,1.72677843439268e-06,2.36639533642417e-06,-1.69340088530817e-06,1.03069862256439e-06,1.18400655580781e-05,6.42180794389274e-06,-3.33943219155967e-06,6.68184636791468e-05
2024/05/06,0.000199499155212127,3.86470013604599e-05,-3.07980664974489e-05,2.6008828917514e-05,-2.49857551520242e-06,-3.47490033594296e-05,-9.76301158849292e-06,8.37932690326261e-06,4.48462055152881e-06,-5.03373088781223e-06,2.50410738058979e-05,3.73604247589751e-06,-9.70944049847777e-06,-1.10072208798234e-05
2024/05/07,0.000198135404056052,3.78560001503011e-05,-3.80352640003837e-05,2.50039054152444e-05,-1.19261969270444e-05,-2.14321956854232e-05,-1.43503402220008e-05,6.09230688247156e-06,6.2451880030275e-06,-4.34958366962274e-06,-1.06884543057303e-05,-8.09503743069748e-06,7.9922071452033e-06,1.17900605886026e-05
2024/05/08,0.000196783583172151,3.691251654987e-05,-4.36028769422411e-05,2.17489812332203e-05,-1.8768130793744e-05,6.00909348417674e-06,-7.57796853804591e-06,-2.05149441474262e-06,2.44879827169301e-06,3.21642994061101e-06,-2.59372863317095e-05,-2.76714027715814e-06,5.40853849209578e-06,-1.24820438461761e-05
2024/05/09,0.000195446724590911,3.58235203510391e-05,-4.73410071155556e-05,1.64957635464695e-05,-2.1276533569094e-05,3.03246206508192e-05,5.97104800354061e-06,-7.98551271242632e-06,-3.45392514410817e-06,7.26401250220987e-06,9.45220621810043e-06,9.67453375550286e-06,-1.03124592066965e-05,-0.000104947991870712
2024/05/12,0.000194128120614539,3.45957702598318e-05,-4.91711339980525e-05,9.66908391428449e-06,-1.87034914120202e-05,3.57682672149998e-05,1.56779623097333e-05,-6.04188779863889e-06,-6.42923325859265e-06,1.09274756458173e-06,2.67183911472769e-05,1.31294411126746e-06,-1.77316122685552e-07,-0.000101759224546525
2024/05/13,0.000192831314848523,3.32357832933113e-05,-4.90954279756703e-05,1.83627499479363e-06,-1.15359176661464e-05,1.83186265919084e-05,1.3246552265235e-05,1.64057046495374e-06,-3.69685751502823e-06,-7.72278662054912e-06,-8.13924946500578e-06,-1.10406053114715e-05,9.97402521388293e-06,2.85656968812635e-05
2024/05/14,0.000191560092670644,3.17498327634842e-05,-4.71924762854688e-05,-6.33592236617709e-06,-1.42345792723407e-06,-1.13700035911888e-05,-1.89430221223189e-07,7.47701026721352e-06,2.83925166450878e-06,-6.58191929248895e-06,-2.73783372261327e-05,5.9811547424577e-07,-4.62711823149366e-06,0.000114633362301311
2024/05/15,0.000190318471083009,3.01439740634652e-05,-4.36098328581973e-05,-1.4134025491039e-05,9.19848641311203e-06,-3.44395743125088e-05,-1.43071193652123e-05,5.96018585570681e-06,7.44716822208735e-06,4.29616706504789e-06,6.75771138120414e-06,1.20765985649892e-05,-7.3487660415611e-06,-5.16444458010368e-06
2024/05/16,0.000189110687755351,2.84240964329087e-05,-3.85539403108894e-05,-2.08562400884581e-05,1.77054117837702e-05,-3.58162328747435e-05,-1.75400005033877e-05,-1.14781984262003e-06,5.16207184593453e-06,1.05135912921111e-05,2.7911464474508e-05,-2.91171801586042e-06,7.93233339049613e-06,-1.90617053391206e-05
2024/05/19,0.000187941189218358,2.65959982910102e-05,-3.22780721468964e-05,-2.58721706357069e-05,2.1950691990973e-05,-1.40875204967264e-05,-6.60391887201806e-06,-6.84465416896336e-06,-2.92553998367718e-06,2.52724849616534e-06,-5.31593250654712e-06,-1.2673994258813e-05,3.30228479603961e-06,4.84273902768026e-05
2024/05/20,0.000186814618403422,2.46654833108514e-05,-2.50690027925624e-05,-2.86789711522913e-05,2.08277399197819e-05,1.72215670129676e-05,1.02764351760314e-05,-5.82250355005189e-06,-9.24453457057351e-06,-1.00601996125095e-05,-2.83124100985934e-05,5.54869062420708e-06,-9.1727591051684e-06,9.16098464344893e-05
2024/05/21,0.000185735801593042,2.26384735789471e-05,-1.72331320434395e-05,-2.89491160795222e-05,1.45740432586716e-05,3.80506446857265e-05,1.95344571409501e-05,5.92557313163461e-07,-6.50743660954933e-06,-9.96590774133493e-06,3.82254631310832e-06,1.27374617834854e-05,1.10758719941308e-06,-8.60998039266131e-06
2024/05/22,0.000184709734670915,2.05211353692415e-05,-9.08276898244371e-06,-2.65653927898782e-05,4.72911094324653e-06,3.46764190456774e-05,1.32169830984181e-05,6.08602165798624e-06,3.92806494490544e-06,4.12744494472899e-06,2.85760318903061e-05,-8.4069121927384e-06,8.32963036148097e-06,-3.3828502961846e-05
2024/05/23,0.000183741568540288,1.83200125793582e-05,-9.23221056093508e-07,-2.16395351131179e-05,-6.2496880206988e-06,8.78252407073877e-06,-4.15611373077398e-06,5.60666333487393e-06,1.16474157005777e-05,1.39983334622358e-05,-2.28661427284291e-06,-1.21897487155676e-05,-4.91773196848784e-06,4.71913518951053e-06
2024/05/26,0.000182836593708912,1.60421627430399e-05,6.95875772386255e-06,-1.45120911803127e-05,-1.56160963683212e-05,-2.32858543509841e-05,-1.87602200051281e-05,1.94614565705539e-09,7.37021002102379e-06,5.43821535420857e-06,-2.86973911683719e-05,1.13641164579135e-05,-5.8170163926858e-06,-7.02233326888133e-05
2024/05/27,0.000182000224106711,1.36952904712442e-05,1.43047216816321e-05,-5.73257625333911e-06,-2.10431793734022e-05,-4.0836927583871e-05,-1.85040003399811e-05,-5.20585784562702e-06,-5.96070900770136e-06,-1.15053997083263e-05,7.17773601094352e-07,1.09762623474597e-05,7.44715428053904e-06,6.98222362356733e-06
2024/05/28,0.000181237980382729,1.12878733537257e-05,2.0892186097647e-05,3.97940222385298e-06,-2.12218264930515e-05,-3.22092389837222e-05,-3.09745462486558e-06,-5.29483183277105e-06,-1.43730667259672e-05,-1.41962067245888e-05,2.86718173488824e-05,-1.42816109758786e-05,2.29076864625732e-06,-2.89807916922493e-05
2024/05/29,0.000180555472987145,8.8292754385768e-06,2.65400115570236e-05,1.37896740938735e-05,-1.61894337891595e-05,-2.54545968973348e-06,1.52732849335262e-05,-6.10186852907483e-07,-7.40295109158643e-06,2.37965823045594e-06,8.73665231864801e-07,-9.06916049722142e-06,-8.35543445278675e-06,3.83625839009291e-05
2024/05/30,0.000179958385034768,6.32984310343252e-06,3.11114916255057e-05,2.2817728242278e-05,-7.30209804549586e-06,2.92351296615376e-05,2.15965868796569e-05,4.21601411551908e-06,9.01337593496169e-06,1.71449934094547e-05,-2.8494996713912e-05,1.70089417990542e-05,1.53283784370469e-06,-6.22523289046473e-06
2024/06/02,0.000179452454785372,3.80097812580769e-06,3.45152442808255e-05,3.02123237531464e-05,3.13882480940685e-06,4.25107886815616e-05,1.03615457196371e-05,4.87535472096986e-06,1.70534023184928e-05,9.7293251563701e-06,-2.47664569856565e-06,6.47077624686587e-06,7.60102086538724e-06,0.000208916606234723
2024/06/03,0.000179043457403111,1.25518293886316e-06,3.67041202404064e-05,3.52282340548243e-05,1.25008854711932e-05,2.83671499585878e-05,-9.60435703735655e-06,1.2068131075438e-06,6.31576589460719e-06,-1.15343840448706e-05,2.81630893352741e-05,-1.93894519593111e-05,-4.99089897976578e-06,0.000131172393616893
2024/06/04,0.000178737185505011,-1.29392648918688e-06,3.76724319987767e-05,3.72974147662273e-05,1.85064793983133e-05,-4.39618066919965e-06,-2.20526141706463e-05,-3.13439285414583e-06,-1.29414667187241e-05,-1.87678760695965e-05,4.07932194040324e-06,-3.21615655759472e-06,-5.36320493394433e-06,4.52089848543067e-05
2024/06/05,0.000178539428026366,-3.83164375118882e-06,3.74518721092451e-05,3.60880082806894e-05,1.98054028552026e-05,-3.47218149775569e-05,-1.65821093831036e-05,-4.34391760156657e-06,-1.92695575437027e-05,-1.10356437886908e-06,-2.76728672225092e-05,2.12666154832689e-05,7.51333033236814e-06,3.24048177713563e-05
2024/06/06,0.000178455947680547,-6.34223260896587e-06,3.61065262211967e-05,3.15453210618545e-05,1.62844223299152e-05,-4.28429822330782e-05,2.60916850820477e-06,-1.76906384218773e-06,-3.91532868660186e-06,1.93065421202463e-05,-5.6690379830905e-06,-6.25512674014435e-07,1.98904298669072e-06,-3.19858128807166e-05
2024/06/09,0.000178492457618603,-8.80902508666979e-06,3.37273924199285e-05,2.39102001666494e-05,9.04052882615992e-06,-2.3197210879655e-05,1.98955148045659e-05,1.98329113564181e-06,1.7469235881639e-05,1.50634919011978e-05,2.70218679112021e-05,-2.24909695719636e-05,-8.62807803244803e-06,-4.71586970948514e-05
2024/06/10,0.000178654597624687,-1.12145563144843e-05,3.04267939659975e-05,1.37120084030916e-05,3.90008203707356e-08,1.17499602989738e-05,2.09661083317209e-05,3.70407222944471e-06,2.05944250938622e-05,-9.73392482394416e-06,7.23234420156838e-06,4.95083212939891e-06,2.01041518271137e-06,-5.28490771433989e-05
2024/06/11,0.000178947910033429,-1.35407346368946e-05,2.6333022027455e-05,1.73552125500239e-06,-8.43726684717729e-06,3.9406797433105e-05,4.73302373385462e-06,2.27904180410667e-06,1.36285051118137e-07,-2.30107068133844e-05,-2.62085322966562e-05,2.29274258580435e-05,7.99053515174908e-06,-4.25943217537505e-05
2024/06/12,0.000179377815445626,-1.57690447347037e-05,2.15854735989523e-05,-1.10366281854928e-05,-1.43884677598835e-05,4.16785746214038e-05,-1.5547403719731e-05,-7.87184754683446e-07,-2.2207336838418e-05,-6.23423814369826e-06,-8.75500709057998e-06,-9.62359723522697e-06,-5.94111299230597e-06,4.92101577887419e-05
2024/06/13,0.000179949588363237,-1.78807805861152e-05,1.63304644169758e-05,-2.3502045018393e-05,-1.658446763451e-05,1.68345909885345e-05,-2.30900399030907e-05,-2.96679444374649e-06,-2.06389442162396e-05,1.98538011743517e-05,2.52323520227625e-05,-2.24626573616183e-05,-5.47474244545651e-06,3.91696746433083e-05
2024/06/16,0.000180668332943188,-1.98573041855777e-05,1.07178047000705e-05,-3.45312406464991e-05,-1.48141149618765e-05,-1.91813366445489e-05,-1.15171349995465e-05,-2.72541489426394e-06,4.93867285858024e-06,2.0862771991997e-05,1.02220035452618e-05,1.44777675178339e-05,8.94748011726112e-06,-1.16182873418803e-05
2024/06/17,0.000181538959013604,-2.16803252876405e-05,4.89813438557272e-06,-4.30672784836653e-05,-9.84772138293062e-06,-4.29818868928614e-05,9.68725165778661e-06,-4.29816256121346e-07,2.66835631651317e-05,-5.89683959393741e-06,-2.40940540221285e-05,2.10122276587969e-05,1.31258634778374e-06,4.51761996906098e-05
2024/06/18,0.000182566158510431,-2.33321968149957e-05,-9.79068285189199e-07,-4.82237820057704e-05,-3.14646177225636e-06,-3.89439258351254e-05,2.29112616183254e-05,2.14914485528066e-06,1.90979569700138e-05,-2.61635168055122e-05,-1.16175453879663e-05,-1.93220390236632e-05,-1.01370332560623e-05,3.36410472324907e-05
2024/06/19,0.000183754382511683,-2.47962200537556e-05,-6.76695928745973e-06,-4.93724038664627e-05,3.57932284437612e-06,-9.49070157633956e-06,1.70597552732084e-05,3.10441790596365e-06,-1.10723873375193e-05,-1.26380882622376e-05,2.27958108079768e-05,-1.85271115599416e-05,3.78909241900098e-06,1.66850901815072e-05
2024/06/20,0.000185107819037327,-2.60569534118697e-05,-1.23224855078665e-05,-4.62113685428447e-05,8.82697728338244e-06,2.63349005077055e-05,-3.0795639883935e-06,1.64651071949116e-06,-3.03844649299156e-05,1.82858294599783e-05,1.29251883709358e-05,2.39459983151019e-05,8.82584806443922e-06,-2.84922353774709e-05
2024/06/23,0.000186630371805108,-2.7100518284755e-05,-1.75074535623926e-05,-3.88080057193409e-05,1.16459229496854e-05,4.51857275828811e-05,-2.06950359211915e-05,-1.27228352040326e-06,-1.57911793616014e-05,2.63492643223738e-05,-2.13414181987236e-05,1.49992448693235e-05,-8.6525863233628e-06,1.63969493623997e-05
2024/06/24,0.000188325639972779,-2.79148957042103e-05,-2.21897379512546e-05,-2.76102049193479e-05,1.17873720702549e-05,3.46474938519307e-05,-2.09695686296338e-05,-3.42003250862679e-06,1.78820010393065e-05,-1.07109684275907e-07,-1.4128018117613e-05,-2.81277458162472e-05,-4.84947008676435e-06,2.73482764837029e-05
2024/06/25,0.000190196898845049,-2.84902075643973e-05,-2.62448289484854e-05,-1.34242930444936e-05,9.64330358867672e-06,1.43969698584637e-06,-3.58071236355683e-06,-2.84674089309873e-06,3.28046357574686e-05,-2.74831989688898e-05,1.9736390403722e-05,-1.04657590578978e-05,1.18318741262866e-05,5.47039411337702e-05
2024/06/26,0.000192247081582396,-2.88189762972587e-05,-2.95578701599893e-05,2.64024145710086e-06,6.02362778464993e-06,-3.285244987771e-05,1.68887056412209e-05,3.59157076162076e-07,1.06950414346407e-05,-1.96490745460558e-05,1.52088331478144e-05,3.16427591577376e-05,-1.18379281787587e-06,-1.74122835828329e-05
2024/06/27,0.000194478761935707,-2.88963571415922e-05,-3.20262663878743e-05,1.92557299031172e-05,1.86391590706646e-06,-4.5814716266549e-05,2.31362442519679e-05,3.6833383409841e-06,-2.48631646392206e-05,1.43497344496388e-05,-1.79880167210089e-05,5.01157064323196e-06,-1.20166384332904e-05,5.59748641578224e-05
2024/06/30,0.000196894137968461,-2.87203375777911e-05,-3.35628600535667e-05,3.49847084296902e-05,-2.03439913019357e-06,-2.88773476619372e-05,9.7713169147798e-06,4.02082905305888e-06,-3.34994753381294e-05,3.0634024719279e-05,-1.61502995645406e-05,-3.42736912352033e-05,7.84419418679393e-06,5.07861992892987e-05
2024/07/01,0.000199495016884045,-2.82918987637314e-05,-3.40995853003512e-05,4.84029942064454e-05,-5.15451673318368e-06,6.99469476015194e-06,-1.19837774070298e-05,5.67709599908422e-07,-3.96154540815868e-06,7.20427766599413e-06,1.61054449525155e-05,1.22997237115615e-06,8.53902742943463e-06,-3.50568142571963e-05
2024/07/02,0.000202282801045914,-2.76151344052096e-05,-3.35914212822532e-05,5.82270167011343e-05,-7.27747451210323e-06,3.83876148304574e-05,-2.36550451214454e-05,-3.9114744101741e-06,3.14286459441297e-05,-2.6383803293261e-05,1.69351149054176e-05,3.58207419907399e-05,-1.31395543510146e-05,-6.86210280423321e-05
2024/07/03,0.000205258475226111,-2.66973232318912e-05,-3.2020387794518e-05,6.34341225836078e-05,-8.38433633411257e-06,4.47298227907247e-05,-1.5176748589376e-05,-5.16663328886199e-06,3.21365833141038e-05,-2.63630274778919e-05,-1.40998077887596e-05,-8.07861095474099e-06,-1.79933908514151e-06,-0.000142972789369254
2024/07/04,0.000208422595098954,-2.55489520242272e-05,-2.93992648301513e-05,6.33647207855312e-05,-8.51372880919007e-06,2.17967163714556e-05,6.40367290157184e-06,-1.48845674413371e-06,-4.07882917024433e-06,8.14415129683227e-06,-1.75462277416997e-05,-3.61121820484224e-05,1.50770131630773e-05,-5.15162282493536e-05
2024/07/07,0.000211775277106224,-2.41836868245487e-05,-2.57746792273149e-05,5.77963026424948e-05,-7.65297616546222e-06,-1.54511917669316e-05,2.27181723106476e-05,4.12619825188183e-06,-3.69587333111295e-05,3.28578623626233e-05,1.19843759764371e-05,1.53110130282212e-05,-6.59595429774285e-06,-6.92499800854003e-05
2024/07/08,0.000215316189901403,-2.26182907822593e-05,-2.12291913195865e-05,4.69814958526615e-05,-5.72099694556568e-06,-4.26178113125995e-05,1.96561907582099e-05,6.29027821457009e-06,-2.85404765591676e-05,1.5264567369408e-05,1.79671582688384e-05,3.501455643918e-05,-1.23857852304816e-05,-2.1233884654611e-05
2024/07/09,0.000219044547308596,-2.08724884039077e-05,-1.58820353830251e-05,3.16452363993113e-05,-2.65691994790487e-06,-4.18617808259929e-05,-4.4298733611271e-07,2.38836214266928e-06,1.29319157714158e-05,-2.25800998434747e-05,-9.77463332172338e-06,-2.26669386241853e-05,1.41246959704002e-05,3.45881260939337e-05
2024/07/10,0.000222959102663484,-1.89687770643408e-05,-9.88821894464454e-06,1.29396394553105e-05,1.42312942597931e-06,-1.36399582430172e-05,-2.05077222855195e-05,-4.35156091836227e-06,4.08595085489211e-05,-3.1758792608765e-05,-1.81823385607723e-05,-3.24420235668749e-05,5.14973853265391e-06,7.92632735659479e-05
2024/07/11,0.000227058144493013,-1.69321874848712e-05,-3.43576597851624e-06,-7.64107558691493e-06,6.07740657116536e-06,2.35418885160721e-05,-2.3163807318817e-05,-7.40579604643554e-06,2.27257306270808e-05,1.71372953728346e-07,7.48826176224293e-06,2.98576524096914e-05,-1.80634650298736e-05,-6.70153598875656e-05
2024/07/14,0.000231339493537238,-1.47899957497645e-05,3.2590056880086e-06,-2.83795352097374e-05,1.04843149172635e-05,4.52565180009822e-05,-5.73093444784603e-06,-3.25971773134613e-06,-2.19723180210405e-05,3.23586589329063e-05,1.81774149091766e-05,2.83642991932497e-05,4.92781287951444e-06,1.4369983101395e-05
2024/07/15,0.000235800501114997,-1.25713903270282e-05,9.95815781331803e-06,-4.74786554275188e-05,1.354344474233e-05,3.72184674229542e-05,1.71222583376234e-05,4.61133740961657e-06,-4.26239003128843e-05,2.30389812174293e-05,-5.14507855609386e-06,-3.6576386456837e-05,1.64428527089409e-05,-6.11275896868473e-05
2024/07/16,0.000240438048773742,-1.03070984798898e-05,1.64106052819189e-05,-6.3217614208067e-05,1.41384969734481e-05,4.71084546110688e-06,2.5651817218061e-05,8.53401056555475e-06,-1.49141997978275e-05,-1.61965612145335e-05,-1.79395027090916e-05,-2.28126773515081e-05,-1.48180597803345e-05,-1.939311073258e-05
2024/07/17,0.000245248549121015,-8.02897725923221e-06,2.2362101698034e-05,-7.41067991200256e-05,1.15030510886449e-05,-3.08629382942001e-05,1.20219727296083e-05,4.10313994014548e-06,3.04920660460436e-05,-3.48666751944601e-05,2.76698005500228e-06,4.25105507347516e-05,-8.91971079005151e-06,-5.16033107552757e-05
2024/07/18,0.000250227948101948,-5.76957450383235e-06,2.75663204338836e-05,-7.90277663039973e-05,5.57644983879149e-06,-4.60675999145574e-05,-1.25561112844271e-05,-4.92635524575566e-06,4.18898112256056e-05,-8.6834641450335e-06,1.74574555363134e-05,1.58836688994937e-05,2.10244583370632e-05,-4.59324097549588e-06
2024/07/21,0.000255371728909434,-3.5616660246524e-06,3.17965025535028e-05,-7.73450978973895e-05,-2.78324581322078e-06,-3.08941278752348e-05,-2.69876941193991e-05,-9.70074888242908e-06,5.53304372763705e-06,2.88282358023787e-05,-3.77857233144354e-07,-4.73552232903507e-05,-2.79275086046524e-06,5.92329010033332e-05
2024/07/22,0.00026067491742441,-1.43777611904556e-06,3.48570568931427e-05,-6.89791239065917e-05,-1.18374156961843e-05,4.62058342145038e-06,-1.83152791625472e-05,-4.92818556820371e-06,-3.77621687672983e-05,2.93748419173326e-05,-1.67221466593385e-05,-7.73985047773318e-06,-2.07834015474512e-05,7.50619482480578e-05
2024/07/23,0.000266132089068491,5.70310925892201e-07,3.65944462967387e-05,-5.44316331392722e-05,-1.92970185198213e-05,3.70101405856427e-05,6.7365381650432e-06,5.31204414990436e-06,-3.84889742536068e-05,-7.81644125631092e-06,-1.99654107467349e-06,5.08273358683202e-05,1.51907315383431e-05,-5.11370283546912e-05
2024/07/24,0.0002717373770429,2.43204045030412e-06,3.69066835474401e-05,-3.47606854049156e-05,-2.28935014720014e-05,4.48842888520243e-05,2.69125051081166e-05,1.093482315014e-05,4.80841087883603e-06,-3.4955529510033e-05,1.57267580177508e-05,-1.39234268965508e-06,1.3207674381499e-05,2.91497647594006e-07
2024/07/25,0.000277484481857969,4.11856998087719e-06,3.57507939174228e-05,-1.15051172180663e-05,-2.10505676401343e-05,2.30786323112877e-05,2.43829644022626e-05,5.75372761653438e-06,4.31021196569323e-05,-1.72481935978501e-05,4.32880978687198e-06,-5.26798933131368e-05,-2.39671034031348e-05,-3.85362243578355e-05
2024/07/28,0.000283366681933543,5.60323635808145e-06,3.31476790468356e-05,1.34360901898593e-05,-1.34616776244883e-05,-1.39262557600172e-05,3.9255807304637e-07,-5.77586068281783e-06,3.2480453344258e-05,2.24309171152172e-05,-1.44670492043649e-05,1.12279943105293e-05,7.79553583044757e-08,5.70382775420132e-05
2024/07/29,0.000289376845088838,6.86199924759487e-06,2.91839366721401e-05,3.79601587699522e-05,-1.37881376881345e-06,-4.16004020466025e-05,-2.50547204802953e-05,-1.22654850909426e-05,-1.53626206139811e-05,3.31949159490726e-05,-6.59012500783626e-06,5.27155208291904e-05,2.54668157878761e-05,-0.000121077025336193
2024/07/30,0.000295507440836393,7.8738532909699e-06,2.40103466440603e-05,5.99396308624673e-05,1.25189038455308e-05,-4.16293847005075e-05,-2.98142338933536e-05,-6.60771175882976e-06,-4.59505484307854e-05,1.54850906293675e-06,1.29415964678476e-05,-2.14322072593494e-05,-1.51388347123097e-05,1.92246397449298e-05
2024/07/31,0.000301750553323903,8.62120155676304e-06,1.78369171889276e-05,7.74088614324055e-05,2.46955751426293e-05,-1.40614091243473e-05,-8.76234592516265e-06,6.31491199326003e-06,-2.4163601703573e-05,-3.17099972863467e-05,8.75047362081406e-06,-5.0798613736795e-05,-1.81316233795708e-05,-2.23079031029076e-05
2024/08/01,0.000308097895082453,9.09018394021994e-06,1.09245869018753e-05,8.87413790073004e-05,3.16545604449415e-05,2.27368759246285e-05,2.10001900950153e-05,1.37193569388771e-05,2.53057908022279e-05,-2.42368816289114e-05,-1.11520467286306e-05,3.16315010072069e-05,2.68284114489143e-05,-4.7431803236118e-05
2024/08/04,0.000314540821635037,9.27095470180055e-06,3.57388383309755e-06,9.28019704024674e-05,3.09344128323119e-05,4.42988637616743e-05,3.399232475175e-05,7.52595721878553e-06,4.59295487908751e-05,1.38493292500866e-05,-1.0778898405237e-05,4.68653828157966e-05,3.38261406340431e-06,0.00031827883434815
2024/08/05,0.000321070346667922,9.15790362336729e-06,-3.88895982034153e-06,8.90591867243764e-05,2.1922873775767e-05,3.63335933058022e-05,1.80731097116755e-05,-6.91427017188344e-06,1.40673544157533e-05,3.37142047311899e-05,9.10340422392048e-06,-4.14277155533137e-05,-3.05029268081446e-05,7.61048951739087e-05
2024/08/06,0.000327677156803081,8.7498153766079e-06,-1.11277633096717e-05,7.76471635529098e-05,6.23040094431824e-06,4.22659318736888e-06,-1.44072470775306e-05,-1.53173054509824e-05,-3.38127005433565e-05,1.05840899592438e-05,1.26438004193967e-05,-4.09311715608377e-05,1.44784689496742e-05,-1.6236301250222e-05
2024/08/07,0.00033435162513085,8.04996315267443e-06,-1.78132049424472e-05,5.93699434129667e-05,-1.25320262885933e-05,-3.05684123184258e-05,-3.61313434380044e-05,-8.55028404375914e-06,-4.28950985882972e-05,-2.53542518229926e-05,-6.80430296419447e-06,5.04139060284005e-05,2.37946978399403e-05,-3.53211158118363e-07
2024/08/08,0.000341083824245968,7.06613605487919e-06,-2.3639760909729e-05,3.56465188590072e-05,-2.95664849944021e-05,-4.48492453800731e-05,-2.77177823900016e-05,7.54595470881733e-06,-2.91479537078369e-06,-2.84792710015353e-05,-1.43133293076047e-05,3.30945106543868e-05,-2.94527573476645e-05,-4.58485178212646e-05
2024/08/11,0.000347863539753941,5.81060141688056e-06,-2.83418082316457e-05,8.40012710565476e-06,-4.01155677490538e-05,-2.91477822805866e-05,5.14651762477163e-06,1.70713361629782e-05,4.01374132888029e-05,4.22877283539496e-06,4.26722288624323e-06,-5.81915405026048e-05,-7.78368409147797e-06,-6.5110148219298e-05
2024/08/12,0.000354680284744715,4.30000368269844e-06,-3.17079396679028e-05,-2.00995611083556e-05,-4.0789835341831e-05,5.96271535213828e-06,3.53750156174025e-05,9.72591241758317e-06,3.69667965238094e-05,3.06322525592853e-05,1.57558988273853e-05,-2.35375055565279e-05,3.58161410532785e-05,-0.000186363179103679
2024/08/13,0.000361523315582513,2.55520210494537e-06,-3.35926141319546e-05,-4.74282774648561e-05,-3.06251637050859e-05,3.69555472490405e-05,3.67578744024865e-05,-8.16865980850828e-06,-8.43500808368436e-06,1.78844396815007e-05,-1.50857289756583e-06,6.43881978850156e-05,-1.29535545252287e-05,0.000224874273711382
2024/08/14,0.000368381649093017,6.01049847608365e-07,-3.39244002000676e-05,-7.12165930519624e-05,-1.15467993605841e-05,4.31012642565375e-05,6.56048097579515e-06,-1.89812272251459e-05,-4.36909399629199e-05,-1.6681804091296e-05,-1.69407180534531e-05,1.25224377184256e-05,-3.02433283412034e-05,3.45789283952491e-05
2024/08/15,0.000375244080759858,-1.53388288896459e-06,-3.27102554512426e-05,-8.93586128180268e-05,1.19388048199765e-05,2.03444858516424e-05,-3.09490255789897e-05,-1.1097425127236e-05,-2.85317602401372e-05,-2.9161147380637e-05,-1.45131054408789e-06,-6.86748851819125e-05,3.15796645743165e-05,0.000127692269205441
2024/08/18,0.000382099203452769,-3.81763852159939e-06,-3.00355083878752e-05,-0.00010020128758568,3.37964913474042e-05,-1.59899292391971e-05,-4.39679336202747e-05,8.72913970125003e-06,1.90630030793897e-05,-4.98401849784001e-06,1.78383158213945e-05,-3.84601268395639e-07,1.3309563019141e-05,0.000104638200699514
2024/08/19,0.000388935427154905,-6.21524947267549e-06,-2.60594584943781e-05,-0.000102697087938601,4.80174743156376e-05,-4.14854106252578e-05,-2.00313970429317e-05,2.10319489259536e-05,4.41073145933583e-05,2.42507442230292e-05,4.58819841179252e-06,7.07821362793682e-05,-4.12134813638554e-05,-2.12941589663445e-05
2024/08/20,0.000395740999854732,-8.68915805217004e-06,-2.10067729865654e-05,-9.65057615637525e-05,5.02755306520136e-05,-3.90279917889144e-05,2.23514890729242e-05,1.27042181464587e-05,1.82212797007513e-05,2.22116879898513e-05,-1.8421089869566e-05,-1.24784126379465e-05,1.02633775231278e-05,1.77306039590562e-05
2024/08/21,0.000402504029371864,-1.11996736662231e-05,-1.51551180804584e-05,-8.20352238390698e-05,3.92268999179301e-05,-1.03064227797896e-05,4.79598602037014e-05,-9.16506412405344e-06,-2.8076579721003e-05,-6.96726014751638e-06,-7.87401115953938e-06,-7.05140975187489e-05,3.74194024775712e-05,-9.68674093466536e-06
2024/08/22,0.00040921250612038,-1.37054615393883e-05,-8.8197000182183e-06,-6.04169389849522e-05,1.70670383807012e-05,2.53168802873342e-05,3.407353137036e-05,-2.31924785757048e-05,-4.12905429447417e-05,-2.60193000461081e-05,1.86639160208821e-05,2.56205786222602e-05,-3.28516770866997e-05,-0.000146839351606105
2024/08/25,0.000415854326899637,-1.61640567205966e-05,-2.33559205503732e-06,-3.34169702397891e-05,-1.08578380110089e-05,4.38272131009455e-05,-9.55333623939079e-06,-1.45761296741078e-05,-6.86112065850104e-06,-1.2288145778793e-05,1.12769478986305e-05,6.77599707448238e-05,-2.00783503684976e-05,-0.000205833918898315
2024/08/26,0.000422417319985231,-1.85323967404651e-05,3.96112592053648e-06,-3.28968872159477e-06,-3.73332293265035e-05,3.27326599750358e-05,-4.73861646076002e-05,9.40909560257105e-06,3.46980178876872e-05,1.54739515963748e-05,-1.85447626352446e-05,-3.85638914579669e-05,4.63674708843341e-05,-0.000188062508362395
2024/08/27,0.000428889271772724,-2.0767366302646e-05,9.75229865429602e-06,2.74136000553867e-05,-5.51479412577606e-05,-4.93691227288777e-07,-4.70249520056978e-05,2.54162860548841e-05,3.54362160612769e-05,2.27481582489434e-05,-1.47616931286174e-05,-6.25022375252806e-05,-6.11510700123925e-06,3.71531576010197e-05
2024/08/28,0.000435257954966192,-2.28263478613719e-05,1.47555589766594e-05,5.60646181501539e-05,-5.90676880886782e-05,-3.34164569296242e-05,-6.83113507519701e-06,1.67300766620972e-05,-4.60074696567586e-06,2.23426548763202e-06,1.8045331403387e-05,5.08168126636528e-05,-4.51178438596333e-05,-5.35083995295942e-05
2024/08/29,0.000441511158046136,-2.4667772484918e-05,1.87400336064959e-05,8.01873770940347e-05,-4.73684617585046e-05,-4.37546105939918e-05,4.12047091869817e-05,-9.39304918110947e-06,-3.83452593892569e-05,-1.94376224964382e-05,1.82897380065777e-05,5.48212059945711e-05,3.28515046417395e-05,7.30540493276827e-05
2024/09/01,0.000447636715566969,-2.62516658396797e-05,2.15389205545769e-05,9.76763752707322e-05,-2.24816861486635e-05,-2.44454479987237e-05,5.69082960618632e-05,-2.7642561488289e-05,-2.70238515322296e-05,-1.64071719875105e-05,-1.71516830816537e-05,-6.18939804943167e-05,2.80795941855544e-05,-0.000245335853068629
2024/09/02,0.000453622538864822,-2.75401842256816e-05,2.305815125411e-05,0.000106984132553324,9.4720251382692e-06,1.15197612276225e-05,2.54525151682076e-05,-1.91671825797392e-05,1.51823881941176e-05,5.68574647865303e-06,-2.18198280163974e-05,-4.48955541927142e-05,-5.08273711973811e-05,0.000151542861332788
2024/09/03,0.000459456646964973,-2.84981353983996e-05,2.32805887783746e-05,0.000107261024673458,4.01851647208359e-05,3.98047865402404e-05,-2.89644596171962e-05,9.05239192393102e-06,3.86959475894372e-05,1.92802664687734e-05,1.58547931240752e-05,7.13363715603577e-05,2.95111479951286e-07,0.000336915501191188
2024/09/04,0.000465127197830355,-2.909347860832e-05,2.22654909718952e-05,9.84345186397029e-05,6.1334522194964e-05,4.11620565158255e-05,-6.16976920819524e-05,2.97983186657866e-05,1.6779457286949e-05,9.3559436822234e-06,2.53085089392636e-05,3.29987110779135e-05,5.29658785291181e-05,-0.000271787433643724
2024/09/05,0.000470622518771245,-2.92977999857901e-05,2.01432637539213e-05,8.12202610844247e-05,6.68513559908155e-05,1.45132901260661e-05,-4.42579938256226e-05,2.18704482427139e-05,-2.39633389630421e-05,-1.04209117397154e-05,-1.41510071728414e-05,-7.87310304982116e-05,-3.11673634330559e-05,6.48193076490928e-05
2024/09/08,0.000475931135047903,-2.90867589866087e-05,1.71058321327865e-05,5.70635624714268e-05,5.46679682720361e-05,-2.22021187913852e-05,1.10545372479816e-05,-8.33116100864685e-06,-3.57270535070185e-05,-1.65394039447722e-05,-2.87107275719128e-05,-1.94910904398419e-05,-3.7122779618767e-05,2.41650586968189e-05
2024/09/09,0.00048104179753649,-2.84404990843489e-05,1.3393244574767e-05,2.80160970863444e-05,2.74369348514346e-05,-4.40708026747815e-05,5.96721144791699e-05,-3.18016666049104e-05,-5.61091242721227e-06,-3.47327407867984e-06,1.20423716017196e-05,8.37294462661904e-05,5.40635443480624e-05,1.21226041257547e-05
2024/09/10,0.000485943510022611,-2.7344016188441e-05,9.27737359851255e-06,-3.44148625566708e-06,-8.01644586098852e-06,-3.60745224914791e-05,6.06741862124655e-05,-2.48035090095136e-05,3.01772137380194e-05,1.22757366348244e-05,3.1980500631709e-05,4.808464641127e-06,7.25763068888071e-06,9.95863636379395e-05
2024/09/11,0.00049062555606274,-2.57874792841811e-05,5.04376750616685e-06,-3.46154176418283e-05,-4.24061539175636e-05,-3.38349276420361e-06,1.11478680029921e-05,7.18659656899406e-06,2.9724403135702e-05,1.31037253179243e-05,-9.53681862648373e-06,-8.60637537467745e-05,-6.04356238393993e-05,0.000132012823225915
2024/09/12,0.000495077525019919,-2.37664985216419e-05,9.72833374009123e-07,-6.28339718683535e-05,-6.64329241313414e-05,3.19685280082884e-05,-4.98017093287763e-05,3.35658905730803e-05,-5.47791817481696e-06,-4.50047621388889e-07,-3.50716227758837e-05,1.05530949377726e-05,2.74738785485717e-05,6.23799419605615e-05
2024/09/15,0.000499289337317393,-2.12823357570951e-05,-2.67841850556045e-06,-8.56810024520227e-05,-7.33186922610622e-05,4.59005230330647e-05,-7.19413309335577e-05,2.79109981978588e-05,-3.32903859676309e-05,-1.25305076952757e-05,6.64829091873859e-06,8.55601378885667e-05,4.68145682133498e-05,-8.86131819967671e-05
2024/09/16,0.000503251269443426,-1.83420523621984e-05,-5.69286957251343e-06,-0.000101207012909372,-6.07325178832398e-05,2.86489431159821e-05,-3.5288683982502e-05,-5.59247885080099e-06,-2.12593921537056e-05,-1.03866492632588e-05,3.79384377418765e-05,-2.6055188794432e-05,-5.5539768819413e-05,-1.8628035709849e-05
2024/09/17,0.000506953979040393,-1.49585899873131e-05,-7.90694069669209e-06,-0.000108098946419769,-3.15574433338969e-05,-8.41738261088134e-06,3.20925009610157e-05,-3.50035864662127e-05,1.5485047513408e-05,2.83689501470188e-06,-3.39677594743807e-06,-8.21488285719673e-05,-1.63976504792389e-05,0.000205226721983891
2024/09/18,0.00051038853042132,-1.11507808216385e-05,-9.22049171614918e-06,-0.000105793599368026,6.74916753892544e-06,-4.02725029720754e-05,7.5565315874513e-05,-3.11199755789027e-05,3.30574545092903e-05,1.27029617702706e-05,-4.05366507980434e-05,4.11373506033849e-05,6.68942925824597e-05,-0.000218489072045329
2024/09/19,0.000513546420622517,-6.94328522107778e-06,-9.60231969456412e-06,-9.45246592097513e-05,4.40674307447401e-05,-4.50937812274765e-05,5.82447719924881e-05,3.54170690638688e-06,1.11356841617919e-05,8.75977753550771e-06,-1.91784170682764e-07,7.58701769406912e-05,-2.1607403553126e-05,-0.000330132735827444
2024/09/22,0.000516419605677706,-2.36645619151383e-06,-9.09089632457427e-06,-7.52993637167103e-05,7.03080946216313e-05,-1.91693925175741e-05,-7.80431266230263e-06,3.60311053745968e-05,-2.35088034100049e-05,-4.93204543639119e-06,4.2824141949087e-05,-5.5238843580578e-05,-5.65775091561981e-05,-8.42593246271733e-05
2024/09/23,0.000519000527278211,2.54386925187472e-06,-7.79030316010458e-06,-4.98071231549027e-05,7.81657356416073e-05,2.03061816468224e-05,-6.98170102552672e-05,3.43423317542138e-05,-2.95472774047215e-05,-1.37526108840906e-05,4.08569783150295e-06,-6.6876445871799e-05,5.47970079999909e-05,-0.000231791580673338
2024/09/24,0.000521282139963466,7.74665064733922e-06,-5.86164750679442e-06,-2.02685575287628e-05,6.51743507738928e-05,4.66198293237685e-05,-7.6527820849461e-05,-1.04819130686248e-06,-3.11693921466459e-07,-7.46894544102711e-06,-4.47617185309113e-05,6.78212047463187e-05,2.67551607229411e-05,-0.000185956761092441
2024/09/25,0.000523257938608212,1.31959936968485e-05,-3.51054959330061e-06,1.0761286393551e-05,3.44813796282626e-05,4.15785718613216e-05,-2.05325594069569e-05,-3.65732405443549e-05,2.88365223599918e-05,8.05781151029288e-06,-8.24776651812501e-06,5.54291175136276e-05,-7.16802811967941e-05,0.000253676775687423
2024/09/26,0.000524921985984614,1.88415648652539e-05,-9.71560514456376e-07,4.06177475192098e-05,-5.90283556248556e-06,8.04005007737803e-06,5.41820574981275e-05,-3.74781738014925e-05,2.31371287328491e-05,1.55542026157986e-05,4.63138100531476e-05,-7.83907055439307e-05,1.36186528255128e-05,-0.000119331924749526
2024/09/29,0.000526268939567036,2.46290651136275e-05,1.50941675736762e-06,6.67592218526897e-05,-4.52058775855119e-05,-3.16682418259758e-05,8.68385716551745e-05,-1.85208580481953e-06,-1.0192792865856e-05,5.06937727984173e-06,1.26355436282353e-05,-4.18916166260259e-05,6.57017085215041e-05,-1.64922296672871e-05
2024/09/30,0.000527294076564696,3.05007559350019e-05,3.69349101120516e-06,8.69869950191108e-05,-7.27914896551417e-05,-5.05967465679576e-05,4.93459779078741e-05,3.6568004044654e-05,-3.10142059790581e-05,-1.2824098083299e-05,-4.74491413535398e-05,8.65198220003784e-05,-5.15302716246587e-05,0.000767355830780735
2024/10/01,0.000527993317182554,3.63960315927394e-05,5.36666246394723e-06,9.9632892491166e-05,-8.10694692253654e-05,-3.54240528755408e-05,-2.96555610239166e-05,4.04201908105581e-05,-1.44757674083092e-05,-1.68673154571151e-05,-1.72016492680685e-05,2.67174777010176e-05,-3.77515532198959e-05,1.24047962362297e-05
2024/10/02,0.000528363245302012,4.22520301704241e-05,6.3559762859275e-06,0.000103698488593525,-6.76130302086096e-05,4.22685526867343e-06,-8.66817484972806e-05,5.10114234470892e-06,1.93960347756019e-05,-2.09553366448087e-07,4.81414509534799e-05,-9.18667036814775e-05,7.41876842615554e-05,0.000354723127797908
2024/10/03,0.000528401125555971,4.80042757520087e-05,6.54282018474165e-06,9.89341341083893e-05,-3.58852749750916e-05,4.18883175863295e-05,-7.44919881989643e-05,-3.59709933893764e-05,2.9890050741554e-05,1.86278088427997e-05,2.18942629769426e-05,-1.04341782167996e-05,-3.79689592861636e-06,-0.000117550465039888
2024/10/06,0.000528104917497862,5.35873463274296e-05,5.87242919701485e-06,8.58515882752559e-05,5.64666406866096e-06,5.19000283444432e-05,-1.20803134380652e-06,-4.30585916138132e-05,4.41945138821185e-06,1.58365401371403e-05,-4.837023015727e-05,9.41916346257292e-05,-7.34193014342702e-05,-0.000188727445312588
2024/10/07,0.000527473286998111,5.89355615318747e-05,4.35891366067848e-06,6.56700454883462e-05,4.57858304465459e-05,2.68490214194625e-05,7.49219636320568e-05,-8.61996593203155e-06,-2.64495074756715e-05,-7.5535921969293e-06,-2.66577783933138e-05,-6.37676040251939e-06,4.56486865563179e-05,0.000422984294667072
2024/10/08,0.000526505615418036,6.39836848202902e-05,2.08542659314197e-06,4.0201278139939e-05,7.3654125766102e-05,-1.70313771680383e-05,9.19064227329604e-05,3.47594103283805e-05,-2.56277179938061e-05,-2.36729596526101e-05,4.81214757777052e-05,-9.33695828283959e-05,4.86474892850264e-05,-7.01792912187313e-05
2024/10/09,0.00052520200634477,6.86676336648455e-05,-8.00588379381124e-07,1.16849304356484e-05,8.16779377288881e-05,-5.03871947834005e-05,3.45387997897447e-05,4.52866818778138e-05,6.05233773128608e-06,-1.08437824879752e-05,3.14336249048685e-05,2.31026407432707e-05,-7.39520647860521e-05,-0.000228661962784327
2024/10/10,0.000523563288809423,7.292519038658e-05,-4.09679623017004e-06,-1.74107756430252e-05,6.76813991889228e-05,-5.03651013910805e-05,-5.21542995735733e-05,1.23109699422922e-05,3.07198859433178e-05,1.72547675404467e-05,-4.73882874357911e-05,8.93982749641765e-05,-7.33789317931148e-06,-0.000255827623322207
2024/10/13,0.000521591017691795,7.66967086534802e-05,-7.55942415814887e-06,-4.46048781654636e-05,3.54990916118877e-05,-1.62209886477845e-05,-9.83260496792087e-05,-3.29346057841088e-05,1.86890504046379e-05,2.55455157727944e-05,-3.61611962579968e-05,-3.91246005660094e-05,7.89984251422599e-05,0.000369768933981866
2024/10/14,0.000519287472417088,7.99258113168064e-05,-1.09198963738459e-05,-6.76169038799674e-05,-6.07100596312725e-06,2.97177500723408e-05,-6.56757121257875e-05,-4.70060304912983e-05,-1.59329413970553e-05,1.38011274780874e-06,4.61713300474745e-05,-8.24012030418814e-05,-3.73151748983727e-05,0.000164807391569817
2024/10/15,0.000516655653976196,8.2560073782153e-05,-1.39035560716191e-05,-8.45589622544447e-05,-4.56902964907494e-05,5.66651465356956e-05,2.07916514786014e-05,-1.60612575010496e-05,-3.18500843766863e-05,-2.65763631197962e-05,4.07789341174696e-05,5.38438576759026e-05,-5.8621270137224e-05,-0.000153730527614449
2024/10/16,0.000513699279695401,8.45516862011693e-05,-1.62492302633665e-05,-9.40904388325001e-05,-7.26070737801249e-05,4.59917156005797e-05,9.19419977719349e-05,3.0523649434543e-05,-9.78747369103102e-06,-2.21517328416376e-05,-4.44791380569927e-05,7.26250924692761e-05,7.07320568329948e-05,-0.000264173390540246
2024/10/17,0.000510422776284704,8.5858089049029e-05,-1.7728320689774e-05,-9.55226650649621e-05,-7.96173705380007e-05,4.04447348380588e-06,8.98992899174934e-05,4.81319268576097e-05,2.42881739320468e-05,1.14270001429055e-05,-4.52255157626274e-05,-6.67079985023872e-05,1.90756179077429e-05,-9.82724770175852e-05
2024/10/20,0.000506831271886467,8.64425767682678e-05,-1.81621192824602e-05,-8.88656119197407e-05,-6.50322977771925e-05,-4.16177389195061e-05,1.5182623929168e-05,1.97476707945333e-05,2.97939094774401e-05,3.24903901604645e-05,4.23282543807857e-05,-6.04315961106104e-05,-8.18476565320728e-05,-9.53786768555437e-05
2024/10/21,0.000502930587209296,8.62748631016239e-05,-1.74361492742744e-05,-7.48139053734346e-05,-3.31034865890823e-05,-6.03470095434871e-05,-7.28442216083695e-05,-2.75791326247314e-05,-1.84348152043574e-07,1.26677962933714e-05,4.94411543205788e-05,7.72360333598234e-05,2.69545653480424e-05,-5.64727464673133e-05
2024/10/22,0.000498727225851818,8.53316014403223e-05,-1.5510514108761e-05,-5.46748022825687e-05,7.20735888165728e-06,-3.89568260446999e-05,-0.000103245033274161,-4.85985044465806e-05,-3.03503602552418e-05,-2.48779549482001e-05,-3.97431478940877e-05,4.62832828672213e-05,6.6872002131144e-05,-4.74823279178615e-05
2024/10/23,0.000494228363903015,8.35968532287132e-05,-1.2425485574227e-05,-3.02457148693392e-05,4.47615978931446e-05,9.07049757513124e-06,-5.07794453302498e-05,-2.32427071845268e-05,-2.48191513041783e-05,-3.22803806344023e-05,-5.33689504427349e-05,-8.50408336376278e-05,-6.45642539504195e-05,5.77796103277013e-05
2024/10/24,0.000489441838741566,8.10624970743666e-05,-8.30186457847303e-06,-3.65300246920191e-06,6.93595416480337e-05,5.21060898203652e-05,4.31478216745971e-05,2.41779314952181e-05,1.02473416882308e-05,1.87603837341512e-06,3.67558809143399e-05,-3.07243155179465e-05,-3.0596663809969e-05,-0.000468964135054542
2024/10/27,0.000484376137025575,7.77285711928892e-05,-3.33598268380769e-06,2.28332776216898e-05,7.45578522810991e-05,6.12222027027064e-05,0.000103241103548435,4.83633539840135e-05,3.35965373554558e-05,3.53809206981387e-05,5.69562003297095e-05,8.98475897297085e-05,8.16074317707808e-05,0.00168339580444361
2024/10/28,0.000479040381870734,7.36035417563538e-05,2.21044089834368e-06,4.6992369442589e-05,5.93975379670133e-05,2.96092448853927e-05,8.08000573740409e-05,2.64207809291007e-05,1.74767791868698e-05,2.45786003474461e-05,-3.34055569659365e-05,1.43565910777976e-05,-1.52122722415463e-05,-0.000475113496528199
2024/10/29,0.000473444316811965,6.87044870174224e-05,8.02503284281052e-06,6.68371339638716e-05,2.85673405708149e-05,-2.2457417576417e-05,-6.74915403697969e-06,-2.04190260658585e-05,-1.94398607803042e-05,-1.8626604507281e-05,-6.01556266241035e-05,-9.15070972878571e-05,-7.27308637030647e-05,-1.78026606250186e-05
2024/10/30,0.000467598283153417,6.30571871860841e-05,1.376323396947e-05,8.07745223568266e-05,-9.02291959327539e-06,-6.06598422014952e-05,-8.94154338289718e-05,-4.74115637403508e-05,-3.38007904812297e-05,-3.95362541011448e-05,2.97375793038057e-05,2.18751808106285e-06,5.57718422178212e-05,8.99256376779796e-05
2024/10/31,0.000461513193980972,5.66961200704352e-05,1.90694089762293e-05,8.7729576610064e-05,-4.28307518950817e-05,-5.92716737375726e-05,-0.000100719996302435,-2.91650303793865e-05,-8.5380282632211e-06,-1.0036725511506e-05,6.29264157543274e-05,9.00028129099906e-05,4.10807203154809e-05,-0.000257599042528296
2024/11/03,0.000455200507150214,4.96643629045279e-05,2.35993167707946e-05,8.72237946375548e-05,-6.36762895720064e-05,-1.84427653860299e-05,-3.12651334829701e-05,1.6419798989119e-05,2.6920726826746e-05,3.35807996629077e-05,-2.58027496277752e-05,-1.82742669005998e-05,-7.82093252637227e-05,3.59672232912402e-05
2024/11/04,0.000448672197171932,4.20133986514371e-05,2.70425433063048e-05,7.94027720528824e-05,-6.62838027467711e-05,3.54567153526752e-05,6.34536185341716e-05,4.57580172675232e-05,3.10526372659192e-05,3.52595930468495e-05,-6.52348541566093e-05,-8.54509513898737e-05,2.87156334182761e-06,-0.000367696447698268
2024/11/05,0.00044194072629201,3.38028262016151e-05,2.91434699973917e-05,6.50123555457616e-05,-5.06526387637156e-05,6.69120481917214e-05,0.000107485198736283,3.1373652431939e-05,-1.09455893825696e-06,-8.62521843030393e-06,2.16562835906048e-05,3.32975966405869e-05,7.57594094588132e-05,-0.00018223415095445
2024/11/06,0.000435019014868737,2.50999744677216e-05,2.97194089968682e-05,4.532673645244e-05,-2.18902806973481e-05,5.46701867271099e-05,6.54533053825171e-05,-1.23101338148632e-05,-3.20572072145462e-05,-4.26949559217454e-05,6.70547458331947e-05,7.80938446657859e-05,-4.49254670136298e-05,-0.000227867172732242
2024/11/07,0.000427920411186906,1.59794212515461e-05,2.86746806547651e-05,2.20356409373786e-05,1.14086227570234e-05,6.04336634126287e-06,-2.89593411176537e-05,-4.34460550948464e-05,-2.57370436088378e-05,-2.25615488400318e-05,-1.73567738936188e-05,-4.67064619087577e-05,-4.98232495956621e-05,-1.44346690694737e-05
2024/11/10,0.000420658660287965,6.52241804748177e-06,2.60096303271156e-05,-2.89924193764696e-06,3.97335511340368e-05,-4.74836620616916e-05,-0.000100053882716517,-3.29643218208042e-05,1.04901517766029e-05,2.72279081109516e-05,-6.83677073566448e-05,-6.82871630103243e-05,7.18858047601524e-05,1.04098544593228e-05
2024/11/11,0.000413247872203389,-3.18377599742608e-06,2.18238728469553e-05,-2.74064021481059e-05,5.54102079896578e-05,-7.06815255440419e-05,-9.09335131229486e-05,8.22572539842297e-06,3.44861479953026e-05,4.30774700494447e-05,1.29651595555918e-05,5.80290726797649e-05,9.25994985611176e-06,-0.000124349261762119
2024/11/12,0.000405702490218188,-1.30466463868267e-05,1.63133938912508e-05,-4.94720212657548e-05,5.47283132722839e-05,-4.77539853398859e-05,-9.13968849521866e-06,4.05442760498948e-05,1.84808161675108e-05,3.72515190362198e-06,6.91633377997538e-05,5.64818070208023e-05,-7.58037762488515e-05,-9.08364685867693e-05
2024/11/13,0.000398037259286113,-2.29692569316341e-05,9.76150806300918e-06,-6.72997091546334e-05,3.88420032055859e-05,6.98071770821002e-06,7.95745154562712e-05,3.38771524135269e-05,-1.87923921247377e-05,-4.12184213042181e-05,-8.54368477220941e-06,-6.68928264428904e-05,3.27488649945171e-05,-0.00011747173039691
2024/11/14,0.000390267194500263,-3.28511591889365e-05,2.52405405437362e-06,-7.9450361766812e-05,1.3216134441785e-05,5.80828669676347e-05,0.000104197963191599,-4.30181035012642e-06,-3.41423367457135e-05,-3.38936992872354e-05,-6.94392521051042e-05,-4.320155750692e-05,5.63268550749235e-05,1.03311087202691e-05
2024/11/17,0.000382407549658435,-4.25893709535317e-05,-4.99042470611809e-06,-8.49519336140446e-05,-1.41719728339642e-05,7.1971696707998e-05,4.54231700297295e-05,-3.71424644644368e-05,-1.00733535464771e-05,1.7181292113947e-05,4.15489656644356e-06,7.3039047692154e-05,-6.3110249541745e-05,7.49111689161036e-06
2024/11/18,0.000374473786124884,-5.20794158667405e-05,-1.23444331929837e-05,-8.33714799834604e-05,-3.53009101571392e-05,3.89662590269752e-05,-4.91671246047451e-05,-3.40760615830915e-05,2.53103643279326e-05,4.69082119583866e-05,6.92010273087192e-05,2.90177644979806e-05,-2.04666578555105e-05,0.000119552669998792
2024/11/19,0.000366481541957619,-6.12164155034369e-05,-1.90978558446124e-05,-7.48448287353693e-05,-4.44839904289705e-05,-2.00653854354269e-05,-0.00010366894026829,6.6795849312276e-07,3.12520955160784e-05,1.67100144538121e-05,1.39348601512598e-07,-7.63319457451295e-05,7.29832223461175e-05,0.000116688180592972
2024/11/20,0.000358446601181013,-6.98962244217922e-05,-2.48353085810295e-05,-6.00624513438617e-05,-3.99462471757626e-05,-6.69576285774429e-05,-7.48821465055704e-05,3.33473681560796e-05,1.37143463305177e-06,-3.53151564588434e-05,-6.84620302271048e-05,-1.45223942602645e-05,-1.99994146032588e-05,0.000314852598184786
2024/11/21,0.000350384863270371,-7.80165974253076e-05,-2.91928416864533e-05,-4.02132855002258e-05,-2.4149557596125e-05,-7.09425199347252e-05,1.33588599960325e-05,3.35493460804965e-05,-2.95875425062241e-05,-4.25017945554188e-05,-4.27884941929529e-06,7.67615480309373e-05,-6.03418366641879e-05,0.000195520207910126
2024/11/24,0.000342312313249919,-8.54783769532279e-05,-3.18823085995023e-05,-1.68912080701321e-05,-2.80976061311785e-06,-2.87934998721566e-05,8.98976750995603e-05,2.55676249150912e-06,-2.62934386685745e-05,4.82249901849583e-06,6.72431435104353e-05,3.00803225096705e-07,5.2499757495052e-05,5.8259638686643e-05
2024/11/25,0.000334244992504169,-9.21866881091744e-05,-3.27118046634059e-05,8.02860812807472e-06,1.70470284672529e-05,3.27432083446013e-05,9.37221506966031e-05,-2.92779520312417e-05,6.80053243435276e-06,4.63040307236637e-05,8.20600749515654e-06,-7.44406607612679e-05,3.02064432611285e-05,0.000102975103510088
2024/11/26,0.000326198970029453,-9.80521286371176e-05,-3.1600769330968e-05,3.25342381440977e-05,2.9353121170012e-05,7.39743149469743e-05,2.27086273150169e-05,-3.23092143020522e-05,3.14411269809024e-05,2.86266387506969e-05,-6.55723758590338e-05,1.30944592928701e-05,-6.76337204498381e-05,2.24817119489861e-05
2024/11/27,0.000318190313762266,-0.000102991940608754,-2.85886255677101e-05,5.46319025758555e-05,3.08711426128058e-05,6.78653503231867e-05,-6.53809303571336e-05,-5.26785363226809e-06,1.99284780347908e-05,-2.58504020501534e-05,-1.18667533328191e-05,6.95962017309844e-05,7.36577130864491e-06,-0.000217559654799696
2024/11/28,0.000310235061968188,-0.000106931149504621,-2.38361869677786e-05,7.25000468009487e-05,2.20882438470836e-05,1.77049222675767e-05,-9.99180337997644e-05,2.50605820344452e-05,-1.37427137309893e-05,-4.73767440518743e-05,6.348434925822e-05,-2.51675991955604e-05,6.18584859643876e-05,3.12087351097382e-05
2024/12/01,0.000302349195224371,-0.000109803655193216,-1.76194787811082e-05,8.46315234194872e-05,6.87353057902806e-06,-4.46752758176086e-05,-5.41410641926167e-05,3.03904621349301e-05,-3.09679862980715e-05,-8.22671820778841e-06,1.52114176050917e-05,-6.2555498021411e-05,-4.07146235576266e-05,0.000183774171106539
2024/12/02,0.000294548609398715,-0.000111553259272241,-1.03160731582275e-05,8.99535910173783e-05,-8.96043634996121e-06,-7.91431583670217e-05,3.40477814946387e-05,7.37843523888325e-06,-1.2916993266858e-05,4.15176776835818e-05,-6.10196595120546e-05,3.55002415580634e-05,-3.81490870193525e-05,9.71333055445586e-06
2024/12/03,0.000286849089447667,-0.000112134614031094,-2.38450506916261e-06,8.79168818570431e-05,-1.96999236779776e-05,-6.30679803559836e-05,9.34295408329344e-05,-2.08246016162472e-05,1.89539978375195e-05,3.80809746341966e-05,-1.81954758174198e-05,5.37283647696063e-05,6.0230106877991e-05,-0.000109202855689073
2024/12/04,0.000279266284002928,-0.000111514078390261,5.66221670699619e-06,7.8546503545811e-05,-2.16928840984608e-05,-6.10281734035812e-06,7.705840951446e-05,-2.78485807906914e-05,2.8517892578296e-05,-1.41376498216216e-05,5.8224159782094e-05,-4.37679826645938e-05,4.60470317017223e-06,5.01328238052286e-05
2024/12/05,0.000271815680817277,-0.00010967046650446,1.32875860808259e-05,6.2450918138518e-05,-1.45794433397905e-05,5.56593605389894e-05,-5.30995804531248e-07,-8.82123493562508e-06,6.02205140341896e-06,-4.8161749734458e-05,2.07801400953378e-05,-4.35859161098145e-05,-6.1066516589543e-05,5.56165859438544e-05
2024/12/08,0.000264512582833478,-0.000106595675739391,1.996531334416e-05,4.07870542206832e-05,-1.37966107379729e-06,8.25802190654407e-05,-7.60582566450436e-05,1.66985249506447e-05,-2.21801969422054e-05,-2.04130690415451e-05,-5.5148219449449e-05,4.97522215908278e-05,2.83698982739025e-05,-4.67617353877055e-05
2024/12/09,0.000257372084786124,-0.00010229518137369,2.52137870261272e-05,1.51831023481783e-05,1.25937532604565e-05,5.68797481461382e-05,-8.91305268357069e-05,2.47575557633238e-05,-2.46383468672209e-05,3.33881391297796e-05,-2.29328234427114e-05,3.26371288121095e-05,4.41784092080676e-05,-8.87668299609756e-05
2024/12/10,0.000250409050651057,-9.67883859151011e-05,2.86291674035775e-05,-1.23765478407233e-05,2.16377597002655e-05,-5.7084646775341e-06,-3.06273307667732e-05,9.54985273296883e-06,8.14715456075876e-08,4.42035931169907e-05,5.18459884350675e-05,-5.33468718424906e-05,-5.13017126806887e-05,1.07104301377761e-05
2024/12/11,0.000243638092142847,-9.01088123842274e-05,2.9914989289436e-05,-3.96969323410736e-05,2.1737169401259e-05,-6.56152925159704e-05,5.099786433481e-05,-1.28065662084292e-05,2.34319693464709e-05,-1.65421862106214e-06,2.46275265999328e-05,-2.14042287651856e-05,-1.55466931640696e-05,8.36721328852621e-05
2024/12/12,0.000237073548285479,-8.23041327587079e-05,2.89062737406702e-05,-6.45389208906506e-05,1.2106691072962e-05,-8.44595865575346e-05,8.9799360854937e-05,-2.12074687764652e-05,1.9998035404729e-05,-4.51405833538177e-05,-4.83746566593023e-05,5.45597644156325e-05,5.8291704297181e-05,-2.13810290751126e-05
2024/12/15,0.000230729466001155,-7.34360247178991e-05,2.55863969317581e-05,-8.47946899183698e-05,-4.35327653175613e-06,-4.95868218289182e-05,5.56830138903962e-05,-9.53969095764036e-06,-4.88545801249601e-06,-3.05241160761706e-05,-2.58451884470403e-05,1.03980010515123e-05,-1.59673703659497e-05,0.000137004758981418
2024/12/16,0.000224619581647866,-6.3579851863662e-05,2.00953300578122e-05,-9.86593175917965e-05,-2.18876436007861e-05,1.75315886896689e-05,-2.2186701111535e-05,9.26527101039824e-06,-2.29710624668316e-05,2.31121288963988e-05,4.47936490918712e-05,-5.35087748850991e-05,-4.8360884963118e-05,0.000178282687088813
2024/12/17,0.000218757303611383,-5.28241645704816e-05,1.27283296749636e-05,-0.000104785196443161,-3.37768462329306e-05,7.45531827546845e-05,-8.01736603845542e-05,1.73017750906475e-05,-1.52977351396263e-05,4.6736721471983e-05,2.65739598219859e-05,-9.41314449546876e-08,4.13523181031226e-05,6.92714368693835e-06
2024/12/18,0.000213155695923956,-4.12700211341609e-05,3.9246987785244e-06,-0.000102406560070656,-3.46900510721958e-05,8.49655112418022e-05,-7.2186825756143e-05,8.7882298605643e-06,8.10556098976336e-06,1.02533631127699e-05,-4.11637283230553e-05,5.04129424471095e-05,2.5281582387986e-05,6.28776016137357e-05
2024/12/19,0.000207827462815427,-2.90301314512038e-05,-5.75317298444288e-06,-9.14230184634392e-05,-2.27192133278739e-05,4.14035210118139e-05,-6.39912413977493e-06,-6.18064795374406e-06,2.12668630083251e-05,-3.90887814732664e-05,-2.6809317912226e-05,-9.08835318669263e-06,-5.39199583683948e-05,0.000187441872425492
2024/12/22,0.00020278493417733,-1.62278279253829e-05,-1.5649678705655e-05,-7.24335525680229e-05,-3.77190795639453e-07,-2.92661192513496e-05,6.26472057603457e-05,-1.31544769509667e-05,1.11790741140385e-05,-3.7859250685791e-05,3.75460666306794e-05,-4.55790498501424e-05,3.8576449737927e-06,6.44272210767638e-05
2024/12/23,0.000198040051888398,-2.99587093424561e-06,-2.50533798474802e-05,-4.67158164258146e-05,2.58505996601268e-05,-8.25339726568646e-05,7.91998591558725e-05,-7.31471615593078e-06,-9.71031928003259e-06,1.19621936009929e-05,2.65540211938483e-05,1.6805611008763e-05,5.08884078599273e-05,-0.000106770669067561
2024/12/25,0.000193604356972157,1.05249012280516e-05,-3.32399889271009e-05,-1.61496388236138e-05,4.73530591967924e-05,-8.42536660805505e-05,3.13744193950684e-05,3.64580491914274e-06,-1.89285805776816e-05,4.59771598748846e-05,-3.40013545254245e-05,3.93843078815857e-05,-3.0797988386049e-05,-4.16917921472626e-05
2024/12/26,0.000189488977603547,2.41870654851859e-05,-3.95185946368351e-05,1.69119625133406e-05,5.61223041053311e-05,-3.24620867609129e-05,-4.0340866167991e-05,8.88736222796816e-06,-8.14165724531181e-06,2.05996070738227e-05,-2.5817945902606e-05,-2.28036807271183e-05,-3.37894088341248e-05,-3.58038734295664e-07
2024/12/29,0.00018570461799111,3.78382352198302e-05,-4.32784598971909e-05,4.98164721515624e-05,4.75213226975816e-05,4.08845592259929e-05,-7.7217433926057e-05,5.15966554072736e-06,9.9193361629894e-06,-3.10338805810949e-05,3.05890043766082e-05,-3.22559280961207e-05,4.83246888914298e-05,-9.99961997573685e-05
2024/12/30,0.000182261548131757,5.1322792166554e-05,-4.40335529164795e-05,7.9818345986586e-05,2.217603328738e-05,8.96305501224714e-05,-5.03861416993144e-05,-1.73861576339608e-06,1.66210723637264e-05,-4.22633138255324e-05,2.46179023769847e-05,2.69287329217433e-05,7.76509114970195e-06,-0.000219131444302182
2025/01/01,0.000179169594327325,6.44837090674606e-05,-4.14619618212729e-05,0.000104302890754728,-1.37005915456487e-05,8.24263117512312e-05,1.64937077796572e-05,-4.62693300245702e-06,6.47796489876072e-06,1.02481196948509e-06,-2.73663952823059e-05,2.46485395534999e-05,-5.20106694259499e-05,-0.000167028979024514
2025/01/02,0.000176438130285208,7.71644410397621e-05,-3.54375025382445e-05,0.00012100980850092,-4.97840228927832e-05,2.28191798300746e-05,6.78502497582057e-05,-2.38385874172394e-06,-9.17088858425843e-06,4.25994999693189e-05,-2.29774443022419e-05,-2.91324149930286e-05,1.9931861594554e-05,-0.000266867038925763
2025/01/05,0.000174076068702791,8.92108618943596e-05,-2.6051155953372e-05,0.000128237634264865,-7.45794311241679e-05,-5.24006837350971e-05,6.23063594489649e-05,5.19725573477148e-07,-1.49739033587947e-05,2.8875485639488e-05,2.43881011072823e-05,-1.70204893125503e-05,4.11595831522752e-05,-0.000161752156299521
2025/01/06,0.000172091853271173,0.000100473220187319,-1.36204532773301e-05,0.00012501081276966,-7.89989074632084e-05,-9.58947759141595e-05,6.07530821243014e-06,5.01178919956172e-07,-6.23337958892499e-06,-2.19896380164769e-05,2.09266157064605e-05,2.94720362836766e-05,-4.18109454756178e-05,-8.86192561495825e-06
2025/01/07,0.00017049345103185,0.000110808088595798,1.31445286563715e-06,0.000111193289487804,-5.94807851332081e-05,-7.95215678830106e-05,-5.33531237908536e-05,-9.33247931474307e-07,8.06261040218934e-06,-4.40268134431401e-05,-2.17050989566355e-05,9.81012069320795e-06,-1.88404648145051e-05,0.000101598088876342
2025/01/08,0.000169288344868604,0.00012008027920199,1.80085697678225e-05,8.75361619664027e-05,-1.96230510467217e-05,-1.24739292352468e-05,-6.71701766651718e-05,-3.10682773463766e-08,1.44939658705015e-05,-8.97949426698777e-06,-1.850156105486e-05,-2.81055470094633e-05,5.19711964156478e-05,-0.00016649269053517
2025/01/09,0.000168483525940203,0.000128164696885186,3.55434444990049e-05,5.56519342173715e-05,3.03017126134705e-05,6.38370172588389e-05,-2.53389706295433e-05,3.36370332115811e-06,7.1960630016745e-06,3.74142221552307e-05,1.93640425879063e-05,-3.41311453549254e-06,-8.91760728008503e-06,-9.63146700349242e-05
2025/01/12,0.000168085485945283,0.000134948103148956,5.28710712533461e-05,1.79138864028446e-05,7.59613158902817e-05,0.000101334534102336,3.61133241401933e-05,4.69572670327538e-06,-7.27178051847071e-06,3.50289729565262e-05,1.57440179629301e-05,2.52815062486906e-05,-4.7531865756139e-05,-2.91992984800531e-05
2025/01/13,0.000168100209015061,0.000140330763030778,6.886845832465e-05,-2.27144589605096e-05,0.00010305421768321,7.55162061365771e-05,6.59037915194553e-05,2.9508910373575e-07,-1.54916975253079e-05,-1.27361273318568e-05,-1.74066374548778e-05,-1.83803174323819e-06,3.45828762105114e-05,8.9947341991811e-05
2025/01/14,0.00016853316245731,0.000144227947987866,8.24002573302459e-05,-6.29083793474488e-05,0.000101714439271481,1.39339511979757e-06,4.02141330883098e-05,-6.84626594589643e-06,-8.91823936312838e-06,-4.36891615537437e-05,-1.2700739013672e-05,-2.13244638372736e-05,2.93991001822905e-05,-9.80991863761381e-05
2025/01/15,0.000169389285565403,0.000146571269221188,9.23862429649958e-05,-9.92523365746582e-05,6.98920136272567e-05,-7.51960260558237e-05,-1.82070913117064e-05,-8.79353035806224e-06,7.46408794030004e-06,-1.77511998254889e-05,1.58690973703686e-05,5.69136617871635e-06,-5.09567062623147e-05,0.000108310527519826
2025/01/16,0.000170672976442854,0.000147309819014551,9.78699738554731e-05,-0.000128529977597411,1.45942090301476e-05,-0.000105902423728838,-5.99254594356858e-05,-1.3143158068988e-06,1.8029634066313e-05,3.11313932336531e-05,9.42284412336993e-06,1.66163746439779e-05,-2.19139536828488e-06,3.61863475267802e-05
2025/01/19,0.000172388077554315,0.000146411101180628,9.80846955509952e-05,-0.000148009177316101,-4.95447551369268e-05,-7.03390097722249e-05,-5.04914404645143e-05,9.8325187311457e-06,1.0766903594338e-05,3.93278212980851e-05,-1.47816690259097e-05,-7.98877820731243e-06,5.30385946469219e-05,0.00010912311736656
2025/01/20,0.000174537860418462,0.000143861734103148,9.2512487095134e-05,-0.000155696776799418,-0.000104114820603114,1.04603330443091e-05,1.10867680858529e-06,1.31047481286012e-05,-9.2013597613958e-06,-3.6999096443141e-06,-5.96508992266211e-06,-1.15748629218006e-05,-2.67370230873022e-05,0.000217759003141768
2025/01/21,0.000177125009661174,0.000139667912510825,8.09328184186877e-05,-0.000150539161219388,-0.000132196063724185,8.64392997919396e-05,5.07202062439581e-05,3.07087872088047e-06,-2.18996231281128e-05,-4.18079140809684e-05,1.41682532628333e-05,8.67450799774272e-06,-3.95093814213869e-05,4.6795256966e-05
2025/01/22,0.000180151606444939,0.000133855616986198,6.34570791576523e-05,-0.000132548561431982,-0.000123538505479263,0.000109495410017364,5.65847850233947e-05,-1.22186580365364e-05,-1.19982930725228e-05,-2.53423530070424e-05,2.38507976175685e-06,6.62936544703996e-06,4.90676128720545e-05,-8.43618468305228e-06
2025/01/23,0.000183619111319754,0.000126470563604052,4.05462504004541e-05,-0.000102840723934007,-7.8086001605199e-05,6.38897456014685e-05,1.44017619182559e-05,-1.7497807979517e-05,1.28591119113659e-05,2.41909231728775e-05,-1.40461247997871e-05,-7.79830801604324e-06,1.34133101280363e-05,-5.03078117217105e-05
2025/01/26,0.000187528346739736,0.000117577889877088,1.30096956414431e-05,-6.35769460382049e-05,-6.67752408337846e-06,-2.31062161976888e-05,-3.94873331308911e-05,-5.52593756836585e-06,2.66316698680978e-05,4.21531560406426e-05,1.25754410318851e-06,-2.19634068743367e-06,-5.77598302852534e-05,0.00011180082572102
2025/01/27,0.000191879479359318,0.000107261576682442,-1.80159910247705e-05,-1.78118142166962e-05,7.14613294985312e-05,-9.74753357789448e-05,-5.91778617359857e-05,1.3913911098725e-05,1.18480083175246e-05,5.04416279210809e-06,1.44257586062249e-05,5.51295771504821e-06,1.82802489227139e-05,4.14505697637611e-05
2025/01/28,0.000196672002228936,9.56236095571374e-05,-5.11080687943557e-05,3.07434173112795e-05,0.000133882360277784,-0.000111961886467933,-2.81297030668087e-05,2.18338696300393e-05,-1.85628627513705e-05,-3.87566525930871e-05,-4.90187886472495e-06,-1.34519829645894e-06,4.92271861723571e-05,-1.04451943427942e-05
2025/01/29,0.000201904716852588,8.27828863156812e-05,-8.46175275323548e-05,7.80238067497825e-05,0.000161351802837217,-5.60596504108223e-05,2.69399005198182e-05,8.6193361851647e-06,-3.15333385650866e-05,-3.19880251623357e-05,-1.53107404363904e-05,-2.06610804436086e-06,-4.63135308451552e-05,6.99204715362545e-05
2025/01/30,0.000207575715163206,6.88738818148603e-05,-0.000116745496900217,0.000119955316521189,0.000143718061242386,3.652494549729e-05,5.88658260222911e-05,-1.48432902866305e-05,-9.62704101622316e-06,1.67022614965513e-05,8.48651020423378e-06,3.6765680016868e-06,-2.4792220364366e-05,-8.47680373962577e-05
2025/02/02,0.000213682361471306,5.4045084391465e-05,-0.000145632871037941,0.000152811532355304,8.34342858195979e-05,0.000108154668493608,4.02019172790221e-05,-2.59693665801511e-05,2.61501590831783e-05,4.3782607598984e-05,1.6697741499084e-05,-2.21329172937536e-06,6.1699384978153e-05,0.000313639786377765
2025/02/03,0.000220221274221994,3.84572218171862e-05,-0.00016945890974552,0.000173550827300224,-4.43965224888436e-06,0.000113114401124093,-1.32976292315885e-05,-1.22694770468427e-05,3.57558855802412e-05,1.36517256880316e-05,-1.19502408616067e-05,-4.55946572127029e-06,-9.16270294745173e-06,0.000120616742071393
2025/02/04,0.000227188306981665,2.22812976179856e-05,-0.000186543844151899,0.000180102939903229,-9.59487999994538e-05,4.67527334632014e-05,-5.5889319947386e-05,1.49503703486272e-05,4.8138132134373e-06,-3.46118358433755e-05,-1.85765703528299e-05,6.9334232714651e-06,-5.85585509056548e-05,0.000164742036400989
2025/02/05,0.000234578528003763,5.69646205713628e-06,-0.00019545002137352,0.000171577489172717,-0.000164770731964832,-5.06440499418812e-05,-5.07282322241869e-05,2.97588837306181e-05,-3.51625537760001e-05,-3.78912870264736e-05,1.52328006726894e-05,3.85202964326738e-06,4.26285736978919e-05,0.000361317109328811
2025/02/06,0.00024238619934591,-1.11122525782862e-05,-0.000195075906949757,0.000148373181615691,-0.000189782065754223,-0.000118271830896911,-1.53346213072129e-06,1.63734945558451e-05,-3.83807814570996e-05,8.51326829301112e-06,2.09303021232087e-05,-1.16620564199366e-05,3.63553399176835e-05,0.000249351570335586
2025/02/09,0.000250604756705355,-2.79562996797338e-05,-0.00018473735819869,0.00011217488191934,-0.0001614904283981,-0.000112746926528216,5.0034690097644e-05,-1.4200268071246e-05,2.86707933708874e-06,4.42353021746135e-05,-1.8275520495992e-05,-1.51985960033807e-06,-6.47807410775456e-05,0.00026537969181582
2025/02/10,0.000259226790410548,-4.4646055086658e-05,-0.000164230995236688,6.58356051094238e-05,-8.5385838877949e-05,-3.59060871888554e-05,5.94901252775609e-05,-3.30587961783583e-05,4.48688009490653e-05,2.23103888922931e-05,-2.37354048473437e-05,1.59520267369145e-05,-6.82520316475318e-07,5.72839603565222e-05
2025/02/11,0.000268244028139084,-6.09932873786968e-05,-0.000133875217691822,1.31509685356353e-05,1.8921394397227e-05,6.53285489226777e-05,1.76487492017878e-05,-2.08081056038762e-05,3.85186185902733e-05,-2.91659507649129e-05,2.10220253591314e-05,-2.35882752324482e-06,6.74380565754141e-05,-7.64630007586773e-05
2025/02/12,0.000277647319808115,-7.68136254151239e-05,-9.45254198835362e-05,-4.14562533172379e-05,0.000122723917927936,0.000127573058553431,-4.07329390556315e-05,1.25829254277535e-05,-1.33869607819726e-05,-4.30382443575033e-05,2.69619292298899e-05,-1.93683776955419e-05,-3.79000058039435e-05,-3.10133246366348e-05
2025/02/13,0.000287426624842688,-9.19289868551328e-05,-4.75612022076417e-05,-9.33150652930553e-05,0.000196125395250586,0.000110654357661334,-6.5752222103133e-05,3.57323213914129e-05,-5.43175984404909e-05,-6.23059727743188e-07,-2.34189032191425e-05,7.59445892889937e-06,-4.80789811190918e-05,-3.96681391094895e-05
2025/02/16,0.000297571001949831,-0.000106169931745948,5.15519779266303e-06,-0.000137915720904747,0.000216653775183066,2.35086956060182e-05,-3.47894072096732e-05,2.54321169591041e-05,-3.54115384081097e-05,4.32277740022821e-05,-3.05737577455472e-05,2.15156557427626e-05,6.68587723845174e-05,-0.000233390633606219
2025/02/17,0.000308068601585524,-0.000119377905971749,6.13484964130841e-05,-0.000171313108648187,0.000176097657303139,-8.03745671831023e-05,2.73418566762833e-05,-1.01154217988821e-05,2.63823708534235e-05,3.10390946546096e-05,2.54163691384559e-05,-1.38939086849509e-05,1.13008819822258e-05,-9.64384163198748e-05
2025/02/18,0.000318906661363233,-0.000131407340594253,0.000118425655211031,-0.00019048710574858,8.349650813443e-05,-0.0001357662422756,6.82696842918094e-05,-3.76546258217944e-05,6.24168583200141e-05,-2.20492195347697e-05,3.45289181573103e-05,-2.20637854492364e-05,-7.57210793311932e-05,3.37981132775985e-05
2025/02/19,0.000330071504640292,-0.000142127574992404,0.000173593044464989,-0.000193626064617258,-3.67478946907858e-05,-0.000106652254147627,5.20550319863751e-05,-3.00897795001409e-05,2.85300140884503e-05,-4.70994736807495e-05,-2.69689249547393e-05,2.08746090979428e-05,3.20015022543252e-05,0.000115155260051331
2025/02/20,0.000341548542441667,-0.000151424574187425,0.000223990285694893,-0.000180305959013501,-0.000151290022594216,-9.61753829428165e-06,-9.54111495239268e-06,6.84338061220947e-06,-4.11562627119646e-05,-1.08465871375255e-05,-3.8779964145385e-05,2.07709916476866e-05,5.9863986113334e-05,0.000105873836526901
2025/02/23,0.000353322278912161,-0.000159202413579858,0.000266834439510437,-0.000151546807238346,-0.000227105712230697,9.55085680715657e-05,-6.55147626930734e-05,3.87177653154462e-05,-6.80337027747066e-05,4.02417289829599e-05,2.80359967525288e-05,-2.80843831706651e-05,-6.77394531759039e-05,0.000146499457318151
2025/02/24,0.000365376320351892,-0.000165384507808117,0.000299567360196679,-0.000109739016143717,-0.000241025369175801,0.000142537013992275,-6.77871408202076e-05,3.46148284337398e-05,-1.76542339011084e-05,3.95415785185484e-05,4.32744120941072e-05,-1.75023548514753e-05,-2.26822298049914e-05,-7.57666610818242e-05
2025/02/25,0.000377693387855094,-0.000169914564179657,0.000319998549008462,-5.84442519847005e-05,-0.000186780239874805,0.000100599196462138,-1.22693903344533e-05,-2.84154082941708e-06,5.67130600730134e-05,-1.29183734914605e-05,-2.85825497139672e-05,3.50260679164923e-05,8.31861072713377e-05,-0.000250876458178077
2025/02/26,0.000390255333564076,-0.00017275724514646,0.000326435745437889,-2.08722576214522e-06,-7.74271010090811e-05,-5.62962273281846e-06,5.60856350812243e-05,-3.88355045024323e-05,7.01067416914617e-05,-4.9438021588217e-05,-4.79552504275709e-05,1.2242785862809e-05,-2.48284397689916e-05,-0.000239749830699744
2025/02/27,0.000403043160530526,-0.000173898528589965,0.000317795820254655,5.44347459840635e-05,5.77182336683116e-05,-0.000110394053556726,7.9688865200641e-05,-3.88353720357314e-05,2.93108491077741e-06,-2.20059194193528e-05,2.85796715055783e-05,-4.11856795364523e-05,-7.15210849821446e-05,-0.000306632943934181
2025/03/02,0.000416037046197049,-0.000173345759125701,0.000293689274119678,0.000106189408493672,0.000180944895361868,-0.000147571342244054,3.66910632000824e-05,-1.78687014661335e-06,-7.18264791770215e-05,3.46843046621587e-05,5.27615397064101e-05,-5.10349284974246e-06,6.72088689068129e-05,-0.000302448457104598
2025/03/03,0.000429216369633428,-0.000171127388132192,0.00025447277635013,0.000148654498630254,0.000256698984396516,-9.24199119759415e-05,-3.92048597703543e-05,3.79475929363875e-05,-6.77605918088307e-05,4.71518338151812e-05,-2.80051007334051e-05,4.60626166472981e-05,3.47323134770858e-05,-0.000483180133465556
2025/03/04,0.000442559742363502,-0.000167292405323583,0.000201265652253395,0.000178128708672163,0.000261863818635828,2.20072413708235e-05,-8.51876950253719e-05,4.25793614859003e-05,1.51004761608006e-05,-1.66507073818905e-06,-5.76291165805728e-05,-3.67866399206675e-06,-8.9551431002108e-05,-0.00036967361828052
2025/03/05,0.000456045042234131,-0.000161909469848799,0.000135927977817173,0.000192070092129568,0.000192790172997063,0.000124646445320469,-6.12730488716563e-05,6.91192721730159e-06,8.51358248065142e-05,-4.92261014648771e-05,2.68436604793573e-05,-4.9200250573498e-05,1.63349111116405e-05,-0.000372941183354387
2025/03/06,0.000469649450294531,-0.000155065752812626,6.09998837834889e-05,0.000189329675486851,6.69441419739405e-05,0.000150582315995952,1.51775526399436e-05,-3.60233293666366e-05,6.04116579142095e-05,-3.35416594790023e-05,6.2491360145496e-05,1.37491252866294e-05,8.2771106449128e-05,-0.000508614528311906
2025/03/09,0.000483349490632003,-0.000146865507506112,-2.0396294632182e-05,0.000170257564948433,-8.14684654288016e-05,8.21248910442251e-05,8.19807158538658e-05,-4.56804135006716e-05,-3.55204420997566e-05,2.61037624565251e-05,-2.50876004051976e-05,5.02151807481371e-05,-6.50714222355333e-05,-0.000203357459874934
2025/03/10,0.00049712107294625,-0.000137428387996784,-0.000104687368034056,0.000136670668165021,-0.000210819474827313,-3.92040995371935e-05,8.27388592553853e-05,-1.23799857906431e-05,-9.52635896096972e-05,5.28921681676862e-05,-6.72799829729969e-05,-2.4650685623095e-05,-4.72554710057344e-05,0.00019027027686317
2025/03/11,0.000510939538157686,-0.000126887540012622,-0.000188008595557778,9.16841844827094e-05,-0.000283775253394123,-0.000137856328604959,1.43246542333861e-05,3.30640022096261e-05,-4.78543502382175e-05,1.14113375178929e-05,2.27368579830486e-05,-4.88234749743458e-05,9.45063521584376e-05,0.000220481616039259
2025/03/12,0.000524779707621204,-0.000115387491412881,-0.000266383732315946,3.94220078889556e-05,-0.00027810492712228,-0.000151338756524779,-6.86461680645493e-05,4.79834694132466e-05,5.70769080879029e-05,-4.56457332332875e-05,7.1925841150719e-05,3.58450866724706e-05,-6.56564629493143e-06,0.000370808434134156
2025/03/13,0.000538615936304156,-0.000103081873315102,-0.000335917284718502,-1.53671299772353e-05,-0.000193442280600903,-6.98241719919563e-05,-9.74816251781949e-05,1.80174408540789e-05,0.000100944620628023,-4.44739275204508e-05,-1.97992643960177e-05,4.48623055861828e-05,-9.32621215432593e-05,0.00043754737586918
2025/03/16,0.000552422170076939,-9.01310064486937e-05,-0.000392989519585212,-6.77517314597039e-05,-5.19474393576851e-05,5.68347137465674e-05,-4.62596204694042e-05,-2.91045740636322e-05,3.03177195076088e-05,1.44042646922062e-05,-7.63597847992173e-05,-4.67402057843013e-05,6.11897583216415e-05,0.000280162255622887
2025/03/17,0.000566172007080805,-7.66993903490777e-05,-0.000434444329213846,-0.00011307595552275,0.000107478621624621,0.000149618661118204,4.5172069500009e-05,-4.93505129527695e-05,-7.82714283337637e-05,5.56348925965463e-05,1.62907276688557e-05,-3.83055265824403e-05,5.99538805289896e-05,5.16028283661671e-06
2025/03/18,0.000579838763166539,-6.29531352745534e-05,-0.000457760121448979,-0.000147390720130361,0.000239922397574395,0.000149691593948467,0.000102244037050324,-2.36351812951835e-05,-0.000101154673367212,2.55154768418805e-05,8.05136198517016e-05,5.67215530217174e-05,-9.77505893524853e-05,-0.00016102802058625
2025/03/19,0.000593395541281637,-4.90573785846827e-05,-0.000461194492355805,-0.000167816240000805,0.000307162187261837,5.5731508263133e-05,7.65365131670049e-05,2.42148127280574e-05,-8.48447439587738e-06,-3.81256413754814e-05,-1.22353204903034e-05,2.92720345987626e-05,-4.32581350330372e-06,-0.000171915236594175
2025/03/20,0.000606815304660081,-3.51737284252262e-05,-0.000443894531300552,-0.000172801224120897,0.000288741534990489,-7.44611708962296e-05,-1.32554111094464e-05,4.96665164736441e-05,9.74747895243173e-05,-5.35034392240792e-05,-8.43211567249815e-05,-6.51864460514811e-05,0.000102600475134921,-6.94355129305594e-05
2025/03/23,0.000620070953725008,-2.14577778935844e-05,-0.000405966158911939,-0.000162253874745476,0.000188192302099452,-0.00015956542255347,-9.48402893521621e-05,2.90340445596793e-05,9.52256915379826e-05,7.31656737816485e-09,7.66520413832731e-06,-1.80261281876074e-05,-5.55164924814146e-05,0.000161283631497827
2025/03/24,0.000633135406624073,-8.05673255755076e-06,-0.000348497836984544,-0.000137532255111382,3.25143449218616e-05,-0.000145593624053174,-0.000100629745542741,-1.84993969698318e-05,-1.65320218705995e-05,5.43368276709545e-05,8.77192726339951e-05,7.15789940516822e-05,-7.24444872674536e-05,8.27492544547097e-05
2025/03/25,0.000645981683224602,4.89280667288153e-06,-0.000273536222420169,-0.000101295324706532,-0.000135078913154624,-4.0156040469879e-05,-2.37314715640959e-05,-4.88452512275659e-05,-0.000113064002649235,3.93793893398268e-05,-2.62037913013289e-06,4.96949412801195e-06,9.90337516782684e-05,6.14114802786434e-05
2025/03/26,0.000658582992312729,1.72668649302221e-05,-0.000184013752469337,-5.72296270856548e-05,-0.00026719992576236,9.16247488997075e-05,7.4751873147981e-05,-3.40112068549782e-05,-8.29357268349049e-05,-2.65642445429592e-05,-9.0648908527865e-05,-7.54238660230785e-05,1.60764051007563e-05,9.2698373709742e-05
2025/03/27,0.000670912821782752,2.8955881127518e-05,-8.36306208437147e-05,-9.67888836809818e-06,-0.000325745853251742,0.000167398251188316,0.000114374306730646,1.20968741127726e-05,4.32533936896067e-05,-5.92160913901414e-05,-2.85167187708054e-06,9.37510785024721e-06,-0.000110390708463502,-0.00030893480228758
2025/03/30,0.00068294503151442,3.98662271794741e-05,2.33039964358684e-05,3.678659762516e-05,-0.000292938391316083,0.000139108837050842,6.11370480712586e-05,4.68348591521374e-05,0.00012356854505923,-1.60828433337589e-05,9.30560124824092e-05,7.63568220536506e-05,4.81134702569416e-05,-0.000739008212231551
2025/03/31,0.000694653948442052,4.99214274255377e-05,0.000132064409538379,7.78179478962583e-05,-0.00017673237766738,2.34799953519589e-05,-4.34456917912389e-05,3.83674894055946e-05,6.45627953600939e-05,4.83037676956237e-05,8.69641272908423e-06,-2.43878757851911e-05,8.42910557552726e-05,-0.000822038304356045
2025/04/01,0.000706014463145855,5.90630512699761e-05,0.00023772564795249,0.000109708483205187,-8.94543701311575e-06,-0.000107884792427633,-0.000114778066291804,-5.17744036003211e-06,-6.99411691985998e-05,5.14076177237053e-05,-9.48924940699539e-05,-7.41500793104428e-05,-9.81904135652049e-05,-5.74423710604275e-05
2025/04/02,0.000717002127096221,6.7251256998864e-05,0.000335395083773018,0.000129745562835114,0.000163471977396191,-0.000172915341097279,-9.37327421039836e-05,-4.36231458165801e-05,-0.00012781208562989,-1.14865993478237e-05,-1.48527929709822e-05,3.93826260946807e-05,-2.83300452555951e-05,-0.000302131881971955
2025/04/03,0.000727593249801785,7.44649706359259e-05,0.000420447140163862,0.000136458691827622,0.000291626287335628,-0.000130406196325784,4.31956447040092e-06,-4.19156415578026e-05,-4.08948522741882e-05,-6.03584522551155e-05,9.61172124326447e-05,6.87307762206569e-05,0.000116279986088309,0.000348535263436056
2025/04/06,0.000737764994163528,8.07016888349701e-05,0.000488749420361085,0.000129739677858487,0.000338610669911312,-6.12222922566524e-06,0.000100672095507894,-2.06074463135331e-06,9.47331226832643e-05,-3.23379120122091e-05,2.12539669082274e-05,-5.36425435288286e-05,-3.91558292949006e-05,0.00278955562246419
2025/04/07,0.000747495467361332,8.59769004341506e-05,0.0005368688346047,0.000110823658792346,0.000290188672343588,0.000122859166847322,0.000116588691318148,3.92422045278315e-05,0.00012503509017309,3.7427277357491e-05,-9.66969476729316e-05,-6.01911252058815e-05,-9.50489026822824e-05,-0.000708768988198904
2025/04/08,0.000756763800799612,9.03231247018994e-05,0.000562247140563912,8.21340445282858e-05,0.00015912405789087,0.000176024839808875,3.77372499459899e-05,4.44894737068274e-05,1.31918339868857e-05,5.99271772489745e-05,-2.78282453277449e-05,6.64590596590542e-05,9.51657865351953e-05,0.00365571765595136
2025/04/09,0.000765550214484252,9.37885763183579e-05,0.00056333672659597,4.70083816817784e-05,-1.81636095391342e-05,0.000119733732172739,-7.30492425111176e-05,9.3969925685203e-06,-0.000115799578928274,5.91169225650134e-06,9.66072148881308e-05,4.87892316609609e-05,4.06727408380392e-05,-0.000161755072486725
2025/04/10,0.000773836066409993,9.64354841334489e-05,0.000539689380759747,9.33439610049453e-06,-0.000191747435141394,-1.15095074015737e-05,-0.000125945004584451,-3.37721553424751e-05,-0.000114985201917883,-5.6131417097678e-05,3.44999998190159e-05,-7.71718050249316e-05,-0.000120001986661479,0.000155196185949165
2025/04/13,0.000781603884174387,9.83380976793397e-05,0.000491993082961314,-2.68653215237242e-05,-0.000312309249830103,-0.000136258364887086,-7.70938405249415e-05,-4.59546711213212e-05,1.68983455897122e-05,-4.68960131464313e-05,-9.58328594626422e-05,-3.4939887672302e-05,2.89157836724616e-05,-0.000213414985908665
2025/04/14,0.00078883738522826,9.9580436442747e-05,0.000422054443946086,-5.78562970463878e-05,-0.000345215800392989,-0.000176739159113963,3.50044438863904e-05,-1.65975257185022e-05,0.00013150401647029,2.2337296025862e-05,-4.11903726404573e-05,8.52070902762722e-05,0.000104318699684409,-0.000726467657048018
2025/04/15,0.000795521492061225,0.00010025384439141,0.000332727118723084,-8.05785117277885e-05,-0.00028051918089734,-0.000107377737233162,0.000119890599417869,2.73415338295818e-05,9.79646803525891e-05,6.35107939197103e-05,9.43686342189836e-05,1.91955603901793e-05,-9.0024874111749e-05,-0.000638865953334593
2025/04/16,0.000801642344520589,0.000100454411664901,0.000227789209116721,-9.29558491679323e-05,-0.000135979702072165,2.90619222334375e-05,0.000108282494891489,4.62199689572789e-05,-4.74628439852137e-05,2.38669334439036e-05,4.78184895303422e-05,-9.01116184052341e-05,-5.26821894160419e-05,-0.000692859571312074
2025/04/20,0.000807187310441496,0.000100280326343716,0.000111775219003419,-9.40966984834645e-05,4.78105094201915e-05,0.000147897290458822,8.71143191296129e-06,2.34292820242864e-05,-0.000140551932859316,-4.64481073733418e-05,-9.22196003853861e-05,-2.2189257785178e-06,0.000121409091143699,-0.000603829195868565
2025/04/21,0.000812144994917485,9.98292189816695e-05,-1.02295944815311e-05,-8.43654228590184e-05,0.000218863073623141,0.000175147681042931,-9.87093041802794e-05,-2.01209157985769e-05,-7.48270051866003e-05,-5.78829794665324e-05,-5.430294428745e-05,9.15794810723644e-05,-1.77314915118285e-05,-0.000696056791865774
2025/04/22,0.000816505248740633,9.91955622491566e-05,-0.000132822732750783,-6.53181897396812e-05,0.000328554981179608,9.36218037302357e-05,-0.000126864663759403,-4.52420364589764e-05,7.64788789743263e-05,4.40814944801133e-06,8.94013005826678e-05,-1.52512281652898e-05,-0.000111787015434092,0.000238616941403586
2025/04/23,0.000820259176206768,9.84681857021866e-05,-0.000250534671643302,-3.95111124337956e-05,0.000345507827732146,-4.62536089449348e-05,-5.24103343968058e-05,-2.96716998828205e-05,0.000142114625240617,6.13191905895235e-05,6.05632899600801e-05,-8.94710769367409e-05,8.29406047250036e-05,-0.000782647395917926
2025/04/24,0.000823399141734542,9.77279615972114e-05,-0.000358083755278354,-1.02022353767653e-05,0.000264605776527602,-0.000157671728790728,6.48560005822903e-05,1.23134321137175e-05,4.69208647479708e-05,4.03261593961591e-05,-8.5939721956925e-05,3.24387412033104e-05,6.39632105792753e-05,-0.000508329847079305
2025/04/27,0.000825918774246343,9.70457129991551e-05,-0.000450623467126387,1.90198436994766e-05,0.0001085486343135,-0.000171370097293207,0.000130109931284896,4.30256355140518e-05,-0.000101984730786341,-3.20533243277861e-05,-6.65215418777672e-05,8.3822813636344e-05,-0.000120467815590588,2.76096313083081e-05
2025/04/28,0.000827812970636744,9.64803932865249e-05,-0.000523970106046779,4.46401869916719e-05,-7.85331985482314e-05,-7.87152898653092e-05,9.03148207653866e-05,3.51258353385675e-05,-0.00013591246084872,-6.37941990275698e-05,8.18710034603211e-05,-4.85712767754514e-05,5.97435553615972e-06,0.000125212965096686
2025/04/29,0.000829077899221411,9.60775794214498e-05,-0.000574799821414376,6.36106409773803e-05,-0.000243600245065894,6.28657680979141e-05,-2.25987248957684e-05,-4.14504429627785e-06,-1.59863281839954e-05,-1.44372648709045e-05,7.21036385318995e-05,-7.48469832921292e-05,0.000117224796076853,0.000543998089692437
2025/04/30,0.000829711003113273,9.58683127838167e-05,-0.000600805436483071,7.36892552935791e-05,-0.000339795601788052,0.000165516841847449,-0.00011739962799174,-3.96219710233461e-05,0.000122247775666807,5.33198850016218e-05,-7.72408375164137e-05,6.29216761837062e-05,-7.41573099278777e-05,0.000544902034840248
