Date,IMF1,IMF2,IMF3,IMF4,IMF5,IMF6,IMF7,IMF8
2016/01/04,-0.000349297378432529,-5.28471438377556e-05,0.000149565643117296,-0.000217851297989814,-2.51512500386139e-05,2.25775322561813e-05,2.44650624340577e-05,3.43642220782516e-05
2016/01/05,-0.000857057378438277,-0.000100632920059622,0.000188993150455269,-0.000218947280221396,-2.52225757146609e-05,2.25978229520197e-05,2.44715946947187e-05,3.4363639928257e-05
2016/01/06,0.000848840821892103,-5.28471438377555e-05,0.000149565643117296,-0.000217851297993784,-2.51515844168719e-05,2.2584768410242e-05,2.44610971773527e-05,3.43612855631242e-05
2016/01/07,0.000150013032727935,9.22235205805814e-05,5.35018226757948e-05,-0.000214760830013716,-2.49427837447871e-05,2.25388495199207e-05,2.44337590601044e-05,3.43571692558299e-05
2016/01/10,-0.000784150867289866,0.000235548951865239,-6.58702585106064e-05,-0.000209972094341319,-2.4602935040687e-05,2.2460788304235e-05,2.43898634512101e-05,3.43513063282389e-05
2016/01/11,-0.0005942517279698,0.000258162478662196,-0.000176321954352048,-0.000203781309036722,-2.41387996468518e-05,2.23513067863642e-05,2.43296934589066e-05,3.43437121022162e-05
2016/01/12,0.000661430787166335,7.8320645743319e-05,-0.00025087723153022,-0.000196484692160052,-2.35571389055619e-05,2.22111269894872e-05,2.42535321914306e-05,3.43344018996265e-05
2016/01/13,0.000465082359358534,-0.000278215234009052,-0.000267079413781475,-0.000188378461771437,-2.28647141590978e-05,2.20409709367834e-05,2.41616627570186e-05,3.4323391042335e-05
2016/01/14,-0.00049959125054628,-0.000404857819147186,-0.000203393907917304,-0.000179691740552345,-2.20682867497398e-05,2.18415606514318e-05,2.40543682639073e-05,3.43106948522064e-05
2016/01/17,0.000414947981292467,-1.40842893034882e-05,-5.24318260551535e-05,-0.000170385269669607,-2.11746180197683e-05,2.16136181566118e-05,2.39319318203332e-05,3.42963286511056e-05
2016/01/18,-0.00016860014223972,0.000382588549150872,0.000137619329143593,-0.000160352694911394,-2.01904693114636e-05,2.13578654755024e-05,2.37946365345331e-05,3.42803077608976e-05
2016/01/19,-0.000275069694640461,0.000298671409119597,0.000308505649811403,-0.000149487662065877,-1.91226019671063e-05,2.10750246312828e-05,2.36427655147436e-05,3.42626475034472e-05
2016/01/20,0.000236927277424734,-0.000272219191602786,0.000418191083718601,-0.000137683816921227,-1.79777773289765e-05,2.07658176471322e-05,2.34766018692012e-05,3.42433632006194e-05
2016/01/21,-0.000224998559306363,-0.000219146524020753,0.000443363513295303,-0.000124834805265615,-1.67627567393548e-05,2.04309665462299e-05,2.32964287061427e-05,3.42224701742791e-05
2016/01/24,0.000231578805275307,0.000170903623174715,0.000405760278716369,-0.000110844385791106,-1.54843015405215e-05,2.00711933517548e-05,2.31025291338046e-05,3.41999837462911e-05
2016/01/25,-0.000242334067915421,0.000101358159236308,0.000335712319791131,-9.56567688053403e-05,-1.41491730747569e-05,1.96872200868864e-05,2.28951862604236e-05,3.41759192385204e-05
2016/01/26,-4.69519177221255e-05,-0.000123865846754011,0.000253708117764695,-7.9226277519852e-05,-1.27641326843415e-05,1.92797687748036e-05,2.26746831942363e-05,3.41502919728319e-05
2016/01/27,0.000237192074917667,-0.000153413372915123,0.000177773011015143,-6.15072351461747e-05,-1.13359417115557e-05,1.88495614386857e-05,2.24413030434793e-05,3.41231172710905e-05
2016/01/28,-0.000218125942053976,0.000148159339588537,0.000114576765341625,-4.24539648958426e-05,-9.87136149867972e-06,1.83973201017119e-05,2.21953289163893e-05,3.40944104551611e-05
2016/01/31,0.000207890291036264,0.000269452718995903,2.53668562275829e-05,-2.20207899803896e-05,-8.37715338799412e-06,1.79237667870614e-05,2.19370439212029e-05,3.40641868469085e-05
2016/02/01,-0.000248783094809552,-0.000405444251041021,-0.000128906991223619,-1.62033611349628e-07,-6.86007872177916e-06,1.74296235179133e-05,2.16667311661567e-05,3.40324617681978e-05
2016/02/02,0.000387968647507807,-0.000264325358717679,-0.000332905061849908,2.31679809997434e-05,-5.32689884231526e-06,1.69156123174467e-05,2.13846737594873e-05,3.39992505408937e-05
2016/02/03,-0.000648915790158954,0.000913781630458401,-0.000510343824046069,4.80149306413555e-05,-3.78437509188285e-06,1.6382455208841e-05,2.10911548094315e-05,3.39645684868613e-05
2016/02/04,-0.00047358838846998,0.000709950811888522,-0.000564155654395326,7.44244921019526e-05,-2.23926881276221e-06,1.58308742152752e-05,2.07864574242257e-05,3.39284309279653e-05
2016/02/07,0.000455114553156866,-0.000783001971854163,-0.000493260778486734,0.000102163915502379,-6.98341347233806e-07,1.52615913599285e-05,2.04708647121067e-05,3.38908531860708e-05
2016/02/08,0.00229246324407646,-0.00207232434204109,-0.000321845081454999,0.000129886744292991,8.31645962421956e-07,1.46753286659802e-05,2.01446597813111e-05,3.38518505830426e-05
2016/02/09,0.00238626130289415,-0.0012867932100536,-8.30191423529248e-05,0.000155968095256524,2.34393177392492e-06,1.40728081566093e-05,1.98081257400754e-05,3.38114384407455e-05
2016/02/10,-0.00279216717430479,0.00177807569184919,0.00015329397742382,0.000178783085175713,3.83175474499439e-06,1.34547518549951e-05,1.94615456966364e-05,3.37696320810447e-05
2016/02/11,0.00310147125849153,0.0029152296025569,0.000307968095893848,0.000196706830833291,5.28835353335018e-06,1.28218817843167e-05,1.91052027592306e-05,3.37264468258048e-05
2016/02/14,-0.00328002076244131,4.13258805935944e-05,0.000325793228803579,0.000208114449011995,6.70696679671194e-06,1.21749199677534e-05,1.87393800360948e-05,3.36818979968909e-05
2016/02/15,0.00331854391811801,-0.00234316279329192,0.000246920593918928,0.000211684645386296,8.08083319279918e-06,1.15145884284842e-05,1.83643606354654e-05,3.36360009161677e-05
2016/02/16,0.00271470647603075,-0.00276652533047424,0.000134203251166667,0.000207310127858219,9.40354471873167e-06,1.08416091896885e-05,1.79804276655792e-05,3.35887709055004e-05
2016/02/17,0.000249980600585371,-0.00172329225472157,4.03551293588664e-05,0.000195185779863923,1.06701067292296e-05,1.01567042745452e-05,1.75878642346728e-05,3.35402232867536e-05
2016/02/18,-0.00135853724605133,-0.000103866875316646,-2.12520115842685e-05,0.00017550613150017,1.18758779184135e-05,9.46059570623373e-06,1.71869534509827e-05,3.34903733817924e-05
2016/02/21,-0.00244196949122898,0.00117999826680187,-4.70819539654958e-05,0.000148465712863719,1.30161956720055e-05,8.75402681633141e-06,1.67779784227457e-05,3.34392365124817e-05
2016/02/22,-0.00214556916053145,0.00138962904169127,-3.35984800875753e-05,0.000114259054051333,1.40863121421344e-05,8.03782617000892e-06,1.63612222581984e-05,3.33868280006863e-05
2016/02/23,-0.00036510999462504,0.000345746342934952,1.40498498827079e-05,7.36788772315677e-05,1.5081458172531e-05,7.31284364083518e-06,1.59369680655773e-05,3.33331631682712e-05
2016/02/24,0.00134231913304754,-0.000733080805487952,5.62729727524495e-05,2.9613064430176e-05,1.59968646069258e-05,6.57992910237911e-06,1.55054989531192e-05,3.32782573371012e-05
2016/02/25,0.000760229138051314,-0.000707716577199932,5.59537251323464e-05,-1.56427439752808e-05,1.68277622890496e-05,5.83993242820967e-06,1.50670980290606e-05,3.32221258290413e-05
2016/02/28,-0.000695312957906234,-0.000109606818635326,1.87603907715561e-05,-6.00905160372378e-05,1.7569382062633e-05,5.09370349189574e-06,1.46220484016382e-05,3.31647839659563e-05
2016/02/29,-0.000404397998232797,0.000256517420083716,-2.91960509614964e-05,-0.00010173221980813,1.82169547714065e-05,4.34209216700626e-06,1.41706331790887e-05,3.31062470697112e-05
2016/03/01,0.000243286457608326,0.000204385500862324,-6.35412308964009e-05,-0.000138569823340392,1.8765711259101e-05,3.58594832711015e-06,1.37131354696485e-05,3.30465304621709e-05
2016/03/02,-0.000113762203241648,-0.000151225788947939,-7.73226723264388e-05,-0.000168605294686459,1.92108729465749e-05,2.8261312686485e-06,1.32498383815544e-05,3.29856494652003e-05
2016/03/03,6.02897603871763e-05,-0.000273863493902935,-6.79433716608139e-05,-0.000189840601898766,1.9547623563198e-05,2.06353797955088e-06,1.2781025023043e-05,3.29236194006642e-05
2016/03/06,-8.44613890164657e-05,-7.50076323804207e-06,-3.60271350033014e-05,-0.000200893381957445,1.97711173524003e-05,1.29909493368721e-06,1.2306978502351e-05,3.28604555904276e-05
2016/03/07,0.000215627084752276,0.000314988154675006,4.91899276403696e-06,-0.00020284394755341,1.98764027949597e-05,5.33834367578965e-07,1.18279819277148e-05,3.27961733563555e-05
2016/03/08,0.000297950183559189,0.000427557355989363,3.81671570645681e-05,-0.000197390284577933,1.98603801680581e-05,-2.31059005995362e-07,1.13443184073713e-05,3.27307880203126e-05
2016/03/09,0.000241375603304561,0.000205889248431602,5.08769599835514e-05,-0.000186238396012932,1.97278198424539e-05,-9.94253477189533e-07,1.0856271049557e-05,3.26643149041639e-05
2016/03/10,-0.000561530221753881,-8.22890052076041e-05,4.57578302538177e-05,-0.000171096289112981,1.94854660898934e-05,-1.75438696448518e-06,1.03641229625085e-05,3.25967693297743e-05
2016/03/13,0.000654984646798082,-0.000180294681816194,2.93094857197447e-05,-0.000153574803582314,1.91400631821236e-05,-2.51009738636388e-06,9.86815725446255e-06,3.25281666190087e-05
2016/03/14,-0.000707798081798854,-0.000227495152454108,7.64297402432683e-06,-0.000134896108923777,1.86983553908913e-05,-3.26002266130726e-06,9.36865703365563e-06,3.2458522093732e-05
2016/03/15,-0.000482246255370201,-0.00029877781523192,-1.32278247397871e-05,-0.000116185207089873,1.81670869879432e-05,-4.00280070779696e-06,8.86590540832447e-06,3.23878510758091e-05
2016/03/16,-0.000235788845967246,-0.000377473956782198,-2.75285925449877e-05,-9.83275379680643e-05,1.7553002245026e-05,-4.73706944431455e-06,8.36018548670566e-06,3.2316168887105e-05
2016/03/17,5.5199873110228e-05,-0.000434068940769641,-3.04432596238218e-05,-8.12502931856579e-05,1.68628454338866e-05,-5.46146678934166e-06,7.85178037703584e-06,3.22434908494844e-05
2016/03/20,0.000280976865042487,-0.000438004337626883,-1.84391115059421e-05,-6.46411023049206e-05,1.61033608262716e-05,-6.17463066135991e-06,7.34097318755164e-06,3.21698322848124e-05
2016/03/21,0.000536114696117309,-0.000353742281473873,7.03712996631572e-06,-4.81875948881193e-05,1.5281292693928e-05,-6.87519897885088e-06,6.82804702648968e-06,3.20952085149538e-05
2016/03/22,0.000336614447787531,-0.000163584827209421,4.02778961808738e-05,-3.15774004975213e-05,1.44033853086023e-05,-7.56180966029622e-06,6.31328500208661e-06,3.20196348617736e-05
2016/03/23,0.000129409025045896,6.25671634576713e-05,7.47713551412346e-05,-1.44981486953936e-05,1.34763829420415e-05,-8.23310062417751e-06,5.79697022257904e-06,3.19431266471366e-05
2016/03/27,-0.000309835917921174,0.000228730391567223,0.000104005674850901,3.36253095599686e-06,1.25070298659921e-05,-8.88770978897638e-06,5.27938579620361e-06,3.18656991929077e-05
2016/03/28,-0.000194645481017659,0.000247383586625897,0.000121469023313376,2.23170088943829e-05,1.15020703522012e-05,-9.52427507317443e-06,4.76081483119693e-06,3.17873678209518e-05
2016/03/29,0.000196134195467822,0.000125004480379346,0.000120223725702286,4.26776555574974e-05,1.04682486724153e-05,-1.01414343952533e-05,4.24154043579566e-06,3.17081478531339e-05
2016/03/30,-8.79470535215378e-06,-7.51323324255339e-05,9.18514584813762e-05,6.45341187734494e-05,9.41230909838129e-06,-1.07378256736945e-05,3.7218457182364e-06,3.16280546113189e-05
2016/03/31,-0.000154966373014117,-0.000166507276596901,2.8398945723012e-05,8.70851559318517e-05,8.34099590184594e-06,-1.13120868269798e-05,3.2020137867558e-06,3.15471034173716e-05
2016/04/03,0.000175365809908657,-1.6967503883729e-05,-7.29174755446825e-05,0.000109306801812693,7.26105335455598e-06,-1.18628557735907e-05,2.68232774959048e-06,3.14653095931569e-05
2016/04/04,6.37422564094523e-05,0.000146689206327113,-0.000195093906909042,0.000130175091195963,6.17922572825815e-06,-1.23887704320089e-05,2.16307071497707e-06,3.13826884605399e-05
2016/04/05,-0.000321439203475727,3.07809908417372e-05,-0.00031213554836995,0.000148666058861649,5.10225729469926e-06,-1.28884687207159e-05,1.6445257911522e-06,3.12992553413852e-05
2016/04/06,8.32824757803523e-05,-0.000248271844835314,-0.000381871554962029,0.000163755739589742,4.03689232562606e-06,-1.33605885581933e-05,1.12697608635251e-06,3.1215025557558e-05
2016/04/07,0.00060521162800495,-0.000242714241709819,-0.000367126278126336,0.000174505277513266,2.98987509278517e-06,-1.38037678629229e-05,6.10704708814604e-07,3.1130014430923e-05
2016/04/10,-6.40599481326399e-05,0.000296567250112157,-0.000264084141468699,0.000180316254177391,1.96794986792362e-06,-1.42166445533861e-05,9.59947667751312e-08,3.10442372833452e-05
2016/04/11,-0.000960949299078946,0.000460273271083474,-6.67817425377246e-05,0.000180675413596836,9.77807806278519e-07,-1.45978565480646e-05,-4.1687063152928e-07,3.09577094366895e-05
2016/04/12,0.00112331115272392,-0.000356620786454928,0.000210743588683497,0.000175070340785557,2.52990638464698e-08,-1.49460417654401e-05,-9.27608377862019e-07,3.08704462128208e-05
2016/04/13,0.000399237885878662,-0.00073738570858149,0.00046326455876896,0.000162991188006829,-8.86293452692931e-07,-1.5259838123994e-05,-1.43593536398643e-06,3.07824629336039e-05
2016/04/14,-0.00128878360870125,-0.00013281080677959,0.000575543012828937,0.000143928736057128,-1.75431536986183e-06,-1.55378835422081e-05,-1.9415684816659e-06,3.06937749209039e-05
2016/04/17,0.00123742366760623,0.000862491392151597,0.000483065260491502,0.00011779581880315,-2.57611231418284e-06,-1.5778815938564e-05,-2.44422462266379e-06,3.06043974965855e-05
2016/04/18,-0.00108129003162867,4.24602406000552e-05,0.00017487319111237,8.6193482392458e-05,-3.34902991217816e-06,-1.59812732315431e-05,-2.94362067874348e-06,3.05143459825137e-05
2016/04/19,0.000844124025193762,-0.000717792631012344,-0.000190584708576936,5.11448260428372e-05,-4.07041379037013e-06,-1.61438933396273e-05,-3.43947354166834e-06,3.04236357005535e-05
2016/04/20,0.000690809103616278,-0.000354272874090314,-0.000437926355635761,1.46729489720706e-05,-4.73760957528115e-06,-1.6265314181298e-05,-3.93150010320173e-06,3.03322819725696e-05
2016/04/21,-0.000318369788459099,0.000444153684347768,-0.000493863932732943,-2.1199049602058e-05,-5.34796289343349e-06,-1.6344173675037e-05,-4.41941725510703e-06,3.02403001204271e-05
2016/04/24,0.000131502920804252,0.000273260065549114,-0.000350086465056297,-5.46556514666394e-05,-5.89881937134954e-06,-1.63791097393257e-05,-4.90294188914762e-06,3.01477054659907e-05
2016/04/25,-4.02139041862084e-05,0.000179435592314731,-0.000138141195496712,-8.47116624282588e-05,-6.38752463555168e-06,-1.63687602926458e-05,-5.38179089708685e-06,3.00545133311255e-05
2016/04/26,3.89632971154527e-05,-6.53787245860289e-06,5.30615916392882e-05,-0.000110589469298376,-6.81142431256216e-06,-1.63117632534789e-05,-5.8556811706881e-06,2.99607390376963e-05
2016/04/27,-9.58032439115914e-05,-0.000131542389652407,0.00019364924939906,-0.000131511458888449,-7.1678640289033e-06,-1.62067537246728e-05,-6.32433241734864e-06,2.98663979075681e-05
2016/04/28,0.000174362530658865,0.000113541223449843,0.000265035381222441,-0.000146700018009939,-7.45418941109766e-06,-1.60523555465396e-05,-6.78747560700132e-06,2.97715052626056e-05
2016/05/01,-0.000283288148247438,0.000124427319356264,0.000257076778251294,-0.000155694232196971,-7.66774608566726e-06,-1.58471897437575e-05,-7.24484452521289e-06,2.96760764246739e-05
2016/05/02,-0.000318730554276524,-3.29595031934097e-05,0.000183717255600538,-0.000159299981874338,-7.8057043650102e-06,-1.559004904468e-05,-7.69617656799931e-06,2.95801267156379e-05
2016/05/03,-0.000292812246493112,-0.00011442359586735,8.54724224584253e-05,-0.000158637945501567,-7.86630608867759e-06,-1.52805408966443e-05,-8.14122357317342e-06,2.94836714573623e-05
2016/05/04,0.000218605894493653,-7.89046170249079e-05,2.43543031662444e-06,-0.000154821198786447,-7.85455463492345e-06,-1.49191103495712e-05,-8.5797409889973e-06,2.93867259717123e-05
2016/05/05,0.000373330820778203,-1.17513900909614e-06,-5.01784909558918e-05,-0.000148960916748835,-7.77660903852942e-06,-1.45069474847874e-05,-9.011484263733e-06,2.92893055805525e-05
2016/05/08,0.000409252681805838,2.99989999448082e-05,-6.71132174670614e-05,-0.000142168274408588,-7.63823742443628e-06,-1.4045633293461e-05,-9.43620884564258e-06,2.9191425605748e-05
2016/05/09,-0.000381947796321461,-1.89486442098455e-05,-5.05777467621701e-05,-0.000135398641330952,-7.44426140534323e-06,-1.35376952790015e-05,-9.85367018298811e-06,2.90931013691637e-05
2016/05/10,0.00016263787974858,-1.26628687112518e-05,-2.40805922668087e-05,-0.000128984165262734,-7.19926596588909e-06,-1.2985896597454e-05,-1.02636246994562e-05,2.89943481926644e-05
2016/05/11,0.00028045356154839,4.68657058918138e-05,6.89988347467893e-07,-0.000123101188496132,-6.90783609071253e-06,-1.23929965031658e-05,-1.06658327204317e-05,2.88951813981151e-05
2016/05/12,0.000219354572799368,9.81894113218347e-05,1.6617773335535e-05,-0.000117926053323343,-6.57455676445241e-06,-1.17617532750593e-05,-1.1060055546724e-05,2.87956163073807e-05
2016/05/15,-6.502188180584e-05,5.31767603075644e-05,1.87942704661119e-05,-0.000113635102036565,-6.20401297174749e-06,-1.10949251920571e-05,-1.14460544791424e-05,2.8695668242326e-05
2016/05/16,-0.000104026335503086,-0.000109488234516853,1.10676558119436e-05,-0.000110330427176648,-5.80078969723665e-06,-1.03952705330816e-05,-1.18235908184964e-05,2.8595352524816e-05
2016/05/17,6.29150572108643e-05,-0.000317667148152326,-8.03164045769602e-07,-0.000107817122279053,-5.36947192555851e-06,-9.66554757705545e-06,-1.21924258655952e-05,2.84946844767156e-05
2016/05/18,2.24555130836318e-05,-0.000310403829042951,-1.11335322771753e-05,-0.000105826031127893,-4.91464464135208e-06,-8.90851460290116e-06,-1.25523209212483e-05,2.83936794198897e-05
2016/05/19,-2.44061928174006e-05,-0.000172089405962208,-1.54548301597662e-05,-0.000104087997507283,-4.44089282925597e-06,-8.12692988954124e-06,-1.29030372862651e-05,2.82923526762031e-05
2016/05/22,2.3700985718708e-05,-5.14561623041873e-05,-1.41377945674312e-05,-0.000102358662034321,-3.95280147390907e-06,-7.32355171589822e-06,-1.32443362614549e-05,2.81907195675209e-05
2016/05/23,-7.14850923506951e-06,-7.66983411744063e-06,-8.67001314946497e-06,-0.000100492852658046,-3.45495555995011e-06,-6.50113836089463e-06,-1.35759791476271e-05,2.80887954157078e-05
2016/05/24,-4.48541085891168e-05,3.03938790844906e-05,-5.14276722177035e-07,-9.83701941604805e-05,-2.95194007201802e-06,-5.662448103453e-06,-1.38977272455911e-05,2.79865955426289e-05
2016/05/25,3.80529749531098e-05,0.000126994777346684,8.86662389812284e-06,-9.58703113236487e-05,-2.44833999475137e-06,-4.81023922249585e-06,-1.42093418561563e-05,2.78841352701489e-05
2016/05/26,7.67204683788123e-05,0.000201909117856225,1.8009897895125e-05,-9.28728289295739e-05,-1.9487403127891e-06,-3.94726999694573e-06,-1.4510584280132e-05,2.77814299201329e-05
2016/05/29,-9.14806306498026e-05,0.000196943576941004,2.54527544525199e-05,-8.92573717602796e-05,-1.45772601076997e-06,-3.07629870572516e-06,-1.48012158183277e-05,2.76784948144456e-05
2016/05/30,1.15410889666007e-05,0.000242175375519533,2.9732402753998e-05,-8.49035645977891e-05,-9.79882073332819e-07,-2.20008362775665e-06,-1.50809977715526e-05,2.75753452749521e-05
2016/05/31,0.000116157904170021,0.000348494340043169,2.93860519832495e-05,-7.9691032224126e-05,-5.19793485116333e-07,-1.32138304196275e-06,-1.53496914406162e-05,2.74719966235171e-05
2016/06/01,-0.000127136538493139,0.000434229109179463,2.2950911323965e-05,-7.34993994213136e-05,-8.20452307594402e-08,-4.42955227265991e-07,-1.56070581263279e-05,2.73684641820057e-05
2016/06/02,-6.64576244309203e-06,0.000308625713425429,1.00522708146642e-05,-6.61892055884248e-05,3.28777705099231e-07,4.32441537411106e-07,-1.5852859129497e-05,2.72647632722828e-05
2016/06/05,0.000147536378303187,6.23670723285246e-05,-5.33225608681473e-06,-5.75446485927288e-05,7.08090337820763e-07,1.30204897314602e-06,-1.60868557509329e-05,2.71609092162131e-05
2016/06/06,5.60905553194678e-05,-0.000159460942090169,-1.81369750678039e-05,-4.73308409185446e-05,1.05130768276642e-06,2.16310880101621e-06,-1.63088092914449e-05,2.70569173356617e-05
2016/06/07,-0.000165231340750202,-0.00024499883400555,-2.3188505228719e-05,-3.54205816371073e-05,1.35384475529738e-06,3.01286274209914e-06,-1.65184810518426e-05,2.69528029524934e-05
2016/06/08,-0.000118734515938105,-0.000135976878160139,-1.6895386293788e-05,-2.21174161673189e-05,1.61111657077483e-06,3.84855251747231e-06,-1.67156323329351e-05,2.68485813885732e-05
2016/06/09,0.000136980529404372,3.91115720638228e-05,-3.60913928623796e-06,-7.83257651499807e-06,1.81853814456006e-06,4.66741984821317e-06,-1.6900024435532e-05,2.67442679657659e-05
2016/06/12,0.000191073335548848,0.000105082393624161,1.03060477992251e-05,7.02270531403672e-06,1.97152449201427e-06,5.46670645539919e-06,-1.70714186604426e-05,2.66398780059364e-05
2016/06/13,-0.000202329357054574,-1.78286089795012e-05,1.83208842446009e-05,2.2037197313967e-05,2.06549062849853e-06,6.24365406010786e-06,-1.72295763084762e-05,2.65354268309497e-05
2016/06/14,0.000150579417652869,-8.78866392935166e-05,1.32456684387121e-05,3.6799667478974e-05,2.09585156937423e-06,6.99550438341661e-06,-1.73742586804423e-05,2.64309297626707e-05
2016/06/15,0.00023576178243792,-1.30915879403372e-05,-7.73232054464912e-06,5.07885421602434e-05,2.0580223300025e-06,7.71949914640296e-06,-1.75052270771503e-05,2.63264021229642e-05
2016/06/16,-0.000122638977662823,0.000162553230402055,-2.92574699986356e-05,6.30408811369774e-05,1.94745799971716e-06,8.41283999617172e-06,-1.76222427994094e-05,2.62218592336952e-05
2016/06/19,-0.000290357709034505,0.000160079134688309,-3.34372474035122e-05,7.26392356176547e-05,1.75977396374255e-06,9.07256828393716e-06,-1.77250671480291e-05,2.61173164167285e-05
2016/06/20,9.57887204438666e-05,-0.00018310914174887,-1.31519684738922e-05,7.92894890998434e-05,1.49064664073655e-06,9.69566432748029e-06,-1.78134614238187e-05,2.60127889939291e-05
2016/06/21,0.000362375819500243,-0.000359470210785901,2.57041120688514e-05,8.28533581533845e-05,1.13583157170909e-06,1.02790293222297e-05,-1.78871869275877e-05,2.59082922871619e-05
2016/06/22,-0.000398656663916096,5.37808054007409e-05,7.19530582254719e-05,8.31899449597643e-05,6.93560605352245e-07,1.08197025442864e-05,-1.79460049601454e-05,2.58038416182918e-05
2016/06/23,0.000428750356663553,0.000445668385187635,0.00010429098429661,8.01471121197054e-05,1.72739742944323e-07,1.1315288697929e-05,-1.79896768223012e-05,2.56994523091836e-05
2016/06/26,-0.000447513763248444,0.000173805708143892,0.000104472756007732,7.37049685799398e-05,-4.12122694667638e-07,1.17635326656077e-05,-1.80179638148644e-05,2.55951396817024e-05
2016/06/27,0.000183786866186406,-0.000237369677080983,7.66141944837167e-05,6.43947966348535e-05,-1.04573635929009e-06,1.2162179329773e-05,-1.80306272386445e-05,2.54909190577129e-05
2016/06/28,0.000376723598679315,-0.000440583387194818,3.04213596992991e-05,5.28858674225824e-05,-1.71281090272953e-06,1.25089735728754e-05,-1.80274283944508e-05,2.53868057590801e-05
2016/06/29,0.00042998816678241,-0.000428907623310703,-2.4286816671782e-05,3.98474520812623e-05,-2.39805597679245e-06,1.28016602773652e-05,-1.80081278532385e-05,2.52828143778147e-05
2016/06/30,0.000105692971793819,-0.00026052804305135,-7.78388285209871e-05,2.59488217490293e-05,-3.08618123328531e-06,1.30379843256929e-05,-1.79724832665462e-05,2.51789565865108e-05
2016/07/03,-0.000204072404448687,-2.3706652728199e-05,-0.000122845947485664,1.18592475640194e-05,-3.76189632401458e-06,1.32156906003088e-05,-1.79202515560581e-05,2.50752433279083e-05
2016/07/04,-0.000336614539185981,0.000183941250516764,-0.000152518357564383,-1.75199933563165e-06,-4.40991090078676e-06,1.33325239836634e-05,-1.78511896434588e-05,2.4971685544747e-05
2016/07/05,-0.000291330717463337,0.000266590931851125,-0.000160066242755715,-1.42156478117878e-05,-5.01493461540834e-06,1.3386229358207e-05,-1.77650544504324e-05,2.48682941797668e-05
2016/07/06,0.000260232828753802,0.000205073030237892,-0.000141233440346657,-2.49719533851664e-05,-5.56167711968575e-06,1.3374613449817e-05,-1.76616643754328e-05,2.47650798090502e-05
2016/07/07,8.42843427219844e-05,0.000122096014940491,-0.000101898400777915,-3.38992782118982e-05,-6.03484806542545e-06,1.32957872009845e-05,-1.75411405668977e-05,2.46620515420494e-05
2016/07/10,-4.79527295688466e-05,4.75666696993322e-05,-5.04732277786212e-05,-4.09855111069671e-05,-6.41915710443394e-06,1.3148150769251e-05,-1.74038930216576e-05,2.45592181215597e-05
2016/07/11,-0.000160478225907221,-2.2197843328538e-05,4.62997492209194e-06,-4.62185408853569e-05,-6.69931388851778e-06,1.29301611550641e-05,-1.72503885794491e-05,2.44565882903758e-05
2016/07/12,-9.72497864187668e-05,-8.69982830618476e-05,5.4999103595092e-05,-4.95862563620518e-05,-6.86002806948326e-06,1.26402753588713e-05,-1.70810940800087e-05,2.43541707912928e-05
2016/07/13,0.000116242859453641,-0.00013110709272242,9.22220545112462e-05,-5.10765463520355e-05,-6.88600929913703e-06,1.22769503811202e-05,-1.6896476363073e-05,2.42519743671056e-05
2016/07/14,2.20017212853109e-05,-0.000137044794121077,0.000109336840461334,-5.06776184547352e-05,-6.76218896591773e-06,1.18391837433336e-05,-1.66970022683787e-05,2.41500077606093e-05
2016/07/17,-3.03287521588487e-05,-9.61462251600908e-05,0.000105552956190827,-4.84529504486926e-05,-6.47797890426256e-06,1.13283937556757e-05,-1.64831386356621e-05,2.40482797145987e-05
2016/07/18,-8.69202167911002e-05,3.47580750107025e-06,8.3014076465277e-05,-4.47623190622588e-05,-6.0373866831188e-06,1.07475740667432e-05,-1.62553523046599e-05,2.39467989718688e-05
2016/07/19,8.51645193509615e-05,0.000137390991406223,4.42348919252779e-05,-4.00394960651265e-05,-5.44827542124819e-06,1.01002390798169e-05,-1.60141101151087e-05,2.38455742752147e-05
2016/07/20,-8.65737650486458e-05,9.11397554867136e-05,-6.0174397495327e-06,-3.47182532269886e-05,-4.71955643879211e-06,9.39095139955728e-06,-1.5759878906745e-05,2.37446143674312e-05
2016/07/21,9.0826918968629e-05,-0.000112405608724151,-5.39658927233467e-05,-2.92323623175379e-05,-3.8604031062368e-06,8.62453568096991e-06,-1.54931255193053e-05,2.36439279913134e-05
2016/07/24,-9.72113780149835e-05,-0.000132705487502622,-8.35809741213134e-05,-2.40155951064671e-05,-2.87998879406859e-06,7.8058165790602e-06,-1.52143167925262e-05,2.35435238896563e-05
2016/07/25,-7.26721488479398e-05,2.64506418290064e-05,-8.22045646980134e-05,-1.94257614252784e-05,-1.78748687277373e-06,6.93961874883359e-06,-1.49239195661443e-05,2.34434108052547e-05
2016/07/26,0.000109080113055891,0.000127165347356223,-5.06640397257528e-05,-1.55168233527109e-05,-5.92070712838531e-07,6.03076684529555e-06,-1.46224006798961e-05,2.33435974809036e-05
2016/07/27,-0.000109977160177923,7.66241158906144e-07,3.22538393459508e-06,-1.22667810293135e-05,6.97086315250785e-07,5.08408552345153e-06,-1.43102269735182e-05,2.32440926593981e-05
2016/07/28,0.000105373677480427,-0.00013428664681853,5.71826175856139e-05,-9.65363459563465e-06,2.07081084100789e-06,4.10439943830696e-06,-1.39878652867471e-05,2.31449050835331e-05
2016/07/31,4.3396926452902e-05,-0.000103521344848451,8.93371589537447e-05,-7.6553841922231e-06,3.51992949394652e-06,3.09653324486731e-06,-1.36557824593194e-05,2.30460434961035e-05
2016/08/01,-8.29576692261827e-05,3.31966157492523e-05,9.39267232974002e-05,-6.25002995962741e-06,5.03526890358037e-06,2.06531159813803e-06,-1.33144453309716e-05,2.29475166399044e-05
2016/08/02,6.94439904020608e-05,0.000151028640633742,6.91748536579238e-05,-5.37434543833361e-06,6.60765569942318e-06,1.01555915312456e-06,-1.29643207414404e-05,2.28493332577307e-05
2016/08/03,-5.80186186298307e-05,7.83693900552518e-05,1.75316194837169e-05,-4.80019776857697e-06,8.22791651098868e-06,-4.78994351676343e-08,-1.26058755304622e-05,2.27515020923773e-05
2016/08/04,5.12718056275735e-05,-0.00011161237551001,-4.10284051476474e-05,-4.25822749053012e-06,9.88687796779057e-06,-1.12023951173311e-06,-1.22395765377737e-05,2.26540318866393e-05
2016/08/07,-5.03619265683022e-05,-0.000112776513221432,-8.21392133512872e-05,-3.47907514436565e-06,1.15753666993426e-05,-2.19663642156641e-06,-1.18658906031113e-05,2.25569313833115e-05
2016/08/08,5.81403570684616e-05,1.62201466563442e-05,-8.71502343337858e-05,-2.19338127025623e-06,1.32842093351584e-05,-3.27226550966208e-06,-1.14852845662116e-05,2.24602093251891e-05
2016/08/09,6.23465421675436e-05,6.13050290640081e-05,-6.01977017877795e-05,-2.0672628818354e-07,1.50042325047518e-05,-4.34230212101469e-06,-1.10982252668112e-05,2.23638744550669e-05
2016/08/10,-7.16087474173254e-05,2.30802573438711e-06,-1.43866521315667e-05,2.37554986263446e-06,1.67262628376364e-05,-5.40192160061877e-06,-1.07051795446467e-05,2.22679355157399e-05
2016/08/11,8.07460116152847e-05,-3.04382863891257e-05,2.59905153901326e-05,5.37316736317068e-06,1.84411269633261e-05,-6.44629929346887e-06,-1.03066142394546e-05,2.21724012500031e-05
2016/08/14,1.71564343853587e-05,7.39160728882557e-06,4.74965617774797e-05,8.60584639439814e-06,2.01396515113344e-05,-7.47061054455954e-06,-9.90299619097141e-06,2.20772804006514e-05
2016/08/15,-3.57790104176541e-05,4.6431368730248e-05,5.00743650113453e-05,1.18933071372897e-05,2.18126631111752e-05,-8.47003069888532e-06,-9.49479223893374e-06,2.19825817104798e-05
2016/08/16,-9.98040011947989e-05,2.59146525604163e-05,3.7381096026263e-05,1.50461550688859e-05,2.34509883923622e-05,-9.43973510144078e-06,-9.08246922307815e-06,2.18883139222834e-05
2016/08/17,-7.83716691920372e-05,-5.45080823512328e-05,1.75011824982109e-05,1.78385368504971e-05,2.5045453984409e-05,-1.03748990972205e-05,-8.66649398314118e-06,2.1794485778857e-05
2016/08/18,0.000102383341993112,-0.000120639491546585,-3.74133711471623e-07,2.00354844395011e-05,2.65868865168294e-05,-1.12706980312189e-05,-8.2473333588594e-06,2.17011060229956e-05
2016/08/21,-0.000100301434177741,7.86667308095145e-06,-9.21752254471787e-06,2.1402029793276e-05,2.80661126191371e-05,-1.21223072484306e-05,-7.82545418996936e-06,2.16081833974942e-05
2016/08/22,9.64435820770485e-05,0.000161129466175388,-1.06573011565521e-05,2.17032048691996e-05,2.94739589208458e-05,-1.29249020938503e-05,-7.40132331620761e-06,2.15157266451477e-05
2016/08/23,-9.18449295032515e-05,5.40426375618218e-05,-8.24400862933191e-06,2.07624343115884e-05,3.07998766360762e-05,-1.36736579124723e-05,-6.97540757731071e-06,2.14237445087512e-05
2016/08/24,-8.58621406328225e-05,-0.000131271687823961,-4.56142454165881e-06,1.8638929265147e-05,3.20255995647419e-05,-1.43637500492913e-05,-6.54817381301522e-06,2.13322457310996e-05
2016/08/25,8.57185825926069e-05,-0.000185944519599646,-1.95163859619493e-06,1.54606977419179e-05,3.31210819109642e-05,-1.49903538493018e-05,-6.12008886305771e-06,2.12412390549879e-05
2016/08/28,-8.65842820945309e-05,-0.000126820530707517,-2.17104137387417e-06,1.13754751059494e-05,3.40478974467843e-05,-1.55486446574983e-05,-5.69161956717471e-06,2.11507332232109e-05
2016/08/29,5.7639578878294e-05,-0.000118020119384056,-4.63322696871641e-06,6.57792557085191e-06,3.47660787743814e-05,-1.60337978188755e-05,-5.26323276510278e-06,2.10607369785638e-05
2016/08/30,9.77372282036374e-05,-8.62340533117378e-05,-8.16609035301336e-06,1.27406027016146e-06,3.5235658495935e-05,-1.64409886784278e-05,-4.8353952965785e-06,2.09712590638415e-05
2016/08/31,-7.54291157745366e-05,4.20292982886693e-05,-1.15975264990565e-05,-4.33010966258616e-06,3.54171248565167e-05,-1.67658560926595e-05,-4.40856613272084e-06,2.08823082218389e-05
2016/09/01,-0.000116285401782709,0.000169873470395891,-1.37554303791375e-05,-1.0028573093855e-05,3.52734726704181e-05,-1.70065769617653e-05,-3.9831727701785e-06,2.0793893195351e-05
2016/09/04,0.000125181934173047,0.000156155045384845,-1.36391628797654e-05,-1.56153188901092e-05,3.47708883854299e-05,-1.71645411659297e-05,-3.55962135910928e-06,2.07060227271728e-05
2016/09/05,-0.000131725984353857,1.18893100635378e-05,-1.09339485443192e-05,-2.08843359178129e-05,3.38762424469943e-05,-1.72418764944821e-05,-3.13826413817759e-06,2.06187055600992e-05
2016/09/06,0.000134772435214374,-8.69660293523327e-05,-5.49647783039559e-06,-2.56296130434303e-05,3.25564053005535e-05,-1.72407357974166e-05,-2.71942828538334e-06,2.05319504369253e-05
2016/09/07,0.000118783262385808,-0.000116083635449363,2.80771464688687e-06,-2.96362949759032e-05,3.07782473915499e-05,-1.71633182558918e-05,-2.30339464756184e-06,2.04457661004459e-05
2016/09/08,-0.000131811542081328,-8.04973481439999e-05,1.32185076186612e-05,-3.26541497940851e-05,2.85086391654256e-05,-1.70118346338576e-05,-1.89043248875721e-06,2.03601612934561e-05
2016/09/11,0.000128326597647901,5.15883212351563e-06,2.15300955638996e-05,-3.44241014193072e-05,2.5714451067623e-05,-1.67884956952638e-05,-1.48081107301357e-06,2.02751447587508e-05
2016/09/12,-0.000125540987541473,5.7322133091184e-05,2.27130120628082e-05,-3.47338193601932e-05,2.23737500059833e-05,-1.64955122040601e-05,-1.07479966437502e-06,2.0190725239125e-05
2016/09/13,4.31634554184694e-05,1.96748478430577e-05,1.31900114441048e-05,-3.35612371782404e-05,1.85126704416475e-05,-1.61350949241965e-05,-6.72667526885723e-07,2.01069114773736e-05
2016/09/14,0.000126296119198152,-2.80511104541706e-05,-5.34050584284814e-06,-3.09467375388225e-05,1.41842468147396e-05,-1.57094546196227e-05,-2.74683924589779e-07,2.00237122162917e-05
2016/09/15,-5.65494221307576e-05,-6.70254206626691e-06,-2.8990398849167e-05,-2.6945020555292e-05,9.45583101336219e-06,-1.52208020542885e-05,1.18881878468694e-07,1.99411361986742e-05
2016/09/18,-0.000137768534113573,2.70200388598551e-05,-4.98120913301729e-05,-2.1616278791513e-05,4.40026737612979e-06,-1.46713479921438e-05,5.07760618245557e-07,1.9859192167316e-05
2016/09/19,0.000146936946869414,3.02908818257054e-06,-5.90333406444403e-05,-1.50214337485346e-05,-9.08870821158385e-07,-1.40633031971383e-05,8.91683030696687e-07,1.97778888650122e-05
2016/09/20,5.95852139951629e-05,-5.45381967784397e-05,-5.61619781469341e-05,-7.27008674829568e-06,-6.39801030270313e-06,-1.33988784332219e-05,1.27037985177797e-06,1.96972350345577e-05
2016/09/21,-0.000166198405550298,-8.15364278253234e-05,-4.2728446936745e-05,1.3334416037045e-06,-1.19935777927052e-05,-1.26802844643445e-05,1.64358181744527e-06,1.96172394187474e-05
2016/09/22,0.000172745931901672,-3.30809525082075e-05,-2.08102560708113e-05,1.04361508810768e-05,-1.76220000153654e-05,-1.19097320544557e-05,2.01101966365448e-06,1.95379107603764e-05
2016/09/25,-5.01702374452887e-05,4.93154960924246e-05,5.13210227897752e-06,1.96850406574319e-05,-2.32097036948844e-05,-1.10894319675054e-05,2.37242412636146e-06,1.94592578022396e-05
2016/09/26,-0.000173542395864392,0.000132729130752252,3.00423901619941e-05,2.87271105063808e-05,-2.86831155554632e-05,-1.02215949674435e-05,2.72752594152209e-06,1.9381289287132e-05
2016/09/27,0.000166942269087623,0.000181639261641672,4.88643696276111e-05,3.72093600015341e-05,-3.39686623213023e-05,-9.30843181821978e-06,3.07605584509225e-06,1.93040139578485e-05
2016/09/28,-0.000156043350219796,0.000139224691377009,5.77935218466057e-05,4.47787887165026e-05,-3.89927707166026e-05,-8.35215328378402e-06,3.41774457302782e-06,1.92274405571841e-05
2016/09/29,-5.87063726493861e-05,2.59550643499051e-05,5.80322044753732e-05,5.10823962248973e-05,-4.36818674655649e-05,-7.35497012808603e-06,3.75232286128467e-06,1.91515778279338e-05
2016/10/02,1.30862633790716e-05,-0.00010526737129698,5.1980765040209e-05,5.58209113518333e-05,-4.79623792923899e-05,-6.31909311507566e-06,4.07952144581868e-06,1.90764345128926e-05
2016/10/03,0.00010949478806682,-0.000198754203463662,4.18246340613905e-05,5.89123322276882e-05,-5.17630852205229e-05,-5.24673300870269e-06,4.39907106258572e-06,1.90020193548553e-05
2016/10/04,-1.44615096942743e-05,-0.000216439541575886,2.96955128076905e-05,6.03481932341422e-05,-5.5032571273207e-05,-4.14010057291697e-06,4.71070244754167e-06,1.89283410966171e-05
2016/10/05,-7.9677043481534e-05,-0.000190971073201046,1.74555022859592e-05,6.01616799451574e-05,-5.77610746659675e-05,-3.00140657166832e-06,5.01414633664241e-06,1.88554084809728e-05
2016/10/06,-5.70721006745659e-05,-0.000162163154973478,5.88830245535515e-06,5.83872064645404e-05,-5.99400611441743e-05,-1.83286176890649e-06,5.3091334658438e-06,1.87832302507175e-05
2016/10/09,6.03079470954664e-05,-0.000124654353111206,-4.49198698688578e-06,5.50568945778545e-05,-6.15587041349537e-05,-6.36676928581367e-07,5.59539457110175e-06,1.8711815148646e-05
2016/10/10,4.56929922409019e-05,-6.48593941753811e-05,-1.31712663435279e-05,5.02028660706625e-05,-6.26060433551711e-05,5.84803475096846e-07,5.8726603883721e-06,1.86411719175534e-05
2016/10/11,-5.51678198708371e-05,1.13791944174564e-05,-1.96354359173356e-05,4.38572427285275e-05,-6.30704187014589e-05,1.82853514768424e-06,6.14066165361075e-06,1.85713093002346e-05
2016/10/12,5.78355295492547e-05,6.80746941536565e-05,-2.33703960110728e-05,3.60521463370124e-05,-6.29390288656902e-05,3.09033258997819e-06,6.39912910277356e-06,1.85022360394847e-05
2016/10/13,-6.30758655688248e-05,7.3883853579153e-05,-2.4043026292513e-05,2.68196986816804e-05,-6.2197517249623e-05,4.36445501266067e-06,6.64779347181643e-06,1.84339608780985e-05
2016/10/16,1.45849447072992e-05,3.84226056543961e-05,-2.16700593625355e-05,1.61920215480944e-05,-6.08311796772845e-05,5.64481404868295e-06,6.88638549669521e-06,1.8366492558871e-05
2016/10/17,7.5866294056936e-05,-4.37853934842972e-07,-1.49529490793122e-05,4.2012367218174e-06,-5.88253119727019e-05,6.92532133099621e-06,7.11463591336578e-06,1.82998398245972e-05
2016/10/18,-5.81070880500183e-07,-1.09234499788615e-05,-2.36286498380041e-06,-8.9767538018732e-06,-5.61652099599023e-05,8.19988849255165e-06,7.33227545778402e-06,1.82340114180722e-05
2016/10/19,-8.31870500245825e-05,-4.12482886248184e-06,1.61330317123536e-05,-2.25909271888424e-05,-5.28361694629128e-05,9.46242716630051e-06,7.53903486590582e-06,1.81690160820907e-05
2016/10/20,1.0076543432632e-05,8.95190728889233e-07,3.67403162604629e-05,-3.57464803952409e-05,-4.88234863057608e-05,1.0706848985194e-05,7.73464487368704e-06,1.81048625594479e-05
2016/10/23,7.85088355257776e-05,-1.51375883322753e-05,5.30389122686733e-05,-4.75486103772193e-05,-4.41124563124732e-05,1.19270655821834e-05,7.91883621708357e-06,1.80415595929386e-05
2016/10/24,-7.15797421015203e-05,-2.78696080946125e-05,5.18733643064442e-05,-5.71862582975839e-05,-3.86883753070774e-05,1.31169885902197e-05,8.09133963205127e-06,1.79791159253579e-05
2016/10/25,6.39598454625518e-05,5.0861848405914e-05,2.2988118392222e-05,-6.41821177143941e-05,-3.25377635449705e-05,1.42705296422544e-05,8.25188585454602e-06,1.79175402995007e-05
2016/10/26,-6.04544225971456e-05,3.33028237204067e-05,-2.51207398071846e-05,-6.81345388227523e-05,-2.56552288511624e-05,1.53816003712385e-05,8.40020562052371e-06,1.7856841458162e-05
2016/10/27,6.71671172896885e-05,-0.0001125533307492,-7.33311243636355e-05,-6.86075958477102e-05,-1.80696550207139e-05,1.64441124101233e-05,8.5360296659402e-06,1.77970281441368e-05
2016/10/30,-8.90259479700165e-05,-0.00011409508248218,-0.000100931875642083,-6.50742572633709e-05,-9.90103159963408e-06,1.745197739186e-05,8.65908872675139e-06,1.773810910022e-05
2016/10/31,0.000127344184441653,1.25839590352029e-05,-9.29914682586173e-05,-5.72386940100663e-05,-1.31662932885468e-06,1.83991069493998e-05,8.76911353891312e-06,1.76800930692066e-05
2016/11/01,9.99283400149313e-05,0.000129960264344135,-5.76969138338871e-05,-4.59122644145424e-05,7.50953379250126e-06,1.92794127156939e-05,8.86583483838128e-06,1.76229887938915e-05
2016/11/02,-0.000237482571954699,7.74512347396479e-05,-9.20483241484083e-06,-3.21848104646967e-05,1.64034397653107e-05,2.00868063236936e-05,8.94898336111177e-06,1.75668050170697e-05
2016/11/03,0.000296148743434887,-0.000109843854673156,3.62999280624304e-05,-1.71461741484264e-05,2.51910705904504e-05,2.081519940635e-05,9.01828984306044e-06,1.75115504815363e-05
2016/11/06,-4.07963905357127e-05,-0.000129345955814077,6.03571165981537e-05,-1.88619745362881e-06,3.36984082687973e-05,2.14585035966144e-05,9.07348502018318e-06,1.74572339300861e-05
2016/11/07,-0.000383862851733556,9.35113877827507e-06,5.75237029975127e-05,1.25052776317987e-05,4.17514348012284e-05,2.20106305274379e-05,9.11430217071879e-06,1.74038615632313e-05
2016/11/08,0.000399127888790238,0.000123942597714723,3.45664991412581e-05,2.50523370362621e-05,4.91761321886205e-05,2.24654918317718e-05,9.14048474203786e-06,1.73514294123519e-05
2016/11/09,-0.000391071038789202,-3.04147272209431e-05,2.23617819072533e-06,3.52347783533804e-05,5.57984824318507e-05,2.28169991425673e-05,9.15177872379389e-06,1.72999309665455e-05
2016/11/10,-0.00027338957299491,-9.62059309464674e-05,-2.04080969522725e-05,4.26463270930762e-05,6.14444675317956e-05,2.30590640927757e-05,9.1479301056404e-06,1.72493597149094e-05
2016/11/13,0.000327628547997895,-3.69102160855909e-05,-1.86797972331517e-05,4.70515990723265e-05,6.59400694893323e-05,2.3185598315348e-05,9.12868645315118e-06,1.71997075706205e-05
2016/11/14,-0.000290788612928729,4.13823388134993e-05,-3.80534664302966e-06,4.88987713363274e-05,6.91112703053376e-05,2.31903920255863e-05,9.09392305323051e-06,1.71509601431747e-05
2016/11/15,0.000262122847690162,-3.82155606768426e-06,7.59268412379129e-06,4.87922920503165e-05,7.07986711677022e-05,2.30667497681953e-05,9.04400243930006e-06,1.71031014661477e-05
2016/11/16,-0.000105608747685703,-9.6328371853951e-06,3.28066207169874e-06,4.71934131310006e-05,7.09245901774923e-05,2.28087625398566e-05,8.97940856243085e-06,1.70561155731151e-05
2016/11/17,-0.0002031012101944,2.1710468302719e-05,-2.02323730066907e-05,4.41947573627331e-05,6.9532540794191e-05,2.24156692482737e-05,8.90062537369388e-06,1.70099864976525e-05
2016/11/20,-0.000253554733570823,-2.4321686715993e-06,-4.07934490618594e-05,3.97437002556403e-05,6.67437386860851e-05,2.18936824008453e-05,8.80813682416015e-06,1.69646982733354e-05
2016/11/21,0.000276267637992228,-0.000106199637517798,-4.51905813857177e-05,3.37724853764106e-05,6.26930150323816e-05,2.1250530937487e-05,8.70242686490064e-06,1.69202349337394e-05
2016/11/22,-1.74791326950134e-05,-0.000134864610444241,-2.44159595272617e-05,2.63277098716932e-05,5.75152010122877e-05,2.04939437981149e-05,8.58397944698637e-06,1.68765805124402e-05
2016/11/23,-0.000338674351273125,-0.000123043172299358,2.51200266198461e-05,1.79133852079796e-05,5.13451278050106e-05,1.96316499226446e-05,8.45327852148835e-06,1.68337190430134e-05
2016/11/24,-0.000188449476190701,-0.0001211844462903,8.70494894826878e-05,9.1478764317219e-06,4.43176265897574e-05,1.86713782509921e-05,8.31080803947754e-06,1.67916345590345e-05
2016/11/27,0.000374494491714476,-6.36166484492039e-05,0.000140043755463522,6.49548589372276e-07,3.65675285457353e-05,1.7620857723073e-05,8.15705195202498e-06,1.67503110940791e-05
2016/11/28,-0.000366808820977383,0.000123671655670533,0.000162774150964607,-6.96323327261726e-06,2.82296648521516e-05,1.64878172788033e-05,7.99249421020165e-06,1.67097326817229e-05
2016/11/29,0.000342628141128807,0.000273151558545523,0.000133975740937932,-1.31358426575244e-05,1.94388666882133e-05,1.52799858580988e-05,7.81761876507855e-06,1.66698833555415e-05
2016/11/30,-0.000313873970332484,-9.10101451186812e-05,4.20058404462669e-05,-1.75686072675465e-05,1.03299652331276e-05,1.40050924008752e-05,7.63290956772669e-06,1.66307471491104e-05
2016/12/01,0.000258397163162868,-0.000314926418511666,-8.72453132504355e-05,-2.00255933546111e-05,1.03779166610176e-06,1.26708658470484e-05,7.43885056921706e-06,1.65923080960052e-05
2016/12/04,0.000300103413331287,-6.79026250379585e-05,-0.000213012122057926,-2.02708671706454e-05,-8.30282283365712e-06,1.12850351365343e-05,7.23592572062066e-06,1.65545502298016e-05
2016/12/05,-0.000335903240873737,0.000400007871282103,-0.00027249672819222,-1.80807450711778e-05,-1.75447969833407e-05,9.8553292092486e-06,7.02461897300849e-06,1.65174575840751e-05
2016/12/06,0.000146371033291361,-6.5790591478735e-05,-0.000216291398418548,-1.34800886311958e-05,-2.64862654005312e-05,8.38947700510716e-06,6.80541427745156e-06,1.64810141924014e-05
2016/12/07,0.000478898371078678,-0.000513893724136654,-7.05811573887328e-05,-7.30760931602038e-06,-3.48865572918741e-05,6.89520746402581e-06,6.57879558502085e-06,1.6445204088356e-05
2016/12/08,-0.000554357850230745,-7.83785554914433e-05,0.0001117359452623,-6.15245662088847e-07,-4.2485535912748e-05,5.38024952592036e-06,6.34524684678738e-06,1.64100113055145e-05
2016/12/11,0.000606870335525327,0.000552862494105404,0.000246502517853817,5.53956358056886e-06,-4.90175643049389e-05,3.85233213070662e-06,6.10525201382214e-06,1.63754198774525e-05
2016/12/12,-0.000621304423802561,-2.22035888377425e-05,0.000263933775337732,1.00910610736131e-05,-5.4208686921923e-05,2.31918421830044e-06,5.85929503719612e-06,1.63414138377457e-05
2016/12/13,0.00059486943984349,-0.000461990789114256,0.00018280086815345,1.21842603576011e-05,-5.7801886007183e-05,7.88534728617611e-07,5.60785986798033e-06,1.63079772199696e-05
2016/12/14,-5.62320934369252e-05,-0.000108433913424181,4.80039799836761e-05,1.18693902014683e-05,-5.96700266770176e-05,-7.31887398426058e-07,5.35143045724579e-06,1.62750940576999e-05
2016/12/15,-0.000459134904089627,0.000321344680426786,-7.68828447586945e-05,9.62478239804833e-06,-5.99202439827335e-05,-2.23435322291467e-06,5.09049075606346e-06,1.6242748384512e-05
2016/12/18,-4.41847951981491e-06,0.000130299922886366,-0.000138073725643432,5.98258186465592e-06,-5.87130586010796e-05,-3.71156130397126e-06,4.82552471550437e-06,1.62109242339817e-05
2016/12/19,0.000298272357776051,-0.000233490872640054,-0.000139803131990037,1.47493351860577e-06,-5.62072195040613e-05,-5.15798190546208e-06,4.5570162866395e-06,1.61796056396845e-05
2016/12/20,3.14332504314895e-05,-0.000191564525034371,-0.000101694221348584,-3.34801389510029e-06,-5.25618922923124e-05,-6.56875962464517e-06,4.28544942053986e-06,1.61487766351961e-05
2016/12/21,-0.000184932521817274,9.22862343485751e-05,-4.69045544417218e-05,-7.86527160103268e-06,-4.79393694256383e-05,-7.9391007673668e-06,4.01130806827645e-06,1.61184212540919e-05
2016/12/22,-6.99619577859872e-05,0.000203723276567029,5.24707214755986e-07,-1.14437561933892e-05,-4.249712512855e-05,-9.2642116394733e-06,3.73507618092027e-06,1.60885235299477e-05
2016/12/26,5.22099677693664e-05,8.82909496399761e-05,2.21408827603911e-05,-1.34568077819626e-05,-3.63862101099634e-05,-1.0539298546811e-05,3.45723770954231e-06,1.6059067496339e-05
2016/12/27,0.000137376146126105,-9.05787040072455e-05,2.18452139560625e-05,-1.32817870096113e-05,-2.97536545457287e-05,-1.1759567795226e-05,3.17827660521357e-06,1.60300371868413e-05
2016/12/28,9.63447427747805e-05,-0.000166687851088312,9.39025794708773e-06,-1.05639001093808e-05,-2.27414777506139e-05,-1.29202256905649e-05,2.89867681900508e-06,1.60014166350305e-05
2016/12/29,-0.000151299979292,-8.84759677625213e-05,-5.20906073212908e-06,-6.00084096322014e-06,-1.54905503069004e-05,-1.40164785386738e-05,2.6189223019878e-06,1.59731898744819e-05
2017/01/02,0.000155321199020037,8.78068774947649e-05,-1.49119358836621e-05,-4.7207122592475e-07,-8.14174279686968e-06,-1.5043532645399e-05,2.33949700523276e-06,1.59453409387712e-05
2017/01/03,-0.000150155041537266,9.30285969876707e-05,-1.3790800661951e-05,5.46721527274453e-06,-8.35925802803382e-07,-1.59965943165868e-05,2.06088487981093e-06,1.5917853861474e-05
2017/01/04,-6.66176632865527e-05,1.01775655340316e-05,1.03843134388631e-06,1.13428916592852e-05,6.28603009301711e-06,-1.68708698580835e-05,1.78356987679333e-06,1.5890712676166e-05
2017/01/05,6.5194124729572e-05,-6.12113051463346e-05,2.06101926310524e-05,1.6680831060195e-05,1.30832543083102e-05,-1.76615655757355e-05,1.50803594725095e-06,1.58639014164226e-05
2017/01/08,9.01409020445015e-05,-4.73822436238543e-05,3.42407355929854e-05,2.10069066019716e-05,1.94148762607945e-05,-1.8363887775389e-05,1.2347670422548e-06,1.58374041158196e-05
2017/01/09,-6.81118880065604e-05,5.48008130989206e-05,3.62232461217437e-05,2.38469914111124e-05,2.51400253681883e-05,-1.89730427628903e-05,9.64247112875873e-07,1.58112048079324e-05
2017/01/10,5.22072171255704e-05,5.61960812958752e-05,2.39585257472485e-05,2.48819924781382e-05,3.01178310482103e-05,-1.94842368440856e-05,6.9696011018517e-07,1.57852875263368e-05
2017/01/11,-4.51376604982111e-05,-1.25792934906175e-05,2.3009050522503e-06,2.43974087036796e-05,3.42229662645606e-05,-1.98926763248214e-05,4.33389985253693e-07,1.57596363046082e-05
2017/01/12,4.42998322031902e-05,-6.28783783843797e-05,-2.20319031172929e-05,2.27593708467993e-05,3.74045059865306e-05,-2.01935675109438e-05,1.74020689152432e-07,1.57342351763224e-05
2017/01/15,5.28618874301267e-05,-5.19525255441288e-05,-4.28624385229992e-05,2.02729672808491e-05,3.96725675691223e-05,-2.03821167082993e-05,-8.06638270475915e-08,1.57090681750548e-05
2017/01/16,-6.14732948934391e-05,2.07023304894927e-05,-5.64066702957312e-05,1.72363945588836e-05,4.1044160187635e-05,-2.0453530222734e-05,-3.30179612275409e-07,1.56841193343812e-05
2017/01/17,6.91479686651906e-05,6.91987188999651e-05,-6.03504959296849e-05,1.39180065354575e-05,4.15661357158681e-05,-2.04029920582255e-05,-5.74065017328757e-07,1.5659372687877e-05
2017/01/18,2.03160248552953e-05,9.06099659047134e-06,-5.36233475692235e-05,1.05381922532264e-05,4.12957977222772e-05,-2.02277088031383e-05,-8.11973716917123e-07,1.56348122691179e-05
2017/01/19,-7.6540542558725e-05,-7.3495889407395e-05,-3.91991202036204e-05,7.15873665268148e-06,4.02990014085131e-05,-1.99332898078074e-05,-1.04370825697424e-06,1.56104221116795e-05
2017/01/22,7.61911997984455e-05,-7.89660119033768e-05,-2.08841326004048e-05,3.80177364877257e-06,3.8643739884525e-05,-1.95273677999955e-05,-1.26918571430489e-06,1.55861862491374e-05
2017/01/23,6.92833699150723e-05,-2.79471155450157e-05,-1.69449281349176e-06,4.89437156449669e-07,3.63980062602621e-05,-1.90175534038563e-05,-1.48834526932252e-06,1.55620887150672e-05
2017/01/24,2.99427405548861e-05,4.23458259800569e-05,1.58341549630807e-05,-2.75613890933724e-06,3.36297936456738e-05,-1.84114572435441e-05,-1.70112610244052e-06,1.55381135430444e-05
2017/01/25,-7.01529607261092e-05,9.44266988802952e-05,2.92416095170008e-05,-5.91282063363827e-06,3.04070951507091e-05,-1.77166899432127e-05,-1.9074673940723e-06,1.55142447666447e-05
2017/01/26,7.10288595078849e-05,8.65748140107439e-05,3.66580795378598e-05,-8.95847410150343e-06,2.67979038853175e-05,-1.69408621270162e-05,-2.10730832463126e-06,1.54904664194438e-05
2017/01/29,-7.4934231704169e-05,6.35562404212033e-05,3.85825593535808e-05,-1.18781114287024e-05,2.28702129594482e-05,-1.60915844191084e-05,-2.30058807453083e-06,1.54667625350171e-05
2017/01/30,-4.43219679103034e-05,3.58826900001084e-05,3.61330373168679e-05,-1.46853288538833e-05,1.86920154830503e-05,-1.51764674436435e-05,-2.48724582418442e-06,1.54431171469402e-05
2017/01/31,8.9770458780841e-05,-7.68045306022602e-07,3.04346478111453e-05,-1.74008686464141e-05,1.43313045660733e-05,-1.42031218247754e-05,-2.66722075400543e-06,1.54195142887889e-05
2017/02/01,8.42274716421994e-05,-4.67263546166169e-05,2.2612525219837e-05,-2.00454730756623e-05,9.8560733184663e-06,-1.31791581866581e-05,-2.84045204440727e-06,1.53959379941386e-05
2017/02/02,-0.000106806213414245,-8.91094115383506e-05,1.37918039263669e-05,-2.26398844109958e-05,5.33431485017857e-06,-1.21121871534456e-05,-3.00687887580337e-06,1.5372372296565e-05
2017/02/05,-8.29561180934184e-05,-0.00011424385570698,5.09761831415906e-06,-2.52048449217824e-05,8.34022271159435e-07,-1.10098193492919e-05,-3.16644042860712e-06,1.53488012296436e-05
2017/02/06,0.000117894609651512,-0.000118881774877963,-2.34489723336251e-06,-2.776109687739e-05,-3.57681130864188e-06,-9.87966539835085e-06,-3.31907588323194e-06,1.53252088269502e-05
2017/02/07,7.13805903108188e-05,-0.000101387257130897,-7.52142912068843e-06,-3.03293825471861e-05,-7.83019277927612e-06,-8.72933592477659e-06,-3.46472442009124e-06,1.53015791220602e-05
2017/02/08,-0.000117687360614745,-4.88007320237437e-05,-9.86094690396788e-06,-3.29304442005387e-05,-1.1858129030794e-05,-7.56644155272307e-06,-3.60332521959842e-06,1.52778961485492e-05
2017/02/09,2.61948909317916e-05,4.01150188754736e-05,-8.90324092726468e-06,-3.55850241068156e-05,-1.55926269532464e-05,-6.39859290634426e-06,-3.73481746216691e-06,1.5254143939993e-05
2017/02/12,0.000104726869141036,0.000107859418029816,-4.18810153464267e-06,-3.83138645353844e-05,-1.89656934366839e-05,-5.23340060979416e-06,-3.85914032821011e-06,1.52303065299669e-05
2017/02/13,-9.40697589448583e-05,0.000101205356812456,4.39659558629043e-06,-4.11011284431328e-05,-2.19093353711573e-05,-4.07847528722675e-06,-3.97623299814142e-06,1.52063679520468e-05
2017/02/14,-1.65843287136392e-05,4.28772977826876e-05,1.55706333737507e-05,-4.3784661537028e-05,-2.43555596467173e-05,-2.94142756279603e-06,-4.08603465237428e-06,1.51823122398081e-05
2017/02/15,6.82310175775161e-05,-2.49627802908669e-05,2.77057094224102e-05,-4.61657302115568e-05,-2.62363731534147e-05,-1.82986806065598e-06,-4.18848447132208e-06,1.51581234268264e-05
2017/02/16,1.36153468445266e-05,-6.67676127874497e-05,3.9173521326941e-05,-4.80456008612061e-05,-2.74837827813002e-05,-7.5140740496057e-07,-4.28352163539823e-06,1.51337855466775e-05
2017/02/19,-4.33932263799592e-05,-7.39891542690893e-05,4.84065309663502e-05,-4.92255398804629e-05,-2.80299336592697e-05,2.86482018981304e-07,-4.37108532501614e-06,1.51092826329367e-05
2017/02/20,3.35398756776776e-05,-4.11863020831035e-05,5.37879366171045e-05,-4.94999348804172e-05,-2.78154386354672e-05,1.27791676171193e-06,-4.45111472058923e-06,1.50845987191799e-05
2017/02/21,-2.61446865588243e-05,2.78951695864933e-05,5.25924178804849e-05,-4.86189338112554e-05,-2.68294323796674e-05,2.22129553450091e-06,-4.52354900253091e-06,1.50597178389824e-05
2017/02/22,-1.9311210276121e-05,5.5193079974736e-05,4.18759820686981e-05,-4.633120222675e-05,-2.51372163893356e-05,3.11605302908843e-06,-4.58832735125458e-06,1.503462402592e-05
2017/02/23,2.20547994082903e-05,1.87495270120305e-05,1.99092933879924e-05,-4.2657859138332e-05,-2.28262325075023e-05,3.96162393721466e-06,-4.64538894717367e-06,1.50093013135683e-05
2017/02/26,-2.7090035501619e-05,-5.49508550029306e-05,-1.1283083141305e-05,-3.76923180536758e-05,-1.99852765317606e-05,4.75744295061978e-06,-4.69467297070156e-06,1.49837337355028e-05
2017/02/27,2.28925873094848e-06,-5.68271766889496e-05,-4.87565194080489e-05,-3.15279924804561e-05,-1.67031442597033e-05,5.50294476104396e-06,-4.73611860225169e-06,1.49579053252992e-05
2017/02/28,4.93084641585712e-05,6.92260264660453e-06,-8.783007328045e-05,-2.42582959263474e-05,-1.30686314889233e-05,6.19756406022738e-06,-4.76966502223746e-06,1.4931800116533e-05
2017/03/01,4.98096458373287e-05,7.17050420827856e-05,-0.000116877546544142,-1.59766418990243e-05,-9.17053401701348e-06,6.84073553991021e-06,-4.79525141107229e-06,1.49054021427798e-05
2017/03/02,-8.35623062468182e-05,6.53714627076709e-05,-0.000122675653428845,-6.8558990810132e-06,-5.09764764156681e-06,7.43189389183265e-06,-4.81281694916957e-06,1.48786954376153e-05
2017/03/05,0.000105819035341007,-5.82270783328919e-05,-9.51815885574901e-05,2.61324314575189e-06,-9.38768160176195e-07,7.97047380773486e-06,-4.82230081694273e-06,1.4851664034615e-05
2017/03/06,8.0185449060742e-05,-8.55144082684035e-05,-3.71464965538575e-05,1.18606402244849e-05,3.21730862956549e-06,8.45590997935701e-06,-4.8236438230309e-06,1.48242935955803e-05
2017/03/07,-0.00014768365976772,5.84798661378419e-06,3.53995611663605e-05,2.03161475983998e-05,7.28178693006538e-06,8.88763709843928e-06,-4.81679328897613e-06,1.47965762952154e-05
2017/03/08,0.00015563525128999,7.3245523028845e-05,9.62115351413967e-05,2.74096207107106e-05,1.11658709437305e-05,9.26508985672185e-06,-4.80169816454621e-06,1.47685059364502e-05
2017/03/09,-0.000150029854081017,-3.49888684259185e-05,0.000121626116598435,3.25709150046314e-05,1.47807648729678e-05,9.58770294594491e-06,-4.77830739950892e-06,1.47400763222148e-05
2017/03/12,-0.000148994734178204,-6.02808048227334e-05,0.000106230403514707,3.53610045762472e-05,1.80376729201847e-05,9.85491105784862e-06,-4.74657093713895e-06,1.47112822489461e-05
2017/03/13,0.000108980150325836,4.88117520101968e-05,5.48975154318634e-05,3.58653381331271e-05,2.08477992877881e-05,1.00661488841732e-05,-4.70644269473861e-06,1.46821224871084e-05
2017/03/14,-8.38377950091969e-05,6.74655159824244e-05,-5.77098846494995e-06,3.4294144844753e-05,2.31286863691436e-05,1.02208511166587e-05,-4.65787758311709e-06,1.46525968006733e-05
2017/03/15,6.29454085800903e-05,-5.08453101495203e-05,-5.52552914714485e-05,3.08221361544983e-05,2.4833394283725e-05,1.03184524470454e-05,-4.60083051308363e-06,1.4622704953612e-05
2017/03/16,-5.05140947404546e-05,-8.28014199747314e-05,-7.72094910427291e-05,2.5577025465684e-05,2.59619811910589e-05,1.03583875670735e-05,-4.53525639544742e-06,1.45924467098961e-05
2017/03/19,4.76227150497464e-05,-7.39144002567438e-05,-6.14840466075909e-05,1.87812695746505e-05,2.65246702129453e-05,1.03400911684831e-05,-4.46111014101767e-06,1.45618218334969e-05
2017/03/20,-5.19142498310414e-05,2.33956300018875e-05,-2.1541852334579e-05,1.1076958698911e-05,2.65310029553568e-05,1.02637462215004e-05,-4.37841342326192e-06,1.45308300883858e-05
2017/03/21,5.92872540374444e-05,7.6332844558236e-05,2.32510889228247e-05,3.21109141127215e-06,2.59877949609555e-05,1.0132528810295e-05,-4.28745496628088e-06,1.44994712385342e-05
2017/03/22,-6.63505936589588e-05,-2.26336095977979e-05,5.50893013983224e-05,-4.06933371545959e-06,2.49011802565759e-05,9.95036329752269e-06,-4.18859025683362e-06,1.44677450479134e-05
2017/03/23,1.61103573457662e-05,-5.52925678547972e-05,6.2517546543443e-05,-1.01254469775695e-05,2.32772928690524e-05,9.72117404583902e-06,-4.08217478167918e-06,1.4435651280495e-05
2017/03/26,7.59879987557999e-05,-7.36664238789547e-06,4.05550538967784e-05,-1.47508941477098e-05,2.11222668252195e-05,9.44888541789971e-06,-3.96856402757661e-06,1.44031897002503e-05
2017/03/27,-7.94389277250827e-05,3.77525438600085e-05,2.25488396005951e-06,-1.78474498676247e-05,1.84422361519118e-05,9.1374217763604e-06,-3.84811348128494e-06,1.43703600711507e-05
2017/03/28,4.03413144120088e-05,9.40158381020982e-06,-3.54658826828986e-05,-1.93168887790584e-05,1.52433348759636e-05,8.79070748387674e-06,-3.72117862956324e-06,1.43371621571676e-05
2017/03/29,8.65924581307147e-05,-2.75132562134819e-05,-5.81597872139928e-05,-1.90618819226365e-05,1.15325934230912e-05,8.41266690310439e-06,-3.58811495917055e-06,1.43035957222724e-05
2017/03/30,-5.03489109784593e-05,-7.56546571116037e-06,-5.60392991712865e-05,-1.70085666937353e-05,7.34050857376092e-06,8.00722439669903e-06,-3.44927795686592e-06,1.42696605304365e-05
2017/04/02,-9.55846591146715e-05,2.19832870655233e-05,-3.53862027446031e-05,-1.32679567262851e-05,2.78167633979835e-06,7.57830432731628e-06,-3.3050231094084e-06,1.42353563456312e-05
2017/04/03,7.54496755891428e-05,3.07080102867276e-06,-6.19916094313499e-06,-8.38877362454258e-06,-1.9947073254258e-06,7.12983105761182e-06,-3.15570590355702e-06,1.42006829318281e-05
2017/04/04,0.000103906338118057,-2.89201120227178e-05,2.07240495591144e-05,-3.03097666349443e-06,-6.828985805006e-06,6.66572895024131e-06,-3.00168182607084e-06,1.41656400529984e-05
2017/04/05,-0.000105797624331576,-1.24840631831272e-05,3.50169828087089e-05,2.11835141005461e-06,-1.15343790102187e-05,6.1899223678604e-06,-2.84330636370891e-06,1.41302274731137e-05
2017/04/06,0.000104807901328681,5.48222161236919e-05,3.71988955435435e-05,6.37374084460529e-06,-1.59257198476458e-05,5.70633567312475e-06,-2.68093500323027e-06,1.40944449561452e-05
2017/04/09,-0.00010032485797847,6.78463261309778e-05,3.05499904908873e-05,9.19128575974758e-06,-1.98514166769094e-05,5.21889322869e-06,-2.51492323139397e-06,1.40582922660644e-05
2017/04/10,-9.73824328824725e-05,2.59564899059343e-05,1.82600751807718e-05,1.04763179026524e-05,-2.31771618130159e-05,4.73151939721183e-06,-2.34562653495906e-06,1.40217691668427e-05
2017/04/11,-6.68203176376096e-05,-4.5000530853907e-05,4.77720262501577e-06,1.02941815724463e-05,-2.58206717048782e-05,4.24813854134589e-06,-2.17340040068458e-06,1.39848754224514e-05
2017/04/12,7.04276040561021e-05,-0.000104547983950631,-5.10901568960284e-06,8.78496622201385e-06,-2.77744079551672e-05,3.77267502374784e-06,-1.99860031532959e-06,1.39476107968621e-05
2017/04/16,-1.46677738698324e-05,-0.000106788308436939,-7.32295441657321e-06,6.10522506964773e-06,-2.90472959319622e-05,3.30905320707332e-06,-1.82158176565313e-06,1.3909975054046e-05
2017/04/17,-4.51614536865439e-05,-6.22535572515883e-05,-1.70916261151381e-06,2.5026750213419e-06,-2.96482610033422e-05,2.86119745397802e-06,-1.64270023841425e-06,1.38719679579746e-05
2017/04/18,-1.55964857580248e-05,-5.527176750715e-06,6.91690516544443e-06,-1.41031226610518e-06,-2.95859367865535e-05,2.43274037628454e-06,-1.46231122037199e-06,1.38335892726192e-05
2017/04/19,2.37244670765667e-05,3.9927021662666e-05,1.26755645131094e-05,-4.93020144819392e-06,-2.88673697132431e-05,2.02572740021644e-06,-1.2807701982854e-06,1.37948387619514e-05
2017/04/20,-1.64985936434603e-05,5.77676432218531e-05,9.82010399489383e-06,-7.48643014502972e-06,-2.74976337351573e-05,1.64023147209653e-06,-1.09843265891354e-06,1.37557161899424e-05
2017/04/23,1.27620618803061e-05,4.91301157050234e-05,-5.03129172848014e-06,-9.03256734529853e-06,-2.5489143111615e-05,1.27590535598066e-06,-9.15654089015432e-07,1.37162213205636e-05
2017/04/24,-1.38757107321159e-05,3.55653653371384e-05,-2.77954480761284e-05,-9.61790810647039e-06,-2.28915589977557e-05,9.3240181592467e-07,-7.32789975350144e-07,1.36763539177866e-05
2017/04/25,2.19894078572277e-05,3.59690293571635e-05,-5.25561862282773e-05,-9.25950708250249e-06,-1.97867829522322e-05,6.09373615984427e-07,-5.50195804676722e-07,1.36361137455826e-05
2017/04/26,-3.96784595765761e-05,1.6982484401575e-05,-7.33973273651536e-05,-7.96957331960569e-06,-1.62615621414432e-05,3.06473520215769e-07,-3.68227063754206e-07,1.3595500567923e-05
2017/04/27,6.86953517515826e-05,6.40218487874681e-06,-8.44026926669837e-05,-5.7606556961701e-06,-1.24023038996085e-05,2.33542926745883e-08,-1.87239239341645e-07,1.35545141487794e-05
2017/04/30,-0.000108328310179775,1.42158098300825e-05,-7.67680583304648e-05,-2.70119935451822e-06,-8.29541556094755e-06,-2.40331302583308e-07,-7.58781819809327e-09,1.3513154252123e-05
2017/05/01,0.000154438766885729,-7.05116009289462e-05,-3.60925760936016e-05,9.16765507297744e-07,-4.02730445968005e-06,-4.84930501502031e-07,1.70371712917409e-07,1.34714206419252e-05
2017/05/02,2.89406802090009e-05,-8.57585415470108e-05,2.94455313454918e-05,4.74531242729325e-06,3.15622069974397e-07,-7.10790540025746e-07,3.46283867245818e-07,1.34293130821575e-05
2017/05/03,-0.000238092067444748,4.63383330809848e-06,9.83390841887823e-05,8.43651494348374e-06,4.64695669379614e-06,-9.18258654098591e-07,5.19793158028072e-07,1.33868313367913e-05
2017/05/04,0.00026097639442358,0.000123891192476168,0.000144260706769337,1.16424465938847e-05,8.88029207756558e-06,-1.10768207966472e-06,6.90544098505139e-07,1.33439751697979e-05
2017/05/07,-0.00026523874838573,7.19090111173716e-05,0.000146935356280873,1.40151809165114e-05,1.29292208870631e-05,-1.27940805266826e-06,8.58181201917969e-07,1.33007443451488e-05
2017/05/08,-0.000152376770124267,3.91871427466374e-06,0.000113385113381615,1.52943012544221e-05,1.6707335788069e-05,-1.43378380905338e-06,1.02234898150751e-06,1.32571386268153e-05
2017/05/09,-5.46890650199699e-05,-2.64077478637787e-05,5.71281778270068e-05,1.55694301708455e-05,2.01282294463637e-05,-1.57115658476422e-06,1.18269195051471e-06,1.32131577787688e-05
2017/05/10,3.71055004565257e-06,-2.01994954935112e-05,-8.40476043255038e-06,1.50088346382401e-05,2.31143599235404e-05,-1.69187361574491e-06,1.33885462218053e-06,1.31688015649809e-05
2017/05/11,2.28200078089089e-05,6.80717132866364e-06,-6.9387801511404e-05,1.37389419175041e-05,2.56300249927528e-05,-1.79630472631053e-06,1.49050409811684e-06,1.31240697494227e-05
2017/05/14,0.000126719328659095,-4.26468995595184e-06,-0.000113017985951116,1.18518013604846e-05,2.76739003362055e-05,-1.88491009425983e-06,1.6373978334192e-06,1.30789620960658e-05
2017/05/15,-0.000102166824762438,-3.80139146328238e-05,-0.000136512265030878,9.42941788150639e-06,2.92547060736256e-05,-1.9581724857625e-06,1.77931587155411e-06,1.30334783688816e-05
2017/05/16,8.99052296955651e-05,2.26485802972221e-05,-0.000140038831224011,6.53913115804232e-06,3.03958275615919e-05,-2.0165746669882e-06,1.91603825598802e-06,1.29876183318414e-05
2017/05/17,-1.3471855137017e-05,0.000165215700382069,-0.000125167042494744,3.2559359456365e-06,3.11243164658964e-05,-2.06062534970702e-06,2.04737097578785e-06,1.29413817489166e-05
2017/05/18,-0.000109092890443963,0.00013966330223833,-9.3859003382351e-05,-2.99887451029964e-07,3.14672244523308e-05,-2.0909370280906e-06,2.17322380242204e-06,1.28947683840787e-05
2017/05/21,0.000139109728369728,-0.000119677181200684,-4.93995355061586e-05,-3.99673733999181e-06,3.1451603186687e-05,-2.10814814191103e-06,2.29353245295949e-06,1.2847778001299e-05
2017/05/22,9.29202821077795e-05,-0.000190730178957108,-3.19043256577609e-07,-7.70301202928373e-06,3.11044748451517e-05,-2.11288959108235e-06,2.40825459421631e-06,1.28004103645489e-05
2017/05/23,-0.000220659114727498,-2.07027332970132e-05,4.42858643824881e-05,-1.12871098269405e-05,3.04527436454903e-05,-2.10576211608636e-06,2.51743569199763e-06,1.27526652377999e-05
2017/05/24,0.000259733230536232,0.000231450918999975,7.82993428242423e-05,-1.46174290409967e-05,2.95232843158627e-05,-2.08735891754687e-06,2.62114316185584e-06,1.27045423850233e-05
2017/05/25,-0.000283122896457557,0.000216851340624769,9.69617737344042e-05,-1.75623679794872e-05,2.83429715844292e-05,-2.05827319608768e-06,2.71944441934332e-06,1.26560415701905e-05
2017/05/28,-0.000311417246098216,2.21707856869183e-05,9.91353562006496e-05,-2.00186690572304e-05,2.69386801793498e-05,-2.01909815233258e-06,2.81240688001244e-06,1.26071625572729e-05
2017/05/29,2.78867095907472e-05,-0.000167750624084395,8.90040316999026e-05,-2.19964511161799e-05,2.53372848287846e-05,-1.97042698690537e-06,2.90009795941559e-06,1.2557905110242e-05
2017/05/30,0.000317177028618869,-0.000274423734191814,7.19294185180898e-05,-2.35341771050731e-05,2.35656602608938e-05,-1.91285290042983e-06,2.98258507310515e-06,1.25082689930691e-05
2017/05/31,0.000310894091915501,-0.000267709525058043,5.27488649973179e-05,-2.46703099726473e-05,2.16506812038373e-05,-1.84696909352979e-06,3.0599356366335e-06,1.24582539697256e-05
2017/06/01,0.000179306046111925,-0.000193751617641792,3.38112680929444e-05,-2.54433126676399e-05,1.96192223857754e-05,-1.773368766829e-06,3.13221706555303e-06,1.2407859804183e-05
2017/06/04,-0.000169353607846382,-7.30783007308908e-05,1.5375768370621e-05,-2.58916481387883e-05,1.7498158534868e-05,-1.69264512095129e-06,3.1994967754161e-06,1.23570862604126e-05
2017/06/05,-0.000218182291152564,8.10307191323496e-05,-2.68986521547213e-06,-2.60537793348298e-05,1.53143643792754e-05,-1.60539135652044e-06,3.26184218177511e-06,1.23059331023858e-05
2017/06/06,0.000182517683561491,0.000189588277991593,-2.05178637111549e-05,-2.59676932517918e-05,1.30942386944476e-05,-1.51220067416024e-06,3.31932070018244e-06,1.2254400094074e-05
2017/06/07,-0.000148057843441797,6.46422882589572e-05,-3.7881167832032e-05,-2.56679873711884e-05,1.08607907413214e-05,-1.4136662744945e-06,3.37199974619045e-06,1.22024869994486e-05
2017/06/08,0.000118280970966272,-0.000138143067179536,-5.31155569728476e-05,-2.51819571523463e-05,8.62972775864627e-06,-1.310381358147e-06,3.41994561734516e-06,1.21501947004874e-05
2017/06/11,6.1350629141465e-05,-9.09442409502466e-05,-6.38239809964205e-05,-2.45315381099228e-05,6.41139704050228e-06,-1.20293912574155e-06,3.46322013916697e-06,1.20975285511938e-05
2017/06/12,-7.96469558369108e-05,5.93990043525434e-05,-6.61152329587292e-05,-2.37358968478509e-05,4.21337697024515e-06,-1.09193277790192e-06,3.50188401916992e-06,1.20444950235775e-05
2017/06/13,7.13246163214258e-05,8.85214173369476e-05,-5.57346943725969e-05,-2.2801648015765e-05,2.04082163548699e-06,-9.77955515251928e-07,3.53599796486805e-06,1.19911005896482e-05
2017/06/14,-2.66219235643689e-05,-1.72227599789377e-06,-3.05421817348282e-05,-2.16940852503381e-05,-1.01925254901016e-07,-8.61600538415367e-07,3.56562268377536e-06,1.19373517214158e-05
2017/06/15,-7.1645574015694e-05,-8.1219673387842e-05,3.29666340017323e-06,-2.03672160885997e-05,-2.21167843313636e-06,-7.43461048016024e-07,3.59081888340591e-06,1.18832548908899e-05
2017/06/18,-4.50071863026106e-05,-4.32762571743929e-05,3.76185601285256e-05,-1.87747760546402e-05,-4.28552464437559e-06,-6.24130244677694e-07,3.61164727127372e-06,1.18288165700804e-05
2017/06/19,4.31350720365806e-06,4.84047149174223e-05,6.45653675474793e-05,-1.68705710618826e-05,-6.32048024444254e-06,-5.04201329024181e-07,3.62816855489282e-06,1.17740432309968e-05
2017/06/20,8.73002871979594e-05,8.75205413166888e-05,7.63552297545676e-05,-1.4609472164268e-05,-8.31249644864291e-06,-3.8426750167927e-07,3.64044220455803e-06,1.17189425828684e-05
2017/06/21,-8.99006612327794e-05,1.58624853976049e-05,6.75419005779198e-05,-1.19664079837477e-05,-1.0253334299542e-05,-2.64921963266754e-07,3.64852274168732e-06,1.16635272838007e-05
2017/06/22,5.70486610729148e-06,-5.9026146443963e-05,4.20215727680491e-05,-8.98082426653598e-06,-1.21337072965202e-05,-1.46757914410446e-07,3.65246345047946e-06,1.16078112291188e-05
2017/06/25,6.94184748737499e-05,-8.74682351004528e-05,6.02604880606449e-06,-5.70803415411688e-06,-1.39443289389578e-05,-3.03685557341224e-08,3.6523176151332e-06,1.15518083141479e-05
2017/06/26,8.32112844931848e-05,-4.47940100663606e-05,-3.36888777767732e-05,-2.20335078797433e-06,-1.56759127262351e-05,8.36529121384183e-08,3.64813851984732e-06,1.14955324342128e-05
2017/06/27,-5.60392443015409e-05,5.42256601419989e-05,-6.82714492485963e-05,1.4779126904077e-06,-1.73191721577324e-05,1.94713288583379e-07,3.63997944882056e-06,1.14389974846386e-05
2017/06/28,-7.36081658802564e-05,7.78261227159218e-05,-8.8345916827385e-05,5.28044313954526e-06,-1.886482073283e-05,3.02219372976969e-07,3.6278936862517e-06,1.13822173607503e-05
2017/06/29,-1.69435238055529e-05,1.01959405100743e-05,-8.65689805792126e-05,9.1292837068629e-06,-2.03035719509082e-05,4.0557796469538e-07,3.6119345163395e-06,1.13252059578729e-05
2017/07/02,6.74734168672763e-05,-6.86955239381456e-05,-6.37271359625226e-05,1.28709026954194e-05,-2.16261393113475e-05,5.04195863114827e-07,3.59215522328271e-06,1.12679771713314e-05
2017/07/03,-6.72834662832069e-05,-5.53616268590617e-05,-2.43276913983431e-05,1.6332124697182e-05,-2.2823236313528e-05,5.97479867611522e-07,3.56860909128011e-06,1.1210544896451e-05
2017/07/04,6.89010758082163e-05,4.58367758848448e-05,2.03685882343303e-05,1.9339774304118e-05,-2.388557645683e-05,6.84836777561654e-07,3.54134940453044e-06,1.11529230285565e-05
2017/07/05,-7.11781874257311e-05,5.11867623918846e-05,5.74125739420103e-05,2.17206761081947e-05,-2.4803873240634e-05,7.65665205310979e-07,3.51043763426294e-06,1.1095125462973e-05
2017/07/06,7.2747579859537e-05,-2.87506335358989e-05,7.58703025355871e-05,2.33016547013794e-05,-2.55688401643202e-05,8.39331015083439e-07,3.47596799982863e-06,1.10371660950255e-05
2017/07/09,-7.27550485036728e-05,-3.91307120238912e-05,7.28206713307172e-05,2.39573373883847e-05,-2.61711907272689e-05,9.05191404385329e-07,3.43804338729618e-06,1.0979058820039e-05
2017/07/10,6.27653131033943e-05,1.07889461225425e-05,4.97474380369038e-05,2.37544871230919e-05,-2.66025632270483e-05,9.62601651974299e-07,3.3967686014829e-06,1.09208175333386e-05
2017/07/11,6.80812520400683e-05,2.90595767354403e-05,1.76324044276325e-05,2.28137752737787e-05,-2.68607016628773e-05,1.01091655692082e-06,3.3522489268933e-06,1.08624561302493e-05
2017/07/12,-6.416321617808e-05,3.31899110740948e-06,-1.31622697557531e-05,2.1266424042507e-05,-2.69539008677591e-05,1.04949233249905e-06,3.30458823382818e-06,1.0803988506096e-05
2017/07/13,5.98267583934097e-05,-1.90541582617393e-05,-3.34099898861841e-05,1.92460621402381e-05,-2.68930110617143e-05,1.07783972691562e-06,3.25388473577362e-06,1.07454285562039e-05
2017/07/16,-5.55824433096661e-05,-1.12361578798148e-05,-3.65815901953524e-05,1.6886318277933e-05,-2.66894800723138e-05,1.09606851013166e-06,3.20023523201201e-06,1.06867901758978e-05
2017/07/17,1.26947108924274e-05,4.52239959812497e-06,-2.6582922374933e-05,1.43239133206945e-05,-2.63549129855661e-05,1.10444571054536e-06,3.14373652182574e-06,1.06280872605029e-05
2017/07/18,4.9405493571348e-05,8.04555337976827e-06,-9.9401880596264e-06,1.17079367501901e-05,-2.59009169825589e-05,1.10324045163473e-06,3.0844854044972e-06,1.05693337053442e-05
2017/07/19,-1.52840648390402e-05,-8.43959344184393e-06,6.67102131121492e-06,9.19057020222888e-06,-2.53390992443805e-05,1.0927218568778e-06,3.02257867930878e-06,1.05105434057466e-05
2017/07/20,-4.96267615531583e-05,-1.7085602940578e-05,1.59899236961951e-05,6.92399531261985e-06,-2.46810669521189e-05,1.07315904975257e-06,2.95811314554286e-06,1.04517302570352e-05
2017/07/23,5.32227689441823e-05,9.47022775897493e-06,1.30171912981151e-05,5.01326975080771e-06,-2.3938427286862e-05,1.04482115373706e-06,2.89118560248185e-06,1.0392908154535e-05
2017/07/24,-5.92969992229209e-05,4.42471139492431e-05,2.38450389860593e-06,3.37495532077977e-06,-2.3122787429698e-05,1.00797729230929e-06,2.82189284940813e-06,1.0334090993571e-05
2017/07/25,7.01844294967596e-05,1.31743011364008e-05,-9.30841649555853e-06,1.87848986015905e-06,-2.22457545617149e-05,9.62896588947282e-07,2.75033168560408e-06,1.02752926694683e-05
2017/07/26,7.62040013072278e-05,-5.38012252940157e-05,-1.72206865558634e-05,3.93311206568553e-07,-2.13189358640006e-05,9.09848167129029e-07,2.67659891035211e-06,1.02165270775518e-05
2017/07/27,-8.49623111324217e-05,-8.81279008432584e-05,-1.69511326233586e-05,-1.21114280236872e-06,-2.03539385176434e-05,8.49101150332572e-07,2.6007913229346e-06,1.01578081131466e-05
2017/07/30,-7.9706979532311e-06,-5.01085208172053e-05,-5.95197781943632e-06,-3.02524786555246e-06,-1.93623697037311e-05,7.80924662035909e-07,2.52300572263394e-06,1.00991496715777e-05
2017/07/31,9.7558030710813e-05,1.8107204850036e-05,1.09109676131424e-05,-4.97863382797323e-06,-1.83558366033519e-05,7.05587825717067e-07,2.44333890873252e-06,1.00405656481701e-05
2017/08/01,-9.94321307233033e-05,6.44784432290228e-05,2.69184966512739e-05,-6.96074407114421e-06,-1.73459463975937e-05,6.2335976485406e-07,2.36188768051273e-06,9.98206993824878e-06
2017/08/02,-6.73928786014158e-05,7.88376049444663e-05,3.53514022718548e-05,-8.86102197657867e-06,-1.63443062675446e-05,5.34509602924908e-07,2.27874883725697e-06,9.92367643713884e-06
2017/08/03,-1.35717645591576e-06,6.96138247762091e-05,3.12698370578232e-05,-1.05633184650694e-05,-1.53625233942927e-05,4.39306463407617e-07,2.19401917824762e-06,9.86539904016525e-06
2017/08/06,8.4162362635514e-05,4.07399933259397e-05,1.68513920162838e-05,-1.19291146145277e-05,-1.4412204958926e-05,3.38019469780201e-07,2.10779550276707e-06,9.80725164265305e-06
2017/08/07,5.58807650984032e-05,9.24766945230936e-07,-3.94698223961747e-06,-1.28142990421443e-05,-1.35049581425326e-05,2.30917745520686e-07,2.02017461009771e-06,9.74924813992724e-06
2017/08/08,-5.99337586733224e-05,-1.48803267477618e-05,-2.71683350967342e-05,-1.3074287450089e-05,-1.26528630412215e-05,1.18270414107093e-07,1.93125329952194e-06,9.69140242731284e-06
2017/08/09,4.57149357573831e-05,7.08739328501415e-06,-4.74409089181151e-05,-1.25657967930322e-05,-1.18666984986012e-05,3.46599017422486e-10,1.84112837032215e-06,9.63372840013486e-06
2017/08/10,-3.2271326104516e-05,-1.22270314810647e-06,-5.60495720697478e-05,-1.11578427609631e-05,-1.11449446229613e-05,-1.22584576270303e-07,1.74989662178071e-06,9.57623995371834e-06
2017/08/13,2.23368608343604e-05,-1.21041043871894e-05,-5.20530748919813e-05,-8.79736135093186e-06,-1.04828886100067e-05,-2.50253988278065e-07,1.65765485318003e-06,9.51895098338828e-06
2017/08/14,-1.8505377791766e-05,2.14737207248008e-05,-3.73943365712246e-05,-5.73019813789313e-06,-9.8758176554421e-06,-3.82392513527854e-07,1.5644998638025e-06,9.4618753844697e-06
2017/08/15,2.19601263811084e-05,3.20327716462319e-05,-1.74104462026256e-05,-2.27692609127763e-06,-9.31901895497215e-06,-5.18731028541653e-07,1.4705284529305e-06,9.40502705228761e-06
2017/08/16,-3.17346451401023e-05,7.94578937166051e-06,2.24618963099016e-06,1.24188181948394e-06,-8.80777970430163e-06,-6.59000409841436e-07,1.37583741984642e-06,9.34841988216705e-06
2017/08/17,4.48909406888159e-05,-4.59794664203893e-05,1.81307916993015e-05,4.50565262496086e-06,-8.33738709913526e-06,-8.02931533949195e-07,1.28052356383266e-06,9.29206776943301e-06
2017/08/20,-5.75504109579669e-05,-1.50667770861356e-05,2.73782095899913e-05,7.19381335572242e-06,-7.90312833517777e-06,-9.50255277386919e-07,1.18468368417161e-06,9.23598460941053e-06
2017/08/21,6.63189278193521e-05,4.23205471269801e-05,2.72341808102551e-05,8.98579104233792e-06,-7.5002906081339e-06,-1.10070251667658e-06,1.08841458014565e-06,9.18018429742461e-06
2017/08/22,-6.94581144451701e-05,-1.77693766268098e-05,1.69030778571019e-05,9.63042061314442e-06,-7.12416111370837e-06,-1.25400412834017e-06,9.91813051037182e-07,9.12468072880028e-06
2017/08/23,6.7271633128119e-05,-2.6089223993576e-05,3.31292526728409e-06,9.15396092343293e-06,-6.76981938348855e-06,-1.40989098889967e-06,8.9497589612859e-07,9.06948779886255e-06
2017/08/24,-6.15649347670913e-05,1.87262042740654e-05,-5.0888207125468e-06,7.65124806979266e-06,-6.43151429259224e-06,-1.56809397487707e-06,7.97999914702261e-07,9.01461940293645e-06
2017/08/27,-2.42580476019003e-05,7.18637186156045e-06,-3.84607628823414e-06,5.21691048469549e-06,-6.10328705201988e-06,-1.72834396279434e-06,7.0098190604059e-07,8.96008943634698e-06
2017/08/28,4.82833903392856e-05,-1.29974181132958e-05,1.58581066284487e-06,2.06373796271611e-06,-5.7791788727719e-06,-1.89037182917348e-06,6.04018669425965e-07,8.90591179441916e-06
2017/08/29,-4.43515384645925e-05,1.30893742463272e-05,4.11436556190501e-06,-1.20407092838383e-06,-5.45323096584873e-06,-2.05390845053647e-06,5.07207004140781e-07,8.85210037247801e-06
2017/08/30,4.32800729618689e-05,1.49609165080027e-05,1.83235716126916e-06,-4.18910295963767e-06,-5.11948454225082e-06,-2.21868470340529e-06,4.10643709467428e-07,8.79866906584855e-06
2017/08/31,1.27429156660086e-05,-6.79315116698025e-06,-3.15356837130538e-06,-6.57518157730321e-06,-4.7719808129786e-06,-2.38443146430192e-06,3.14425584688289e-07,8.7456317698558e-06
2017/09/03,-4.52783088870042e-05,-1.37536452313865e-05,-6.0982296407755e-06,-8.04613022763827e-06,-4.4047609890325e-06,-2.55087960974836e-06,2.18649429085759e-07,8.69300237982478e-06
2017/09/04,4.51610466965672e-05,1.08053078593026e-05,-3.20961677898869e-06,-8.38276843593434e-06,-4.01186628141294e-06,-2.71776001626657e-06,1.23412041942225e-07,8.64079479108049e-06
2017/09/05,-2.98943135169677e-05,9.28878180170011e-06,3.33212078505778e-06,-7.75252100545151e-06,-3.58871693928668e-06,-2.88480356037856e-06,2.88102225400878e-08,8.58902289894796e-06
2017/09/06,-3.87123011582546e-05,-5.31580324483483e-06,9.26312661077226e-06,-6.41429266581834e-06,-3.13624936448567e-06,-3.05174111860629e-06,-6.5059229838277e-08,8.53770059875221e-06
2017/09/07,2.57580489974412e-05,-4.33928327126218e-06,1.05769354989281e-05,-4.6256091084971e-06,-2.65677899700815e-06,-3.21830356747177e-06,-1.58099515910466e-07,8.48684178581825e-06
2017/09/10,2.61070848606627e-05,5.52781201995249e-06,7.8823842855425e-06,-2.61973517108272e-06,-2.15262127685239e-06,-3.38422178349697e-06,-2.50213836394097e-07,8.4364603554711e-06
2017/09/11,-1.95499736651487e-05,8.68715762787346e-06,2.90462516829512e-06,-5.32892275700722e-07,-1.62609164401664e-06,-3.54922664320386e-06,-3.41305392006777e-07,8.38657020303578e-06
2017/09/12,1.44325649543307e-05,-2.73871147736096e-06,-2.68032927931136e-06,1.52295900939072e-06,-1.07950553849915e-06,-3.71304902311445e-06,-4.31277383466119e-07,8.33718522383731e-06
2017/09/13,-1.18726182176434e-05,-1.33733226253517e-05,-7.29598156501244e-06,3.43585811593342e-06,-5.15178400298184e-07,-3.87541979975071e-06,-5.20033011489731e-07,8.28831931320069e-06
2017/09/14,1.21832180944624e-05,-2.02307532189099e-05,-9.39071296685317e-06,5.09384447566921e-06,6.45743305880044e-08,-4.03606984963462e-06,-6.07475476795213e-07,8.23998636645096e-06
2017/09/17,-5.44256141492294e-06,1.01339993404367e-06,-7.89286349100874e-06,6.40997090095508e-06,6.57437214161161e-07,-4.19473004928818e-06,-6.93507980100192e-07,8.19220027891312e-06
2017/09/18,-1.84816675763182e-05,2.61791777716002e-05,-3.65060805617495e-06,7.39734372660886e-06,1.26109481042303e-06,-4.35113127523335e-06,-7.78033722122266e-07,8.1449749459122e-06
2017/09/19,2.22666605104299e-05,2.77009461474503e-05,2.0079196908223e-06,8.09408266806352e-06,1.87323167937536e-06,-4.50500440399214e-06,-8.60955903579049e-07,8.0983242627732e-06
2017/09/20,2.20638999393772e-05,-4.18745196088184e-06,7.66560739237376e-06,8.53830744075206e-06,2.49153238101989e-06,-4.65608031208652e-06,-9.42177725188145e-07,8.05226212482116e-06
2017/09/21,-2.71600847837145e-05,-2.66721370116116e-05,1.1549427847737e-05,8.76813776010748e-06,3.11368147535837e-06,-4.80408987603848e-06,-1.02160238766717e-06,8.00680242738108e-06
2017/09/24,-7.37581384293979e-06,-3.9261376168657e-06,1.20249774180001e-05,8.82169334156277e-06,3.73736352239253e-06,-4.94876397237e-06,-1.09913309173373e-06,7.96195906577799e-06
2017/09/25,2.67738495580764e-05,1.98023296839921e-05,8.37095007439846e-06,8.7339693741213e-06,4.36069908886134e-06,-5.08983347760306e-06,-1.17467303810544e-06,7.9177459353369e-06
2017/09/26,-2.47889686085442e-05,3.18480311406725e-06,8.92034461144397e-07,8.52774488971833e-06,4.98327081980223e-06,-5.22702926825965e-06,-1.24812542749991e-06,7.87417693138282e-06
2017/09/27,2.23404800797536e-05,-9.09052761153163e-06,-6.95383897148281e-06,8.22380218846131e-06,5.603969572388e-06,-5.36008222086175e-06,-1.31939346063474e-06,7.83126594924079e-06
2017/09/28,-2.04283891271011e-05,4.68848079965983e-06,-1.16124758848031e-05,7.84327307264717e-06,6.22133670160201e-06,-5.48872321193135e-06,-1.38838033822755e-06,7.7890268842358e-06
2017/10/01,1.98836186037298e-05,-2.6579340445264e-06,-1.32347271207908e-05,7.4075595587291e-06,6.83364334827133e-06,-5.61268311799044e-06,-1.45498926099594e-06,7.74747363169289e-06
2017/10/02,-2.09355791045418e-05,-1.1949966749042e-06,-1.55819015083383e-05,6.93813121669931e-06,7.43909309968404e-06,-5.73169281556098e-06,-1.51912342965753e-06,7.70662008693706e-06
2017/10/03,2.31546608997715e-05,4.36573251918097e-06,-1.94217628821878e-05,6.45645761655003e-06,8.03588954312814e-06,-5.84548318116497e-06,-1.58068604492992e-06,7.66648014529333e-06
2017/10/04,-2.57553524562541e-05,-6.56438584817442e-06,-2.20286443354687e-05,5.98400832827351e-06,8.6222362658917e-06,-5.9537850913244e-06,-1.63958030753074e-06,7.62706770208673e-06
2017/10/05,2.80307769931306e-05,-5.68892120446122e-06,-1.96653680355204e-05,5.53686003633724e-06,9.19633685526274e-06,-6.05632942256124e-06,-1.69570941817756e-06,7.58839665264227e-06
2017/10/08,-6.4339805748554e-06,2.07848819196931e-06,-1.22995679115755e-05,5.10951788310979e-06,9.75639489852932e-06,-6.1528470513975e-06,-1.74897657758803e-06,7.55048089228497e-06
2017/10/09,-3.04004727635942e-05,4.34528821962778e-06,-1.77212219285593e-06,4.69109412543497e-06,1.03006139829794e-05,-6.24306885435512e-06,-1.79928498647974e-06,7.51333431633984e-06
2017/10/10,9.57695868441386e-06,-4.23085782726992e-06,9.66619760752486e-06,4.27070102015662e-06,1.08271976959012e-05,-6.32672570795612e-06,-1.8465378455703e-06,7.4769708201319e-06
2017/10/11,2.94970271179523e-05,-6.34474337096419e-06,1.93132514393405e-05,3.83745082411856e-06,1.13343496245826e-05,-6.40354848872247e-06,-1.89063835557733e-06,7.44140429898617e-06
2017/10/12,-2.78734791822365e-05,9.45476115507792e-06,2.55730177271156e-05,3.38045579416462e-06,1.18202733563116e-05,-6.47326807317617e-06,-1.93148971721843e-06,7.40664864822767e-06
2017/10/15,2.55761103897992e-05,1.49988182599315e-05,2.79350269704092e-05,2.88882818713861e-06,1.22831724783764e-05,-6.53561533783919e-06,-1.9689951312112e-06,7.37271776318141e-06
2017/10/16,-5.62058478718953e-06,-6.78139098938773e-06,2.6275229410989e-05,2.35305571019816e-06,1.2721250578065e-05,-6.5903211592335e-06,-2.00305779827328e-06,7.33962553917241e-06
2017/10/17,-1.98065852770231e-05,-2.63556940011898e-05,2.12004372102124e-05,1.76912787175595e-06,1.31327112426653e-05,-6.63711641388111e-06,-2.03358091912226e-06,7.30738587152569e-06
2017/10/18,1.69774376791045e-05,-1.68067178279714e-05,1.35408614481283e-05,1.13440963053844e-06,1.35157580594655e-05,-6.67573197830399e-06,-2.06046769447574e-06,7.27601265556626e-06
2017/10/19,1.06778641240812e-05,1.10948304977499e-06,4.28944695996091e-06,4.4626594527212e-07,1.38685946157536e-05,-6.70589872902412e-06,-2.08362132505135e-06,7.24551978661915e-06
2017/10/22,-1.39635957719702e-05,1.7763759608838e-05,-5.5201779802716e-06,-2.97938225316547e-07,1.41894244988176e-05,-6.72734754256351e-06,-2.10294501156669e-06,7.21592116000937e-06
2017/10/23,1.50468351431509e-05,2.85150904189649e-05,-1.48543850985512e-05,-1.10083792250109e-06,1.44764512959455e-05,-6.73979364442765e-06,-2.11835760575583e-06,7.18723067106193e-06
2017/10/24,-1.84329948441402e-05,4.07952639411816e-05,-2.26795461208597e-05,-1.96506818755504e-06,1.47278785944255e-05,-6.74287619333021e-06,-2.12985402614473e-06,7.15946221510186e-06
2017/10/25,3.50453290951102e-06,2.80704571750323e-05,-2.79928408416942e-05,-2.89326406175192e-06,1.49419099815455e-05,-6.73616484606423e-06,-2.1374986931799e-06,7.13262968745418e-06
2017/10/26,3.11342563234178e-05,8.21558617749706e-07,-2.99146813296117e-05,-3.88806058636526e-06,1.51167490445935e-05,-6.71921579669679e-06,-2.14136645722394e-06,7.10674395063394e-06
2017/10/29,-1.74057514502163e-05,-2.3898363058525e-05,-2.76016776048794e-05,-4.94670291947384e-06,1.52505993708577e-05,-6.69157590605261e-06,-2.14152937064194e-06,7.08180373591639e-06
2017/10/30,-4.7543775030353e-05,-2.92365399302464e-05,-2.05548545356369e-05,-6.04487668637739e-06,1.5341664547626e-05,-6.65275470198734e-06,-2.13809378595814e-06,7.05780474176686e-06
2017/10/31,5.52449733297994e-05,-7.45120101269371e-06,-9.75364752082459e-06,-7.15287762918091e-06,1.53881481621866e-05,-6.60225237911431e-06,-2.13117538893907e-06,7.03474266665062e-06
2017/11/01,-6.1607131258351e-05,1.19499629791884e-05,2.77325517659629e-06,-8.24100148998938e-06,1.53883672185124e-05,-6.53968254873199e-06,-2.12088986535127e-06,7.01261320903298e-06
2017/11/02,-3.92396813547713e-05,1.35815378702914e-05,1.48155659064328e-05,-9.27954401090777e-06,1.53410923873174e-05,-6.46511248887936e-06,-2.10735290096127e-06,6.99141206737925e-06
2017/11/05,6.84187611966311e-05,3.21246215626941e-06,2.41821030705198e-05,-1.02388009340411e-05,1.52452401680507e-05,-6.37875530633109e-06,-2.09068018153562e-06,6.97113494015472e-06
2017/11/06,-6.83658987753594e-05,-6.69066632962823e-06,2.87581092788026e-05,-1.10890680014943e-05,1.5099856708364e-05,-6.28095375606415e-06,-2.07098525897128e-06,6.95177539195513e-06
2017/11/07,6.60298414354334e-05,-1.24108518954837e-06,2.71274619845884e-05,-1.17990547017363e-05,1.49040205679597e-05,-6.17208300510607e-06,-2.04837314968694e-06,6.93331845189795e-06
2017/11/08,-2.85728282846092e-05,5.98850626809673e-06,2.05921538065195e-05,-1.23311255086916e-05,1.46568103065399e-05,-6.05251822048441e-06,-2.02294673623177e-06,6.91574701523108e-06
2017/11/09,-5.64291857293095e-05,6.83102427151091e-06,1.11094054352037e-05,-1.26460586426486e-05,1.43573044838069e-05,-5.92263456922669e-06,-1.99480890115488e-06,6.89904397720244e-06
2017/11/12,-2.7945753346091e-05,-1.12361317004947e-06,5.39234683775097e-07,-1.27046323238956e-05,1.40045816594629e-05,-5.78280721836047e-06,-1.96406252700543e-06,6.88319223305992e-06
2017/11/13,4.44258779955188e-05,-1.16931945493864e-05,-9.28264135400064e-06,-1.24679803140353e-05,1.35980759345243e-05,-5.63341133491326e-06,-1.93081049633255e-06,6.86817467805144e-06
2017/11/14,-3.90288353287118e-05,-1.69620136152229e-05,-1.65205055843578e-05,-1.18989184548108e-05,1.3138903490148e-05,-5.47482208591264e-06,-1.89515569168538e-06,6.85397420742489e-06
2017/11/15,3.10465770113725e-06,-1.15628815168553e-05,-1.98036164233905e-05,-1.09616577888174e-05,1.26295757083433e-05,-5.30741463838612e-06,-1.85720099561307e-06,6.84057371642819e-06
2017/11/16,3.13902687478208e-05,5.80487275259787e-06,-1.96039579300978e-05,-9.63784567006982e-06,1.2072863886004e-05,-5.13156415936125e-06,-1.81704929066475e-06,6.82795610030924e-06
2017/11/19,-2.94547944196477e-05,2.66430614496983e-05,-1.67897840871999e-05,-7.97783503872087e-06,1.14715393200237e-05,-4.94764581586557e-06,-1.77480345938956e-06,6.81610425431594e-06
2017/11/20,9.07570432887985e-06,1.87044877109853e-05,-1.22544328248044e-05,-6.0491552314582e-06,1.08283733072961e-05,-4.75603477492662e-06,-1.73056638433664e-06,6.8050010736962e-06
2017/11/21,2.91235913293313e-05,-1.10950713374217e-05,-7.06028344870486e-06,-3.91933558496945e-06,1.01461371447149e-05,-4.55710620357194e-06,-1.68444094805513e-06,6.79462945369793e-06
2017/11/22,-3.03203667195201e-05,-3.86838631940566e-05,-2.31197560861687e-06,-1.65590543594221e-06,9.42760212917389e-06,-4.35123526882908e-06,-1.63653003309417e-06,6.78497228956903e-06
2017/11/23,-1.02007442876529e-05,-3.98150655372027e-05,1.00129738682001e-06,6.73605878935889e-07,8.67553955756672e-06,-4.13879713772556e-06,-1.5869365220029e-06,6.7760124765574e-06
2017/11/26,3.42594226827099e-05,-2.01651643242975e-05,2.50851545989557e-06,3.00166902297725e-06,7.89272072678711e-06,-3.92016697728894e-06,-1.53576329733046e-06,6.76773290991096e-06
2017/11/27,-3.65233610684698e-05,7.72503746507661e-06,2.57965634047989e-06,5.26075465949426e-06,7.08191693372877e-06,-3.69571995454675e-06,-1.483113241626e-06,6.76011648487761e-06
2017/11/28,3.86898113123272e-05,3.6391744524454e-05,1.74108562506914e-06,7.3833334517993e-06,6.2458994752854e-06,-3.46583123652653e-06,-1.42908923743864e-06,6.75314609670525e-06
2017/11/29,-1.23409116437353e-05,5.53809288449236e-05,5.19168910159527e-07,9.30187606320475e-06,5.38743964835071e-06,-3.23087599025582e-06,-1.37379416731753e-06,6.74680464064179e-06
2017/11/30,-3.5595750159727e-05,5.62632197239678e-05,-5.68085876525633e-07,1.09363400791722e-05,4.50930874981842e-06,-2.99122938276217e-06,-1.31733091381181e-06,6.74107501193514e-06
2017/12/03,-4.29084932422058e-05,3.15414304061939e-05,-1.06497180182948e-06,1.21805702173559e-05,3.61427807658221e-06,-2.7472665810731e-06,-1.25980235947061e-06,6.73594010583319e-06
2017/12/04,-4.89567466018652e-06,-1.87380452715109e-05,-6.39620879268973e-07,1.30116558919429e-05,2.70511892553581e-06,-2.49936275221618e-06,-1.20131138684309e-06,6.73138281758386e-06
2017/12/05,4.23951387730093e-05,-6.09761361753389e-05,1.01096455816365e-06,1.34306626739268e-05,1.78456588036228e-06,-2.24789306321892e-06,-1.14196087847837e-06,6.72738604243506e-06
2017/12/06,-4.08307015086211e-05,-5.2241134121342e-05,3.94512255098544e-06,1.34386027112278e-05,8.55406947818163e-07,-1.99323268110889e-06,-1.0818537169256e-06,6.72393267563468e-06
2017/12/07,3.84469583810245e-05,-1.07637864333901e-05,7.24255263375054e-06,1.30356741867083e-05,-7.87559002823403e-08,-1.7357567729136e-06,-1.02109278473392e-06,6.72100561243063e-06
2017/12/10,-3.55128984652553e-05,1.45951509008948e-06,9.73829471452236e-06,1.22216767088998e-05,-1.01392211779409e-06,-1.47584050566061e-06,-9.59780964452465e-07,6.71858774807083e-06
2017/12/11,3.23917734103545e-05,1.75294275775169e-05,1.02521724740666e-05,1.10115765390279e-05,-1.9460415839682e-06,-1.21385904637745e-06,-8.9802113863038e-07,6.71666197780316e-06
2017/12/12,-2.93915075453888e-05,3.70159560984903e-05,7.54314468395775e-06,9.48120484750917e-06,-2.87106417805582e-06,-9.50187562091669e-07,-8.35916189816796e-07,6.71521119687555e-06
2017/12/13,2.6681592000378e-05,2.62192266494229e-06,1.01607060939052e-06,7.72160903205804e-06,-3.78493977930809e-06,-6.85201219830803e-07,-7.73569000560859e-07,6.71421830053589e-06
2017/12/14,-2.43179783597096e-05,-2.25403493449873e-05,-7.27972360076959e-06,5.82383649038885e-06,-4.68361826697615e-06,-4.19275186622387e-07,-7.11082453411712e-07,6.71366618403209e-06
2017/12/17,2.23287103634686e-05,2.20398007338589e-06,-1.45300948388287e-05,3.87893462021597e-06,-5.56304952031113e-06,-1.5278462949398e-07,-6.48559430918484e-07,6.71353774261206e-06
2017/12/18,-1.33785871503964e-05,1.36437883702531e-05,-1.750609904545e-05,1.97795081925376e-06,-6.41918341856417e-06,1.13895284526905e-07,-5.86102815630328e-07,6.7138158715237e-06
2017/12/19,-1.96992092208996e-05,6.37201248246614e-07,-1.39663835128429e-05,1.96645093861301e-07,-7.24796984098641e-06,3.80389388412701e-07,-5.23815490096371e-07,6.71448346601492e-06
2017/12/20,1.91750302289928e-05,-1.51778937477938e-05,-6.03476189104254e-06,-1.45037211502348e-06,-8.04535866682898e-06,6.46322515135891e-07,-4.61800336865761e-07,6.71552342133362e-06
2017/12/21,-1.91425195571557e-05,2.73531590994774e-06,3.23824926507121e-06,-2.96377775781796e-06,-8.80729977534303e-06,9.11319497668916e-07,-4.00160238487636e-07,6.71691863272771e-06
2017/12/25,1.93922623463725e-05,2.52822932368295e-05,1.14604881390665e-05,-4.3442487849395e-06,-9.5297430457797e-06,1.17500516898425e-06,-3.38998077511135e-07,6.7186519954451e-06
2017/12/26,-1.65317466745167e-05,2.86630426625955e-05,1.64043815991233e-05,-5.59246214680546e-06,-1.02086383573901e-05,1.43700436205434e-06,-2.78416736485395e-07,6.72070640473368e-06
2017/12/27,-1.96688025329141e-05,2.17984610879086e-05,1.64782195057996e-05,-6.710609600079e-06,-1.08399355894254e-05,1.69694190985166e-06,-2.18519097959561e-07,6.72306475584137e-06
2017/12/28,1.93048006685179e-05,1.22084622630917e-05,1.26337436891637e-05,-7.7069421264063e-06,-1.14195846211368e-05,1.95444264534866e-06,-1.59408044482769e-07,6.72570994401608e-06
2018/01/01,1.28513364776874e-05,-1.01839821022477e-05,6.45855897166207e-06,-8.59122551367935e-06,-1.19435353317753e-05,2.2091314015178e-06,-1.01186458604159e-07,6.72862486450569e-06
2018/01/02,-1.81029197418596e-05,-3.1824361386085e-05,-4.59729824259195e-07,-9.37322554979009e-06,-1.24077376005921e-05,2.46063301133154e-06,-4.39572228728721e-08,6.73179241255813e-06
2018/01/03,7.78309532885087e-06,-3.70407847807757e-05,-6.53351787615383e-06,-1.00627080226305e-05,-1.28081413068383e-05,2.70857230776234e-06,1.21767801619507e-08,6.7351954834213e-06
2018/01/04,1.90832278038066e-05,-3.11295481314184e-05,-1.0467826167486e-05,-1.06694387200926e-05,-1.31406963297651e-05,2.95257412378266e-06,6.71126679511732e-08,6.73881697234311e-06
2018/01/07,-2.15846810648217e-05,-2.38899870232756e-05,-1.21381789053611e-05,-1.12031834300683e-05,-1.34013682624513e-05,3.1922790061926e-06,1.20747557945654e-07,6.74263977457145e-06
2018/01/08,2.58008364382367e-05,-1.70356059342242e-05,-1.17178698355041e-05,-1.16685642077407e-05,-1.35861863355376e-05,3.42739113935424e-06,1.72978567596255e-07,6.74664678535423e-06
2018/01/09,-3.1403246409901e-05,6.55553388150223e-06,-9.40076763447545e-06,-1.2049628177457e-05,-1.36911937561041e-05,3.65762868406901e-06,2.23702814353834e-07,6.75082089993937e-06
2018/01/10,1.42936367909693e-05,1.43758069244858e-05,-5.38588471154463e-06,-1.23252787308557e-05,-1.37124084349918e-05,3.88268450489915e-06,2.72817415669252e-07,6.75514501357476e-06
2018/01/11,4.29580782979569e-05,4.29045468178793e-06,1.75195553482645e-08,-1.24738078770608e-05,-1.36464283475044e-05,4.10222014835546e-06,3.2021948899337e-07,6.75960202150831e-06
2018/01/14,-4.66205185075918e-05,-6.58562445441534e-06,6.05919791358078e-06,-1.24701712165706e-05,-1.3493181264657e-05,4.31589054803439e-06,3.6580615177705e-07,6.76417481898793e-06
2018/01/15,4.76842018069142e-05,5.77491579670562e-06,1.19780606634738e-05,-1.22851494530957e-05,-1.32567698542529e-05,4.52335063753241e-06,4.09474521471148e-07,6.76884630126153e-06
2018/01/16,-2.06955644282354e-05,5.01449544321479e-06,1.72389733681035e-05,-1.1888632411778e-05,-1.29421876626633e-05,4.72425535044597e-06,4.51121715526527e-07,6.773599363577e-06
2018/01/17,-4.18700917740219e-05,-7.17762194988777e-06,2.07341177531429e-05,-1.12505099177596e-05,-1.25544282362599e-05,4.91825962037153e-06,4.90644851394046e-07,6.77841690118225e-06
2018/01/18,3.58667041122889e-05,-1.57031382894164e-05,2.12422644637041e-05,-1.03406717961826e-05,-1.20984851214139e-05,5.10501838090554e-06,5.27941046524568e-07,6.7832818093252e-06
2018/01/21,2.2573654221408e-05,-1.25448324239987e-05,1.78769809822901e-05,-9.14234466860764e-06,-1.15793518644969e-05,5.28418656564445e-06,5.6290741836895e-07,6.78817698325374e-06
2018/01/22,-3.22635221661373e-06,-5.15385956471443e-07,1.10327703978251e-05,-7.69210234226979e-06,-1.10020220118804e-05,5.45541910818473e-06,5.95441084378054e-07,6.79308531821577e-06
2018/01/23,-1.52529481999475e-05,1.51556463762747e-05,1.424369700839e-06,-6.03985542082278e-06,-1.03714891099358e-05,5.61837094212283e-06,6.25439162002741e-07,6.79798970945922e-06
2018/01/24,1.08445440091404e-05,2.94023848648273e-05,-1.02334841181383e-05,-4.23551450792031e-06,-9.69274670503449e-06,5.7726970010552e-06,6.52798768693869e-07,6.80287305223198e-06
2018/01/25,-9.09040354837027e-06,3.14942198511458e-05,-2.30107897302089e-05,-2.32899020721609e-06,-8.97078834354803e-06,5.9180522185783e-06,6.77417021902302e-07,6.80771824178195e-06
2018/01/28,1.02462138546323e-05,1.86609924970437e-06,-3.49012678698913e-05,-3.70193122363845e-07,-8.21060757184784e-06,6.0540915282886e-06,6.99191039078896e-07,6.81250817335705e-06
2018/01/29,-1.39765016043075e-05,-2.49207042557767e-05,-4.28224926008935e-05,1.59096614298273e-06,-7.41719793630537e-06,6.18046986378253e-06,7.18017937674514e-07,6.81722574220517e-06
2018/01/30,1.95099545355168e-05,-2.29509295664225e-05,-4.38822520522255e-05,3.50372139041429e-06,-6.59555298329209e-06,6.29684215865657e-06,7.33794835140015e-07,6.82185384357423e-06
2018/01/31,-2.59005911318472e-05,-1.19529202509166e-06,-3.71135584361823e-05,5.31388404249913e-06,-5.75066625917945e-06,6.40286334650715e-06,7.46418848926261e-07,6.82637537271213e-06
2018/02/01,1.32527515691058e-06,1.04814112337393e-05,-2.31688005720073e-05,6.96640992704982e-06,-4.88753131033891e-06,6.49818836093075e-06,7.5578709648411e-07,6.83077322486678e-06
2018/02/04,3.78184909029922e-05,2.93470431328496e-06,-3.2600945274878e-06,8.40625487187903e-06,-4.01114168314193e-06,6.58247213552381e-06,7.61796695264424e-07,6.83503029528607e-06
2018/02/05,-4.19021746956399e-05,-1.14091225799315e-05,1.96662439942938e-05,9.57837470479941e-06,-3.12649092395998e-06,6.65536960388279e-06,7.64344762718066e-07,6.83912947921792e-06
2018/02/06,4.41294254697455e-05,9.87765274874034e-06,4.01486409048598e-05,1.04277252536235e-05,-2.23857257916449e-06,6.71653569960416e-06,7.63328416295891e-07,6.84305367191024e-06
2018/02/07,-4.45977678040115e-05,2.14307130514076e-05,5.43279446046518e-05,1.08992623461641e-05,-1.35238019512693e-06,6.76562535628436e-06,7.58643493485234e-07,6.84678704857444e-06
2018/02/08,4.38183005136166e-05,-7.94945357850063e-06,5.98167052384089e-05,1.09379418102337e-05,-4.72907318218766e-07,6.80229350751984e-06,7.50180711919329e-07,6.85031890427608e-06
2018/02/11,2.37211068951075e-05,-3.09867120803712e-05,5.77822349901529e-05,1.05089954895905e-05,3.94966338573024e-07,6.82619508690708e-06,7.37829509267883e-07,6.8536398140442e-06
2018/02/12,-4.11132119887041e-05,-2.47928485828815e-05,4.98454637139103e-05,9.65873360718813e-06,1.246842080386e-06,6.83696853055655e-06,7.21495820686569e-07,6.85674035290786e-06
2018/02/13,4.02957114633771e-05,1.26034120066431e-05,3.65602272995699e-05,8.45363966357922e-06,2.07853778408872e-06,6.83418628463488e-06,7.01151571274918e-07,6.85961109589613e-06
2018/02/14,2.94689174425026e-05,3.72712969167485e-05,1.96727087502225e-05,6.96017147472974e-06,2.8858970111364e-06,6.81740429782275e-06,6.76785463478558e-07,6.86224233817793e-06
2018/02/15,1.1269663003815e-05,5.01279525568129e-06,1.26673189981289e-06,5.24478685660567e-06,3.66476332298426e-06,6.78617851880081e-06,6.48387319183678e-07,6.86462325548163e-06
2018/02/18,-4.10808445724384e-05,-4.29713884036774e-05,-1.67742741123299e-05,3.37394362517299e-06,4.41098028108748e-06,6.74005804847761e-06,6.15954087908714e-07,6.86674274367548e-06
2018/02/19,4.15704584423922e-05,-4.12160722623848e-05,-3.24087165327127e-05,1.41409959639765e-06,5.12039144690129e-06,6.67855170453354e-06,5.79523002400245e-07,6.86858969862773e-06
2018/02/20,-4.1414765554842e-05,3.80520417851805e-05,-4.29508242637032e-05,-5.68287413754341e-07,5.7888403818809e-06,6.60110988831844e-06,5.39189711735427e-07,6.8701530162066e-06
2018/02/21,3.99108194095466e-05,5.94855692442526e-05,-4.62620471483768e-05,-2.50675958931701e-06,6.4121706474815e-06,6.5071701090425e-06,4.95062757131031e-07,6.87142159228035e-06
2018/02/22,-3.66765965999447e-05,-2.61139500917229e-05,-4.09706175263948e-05,-4.33639529178114e-06,6.98622580515832e-06,6.39616987591593e-06,4.4725067980384e-07,6.87238432271721e-06
2018/02/25,3.20683593287828e-05,-7.02422330557062e-05,-2.80164144952379e-05,-5.99841759246447e-06,7.50684941636656e-06,6.26754669814894e-06,3.95862020970618e-07,6.87303010338543e-06
2018/02/26,-2.71841697810652e-05,-4.17774227395839e-06,-9.54403152388202e-06,-7.43558574014147e-06,7.96988504256143e-06,6.12073808495173e-06,3.41005321848142e-07,6.87334783015325e-06
2018/02/27,2.34002901318094e-05,7.5801565754513e-05,9.79472719053451e-06,-8.59065898358664e-06,8.37117624519813e-06,5.95518154553452e-06,2.82789123653183e-07,6.87332639888891e-06
2018/02/28,6.48016312222506e-06,6.34754293355065e-05,2.49960114340443e-05,-9.40639657157447e-06,8.70656658573189e-06,5.7703145891075e-06,2.21321967602519e-07,6.87295470546065e-06
2018/03/01,-2.28262863182646e-05,-1.4360110082345e-05,3.25914266897998e-05,-9.82555775287944e-06,8.97182286697786e-06,5.56565148352092e-06,1.56712394912919e-07,6.87222164573672e-06
2018/03/04,2.68649839181913e-05,-7.69862320892431e-05,3.11500594285586e-05,-9.80796060764397e-06,9.16245551125988e-06,5.34101353118509e-06,8.90689468011569e-08,6.87111611558536e-06
2018/03/05,-3.33401660679907e-05,-1.07323044603235e-05,2.07332835699349e-05,-9.38337921169296e-06,9.27575765199831e-06,5.09636260989941e-06,1.85001644840042e-08,6.8696270108748e-06
2018/03/06,4.07136774929504e-05,7.94201667779528e-05,5.3707840243861e-06,-8.60552915306222e-06,9.31555655349851e-06,4.83205980148992e-06,-5.48854108217599e-08,6.8677432274733e-06
2018/03/07,-4.70514568065735e-05,1.05730024467584e-05,-1.02108491876343e-05,-7.52984668999829e-06,9.28669312100481e-06,4.54917321705449e-06,-1.30979237899365e-07,6.86545366124908e-06
2018/03/08,5.08738884871752e-05,-8.54447189590269e-05,-2.24487084192343e-05,-6.21176808074771e-06,9.19359446512862e-06,4.24918476232386e-06,-2.09672775532041e-07,6.86274720807041e-06
2018/03/11,-5.16720694604679e-05,-1.07282127322837e-05,-2.87226360048599e-05,-4.70672958355701e-06,9.04062023208079e-06,3.93364380742935e-06,-2.90857482503013e-07,6.8596127638055e-06
2018/03/12,4.98433574561155e-05,9.25136828422779e-05,-2.90201721403902e-05,-3.06978714702976e-06,8.83213006807219e-06,3.60409972250228e-06,-3.74424817595504e-07,6.85603922432262e-06
2018/03/13,1.21583957852581e-05,6.28287502395379e-05,-2.41411348339589e-05,-1.35447548119768e-06,8.57248361931366e-06,3.26210187767396e-06,-4.60266239592745e-07,6.85201548549e-06
2018/03/14,-4.15812451617454e-05,-3.03274046872829e-05,-1.55214311462828e-05,3.86051013550504e-07,8.26604053201605e-06,2.90919964307571e-06,-5.48273207277959e-07,6.84753044317588e-06
2018/03/15,1.41539223756397e-06,-8.52815184926359e-05,-4.75589532381385e-06,2.09863793682605e-06,7.91716045239022e-06,2.54694238883883e-06,-6.38337179434377e-07,6.8425729932485e-06
2018/03/18,3.22546039357338e-05,-9.78679911634985e-05,6.5606383869961e-06,3.73013088824022e-06,7.53020302664703e-06,2.17687948509466e-06,-7.30349614845224e-07,6.83713203157611e-06
2018/03/19,2.58973846863391e-05,-8.39438181415337e-05,1.69519073904318e-05,5.22737546740427e-06,7.10952790099732e-06,1.8005603019745e-06,-8.24201972293725e-07,6.83119645402695e-06
2018/03/20,-2.04619373666276e-05,-5.6172999812004e-05,2.54159356937244e-05,6.53721727392946e-06,6.65949472165196e-06,1.41953420960967e-06,-9.19785710563109e-07,6.82475515646926e-06
2018/03/21,-2.54015872255059e-05,-3.70492835382819e-05,3.10693189548419e-05,7.60650190742707e-06,6.18446313482178e-06,1.03535057813149e-06,-1.0169922884366e-06,6.81779703477128e-06
2018/03/22,2.62975609482466e-05,-3.33088680467701e-05,3.30286528317522e-05,8.38197535613138e-06,5.6888923980946e-06,6.49558777671268e-07,-1.11571316469743e-06,6.81031098480125e-06
2018/03/25,-2.88325098342417e-05,1.83102748456411e-05,3.03978985727835e-05,8.82261957240872e-06,5.17764021456602e-06,2.63708178360325e-07,-1.21583979812882e-06,6.80228590242742e-06
2018/03/26,-5.23121971386368e-06,6.4104566511237e-05,2.22304797877046e-05,8.93802552522026e-06,4.65549290929577e-06,-1.20651849670025e-07,-1.317263647514e-06,6.79371068351802e-06
2018/03/27,3.65618665896373e-05,4.37711009893857e-05,8.4007772091397e-06,8.75110624187101e-06,4.12654915863962e-06,-5.01971936288467e-07,-1.41987617163619e-06,6.78457422394131e-06
2018/03/28,-4.04354046368402e-05,-4.19139754181005e-05,-7.88246230030878e-06,8.28496050329047e-06,3.59472188532877e-06,-8.78702711363683e-07,-1.52356882927863e-06,6.77486541956551e-06
2018/04/01,4.38111801915911e-05,-3.14248922356687e-05,-2.28011511870185e-05,7.56269078146107e-06,3.06392032104153e-06,-1.24929480476435e-06,-1.62823307922454e-06,6.76457316625888e-06
2018/04/02,-4.698341547784e-05,2.14278112653546e-05,-3.33624031865017e-05,6.60739954836526e-06,2.5380536974562e-06,-1.61219884635917e-06,-1.73376038025714e-06,6.75368635988966e-06
2018/04/03,5.06823651401891e-05,-3.15633517709884e-06,-3.73738801967274e-05,5.44218927598544e-06,2.02103124625108e-06,-1.96586546601682e-06,-1.84004219115966e-06,6.74219389632608e-06
2018/04/04,-5.56021392437578e-05,-1.25295407737792e-05,-3.60254645510726e-05,4.09016243630406e-06,1.51676219910446e-06,-2.30874529360597e-06,-1.94696997071533e-06,6.73008467143638e-06
2018/04/05,6.18972601080523e-05,6.09982744945605e-06,-3.11292840502522e-05,2.57994140059895e-06,1.02915578769466e-06,-2.63928895899532e-06,-2.05443517770738e-06,6.71734758108883e-06
2018/04/08,-6.89841710560217e-05,9.55833652820033e-06,-2.35324258521603e-05,9.62228137329584e-07,5.62121243699959e-07,-2.95594709205355e-06,-2.16232927091903e-06,6.70397152115164e-06
2018/04/09,8.52790823952393e-06,2.10672768911852e-05,-1.38407169539857e-05,-7.06755485749162e-07,1.19567798798672e-07,-3.25717032264935e-06,-2.27054370913351e-06,6.68994538749307e-06
2018/04/10,8.15345304497303e-05,3.74031761845122e-05,-2.65998435291714e-06,-2.3707876008824e-06,-2.94595315330907e-07,-3.54140928065139e-06,-2.37896995113405e-06,6.67525807598135e-06
2018/04/11,3.72779671562556e-05,4.50703661813338e-05,9.40394495385648e-06,-3.97364634031525e-06,-6.76458867010483e-07,-3.80711459592836e-06,-2.48749945570387e-06,6.65989848248473e-06
2018/04/12,-4.88733287489976e-05,3.83857521003836e-05,2.17445883747307e-05,-5.45910983629284e-06,-1.02211362456175e-06,-4.05273689834895e-06,-2.59602368162619e-06,6.64385550287145e-06
2018/04/15,-8.44379364962135e-05,1.36704807102605e-05,3.37042012310275e-05,-6.7709562210603e-06,-1.3276503563064e-06,-4.27672681778184e-06,-2.70443408768426e-06,6.62711803300976e-06
2018/04/16,-2.88693435721575e-05,-2.80996711225201e-05,4.44298244120086e-05,-7.85296362686272e-06,-1.58915983056615e-06,-4.47753498409571e-06,-2.81262213266128e-06,6.60967496876789e-06
2018/04/17,7.15353521206953e-05,-6.80626241586055e-05,5.30198590975251e-05,-8.64891018594525e-06,-1.80273281566269e-06,-4.65361202715926e-06,-2.9204792753405e-06,6.59151520601408e-06
2018/04/18,6.05461103865276e-05,-8.62086510486545e-05,5.85727064674278e-05,-9.102574030553e-06,-1.96446007991773e-06,-4.80340857684115e-06,-3.02789697450514e-06,6.57262764061658e-06
2018/04/19,-2.10663988315578e-06,-7.55242254251984e-05,5.99358984599673e-05,-9.15697845752362e-06,-2.07118722706042e-06,-4.92537526301008e-06,-3.13476668893841e-06,6.55300116844363e-06
2018/04/22,-4.07380472719641e-05,-2.77602932004788e-05,5.4972944122425e-05,-8.77056456553695e-06,-2.12379613440996e-06,-5.01796271553473e-06,-3.24097987742356e-06,6.53262468536348e-06
2018/04/23,-1.44270190134173e-05,5.63764713280094e-05,4.13742995622111e-05,-7.97476719175353e-06,-2.1279912425337e-06,-5.07962156428379e-06,-3.3464279987438e-06,6.51148708724435e-06
2018/04/24,3.00170997472828e-05,8.61957287090034e-05,1.68498749621676e-05,-6.81945831680587e-06,-2.09043653613697e-06,-5.10885982694813e-06,-3.45100251168236e-06,6.4895772699545e-06
2018/04/25,-3.35923335750275e-05,-5.60371387695982e-06,-1.86301825944903e-05,-5.35450992132656e-06,-2.01726531157995e-06,-5.10471620956377e-06,-3.55459487502248e-06,6.46688412936218e-06
2018/04/26,-4.35223941584549e-06,-8.91147734002075e-05,-5.60547784230555e-05,-3.62979398594812e-06,-1.91325597569608e-06,-5.0675843076935e-06,-3.65709654754737e-06,6.4433965613356e-06
2018/04/29,6.6415102528642e-05,-5.38153853063277e-06,-8.36483712838696e-05,-1.69518249130312e-06,-1.78251398434611e-06,-4.99854130800455e-06,-3.7583883479085e-06,6.41910346174303e-06
2018/04/30,-9.59106481636404e-05,0.000113757975275371,-8.76185813189602e-05,3.99452581975891e-07,-1.62905183991167e-06,-4.89879991117028e-06,-3.85830853423028e-06,6.39399372645271e-06
2018/05/01,8.6422611858635e-05,-2.33247468956051e-05,-5.88742464555479e-05,2.5915785046567e-06,-1.45688204477443e-06,-4.7695960705526e-06,-3.95667211194857e-06,6.36805625133286e-06
2018/05/02,0.000165869815778478,-0.000159222875118723,-9.14591437993893e-06,4.76801955310841e-06,-1.27001710131606e-06,-4.61221618974056e-06,-4.05324363627213e-06,6.34127993225175e-06
2018/05/03,6.60973363928191e-05,-0.000146795710152263,4.46814613395195e-05,6.80293925510042e-06,-1.07246951191822e-06,-4.42795928487995e-06,-4.1477750498529e-06,6.3136536650776e-06
2018/05/06,-0.000210845779591198,1.72946530299408e-05,8.59270133653995e-05,8.57050113840218e-06,-8.68251778962561e-07,-4.21812437211661e-06,-4.24001829534285e-06,6.28516634567866e-06
2018/05/07,0.000209240015732473,0.000196064451638032,9.79608959180037e-05,9.94486873078308e-06,-6.61376404830746e-07,-3.98401046759633e-06,-4.32972531539393e-06,6.25580686992318e-06
2018/05/08,-0.000188045011784501,1.40351889442323e-05,7.07651681299378e-05,1.08236974153617e-05,-4.55855891904447e-07,-3.72691658746495e-06,-4.41664805265811e-06,6.22556413367939e-06
2018/05/09,8.10888710552469e-05,-0.000154949367660916,2.07695087830209e-05,1.11986099966531e-05,-2.55702742565309e-07,-3.44814174786826e-06,-4.50053844978736e-06,6.19442703281554e-06
2018/05/10,0.000107677944248931,-0.000119724155076173,-3.07091627531923e-05,1.10850272561461e-05,-6.52355808196779e-08,-3.1489849649521e-06,-4.58114844943361e-06,6.16238446319986e-06
2018/05/13,-6.52482940258018e-05,7.47161372814991e-05,-6.96246409748215e-05,1.04992118659348e-05,1.10385078720824e-07,-2.83074525486227e-06,-4.65822999424885e-06,6.12942532070061e-06
2018/05/14,3.19306009728686e-05,4.15901453753976e-05,-8.86051160155296e-05,9.45620223616427e-06,2.67222983393681e-07,-2.49472163374458e-06,-4.73153502688501e-06,6.09553850118602e-06
2018/05/15,-1.20794614098555e-05,-1.15934428291392e-05,-9.44968547498505e-05,7.9706541810861e-06,4.01724476429775e-07,-2.14221311774486e-06,-4.80081548999408e-06,6.06071290052433e-06
2018/05/16,5.53180184669733e-06,2.11185843322459e-06,-9.44803438192203e-05,6.05722351495187e-06,5.10335901060029e-07,-1.77451872300891e-06,-4.86582332622801e-06,6.02493741458378e-06
2018/05/17,-8.83031479550719e-06,-6.55260874947836e-06,-8.55386959418879e-05,3.74751305896475e-06,5.89503600515329e-07,-1.39293746568256e-06,-4.92631047823875e-06,5.98820093923263e-06
2018/05/20,1.7615098953683e-05,1.6269995560434e-05,-7.14080354849791e-05,1.140913662134e-06,6.35673918026592e-07,-9.98768361911618e-07,-4.98202888867827e-06,5.9504923703391e-06
2018/05/21,-2.85684694015353e-05,1.32669065250937e-05,-5.83542190435111e-05,-1.64623681957956e-06,6.45293196824717e-07,-5.93310427841895e-07,-5.03273050019852e-06,5.91180060377145e-06
2018/05/22,3.99770974430251e-05,-2.90754285734181e-05,-4.38962881944923e-05,-4.49760053021511e-06,6.14807780140597e-07,-1.77862679619209e-07,-5.07816725545147e-06,5.87211453539791e-06
2018/05/23,-5.10807846622663e-05,-2.74544569101435e-05,-2.39781793774078e-05,-7.29683961381184e-06,5.40749538871931e-07,2.46190338943844e-07,-5.11809109708908e-06,5.83142306108672e-06
2018/05/24,-2.21237232416769e-05,4.80043650201617e-06,6.93016398728788e-07,-9.92761621440891e-06,4.19992454583484e-07,6.77121973367578e-07,-5.15225396776331e-06,5.78971507670614e-06
2018/05/27,6.95549283430658e-05,2.35884744381125e-05,2.81893564127546e-05,-1.22735924760455e-05,2.49585899925505e-07,1.11303017808684e-06,-5.18040781012611e-06,5.74697947812439e-06
2018/05/28,-1.03557935376169e-05,2.30757514690194e-06,5.60493464217256e-05,-1.42184305427609e-05,2.69387012229411e-08,1.55165345386176e-06,-5.20230456682944e-06,5.70320516120972e-06
2018/05/29,-7.77314524496429e-05,-1.61034987479278e-05,7.9677286095573e-05,-1.56457925585941e-05,-2.50369479544327e-07,1.99055946579756e-06,-5.21769618052528e-06,5.65838102183037e-06
2018/05/30,7.64149915423411e-05,3.50230836348983e-06,9.43839166851725e-05,-1.64393406675845e-05,-5.84383226431461e-07,2.42694012503447e-06,-5.22633459386557e-06,5.61249595585459e-06
2018/05/31,-3.66139664391351e-06,1.28586837229783e-05,9.72399518523011e-05,-1.64827370137711e-05,-9.76835762847932e-07,2.85767598206707e-06,-5.22797174950228e-06,5.56553885915062e-06
2018/06/03,-5.50543171784108e-05,6.77366027986983e-06,8.67141599542922e-05,-1.56947624214549e-05,-1.42630721279677e-06,3.27950400905189e-06,-5.22235959008737e-06,5.5174986275867e-06
2018/06/04,-5.59225129581754e-05,-6.35423468887813e-06,6.51075557198028e-05,-1.41346724359842e-05,-1.91931668767777e-06,3.68913824981591e-06,-5.20925005827278e-06,5.46836415703106e-06
2018/06/05,4.74039360409695e-05,-1.77005058483935e-05,3.5679215470321e-05,-1.18968412829689e-05,-2.43937377782231e-06,4.0832927481861e-06,-5.18839885924248e-06,5.41812810588394e-06
2018/06/06,-4.0185290977013e-05,-1.87743213003528e-05,1.68821552733499e-06,-9.07564318801889e-06,-2.96998807356178e-06,4.45868154798947e-06,-5.15957674830831e-06,5.36679818267346e-06
2018/06/07,4.43910765603292e-06,-1.64922175157293e-05,-3.35413779822117e-05,-5.76545237674419e-06,-3.49466916522757e-06,4.81201869305299e-06,-5.12255824331409e-06,5.31438585845975e-06
2018/06/10,3.33741800748954e-05,1.16864789805081e-06,-6.62818929751464e-05,-2.06064307475477e-06,-3.99692664315105e-06,5.14001822720365e-06,-5.07711786210367e-06,5.26090260430291e-06
2018/06/11,-3.45696898017863e-05,2.8568093206599e-05,-9.13057683961216e-05,1.94441049233941e-06,-4.46027009766363e-06,5.43939419426844e-06,-5.02303012252088e-06,5.20635989126306e-06
2018/06/12,3.8252945361775e-05,1.45991508507751e-06,-0.000101024985125662,6.15533409892842e-06,-4.86820911909667e-06,5.70686063807434e-06,-4.96007231517972e-06,5.15077196317049e-06
2018/06/13,-4.28119443552723e-05,-3.14046513921335e-05,-9.18508421504802e-05,1.04396335080849e-05,-5.20425329778157e-06,5.93913160244834e-06,-4.88803282177485e-06,5.09416415493614e-06
2018/06/14,4.65904501369032e-05,-2.30182612308161e-05,-6.33683311994281e-05,1.45123344376121e-05,-5.4519122240497e-06,6.13292113121742e-06,-4.80670279677112e-06,5.03656457424113e-06
2018/06/17,3.26594397009262e-05,-1.42004060375955e-05,-2.35312647930675e-05,1.80503425939958e-05,-5.5948198376946e-06,6.28506761767073e-06,-4.71587339463336e-06,4.97800132876659e-06
2018/06/18,-4.95625694389554e-05,1.84331579973936e-06,1.76048093472823e-05,2.07305636837219e-05,-5.6177478138948e-06,6.39354719048239e-06,-4.61533576982641e-06,4.91850252619363e-06
2018/06/19,4.92294413317617e-05,2.14872936455132e-05,4.99843435003019e-05,2.22299034132762e-05,-5.50815352743646e-06,6.4590396433381e-06,-4.50489904221904e-06,4.85809627420338e-06
2018/06/20,-4.86987664938579e-05,3.98484942261864e-06,6.54253393105454e-05,2.22274684752359e-05,-5.25633567673344e-06,6.48294280028692e-06,-4.38445002450703e-06,4.79681068047694e-06
2018/06/21,1.51532277155967e-05,-1.96870233179484e-05,6.31449274346389e-05,2.05069059189672e-05,-4.8620648655674e-06,6.46669577562664e-06,-4.25391681963484e-06,4.73467385269545e-06
2018/06/24,5.13991684189792e-05,-1.24520176195984e-05,4.42389848437669e-05,1.72370094296221e-05,-4.32998452782096e-06,6.4117435148662e-06,-4.11323336175812e-06,4.67171389854001e-06
2018/06/25,1.01268911226353e-05,3.27272257172707e-05,1.43880894921741e-05,1.26823091047766e-05,-3.66540605837923e-06,6.31956712651155e-06,-3.96236974802951e-06,4.60795892569175e-06
2018/06/26,-6.44857315818845e-05,2.82364782214602e-05,-1.02806266426698e-05,7.1073350420065e-06,-2.87364085212732e-06,6.19179237105648e-06,-3.80144072758951e-06,4.54343704183179e-06
2018/06/27,7.58167879349164e-05,-5.58587002416527e-05,-2.04639947629122e-05,7.76617338887508e-07,-1.9600003039503e-06,6.03008117199179e-06,-3.6305972125756e-06,4.47817635464125e-06
2018/06/28,-8.95917754845908e-05,-3.53364000787257e-05,-1.28256440285169e-05,-5.97396540094759e-06,-9.29795808733271e-07,5.83609545280824e-06,-3.44999011512525e-06,4.41220497180125e-06
2018/07/01,0.000104123276462095,6.65707957710564e-05,2.06545416590757e-06,-1.25231405496384e-05,2.1166123863867e-07,5.61149713699661e-06,-3.25977034737595e-06,4.3455510009929e-06
2018/07/02,-8.45954874982033e-06,6.09634491251218e-05,1.17976718563933e-05,-1.81782869732675e-05,1.45905944328045e-06,5.35794814804769e-06,-3.06008882146516e-06,4.27824254989733e-06
2018/07/03,-0.000128910991970796,-6.63261269234608e-06,1.15222423377358e-05,-2.23700633143109e-05,2.80708741030694e-06,5.07711040945224e-06,-2.85109644953037e-06,4.21030772619565e-06
2018/07/04,0.000136800929334613,-4.24136084202555e-05,2.13665910025003e-06,-2.50222473208183e-05,4.25043374483308e-06,4.77064584470106e-06,-2.63294414370904e-06,4.14177463756899e-06
2018/07/05,7.45161406508984e-05,-3.15419252336177e-05,-1.38366143750429e-05,-2.61813864431508e-05,5.78327697789218e-06,4.4402163772849e-06,-2.40578281613865e-06,4.07267139169846e-06
2018/07/08,3.76227111750087e-05,-1.34370132629281e-06,-3.05094071454308e-05,-2.58903189004674e-05,7.39608640931518e-06,4.08748393069456e-06,-2.16976337895668e-06,4.00302609626519e-06
2018/07/09,-0.000138959421057215,1.11626191979159e-05,-3.74830887587142e-05,-2.41846970983414e-05,9.07214552534733e-06,3.71411042842081e-06,-1.92503674430061e-06,3.93286685895028e-06
2018/07/10,0.000133395100675823,-8.35038027814372e-06,-2.59833155074064e-05,-2.11520867084811e-05,1.07930688773579e-05,3.32175779395443e-06,-1.6717538243079e-06,3.86222178743487e-06
2018/07/11,5.21744110361921e-05,-2.31734734061995e-06,1.08328315093223e-06,-1.70943822066394e-05,1.2540471016716e-05,2.91208795078619e-06,-1.41006553111604e-06,3.79111898940007e-06
2018/07/12,-0.000115007951548283,1.93566036723277e-05,3.31266168454899e-05,-1.23670602695802e-05,1.42959664947911e-05,2.48676282240688e-06,-1.1401227768625e-06,3.71958657252699e-06
2018/07/15,0.000103081544270121,2.04972567173918e-05,5.82864038395908e-05,-7.32559757406754e-06,1.60411698629522e-05,2.04744433230727e-06,-8.62076473684761e-07,3.64765264449677e-06
2018/07/16,-2.80109793506087e-05,-2.26585101840158e-05,6.69595542809342e-05,-2.32547079686539e-06,1.77576956725686e-05,1.59579440397815e-06,-5.7607753372029e-07,3.57534531299051e-06
2018/07/17,-7.73491014959665e-05,-3.19675532134292e-05,5.85144418315081e-05,2.33514740847265e-06,1.94271584750096e-05,1.13347496091027e-06,-2.82276869106564e-07,3.50269268568935e-06
2018/07/18,6.56435983496989e-05,3.78823192456048e-05,3.62831143572327e-05,6.58730048123436e-06,2.10311728216444e-05,6.6214792659443e-07,1.91746080189362e-08,3.42972287027438e-06
2018/07/19,-5.63519243514205e-05,3.20440779241679e-05,1.01774095421657e-05,1.04193358839179e-05,2.25513532638423e-05,1.83475224521399e-07,3.28125985518735e-07,3.35646397442675e-06
2018/07/22,5.05901085751585e-05,-4.83295825395452e-05,-1.23779357502236e-05,1.38196010790213e-05,2.39693143529724e-05,-3.00881221818032e-07,6.44426351255367e-07,3.28294410582756e-06
2018/07/23,-4.87023705720939e-05,2.04920266447667e-06,-2.6794517104255e-05,1.67764435290429e-05,2.5266670640404e-05,-7.89259488933103e-07,9.67924793091343e-07,3.20919137215794e-06
2018/07/24,4.99042928423716e-05,4.88113641202628e-05,-3.54064606624166e-05,1.92782106964806e-05,2.64250366775064e-05,-1.27999765333302e-06,1.29847039888919e-06,3.135233881099e-06
2018/07/25,-5.25143465036322e-05,6.13217193450824e-06,-4.16503308250188e-05,2.13132500438327e-05,2.74260270156487e-05,-1.77143379152702e-06,1.63591225651144e-06,3.06109974033186e-06
2018/07/26,5.46651432762854e-05,-6.2197139063635e-06,-4.64499144654935e-05,2.28699090335973e-05,2.82512562062003e-05,-2.2619059800243e-06,1.98009945382062e-06,2.98681705753765e-06
2018/07/29,-5.50757610005466e-05,-1.41902461537875e-05,-5.01008040755527e-05,2.39365351282725e-05,2.88823388005303e-05,-2.74975229533412e-06,2.33088107867924e-06,2.91241394039748e-06
2018/07/30,5.34456740646078e-05,-2.26488720285013e-05,-5.28985921469085e-05,2.45014757903565e-05,2.93009431696674e-05,-3.23336463362511e-06,2.68810621894983e-06,2.83791849659247e-06
2018/07/31,1.85580355847524e-05,-6.67446900967777e-06,-5.47022799584564e-05,2.45496258566147e-05,2.94924182259903e-05,-3.71136280668333e-06,3.05162396249492e-06,2.76335883380374e-06
2018/08/01,-4.64382129834221e-05,1.32263166530911e-05,-5.36401669277506e-05,2.40657448533639e-05,2.9458165755071e-05,-4.18262119911397e-06,3.42128339717704e-06,2.68876305971241e-06
2018/08/02,-8.7123389912211e-07,1.22370731299717e-05,-4.79010864135766e-05,2.30858404511166e-05,2.92116048159318e-05,-4.64662765346686e-06,3.79693361085869e-06,2.6141592819996e-06
2018/08/05,4.00666001311411e-05,2.63423699756591e-07,-3.76835311869057e-05,2.1659595512867e-05,2.87682924702794e-05,-5.10302021753304e-06,4.17842369140242e-06,2.53957560834643e-06
2018/08/06,-3.89854207395633e-05,-8.73319373985415e-06,-2.4564832567819e-05,1.98366929016096e-05,2.81437857798206e-05,-5.55143693910357e-06,4.56560272667074e-06,2.46504014643401e-06
2018/08/07,3.97602503051285e-05,-1.77332348270006e-05,-1.00582286223329e-05,1.76668154803388e-05,2.73536418062624e-05,-5.99151586596951e-06,4.95831980452618e-06,2.39058100394347e-06
2018/08/08,4.64753191841223e-06,-1.78026449823455e-05,4.32417091824938e-06,1.51996461120491e-05,2.64134176113115e-05,-6.42289504592188e-06,5.35642401283126e-06,2.31622628855593e-06
2018/08/09,-4.54316943946519e-05,-7.1440093315419e-06,1.67545727625391e-05,1.24848676597349e-05,2.53386702566747e-05,-6.84521252675176e-06,5.75976443944851e-06,2.24200410795251e-06
2018/08/12,-1.53579393234863e-05,1.09465991695158e-05,2.53262627291261e-05,9.57216298639049e-06,2.41449568040589e-05,-7.25810635625018e-06,6.16819017224045e-06,2.16794256981432e-06
2018/08/13,5.09233028927111e-05,2.50781300743598e-05,2.81262434428535e-05,6.51749814875686e-06,2.28478343151708e-05,-7.6612145822082e-06,6.58155029906961e-06,2.09406978182248e-06
2018/08/14,5.60047731403024e-05,2.27022016904139e-05,2.40724924200098e-05,3.40197197856076e-06,2.14628598517173e-05,-8.05417525241688e-06,6.99969390779851e-06,2.02041385165812e-06
2018/08/15,1.63220928820079e-05,1.03825869413034e-06,1.55011346488606e-05,3.12966501275395e-07,2.00055904754053e-05,-8.43662641466726e-06,7.42247008628967e-06,1.94700288700235e-06
2018/08/16,-5.86667760169454e-05,-1.66191456599519e-05,5.6044027841024e-06,-2.66213625762597e-06,1.84915832479414e-05,-8.8082061167504e-06,7.84972792240562e-06,1.87386499553629e-06
2018/08/19,5.76828056630393e-05,-1.03772675460822e-05,-2.57266597190099e-06,-5.4359542726701e-06,1.69363952310326e-05,-9.16855240645734e-06,8.28131650400889e-06,1.80102828494106e-06
2018/08/20,-5.53464557565751e-05,2.42761133596237e-06,-6.75568648920174e-06,-7.92110551838379e-06,1.53555834863856e-05,-9.51730521248893e-06,8.71708679987179e-06,1.72852086289779e-06
2018/08/21,5.24732947833251e-05,4.4816804587099e-06,-6.06386142347171e-06,-1.00302079692938e-05,1.37647050757073e-05,-9.85411198718521e-06,9.15689730240582e-06,1.65637083708758e-06
2018/08/22,-5.00664936834111e-05,-3.33690982611034e-06,-2.17439426622757e-06,-1.16815380268446e-05,1.21793170607045e-05,-1.0178622063796e-05,9.6006083849323e-06,1.58460631519156e-06
2018/08/23,4.88396254606527e-05,-4.48380827737436e-06,1.83121293025251e-06,-1.28160058001516e-05,1.0614976503084e-05,-1.04904847755711e-05,1.00480804207725e-05,1.51325540489086e-06
2018/08/26,-4.89513847875697e-05,8.46388536212151e-06,3.96250721733772e-06,-1.3380179825248e-05,9.08724046455263e-06,-1.07893494557604e-05,1.04991737832478e-05,1.44234621386658e-06
2018/08/27,-3.45745464008308e-06,5.75644692759451e-06,3.34525439882665e-06,-1.33473097577589e-05,7.61166600681719e-06,-1.10748654376137e-05,1.09537488456794e-05,1.37190684979984e-06
2018/08/28,5.17208918887682e-05,-1.18908161810185e-05,4.24129899777629e-07,-1.27928897991609e-05,6.1993302590672e-06,-1.13466820543808e-05,1.14116659813886e-05,1.30196542037178e-06
2018/08/29,3.03069895910361e-05,-3.26271494180882e-05,-4.05779257150459e-06,-1.18011755404533e-05,4.84339062042306e-06,-1.16044486393116e-05,1.18727855636968e-05,1.23255003326349e-06
2018/08/30,1.75257458812071e-05,-4.24496355504917e-05,-9.35743930671523e-06,-1.04526947480927e-05,3.53327666546253e-06,-1.18478145256559e-05,1.23369679659253e-05,1.16368879615612e-06
2018/09/02,-5.46752036973651e-05,-2.67714626632442e-05,-1.47775906075386e-05,-8.83098362043477e-06,2.26142640066207e-06,-1.20764290466634e-05,1.28040735613952e-05,1.09540981673076e-06
2018/09/03,5.35709033208546e-05,1.65144040829341e-05,-1.98044428156152e-05,-7.02033046380958e-06,1.0210299404729e-06,-1.22899415355841e-05,1.32739627234281e-05,1.02774120266856e-06
2018/09/04,-5.12039269223411e-05,5.03183637785892e-05,-2.39700462825746e-05,-5.10502358454735e-06,-1.94722600653801e-07,-1.24880013256677e-05,1.3746495825345e-05,9.6071106165061e-07
2018/09/05,-3.55293476721538e-05,6.93262414626863e-05,-2.68064513600464e-05,-3.16935128897827e-06,-1.39264110826682e-06,-1.26702577501641e-05,1.42215332404675e-05,8.94347501358047e-07
2018/09/06,1.77454419763152e-06,7.48240978716704e-05,-2.78457083996602e-05,-1.29760188343249e-06,-2.57953546791496e-06,-1.28363601423232e-05,1.46989353421166e-05,8.28678629471983e-07
2018/09/09,4.27637307237795e-05,6.68346000078861e-05,-2.65669127517439e-05,4.33863306947836e-07,-3.76221556514701e-06,-1.29859398434226e-05,1.51785445116417e-05,7.63732553673543e-07
2018/09/10,-4.18956058428787e-05,4.13349444497473e-05,-2.22373397614182e-05,1.98039088177277e-06,-4.94749128551185e-06,-1.31185562268515e-05,1.56601311625035e-05,6.99537381643844e-07
2018/09/11,-3.82292631309276e-05,-9.27630049503057e-06,-1.40713097725021e-05,3.30525442184041e-06,-6.14217251455821e-06,-1.32337506740271e-05,1.61434477161905e-05,6.36121221064001e-07
2018/09/12,2.60795565148012e-05,-5.21148808700139e-05,-1.28314312881456e-06,4.37172750794887e-06,-7.35306913783493e-06,-1.33310645663665e-05,1.66282465941913e-05,5.73512179615136e-07
2018/09/13,4.71414311643405e-05,-5.15878929193152e-05,1.60043472819953e-05,5.14185214581807e-06,-8.58575946581265e-06,-1.34100392852868e-05,1.71142802179945e-05,5.1173836497837e-07
2018/09/16,-4.9938905344721e-05,4.87263289047679e-07,3.40343783969586e-05,5.5727440408553e-06,-9.84089550864931e-06,-1.34702162122052e-05,1.76013010090887e-05,4.50827884834818e-07
2018/09/17,5.21789440179835e-05,1.78982889532868e-05,4.81416746092764e-05,5.62028732338964e-06,-1.11178977014247e-05,-1.35111219446875e-05,1.80890466051114e-05,3.90808846865606e-07
2018/09/18,-5.32276378118529e-05,-1.1512506914834e-05,5.35786897528352e-05,5.24130033839044e-06,-1.2417120693859e-05,-1.35322239448953e-05,1.85771955082954e-05,3.31709358751854e-07
2018/09/19,-3.939730168879e-05,-6.56497903806071e-06,4.66696916258224e-05,4.42115500365243e-06,-1.37434415862195e-05,-1.35329748911387e-05,1.90654114370224e-05,2.73557528174671e-07
2018/09/20,5.16759439226265e-05,1.09710789373621e-05,2.92602622733475e-05,3.24526472049868e-06,-1.51056544731901e-05,-1.3512827461728e-05,1.95533581096742e-05,2.16381462815179e-07
2018/09/23,-4.98003751815101e-05,1.5588827476311e-06,5.19690104416555e-06,1.82307611249114e-06,-1.65125555494156e-05,-1.34712343349733e-05,2.00406992446324e-05,1.60209270354509e-07
2018/09/24,-2.62622321027573e-05,-1.61502252417613e-05,-1.9273808304621e-05,2.63295657632177e-07,-1.79722008639813e-05,-1.34076481891851e-05,2.05270985602787e-05,1.05069058473766e-07
2018/09/25,4.6043732149754e-05,-1.21329148526092e-05,-3.77049900923165e-05,-1.32551530542329e-06,-1.94925013266248e-05,-1.33215217026734e-05,2.1012219774995e-05,5.09889348540793e-08
2018/09/26,-9.75296902993084e-06,2.04935150723838e-05,-4.58561527451602e-05,-2.83479543802036e-06,-2.10813678470838e-05,-1.32123075537486e-05,2.14957266071629e-05,-2.00299282344138e-09
2018/09/27,-4.44551095575121e-05,2.3563261560113e-05,-4.22988267946123e-05,-4.17356004661791e-06,-2.27467113350961e-05,-1.30794584207208e-05,2.19772827751641e-05,-5.38786168776625e-08
2018/09/30,4.47903140984149e-05,-2.94989085757829e-05,-2.78899039656163e-05,-5.32113101813001e-06,-2.44964427003994e-05,-1.29224269819004e-05,2.24565519973803e-05,-1.04609829627481e-07
2018/10/01,-4.56379721840763e-05,-1.49295839538371e-05,-9.81271674416901e-06,-6.27440688458449e-06,-2.63384728527313e-05,-1.27406659155976e-05,2.29331979921932e-05,-1.5416852339177e-07
2018/10/02,4.66957740877768e-05,4.66620783955138e-05,5.59633847373731e-06,-7.0302861780092e-06,-2.82807127018298e-05,-1.25336279001225e-05,2.34068844779846e-05,-2.0252659048941e-07
2018/10/03,-4.80858186891086e-05,2.00167703448742e-05,1.40691687459312e-05,-7.58506499564317e-06,-3.03316755922212e-05,-1.23007656137855e-05,2.38772751731362e-05,-2.49655923239281e-07
2018/10/04,1.15239531221782e-05,-3.33714225179362e-05,1.70157584745415e-05,-7.93262969557025e-06,-3.25022846075873e-05,-1.20415317348968e-05,2.43440337960297e-05,-2.95528413960262e-07
2018/10/07,5.99611622273268e-05,-6.34471175903089e-05,1.72643967188382e-05,-8.06504952215178e-06,-3.48040652663986e-05,-1.17553789417666e-05,2.48068240650467e-05,-3.40115954971241e-07
2018/10/08,5.98771450804317e-05,-3.8122982089469e-05,1.71439965650104e-05,-7.9728749286576e-06,-3.72452031624823e-05,-1.14417599127052e-05,2.52653096985691e-05,-3.83390438591095e-07
2018/10/09,-6.81211400661784e-05,3.90598078880486e-05,1.70041873909296e-05,-7.65961491439536e-06,-3.98197106646941e-05,-1.11001273260227e-05,2.57191544149785e-05,-4.253237571387e-07
2018/10/10,-6.67238046198308e-05,5.45178705722795e-05,1.6700081317121e-05,-7.13624754484795e-06,-4.25141310757144e-05,-1.07299338600296e-05,2.61680219326566e-05,-4.65887802932942e-07
2018/10/11,-1.81778491450204e-05,1.66190520055709e-05,1.60873395591059e-05,-6.41946023537596e-06,-4.53092983483461e-05,-1.03306321930359e-05,2.66115759699852e-05,-5.05054468292702e-07
2018/10/14,9.96908773445418e-05,-2.63814094457127e-05,1.50238197123889e-05,-5.53331742420993e-06,-4.81786694125219e-05,-9.90167500335194e-06,2.7049480245346e-05,-5.42795645536861e-07
2018/10/15,-0.000107823699363502,-3.26594837678463e-05,1.33679284674707e-05,-4.50695630145917e-06,-5.10906284462958e-05,-9.44251496928795e-06,2.74813984771206e-05,-5.79083226984294e-07
2018/10/16,-3.5532710187369e-05,1.4799785633152e-06,1.11614358055404e-05,-3.37043332527195e-06,-5.40126403596829e-05,-8.95260476915419e-06,2.79069943836909e-05,-6.13889104953888e-07
2018/10/17,0.000113083618595543,2.36764939782419e-05,9.17956487054119e-06,-2.15380495379646e-06,-5.69121700626984e-05,-8.4313970812609e-06,2.83259316834385e-05,-6.47185171764518e-07
2018/10/18,4.0366698991176e-05,-5.99967921489716e-06,8.28150417252984e-06,-8.87127645180959e-07,-5.97566824653573e-05,-7.87834458391831e-06,2.87378740947451e-05,-6.78943319735072e-07
2018/10/21,-0.000100781405185607,-2.81303413611035e-05,8.90474038314554e-06,4.236522825438e-07,-6.25136424776749e-05,-7.2928999554366e-06,2.91424853359924e-05,-7.09135441184421e-07
2018/10/22,6.34243436834231e-05,1.15448383727082e-05,1.15807914473666e-05,1.86902907181685e-06,-6.51505150096662e-05,-6.6745158741261e-06,2.95394291255622e-05,-7.37733428431452e-07
2018/10/23,7.51288591446484e-05,4.73067741851405e-05,1.79765442035901e-05,3.56349473187562e-06,-6.76346525980271e-05,-6.022645018297e-06,2.99283691818361e-05,-7.64709173795048e-07
2018/10/24,2.45699886606938e-06,1.12817755671766e-05,2.88931028790445e-05,5.61880896605102e-06,-6.99306754735472e-05,-5.33674006625959e-06,3.03089692231959e-05,-7.90034569594086e-07
2018/10/25,-4.87357270952418e-05,-5.30428501862003e-05,4.0508962222749e-05,8.13544115549285e-06,-7.19919135448349e-05,-4.61625369632407e-06,3.06808929680234e-05,-8.13681508147442e-07
2018/10/28,-2.21118637077035e-05,-7.4823777227886e-05,4.78469646141704e-05,1.12033910753551e-05,-7.37612271145027e-05,-3.86063858680071e-06,3.10438041347001e-05,-8.35621881774017e-07
2018/10/29,3.86659210661197e-05,-7.61176318453481e-06,4.54854614518872e-05,1.49106118024504e-05,-7.51794297868219e-05,-3.06934741599972e-06,3.13973664416079e-05,-8.55827582792664e-07
2018/10/30,-4.45537666520898e-05,6.80051577855179e-05,2.63180564233845e-05,1.92518402011306e-05,-7.61872266340665e-05,-2.24194139422858e-06,3.17412436071284e-05,-8.74270503522284e-07
2018/10/31,5.81098107044933e-05,1.2968641833493e-06,-1.30925480266809e-05,2.38489482859042e-05,-7.67246841812037e-05,-1.37862027910136e-06,3.20750993496434e-05,-8.90922536281742e-07
2018/11/01,3.63872497970431e-05,-4.82496300091352e-05,-6.11275336883233e-05,2.8230591858819e-05,-7.67304793792274e-05,-4.80973402205681e-07,3.23985973875345e-05,-9.05755573389939e-07
2018/11/04,-9.74587927403178e-05,-2.25331307405745e-05,-0.000101465826385409,3.19254267219227e-05,-7.61412313009893e-05,4.47352026728792e-07,3.27114014391836e-05,-9.18741507165735e-07
2018/11/05,9.74894068254852e-05,5.59916318535159e-05,-0.000115408981700904,3.44621086772632e-05,-7.48930956546351e-05,1.40224543326615e-06,3.30131752229722e-05,-9.29852229928023e-07
2018/11/06,0.000131341369034119,5.67061829287186e-05,-8.91864659758817e-05,3.53837190796202e-05,-7.29222281483102e-05,2.37959624297063e-06,3.33035824572821e-05,-9.39059633995671e-07
2018/11/07,-0.000140199620109018,-7.55193527018416e-05,-1.90844098123424e-05,3.43056111647528e-05,-7.0179354160211e-05,3.37529388140639e-06,3.35822868604951e-05,-9.46335611687578e-07
2018/11/08,-8.53485225784173e-05,-8.08332005740737e-05,6.56810507676085e-05,3.09158424013542e-05,-6.66734777487356e-05,4.38522777413757e-06,3.38489521509928e-05,-9.5165205532261e-07
2018/11/11,0.00014412093648217,2.62057164007155e-05,0.00013218457995994,2.49247156422914e-05,-6.24358483564565e-05,5.40528734672835e-06,3.41032420471569e-05,-9.54980857219662e-07
2018/11/12,5.45746126506853e-05,0.000125378038045397,0.000148706094009933,1.60732365969246e-05,-5.75284182824388e-05,6.43136202474291e-06,3.43448202673693e-05,-9.56293909697601e-07
2018/11/13,-0.000148859629644316,7.81933266560862e-05,9.61554706258555e-05,4.3892924711144e-06,-5.20208155398709e-05,7.45934123374538e-06,3.45733505300115e-05,-9.55563105075318e-07
2018/11/14,-3.43208718347157e-05,-9.4692331643087e-05,5.96243336792861e-06,-8.98240639976924e-06,-4.59826681419413e-05,8.48511439929993e-06,3.47884965534653e-05,-9.52760335671682e-07
2018/11/15,0.000176099519218621,-0.000114258525805133,-7.78133327406394e-05,-2.26179438979791e-05,-3.94836041018384e-05,9.50457094697079e-06,3.49899220561124e-05,-9.47857493805572e-07
2018/11/18,-0.000201827312426868,0.000121603406580055,-0.000113363129782466,-3.50934039057678e-05,-3.25932514327507e-05,1.0513600302322e-05,3.51772907563346e-05,-9.40826471795895e-07
2018/11/19,0.000233830490070282,8.43584678794138e-05,-8.05315881696101e-05,-4.50887662473971e-05,-2.53812381478668e-05,1.1508091890918e-05,3.53502663725134e-05,-9.31639161961512e-07
2018/11/20,8.44627311051308e-05,-0.000177890817742132,-1.20118450445229e-05,-5.17005557759057e-05,-1.79162309996336e-05,1.24839351383226e-05,3.55085126230308e-05,-9.20267456621301e-07
2018/11/21,-0.000297385056641904,-0.000215624701334984,4.96381202882079e-05,-5.41316180346676e-05,-1.02644719921719e-05,1.34370194701002e-05,3.56516932262683e-05,-9.0668324809413e-07
2018/11/22,0.000319363593965975,0.000172724244826117,7.56940519689732e-05,-5.15769296718102e-05,-2.50007202484907e-06,1.43632343118149e-05,3.57794719006077e-05,-8.9085842869892e-07
2018/11/25,-0.000332340882241538,0.00026424344465233,5.1390095192421e-05,-4.36090245654821e-05,5.28884179860438e-06,1.52584690890308e-05,3.58915123644307e-05,-8.72764890754516e-07
2018/11/26,-0.000222899958913977,3.44118879502652e-05,-2.18337483174888e-05,-3.13635813539383e-05,1.30109933970265e-05,1.61186132273121e-05,3.5987478336119e-05,-8.52374526579818e-07
2018/11/27,0.000344888072897267,-0.000226401994587115,-9.43699421111887e-05,-1.63678521098183e-05,2.05751066892552e-05,1.69395561522232e-05,3.60670335340543e-05,-8.29659228493695e-07
2018/11/28,4.78592323685474e-05,-8.12415182269935e-05,-0.000115350418592049,-5.33329856498645e-08,2.78899055941289e-05,1.77171872893279e-05,3.61298416766184e-05,-8.04590888815045e-07
2018/11/29,-0.000366428343588673,0.000133935964196193,-7.6640946866413e-05,1.6531503546486e-05,3.48641140304854e-05,1.84473960641906e-05,3.61755664821929e-05,-7.77141399862721e-07
2018/12/02,0.000385761300185732,4.08635850007696e-05,1.39843515167666e-05,3.24339409346201e-05,4.1406455917163e-05,1.91260719023753e-05,3.62038731948504e-05,-7.4728417964644e-07
2018/12/03,-0.000336297203137176,-9.52675787090584e-05,0.000121219965081877,4.6701262626783e-05,4.74256551729997e-05,1.97491042294464e-05,3.62144331614267e-05,-7.1499874893915e-07
2018/12/04,-0.000424385563351891,-5.40457076682668e-05,0.000188900416176302,5.83807520710055e-05,5.28304357168337e-05,2.03123824709679e-05,3.62069192544484e-05,-6.80266154204592e-07
2018/12/05,0.000429156076139546,0.000153923432062873,0.000197797188394877,6.65196927153183e-05,5.7529521467503e-05,2.0811796052504e-05,3.6181004346442e-05,-6.43067441906586e-07
2018/12/06,-1.82483560235142e-05,9.79079745983606e-05,0.000145404548315232,7.04271849763316e-05,6.14316363438457e-05,2.12432343996187e-05,3.61363655471124e-05,-6.03387895687116e-07
2018/12/09,-0.000392059148256782,-0.000119938851316087,5.25391163395226e-05,7.04595971449736e-05,6.44455042646999e-05,2.16025869378766e-05,3.60726969148776e-05,-5.6122974790127e-07
2018/12/10,-3.21194764110198e-05,-0.00027643578251405,-5.41518986739678e-05,6.7208601868982e-05,6.65063617606737e-05,2.18857430928415e-05,3.59896967453337e-05,-5.16599468082372e-07
2018/12/11,0.000187638513252358,-0.000342532277451601,-0.000148021287866954,6.11598213490146e-05,6.76554958094549e-05,2.20885922900776e-05,3.58870633340769e-05,-4.69503525763773e-07
2018/12/12,0.000256183779832473,-0.000333992204410581,-0.000206140112961004,5.27723651739595e-05,6.79607060005013e-05,2.22070239551492e-05,3.57644949767033e-05,-4.19948390478804e-07
2018/12/13,7.20615311333978e-05,-0.000254918411659452,-0.000222826585147858,4.25053429327047e-05,6.7488873542157e-05,2.22377925385631e-05,3.562174332498e-05,-3.67940531760789e-07
2018/12/16,-0.00016445110594189,-0.000118543726110938,-0.000205605546973697,3.08099563856833e-05,6.63029606760694e-05,2.21813580328396e-05,3.54587734553574e-05,-3.13486419143091e-07
2018/12/17,0.000133482008328331,7.66425475292499e-05,-0.000164344276821642,1.81057759795096e-05,6.44640294938017e-05,2.20400039984738e-05,3.52756270263955e-05,-2.56592522159008e-07
2018/12/18,-0.000116639624581878,0.0002866312240914,-0.000108902145246361,4.80446433234327e-06,6.20328966446743e-05,2.18161665344493e-05,3.50724386004082e-05,-1.97265310341904e-07
2018/12/19,0.000111918034749644,0.00017712228605882,-4.85781385690755e-05,-8.68231593765621e-06,5.90703787780078e-05,2.1512258513811e-05,3.48493659656481e-05,-1.3551125322509e-07
2018/12/20,-1.21703021804296e-05,-7.02827173128834e-05,9.57029382276625e-06,-2.19429022123293e-05,5.56372925431229e-05,2.11306928096039e-05,3.46065669103677e-05,-7.13368203419284e-08
2018/12/23,-0.000118421992594015,-0.000157843953685218,5.90460867751617e-05,-3.45656318735163e-05,5.17944545893398e-05,2.06738822948732e-05,3.43441992228197e-05,-4.74848122573781e-09
2018/12/25,0.000120020966489867,4.28700655543709e-05,9.57676724389965e-05,-4.61388423030578e-05,4.76026815659794e-05,2.01442398426638e-05,3.40624206912565e-05,6.42472945901516e-08
2018/12/26,7.72887275686547e-05,0.0001248611090577,0.000125315472184711,-5.62508708827941e-05,4.31227901223619e-05,1.95441783260207e-05,3.37613891039306e-05,1.35644037572396e-07
2018/12/27,-0.000111319655221107,-2.3561825675962e-05,0.000151748176897731,-6.44900549945659e-05,3.84155969078082e-05,1.8876110617989e-05,3.34412622490948e-05,2.0943527818765e-07
2018/12/30,-0.000111194740709512,-0.000152903837292994,0.000163465642813695,-7.05348085300296e-05,3.35419185716385e-05,1.81424495916137e-05,3.31021979150014e-05,2.85614546902599e-07
2019/01/01,0.00011154457649942,-2.48060050877718e-05,0.000147501407897626,-7.44238514201066e-05,2.85625717631735e-05,1.73456081199397e-05,3.2744353889903e-05,3.6417537418391e-07
2019/01/02,-0.000117296437431067,0.000186909269294897,9.98215005444536e-05,-7.62859801055344e-05,2.35383731317338e-05,1.64879990760122e-05,3.23678879620522e-05,4.4511129049822e-07
2019/01/03,0.000128155368120354,4.66367221036322e-05,2.38941776045775e-05,-7.62499910270507e-05,1.85301393266398e-05,1.55720353328761e-05,3.19729579197015e-05,5.28415826312218e-07
2019/01/06,3.857158960887e-05,-0.000144262229702487,-5.56458041698055e-05,-7.44392255178613e-05,1.35932318896806e-05,1.46001297635764e-05,3.15597215511036e-05,6.14082512092554e-07
2019/01/07,-0.000151244039399331,-0.000151405007431936,-0.00010887206305105,-7.09538911401866e-05,8.75987859165946e-06,1.35746952411582e-05,3.11283366445108e-05,7.02104878305918e-07
2019/01/08,0.000155028291072748,5.06164224457896e-05,-0.0001133124700741,-6.58834869852781e-05,4.05159873241099e-06,1.24981446386665e-05,3.06789609881758e-05,7.92476455418944e-07
2019/01/09,-7.32764857946939e-05,8.56431411493497e-05,-7.62789104390954e-05,-5.93488491641039e-05,-5.11748253674958e-07,1.13728908291463e-05,3.02117523703512e-05,8.85190773898316e-07
2019/01/10,-0.000138783810765803,1.41280430641101e-06,-1.61047513150862e-05,-5.16014152299361e-05,-4.91168903054926e-06,1.02013466856426e-05,2.97268685792894e-05,9.80241364210686e-07
2019/01/13,-2.60302110415803e-05,-3.80464487663042e-05,3.80556423891621e-05,-4.29252730966231e-05,-9.13009678674773e-06,8.98592508120047e-06,2.9224467403243e-05,1.07762175682273e-06
2019/01/14,3.24015880108264e-05,-1.68911813956014e-05,7.16835292091214e-05,-3.36045106780132e-05,-1.31488447108062e-05,7.72903888886489e-06,2.87047066304646e-05,1.17732548220111e-06
2019/01/15,8.02968804119888e-05,3.31384979717955e-05,8.4456443000359e-05,-2.39232158879547e-05,-1.69498059912608e-05,6.43310098168091e-06,2.81677440492068e-05,1.27934607081249e-06
2019/01/16,-6.21389128091446e-05,4.73952609197546e-05,7.85934888212265e-05,-1.41436971038016e-05,-2.05148538166472e-05,5.10052423269352e-06,2.7613737447722e-05,1.38367705312354e-06
2019/01/17,4.90005857765195e-05,-6.1797165740171e-05,5.77037111162514e-05,-4.4411445569305e-06,-2.38258613755013e-05,3.73372151494774e-06,2.70428446142628e-05,1.49031195960091e-06
2019/01/20,-4.20237032998617e-05,-8.13353478464973e-05,3.12826049220795e-05,5.0310310577763e-06,-2.68647018563592e-05,2.3351057014886e-06,2.64552233370817e-05,1.59924432071128e-06
2019/01/21,8.57430314346373e-07,2.26626846871881e-05,8.47238919697902e-06,1.41194190454365e-05,-2.96132484477567e-05,9.07089665361112e-07,2.58510314044314e-05,1.71046766692131e-06
2019/01/22,4.32435951781502e-05,0.000107745197245426,-8.90605154290544e-06,2.26706087111677e-05,-3.20533743382296e-05,-5.47913720389681e-07,2.52304266045644e-05,1.82397552869766e-06
2019/01/23,-5.04479225761013e-05,5.42415989967743e-05,-2.10063962452689e-05,3.05311893600876e-05,-3.41669527163139e-05,-2.02749158271881e-06,2.45935667257331e-05,1.93976143650701e-06
2019/01/24,-5.46210847511522e-05,-5.23229730650125e-05,-2.85592432710418e-05,3.7547750297314e-05,-3.59358567705456e-05,-3.52923104858121e-06,2.39406095561902e-05,2.05781892081601e-06
2019/01/27,-2.94790535747701e-05,-0.000105010215856648,-3.24394208344637e-05,4.35668808279645e-05,-3.73419596894605e-05,-5.05071924493185e-06,2.32717128841882e-05,2.17814151209132e-06
2019/01/28,6.61586133035515e-05,-0.000113997798178933,-3.35514091280419e-05,4.84648222354246e-05,-3.83671346615944e-05,-6.58954329872578e-06,2.25870344979797e-05,2.30072274079963e-06
2019/01/29,-6.2535449800597e-05,-0.00010572045475168,-3.27864478067662e-05,5.22364237161522e-05,-3.89932548754834e-05,-8.1432903369179e-06,2.18867321858172e-05,2.42555613740758e-06
2019/01/30,-7.27561858790683e-05,-9.17810470184836e-05,-3.05380347015371e-05,5.49061864448726e-05,-3.92021935196633e-05,-9.70954748646325e-06,2.11709637359532e-05,2.55263523238184e-06
2019/01/31,7.39378510115986e-05,-7.76169123523061e-05,-2.70678191926654e-05,5.65028966260572e-05,-3.8980221383184e-05,-1.12857893035486e-05,2.04398869366403e-05,2.68195355618908e-06
2019/02/03,4.79756944813481e-05,-2.84760728846163e-05,-2.2637450660462e-05,5.707248058316e-05,-3.83313181761563e-05,-1.28689215422824e-05,1.9693659576131e-05,2.81350463929597e-06
2019/02/04,-7.2961463680669e-05,3.28648493966659e-05,-1.75085784852377e-05,5.66653610653839e-05,-3.72647077538943e-05,-1.4455102237319e-05,1.8932439442678e-05,2.94728201216917e-06
2019/02/05,-5.31198950690511e-05,6.77032484252797e-05,-1.19428520473035e-05,5.53347967478369e-05,-3.57932127072845e-05,-1.6039726613645e-05,1.81563843245337e-05,3.08327920527533e-06
2019/02/06,6.86148231557006e-05,6.22167233348749e-05,-6.21137663510553e-06,5.31451579978213e-05,-3.39409283920733e-05,-1.76180288235817e-05,1.73656520099507e-05,3.22148974908114e-06
2019/02/07,-6.5361755262748e-05,2.12184814826944e-05,-6.23081169630967e-07,5.01745612390078e-05,-3.17456962203756e-05,-1.91852430194504e-05,1.65604002871815e-05,3.36190717405325e-06
2019/02/10,-1.90590106646693e-05,-1.2928211712521e-05,4.50364951999768e-06,4.65040618236862e-05,-2.92483918440418e-05,-2.07365080424557e-05,1.57407869444787e-05,3.50452501065833e-06
2019/02/11,5.72716315503168e-05,-2.91952079687836e-05,8.85043060465795e-06,4.22147151041461e-05,-2.6490272159389e-05,-2.22665814893354e-05,1.49069697700949e-05,3.64933678936304e-06
2019/02/12,5.71493195674794e-05,-2.97496038404039e-05,1.2094598272296e-05,3.73918554156086e-05,-2.35126893738508e-05,-2.37701256457109e-05,1.40591065522825e-05,3.79633604063404e-06
2019/02/13,2.76996730661971e-05,-2.3963968166466e-05,1.39858633377851e-05,3.21379330250202e-05,-2.03569956948611e-05,-2.52418027972034e-05,1.31973550792942e-05,3.94551629493803e-06
2019/02/14,3.22631834325349e-06,-1.49851570810516e-05,1.46276198676777e-05,2.65596771822589e-05,-1.70645433298535e-05,-2.66762752294343e-05,1.23218731393825e-05,4.09687108274162e-06
2019/02/17,-4.14738486462154e-05,-3.81947184458975e-06,1.4212752487179e-05,2.07638171372028e-05,-1.36766844862618e-05,-2.80682052280247e-05,1.14328185207998e-05,4.25039393451151e-06
2019/02/18,-2.7060637267316e-05,7.74491282120461e-06,1.29341458214942e-05,1.48570821397297e-05,-1.02347713715197e-05,-2.9412255078596e-05,1.05303490117989e-05,4.40607838071435e-06
2019/02/19,1.8144156115403e-05,1.47923283494737e-05,1.09846844958283e-05,8.94620143971774e-06,-6.78015619306087e-06,-3.07030870667695e-05,9.6146224006322e-06,4.56391795181683e-06
2019/02/20,3.91130640571346e-05,1.16724808444735e-05,8.51000500298714e-06,3.13790428704476e-06,-3.35419115831909e-06,-3.19353634781665e-05,8.68579647555228e-06,4.72390617828558e-06
2019/02/21,-4.19222697533124e-05,-4.26489369261919e-06,5.46675130617857e-06,-2.46108006841115e-06,1.77152527190993e-09,-3.31037465984081e-05,7.74402902481167e-06,4.8860365905873e-06
2019/02/24,4.70045590797284e-05,-1.9757318690784e-05,1.76431923621108e-06,-7.74402237677209e-06,3.24637965027842e-06,-3.42028987131157e-05,6.78947783666294e-06,5.05030271918862e-06
2019/02/25,4.31830352141053e-05,-9.51218317032624e-06,-2.53817570042684e-06,-1.260419338816e-05,6.33828100926668e-06,-3.52274821079106e-05,5.82230069935862e-06,5.21669809455622e-06
2019/02/26,6.70592910443666e-06,1.69400531785568e-05,-6.7827392945261e-06,-1.6934863852697e-05,9.23612339480305e-06,-3.61721590684141e-05,4.84265540115127e-06,5.38521624715679e-06
2019/02/27,-7.2856059144097e-05,3.12853985822657e-05,-1.01616576611976e-05,-2.0629304520505e-05,1.18985545994537e-05,-3.70315918802474e-05,3.85069973029345e-06,5.55585070745697e-06
2019/02/28,8.30859838723882e-05,1.35070392120908e-05,-1.19542303152434e-05,-2.35807861417061e-05,1.4284222415785e-05,-3.78004428290318e-05,2.8465914750377e-06,5.72859500592341e-06
2019/03/03,-2.84545012767032e-05,-1.65948266571497e-05,-1.17878103702305e-05,-2.56825794664223e-05,1.63517746363633e-05,-3.84733742003885e-05,1.83048842363656e-06,5.90344267302279e-06
2019/03/04,-7.39108791314808e-05,-4.00993362054434e-05,-9.35803459206134e-06,-2.68466849921315e-05,1.80598590537546e-05,-3.9045048279939e-05,8.02548364342575e-07,6.08038723922178e-06
2019/03/05,-0.000101786075834118,-4.07169978140426e-05,-4.54320648413367e-06,-2.70624359150243e-05,1.93700877002584e-05,-3.95106778837478e-05,-2.37070914591698e-07,6.25942223498704e-06
2019/03/06,-0.000115421334618885,-7.74888092700732e-06,1.65711497980047e-06,-2.63546365748634e-05,2.02630161261641e-05,-3.98676779496539e-05,-1.28821162491372e-06,6.44054119078525e-06
2019/03/07,0.000118437999650315,3.42580037572673e-05,7.54721585893088e-06,-2.47788512569332e-05,2.07505103577264e-05,-4.01140139459396e-05,-2.35071597837093e-06,6.62373763708306e-06
2019/03/10,1.41745568775969e-05,3.5695806154335e-05,1.13217399024125e-05,-2.23977308055762e-05,2.08520970128775e-05,-4.02482253735068e-05,-3.42442618671075e-06,6.80900510434712e-06
2019/03/11,-2.19781969119577e-05,8.12502454904447e-06,1.15459073176759e-05,-1.92739260651347e-05,2.05896863013094e-05,-4.02712353250168e-05,-4.50918446168071e-06,6.99633712304412e-06
2019/03/12,-0.000113657891342644,-2.07364396251349e-05,8.29356140200415e-06,-1.5496405136701e-05,1.99861123104572e-05,-4.01848907708745e-05,-5.6048330150282e-06,7.18572722364072e-06
2019/03/13,-3.67352614232915e-05,-2.83945535541424e-05,2.11439093795557e-06,-1.12594051483673e-05,1.90642965890369e-05,-3.99911460828059e-05,-6.71119411846018e-06,7.37716893660357e-06
2019/03/14,0.00010414545607466,-1.21576211374708e-05,-6.02642996613806e-06,-6.7834804849753e-06,1.78471606857647e-05,-3.96920353926992e-05,-7.8280102835217e-06,7.57065579239935e-06
2019/03/17,7.4461259487596e-05,1.86573483422505e-05,-1.36070549258508e-05,-2.28918553136692e-06,1.63576261493564e-05,-3.92896360177025e-05,-8.95498083649758e-06,7.76618132149472e-06
2019/03/18,-9.48028297152172e-05,3.25034669735885e-05,-1.7716469487733e-05,2.00292532761596e-06,1.46186145285282e-05,-3.87861182558428e-05,-1.0091712122794e-05,7.96373905435635e-06
2019/03/19,-5.02341708908282e-05,6.67345308351445e-06,-1.62053387050548e-05,5.88757762396231e-06,1.26530473719962e-05,-3.81836756503668e-05,-1.12377872425974e-05,8.1633225214509e-06
2019/03/20,2.16293478551391e-05,-3.21003846216438e-05,-9.97104565796447e-06,9.22061655698445e-06,1.04838462284763e-05,-3.7484501744521e-05,-1.23927892960942e-05,8.36492525324503e-06
2019/03/21,8.76679010296335e-05,-4.48644031466837e-05,-6.72652933329687e-07,1.18731672428255e-05,8.13393264668467e-06,-3.66907900815519e-05,-1.3556301383471e-05,8.56854078020541e-06
2019/03/24,1.00909071233e-05,-8.45052899095584e-06,9.78227483797872e-06,1.37135507719553e-05,5.62903220101069e-06,-3.58047342047064e-05,-1.47279066049143e-05,8.77416263279871e-06
2019/03/25,-8.92228087235895e-05,3.71670333679783e-05,1.84921648490779e-05,1.45971484831153e-05,3.00781021757215e-06,-3.4828536630187e-05,-1.59071790876543e-05,8.98178434149158e-06
2019/03/26,9.17170884415085e-05,4.4543981540915e-05,2.23069422490819e-05,1.43705283048183e-05,3.17745432715477e-07,-3.37644357660206e-05,-1.70936570670974e-05,9.19139943675071e-06
2019/03/27,6.66041038176798e-05,9.18098310697307e-06,1.91450491454623e-05,1.29527150037016e-05,-2.39550061451605e-06,-3.26146789931902e-05,-1.82868698056936e-05,9.40300144904274e-06
2019/03/28,-9.82479872130942e-05,-2.63734882250993e-05,1.11989954791196e-05,1.05461771212731e-05,-5.08715159666373e-06,-3.13815136926789e-05,-1.94863465658929e-05,9.61658390883435e-06
2019/03/31,1.35594371002358e-05,-2.40609711884553e-05,1.72980814931155e-06,7.42402283986227e-06,-7.71243118626883e-06,-3.00671872454697e-05,-2.06916166101455e-05,9.8321403465922e-06
2019/04/01,0.000103485302471657,-2.32800430254392e-06,-6.18887047273427e-06,3.85936034179837e-06,-1.02265630558727e-05,-2.86739470325454e-05,-2.19022092009014e-05,1.00496642927829e-05
2019/04/02,2.28011288385387e-05,1.16524128182333e-05,-1.02329361279123e-05,1.25297809410725e-07,-1.25847708780165e-05,-2.72040404348892e-05,-2.31176536006108e-05,1.02691492778733e-05
2019/04/03,-0.00010446541153035,1.02880962717189e-05,-8.87071278333443e-06,-3.50505657497126e-06,-1.47422783252415e-05,-2.56597148334841e-05,-2.43374790717237e-05,1.04905888323298e-05
2019/04/04,-4.93427251777535e-06,-3.90014532286868e-06,-3.31332743683459e-06,-6.76556531439826e-06,-1.66543090700891e-05,-2.4043217609313e-05,-2.55612148766902e-05,1.07139764866193e-05
2019/04/07,0.000100121368962292,-1.58035762196396e-05,3.33253626366934e-06,-9.41797365344063e-06,-1.82760867851005e-05,-2.23567961433589e-05,-2.67883902779604e-05,1.09393057712083e-05
2019/04/08,7.66823917800636e-05,-1.10839747863942e-05,8.11240434177749e-06,-1.12309975220487e-05,-1.95628351428171e-05,-2.06026978166049e-05,-2.80185345379844e-05,1.11665702165635e-05
2019/04/09,-9.14678207743931e-05,9.53194072582523e-06,9.97115445905833e-06,-1.1973352850173e-05,-2.04697778157799e-05,-1.87831700100339e-05,-2.92511769192123e-05,1.13957633531517e-05
2019/04/10,3.83157315356788e-05,4.01522857918113e-05,8.41392604847353e-06,-1.14881113196392e-05,-2.09630845971413e-05,-1.6900582094044e-05,-3.04858466840941e-05,1.16268787114394e-05
2019/04/11,8.13555434697748e-05,6.92894506729367e-05,3.28755399058985e-06,-9.91576761977447e-06,-2.10526660516241e-05,-1.49578351075655e-05,-3.172207309508e-05,1.18599098218933e-05
2019/04/14,7.36036583524494e-05,8.68908577687322e-05,-5.47570297212491e-06,-7.47117219178152e-06,-2.07592279229268e-05,-1.29581030205797e-05,-3.29593854146201e-05,1.20948502149801e-05
2019/04/15,-1.24761739261604e-05,9.44839054474002e-05,-1.77610792108409e-05,-4.36917547686292e-06,-2.01035278512872e-05,-1.09045079065278e-05,-3.41973129051643e-05,1.23316934211664e-05
2019/04/16,-7.25113579576789e-05,9.73901107091111e-05,-3.27074479312441e-05,-8.24627916221324e-07,-1.91063473787963e-05,-8.8001479369985e-06,-3.54353848291629e-05,1.2570432970919e-05
2019/04/17,-3.82180450791846e-05,9.98257653825063e-05,-4.90965849270621e-05,2.94762004894063e-06,-1.77884680475448e-05,-6.6481212835801e-06,-3.66731304490659e-05,1.28110623947045e-05
2019/04/21,7.72278453741012e-05,0.000100854776100175,-6.52569081901916e-05,6.73271797742036e-06,-1.61706713996236e-05,-4.45152611786115e-06,-3.79100790273234e-05,1.30535752229895e-05
2019/04/22,-8.5809010854824e-05,9.70698146165681e-05,-7.94075796670807e-05,1.03158154280152e-05,-1.42737389771237e-05,-2.21346061143008e-06,-3.91457598263855e-05,1.32979649862407e-05
2019/04/23,-9.41148492338687e-05,8.03146647495893e-05,-8.97677613041774e-05,1.34820619595226e-05,-1.2118452322136e-05,6.2977064124595e-08,-4.03797021087022e-05,1.35442252149248e-05
2019/04/24,-6.08889508711206e-05,4.45012623722016e-05,-9.45802737272151e-05,1.60402658100252e-05,-9.72559297675116e-06,2.3746887372144e-06,-4.16114351367237e-05,1.37923494395085e-05
2019/04/25,0.000122781924655894,9.96390793540549e-07,-9.21825722790685e-05,1.78938699347468e-05,-7.11594248306023e-06,4.71857623625088e-06,-4.28404881729001e-05,1.40423311904583e-05
2019/04/28,-0.00013999732940595,-3.3541811102134e-05,-8.09357709818976e-05,1.8969975968197e-05,-4.31028238315403e-06,7.09154138964554e-06,-4.40663904796814e-05,1.42941639982411e-05
2019/04/29,1.81509951541081e-05,-8.23701631103037e-05,-5.92009838578623e-05,1.91956855448848e-05,-1.32939421912348e-06,9.49048602580994e-06,-4.52886713195177e-05,1.45478413933233e-05
2019/04/30,0.000172258978203613,-0.000110052534851283,-2.59641612160122e-05,1.8496031167552e-05,1.80800959870814e-06,1.19123119731556e-05,-4.65068599548591e-05,1.48033569061718e-05
2019/05/01,7.25081104556659e-05,-7.48191513715515e-05,1.64989514334489e-05,1.67879979970397e-05,5.0912640019181e-06,1.4353921060094e-05,-4.77204856481557e-05,1.50607040672531e-05
2019/05/02,-0.000187325960754923,7.2962588044694e-06,6.21259720790443e-05,1.39874188030992e-05,8.51085631317336e-06,1.68122151150366e-05,-4.89290776618576e-05,1.5319876407034e-05
2019/05/05,0.000184065206034622,7.80155445372239e-05,0.000104064068655702,1.00103555406516e-05,1.20570446699715e-05,1.92840959663951e-05,-5.0132165258415e-05,1.5580867455981e-05
2019/05/06,-9.7599609138547e-05,2.57377013478438e-05,0.000135448204610866,4.77815257374623e-06,1.57148048006813e-05,2.1766465442581e-05,-5.13292777002777e-05,1.5843670744561e-05
2019/05/07,-0.000156812302898273,-5.98696234908725e-05,0.000149364525442055,-1.7667160970525e-06,1.94479827971568e-05,2.42562253720057e-05,-5.2519944249896e-05,1.61082798032404e-05
2019/05/08,-3.37453419093742e-05,-6.33547408491957e-05,0.000138734049165747,-9.52357106849514e-06,2.32151423421235e-05,2.67502775830808e-05,-5.370369416972e-05,1.6374688162486e-05
2019/05/09,5.84147837335277e-05,1.08910226631371e-06,9.97412159626166e-05,-1.77800409631063e-05,2.69748471183066e-05,2.92455239042178e-05,-5.48800567221996e-05,1.66428893527645e-05
2019/05/12,9.57808546054351e-05,7.23257467959308e-05,4.39179995734829e-05,-2.56708314098541e-05,3.06856608084317e-05,3.17388661638282e-05,-5.60485611697851e-05,1.69128769045426e-05
2019/05/13,-7.97677062692899e-05,7.58188468296744e-05,-1.34398728675925e-05,-3.23306480377068e-05,3.43061470952241e-05,3.42272061903236e-05,-5.72087367749266e-05,1.71846443482868e-05
2019/05/14,6.88992008593694e-05,-2.98897041163255e-05,-5.7482117207265e-05,-3.68946900941762e-05,3.7795363279953e-05,3.67074458121155e-05,-5.8360112800074e-05,1.74581852144638e-05
2019/05/15,6.7797289521519e-05,-7.04801091060842e-05,-7.34698100373698e-05,-3.85001313009492e-05,4.11143411380624e-05,3.91764868576155e-05,-5.95022185076775e-05,1.77334930335404e-05
2019/05/16,-6.00211626367591e-05,-3.14012588995845e-05,-5.31772889275391e-05,-3.64769028889948e-05,4.42327690532346e-05,4.16312311552349e-05,-6.06345831601871e-05,1.80105613359831e-05
2019/05/19,5.88564767704632e-05,3.71579719310816e-05,-1.44319353585952e-05,-3.09239916522355e-05,4.71529873679291e-05,4.40685805333854e-05,-6.1756736020053e-05,1.82893836522587e-05
2019/05/20,-5.81649700856703e-05,2.07151572366359e-05,1.87701440837132e-05,-2.2132648275332e-05,4.98854994142996e-05,4.64854368204785e-05,-6.28682063497253e-05,1.85699535128339e-05
2019/05/21,-4.78435084228662e-05,-9.70025463034139e-06,2.56812079476357e-05,-1.03941234429448e-05,5.24408085244998e-05,4.88787018449258e-05,-6.3968523411654e-05,1.88522644481751e-05
2019/05/22,5.83905250849835e-05,5.30085469682401e-06,4.32964824919108e-07,3.74156173800121e-06,5.48294180306836e-05,5.12452774351386e-05,-6.50572164682892e-05,1.91363099887493e-05
2019/05/23,1.3980032471273e-05,3.11810444691557e-05,-3.27565446478928e-05,1.86893044715256e-05,5.70618312650045e-05,5.35820654195286e-05,-6.61338147820811e-05,1.94220836650229e-05
2019/05/26,-4.57037885281523e-05,1.59579740996298e-05,-4.74836389108001e-05,3.28317247197311e-05,5.91485515596166e-05,5.58859676265074e-05,-6.71978476154796e-05,1.97095790074627e-05
2019/05/27,-7.24588602130878e-05,-5.36530456998124e-05,-3.68181831122628e-05,4.54574151661104e-05,6.11000822466733e-05,5.81538858844863e-05,-6.8248844230935e-05,1.99987895465353e-05
2019/05/28,8.31597157078207e-05,-0.000123875201486752,1.3015709221443e-06,5.60814616745034e-05,6.29269266583286e-05,6.03827220218769e-05,-6.92863338908972e-05,2.02897088127075e-05
2019/05/29,-9.64450784300034e-05,-9.72473938754893e-06,6.45224580332782e-05,6.42189501087499e-05,6.4639588126736e-05,6.25693778670909e-05,-7.03098458578164e-05,2.05823303364458e-05
2019/05/30,4.10346799848761e-05,0.000151248833141257,0.000132831659727723,6.93849663326898e-05,6.62485699840495e-05,6.47107552485396e-05,-7.13189093941425e-05,2.08766476482169e-05
2019/06/02,0.000121082531833787,0.000148674909528061,0.000183212967535033,7.1094596210163e-05,6.77643755624228e-05,6.68037559946346e-05,-7.2313053762326e-05,2.11726542784875e-05
2019/06/03,-0.000126924429638162,-7.37260323231636e-05,0.000202320639325398,6.88721329421702e-05,6.91883008568487e-05,6.88452819337875e-05,-7.32918082248165e-05,2.14703437577243e-05
2019/06/04,0.000126989636336218,-9.84130184329577e-05,0.000194134258428115,6.24577542915835e-05,7.04894468558368e-05,7.08322348944097e-05,-7.42547020440645e-05,2.17697096163939e-05
2019/06/05,-0.000123973565863777,4.06593140940356e-05,0.000167037446521874,5.23170662113459e-05,7.16462445793766e-05,7.27615167049128e-05,-7.52012644825198e-05,2.2070745384963e-05
2019/06/06,7.46051254555241e-05,5.49922233965126e-05,0.000132631704587491,3.90947298676286e-05,7.26417593896173e-05,7.46300291937083e-05,-7.61310248026326e-05,2.23734445938983e-05
2019/06/09,0.00012809646352664,-2.84527999250159e-05,9.70248824839993e-05,2.34354064266026e-05,7.34590566487084e-05,7.64346741892078e-05,-7.7043512266853e-05,2.26778007736663e-05
2019/06/10,-0.000144394443965638,-5.43149102377016e-05,5.57344174819197e-05,5.98375705443895e-06,7.40812017187994e-05,7.81723535198227e-05,-7.79382561376311e-05,2.29838074547339e-05
2019/06/11,-5.4888778089828e-05,-5.70714138584499e-05,2.63200979025446e-06,-1.26155570826914e-05,7.44912599620396e-05,7.98399690139646e-05,-7.88147856774169e-05,2.32914581675676e-05
2019/06/12,0.000210980903807304,-1.29184130097055e-05,-6.39687935868244e-05,-3.17178748186174e-05,7.46722967405785e-05,8.1434422500045e-05,-7.96726301486606e-05,2.36007464426341e-05
2019/06/13,-0.00025593263654301,8.94384732540146e-05,-0.000138941208689992,-5.06785349871681e-05,7.46073774165655e-05,8.29526158064755e-05,-8.05113188138123e-05,2.39116658104001e-05
2019/06/16,-0.000123980349835795,0.00014304296484182,-0.000215675791100735,-6.88528764221723e-05,7.42795969076912e-05,8.43914212061262e-05,-8.13303809353219e-05,2.42242098013323e-05
2019/06/17,0.000343368746372606,0.000125830387744663,-0.000287793211191538,-8.55962379574591e-05,7.36721217769912e-05,8.57476393265228e-05,-8.21293457756397e-05,2.45383719458972e-05
2019/06/18,0.000384711204838052,3.91026823007322e-05,-0.000343368194133346,-0.000100263958426858,7.27675008847217e-05,8.70186884979698e-05,-8.29077425972156e-05,2.48541457745616e-05
2019/06/19,-1.18639517496259e-05,-9.54557689662842e-05,-0.000368973647428798,-0.000112211376664197,7.15463927101634e-05,8.82038774317475e-05,-8.36651006624999e-05,2.51715248177922e-05
2019/06/20,-0.000419563527028621,-0.000146897971608514,-0.000351066566983166,-0.000120909743100671,6.99889947815583e-05,8.9302975790175e-05,-8.44009492339425e-05,2.54905026060555e-05
2019/06/23,-0.00017150703134655,-2.34352042200967e-05,-0.00028108152470389,-0.000126293954556936,6.80755046271481e-05,9.03157532355713e-05,-8.51148175739936e-05,2.58110726698184e-05
2019/06/24,0.000388461849284306,9.93771790119935e-05,-0.000172102070467562,-0.000128414819451016,6.5786119775175e-05,9.12419794302552e-05,-8.58062349451032e-05,2.61332285395473e-05
2019/06/25,0.000232868851314824,4.86580508735013e-05,-4.2955023892814e-05,-0.000127325100835321,6.310299238827e-05,9.2081424036546e-05,-8.64747306097215e-05,2.64569637457091e-05
2019/06/26,-0.000179293997715565,-6.85632257371646e-05,8.44550993711384e-05,-0.000123088468989334,6.00191818561368e-05,9.28338567167626e-05,-8.71198338302986e-05,2.67822718187704e-05
2019/06/27,-0.000241137614379762,-7.15093771339597e-05,0.000184939590723131,-0.000115782903584994,5.65420569609317e-05,9.3499047133224e-05,-8.77410738692844e-05,2.71091462891977e-05
2019/06/30,0.000180485412135928,9.25519931165278e-05,0.000249423758590044,-0.000105489472983752,5.26820751743271e-05,9.40767649482493e-05,-8.83379799891291e-05,2.74375806874578e-05
2019/07/01,-0.000124111448031165,8.76650185005176e-05,0.000274994670364594,-9.22892455470605e-05,4.8449693967995e-05,9.45667798241574e-05,-8.89100814522829e-05,2.77675685440175e-05
2019/07/02,8.04151488628163e-05,-8.84905803094724e-05,0.000265720474769478,-7.62632896363721e-05,4.38553708136079e-05,9.49688614232673e-05,-8.94569075211957e-05,2.80991033893432e-05
2019/07/03,-5.52571438731012e-05,-8.18774656009822e-05,0.000228682375386149,-5.75695739258198e-05,3.89095631828379e-05,9.52828058261056e-05,-8.99780138765251e-05,2.84321787539017e-05
2019/07/04,4.93350659260054e-05,-0.000151653333979175,0.000171586746170406,-3.66736683402584e-05,3.36227285473573e-05,9.55085147860276e-05,-9.04730618717577e-05,2.87667881681597e-05
2019/07/07,-4.78812272179208e-05,-0.000312338556314331,0.000102216861390727,-1.41180431172231e-05,2.80053243788383e-05,9.5645928322983e-05,-9.09417511269739e-05,2.91029251625838e-05
2019/07/08,-7.95459247607479e-05,-0.000375151885383071,2.83559953155892e-05,9.55483150575093e-06,2.20678081489531e-05,9.56951021673469e-05,-9.13838969726803e-05,2.94405832676406e-05
2019/07/09,-3.20507254918025e-05,-0.000206037638736058,-4.30035670636128e-05,3.38024852911282e-05,1.58206373293742e-05,9.56563771654047e-05,-9.17995998552931e-05,2.97797560137969e-05
2019/07/10,0.00013419445074833,1.46828352764374e-05,-0.000108033497863821,5.80824480013737e-05,9.27426939177361e-06,9.55301624803228e-05,-9.21890285381097e-05,3.01204369315194e-05
2019/07/11,3.83658919478037e-05,0.000100672058826914,-0.000163696458479062,8.18522493989521e-05,2.43916180782363e-06,9.53168672752672e-05,-9.25523517844275e-05,3.04626195512746e-05
2019/07/14,-0.000186668675833688,0.000155905066978553,-0.000206955110303362,0.000104569419246328,-4.67422795080348e-06,9.50169007134044e-05,-9.28897363073011e-05,3.08062953532865e-05
2019/07/15,-2.54625220714297e-05,0.000310445438317424,-0.000234772114730746,0.000125691487305967,-1.20554424124354e-05,9.46306719579005e-05,-9.32013406188143e-05,3.11514476168084e-05
2019/07/16,0.000215827791425601,0.000508398412630451,-0.00024417710652478,0.000144742956709872,-1.96940241054001e-05,9.41585901719219e-05,-9.34873211808085e-05,3.14980575708509e-05
2019/07/17,0.00024679117094508,0.000647379645004773,-0.000232467613927186,0.000161516224068204,-2.75795155580251e-05,9.36010645186348e-05,-9.37478344551247e-05,3.18461064444243e-05
2019/07/18,-0.000264721256121307,0.00062101733622091,-0.000197599139827163,0.000175870659360664,-3.57014592986382e-05,9.29585041612054e-05,-9.39830369036042e-05,3.21955754665393e-05
2019/07/21,-5.9960113451032e-05,0.000348135233908442,-0.00014067181567528,0.000187665632566952,-4.40493978555673e-05,9.22313182628002e-05,-9.41930849880883e-05,3.25464458662064e-05
2019/07/22,0.000305426042782041,-7.02520598316921e-05,-6.64992679985443e-05,0.000196761558145553,-5.26139182359255e-05,9.14199159865851e-05,-9.4378135170418e-05,3.28986988724362e-05
2019/07/23,0.000198355494649864,-0.000434518336269307,1.93242532264085e-05,0.000203023028470097,-6.13897853619688e-05,9.05247064957267e-05,-9.45383439124346e-05,3.3252315714239e-05
2019/07/24,-0.000358861633360128,-0.000639125203597666,0.000111204498022944,0.000206315680392996,-7.03728086347384e-05,8.95460989533911e-05,-9.46738676759793e-05,3.36072776206255e-05
2019/07/25,0.00014902459479181,-0.00063070805236972,0.000202898219708271,0.000206499900326809,-7.95535470154203e-05,8.84845025227447e-05,-9.47848629228933e-05,3.39635658206063e-05
2019/07/28,0.000420362677307934,-0.00044891273317782,0.000285566184774965,0.000203413089410803,-8.88995741919089e-05,8.73403263669536e-05,-9.48714861150178e-05,3.43211615431918e-05
2019/07/29,-0.000181020119595208,-0.000171587726175589,0.000349720163009446,0.000196879464288912,-9.83652793567647e-05,8.61139796491841e-05,-9.49338913698113e-05,3.46800436730098e-05
2019/07/30,-0.000470141250868613,6.36184302776569e-05,0.000385871924198134,0.000186721258091198,-0.000107903068188679,8.48058715326025e-05,-9.49722234272016e-05,3.50401817171575e-05
2019/07/31,0.000481825887385034,0.000144375998741596,0.000384438321510833,0.000172855620564338,-0.000117465346366341,8.3416411180375e-05,-9.49866246827336e-05,3.54015428383492e-05
2019/08/01,-0.000481478549018171,0.000141717111893518,0.000337883299079869,0.000155579367921464,-0.000127004519568444,8.19460077556681e-05,-9.49772375319525e-05,3.57640941992993e-05
2019/08/04,-0.000263862076973168,0.000199905165956661,0.00024828291413685,0.000135284232992322,-0.000136472993473676,8.03950704216478e-05,-9.49442043704034e-05,3.61278029627222e-05
2019/08/05,-5.94073906343787e-05,0.000260754225917237,0.000120139981342357,0.000112361948606657,-0.000145823173760731,7.87640083414805e-05,-9.48876675936312e-05,3.64926362913324e-05
2019/08/06,0.000432070722128655,0.000206555571631001,-3.87038843808014e-05,8.72042475942148e-05,-0.000155007466108297,7.70532306783324e-05,-9.48077695971811e-05,3.6858561347844e-05
2019/08/07,-0.000413060369855241,-5.11312786073917e-06,-0.000207051867060923,6.02028627847406e-05,-0.000163978276195066,7.52631465953697e-05,-9.47046527765979e-05,3.72255452949716e-05
2019/08/08,0.00036765020091214,-0.000123559773604399,-0.000360368350464081,3.174952700798e-05,-0.000172688009699729,7.3394165255759e-05,-9.4578459527427e-05,3.75935552954296e-05
2019/08/11,0.000390677631999905,-4.98366939010955e-05,-0.000473597252446266,2.23597309367863e-06,-0.000181089072300976,7.14466958226661e-05,-9.44293322452133e-05,3.79625585119322e-05
2019/08/12,-5.17312911622517e-05,0.000158377938782091,-0.000517372871164617,-2.79460661284181e-05,-0.000189133869677499,6.94211474592576e-05,-9.42574133255018e-05,3.83325221071939e-05
2019/08/13,-0.000393374293678304,0.000172451324722538,-0.000457037159646498,-5.83595226317417e-05,-0.000196774807507988,6.73179293286997e-05,-9.40628451638376e-05,3.87034132439292e-05
2019/08/14,0.000400254955781135,-0.000175182160386175,-0.000282540214216457,-8.8385987602431e-05,-0.000203964291471133,6.51374505941585e-05,-9.38457701557657e-05,3.90751990848522e-05
2019/08/15,-4.41758295740078e-05,-0.000343605783904547,-3.08066936930746e-05,-0.000117361717029802,-0.000210654727245627,6.28801204188004e-05,-9.36063306968313e-05,3.94478467926776e-05
2019/08/18,-0.000405280373655643,-0.00014704594786276,0.000244260850333268,-0.000144622966903169,-0.000216798520510159,6.05463479657917e-05,-9.33446691825793e-05,3.98213235301195e-05
2019/08/19,0.000255799433402721,0.000338667452958401,0.000487737676686937,-0.00016950599321185,-0.000222348076943421,5.81365423982986e-05,-9.30609280085548e-05,4.01955964598925e-05
2019/08/20,0.000377232511659413,0.00056682580472352,0.000644873031867814,-0.000191347051945159,-0.000227255802224103,5.56511128794875e-05,-9.2755249570303e-05,4.05706327447108e-05
2019/08/21,-0.000353462428673845,0.000155271893995541,0.000678358320342197,-0.000209482399092413,-0.000231474102030896,5.30904685725245e-05,-9.24277762633687e-05,4.09463995472889e-05
2019/08/22,-0.000144018886099353,-0.000281085324797954,0.00062077737758099,-0.000223372089781872,-0.000234955382042491,5.04550186405759e-05,-9.20786504832972e-05,4.13228640303412e-05
2019/08/25,0.000303596964615567,-0.000422322119932133,0.000522651393577299,-0.000232971375697584,-0.000237652047937578,4.77451722468079e-05,-9.17080146256334e-05,4.16999933565821e-05
2019/08/26,0.000382739354696156,-0.000275542860302058,0.000423979092902518,-0.000238359307662537,-0.000239516505394849,4.49613385543869e-05,-9.13160110859223e-05,4.20777546887258e-05
2019/08/27,-7.92241269977157e-05,5.73353824261332e-05,0.00032217414188542,-0.000239612086724568,-0.000240504009868152,4.21039267264792e-05,-9.09027822597092e-05,4.24561151894869e-05
2019/08/28,-0.000645681374242177,0.000167761693903912,0.000203024985033269,-0.000236780232044569,-0.000240595498698274,3.91733459262509e-05,-9.04684705425389e-05,4.28350420215797e-05
2019/08/29,-0.000156084837438522,-0.000151899797633482,4.69420739983412e-05,-0.000229854281863027,-0.000239832144035936,3.61702592063933e-05,-9.00132183299566e-05,4.32145023477185e-05
2019/09/01,0.000941416740011083,-0.000385702933401911,-0.000172491752074215,-0.000218810491634116,-0.000238270524012593,3.30964528140195e-05,-8.95371680175073e-05,4.35944633306178e-05
2019/09/02,0.00157064629560573,1.09571842711931e-05,-0.000461599233794529,-0.000203625116812011,-0.000235967970182416,2.99544664189591e-05,-8.90404620007361e-05,4.3974892132992e-05
2019/09/03,-0.000814676510267237,0.00112810906714772,-0.000740476775547579,-0.000184274412850885,-0.000232982197687511,2.6747223278977e-05,-8.8523242675188e-05,4.43557559175553e-05
2019/09/04,-0.00249499091734629,0.00169327864698063,-0.000907664197662051,-0.000160734635204914,-0.000229370990657889,2.34777156397415e-05,-8.79856524364082e-05,4.47370218470223e-05
2019/09/05,-0.000777607272242896,0.000562173871641112,-0.000886366634778415,-0.00013313984697873,-0.000225192133223558,2.01489357469201e-05,-8.74278336799415e-05,4.51186570841073e-05
2019/09/08,0.00170357924901329,-0.00155582325057417,-0.000698450478784262,-0.000102255341878809,-0.000220503409514528,1.6763875846181e-05,-8.68499288013331e-05,4.55006287915246e-05
2019/09/09,0.00329635826075101,-0.00348791219626222,-0.000390447435878966,-6.90042212620834e-05,-0.000215362603660808,1.33255281831924e-05,-8.62520801961281e-05,4.58829041319887e-05
2019/09/10,0.00438467906595375,-0.0040934588806782,-8.88921226190222e-06,-3.43095864854879e-05,-0.000209827499792409,9.8368850036219e-06,-8.56344302598715e-05,4.6265450268214e-05
2019/09/11,0.00269136588268822,-0.00244415041250396,0.000388422034427982,9.05461094043595e-07,-0.00020395588203934,6.30093855313783e-06,-8.49971213881083e-05,4.66482343629148e-05
2019/09/12,-0.00487724801127051,0.00146510167354255,0.000698602340793408,3.57178201195771e-05,-0.00019780553453161,2.72068107740824e-06,-8.43402959763837e-05,4.70312235788054e-05
2019/09/15,0.0049037789928555,0.00464786449033297,0.000807497291997525,6.9204389234179e-05,-0.000191434241399229,-9.00895177899108e-07,-8.36640964202425e-05,4.74143850786004e-05
2019/09/16,-0.00476151265445716,0.00280953723083137,0.000642190120152292,0.000100511110907774,-0.000184899786772206,-4.56079796711608e-06,-8.29686651152301e-05,4.77976860250141e-05
2019/09/17,0.00169107861768473,-0.00117850203915847,0.00029471464516493,0.000129060102917722,-0.000178259954780552,-8.2560350445748e-06,-8.22541444568913e-05,4.81810935807608e-05
2019/09/18,0.0040476572777065,-0.00340652503790581,-0.000101657666108524,0.000154342526868242,-0.000171572529554275,-1.1983614164607e-05,-8.15206768407713e-05,4.85645749085549e-05
2019/09/19,0.00260227846559544,-0.00314724791541945,-0.00042388934514927,0.000175849544363553,-0.000164895295223385,-1.57405430815449e-05,-8.0768404662415e-05,4.89480971711109e-05
2019/09/22,0.00134457543121521,-0.00160542586739318,-0.000600845514082517,0.000193072317007875,-0.000158286035917893,-1.95238295497205e-05,-7.99974703173675e-05,4.93316275311431e-05
2019/09/23,-0.000561769432218589,-7.7267823751251e-05,-0.000615499643370609,0.000205509967224989,-0.000151802535767806,-2.33304813234656e-05,-7.9208016201174e-05,4.97151331513658e-05
2019/09/24,-0.00187503428115405,0.000715789506964024,-0.000461823644049229,0.000212693460716938,-0.000145502578903135,-2.71575061571126e-05,-7.84001847093794e-05,5.00985811944936e-05
2019/09/25,-0.000756085728145321,0.000461374050181347,-0.000156728852498656,0.000214161724005328,-0.00013944394945389,-3.10019118049929e-05,-7.75741182375288e-05,5.04819388232407e-05
2019/09/26,0.00097017731398438,-5.33759171595379e-05,0.0001737439601902,0.00020943612752071,-0.000133666875459027,-3.4860706021439e-05,-7.67299591811673e-05,5.08651732003216e-05
2019/09/29,7.90832350510432e-05,-2.24720026032373e-05,0.000353148566359848,0.000197967817329424,-0.000128141360593288,-3.87308965607826e-05,-7.58678499358399e-05,5.12482514884505e-05
2019/09/30,-0.000457396375224696,9.23142243101826e-05,0.000355968157059997,0.000179418645690881,-0.000122819852440364,-4.2609491177356e-05,-7.49879328970917e-05,5.1631140850342e-05
2019/10/01,8.11482092500709e-05,-0.000234978862921628,0.000212734758089271,0.000154363514001,-0.000117654798583943,-4.64934976254909e-05,-7.40903504604676e-05,5.20138084487104e-05
2019/10/02,0.000365394267600284,-0.000585476185019047,1.30384109020246e-05,0.000123605585939825,-0.000112598646607716,-5.03799236595193e-05,-7.3175245021513e-05,5.239622144627e-05
2019/10/03,0.000213712211244614,-0.00067684784680284,-0.000138709273562427,8.79480251873991e-05,-0.000107603844095371,-5.42657770337735e-05,-7.22427589757725e-05,5.27783470057353e-05
2019/10/06,-0.00025624069328675,-0.000521540972508866,-0.000164404637485555,4.81939954237669e-05,-0.0001026228386306,-5.81480655025852e-05,-7.12930347187915e-05,5.31601522898207e-05
2019/10/07,-0.000755267601621799,-8.61504657801065e-05,-9.15204289192821e-05,5.49125371628906e-06,-9.76080777970902e-05,-6.20237968202866e-05,-7.0326214646115e-05,5.35416044612404e-05
2019/10/08,-0.000267028390207876,0.000572129127456579,2.47842774144129e-05,-3.76340693184082e-05,-9.25120091785325e-05,-6.58899787412094e-05,-6.9342441153288e-05,5.3922670682709e-05
2019/10/09,0.00111358213888776,0.000928472879655665,0.000129005813406237,-7.83112496763816e-05,-8.72870803586163e-05,-6.97436190196859e-05,-6.83418566358555e-05,5.43033181169408e-05
2019/10/10,0.000253220273914405,0.00056203290212797,0.000175658318863849,-0.000113669563353688,-8.18857389210312e-05,-7.35817254100479e-05,-6.73246034893626e-05,5.46835139266501e-05
2019/10/13,-0.00138625675498115,-6.45001567716758e-05,0.000159774300715716,-0.000141285421799388,-7.62604324494666e-05,-7.74013056666275e-05,-6.62908241093543e-05,5.50632252745514e-05
2019/10/14,-0.000865071785738879,-0.000399692137613331,8.81926156192654e-05,-0.00016052377827455,-7.03636085276121e-05,-8.11993675437567e-05,-6.52406608913759e-05,5.54424193233591e-05
2019/10/15,0.000325149135151121,-0.000420673373710652,-3.18007443150691e-05,-0.000171196721493247,-6.41477147391574e-05,-8.49729187957675e-05,-6.41742562309721e-05,5.58210632357874e-05
2019/10/16,0.000421997550858697,-0.000244334583130361,-0.00018530052540969,-0.000173112137341028,-5.75694014963159e-05,-8.87189671769919e-05,-6.30917525236883e-05,5.61991241745509e-05
2019/10/17,0.000915567968804208,-1.80435302078424e-05,-0.000326924427718334,-0.000166063908722355,-5.05993221923864e-05,-9.24345204417618e-05,-6.19932921650693e-05,5.65765693023638e-05
2019/10/20,0.00147989530363346,0.000103212759154347,-0.000403670889727568,-0.000149852949045206,-4.32010997171531e-05,-9.61165863444093e-05,-6.08790175506602e-05,5.69533657819407e-05
2019/10/21,-0.000147698651350529,2.65192682510846e-05,-0.000374769847636447,-0.000124699504372914,-3.53355486273913e-05,-9.97621726392664e-05,-5.97490710760061e-05,5.73294807759957e-05
2019/10/22,-0.00132251714288751,-8.94686814012128e-05,-0.000251659529925802,-9.24899180582012e-05,-2.69634834798757e-05,-0.000103368287080665,-5.86035951366521e-05,5.77048814472435e-05
2019/10/23,0.000309573292153838,-6.1921109446172e-05,-7.10284167458585e-05,-5.55270577761334e-05,-1.80457188313814e-05,-0.000106931937422937,-5.74427321281432e-05,5.80795349583982e-05
2019/10/24,0.00111105788698111,9.1168041565072e-05,0.000127594517403075,-1.61137912017782e-05,-8.54306923868304e-06,-0.000110450131420415,-5.62666244460244e-05,5.84534084721744e-05
2019/10/27,-0.000708710679515652,0.000263813293264516,0.000304790749791132,2.3447013989797e-05,1.58365074144409e-06,-0.00011391987682743,-5.50754144858409e-05,5.88264691512863e-05
2019/10/28,-0.000908734740703527,0.000198402112818897,0.00042490889322555,6.08524901235251e-05,1.23736265522252e-05,-0.000117338181398315,-5.38692446431377e-05,5.91986841584484e-05
2019/10/29,0.00082909695352495,-0.000214344235825483,0.000471530709817184,9.37997695243389e-05,2.38660436368856e-05,-0.000120702052887401,-5.26482573134597e-05,5.95700206563751e-05
2019/10/30,0.000346547367335517,-0.000428496516944276,0.00044866352583476,0.000119985984517171,3.61000874386499e-05,-0.000124008499049021,-5.14125948923521e-05,5.99404458077807e-05
2019/10/31,-0.000723401156892247,-0.000270745305229927,0.000367050527735367,0.000137547474170766,4.91149434007435e-05,-0.000127254527637506,-5.01623997753601e-05,6.03099267753797e-05
2019/11/03,0.000265975995568247,0.000182284706785525,0.000247719914108759,0.000146377404529121,6.29497969663913e-05,-0.000130437146407189,-4.88978143580285e-05,6.06784307218863e-05
2019/11/04,0.000670436258048092,0.000469365921166199,0.000114271136577858,0.000146816998810403,7.7634983148457e-05,-0.000133553363112402,-4.76189810359023e-05,6.1045924810015e-05
2019/11/05,-0.000457494503924833,0.000216207494928558,-1.08237272405234e-05,0.000139236133745691,9.31721834468955e-05,-0.000136600185507476,-4.63260422045269e-05,6.14123762024802e-05
2019/11/06,-0.000641677488137049,-0.000222141949474701,-0.000109602095754024,0.000124003770807355,0.00010956399462037,-0.000139574621346743,-4.50191402594471e-05,6.17777520619963e-05
2019/11/07,0.000628837059509706,-0.000381427852773893,-0.000165228761376395,0.000101551031839543,0.000126750853055764,-0.000142473678384536,-4.36984175962079e-05,6.21420195512776e-05
2019/11/10,0.000344482361607686,-0.00016774830244946,-0.000166558369705565,7.23262658314797e-05,0.000144655967994886,-0.000145294364375187,-4.23640166103546e-05,6.25051458330385e-05
2019/11/11,-0.00060177831186392,0.000128321970148644,-0.000125581078422109,3.71539211183226e-05,0.000163202548679541,-0.000148033687073027,-4.10160796974321e-05,6.28670980699934e-05
2019/11/12,-0.000327024639085586,0.000216669621964565,-6.14812957745024e-05,-1.63715658105441e-06,0.000182313804351537,-0.000150688654232388,-3.96547492529854e-05,6.32278434248567e-05
2019/11/13,0.000453550894033137,0.000119951316470416,6.60373161870347e-06,-4.13420222018476e-05,0.000201912944252678,-0.000153256273607603,-3.82801676725597e-05,6.35873490603428e-05
2019/11/14,0.000570617839742088,-4.10112477916697e-05,6.12298010423619e-05,-7.9255730679253e-05,0.000221923177624772,-0.000155733552953004,-3.68924773516999e-05,6.3945582139166e-05
2019/11/17,0.000125003200472625,-0.00010234899784032,8.53759707571775e-05,-0.000112673336948467,0.000242267713709625,-0.000158117500022922,-3.54918206859513e-05,6.43025098240408e-05
2019/11/18,-0.000566495836003525,-5.49848472918429e-05,6.76456004758635e-05,-0.000139236100600688,0.000262869761749044,-0.000160405122571689,-3.40783400708587e-05,6.46580992776815e-05
2019/11/19,-0.000381169829797989,4.6630439496458e-05,1.91392557191686e-05,-0.000157974460273228,0.000283656891406942,-0.000162593428353638,-3.26521779019672e-05,6.50123176628025e-05
2019/11/20,0.00057917905198314,0.000144179799042533,-4.34181965401497e-05,-0.000168282500947837,0.000304574114035666,-0.0001646794251231,-3.1213476574822e-05,6.53651321421182e-05
2019/11/21,0.000457332237706415,0.00019223357150141,-0.000103301889329334,-0.000169553683846345,0.000325565817227646,-0.000166660120634408,-2.9762378484968e-05,6.57165098783429e-05
2019/11/24,-0.00060508658322001,0.000198292364718332,-0.000146579406488783,-0.000161162139331536,0.000346557057716264,-0.000168532522641894,-2.82990260279503e-05,6.60664180341911e-05
2019/11/25,-0.000302104332065356,0.000171277001240384,-0.000170121468657704,-0.000142846103514162,0.000367470331529055,-0.000170293622653517,-2.68235778456852e-05,6.64148237723772e-05
2019/11/26,0.000636457643119344,3.37645833476349e-05,-0.000172124581473193,-0.000115811084189287,0.000388228740562601,-0.000171940347191756,-2.53362575655731e-05,6.67616942556154e-05
2019/11/27,-0.000240143521345095,-0.00025901807674758,-0.000150418584118533,-8.16292556057894e-05,0.00040875538671348,-0.000173469606532714,-2.38373050613858e-05,6.71069966466203e-05
2019/11/28,-0.000663429312692356,-0.000532109156023696,-0.000102833315777006,-4.18727920125474e-05,0.000428973371878273,-0.000174878310952499,-2.23269602068951e-05,6.74506981081062e-05
2019/12/01,0.000448230721008827,-0.000579768883590986,-2.89819674953231e-05,1.88613234156025e-06,0.000448805797953561,-0.000176163370727213,-2.08054628758726e-05,6.77927658027874e-05
2019/12/02,0.000674419585521784,-0.000290750915335558,6.22590696653135e-05,4.80753432076547e-05,0.000468175766835923,-0.000177321696132964,-1.92730529420901e-05,6.81331668933784e-05
2019/12/03,-0.000669712949399227,0.000284849467829818,0.000151710882537186,9.51226663368573e-05,0.00048700638042194,-0.000178350197445857,-1.77299702793195e-05,6.84718685425935e-05
2019/12/04,-0.000627568506626678,0.000627982603181904,0.000218064765391805,0.00014145592748029,0.000505220740608191,-0.000179245784941996,-1.61764547613322e-05,6.88088379131471e-05
2019/12/05,0.000631794073369018,0.000516570760942986,0.00024427823860423,0.000185502952389073,0.000522741949291257,-0.000180005368897487,-1.46127462619001e-05,6.91440421677537e-05
2019/12/08,3.69105281403909e-05,-4.67917582047815e-05,0.000230373726963711,0.000225691566814328,0.000539493108367718,-0.000180625836542744,-1.30391077004867e-05,6.94774484691275e-05
2019/12/09,-0.000549909341243952,-0.00054377228967122,0.000180639881363047,0.000260449596507177,0.000555397319734155,-0.000181103982925412,-1.14558941793233e-05,6.9809023979983e-05
2019/12/10,-2.64162535492718e-05,-0.000498343529741754,0.000101547183458692,0.000288369148601722,0.000570377685287147,-0.000181436580047446,-9.86348384633236e-06,7.01387358630346e-05
2019/12/11,0.000427583780831141,-0.000123704208215806,8.2934379617343e-06,0.000308699455763996,0.000584357306923275,-0.000181620381437237,-8.26227332300001e-06,7.04665512809966e-05
2019/12/12,0.000117278740028054,0.000239395094501882,-8.1741719653082e-05,0.000320854032043013,0.000597259286539118,-0.000181652066728925,-6.65273312506347e-06,7.07924373965834e-05
2019/12/15,-0.000283060817583937,0.00042922242909928,-0.000151178653911012,0.000324246391487785,0.000609006726031257,-0.000181528297083086,-5.03535224182273e-06,7.11163613725094e-05
2019/12/16,4.5889217681475e-05,0.00038424928450972,-0.000186121426749988,0.000318316680389073,0.000619496095054527,-0.000181245733660298,-3.41061966257796e-06,7.1438290371489e-05
2019/12/17,0.000146428463012631,0.000272801317344619,-0.000186608889758646,0.000302581792207566,0.00062854711609383,-0.000180801037621137,-1.7790243766294e-06,7.17581915562365e-05
2019/12/18,-9.16104103133493e-05,0.000216933757755034,-0.000156440569210785,0.00027674310272998,0.000636072006580532,-0.000180190870126181,-1.41055373277108e-07,7.20760320894665e-05
2019/12/19,4.97903586842869e-05,-5.69075030597781e-05,-0.000100523900470142,0.000241580115035911,0.000642012765743051,-0.000179411892336007,1.50279835817877e-06,7.23917791338931e-05
2019/12/22,1.02024901331889e-05,-0.000404307840191657,-2.40432961729382e-05,0.000198149309477446,0.000646311392809805,-0.00017846076541119,3.1520478284381e-06,7.27053998522309e-05
2019/12/23,-6.95884632511985e-06,-0.000523080658792439,6.78168310446054e-05,0.000147507166406667,0.000648909887009209,-0.000177334150512309,4.80620404820075e-06,7.30168614071941e-05
2019/12/25,6.43972642656952e-06,-0.000435159399018874,0.000169375450912818,9.07101661756598e-05,0.000649750247569684,-0.00017602870879994,6.46477802816651e-06,7.33261309614973e-05
2019/12/26,-2.40704591872817e-05,-0.000361902765883367,0.000272965062628232,2.88147891365082e-05,0.000648775146328359,-0.000174541774043373,8.1272807790354e-06,7.36331756778547e-05
2019/12/29,6.88348530715403e-05,-2.34616718078971e-05,0.000370421547753931,-3.71224843587038e-05,0.000645929945557219,-0.000172873370446753,9.7932233115071e-06,7.39379627189808e-05
2019/12/30,-4.99579410476009e-05,0.000485414552157378,0.000453580787852997,-0.000106045173957892,0.000641161292289079,-0.000171024806975053,1.14621166362816e-05,7.42404592475899e-05
2020/01/01,-0.000280570250242494,0.000727066383635761,0.000514298814620967,-0.000176916949441425,0.000634418282165219,-0.000168999841201712,1.31334717640588e-05,7.45406324263965e-05
2020/01/02,0.000462824216356033,0.00040295765430406,0.000546202501031495,-0.000248782081119489,0.000625650622979034,-0.000166802842852287,1.48067997055383e-05,7.48384494181148e-05
2020/01/05,4.39046469154286e-05,0.000115403245863647,0.000549699833183903,-0.000320704989434721,0.000614808022523921,-0.000164438181652332,1.64816114714202e-05,7.51338773854593e-05
2020/01/06,-0.000974210929335926,-2.26522474348623e-05,0.000526889037925811,-0.00039175009482976,0.000601840188593278,-0.000161910227327404,1.81574180724044e-05,7.54268834911444e-05
2020/01/07,0.000197255596859151,-8.72940407017671e-05,0.000479868342104844,-0.000460981817747244,0.000586696828980498,-0.000159223349603058,1.98337305191906e-05,7.57174348978845e-05
2020/01/08,0.00060406322089281,-0.000142428876660185,0.000410735972568623,-0.000527464578629812,0.00056932765147898,-0.000156381918204849,2.15100598224788e-05,7.60054987683939e-05
2020/01/09,0.00180185502666968,-0.000248918879936436,0.000321590156164771,-0.000590262797920102,0.000549682363882118,-0.000153390302858334,2.31859169929687e-05,7.62910422653869e-05
2020/01/12,0.00229319742105859,-0.000467626175156842,0.000214529119740911,-0.000648440896060752,0.00052771067398331,-0.000150252873289067,2.48608130413604e-05,7.65740325515781e-05
2020/01/13,0.00111996462268428,-0.000803882205572079,9.16510901446651e-05,-0.0007010632934944,0.000503362289575952,-0.000146973999222604,2.65342589783536e-05,7.68544367896818e-05
2020/01/14,-0.00197109486122534,-0.00104089568893022,-4.49457057763443e-05,-0.000747194410663684,0.00047658691845344,-0.000143558050384501,2.82057658146481e-05,7.71322221424123e-05
2020/01/15,-0.00318130044668068,-0.000906604644597509,-0.00019290305818066,-0.000785898668011245,0.00044733426840917,-0.000140009396500314,2.98748445609439e-05,7.74073557724841e-05
2020/01/16,0.000361136160802918,-0.000260504979179425,-0.000348223259699865,-0.000816240485979718,0.000415554047236538,-0.000136332407295598,3.15410062279409e-05,7.76798048426116e-05
2020/01/19,0.00357683484465624,0.000515575596669185,-0.000504250357765201,-0.000837284285011744,0.000381195962728942,-0.000132531452495908,3.32037618263388e-05,7.7949536515509e-05
2020/01/20,0.00145408739511022,0.00100341850760389,-0.000653728834256277,-0.000848094485549959,0.000344209722679775,-0.0001286109018268,3.48626223668376e-05,7.82165179538909e-05
2020/01/21,-0.00116618249551279,0.00116186849423552,-0.000789958124710808,-0.000847762384342041,0.000304571911187474,-0.000124575125013831,3.65170988601371e-05,7.84807163204715e-05
2020/01/22,-0.00136529719936866,0.00104600535419774,-0.000908345631115014,-0.000835501327348175,0.000262381161562982,-0.000120428491782554,3.81667023169371e-05,7.87420987779653e-05
2020/01/23,-0.00316674084612103,0.000711016446046735,-0.00100440631637766,-0.000810618720307391,0.000217830166896086,-0.000116175371858527,3.98109437479376e-05,7.90006324890867e-05
2020/01/26,-0.00365152837719837,0.000211977280154792,-0.00107354329522361,-0.000772472542968434,0.00017116219428629,-0.000111820134967304,4.14493341638384e-05,7.92562846165499e-05
2020/01/27,-2.93935331393811e-05,-0.000380378197383536,-0.00111115968237774,-0.000720435657412432,0.000122635393165479,-0.000107367150834442,4.30813845753394e-05,7.95090223230695e-05
2020/01/28,0.00331642003070256,-0.000932682297584707,-0.00111234510399351,-0.000654217913604078,7.25314122776986e-05,-0.000102820789185494,4.47066059931403e-05,7.97588127713598e-05
2020/01/29,-0.000209528577405017,-0.00127342272261178,-0.00107093523193877,-0.000574788990621736,2.1137775195038e-05,-9.81854197460188e-05,4.63245094279411e-05,8.00056231241352e-05
2020/01/30,-0.00280971733225831,-0.00113868780242562,-0.000982906929187546,-0.000483432056115173,-3.12579945104159e-05,-9.34654122415701e-05,4.79346058904418e-05,8.024942054411e-05
2020/02/02,0.000717486122055514,-0.000375265330040472,-0.000854055777424338,-0.000381430277734158,-8.43683732665744e-05,-8.86651363977039e-05,4.9536406391342e-05,8.04901721939988e-05
2020/02/03,0.00220495800586547,0.000600494161627184,-0.000692632038011238,-0.000270066823128459,-0.00013790583750135,-8.37889619399758e-05,5.11294219413417e-05,8.07278452365157e-05
2020/02/04,-0.000543419416573945,0.00130268287388947,-0.000506885972310344,-0.000150624859947843,-0.000191582863642655,-7.88412585939413e-05,5.27131635511408e-05,8.09624068343752e-05
2020/02/05,-0.00160680105280701,0.00153918136455274,-0.000305067841683751,-2.43875558420811e-05,-0.0002451119281184,-7.3826396085156e-05,5.42871422314391e-05,8.11938241502918e-05
2020/02/06,0.0001547991440567,0.00125667854693274,-9.622734693562e-05,0.000107361921539062,-0.0002982055073565,-6.87487441391757e-05,5.58508689929363e-05,8.14220643469797e-05
2020/02/09,0.00113472544536016,0.000663439314836833,0.000107257138413422,0.000243340404545815,-0.000350576077784864,-6.36126724815556e-05,5.74038548463326e-05,8.16470945871534e-05
2020/02/10,0.000464740643884671,-1.56074296451193e-05,0.000291684141607816,0.000382264725528412,-0.000401936115831405,-5.84225508378517e-05,5.89456108023277e-05,8.18688820335272e-05
2020/02/11,-0.000575305668498047,-0.000752285541059954,0.000443221274943785,0.000522851716837083,-0.000451998097924037,-5.31827489336192e-05,6.04756478716214e-05,8.20873938488156e-05
2020/02/12,-0.00091103850921411,-0.00156763979185074,0.000548036150717552,0.000663818210822062,-0.00050047450049067,-4.78976364944142e-05,6.19934770649136e-05,8.23025971957329e-05
2020/02/13,0.000803809745532284,-0.00238353299932129,0.00059229638122534,0.000803881039833579,-0.000547077799959218,-4.25715832457919e-05,6.34986093929042e-05,8.25144592369935e-05
2020/02/16,0.00121867279380627,-0.00272510016021853,0.000562169578763372,0.000941757036221866,-0.000591520472757591,-3.72089589133077e-05,6.49905558662931e-05,8.27229471353118e-05
2020/02/17,-0.00152543331631472,-0.00227431378611709,0.00045055817740235,0.00107584286833618,-0.000633514995313703,-3.18141332225176e-05,6.646882749578e-05,8.29280280534021e-05
2020/02/18,-0.00117820699531463,-0.00151122038863228,0.00027730389831089,0.00120325454852185,-0.000672773844055463,-2.6391475898977e-05,6.7932935292065e-05,8.31296691539789e-05
2020/02/19,0.00235693737199443,-0.000267870430037902,6.89832844320851e-05,0.00132078792512324,-0.000709009495410787,-2.09453566682418e-05,6.93823902658478e-05,8.33278375997565e-05
2020/02/20,8.95433289517355e-05,0.00161429900571966,-0.000147827121290969,0.00142523884648471,-0.000741934425807584,-1.5480145255867e-05,7.08167034278283e-05,8.35225005534493e-05
2020/02/23,-0.00322602566343842,0.00335228882869523,-0.000346550775915181,0.00151340316095062,-0.000771261111673768,-1.00002113874087e-05,7.22353857887064e-05,8.37136251777718e-05
2020/02/24,0.000861903638613813,0.00402224633376704,-0.000500611136497455,0.00158207671686533,-0.000796702029437251,-4.50992478842206e-06,7.36379483591819e-05,8.39011786354382e-05
2020/02/25,0.00381283478889517,0.00308195885390891,-0.000586924152898106,0.00162805536257319,-0.000817969655525945,9.86344815536984e-07,7.50239021499546e-05,8.4085128089163e-05
2020/02/26,-0.00210899983057036,0.000523587889075125,-0.000596674595510243,0.00164843379573772,-0.000834776466367761,6.48422769891288e-06,7.63927581717246e-05,8.42654407016605e-05
2020/02/27,-0.00387020992400619,-0.00195374333020192,-0.00052573512480696,0.00164156769864237,-0.000846900525733996,1.19793541361501e-05,7.77440274351917e-05,8.44420836356452e-05
2020/03/01,0.00366976679464954,-0.00298858403754497,-0.0003702772505805,0.00160637395226332,-0.000854382246769484,1.74673544016932e-05,7.90772209510554e-05,8.46150240538313e-05
2020/03/02,0.00295398893855063,-0.00369569663912355,-0.000126472482623109,0.00154183502492008,-0.000857327555778997,2.29437845865403e-05,8.0391849730016e-05,8.47842291189334e-05
2020/03/03,-0.00297566949278283,-0.00362416604492323,0.000192074086884458,0.00144693338493221,-0.000855841950351103,2.8403772065484e-05,8.16874247827731e-05,8.49496659936658e-05
2020/03/04,-0.00105005829631915,-0.00204966521723761,0.00050202303620737,0.00132065150061925,-0.000850030325961236,3.38418421001872e-05,8.29634571200268e-05,8.51113018407428e-05
2020/03/05,0.00235606840332429,0.000272493249185632,0.000702601361222282,0.00116197184030072,-0.000839997446102412,3.9252387969891e-05,8.42194577524768e-05,8.52691038228789e-05
2020/03/08,-0.0022432231603745,0.00184166091762966,0.000691889257936798,0.000971023672165227,-0.000825848074267646,4.46298029538361e-05,8.5454937690823e-05,8.54230391027883e-05
2020/03/09,-0.00042654691681911,0.000771491914610957,0.000408860156583462,0.000752523463877567,-0.000807686973949954,4.99684803312642e-05,8.66694079457653e-05,8.55730748431856e-05
2020/03/10,0.0025173012143396,-0.000801136306542646,-2.67375776696163e-05,0.000512334482971594,-0.000785618908642349,5.52628133814166e-05,8.78623795280035e-05,8.57191782067852e-05
2020/03/11,-0.00109416106139082,-0.000539104668225808,-0.00043510873392936,0.000256319996981165,-0.000759748641837849,6.05071953835351e-05,8.90333634482375e-05,8.58613163563012e-05
2020/03/12,-0.0032385076172094,0.000305319199137603,-0.000582130113137946,-9.65672655986699e-06,-0.000730180937029466,6.56960196168601e-05,9.01818707171671e-05,8.59994564544483e-05
2020/03/15,0.00363939654525502,7.50356899708305e-05,-0.000319816105034446,-0.000279773497021249,-0.000697020557710218,7.08236793606334e-05,9.13074123454922e-05,8.61335656639407e-05
2020/03/16,0.00223929826340483,-0.00083458415503454,0.000156067796317126,-0.000548372431387148,-0.000660372267373118,7.58845678940961e-05,9.24094993439127e-05,8.62636111474928e-05
2020/03/17,-0.00427681380186349,-0.00101883862015599,0.000583376849350091,-0.000809836723545331,-0.000620340829511182,8.08730784964899e-05,9.34876427231285e-05,8.63895600678191e-05
2020/03/18,-0.00304384239471812,0.000390247774380599,0.000781352773477416,-0.00105891947686615,-0.000577031007617426,8.57836044470553e-05,9.45413534938394e-05,8.65113795876338e-05
2020/03/19,-0.00273883225984405,0.00184220095698296,0.000616171428091534,-0.00129185343265032,-0.000530547565184864,9.06105390250345e-05,9.55701426667452e-05,8.66290368696514e-05
2020/03/22,0.00442014546945529,0.00110650372652514,4.11729492717867e-05,-0.00150524124168113,-0.00048099526570651,9.53482755096683e-05,9.65735212525459e-05,8.67424990765863e-05
2020/03/23,-0.00421257120328476,-0.00219548856043988,-0.000670005446538373,-0.00169568555474188,-0.000428478872675381,9.99912071801982e-05,9.75510002619413e-05,8.68517333711528e-05
2020/03/24,0.00392607831388563,-0.00209706836831948,-0.00117960717503719,-0.00185978902261587,-0.000373103149584491,0.000104533727315865,9.85020907056311e-05,8.69567069160654e-05
2020/03/25,0.0033425210617609,0.00045909747249135,-0.00125423007120175,-0.00199415429608638,-0.000314972859926858,0.000108970229195911,9.94263035943155e-05,8.70573868740383e-05
2020/03/26,-0.00356156412751378,0.00167226119223646,-0.000838821136134619,-0.00209512900343574,-0.000254192767195491,0.000113295106099576,0.000100323149938694,8.71537404077861e-05
2020/03/29,0.00372493162509019,-0.00115054357823271,3.09544471176165e-05,-0.00215802891389998,-0.000190879403925805,0.000117502751306103,0.000101192140749467,8.7245734680023e-05
2020/03/30,-1.36712263418975e-05,-0.00140550065278351,0.00112717115726863,-0.00217785011618918,-0.000125213960678175,0.000121587558094732,0.000102032787037334,8.73333368534635e-05
2020/03/31,-0.00504665624515126,0.00073497264206399,0.0021914980244783,-0.00214946644633294,-5.74998806934712e-05,0.000125543919744704,0.000102844599812994,8.7416514090822e-05
2020/04/01,0.00618746890737821,0.00219175791403212,0.00297091825160966,-0.00206757353363916,1.17811860657429e-05,0.000129366229535262,0.000103627090087149,8.74952335548128e-05
2020/04/02,-0.00758142110159777,-0.000439317584299284,0.00323077684090464,-0.00192682685119917,8.21074334203364e-05,0.000133048880745646,0.000104379768870497,8.75694624081502e-05
2020/04/05,0.00741027456207441,-0.00490533413696895,0.00281159951654794,-0.00172428175860479,0.000152957055191172,0.000136586266655098,0.000105102147173738,8.76391678135488e-05
2020/04/06,0.0107353804191681,-0.0064978120507886,0.00158170675758683,-0.00146659316144976,0.000223808245199117,0.000139972780542859,0.000105793736007573,8.77043169337229e-05
2020/04/07,0.0089692861916986,-0.00128365409548714,-0.000465731483603586,-0.00116281585182833,0.000294139197265036,0.00014320281568817,0.000106454046382701,8.77648769313868e-05
2020/04/08,-0.0136607677332787,0.00883508874181824,-0.00284774690733861,-0.000822004621834742,0.000363428105209794,0.000146270765370272,0.000107082589309822,8.7820814969255e-05
2020/04/12,0.0147732232391045,0.0132494796172118,-0.00495892162710616,-0.000453214263563232,0.000431153162854256,0.000149171022868408,0.000107678875799636,8.78720982100418e-05
2020/04/13,-0.0155276812684554,0.00202855585866196,-0.00625081568459622,-6.54995691080384e-05,0.000496792564019289,0.000151897981461817,0.000108242416862843,8.79186938164616e-05
2020/04/14,0.015870762272801,-0.0135813210450069,-0.00640221682068671,0.000331400655816193,0.000559824502525757,0.000154446034429742,0.000108772723510142,8.79605689512288e-05
2020/04/15,0.015805800630979,-0.0182046079354218,-0.00514615464997601,0.000725011551013227,0.000619727172194526,0.000156809575051423,0.000109269306752234,8.79976907770578e-05
2020/04/16,0.00616331410861341,-0.0124715791489879,-0.00240432891419253,0.00110217424266642,0.00067597876684646,0.000158982996606103,0.000109731677599818,8.8030026456663e-05
2020/04/19,-0.0113295330990559,-0.000497093386428244,0.00114414408193368,0.00144972985695912,0.000728057480302427,0.000160960692373022,0.000110159347063595,8.80575431527587e-05
2020/04/20,-0.0134653012634552,0.0129116463228704,0.00463079389292215,0.0017545195200747,0.00077544150638329,0.000162737055631421,0.000110551826154263,8.80802080280593e-05
2020/04/21,0.0121192542601846,0.0167283130652158,0.0071871500732924,0.0020033843581965,0.000817609038909914,0.000164306479660542,0.000110908625882524,8.80979882452792e-05
2020/04/22,-0.010611373067991,-0.00113502198172104,0.00810170832870887,0.0021831654975079,0.000854038271703166,0.000165663357739627,0.000111229257259076,8.81108509671329e-05
2020/04/23,0.00908896833677149,-0.0130774746203909,0.00728746676693929,0.00228406626666852,0.000884207398583912,0.000166802083147915,0.00011151323129462,8.81187633563346e-05
2020/04/26,-0.00770546160054245,0.0025599526567574,0.00495555211717142,0.00230973880424315,0.000907594613373016,0.00016771704916465,0.000111760058999856,8.81216925755988e-05
2020/04/27,0.00655404774823523,0.00925112587787144,0.00193217402683777,0.00226705764137766,0.00092381791978651,0.000168402649069072,0.000111969251385483,8.81196057876397e-05
2020/04/28,-0.0056430628924911,-0.00323963135469938,-0.000917911486937964,0.00216233806963729,0.000933054561121086,0.000168853276140422,0.000112140319462201,8.8112470155172e-05
2020/04/29,0.00492659625174448,-0.00652027311683428,-0.00319420804898834,0.0020017555706921,0.000935621590568604,0.000169063323657941,0.000112272774240711,8.81002528409099e-05
2020/04/30,-0.00435931613980814,0.000646241882616743,-0.00468032960209908,0.00179148562621215,0.000931833838863315,0.000169029407358482,0.000112366126731711,8.80829210075676e-05
2020/05/03,-0.00197259216579192,0.00492404829986254,-0.00543207171891217,0.0015377037178675,0.000921997246909025,0.000168756865954309,0.000112420054800932,8.80604418178599e-05
2020/05/04,0.000840979493202268,0.00426410749195617,-0.00557268985764966,0.00124658532732821,0.00090641553315193,0.000168252593195178,0.000112434897009227,8.80327891594943e-05
2020/05/05,0.00347921206694006,0.00200997452624881,-0.00522361018418471,0.000924818731451762,0.000885392416038228,0.000167523315975816,0.000112411131872505,8.79999638201527e-05
2020/05/06,-0.00347606861875889,0.00084040514897602,-0.00450772452325616,0.000581143387845387,0.000859231614014114,0.000166575761190952,0.000112349228214828,8.79619762793646e-05
2020/05/07,-0.000647509311504327,-0.000610241224072793,-0.00354843749479027,0.000224811549303723,0.000828236845525786,0.000165416655735312,0.000112249642992838,8.79188488840785e-05
2020/05/10,0.00383498024934039,-0.0023444717847184,-0.0024691537187133,-0.000134924531378586,0.000792711829019442,0.000164052726503623,0.000112112830196324,8.78706069480972e-05
2020/05/11,0.00145825405782882,-0.00369450787754915,-0.00139327781495151,-0.000488812601406892,0.000752960282941276,0.000162490700390613,0.000111939243815073,8.78172757852236e-05
2020/05/12,-0.000266727886522573,-0.00385601895967437,-0.000429989035672263,-0.000827600407986553,0.000709285925737487,0.00016073730429101,0.000111729337838874,8.77588807092605e-05
2020/05/13,-0.00469401387643033,-0.00204567315269344,0.000370226345256628,-0.00114203569832292,0.00066199247585427,0.00015879926509954,0.000111483566257515,8.76954470340108e-05
2020/05/14,-0.00139254860080509,0.00172279600892565,0.000978273450781734,-0.00142286621962135,0.000611383651737822,0.000156683309710931,0.000111202383060784,8.76270000732775e-05
2020/05/17,0.00499689275054741,0.00433116741923401,0.00136684891111351,-0.00166083971908721,0.000557763171834342,0.00015439616501991,0.000110886242238469,8.75535651408634e-05
2020/05/18,0.00106319770683257,0.00311994719674366,0.00152161612477239,-0.00184865704548673,0.000501434754590025,0.000151944557921204,0.000110535597780358,8.74751675505713e-05
2020/05/19,-0.00483007847106807,0.000367246422027054,0.00148010556351883,-0.00198683145382975,0.000442702118451066,0.000149335215309541,0.00011015090367624,8.73918326162042e-05
2020/05/20,-0.000442708603690172,-0.00111863910220804,0.00129281446742327,-0.002077829300687,0.000381868981863664,0.000146574864079649,0.000109732613915902,8.7303585651565e-05
2020/05/21,0.00421517101061843,-0.0013462796467731,0.00101024007655616,-0.00212411694262922,0.000319239063274016,0.000143670231126254,0.000109281182489132,8.72104519704565e-05
2020/05/24,-0.00380528598909078,-0.00138861397542162,0.000682879630987946,-0.00212816073622712,0.000255116081128316,0.000140628043344083,0.00010879706338572,8.71124568866815e-05
2020/05/25,-0.00297575950104019,-0.00290988347663308,0.000361230370789071,-0.0020924240726045,0.000189800788425815,0.000137455027627865,0.000108280710595452,8.70096257140431e-05
2020/05/26,0.00297452867970414,-0.00453770763295203,9.57895360299756e-05,-0.00201936798720913,0.000123591582489759,0.000134157910872325,0.000107732578108118,8.69019837663441e-05
2020/05/27,0.000703388915744605,-0.0046049289686074,-6.29456332188934e-05,-0.00191148857448904,5.68219196436503e-05,0.000130743419972193,0.000107153119913504,8.67895563573872e-05
2020/05/28,-0.00236370847235429,-0.00363961085466434,-8.04045527299764e-05,-0.00177154898924246,-1.01652376772134e-05,0.000127218281822194,0.0001065427900014,8.66723688009756e-05
2020/05/31,0.00219895964243006,-0.00253567773356073,1.42767383527228e-05,-0.00160334260322117,-7.70269270375306e-05,0.000123589223317057,0.000105902042361593,8.65504464109119e-05
2020/06/01,0.00148018435487128,-0.0015418958026311,0.000176035545042312,-0.00141092034241534,-0.000143420186002003,0.000119862971351508,0.000105231330983872,8.64238145009991e-05
2020/06/02,-0.00214631395993041,-0.000288332524343368,0.0003598091723519,-0.00119833313281515,-0.000209002052135327,0.000116046252820276,0.000104531109858024,8.62924983850401e-05
2020/06/03,-0.00180571141503684,0.00126698949259492,0.000520534925294594,-0.000969631900410758,-0.000273429563002205,0.000112145794618086,0.000103801832973838,8.61565233768378e-05
2020/06/04,0.00233955426120011,0.00226870822396624,0.000613150108883504,-0.000728867571192344,-0.000336359756167336,0.000108168323639667,0.000103043954321102,8.6015914790195e-05
2020/06/07,-0.000743195950352479,0.00196602250764832,0.000602660947826154,-0.000480091071150078,-0.00039744966919542,0.000104120566779746,0.000102257927889604,8.58706979389146e-05
2020/06/08,-0.00263303429711473,0.000858639877182711,0.000494349345607725,-0.000227353326274134,-0.000456356339651157,0.00010000925093305,0.000101444207669132,8.57208981367995e-05
2020/06/09,0.00282596983026627,-0.000239428690623755,0.000303566125407813,2.5294737445318e-05,-0.000512736805099248,9.58411029943069e-05,0.000100603247649474,8.55665406976526e-05
2020/06/10,0.00291789806901533,-0.000574559569580351,4.55924471067452e-05,0.000273871857317374,-0.000566248103104389,9.16228498582431e-05,9.97355018204191e-05,8.54076509352768e-05
2020/06/11,-0.00303295594501709,-1.39675301914565e-05,-0.000245518697746208,0.000514675423848209,-0.000616547271231285,8.73612184195866e-05,9.88414241717543e-05,8.52442541634749e-05
2020/06/14,-0.00189702202372093,0.000344659448718181,-0.000459582041436973,0.000744072490843262,-0.000663291347044632,8.30629355730644e-05,9.79214686932681e-05,8.50763756960498e-05
2020/06/15,0.00316923586111014,9.12026069322981e-05,-0.000496142947149568,0.000958293197895436,-0.000706137368109132,7.8734728213404e-05,9.69760893747489e-05,8.49040408468045e-05
2020/06/16,-0.000402228497128024,-0.000623551491829212,-0.000369871241124455,0.00115302002774747,-0.000744742371989484,7.43833232353328e-05,9.60057402059844e-05,8.47272749295417e-05
2020/06/17,-0.00313410349141176,-0.0008490338434525,-0.000126945602287796,0.00132379854892957,-0.000778763396250387,7.00154475335778e-05,9.5010875176763e-05,8.45461032580644e-05
2020/06/18,0.00173951258797585,0.000129894925213544,0.00016968560344231,0.00146617432997194,-0.000807857478456542,6.56378280028663e-05,9.39919482768727e-05,8.43605511461754e-05
2020/06/21,0.00289272557703928,0.00127760293614947,0.000430911316003812,0.00157569293940477,-0.00083168165617265,6.12571915379263e-05,9.29494134961017e-05,8.41706439076777e-05
2020/06/22,-0.000918787847240874,0.00144144700415707,0.000561761736029072,0.00164789994575828,-0.000849892966963408,5.68802650334842e-05,9.18837248242381e-05,8.39764068563741e-05
2020/06/23,-0.00245902511012213,0.000724585488869421,0.000495884835015293,0.0016793753612435,-0.000862148448393518,5.25137753842677e-05,9.079533625107e-05,8.37778653060675e-05
2020/06/24,0.00027400441074634,-0.000468019689777456,0.000281399667919047,0.00167094804254151,-0.000868216207774324,4.81644494850043e-05,8.96847017663856e-05,8.35750445705608e-05
2020/06/25,0.00191245562809783,-0.00136486291182762,-4.95693943825058e-06,0.00162492556900082,-0.000868308631403752,4.38390142304214e-05,8.85522753599729e-05,8.33679699636569e-05
2020/06/28,0.000965297876877737,-0.00132655532789722,-0.000286448161235184,0.00154372658971656,-0.0008627484938505,3.95435150393748e-05,8.73985110216201e-05,8.31566667991586e-05
2020/06/29,-0.00138888299612241,-0.000629516260268419,-0.00049519199683837,0.00142976975378389,-0.000851855828439989,3.52812560874428e-05,8.62238627411154e-05,8.29411603908687e-05
2020/06/30,-0.000878141592204778,0.000259501821877654,-0.000598725746366561,0.00128547371029795,-0.000835949925662583,3.10547987151458e-05,8.50287845082468e-05,8.27214760525904e-05
2020/07/01,0.000977957305075187,0.000904254480797518,-0.00057344153512654,0.00111325710835389,-0.000815350060668849,2.68666889232079e-05,8.38137303128025e-05,8.24976390981263e-05
2020/07/02,0.000986898851882839,0.000918042208384485,-0.00039573148842509,0.000915538597046845,-0.000790375508609353,2.27194727123534e-05,8.25791541445707e-05,8.22696748412793e-05
2020/07/05,-0.00102431147023357,0.00015838127363653,-6.76552002148187e-05,0.000695832639633067,-0.000761345544634662,1.86156960833058e-05,8.13255099933393e-05,8.20376085958524e-05
2020/07/06,-0.000562466370588004,-0.000980876846427993,0.00030605786096837,0.000462036956013186,-0.000728579443895343,1.45579050367899e-05,8.00532518488966e-05,8.18014656756485e-05
2020/07/07,0.00136807927073309,-0.00123173640315668,0.000595010757942749,0.000223145080248928,-0.000692396481541964,1.05486455735296e-05,7.87628337010307e-05,8.15612713944703e-05
2020/07/08,-0.000166885357469144,9.22524632005938e-05,0.000691173472011209,-1.26043553831492e-05,-0.000653115932725091,6.59046369424904e-06,7.74547095395297e-05,8.13170510661208e-05
2020/07/09,-0.00193122549169019,0.00165553611456299,0.000575983658415104,-0.000239992325747184,-0.000611057072595291,2.68590539967231e-06,7.61293333541817e-05,8.1068830004403e-05
2020/07/12,0.00101636073926296,0.00196018891087341,0.000261394358042806,-0.000454554707492487,-0.000566539176303132,-1.16248330947655e-06,7.4787159134775e-05,8.08166335231195e-05
2020/07/13,0.0025042320379851,0.000854990076043595,-0.00019851022588797,-0.000651827377268368,-0.000519881518999179,-4.95215643247347e-06,7.34286408710975e-05,8.05604869360734e-05
2020/07/14,-0.00127465100001043,-0.00107176341571912,-0.00070334824827812,-0.000827346211724137,-0.000471403375834,-8.68056796859404e-06,7.20542325529373e-05,8.03004155570676e-05
2020/07/15,-0.00289854048570214,-0.00236969475419799,-0.00114320057034879,-0.000976647087509104,-0.000421424021958162,-1.23451719171142e-05,7.06643881700829e-05,8.00364446999048e-05
2020/07/16,0.000977526617584644,-0.00188815629661667,-0.00142973177191109,-0.00109526588127258,-0.000370262732522232,-1.594342227731e-05,6.92595617123219e-05,7.9768599678388e-05
2020/07/19,0.00300713995478736,-0.000483976455883584,-0.0015609413071359,-0.00117873846966387,-0.000318238782676776,-1.94727730484574e-05,6.78402071694428e-05,7.94969058063201e-05
2020/07/20,0.00137491713221846,0.000708448825115494,-0.00155509198199323,-0.0012239159434192,-0.000265676600276315,-2.2930678229832e-05,6.64067785312337e-05,7.92213883975039e-05
2020/07/21,-0.000520627252882806,0.00145192953927034,-0.00142516513528965,-0.00123292344000374,-0.000212908033609825,-2.63145918207098e-05,6.49597297874825e-05,7.89420727657423e-05
2020/07/22,-0.00136855193656886,0.0017335771634146,-0.00118282173904085,-0.00120927227425385,-0.000160199120385979,-2.96219678203668e-05,6.34995149279776e-05,7.86589842248383e-05
2020/07/23,-0.00241254670623043,0.0015430934902779,-0.000842313081158551,-0.00115655975842263,-0.000107729900896682,-3.28502602280786e-05,6.2026587942507e-05,7.83721480885946e-05
2020/07/26,-0.0015975992446223,0.000932693752207969,-0.00043254275039784,-0.00107840140652204,-5.56622136749914e-05,-3.59969230431213e-05,6.05414028208587e-05,7.80815896708142e-05
2020/07/27,0.000651967987499827,0.000165792201584987,-2.16880044764662e-06,-0.00097841273256405,-4.1578972539612e-06,-3.90594102647706e-05,5.9044413552821e-05,7.77873342852999e-05
2020/07/28,0.00153812995583235,-0.000442044733176706,0.000395859677743642,-0.00086020925056062,4.66212098333543e-05,-4.20351758923025e-05,5.7536074128182e-05,7.74894072458547e-05
2020/07/29,0.000925461228304371,-0.000655723801444745,0.000713515821940447,-0.000727406474523711,9.65132690538991e-05,-4.49216739249932e-05,5.60168385367299e-05,7.71878338662814e-05
2020/07/30,-0.000589911922492015,-0.00056752286077527,0.000927940081819084,-0.000583619918465287,0.000145356441874619,-4.77163583621179e-05,5.44871607682526e-05,7.68826394603829e-05
2020/08/02,-0.000652306787926936,-0.000382268340597281,0.00104310872401136,-0.00043246509639731,0.000192988889762459,-5.0416683202953e-05,5.29474948125384e-05,7.65738493419621e-05
2020/08/03,-0.00016079540953571,-0.000269004520343915,0.00106847641220976,-0.000277557522331743,0.000239248774184364,-5.30201024467739e-05,5.13982946593753e-05,7.62614888248218e-05
2020/08/04,0.000228235854180543,-7.93064034988558e-05,0.00101349781010677,-0.000122512710280547,0.000283974256607279,-5.55240700928573e-05,4.98400142985516e-05,7.5945583222765e-05
2020/08/05,-9.74768016971079e-05,0.000231065940764327,0.000887627581394866,2.90538257443131e-05,0.00032700349849815,-5.79260401404783e-05,4.82731077198553e-05,7.56261578495944e-05
2020/08/06,-7.96831271029929e-05,0.000156708505286546,0.000703880841209027,0.000173769455825534,0.00036817466132392,-6.0223466588913e-05,4.66980289130745e-05,7.53032380191131e-05
2020/08/09,-4.94595847176085e-05,-0.000152857071632918,0.000489514510454217,0.000309233086424438,0.000407325906551537,-6.24138034374374e-05,4.51152318679975e-05,7.49768490451239e-05
2020/08/10,-9.06861959678699e-07,-0.000230144946657947,0.000275345961477897,0.000433286508097005,0.000444295395647943,-6.44945046853273e-05,4.35251705744123e-05,7.46470162414296e-05
2020/08/11,-2.78442989353037e-05,-6.79000891514882e-05,8.80688402227791e-05,0.000543771511399216,0.000478921290080086,-6.64630243318585e-05,4.19282990221069e-05,7.43137649218332e-05
2020/08/12,6.7339351845377e-05,0.000138369387910327,-6.21181129874023e-05,0.000638529886887048,0.000511041751314909,-6.83168163763068e-05,4.03250712008697e-05,7.39771204001375e-05
2020/08/13,1.358553506539e-05,0.000247527050938933,-0.000169139884233659,0.000715403425116483,0.000540494940819358,-7.00533348179486e-05,3.87159411004886e-05,7.36371079901454e-05
2020/08/16,-0.000142972373163327,0.00026571774870798,-0.00022756807724006,0.000772880534286556,0.000567119020060379,-7.16700336560594e-05,3.71013627107519e-05,7.32937530056599e-05
2020/08/17,0.000168744197990327,0.000136683661377416,-0.000237971995538636,0.000812036093168522,0.000590752150504914,-7.31643668899148e-05,3.54817900214476e-05,7.29470807604836e-05
2020/08/18,2.18781432879061e-05,-0.00014018633816798,-0.000215212477247442,0.000834591598176692,0.000611232493619912,-7.4533788518791e-05,3.38576770223639e-05,7.25971165684197e-05
2020/08/19,-0.000194297789779683,-0.000305122062067712,-0.000177561589720278,0.000842268545725374,0.000628398210872315,-7.57757525419641e-05,3.22294777032888e-05,7.22438857432708e-05
2020/08/20,-2.06895532093362e-05,-0.000135075167486434,-0.00014170829675836,0.000836761351620491,0.000642114544337458,-7.68877129587095e-05,3.05976460540106e-05,7.188741359884e-05
2020/08/23,0.000209751955181239,0.000190452581464638,-0.00011800914795258,0.000819633515884324,0.000652377651874315,-7.78671237683032e-05,2.89626360643173e-05,7.15277254489301e-05
2020/08/24,-9.01181855838375e-05,0.000400661838015871,-0.000115162447186082,0.000792255942375251,0.000659301145350598,-7.87114389700216e-05,2.73249017239971e-05,7.1164846607344e-05
2020/08/25,-0.0002469722479879,0.000270440664506694,-0.000139244465222404,0.000755676372980903,0.000663021229984105,-7.94181125631399e-05,2.56848970228381e-05,7.07988023878845e-05
2020/08/26,0.000281053719696024,-0.000224328880742693,-0.000186970472674138,0.000710867407433744,0.0006636746351654,-7.99851227197001e-05,2.40430759506284e-05,7.04296181043546e-05
2020/08/27,-0.000243605113830112,-0.000579262781840701,-0.000252734275654934,0.000658801645466241,0.000661400716167699,-8.04130734943939e-05,2.23998924971562e-05,7.0057319070557e-05
2020/08/30,-0.000375347321400079,-0.000584432534562492,-0.000330929680278439,0.000600451686810857,0.000656341469203329,-8.07052098810268e-05,2.07558006522095e-05,6.96819306002948e-05
2020/08/31,0.000383674656835116,-0.00021566862190213,-0.000415989835868343,0.000536790131200058,0.000648639419676206,-8.08653060649907e-05,1.91112544055766e-05,6.93034780073708e-05
2020/09/01,0.000473602907160719,0.000260961556655281,-0.000502505264588499,0.00046878957836631,0.000638437092990243,-8.08971362316778e-05,1.74667077470454e-05,6.89219866055878e-05
2020/09/02,-0.00051119655390018,0.000576821242568883,-0.000585105831812801,0.000397422628042077,0.000625877014549358,-8.08044745664801e-05,1.58226146664042e-05,6.85374817087488e-05
2020/09/03,-0.000227793802469091,0.0007302521830091,-0.000659254574965805,0.000323661879959825,0.000611101709757463,-8.05910952547896e-05,1.41794291534411e-05,6.81499886306567e-05
2020/09/06,0.000547295198953152,0.000737625469912576,-0.00072371059260084,0.000248479933852019,0.000594253704018474,-8.02607764306147e-05,1.25376091465603e-05,6.77595326851142e-05
2020/09/07,0.000329260109250022,0.000616751154610493,-0.000777706484944307,0.000172849389451123,0.000575475522736306,-7.98173120224275e-05,1.08976283786303e-05,6.73661391859243e-05
2020/09/08,-0.000530807268890898,0.000443668430347152,-0.000819585576820283,9.77428464896033e-05,0.000554909691314874,-7.92644999073168e-05,9.25996453113541e-06,6.69698334468899e-05
2020/09/09,-7.70336768802413e-05,0.0002810535684023,-0.000847478030970731,2.41329046999251e-05,0.000532698735158092,-7.86061459541442e-05,7.62510327733386e-06,6.65706407818139e-05
2020/09/10,0.000478115749382124,7.98653832104598e-05,-0.000859514010137616,-4.70078361854464e-05,0.000508985179669876,-7.78460879988659e-05,5.99356225757751e-06,6.61685865044991e-05
2020/09/13,-0.000308809985653554,-0.000202266268486639,-0.0008538236770629,-0.000114706776434047,0.00048391155025414,-7.69881718692108e-05,4.36586710399164e-06,6.57636959287484e-05
2020/09/14,-0.000421065348744138,-0.000469309903873223,-0.000828537194488547,-0.00017799131631341,0.000457620372314801,-7.60362433929086e-05,2.74254344870164e-06,6.53559943683647e-05
2020/09/15,0.000389154631812381,-0.000598705510952578,-0.000781784725156519,-0.000235888856091072,0.000430254171255771,-7.49941483976886e-05,1.12411692383292e-06,6.49455071371509e-05
2020/09/16,0.000398275699937419,-0.00049838690339928,-0.000713490115487796,-0.000287426796034567,0.000401955472480967,-7.386573271128e-05,-4.88886838489281e-07,6.45322595489099e-05
2020/09/17,-0.000410124896554022,-0.00016545490683086,-0.000630528803333367,-0.000331855679697477,0.000372866801394303,-7.2654842161412e-05,-2.09594220613943e-06,6.41162769174445e-05
2020/09/20,0.000133909788700954,0.000122067296574791,-0.000540677337079047,-0.000369318623777575,0.000343130683399693,-7.13653225758141e-05,-3.69652354699231e-06,6.36975845565576e-05
2020/09/21,0.000345803520087247,0.00027934040350391,-0.000451489121824603,-0.00040018188825868,0.000312889643901054,-7.00010197822154e-05,-5.29010522892253e-06,6.32762077800521e-05
2020/09/22,0.000531819226901083,0.000291888547689127,-0.000370517562669802,-0.000424811733124614,0.000282286208302299,-6.85657796083454e-05,-6.87616161980472e-06,6.2852171901731e-05
2020/09/23,-1.74872915883976e-05,0.000166045637773229,-0.000303576570582312,-0.000443574418359195,0.000251462902007345,-6.70634478819335e-05,-8.45416708751347e-06,6.2425502235397e-05
2020/09/24,-0.000644086938570735,-8.61531796035028e-06,-0.000249522080001407,-0.000456836203946244,0.000220562250420105,-6.54978704307087e-05,-1.00235959999235e-05,6.1996224094853e-05
2020/09/27,-0.000234499607130473,-0.000129275794670239,-0.000205470531234257,-0.000464963349869581,0.000189726778944495,-6.38728930824005e-05,-1.15839227249094e-05,6.1564362793902e-05
2020/09/28,0.000735263609624704,-0.000124206696618611,-0.000167705968893377,-0.000468322116113025,0.000159099012984429,-6.21923616647382e-05,-1.31346216303459e-05,6.11299436463468e-05
2020/09/29,4.04368194188765e-05,2.80667601218433e-05,-0.000128161104746856,-0.000467274555891061,0.000128817271174488,-6.04601220054512e-05,-1.46751670841075e-05,6.06929919659903e-05
2020/09/30,-0.000769576000622426,0.000190745081065145,-7.38492546049926e-05,-0.000462159506228104,9.89966559591799e-05,-5.86800199322687e-05,-1.6205033454069e-05,6.02535330666353e-05
2020/10/01,0.000479491721946504,0.000204758794580754,9.23801578769831e-06,-0.00045327947648613,6.97159421205766e-05,-5.68559012729201e-05,-1.77236951081049e-05,5.98115922620849e-05
2020/10/04,0.000733108726976443,-1.48253471853846e-05,0.000129334891050599,-0.000440904329145702,4.10212575593363e-05,-5.49916118551345e-05,-1.92306264140898e-05,5.93671948661417e-05
2020/10/05,-0.000150692445392806,-0.000407620024962335,0.000271578557258688,-0.000425295052402979,1.29498558917123e-05,-5.30909975066415e-05,-2.07253017398985e-05,5.89203661926088e-05
2020/10/06,-0.000644942710610802,-0.000487086628319612,0.000415487209509372,-0.000406703395085173,-1.44702486349881e-05,-5.11579177895853e-05,-2.22071817189907e-05,5.8471131555289e-05
2020/10/07,0.000203873840419242,0.000100321130046213,0.000542399581185119,-0.000385378796177262,-4.12133516156928e-05,-4.91962872037701e-05,-2.36756720471658e-05,5.80195162679852e-05
2020/10/08,0.000553198164655011,0.000757976824626327,0.000638607678930676,-0.000361570694664221,-6.72537486453298e-05,-4.72100339834153e-05,-2.51301646858086e-05,5.75655456445003e-05
2020/10/11,-0.00026891383147929,0.000802679235989751,0.000691603013041732,-0.000335531805486185,-9.25624593636705e-05,-4.52030863627403e-05,-2.65700515963036e-05,5.7109244998637e-05
2020/10/12,-0.000515084872828588,0.000149306071270177,0.000694516445714336,-0.000307527947403916,-0.000117097399589858,-4.31793725759642e-05,-2.79947247400357e-05,5.66506396441985e-05
2020/10/13,0.000529209114997304,-0.000835240760744771,0.000663042236489298,-0.000277834204876657,-0.000140813209187878,-4.11428208573065e-05,-2.94035760783894e-05,5.61897548949874e-05
2020/10/14,0.00018141019781622,-0.000925835877648318,0.000618537955781083,-0.000246749621336944,-0.000163664528021717,-3.90973594409865e-05,-3.07959975727492e-05,5.57266160648067e-05
2020/10/15,-0.000611990528645706,-0.000292840876074754,0.000578524850279995,-0.000214579229960638,-0.00018560599595536,-3.70469165612233e-05,-3.21713811845e-05,5.52612484674593e-05
2020/10/18,0.000267838500081086,0.000475979593836232,0.000545154912806391,-0.0001816280639236,-0.000206592252852793,-3.49954204522364e-05,-3.35291188750264e-05,5.4793677416748e-05
2020/10/19,0.000710327928749271,0.000788595298058702,0.000516737822713142,-0.000148201156401689,-0.000226577938578003,-3.29467993482452e-05,-3.48686026057128e-05,5.43239282264758e-05
2020/10/20,-0.000114830451599118,0.000296510411195187,0.000490929411165757,-0.000114603540570768,-0.000245517692994975,-3.09049814834688e-05,-3.61892243379442e-05,5.38520262104455e-05
2020/10/21,-0.000765378196046727,-0.000366525360284169,0.000462770116580299,-8.11402496066956e-05,-0.000263366155967696,-2.88738950921267e-05,-3.74903760331049e-05,5.337799668246e-05
2020/10/22,-0.000480893620176914,-0.000517014950879825,0.000426646529185469,-4.81163166853325e-05,-0.00028007796736015,-2.68574684084379e-05,-3.87714496525798e-05,5.29018649563222e-05
2020/10/25,0.000116121257790025,-0.000256521234671161,0.000378749083038878,-1.58367749825397e-05,-0.000295607767036324,-2.48596296666221e-05,-4.00318371577535e-05,5.24236563458349e-05
2020/10/26,0.000409596490081442,0.000110363515009305,0.000322483587513772,1.53933423258225e-05,-0.000309910194860205,-2.28843071008983e-05,-4.12709305100105e-05,5.19433961648011e-05
2020/10/27,0.000678843347306408,0.000277243181000143,0.00026305969581231,4.52690020638936e-05,-0.000322939890695777,-2.0935428945486e-05,-4.24881216707356e-05,5.14611097270236e-05
2020/10/28,0.000433267759744559,6.7511879928389e-05,0.000204350629418613,7.3485171055813e-05,-0.000334651494407027,-1.90169234346044e-05,-4.36828026013134e-05,5.09768223463053e-05
2020/10/29,-0.000559496542659686,-0.000176275336425078,0.000144883882944662,9.97368161257202e-05,-0.00034499964585794,-1.71327188024728e-05,-4.48543652631285e-05,5.04905593364491e-05
2020/11/01,0.000494298794345541,-9.18496612171388e-05,8.26315207906228e-05,0.000123718904097755,-0.000353938984912503,-1.52867432833107e-05,-4.60022016175655e-05,5.00023460112579e-05
2020/11/02,-0.000435739798821995,0.000120615799523328,1.86896133815306e-05,0.000145126401796056,-0.000361424151434702,-1.34829251113372e-05,-4.71257036260093e-05,4.95122076845345e-05
2020/11/03,0.000391378674926451,-3.09273060287294e-05,-4.41378649571113e-05,0.000163654276044764,-0.000367409785288522,-1.17251925207717e-05,-4.82242632498443e-05,4.90201696700818e-05
2020/11/04,-0.000229427617248191,-0.000100327055167649,-9.93393303228108e-05,0.000178997493668018,-0.00037185052633795,-1.00174737458335e-05,-4.92972724504551e-05,4.85262572817028e-05
2020/11/05,-0.000348513531052307,-1.12293954142994e-06,-0.000139618164050012,0.000190851021489956,-0.00037470101444697,-8.36369702074189e-06,-5.03441231892266e-05,4.80304958332002e-05
2020/11/08,0.000343374287042866,0.000107905625110076,-0.000158245217997897,0.00019890982633472,-0.000375915889479571,-6.76779057971616e-06,-5.13642074275432e-05,4.75329106383771e-05
2020/11/09,-0.000343221520789103,-4.85148450012059e-05,-0.000150555617206491,0.000202956821679168,-0.000375450493133304,-5.23298082340731e-06,-5.23569171267897e-05,4.70335270110361e-05
2020/11/10,0.000295967041215829,-0.000134192207830772,-0.000119574108914439,0.000203126707611041,-0.000373262974439999,-3.75968681819314e-06,-5.33216442483507e-05,4.65323702649803e-05
2020/11/11,0.000344811506305647,-4.9857372627776e-05,-7.10382596583528e-05,0.000199641505645615,-0.000369311559039864,-2.34753514513005e-06,-5.42578714053638e-05,4.60294657140126e-05
2020/11/12,-0.000342863390408692,0.000135735084636757,-1.38472909680666e-05,0.000192735571350194,-0.000363566806625141,-9.95789778262501e-07,-5.51654438179786e-05,4.55248386719358e-05
2020/11/15,-0.000263199165538423,0.000184166124863215,4.2309161878279e-05,0.00018270397667518,-0.000356059993271165,2.96375960118078e-07,-5.60442973580979e-05,4.50185144525527e-05
2020/11/16,-0.00020941833596409,0.000100034166779631,8.9202070072558e-05,0.00016987623888981,-0.000346856840372108,1.5297887477203e-06,-5.68943678976241e-05,4.45105183696663e-05
2020/11/17,-8.89947380351079e-05,-4.13469878281878e-05,0.000124444830686703,0.000154630289770087,-0.000336071483828909,2.70527526225261e-06,-5.77155913084599e-05,4.40008757370794e-05
2020/11/18,0.000304657369806471,-0.000166124143644445,0.00014711144726266,0.000137355664269413,-0.000323829662719905,3.82366218142353e-06,-5.8507903462508e-05,4.3489611868595e-05
2020/11/19,0.000301279091054404,-0.00021301140957971,0.000156275923342377,0.000118441897341191,-0.000310257116123432,4.88577618294184e-06,-5.92712402316709e-05,4.29767520780158e-05
2020/11/22,-0.000174540989615873,-0.000171401835013508,0.000151422348668601,9.82781613015166e-05,-0.000295479583117828,5.89244394451578e-06,-6.00055374878513e-05,4.24623216791449e-05
2020/11/23,-0.000244759256427477,-4.87468880253632e-05,0.000133675157787282,7.72521779172648e-05,-0.000279622802781429,6.84449214385412e-06,-6.07107311029517e-05,4.1946345985785e-05
2020/11/24,0.000219160487336719,0.00010289384496474,0.000104568871445168,5.5751306318005e-05,-0.000262812514192573,7.74274745866548e-06,-6.13867569488749e-05,4.14288503117391e-05
2020/11/25,3.54535494068851e-05,0.000157317684200543,6.56380103890113e-05,3.41629056333065e-05,-0.000245174456429597,8.58803656665809e-06,-6.20335508975233e-05,4.090985997081e-05
2020/11/26,-0.000161955241648281,0.000138641991742182,1.87762695577676e-05,1.28743349927385e-05,-0.000226834368570839,9.38118614554082e-06,-6.26510488207997e-05,4.03894002768006e-05
2020/11/29,0.000132496852937858,0.000104028802894242,-3.26859593407746e-05,-7.72704647412977e-06,-0.000207917989694634,1.01230228730221e-05,-6.32391865906067e-05,3.98674965435139e-05
2020/11/30,5.89392928553561e-05,6.58074094568858e-05,-8.50591104066199e-05,-2.72538796377289e-05,-0.00018855105887932,1.08143734268104e-05,-6.37979000788469e-05,3.93441740847525e-05
2020/12/01,-8.12443516594278e-05,1.42000129333549e-05,-0.000134653617739773,-4.53164683540823e-05,-0.000168861652217642,1.14560644846142e-05,-6.43271251574228e-05,3.88194582143196e-05
2020/12/02,-2.57332338108646e-05,-4.58253767246931e-05,-0.000177779915440237,-6.15157684215838e-05,-0.000148987193859974,1.20489227241425e-05,-6.48267976982372e-05,3.82933742460179e-05
2020/12/03,5.57697331345084e-05,-4.48986796399577e-05,-0.000210748437608019,-7.54503986242195e-05,-0.000129067444971097,1.25937748231033e-05,-6.52968535731925e-05,3.77659474936503e-05
2020/12/06,-5.72360818953188e-05,3.20791557735024e-05,-0.000229509317604197,-8.67189777459753e-05,-0.000109242166715794,1.30914474592055e-05,-6.57372286541916e-05,3.72372032710198e-05
2020/12/07,-3.97243884739613e-05,5.29349474532308e-05,-0.00022953494061694,-9.50069889002968e-05,-8.96483174088305e-05,1.35427673101575e-05,-6.61478588131369e-05,3.67071668919291e-05
2020/12/08,8.60610587524179e-05,2.29432808136939e-05,-0.000210057304608176,-0.000100347372518464,-7.04116439649165e-05,1.3948561053668e-05,-6.65286799219311e-05,3.61758636701812e-05
2020/12/09,-0.000108028745426377,-1.06682701036938e-05,-0.000172336239848784,-0.000102863538285396,-5.16514855245662e-05,1.43096553674454e-05,-6.68796278524768e-05,3.56433189195789e-05
2020/12/10,-3.2278015325543e-05,-2.87169745316987e-05,-0.00011871684842854,-0.000102696714088833,-3.34693630254737e-05,1.46268769291981e-05,-6.72006384766766e-05,3.51095579539252e-05
2020/12/13,0.000151757954575304,-4.88965345093334e-05,-5.48209421866693e-05,-0.000100016825903405,-1.59380993184436e-05,1.49010524166351e-05,-6.74916476664331e-05,3.45746060870228e-05
2020/12/14,-1.94126079435801e-05,-8.81926473010466e-05,1.29104896002449e-05,-9.50431947631154e-05,9.18877805095939e-07,1.51330085074646e-05,-6.77525912936491e-05,3.40384886326748e-05
2020/12/15,-3.76270979902477e-05,-0.000126813462102768,7.8036457655618e-05,-8.80066408402909e-05,1.70896396920358e-05,1.53235718793952e-05,-6.7983405230227e-05,3.35012309046839e-05
2020/12/16,-7.05229093523044e-05,-0.000126492412119644,0.000132936583798456,-7.91379843072558e-05,3.25622576892672e-05,1.54735692101356e-05,-6.81840253480695e-05,3.29628582168531e-05
2020/12/17,-0.000170633467957978,-4.2085124254043e-05,0.000165272934230121,-6.86680453363352e-05,4.73248031436815e-05,1.55838271773941e-05,-6.83543875190792e-05,3.24233958829852e-05
2020/12/20,0.000150641814876377,8.39100265601397e-05,0.000161528186247568,-5.68276440998541e-05,6.13653474021697e-05,1.56552195518169e-05,-6.84944747080962e-05,3.18828692168832e-05
2020/12/21,-0.000121731971763253,1.99105846415005e-06,0.000113297790327112,-4.38740821999277e-05,7.4671961811623e-05,1.56888084757994e-05,-6.86044582517099e-05,3.13413035323498e-05
2020/12/22,9.18609403491897e-05,-6.22223312067353e-05,3.26282896625091e-05,-3.01705869578322e-05,8.72327177189326e-05,1.56857031846743e-05,-6.86845565794473e-05,3.07987241431881e-05
2020/12/23,-7.19748988671567e-05,4.50537387842295e-05,-5.8975401772643e-05,-1.61068671246339e-05,9.90356864709897e-05,1.56470478533006e-05,-6.87350230603613e-05,3.02551563632007e-05
2020/12/27,7.07854624815194e-05,0.000107879336328816,-0.000122625979602842,-2.07263145139909e-06,0.000110068939414685,1.55741264146414e-05,-6.87562508216091e-05,2.97106255061908e-05
2020/12/28,-9.06424248911626e-05,3.72641942425741e-05,-0.000125752207413999,1.15626969088196e-05,0.000120320547896911,1.5468257741186e-05,-6.87486679298739e-05,2.9165156885961e-05
2020/12/29,0.000126493803676251,-0.000211790533959394,-7.84295110395781e-05,2.45108371950252e-05,0.000129778583264557,1.53307607054232e-05,-6.8712702451839e-05,2.86187758163144e-05
2020/12/30,-0.000168036212481375,-7.17630571445004e-05,-4.65182091932066e-06,3.65037942442347e-05,0.000138431116864516,1.51629541798424e-05,-6.86487824541876e-05,2.80715076110537e-05
2021/01/03,0.000203812408297889,0.000291323736462308,5.85595763294798e-05,4.72735728934652e-05,0.000146266220043678,1.49661570369328e-05,-6.85573360036028e-05,2.75233775839819e-05
2021/01/04,-0.000225389951652763,8.81731256262884e-05,8.02853693432064e-05,5.65521779797333e-05,0.000153271964148935,1.47416881491835e-05,-6.84387919539596e-05,2.69744118360936e-05
2021/01/05,0.000229805025364176,-0.000253564111482278,6.69972267508513e-05,6.41158915397071e-05,0.000159436420527177,1.44908663890835e-05,-6.82935823078994e-05,2.64246396171497e-05
2021/01/06,7.9493771883989e-05,-0.000261498826019014,3.43485226808673e-05,6.99161877206751e-05,0.000164749577213279,1.4215010629122e-05,-6.81221398552554e-05,2.58740909641032e-05
2021/01/07,-5.71966077483332e-05,-6.67879692195121e-05,-2.87967401516775e-06,7.3936621556718e-05,0.000169213618554973,1.39154397417883e-05,-6.79248973858607e-05,2.53227959139068e-05
2021/01/10,-0.000169504659105381,0.000108466239625908,-3.32184067945725e-05,7.61423525876863e-05,0.000172849124394223,1.35934725995715e-05,-6.77022876895484e-05,2.47707845035133e-05
2021/01/11,-7.35754498938727e-05,0.000133742969559951,-4.60267471918902e-05,7.65035175771629e-05,0.00017567169734926,1.32504280749607e-05,-6.74547435561517e-05,2.42180867698755e-05
2021/01/12,0.000112682159350125,5.7459004858172e-05,-3.46935536107688e-05,7.50381511788161e-05,0.000177691666453194,1.28876250404451e-05,-6.71826977755036e-05,2.36647327499462e-05
2021/01/13,-9.14955938225098e-05,-2.6638706378063e-05,-8.72683193127612e-06,7.19050863348697e-05,0.000178949059670443,1.25063823685138e-05,-6.68865831374374e-05,2.31107524806781e-05
2021/01/14,-7.23406009017489e-05,-6.91899830590372e-05,1.8335625097415e-05,6.72976183009877e-05,0.000179491950176387,1.21081357122188e-05,-6.6566832431786e-05,2.25561759990241e-05
2021/01/17,-4.19537603362031e-05,-4.51869800433511e-05,3.55477728060065e-05,6.14090423328341e-05,0.000179368146757314,1.16945851137056e-05,-6.62238784483827e-05,2.20010333419369e-05
2021/01/18,7.04400837574842e-05,3.46364092039531e-05,4.23391886234007e-05,5.44240239073706e-05,0.00017862615235158,1.12667364630496e-05,-6.58581539770606e-05,2.14453545463694e-05
2021/01/19,-2.08329174222974e-05,0.000134427236236354,4.07657171731836e-05,4.64927093867497e-05,0.0001773146726307,1.08253929171686e-05,-6.54700918076528e-05,2.08891696492743e-05
2021/01/20,-8.26606488578289e-05,0.000147728835011921,3.32187944160774e-05,3.77566153544211e-05,0.00017548241326619,1.03713576329798e-05,-6.50601247299924e-05,2.03325086876044e-05
2021/01/21,9.23847870908486e-05,-8.03468862030413e-06,2.34721734636401e-05,2.83572583938348e-05,0.000173178079929563,9.90543376740072e-06,-6.46286855339126e-05,1.97754016983125e-05
2021/01/24,-8.72511237064457e-05,-0.000187934826309387,1.59244526542799e-05,1.84361550884407e-05,0.000170450378292335,9.42842447734898e-06,-6.41762070092465e-05,1.92178787183514e-05
2021/01/25,-0.000110867888717553,-0.000217054677984596,1.50487012435087e-05,8.13482202168876e-06,0.000167348014026021,8.94113291974189e-06,-6.37031219458272e-05,1.86599697846738e-05
2021/01/26,0.00011691357675765,-2.04703225086667e-05,2.31288729718735e-05,-2.40522422297112e-06,0.000163919692802136,8.44436225149701e-06,-6.32098631334878e-05,1.81017049342327e-05
2021/01/27,-2.08818938382525e-05,0.000158844452628212,3.36924595200606e-05,-1.30424670620891e-05,0.000160214120292194,7.93891562953181e-06,-6.26968633620615e-05,1.75431142039806e-05
2021/01/28,-0.000119897472127767,0.000195075926917309,3.80778370537911e-05,-2.36353899122152e-05,0.00015628000216771,7.42559621076377e-06,-6.21645554213815e-05,1.69842276308705e-05
2021/01/31,3.80000512216039e-05,6.46420575721822e-05,2.97714816762075e-05,-3.40424761898995e-05,0.0001521660441002,6.90520715211033e-06,-6.16133721012807e-05,1.64250752518552e-05
2021/02/01,0.00011240345916633,-7.8025946733054e-05,1.08522692401375e-05,-4.4122209311692e-05,0.000147920951761178,6.37855161048904e-06,-6.10437488536899e-05,1.58656897659848e-05
2021/02/02,-0.000105785307567688,-9.22102244220134e-05,-1.44528244641701e-05,-5.3733072694143e-05,0.000143593430822159,5.84643274281731e-06,-6.045613177893e-05,1.53061145207001e-05
2021/02/03,-6.10739240437893e-05,-2.80608060260463e-05,-4.15175835662864e-05,-6.27335497538024e-05,0.000139232186954658,5.30965370601271e-06,-5.98509696394193e-05,1.4746395525539e-05
2021/02/04,8.92070373178675e-05,2.88325361808305e-05,-6.41188318750633e-05,-7.09821239072203e-05,0.00013488592583019,4.76901765699246e-06,-5.92287111975763e-05,1.41865787900396e-05
2021/02/07,-2.59232139846447e-05,2.1479597461519e-05,-7.7590510499218e-05,-7.83372785709469e-05,0.00013060335312027,4.22532775267434e-06,-5.85898052158193e-05,1.362671032374e-05
2021/02/08,-7.17147584375422e-05,-5.0915174490983e-06,-8.50919900676492e-05,-8.46574971615322e-05,0.000126433174496413,3.67938714997571e-06,-5.79347004565668e-05,1.30668361361782e-05
2021/02/09,-7.16026855945608e-05,5.33351015797499e-06,-9.08386340652801e-05,-8.98012630955261e-05,0.000122424095630133,3.13199900581403e-06,-5.72638456822372e-05,1.25070022368922e-05
2021/02/10,1.28421080224314e-05,4.28022373763318e-05,-9.49579201863295e-05,-9.3627059789479e-05,0.000118624822192946,2.58396647710678e-06,-5.65776896552488e-05,1.19472546354202e-05
2021/02/11,5.52615122937009e-05,4.76703103206262e-05,-9.49309353969698e-05,-9.59898767372401e-05,0.000115080565933665,2.03609272077148e-06,-5.587668113802e-05,1.13876393413002e-05
2021/02/14,5.48239428347012e-05,-2.46221645600376e-05,-8.84729449606615e-05,-9.67670289034015e-05,0.000111814394282058,1.48918089372559e-06,-5.51612688929694e-05,1.08282023640703e-05
2021/02/15,-5.9603839644344e-05,-0.000104398913846824,-7.31863694916388e-05,-9.59750276702151e-05,0.000108810691926398,9.44034152886583e-07,-5.44319016825151e-05,1.02689897132686e-05
2021/02/16,6.84759048007702e-05,-3.61774309407055e-05,-4.78225116178373e-05,-9.36566283581948e-05,0.000106035617703426,4.01455655171846e-07,-5.36890282690758e-05,9.71004739843296e-06
2021/02/17,-8.18689539980084e-05,0.000169750189321094,-1.60407312456821e-05,-8.98545419791191e-05,0.000103455286141153,-1.37751442501001e-07,-5.29330974150697e-05,9.15142142910163e-06
2021/02/18,9.82750172868695e-05,0.000198614942170546,1.72725973987796e-05,-8.46213595331108e-05,0.00010104569175593,-6.72783983214538e-07,-5.21645578829152e-05,8.59315781481261e-06
2021/02/21,-0.000115148733280391,7.38319663019235e-05,4.76811877580039e-05,-7.80121420173775e-05,9.87852990611953e-05,-1.20283881005133e-06,-5.13838584350309e-05,8.03530256510398e-06
2021/02/22,0.000130139100871512,-5.86336481206738e-05,7.25491039484609e-05,-7.00819504291272e-05,9.66525725703874e-05,-1.72711276609383e-06,-5.05914478338349e-05,7.47790168951376e-06
2021/02/23,-2.87538907099671e-05,-0.000215391434868424,8.96904977551246e-05,-6.08858457655682e-05,9.46259767969443e-05,-2.24480269442463e-06,-4.97877748417459e-05,6.92100119758008e-06
2021/02/24,-0.000151238666573975,-0.000315176103312842,9.69195209629686e-05,-5.04788890239084e-05,9.26839762543037e-05,-2.7551054381262e-06,-4.89732882211821e-05,6.36464709884092e-06
2021/02/25,2.12124533660984e-05,-0.00027462416566845,9.27354931222374e-05,-3.89161412013558e-05,9.08050354559039e-05,-3.25721784028112e-06,-4.8148436734562e-05,5.80888540283443e-06
2021/02/28,6.68928514367098e-05,-0.000154613741795789,7.84183025250091e-05,-2.629256097587e-05,8.89676189151828e-05,-3.75033674397181e-06,-4.73136691443039e-05,5.25376211909858e-06
2021/03/01,0.000164682057276661,-5.20833534669003e-05,5.60925959516388e-05,-1.28626977484171e-05,8.71501911455787e-05,-4.23365899228091e-06,-4.64694342128263e-05,4.69932325717148e-06
2021/03/02,-0.000166402922386234,-2.09517794561994e-05,2.7922917863233e-05,1.07900139928532e-06,8.53312166605294e-05,-4.70638142829081e-06,-4.56161807025475e-05,4.14561482659122e-06
2021/03/03,0.000167353482542115,7.02325423215549e-05,-3.92618727910138e-06,1.52380893855198e-05,8.34891599734731e-05,-5.16770089508422e-06,-4.47543573758861e-05,3.59268283689582e-06
2021/03/04,-0.000167260695528591,0.000317618704959518,-3.72901750142577e-05,2.93201191285686e-05,8.16024855978478e-05,-5.61681423574351e-06,-4.38844129952603e-05,3.04057329762336e-06
2021/03/07,0.000165777597582888,0.000390960797901304,-7.00045008811293e-05,4.30306435467142e-05,7.96496580470915e-05,-6.05291829335117e-06,-4.30067963230885e-05,2.48933221831188e-06
2021/03/08,-0.000163312912643836,0.00027112516423381,-9.95481383493934e-05,5.60752155582389e-05,7.76091418346425e-05,-6.47520991098995e-06,-4.21219561217893e-05,1.93900560849947e-06
2021/03/09,0.0001612720585386,0.000271652504314143,-0.000121974132611864,6.81593880814253e-05,7.54594014739385e-05,-6.88288593174215e-06,-4.12303411537808e-05,1.38963947772415e-06
2021/03/10,-0.000109793487275634,0.000266976010098493,-0.000132979046792137,7.89887140345555e-05,7.3178901478418e-05,-7.27514319869039e-06,-4.03324001814818e-05,8.41279835524057e-07
2021/03/11,-0.000164561350278663,0.000141325317608979,-0.000128296113809072,8.83054161311714e-05,7.07461063615186e-05,-7.65117855491709e-06,-3.94285819673103e-05,2.9397269143714e-07
2021/03/14,0.00010990240039266,-0.000112277207589818,-0.00010380524576256,9.59983962658513e-05,6.81394806366786e-05,-8.01019220742152e-06,-3.85193319097683e-05,-2.52235944998433e-07
2021/03/15,0.000182922870663269,-0.000219194472800327,-5.54230245477547e-05,0.000101993226128433,6.5337488817336e-05,-8.35141021783844e-06,-3.76050695527219e-05,-7.97300064244644e-07
2021/03/16,-0.000197052176927714,-5.10610912933457e-06,1.63949928738925e-05,0.000106215477408754,6.23185954169289e-05,-8.67411160759725e-06,-3.66861614802425e-05,-1.34117365676343e-06
2021/03/17,3.77079643560103e-05,0.000132019703033008,9.30373492757361e-05,0.000108593262146871,5.90587245986762e-05,-8.97758779709695e-06,-3.57629618774323e-05,-1.88381071301672e-06
2021/03/18,0.000222236875393515,6.56526573060326e-05,0.000151567625035904,0.000109064853783718,5.55236391249203e-05,-9.26113020673637e-06,-3.48358249293931e-05,-2.42516522346646e-06
2021/03/21,-0.000225141180041199,-8.08700512109929e-05,0.000169905451216811,0.0001075607849092,5.16868426090305e-05,-9.52403025691441e-06,-3.3905104821227e-05,-2.96519117857464e-06
2021/03/22,0.000218435217409267,8.42911320849191e-05,0.000134804998453343,0.000104031883507043,4.75649059026729e-05,-9.76557936802996e-06,-3.29711557380361e-05,-3.50384256880309e-06
2021/03/23,-0.000204717429410682,7.72117796697142e-05,6.65336665177048e-05,9.86643771549368e-05,4.31924507920094e-05,-9.98506896048202e-06,-3.20343318649224e-05,-4.04107338461381e-06
2021/03/24,0.000190344141288326,-0.000135175601101528,-9.89613178963636e-06,9.17059136293731e-05,3.86060414965145e-05,-1.01817904546693e-05,-3.10949873869878e-05,-4.57683761646876e-06
2021/03/25,-0.00018187034295437,-0.000111173766554477,-7.37980443069937e-05,8.34041407068445e-05,3.38422422356627e-05,-1.03550488544153e-05,-3.01534629059101e-05,-5.11108925482983e-06
2021/03/28,0.000182175431840087,-6.46888718422948e-05,-0.000117914447554661,7.40067061638435e-05,2.89376172289281e-05,-1.05042034972401e-05,-2.92100446896698e-05,-5.64378229015899e-06
2021/03/29,1.56897924583837e-05,-4.72006505729944e-06,-0.000139903895758462,6.37612577768623e-05,2.39287306957857e-05,-1.06286273040889e-05,-2.8265005422823e-05,-6.17487071291816e-06
2021/03/30,-0.000198023271391873,0.000119397812405625,-0.000143660925284353,5.29154433223933e-05,1.88521468557095e-05,-1.07276931959062e-05,-2.73186177899259e-05,-6.70430851356931e-06
2021/03/31,0.000203388003338053,0.000267236286531326,-0.000134639068033325,4.1716910576929e-05,1.37444299281741e-05,-1.08007740936367e-05,-2.63711544755347e-05,-7.23204968257433e-06
2021/04/04,-0.000201421880285998,0.000210614865696822,-0.000117702927307805,3.03945486470478e-05,8.64214413265385e-06,-1.08472429182252e-05,-2.54228881642055e-05,-7.75804821039519e-06
2021/04/05,6.13106146492598e-05,9.9012457480254e-05,-9.53613920159732e-05,1.91022119596723e-05,3.58185368862337e-06,-1.08664725906166e-05,-2.44740915404945e-05,-8.28225808749383e-06
2021/04/06,0.000175140536151078,2.52008468228579e-05,-6.95344224674474e-05,7.97499627181152e-06,-1.39987718444303e-06,-1.08578360317555e-05,-2.35250372889578e-05,-8.80463330433219e-06
2021/04/07,9.35648631516478e-06,6.74063608504723e-06,-4.21419789718446e-05,-2.85200265952586e-06,-6.26648426707097e-06,-1.08207061625867e-05,-2.25759980941516e-05,-9.32512785137216e-06
2021/04/08,-0.000134341975780961,-5.75811274127705e-05,-1.51040218387826e-05,-1.3243689077331e-05,-1.09814033397857e-05,-1.07544559040552e-05,-2.16272466406321e-05,-9.84369571907576e-06
2021/04/11,0.000115802518594848,-0.000212783227279847,9.6594886221214e-06,-2.30649672245949e-05,-1.55080701831133e-05,-1.06584581771053e-05,-2.06790556129555e-05,-1.03602908979049e-05
2021/04/12,-0.00010173035970204,-0.000230259888681699,3.02285921012497e-05,-3.21807413443091e-05,-1.98099205775789e-05,-1.05320859026821e-05,-1.97316976956779e-05,-1.08748673783214e-05
2021/04/13,9.25432863151078e-05,-0.000110852929976969,4.51044687642985e-05,-4.04559156794644e-05,-2.38503903037083e-05,-1.03747120017303e-05,-1.87854455733554e-05,-1.13873791507874e-05
2021/04/14,2.78193077710593e-05,-2.14335415690771e-05,5.44933241864498e-05,-4.77758579812852e-05,-2.75929151420268e-05,-1.01857093951945e-05,-1.78405719305443e-05,-1.18977802057647e-05
2021/04/15,-4.42636016889158e-05,2.1882696323016e-05,5.91043584511308e-05,-5.4107790033927e-05,-3.10009308730601e-05,-9.9644510040197e-06,-1.68973494518007e-05,-1.24060245337153e-05
2021/04/18,-7.97253363332957e-05,5.21403990013384e-05,5.96672351500016e-05,-5.94393971297782e-05,-3.4037873277334e-05,-9.71030974915045e-06,-1.59560508216808e-05,-1.29120661251011e-05
2021/04/19,7.44490076901518e-05,8.7874373493432e-05,5.69116178747223e-05,-6.37583645612274e-05,-3.66671781353737e-05,-9.4226585515317e-06,-1.50169487247406e-05,-1.34158589703841e-05
2021/04/20,-6.87236837160071e-06,9.82203270269659e-05,5.15355542482942e-05,-6.70523776206633e-05,-3.88522812277049e-05,-9.10087033210803e-06,-1.40803158455365e-05,-1.39173570600261e-05
2021/04/21,-5.83221107306093e-05,8.25162277604371e-05,4.4211804392619e-05,-6.93091216004741e-05,-4.05566183348531e-05,-8.74431801182437e-06,-1.31464248686246e-05,-1.44165143844892e-05
2021/04/22,-2.56952908377504e-05,5.18044017992945e-05,3.59862179550743e-05,-7.05162817930488e-05,-4.17436252373439e-05,-8.3523745116253e-06,-1.22155484785609e-05,-1.49132849342353e-05
2021/04/25,4.23266775402361e-05,2.06596813255739e-05,2.80058209565716e-05,-7.06559728866267e-05,-4.23822253385919e-05,-7.92449573371551e-06,-1.12879593599018e-05,-1.54076226997262e-05
2021/04/26,-3.84813418758609e-05,4.86594947491258e-07,2.14176394180227e-05,-6.9682320376234e-05,-4.24688630147838e-05,-7.46060580074101e-06,-1.03639301972032e-05,-1.58994816714241e-05
2021/04/27,3.92998310197699e-05,-1.39195792524792e-05,1.73686993603388e-05,-6.75194808441951e-05,-4.20292356527198e-05,-6.961344737436e-06,-9.44373367502154e-06,-1.63888158397907e-05
2021/04/28,2.30759783399939e-05,-7.0639998167758e-06,1.64450743277171e-05,-6.40980599908513e-05,-4.11005449718312e-05,-6.42783982081989e-06,-8.52764247791285e-06,-1.6875579195288e-05
2021/04/29,-5.4679654371596e-05,4.70988903658853e-06,1.69890279574963e-05,-5.94208551262027e-05,-3.97214761544028e-05,-5.86130606713308e-06,-7.61592929043326e-06,-1.7359725728378e-05
2021/05/02,-4.47830974065214e-05,1.55302799182707e-06,1.67818714103004e-05,-5.35091042631826e-05,-3.79307143827192e-05,-5.26295849261575e-06,-6.70886679713902e-06,-1.78412094295225e-05
2021/05/03,5.45064969175397e-05,-8.1654374166695e-06,1.32091951161774e-05,-4.63840454147241e-05,-3.57669448390653e-05,-4.63401211350824e-06,-5.80672768258623e-06,-1.83199842891837e-05
2021/05/04,9.7367007659618e-05,-6.61421067851773e-06,3.3339646214889e-06,-3.80669165937606e-05,-3.32688527057258e-05,-3.97568194605076e-06,-4.90978463133108e-06,-1.87960042978232e-05
2021/05/05,8.79662460771729e-05,1.50825604960212e-05,-1.10339283987908e-05,-2.86805705179367e-05,-3.04751231649855e-05,-3.28918300648365e-06,-4.01831032792972e-06,-1.92692234459033e-05
2021/05/06,4.92132457080004e-05,4.57242483547229e-05,-2.64178754122229e-05,-1.87543187237421e-05,-2.74244413991292e-05,-2.57573031104705e-06,-3.13257745693833e-06,-1.97395957238856e-05
2021/05/09,-1.92753155226164e-05,7.22329493327669e-05,-3.92889432639838e-05,-8.86979737005161e-06,-2.41554925904415e-05,-1.83653887598143e-06,-2.25285870291309e-06,-2.02070751222323e-05
2021/05/10,-6.31328112800884e-05,8.22845677821964e-05,-4.63153591285557e-05,5.88517713565924e-07,-2.07069619212073e-05,-1.07282371752687e-06,-1.37942675041017e-06,-2.06716156314052e-05
2021/05/11,-0.000142351684655142,6.37510171101804e-05,-4.44106493178726e-05,9.28544077986823e-06,-1.71175345737114e-05,-2.85799851923746e-07,-5.12554283985654e-07,-2.11331712418662e-05
2021/05/12,0.000137216873844312,6.86414478071677e-06,-3.12723763643684e-05,1.68857860816128e-05,-1.34258957302382e-05,5.23317704587629e-07,3.47486011804242e-07,-2.15916959440774e-05
2021/05/13,1.01686512684616e-05,-7.27461875903252e-05,-4.79411185560234e-06,2.30543678715576e-05,-9.67073057307298e-06,1.35331393576711e-06,1.20042145240334e-06,-2.20471437285006e-05
2021/05/16,-0.000110161083328604,-8.09326372698288e-05,3.57826443456527e-05,2.74560004024601e-05,-5.89072428450012e-06,2.20297382537432e-06,2.04597935325544e-06,-2.24994685855978e-05
2021/05/17,9.14083361384595e-05,2.67166050214914e-05,8.33092497361362e-05,2.9755497927078e-05,-2.12456204680461e-06,3.07108235716905e-06,2.88388702980447e-06,-2.29486245058309e-05
2021/05/18,-7.23933487459488e-05,4.83104547651315e-05,0.00011922741537884,2.96176746981688e-05,1.58907095772897e-06,3.95642451491101e-06,3.71387179749419e-06,-2.33945654796618e-05
2021/05/19,5.58517008948354e-05,-3.54793060235388e-05,0.000124868802706046,2.67143821381429e-05,5.20445237716335e-06,4.85778528235985e-06,4.53566097176853e-06,-2.38372454975526e-05
2021/05/20,2.83932055812146e-05,-2.22321721219893e-05,9.43171554999788e-05,2.09796795370769e-05,8.64859391212148e-06,5.77394964327543e-06,5.34898186807123e-06,-2.42766185499651e-05
2021/05/23,-3.59113909136277e-05,3.64212446845372e-05,3.95751864227974e-05,1.32909001109279e-05,1.18450010182535e-05,6.70370258141738e-06,6.15356180184614e-06,-2.47126386273613e-05
2021/05/24,3.3243784028822e-05,2.5047414343266e-05,-1.54605159433924e-05,4.75943626471005e-06,1.47180618823792e-05,7.64582908054555e-06,6.94912808853709e-06,-2.51452597202031e-05
2021/05/25,-3.46087484714918e-05,-3.05904273070169e-05,-5.67101819039494e-05,-3.5033195965624e-06,1.71921646913185e-05,8.59911412441953e-06,7.73540804358797e-06,-2.55744358189524e-05
2021/05/26,-3.2512182501415e-05,-7.08664329440766e-05,-7.32960810146026e-05,-1.03859750678754e-05,1.91916976318912e-05,9.56234269679906e-06,8.5121289824426e-06,-2.60001209140713e-05
2021/05/27,4.22860840937487e-05,-7.75899186153442e-05,-5.8770687568746e-05,-1.49388523811268e-05,2.06410488909174e-05,1.0534299781444e-05,9.27901822054478e-06,-2.64222689960215e-05
2021/05/30,-4.51310901013367e-05,-3.11272313910426e-05,-2.55939087677103e-05,-1.68655024254469e-05,2.14709767648013e-05,1.15137703621139e-05,1.00358030733383e-05,-2.68408340552651e-05
2021/05/31,4.65684693509325e-05,5.65122230637509e-05,4.59768762040023e-06,-1.60760945203982e-05,2.16571433434679e-05,1.24995394225686e-05,1.07822108562672e-05,-2.72557700822641e-05
2021/06/01,-4.83166505712937e-05,3.28534423786401e-05,1.40623225917248e-05,-1.25648615158586e-05,2.12590875251404e-05,1.34905786685845e-05,1.15179688847751e-05,-2.76670310674803e-05
2021/06/02,5.29136528075477e-05,-1.96694564740559e-05,5.6893280215978e-06,-6.6509596100005e-06,2.03550246751578e-05,1.44866066940049e-05,1.22428044743059e-05,-2.80745710013756e-05
2021/06/03,-6.17532372876024e-05,1.71945043334106e-05,-7.29650985458677e-06,1.24455026555415e-07,1.90231740790566e-05,1.54873381724757e-05,1.29564449403035e-05,-2.84783438744121e-05
2021/06/06,8.65420747033862e-06,-1.64838299166211e-05,-3.01770879270026e-06,6.13170067332812e-06,1.7342517591229e-05,1.6491725208787e-05,1.36586175982117e-05,-2.88783036770516e-05
2021/06/07,8.68939979382064e-05,-5.51201748925589e-05,1.33112225225131e-05,1.06089933828428e-05,1.53922277082815e-05,1.74985292655147e-05,1.43490497634742e-05,-2.92744043997561e-05
2021/06/08,-9.76659244067441e-05,1.08349243177572e-05,2.83418068073576e-05,1.30115236508762e-05,1.32514769268203e-05,1.85065118052347e-05,1.50274687515351e-05,-2.96666000329876e-05
2021/06/09,0.000103100690279014,9.82277905402973e-05,2.71364871208813e-05,1.29789487991068e-05,1.09922187739643e-05,1.95144342905232e-05,1.5693601877838e-05,-3.00548445672079e-05
2021/06/10,-0.000100867895501005,3.73449136298533e-06,-2.71090089680129e-07,1.08887934528199e-05,8.65753089888241e-06,2.05210581839561e-05,1.63471764578268e-05,-3.04390919928791e-05
2021/06/13,9.07052144536177e-05,-9.68278889086953e-05,-3.98919151772846e-05,7.30304906320218e-06,6.28327198125601e-06,2.15251449481093e-05,1.69879198069455e-05,-3.0819296300463e-05
2021/06/14,5.02183745497684e-05,-7.48599080964838e-05,-7.31925859021909e-05,2.78370708144068e-06,3.90530070076652e-06,2.25254560455589e-05,1.76155592406376e-05,-3.11954114804215e-05
2021/06/15,-5.61071182217319e-05,-4.5625252768262e-07,-8.92296737184744e-05,-2.10724104127776e-06,1.55947573709535e-06,2.35207529388808e-05,1.82298220743473e-05,-3.15673915232168e-05
2021/06/16,3.86620766375595e-05,3.45587616321581e-05,-8.50882422851367e-05,-6.80780385376628e-06,-7.18344230076101e-07,2.45097970906511e-05,1.88304356235182e-05,-3.19351904193105e-05
2021/06/17,-2.57668941552278e-05,1.16158976572351e-05,-6.247089325905e-05,-1.08569217904633e-05,-2.89230052106638e-06,2.54913499634457e-05,1.94171272035942e-05,-3.22987621591648e-05
2021/06/20,1.98606015036316e-05,-1.15967004406962e-05,-3.38495139628676e-05,-1.4197262828309e-05,-4.92653445619412e-06,2.64641730198407e-05,1.99896241300192e-05,-3.26580607332415e-05
2021/06/21,-2.16475612301307e-05,1.55145533405353e-05,-8.37053096651426e-06,-1.68724268298688e-05,-6.78518735577789e-06,2.7427027722412e-05,2.05476537182369e-05,-3.30130401320026e-05
2021/06/22,3.82662153496669e-05,1.08186444855668e-05,1.25122791757177e-05,-1.89260136577081e-05,-8.43240054013627e-06,2.83786755337355e-05,2.10909432836913e-05,-3.336365434591e-05
2021/06/23,4.36823337201341e-05,-3.04550472416512e-05,2.88758804955459e-05,-2.04016231743924e-05,-9.83231532958788e-06,2.93178779163874e-05,2.16192201418261e-05,-3.37098573654257e-05
2021/06/24,-3.50759120362484e-05,-8.1330248919855e-05,4.21050636426538e-05,-2.13428552424872e-05,-1.09490730444513e-05,3.02433963329435e-05,2.21322116080852e-05,-3.40516031810115e-05
2021/06/27,-7.81825234560046e-05,-0.000116145158473262,5.39422255640279e-05,-2.17933097245579e-05,-1.17468710831444e-05,3.11540483240792e-05,2.26296449979124e-05,-3.43888457831296e-05
2021/06/28,-2.02083817154311e-05,-0.000118115496464474,6.57926787676196e-05,-2.17861444636109e-05,-1.22005731760417e-05,3.20488757428673e-05,2.31112476267516e-05,-3.47215391622416e-05
2021/06/29,1.01186318303528e-05,-0.00010357842182974,7.72864280813129e-05,-2.13127492244159e-05,-1.23268672098534e-05,3.29269765204796e-05,2.35767468100465e-05,-3.50496373088097e-05
2021/06/30,0.000124686879964643,-9.55503158839913e-05,8.60085141982472e-05,-2.03540717521838e-05,-1.21528882705917e-05,3.37874537678313e-05,2.40258698632411e-05,-3.53730942132957e-05
2021/07/01,-3.54516991102178e-05,-0.000100668337542585,8.91170078876343e-05,-1.88910597921251e-05,-1.17057921632406e-05,3.46294313148087e-05,2.44583441017791e-05,-3.56918638661616e-05
2021/07/04,-0.000138358759334871,-6.17606358182794e-05,8.37915355987895e-05,-1.6926216769554e-05,-1.10127398725268e-05,3.54520381710412e-05,2.48738968411044e-05,-3.60059002578693e-05
2021/07/05,-1.64256307447153e-05,5.70421048475094e-05,6.72979465014418e-05,-1.45482688301982e-05,-1.01008923831771e-05,3.62544033461582e-05,2.5272255396661e-05,-3.63151573788808e-05
2021/07/06,0.000134594858278845,0.000142590048396145,3.69236454454235e-05,-1.18674977998887e-05,-8.99741067991827e-06,3.70356558497893e-05,2.56531470838924e-05,-3.6619589219658e-05
2021/07/07,-9.34184785747183e-05,8.88787532331807e-05,-7.10884814756307e-06,-8.99418550445676e-06,-7.72945574747697e-06,3.77949246915636e-05,2.60162992182427e-05,-3.69191497706629e-05
2021/07/08,-0.000119947280037215,-3.24954927618482e-05,-5.28365565683346e-05,-6.03861376973328e-06,-6.32418857058006e-06,3.85313388811108e-05,2.63614391151555e-05,-3.72137930223573e-05
2021/07/11,0.00011246102246738,-8.91551970337982e-05,-8.5361387535838e-05,-3.11106442154944e-06,-4.80877013395424e-06,3.92440274280601e-05,2.66882940900749e-05,-3.75034729652032e-05
2021/07/12,-0.000107080055863732,1.97438874991797e-05,-9.14712703961941e-05,-3.21819285736349e-07,-3.2103614223263e-06,3.9932119342041e-05,2.69965914584446e-05,-3.77881435896626e-05
2021/07/13,0.000104586786359852,7.04344077702749e-05,-6.47394049787806e-05,2.26002378643325e-06,-1.55612342042299e-06,4.05947436326827e-05,2.72860585357085e-05,-3.80677588861974e-05
2021/07/14,-8.62447656386813e-06,-1.89351855222355e-05,-7.08429659701595e-06,4.73010284191969e-06,1.26782887028903e-07,4.12310293096149e-05,2.75564299658909e-05,-3.83422801738501e-05
2021/07/15,-0.000106396679789501,-8.520497335294e-05,5.58865138988631e-05,7.22523990224156e-06,1.81119651530265e-06,4.18401053824669e-05,2.7807469707339e-05,-3.86116980859859e-05
2021/07/18,6.01397336033716e-05,5.66983337783064e-06,0.00010191589438938,9.88225698891751e-06,3.46995647967146e-06,4.2421100860868e-05,2.80389490469804e-05,-3.88760105845506e-05
2021/07/19,0.000111167833708977,0.000106123515902659,0.000113171435428537,1.28379761234661e-05,5.07590179540861e-06,4.29731447544477e-05,2.82506392717428e-05,-3.91352156314899e-05
2021/07/20,-0.000112676238727271,4.69644323184903e-05,7.91096493040116e-05,1.620309185253e-05,6.60187147778731e-06,4.34953660728353e-05,2.84423116685537e-05,-3.93893111887495e-05
2021/07/21,0.000113370323569501,-9.88079550008369e-05,1.62483528369626e-05,1.99837888232476e-05,8.02070454208082e-06,4.39868938256603e-05,2.86137375243409e-05,-3.96382952182753e-05
2021/07/22,-0.000114043783807429,-9.30580734887222e-05,-5.21293110180777e-05,2.41601242078813e-05,9.30524000356236e-06,4.44468570225521e-05,2.87646881260321e-05,-3.9882165682013e-05
2021/07/25,0.000115632201712856,1.44103109867078e-05,-0.000105189716941713,2.87121551786936e-05,1.04283168775052e-05,4.487438467314e-05,2.88949347605548e-05,-4.01209205419083e-05
2021/07/26,-8.46109234541363e-06,7.16705343267806e-05,-0.000131897310155085,3.36199389079468e-05,1.13627741791825e-05,4.52686057870535e-05,2.90042487148368e-05,-4.0354557759907e-05
2021/07/27,-5.10788430621399e-05,6.04643479135096e-05,-0.000125585175579321,3.88067348637522e-05,1.20814509238676e-05,4.5628649373922e-05,2.90924012758056e-05,-4.05830752979549e-05
2021/07/28,-0.000127956015203557,9.48360617973793e-06,-8.97642199958785e-05,4.39686116976157e-05,1.25571861268337e-05,4.59536444433748e-05,2.91591637303891e-05,-4.08064711179977e-05
2021/07/29,-5.99238635126516e-05,-4.38883526865777e-05,-3.88093989238739e-05,4.87448403568922e-05,1.2762818803354e-05,4.62427200050415e-05,2.92043073655147e-05,-4.10247431819812e-05
2021/08/01,0.000121324070536164,-7.2925938567037e-05,1.46446294403432e-05,5.27746917889366e-05,1.26710585308371e-05,4.6495134506416e-05,2.92276068978985e-05,-4.12378928816394e-05
2021/08/02,0.00014771160549923,-5.51138321960984e-05,5.99441150665846e-05,5.56974369411036e-05,1.22540971352326e-05,4.67106303697451e-05,2.92288845401159e-05,-4.14459353278597e-05
2021/08/03,-4.86876187478611e-06,1.46483102157868e-05,9.01173096656076e-05,5.71523467607479e-05,1.14839970046255e-05,4.68888999755175e-05,2.92081454141534e-05,-4.16488890613177e-05
2021/08/04,-0.000155441128868113,8.5608437082737e-05,9.91129653834059e-05,5.67675198881973e-05,1.0343992834128e-05,4.70294244363248e-05,2.91656059098947e-05,-4.1846772622689e-05
2021/08/05,-0.000166108621798785,9.66334994224042e-05,8.28296201476981e-05,5.42367690800537e-05,8.8620085469613e-06,4.71316404919608e-05,2.91015267900211e-05,-4.20396045526491e-05
2021/08/08,0.00016998784259555,1.88502346734027e-05,4.66270447644192e-05,4.96843481634266e-05,7.07714037337371e-06,4.71949596033763e-05,2.90161940960568e-05,-4.22274033918738e-05
2021/08/09,-0.000171924849756585,-7.84034198028534e-05,4.46315482649619e-06,4.33449143098085e-05,5.02848454361363e-06,4.72186921161502e-05,2.89099949848983e-05,-4.24101876810385e-05
2021/08/10,0.00017138233405084,-7.22832127357507e-05,-2.85844169650112e-05,3.54531246906921e-05,2.75513728792947e-06,4.72021230970183e-05,2.87833418922851e-05,-4.2587975960819e-05
2021/08/11,-0.000167932832786608,-3.674383602863e-06,-4.16952830173319e-05,2.62436364775703e-05,2.96194836569594e-07,4.71445376127161e-05,2.86366472539566e-05,-4.27607867718909e-05
2021/08/12,-9.91743458747805e-05,2.6435305690807e-05,-3.29424465230888e-05,1.59511068419357e-05,-2.30924658021757e-06,4.70452207299796e-05,2.84703235056522e-05,-4.29286386549297e-05
2021/08/15,0.000151755826214597,1.11131220576191e-05,-5.8508561264304e-06,4.89470835107605e-06,-5.0220907321837e-06,4.69034575155444e-05,2.82847830831113e-05,-4.30915501506111e-05
2021/08/16,-0.000106874203864111,-1.55990251775844e-05,2.25977758646058e-05,-6.2683248445414e-06,-7.80324138908036e-06,4.67185330361463e-05,2.80804384220734e-05,-4.32495397996107e-05
2021/08/17,-0.000123956793982125,-9.7949898722344e-06,3.56443127081755e-05,-1.68908953013933e-05,-1.06136023206592e-05,4.64897323585211e-05,2.78577019582779e-05,-4.34026261426041e-05
2021/08/18,0.000106569448857868,3.33631209468222e-05,3.08766835910979e-05,-2.67045139869122e-05,-1.34140772966718e-05,4.62163405494045e-05,2.76169861274643e-05,-4.35508277202669e-05
2021/08/19,-8.81229781396534e-05,3.17784611025921e-05,1.1030981686026e-05,-3.55353439712697e-05,-1.61655700868698e-05,4.58976426755322e-05,2.73587033653719e-05,-4.36941630732747e-05
2021/08/22,7.05817268203151e-05,-1.19960703169559e-05,-1.49111098197144e-05,-4.32095483246374e-05,-1.88289844610048e-05,4.55329238036401e-05,2.70832661077403e-05,-4.38326507423032e-05
2021/08/23,-3.92531642351732e-05,-5.770509323904e-05,-3.64065102351294e-05,-4.95532901171868e-05,-2.13652241888284e-05,4.51214690004638e-05,2.67910867903089e-05,-4.39663092680279e-05
2021/08/24,-4.78822182479279e-05,-8.44528744571091e-05,-4.2912138869225e-05,-5.43927324190895e-05,-2.37351930400923e-05,4.46625633327391e-05,2.6482577848817e-05,-4.40951571911245e-05
2021/08/25,4.72596201386619e-05,-5.7951953605968e-05,-2.73590558884152e-05,-5.7601107964937e-05,-2.58997947845479e-05,4.41554918672018e-05,2.61581517190042e-05,-4.42192130522685e-05
2021/08/26,-5.54598229324389e-05,6.34587049298878e-05,3.4251151112549e-06,-5.92399281470006e-05,-2.78199331919471e-05,4.35995396705875e-05,2.58182208366099e-05,-4.43384953921357e-05
2021/08/29,7.13650361695999e-05,9.53748182881386e-05,3.91386096763323e-05,-5.94177740219716e-05,-2.94565120320413e-05,4.29939918096321e-05,2.54631976373735e-05,-4.44530227514015e-05
2021/08/30,-9.19206475243494e-05,-2.23387691396363e-05,6.88446880067863e-05,-5.82359054334051e-05,-3.07777562877185e-05,4.23381333510714e-05,2.50934945570343e-05,-4.45628136707417e-05
2021/08/31,0.000113256974653706,-9.94204414494427e-05,7.90667089162744e-05,-5.5765786799525e-05,-3.17816863671976e-05,4.1631249361641e-05,2.4709524031332e-05,-4.46678866908318e-05
2021/09/01,-0.00013957276931703,-3.71314923289364e-05,5.99599932739338e-05,-5.20751242159465e-05,-3.24756861829774e-05,4.08726249080767e-05,2.43116984960059e-05,-4.47682603523475e-05
2021/09/02,-0.000145864010049832,4.96090654757353e-05,1.87476115571316e-05,-4.72535339321837e-05,-3.28676502203427e-05,4.00615450571143e-05,2.39004303867954e-05,-4.48639531959643e-05
2021/09/05,-0.000108923509069775,0.000106360933603501,-3.30804283547079e-05,-4.13962373794218e-05,-3.29654729645784e-05,3.91972948754895e-05,2.347613213944e-05,-4.49549837623578e-05
2021/09/06,0.00015151794572528,5.49728427375946e-05,-8.22233020065608e-05,-3.45984559888458e-05,-3.27773094070951e-05,3.82794199360638e-05,2.30392161896791e-05,-4.50413705922038e-05
2021/09/07,-0.000141528546689531,-9.54207158301988e-05,-0.000108136918641006,-2.69554111916409e-05,-3.2312419977241e-05,3.73085712496365e-05,2.25900949732522e-05,-4.51231322261778e-05
2021/09/08,0.000124103129257894,-3.94569972879614e-05,-9.43009149085415e-05,-1.85981464929089e-05,-3.15805792642301e-05,3.62859139868724e-05,2.21291809258986e-05,-4.52002872049553e-05
2021/09/09,-0.00010280321292248,7.22936356866325e-05,-4.75331033937434e-05,-9.80099369341724e-06,-3.05916252707112e-05,3.52126767318713e-05,2.16568864833579e-05,-4.52728540692121e-05
2021/09/12,8.19526847525016e-05,-7.52849112416518e-06,1.64143399610843e-05,-8.74106667850014e-07,-2.93553959993329e-05,3.40900880687327e-05,2.11736240813694e-05,-4.53408513596238e-05
2021/09/13,-6.48202433224556e-05,-5.21827703694019e-05,7.27334389427737e-05,7.87236070910865e-06,-2.78817294527442e-05,3.29193765815566e-05,2.06798061556727e-05,-4.54042976168658e-05
2021/09/14,-2.99225997802061e-05,-7.61337987054925e-06,0.000107813814032407,1.61282545627747e-05,-2.61804636335937e-05,3.17017708544425e-05,2.0175845142007e-05,-4.5463211381614e-05
2021/09/15,4.64180692020946e-05,3.77563507248754e-05,0.000115082591595319,2.35834210184641e-05,-2.4261594374737e-05,3.04386573016969e-05,1.96621534761119e-05,-4.55176111945438e-05
2021/09/16,-4.5445936447189e-05,1.52809132907718e-05,9.18387519454874e-05,2.99596333027097e-05,-2.21357488298564e-05,2.9132053658453e-05,1.91391435937269e-05,-4.55675155963309e-05
2021/09/19,5.64725674380915e-05,-1.35221181091892e-05,4.71746625331914e-05,3.51063730469119e-05,-1.98137119828406e-05,2.77841354900507e-05,1.86072279305912e-05,-4.56129431276509e-05
2021/09/20,5.80649869178345e-05,-1.83973288235747e-05,-6.86896240721578e-06,3.89050489836879e-05,-1.73062688175788e-05,2.63970783618298e-05,1.80668189224444e-05,-4.56539123291794e-05
2021/09/21,-1.35527948937971e-05,9.52840886571673e-07,-5.82776372244916e-05,4.12370698456551e-05,-1.46242043179599e-05,2.49730578391303e-05,1.7518329005026e-05,-4.56904417415921e-05
2021/09/22,-6.92261234601379e-05,1.93956267320244e-05,-9.47757700223162e-05,4.19838443654308e-05,-1.17783034678729e-05,2.3514249487292e-05,1.69621706140752e-05,-4.57225499055645e-05
2021/09/23,-0.000100177802041996,6.74312575729648e-06,-0.000104845676473796,4.10264878003732e-05,-8.77905777594755e-06,2.20228288716549e-05,1.63987561853317e-05,-4.57502553617722e-05
2021/09/26,-2.24482442641092e-05,-3.8937296864232e-05,-8.5456667100767e-05,3.83149117474572e-05,-5.63578484977762e-06,2.05009715575588e-05,1.58284981545347e-05,-4.57735766508909e-05
2021/09/27,0.000129921821096327,-3.49832133509169e-05,-3.91000219127873e-05,3.40786152910095e-05,-2.35750882169774e-06,1.89508531103436e-05,1.52518089574239e-05,-4.57925323135962e-05
2021/09/28,-0.00014023907779453,5.68201700154785e-05,1.94776999251017e-05,2.86170677560097e-05,1.04674617595751e-06,1.73746490953492e-05,1.46691010297384e-05,-4.58071408905637e-05
2021/09/29,0.000143860874928149,3.58687068592929e-05,7.34398958333397e-05,2.22297384674374e-05,4.56795601085346e-06,1.57745350779156e-05,1.40807868072179e-05,-4.5817420922469e-05
2021/09/30,-0.000137733920614417,-5.22730885476038e-05,0.000108393261969212,1.52160967502721e-05,8.19709655065549e-06,1.41526866233825e-05,1.34872787256018e-05,-4.58233909499877e-05
2021/10/03,0.000121090746916432,1.91925902219881e-05,0.000108544052123773,7.86663821185093e-06,1.1925143663029e-05,1.25112792970899e-05,1.28889892206294e-05,-4.58250695137955e-05
2021/10/04,-6.91814608515873e-05,3.60503128876161e-05,7.30857930785223e-05,4.35963588941421e-07,1.57430732156394e-05,1.08524886643776e-05,1.22863307280403e-05,-4.58224751545679e-05
2021/10/05,-6.99975158320284e-05,-9.89333769365091e-06,1.83152063138231e-05,-6.83030009933148e-06,1.9641861076152e-05,9.17849029058563e-06,1.16797156835739e-05,-4.58156264129805e-05
2021/10/06,4.64076951240294e-05,-2.71712498026268e-05,-3.90401361926004e-05,-1.36865258338427e-05,2.36124831122322e-05,7.49145974105383e-06,1.10695565229695e-05,-4.58045418297091e-05
2021/10/07,-3.1058251347009e-05,2.59222266779373e-05,-8.3874456547991e-05,-1.98870865954673e-05,2.76459151915454e-05,5.79357258112203e-06,1.04562656819666e-05,-4.57892399454291e-05
2021/10/10,2.65185674396374e-05,-1.88353402206842e-05,-0.000106350765975438,-2.51863553650802e-05,3.17331331817569e-05,4.0870043761302e-06,9.84025559630477e-06,-4.57697393008162e-05
2021/10/11,-1.24115514162998e-05,-2.71692843278945e-05,-0.000105589493697081,-2.93387051235564e-05,3.58651129505322e-05,2.37393069141818e-06,9.2219387017233e-06,-4.5746058436546e-05
2021/10/12,-4.38838800596019e-05,1.65194415901096e-05,-8.44288630621432e-05,-3.21625212619205e-05,4.00328303655366e-05,6.56527092325897e-07,8.60172743396165e-06,-4.57182158932941e-05
2021/10/13,5.90441184031255e-05,3.61398605206922e-05,-5.24287051600756e-05,-3.37317030303503e-05,4.42267255129901e-05,-1.06303085580683e-06,7.98003422875929e-06,-4.56862302117362e-05
2021/10/14,-7.40061435993882e-05,-3.44068874456141e-05,-2.03984134725697e-05,-3.41820189633915e-05,4.84350953533306e-05,-2.78256758764001e-06,7.35727152185565e-06,-4.56501199325479e-05
2021/10/17,8.73692071455039e-05,-5.80766548381818e-05,4.04493322718421e-06,-3.36499568376567e-05,5.26469560890636e-05,-4.49990753783382e-06,6.73385174899013e-06,-4.56099035964047e-05
2021/10/18,9.64482526034024e-05,-1.49010613896412e-05,1.98379558328845e-05,-3.22775000992744e-05,5.68568195922099e-05,-6.21287514104835e-06,6.11018734590221e-06,-4.55655997439822e-05
2021/10/19,1.47325578157455e-05,6.36649119214181e-05,2.83743676760536e-05,-3.02090062843234e-05,6.10615718247408e-05,-7.91929483194372e-06,5.48669074833129e-06,-4.55172269159562e-05
2021/10/20,-0.00010602612032375,0.000120221080645854,3.12949160633621e-05,-2.75861755626483e-05,6.52554413823935e-05,-9.61699104517998e-06,4.86377439201682e-06,-4.54648036530022e-05
2021/10/21,4.16649701799699e-05,8.83889621485954e-05,3.01508023930783e-05,-2.45499248686691e-05,6.94318736254803e-05,-1.13037882154173e-05,4.24185071269824e-06,-4.54083484957958e-05
2021/10/24,0.000104228063188792,-1.47375280455054e-05,2.61350444298613e-05,-2.12411711368055e-05,7.35843139143136e-05,-1.29775107773159e-05,3.62133214611498e-06,-4.53478799850126e-05
2021/10/25,-0.000100321075043865,-0.000125485758481123,2.03189146866019e-05,-1.77686319581116e-05,7.77062076092057e-05,-1.46359831655356e-05,3.00263112800648e-06,-4.52834166613282e-05
2021/10/26,-5.06398824426212e-06,-0.00021278959791048,1.36448883027277e-05,-1.41122275501785e-05,8.17910000704689e-05,-1.62770298147368e-05,2.38616009411219e-06,-4.52149770654184e-05
2021/10/27,8.86632994707816e-05,-0.000258945795518902,7.02324107430089e-06,-1.02196787872314e-05,8.58321366584156e-05,-1.78984751595794e-05,1.77233148017148e-06,-4.51425797379585e-05
2021/10/28,-3.89151987903121e-05,-0.000242917221394326,1.1548922984731e-06,-6.04262523054694e-06,8.98230627333582e-05,-1.94981436347236e-05,1.16155772192386e-06,-4.50662432196244e-05
2021/10/31,-7.34562624233308e-05,-0.000132139979666606,-4.09666472324539e-06,-1.54838118960775e-06,9.37572236556089e-05,-2.10738596748296e-05,5.54251255108744e-07,-4.49859860510916e-05
2021/11/01,6.50550865646325e-05,6.4245753710285e-05,-9.07729318825448e-06,3.29182033905223e-06,9.76280647854801e-05,-2.26234477145573e-05,-4.91754845344396e-08,-4.49018267730356e-05
2021/11/02,-5.67649781697292e-05,0.000236257730695917,-1.41328562939542e-05,8.50674635889901e-06,0.000101429031483284,-2.4144732188567e-05,-6.48310061266272e-07,-4.48137839261322e-05
2021/11/03,4.96913681719342e-05,0.000307906520986355,-1.96092172377443e-05,1.41251638733986e-05,0.000105153569109333,-2.56355375315186e-05,-1.24274003934728e-06,-4.4721876051057e-05
2021/11/04,-4.52321154551893e-05,0.00031277037636304,-2.51299679778528e-05,2.0175839886017e-05,0.00010879512302394,-2.70936881780725e-05,-1.83205298303805e-06,-4.46261216884854e-05
2021/11/07,4.44269525885735e-05,0.000298711825317807,-2.78060897154685e-05,2.66875414002203e-05,0.000112347138587417,-2.85170085628886e-05,-2.41583645659915e-06,-4.45265393790933e-05
2021/11/08,-4.73236451036159e-05,0.000256541964316395,-2.55321892112167e-05,3.36890354194744e-05,0.000115803061160076,-2.9903323120627e-05,-2.99367802429113e-06,-4.44231476635561e-05
2021/11/09,-5.93339895716297e-06,0.000104979692166107,-1.65793474253739e-05,4.12090889472454e-05,0.000119156336102229,-3.12504562859479e-05,-3.56516525037458e-06,-4.43159650825495e-05
2021/11/10,5.9321031844094e-05,-7.44472589114217e-05,7.81354681783351e-07,4.92764689869993e-05,0.00012240040877419,-3.25562324935114e-05,-4.12988569911006e-06,-4.42050101767491e-05
2021/11/11,-6.502178418576e-05,-0.000144065517400576,2.82788361499783e-05,5.79199425422022e-05,0.000125528724536269,-3.38184761779776e-05,-4.68742693475808e-06,-4.40903014868305e-05
2021/11/14,6.88745452328883e-05,4.94164707591781e-06,6.28219010883746e-05,6.71682766163199e-05,0.000128534728748781,-3.50350117740065e-05,-5.23737652157927e-06,-4.39718575534693e-05
2021/11/15,-7.15664801361634e-05,7.88242556204046e-05,8.20388938838964e-05,7.70502382128186e-05,0.000131411866772036,-3.62036637162584e-05,-5.77932202383418e-06,-4.38496969173412e-05
2021/11/16,7.63880189281432e-05,-4.9823164287799e-05,6.13773536453665e-05,8.73959221873655e-05,0.000134153583966347,-3.73222564393933e-05,-6.31285100578336e-06,-4.37238381191217e-05
2021/11/17,-8.89109117906971e-05,-7.04414973750138e-05,-1.31579419085589e-05,9.72407348044335e-05,0.000136753325692027,-3.83886143780713e-05,-6.83755103168738e-06,-4.35942996994865e-05
2021/11/18,0.000115200581461809,9.8679743396279e-05,-0.000137982008708982,0.000105421410180697,0.000139204537309388,-3.94005619669525e-05,-7.35300966580681e-06,-4.34611001991112e-05
2021/11/21,-0.000159101960561571,0.000105488442584647,-0.000254887011955999,0.000110774682432829,0.000141500664178742,-4.03559236406971e-05,-7.85881447240219e-06,-4.33242581586713e-05
2021/11/22,8.84790459675361e-05,-0.000104245031523519,-0.000311287164392424,0.000112137285677504,0.000143635151660402,-4.12525238339651e-05,-8.35455301573413e-06,-4.31837921188426e-05
2021/11/23,0.000294970765378235,-0.000205938234375516,-0.000259912607974026,0.000108531112023685,0.000145591480275219,-4.20881869814167e-05,-8.83981286006316e-06,-4.30397206203006e-05
2021/11/24,-0.000378291612781379,3.60723245987675e-05,-7.61971654704588e-05,9.97188148240315e-05,0.000147313141911657,-4.28607375177121e-05,-9.31418156964984e-06,-4.28920622037209e-05
2021/11/25,-3.06460515416766e-06,0.000192345502997934,0.000176238514385497,8.56487225216679e-05,0.000148733146520544,-4.35679998775111e-05,-9.77724670875476e-06,-4.27408354097792e-05
2021/11/28,0.000540927511419892,0.000122294957475274,0.000413914376547793,6.62692928342623e-05,0.000149784374778161,-4.4207798495474e-05,-1.02285958416385e-05,-4.2586058779151e-05
2021/11/29,3.19761901434062e-05,-0.000118944331941832,0.000564359365057904,4.15289834794834e-05,0.000150399995985689,-4.47782464311564e-05,-1.06678165325615e-05,-4.2427750852512e-05
2021/11/30,-0.000640767007464218,-0.000151604828187153,0.000566699661996671,1.16624821460807e-05,0.000150514333943887,-4.52786112436956e-05,-1.10944963457845e-05,-4.22659301705378e-05
2021/12/01,0.000647572017944055,0.000185028413721759,0.000387242210377602,-2.19506035928709e-05,0.000150062356724991,-4.57088047637037e-05,-1.1508222845568e-05,-4.21006152739039e-05
2021/12/02,-0.000620605977850236,0.000121638738960475,9.33800736580671e-05,-5.76444361932154e-05,0.000148980454987552,-4.60701614081091e-05,-1.19085835961725e-05,-4.19318247032861e-05
2021/12/05,0.000563942325049411,-0.000238172278878047,-0.00023036462234543,-9.37531781107964e-05,0.0001472053750367,-4.63643712404196e-05,-1.22951661618587e-05,-4.17595769993599e-05
2021/12/06,0.000403214776125759,-0.000355475693133865,-0.000501660158548283,-0.000128610991801458,0.000144673863177567,-4.65931243241431e-05,-1.2667558106887e-05,-4.1583890702801e-05
2021/12/07,0.000210190873434678,-0.000259352869656141,-0.000648357202025559,-0.000160552039721044,0.000141322665715283,-4.67581107227872e-05,-1.30253469955181e-05,-4.14047843542848e-05
2021/12/08,-0.000307027540120122,-9.22775430136169e-05,-0.000649923607151792,-0.000187910484325398,0.000137088528954979,-4.68610204998594e-05,-1.33681203920124e-05,-4.12222764944872e-05
2021/12/09,9.94450445003208e-05,6.82517551823567e-05,-0.000539311590848315,-0.000209269082326325,0.000131908199201785,-4.69035437188678e-05,-1.36954658606307e-05,-4.10363856640836e-05
2021/12/12,0.000158989740558566,0.000200593120599718,-0.00035936663567338,-0.000224204967459476,0.000125718422760834,-4.68873704433199e-05,-1.40069709656334e-05,-4.08471304037497e-05
2021/12/13,-0.000115583457077914,0.000248640780564191,-0.000152685629929282,-0.000232543867716462,0.000118455945937254,-4.68141907367235e-05,-1.43022232712811e-05,-4.06545292541611e-05
2021/12/14,-0.000114392753822699,7.16090094937687e-05,4.21559500319663e-05,-0.000234122058965731,0.000110068062913013,-4.66856230881991e-05,-1.45808819162216e-05,-4.04586007559935e-05
2021/12/15,9.43922315001559e-05,-0.0001116808418807,0.000199257219985186,-0.000228830919184048,0.000100557169978395,-4.65029996893185e-05,-1.48428923366512e-05,-4.02593634499223e-05
2021/12/16,-0.000105908522025936,-5.09275132933204e-05,0.000292939670404315,-0.000216628525854954,8.99923629304609e-05,-4.62675452793143e-05,-1.50883074211059e-05,-4.00568358766233e-05
2021/12/19,0.000122580008239107,4.06021301362293e-05,0.000333494477872893,-0.000197503903967198,7.84736850714786e-05,-4.59803410856109e-05,-1.53173235699295e-05,-3.98510365767721e-05
2021/12/20,-0.000137608329270134,-4.65474109694913e-05,0.000339196020702314,-0.000171450587735589,6.61056889297744e-05,-4.56424324576804e-05,-1.5530173061418e-05,-3.96419840910442e-05
2021/12/21,0.000147526610529828,-4.97579694576433e-05,0.000320498387284575,-0.000138462111374931,5.29929270336743e-05,-4.52548647449954e-05,-1.57270835270182e-05,-3.94297016069644e-05
2021/12/22,0.000122958444022473,4.38703453572677e-05,0.000283615977665205,-9.87745526746413e-05,3.92399519115045e-05,-4.4818683297028e-05,-1.59082640107809e-05,-3.92142308994536e-05
2021/12/26,-2.5241705314489e-05,0.000173180601202419,0.000230837699080099,-5.35941637225659e-05,2.49513160915912e-05,-4.43349334632506e-05,-1.60739189099075e-05,-3.89956183902819e-05
2021/12/27,-0.000152687550660224,0.00019905558977465,0.000163013236159251,-4.36974018115977e-06,1.02315721022606e-05,-4.38046605931355e-05,-1.62242526215996e-05,-3.87739105012193e-05
2021/12/28,0.000151775758847598,3.23975499151378e-05,8.13292283528356e-05,4.74499222871224e-05,-4.81472752816125e-06,-4.3228910036155e-05,-1.63594695430588e-05,-3.85491536540359e-05
2021/12/29,-2.39279739277964e-05,-0.000160573228142089,-3.41579312996968e-06,0.000100416028019826,-2.00830302713481e-05,-4.26087271417814e-05,-1.64797740714865e-05,-3.83213942705017e-05
2021/12/30,-0.000152310673131863,-0.000253617146409808,-7.78825895989306e-05,0.000153079781354495,-3.54687835989738e-05,-4.1945157259487e-05,-1.65853706040844e-05,-3.80906787723867e-05
2022/01/02,-4.65610888697353e-05,-0.000185913538024615,-0.000131290464944883,0.000203992386628676,-5.08674349827122e-05,-4.12392457387442e-05,-1.66764635380539e-05,-3.78570535814611e-05
2022/01/03,0.000154913925746794,-4.77334920277281e-05,-0.000163204700951368,0.000251816855748341,-6.61744318942368e-05,-4.04920379290253e-05,-1.67532572705966e-05,-3.76205651194949e-05
2022/01/04,3.03410408972644e-05,4.8551052302294e-05,-0.00017619635225671,0.000295663430893172,-8.12852218052221e-05,-3.97045791798024e-05,-1.68159561989141e-05,-3.73812598082581e-05
2022/01/05,-3.2228141310061e-06,7.7009102369432e-05,-0.000172948281067657,0.000334754161811278,-9.60952521873417e-05,-3.8877914840548e-05,-1.68647644895762e-05,-3.71391843001524e-05
2022/01/06,-0.000152660874736165,0.000105049111012592,-0.000156143349590959,0.000368311098250768,-0.000110499970512269,-3.80130902607345e-05,-1.6899885386626e-05,-3.68943861701064e-05
2022/01/09,0.000147804856001208,0.000134081118466612,-0.000128464420033364,0.000395556289959753,-0.000124394824251678,-3.71111507898341e-05,-1.6921521903475e-05,-3.66469132236801e-05
2022/01/10,0.000143969175635045,9.07874026021574e-05,-9.3077872385473e-05,0.00041571178668634,-0.000137675260877243,-3.6173141777319e-05,-1.69298770535345e-05,-3.63968132664339e-05
2022/01/11,-0.000113259830573253,-1.1998346351953e-05,-5.52698615984395e-05,0.00042799963817864,-0.000150236727860638,-3.52001085726616e-05,-1.6925153850216e-05,-3.61441341039277e-05
2022/01/12,-0.000121554673969597,-9.72874613180801e-05,-2.15528757078777e-05,0.000431656790531198,-0.000161989569019973,-3.41930965253343e-05,-1.69075553069309e-05,-3.5888923541722e-05
2022/01/13,0.000111266979711227,-9.51872161896197e-05,3.0546884792244e-06,0.000425977114212621,-0.00017290105254742,-3.31531509848094e-05,-1.68772844370906e-05,-3.56312293853767e-05
2022/01/16,-0.000101447824391879,-1.86413627415354e-05,1.99844315753704e-05,0.00041052791478681,-0.000182942698934817,-3.2081317300559e-05,-1.68345442541066e-05,-3.5371099440452e-05
2022/01/17,-3.6579962709015e-05,6.41631329625051e-05,3.12710180643416e-05,0.000385950567988475,-0.000192083367662315,-3.09786408220557e-05,-1.67795377713903e-05,-3.51085815125082e-05
2022/01/18,8.51916893904643e-05,0.000148906670400985,3.8679929634294e-05,0.000353155632347954,-0.000200291918210062,-2.98461668987716e-05,-1.6712468002353e-05,-3.48437234071054e-05
2022/01/19,-7.94764536914704e-05,0.000232717552210297,4.39766479733835e-05,0.000313053666395581,-0.000207537210058207,-2.86849408801791e-05,-1.66335379604062e-05,-3.45765729298038e-05
2022/01/20,-3.62503418931082e-05,0.000256224816726905,4.90386891874971e-05,0.000266555228661695,-0.0002137881026869,-2.74960081157505e-05,-1.65429506589614e-05,-3.43071778861635e-05
2022/01/23,4.38408367184831e-05,0.000206356544319287,5.58610108485218e-05,0.00021457087767663,-0.000219013455576288,-2.62804139549581e-05,-1.64409091114299e-05,-3.40355860817447e-05
2022/01/24,7.75713618284814e-05,8.62336852808922e-05,6.52278201263826e-05,0.000158011171970722,-0.000223182128206521,-2.50392037472742e-05,-1.63276163312232e-05,-3.37618453221076e-05
2022/01/25,-8.37299251769063e-05,-7.46646428958631e-05,7.75926279860815e-05,9.778667007431e-05,-0.000226262980057749,-2.37734228421711e-05,-1.62032753317526e-05,-3.34860034128124e-05
2022/01/26,-1.02812303969068e-05,-0.000162641088167405,9.340894539262e-05,3.48079305177281e-05,-0.000228224870610119,-2.24841165891212e-05,-1.60680891264297e-05,-3.32081081594192e-05
2022/01/27,0.000106227433825805,-0.000193418942679073,0.000113130283311,-3.00144881686869e-05,-0.000229036450577406,-2.11725391039727e-05,-1.59222607286658e-05,-3.29282073674882e-05
2022/01/30,-3.99652168526405e-05,-0.000222324520080506,0.000137210152706224,-9.57700274545987e-05,-0.000228665423761507,-1.98408914144481e-05,-1.57659931518724e-05,-3.26463488425795e-05
2022/01/31,-0.000135869409042668,-0.000343833639775135,0.000166102064543294,-0.000161548128809671,-0.000227078837812459,-1.84920307001316e-05,-1.55994894094608e-05,-3.23625803902534e-05
2022/02/01,5.76732912846296e-05,-0.000592408087960784,0.00020025952978721,-0.000226438233703567,-0.000224243628533929,-1.71289259869786e-05,-1.54229525148425e-05,-3.207694981607e-05
2022/02/02,0.000161300116241415,-0.000744754012397014,0.000240136059402976,-0.000289529783605952,-0.000220126731729583,-1.57545463009443e-05,-1.52365854814289e-05,-3.17895049255895e-05
2022/02/03,-6.74929828200091e-05,-0.000632434791332359,0.0002854768237974,-0.000349912219986488,-0.000214695083203087,-1.43718606679838e-05,-1.50405913226315e-05,-3.15002935243721e-05
2022/02/06,-0.000170529569853921,-0.000244022002393966,0.000333193631144521,-0.000406674984314839,-0.000207915618758107,-1.29838381140525e-05,-1.48351730518617e-05,-3.12093634179778e-05
2022/02/07,0.000166584529969057,0.000266544468433535,0.000379418643936924,-0.000458836212937411,-0.000199755274198308,-1.15934476651059e-05,-1.46205336825308e-05,-3.0916762411967e-05
2022/02/08,0.0001644179907189,0.000602523353906251,0.000419998804174163,-0.000505128821707574,-0.000190180985327356,-1.02036583470991e-05,-1.43968762280503e-05,-3.06225383118997e-05
2022/02/09,-0.000145448708938975,0.000735314633896436,0.00045070974873253,-0.00054421442135544,-0.000179159687948918,-8.81743918598735e-06,-1.41644037018316e-05,-3.03267389233362e-05
2022/02/10,-0.000126090092483724,0.000741257685074051,0.000468811414675072,-0.000574754622611122,-0.00016665831786666,-7.43775920772608e-06,-1.39233191172862e-05,-3.00294120518366e-05
2022/02/13,-1.04594887289591e-05,0.000715911399319515,0.000476661915622392,-0.00059541103620473,-0.000152643810884246,-6.06758743827045e-06,-1.36738254878254e-05,-2.9730605502961e-05
2022/02/14,0.000114816827219423,0.000593534780196772,0.000474747568624021,-0.000604838113798161,-0.000137090261873562,-4.70989290357591e-06,-1.34161258268607e-05,-2.94303670822697e-05
2022/02/15,-0.000114092293486554,0.000290769923257469,0.00046271566654003,-0.000601630271602785,-0.000120031801157013,-3.36764462959758e-06,-1.31504231478035e-05,-2.91287445953229e-05
2022/02/16,0.000121428388832879,-0.00010702985239838,0.000440213502230494,-0.000584249170051143,-0.000101635314835836,-2.04381164229082e-06,-1.28769204640653e-05,-2.88257858476806e-05
2022/02/17,-0.00014081165170485,-0.00026815755560981,0.000406888368555487,-0.000551125070398119,-8.20990881889257e-05,-7.41362967611e-07,-1.25958207890573e-05,-2.8521538644903e-05
2022/02/20,3.4594265167561e-06,-4.94885675309225e-05,0.000352395605991985,-0.000500688233898601,-6.16214064951718e-05,5.36732368486724e-07,-1.23073271361912e-05,-2.82160507925504e-05
2022/02/21,0.000265352125234377,0.000152838327328867,0.000227201228930009,-0.000432147405252901,-4.04005550334678e-05,1.78750534004697e-06,-1.20116425188782e-05,-2.7909370096183e-05
2022/02/22,-0.000408084417177153,-3.43192270730949e-05,-1.18218446196383e-05,-0.000347825262943042,-1.8634819082705e-05,3.00798692111438e-06,-1.17089699505299e-05,-2.76015443613608e-05
2022/02/23,0.000635337117726703,-0.000311272291185114,-0.000353882524312036,-0.000250822968896473,3.47751607822415e-06,4.1952080857339e-06,-1.13995124445575e-05,-2.7292621393644e-05
2022/02/24,-0.000967980930531273,-5.7141439777831e-05,-0.000753060490876745,-0.000144241685040643,2.57381651704275e-05,5.34619980795003e-06,-1.10834730143726e-05,-2.69826489985928e-05
2022/02/27,0.00140630041003726,0.000824427744871824,-0.00106613212179112,-3.11825733030013e-05,4.79488429150133e-05,6.45799306180745e-06,-1.07610546733866e-05,-2.66716749817675e-05
2022/02/28,-0.00191642587314291,0.00130177772178267,-0.00108809882860789,8.50268509229892e-05,6.9911264033089e-05,7.5276188213511e-06,-1.04324604350109e-05,-2.63597471487281e-05
2022/03/01,0.00163379914783852,-0.000587642126737932,-0.000667267284713812,0.000200153658379815,9.14271432457631e-05,8.55210806062535e-06,-1.00978933126569e-05,-2.60469133050348e-05
2022/03/02,0.00288061274509269,-0.00208680145089168,9.17351814230416e-05,0.000309738566343951,0.000112298195274143,9.52849175367532e-06,-9.75755631973597e-06,-2.57332212562478e-05
2022/03/03,-0.00318079680100298,-0.000222635286874276,0.00097744039833233,0.00040932229209187,0.000132326134839337,1.04538008745453e-05,-9.41165246965963e-06,-2.54187188079273e-05
2022/03/06,0.00327989973669467,0.00236628375508415,0.00160756383108211,0.000494445552900046,0.000151312676662453,1.13250663972803e-05,-9.06038477583925e-06,-2.51034537656334e-05
2022/03/07,-0.00316639071950269,0.000160333511204528,0.00165520832201123,0.000560649066044953,0.000169059535464598,1.21393192959249e-05,-8.7039562516863e-06,-2.47874739349264e-05
2022/03/08,0.00287208442300647,-0.00195608589894966,0.00118484505280157,0.000604471082004852,0.000185368425966881,1.28935905445238e-05,-8.34256991061215e-06,-2.44708271213663e-05
2022/03/09,0.000759663605217668,-0.0006471558998194,0.000382737258117224,0.000626439984065157,0.00020004106289041,1.35849111171218e-05,-7.97642876602823e-06,-2.41535611305134e-05
2022/03/10,-0.0019624311903621,0.00129725868651689,-0.00045508648996681,0.000628081688713069,0.000212879160956292,1.42103119877635e-05,-7.60573583134598e-06,-2.38357237679278e-05
2022/03/13,-0.00051215277490447,0.000849714257220124,-0.00106402537531165,0.000610878226186307,0.000223728321135117,1.47668241304937e-05,-7.23069411997677e-06,-2.35173628391697e-05
2022/03/14,0.000990602095966321,-0.000566453670129662,-0.00141595247613551,0.000576136081724665,0.0002326096893954,1.5251478519357e-05,-6.8515066453321e-06,-2.31985261497993e-05
2022/03/15,0.000494830350162864,-0.00069049392686508,-0.00153795016418679,0.000525117854318455,0.000239588297955139,1.56613061283982e-05,-6.46837642082332e-06,-2.28792615053767e-05
2022/03/16,-0.000311846076274666,4.4669472554872e-05,-0.00145531842183714,0.000459338290093002,0.000244729179032328,1.5993337931662e-05,-6.0815064598619e-06,-2.25596167114621e-05
2022/03/17,0.000157267423880499,0.000528308867561689,-0.00124486537483731,0.000381320723713673,0.000248097364844966,1.62446049031931e-05,-5.69109977585922e-06,-2.22396395736157e-05
2022/03/20,-0.00013264796426813,0.000430171738242231,-0.000985763377224385,0.000293840636980849,0.000249757887611048,1.64121380170361e-05,-5.29735938222673e-06,-2.19193778973977e-05
2022/03/21,0.000207449877628689,9.72185622171913e-05,-0.000708952499481935,0.000199673511694911,0.000249774898077167,1.64938497186408e-05,-4.90048829237585e-06,-2.15988794883682e-05
2022/03/22,-0.000336821103646059,-0.000218412512682757,-0.000424795216476807,0.000101594829656238,0.000248208771398968,1.64914280444034e-05,-4.500689519718e-06,-2.12781921520873e-05
2022/03/23,0.000480144334374089,-0.000317052896087412,-0.000137541813309543,2.38007266521061e-06,0.000245118002439377,1.64084413234384e-05,-4.09816607766455e-06,-2.09573636941154e-05
2022/03/24,-1.46995720259753e-05,-2.14889232746807e-05,0.000157947022312685,-9.51952774777913e-05,0.000240560836355994,1.62487159498176e-05,-3.69312933925675e-06,-2.06364419200124e-05
2022/03/27,-0.000712864680662276,0.000271843246300858,0.000446764244674904,-0.000188355738972387,0.000234595518306419,1.60161117561315e-05,-3.28582411605467e-06,-2.03154746353387e-05
2022/03/28,0.000774420757662291,9.78318873097358e-05,0.000698891819168662,-0.000274325830018197,0.00022728029344825,1.57145143331697e-05,-2.876520977817e-06,-1.99945096456543e-05
2022/03/29,-0.000790648512864902,-0.000345087513736255,0.000847754430124812,-0.000350330068814841,0.000218673406939087,1.53478788659964e-05,-2.46556008857728e-06,-1.96735947565195e-05
2022/03/30,0.000764843914280521,2.33371869061202e-06,0.000833319479735544,-0.000414067154168298,0.000208833103936529,1.49201779382447e-05,-2.05329901093795e-06,-1.93527777734945e-05
2022/03/31,-0.000483616952349449,0.000496121939669832,0.000658282522699088,-0.00046513250730999,0.000197817629598175,1.44353841335476e-05,-1.64009530750132e-06,-1.90321065021393e-05
2022/04/03,-0.000619086497849367,0.000505951586600228,0.000352702840777812,-0.000503595730077696,0.000185685229081625,1.38974700355381e-05,-1.22630654086979e-06,-1.87116287480141e-05
2022/04/04,0.000251148578874571,-0.000158476636087204,-6.63352851542747e-06,-0.000529526424309197,0.000172494147544479,1.33104082278493e-05,-8.12290273645718e-07,-1.83913923166792e-05
2022/04/05,0.000407664024775577,-0.00055951739263508,-0.00033125885873015,-0.000542994191842274,0.000158302630144334,1.26781712941144e-05,-3.98404068431467e-07,-1.80714450136947e-05
2022/04/06,0.000219224008724468,-0.000434903906498643,-0.000543073159701314,-0.000544068634514708,0.000143168922038791,1.20047318179663e-05,1.49945121705885e-08,-1.77518346446208e-05
2022/04/07,-0.000202329434458556,-3.22848907699547e-05,-0.000615512382220278,-0.000532826202161814,0.000127158116382984,1.12940623830381e-05,4.27547905558107e-07,-1.74326090150176e-05
2022/04/10,0.000123862599679234,0.000288755217311307,-0.000572411201158211,-0.000509604470909393,0.000110367437158273,1.05501690166775e-05,8.38865105413837e-07,-1.71138159304453e-05
2022/04/11,-7.11876709497e-05,0.0001751016018187,-0.000447318370679028,-0.000475682802082144,9.29199116878777e-05,9.77719152109212e-06,1.24842133056117e-06,-1.67955031964641e-05
2022/04/12,4.67743738852543e-05,-8.90513388199677e-05,-0.00028178482217632,-0.00043257429130511,7.4943306131102e-05,8.97930314220403e-06,1.65565835610861e-06,-1.64777186186342e-05
2022/04/13,-4.73284258280406e-05,-6.21164467101248e-05,-0.000127818703145759,-0.000381792034203332,5.65653866472482e-05,8.16067712593527e-06,2.0600179571647e-06,-1.61605100025157e-05
2022/04/17,6.53903305592489e-05,2.37286530433477e-05,1.25669061504186e-05,-0.000324849126401853,3.79139193956191e-05,7.3254867182082e-06,2.46094190883794e-06,-1.58439251536688e-05
2022/04/18,-9.3305202448319e-05,-4.04437181134443e-05,0.000147238584286113,-0.000263258663525713,1.91166705355173e-05,6.4779051649448e-06,2.85787198623687e-06,-1.55280118776536e-05
2022/04/19,1.35098671546309e-05,-7.97619701568413e-05,0.000267615566592925,-0.000198533741199956,3.01406226245942e-07,5.62210571206736e-06,3.25024996446999e-06,-1.52128179800304e-05
2022/04/20,0.000161678945127498,-2.53460018228665e-06,0.000357977232744212,-0.000132187455049622,-1.84041073728928e-05,4.76226160549796e-06,3.63751761864585e-06,-1.48983912663593e-05
2022/04/21,-0.000197654806242928,0.000165799427805629,0.00039049088302267,-6.57329006997544e-05,-3.68721041025955e-05,3.90254609115884e-06,4.01911672387294e-06,-1.45847795422005e-05
2022/04/24,0.000189685156968331,0.000168644199003108,0.000340581258451869,-5.92794113257787e-07,-5.49748178035602e-05,3.04713241497211e-06,4.39448905525977e-06,-1.42720306131142e-05
2022/04/25,0.000263011082850118,4.75005370471976e-05,0.000214671361136185,6.21716673955033e-05,-7.25844823164837e-05,2.20019382285998e-06,4.76307638791489e-06,-1.39601922846604e-05
2022/04/26,5.53228427404413e-05,-7.99341612983691e-05,4.88953286751186e-05,0.000121589666174301,-8.95733314820632e-05,1.36590356074455e-06,5.12432049694682e-06,-1.36493123623995e-05
2022/04/27,3.78541228938958e-06,-0.000136297756547303,-0.000114756282605185,0.000176690384570906,-0.000105813599140996,5.48434874548062e-07,5.47766315746408e-06,-1.33394386518915e-05
2022/04/28,-0.000310784360186291,-5.308581246406e-05,-0.000234885696764323,0.000226503004933092,-0.00012117751913398,-2.48038989807362e-07,5.82254614457517e-06,-1.30306189586967e-05
2022/05/01,0.000304996169814559,0.000115954112896852,-0.000273927508970955,0.000270056709608629,-0.000135537325301711,-1.01934478639956e-06,6.15841123338862e-06,-1.27229010883752e-05
2022/05/02,-2.02105955083353e-05,2.18777226586435e-06,-0.000213769456476503,0.000306560928828651,-0.000148765251484888,-1.76130926930639e-06,6.48470019901296e-06,-1.24163328464871e-05
2022/05/03,-0.000262005747472523,-0.000155590222534357,-8.98219798292737e-05,0.000335946084357733,-0.000160733531524207,-2.46975919260559e-06,6.8008548165567e-06,-1.21109620385927e-05
2022/05/04,0.000232059063708743,-2.68058970578829e-05,5.15793179720243e-05,0.000358322845843809,-0.000171314399260366,-3.14052131037507e-06,7.10631686112835e-06,-1.18068364702521e-05
2022/05/05,-0.000202766517406793,0.000235187279309639,0.000172459637857875,0.000373801882934815,-0.000180380088534062,-3.76942237669268e-06,7.40052810783645e-06,-1.15040039470255e-05
2022/05/08,-5.88121322319652e-05,0.000121021781635075,0.000244597668962763,0.000382493865278687,-0.000187802833185992,-4.35234125284616e-06,7.68298243899948e-06,-1.12025122744731e-05
2022/05/09,0.000161352679030631,-0.000153054997908285,0.000270425249307987,0.000384518882530806,-0.000193464287064299,-4.88536522896317e-06,7.95338216577572e-06,-1.0902409258155e-05
2022/05/10,-0.000153278620380226,-0.000254950004952753,0.000260000627284659,0.0003801004594853,-0.000197312662303987,-5.36463370238128e-06,8.21148170653346e-06,-1.06037427036314e-05
2022/05/11,0.000152889134663173,-0.00027197584328303,0.000223234543876352,0.000369734561379605,-0.000199421104075826,-5.78628607043807e-06,8.45703547964093e-06,-1.03065604164625e-05
2022/05/12,-0.000156094232188432,-0.000395324491716595,0.00017000086321475,0.00035398290856012,-0.000199891635807661,-6.14646173047103e-06,8.68979790346642e-06,-1.00109102022084e-05
2022/05/15,0.00015857408019794,-0.000324614297404824,0.000109654146620375,0.000333407221373248,-0.000198825346615484,-6.44223439167621e-06,8.90952339637816e-06,-9.71683986642931e-06
2022/05/16,-9.5729935617884e-05,1.04956723692869e-05,4.95366613968951e-05,0.000308569220165388,-0.00019631958836785,-6.6744150106823e-06,9.11596637674445e-06,-9.42439721468544e-06
2022/05/17,-0.000154650652920836,0.000331058356515454,-3.26895905197096e-06,0.00028003062528294,-0.000192470778621458,-6.84474885597657e-06,9.3088812629335e-06,-9.13363005253692e-06
2022/05/18,0.000148545248334776,0.00041760805015346,-4.16151640947009e-05,0.000248353157072307,-0.000187375334933005,-6.95502733219206e-06,9.48806860945939e-06,-8.84458618554393e-06
2022/05/19,-0.000141298378705969,0.000335741582514646,-6.05010755683938e-05,0.000214098535879887,-0.00018112967485919,-7.00722638854464e-06,9.65351351541921e-06,-8.55731341926665e-06
2022/05/22,3.06896260780349e-05,0.000259523615917084,-6.35125051846312e-05,0.000177828482052081,-0.000173830215956711,-7.00340684409649e-06,9.80528594975605e-06,-8.27185955926523e-06
2022/05/23,0.000131842739609851,0.000145888362679175,-5.63819371236149e-05,0.000140104715935291,-0.000165573375782267,-6.94578445271057e-06,9.94361081621394e-06,-7.98827241109985e-06
2022/05/24,-0.000133613958670917,-8.87599126545007e-05,-4.48418555655472e-05,0.000101488957875916,-0.000156455571892554,-6.83661370194992e-06,1.00687517522371e-05,-7.70659978033068e-06
2022/05/25,-3.09347293937388e-05,-0.00030484931903568,-3.46247446906301e-05,6.2542928220358e-05,-0.000146573221844272,-6.67814907937786e-06,1.01809723952699e-05,-7.4268894725179e-06
2022/05/26,0.00015511167849251,-0.000242475998729801,-3.27793598220284e-05,2.38283473150166e-05,-0.000136022743194119,-6.47264507255747e-06,1.02805363827564e-05,-7.14918929322167e-06
2022/05/29,-0.000174400062012737,0.000103519189747995,-5.16195408547558e-05,-1.40930644937078e-05,-0.000124900553498792,-6.22235616905195e-06,1.03677073521411e-05,-6.87354704800218e-06
2022/05/30,0.000197295895363119,0.000172312199808354,-0.000102433460025367,-5.0659586859414e-05,-0.00011330307031499,-5.92953685642454e-06,1.0442748940868e-05,-6.60001054241957e-06
2022/05/31,-0.000219967832653403,-6.23555827285329e-05,-0.000184123023744696,-8.53094994357018e-05,-0.000101326711199411,-5.59644162223833e-06,1.05059247863814e-05,-6.32862758203404e-06
2022/06/01,0.000237747029131149,-9.60086148382381e-05,-0.000281174157142022,-0.000117481081876171,-8.90678937087536e-05,-5.2253249540565e-06,1.05574985261257e-05,-6.05944597240572e-06
2022/06/02,-0.000247108474064279,2.47004675650673e-05,-0.000371018472000391,-0.00014661261383442,-7.66230353997154e-05,-4.81844133944227e-06,1.0597733797545e-05,-5.79251351909484e-06
2022/06/05,5.12256344414655e-05,6.152767887391e-05,-0.000420761654426061,-0.000172142374964048,-6.40885538289944e-05,-4.37804526595882e-06,1.06268942380836e-05,-5.52787802766152e-06
2022/06/06,0.000238987400272882,2.18648556829911e-05,-0.000417137345490846,-0.000193508644918657,-5.15608665532892e-05,-3.90639122116926e-06,1.06452434851858e-05,-5.26558730366595e-06
2022/06/07,0.000213440623575539,-2.75872168099469e-05,-0.00035560901749127,-0.000210265600369715,-3.91363911292977e-05,-3.40573369263689e-06,1.06530451762957e-05,-5.00568915266831e-06
2022/06/08,8.19984341714728e-05,-5.423808676729e-05,-0.000240145700887894,-0.000222429918502404,-2.69126326714928e-05,-2.87832716792483e-06,1.06505629488577e-05,-4.74823138022875e-06
2022/06/09,-0.000185341738935232,-2.17371752531984e-05,-8.91305261205506e-05,-0.000230130873482177,-1.4990396331947e-05,-2.32642613459622e-06,1.0638060440316e-05,-4.49326179190746e-06
2022/06/12,0.000165867330966742,4.27220351144181e-05,6.83526800586445e-05,-0.000233505495389467,-3.46273134775261e-06,-1.75228508021428e-06,1.06157979236449e-05,-4.24082482879462e-06
2022/06/13,-0.000150076473484794,-5.25518043210455e-05,0.000203144350243371,-0.000232718352980672,7.60485171996427e-06,-1.15815849234214e-06,1.05840222139386e-05,-3.99095147410045e-06
2022/06/14,0.000140326867069583,-6.68941980699191e-05,0.000293708024849884,-0.000227970328460729,1.81831557586139e-05,-5.46300858542974e-07,1.05429767618215e-05,-3.74366934656519e-06
2022/06/15,-0.000137501812356198,0.000110485359014489,0.000328407724461841,-0.000219470221722017,2.82509013430511e-05,8.10333336199174e-08,1.04929050179179e-05,-3.49900606492909e-06
2022/06/16,0.000140854956679633,2.34889575605939e-07,0.000326042355049505,-0.000207426832656918,3.77868090481312e-05,7.21589596583507e-07,1.04340504328522e-05,-3.25698924793237e-06
2022/06/19,4.27618338395041e-06,-0.000213017167286088,0.000307229815953192,-0.00019204896115781,4.67695994487095e-05,1.37311344278454e-06,1.03666564572485e-05,-3.01764651431528e-06
2022/06/20,-0.000160201487268404,-0.000196284442524291,0.000288001068867219,-0.000173545407117076,5.5177993119641e-05,2.03335038465988e-06,1.02909665417313e-05,-2.78100548281805e-06
2022/06/21,0.000173589022103962,0.000148601318832834,0.000267877934682474,-0.000152124970427095,6.29907106357813e-05,2.70004593464632e-06,1.02072241369249e-05,-2.54709377218095e-06
2022/06/22,-0.000168912553729231,0.000221173178827578,0.00022607499420548,-0.000128080621325943,7.01864725719849e-05,3.37094560518067e-06,1.01156726934536e-05,-2.31593900114418e-06
2022/06/23,-0.000204940973473718,3.10766040148197e-05,0.000144331096268611,-0.000102042011434478,7.67439995031077e-05,4.04379490869976e-06,1.00165556619417e-05,-2.08756878844799e-06
2022/06/26,0.00022277983036555,-0.000155920981188597,3.05680068666832e-05,-7.47229627192547e-05,8.26420120040044e-05,4.71633935764044e-06,9.91011649301349e-06,-1.86201075283262e-06
2022/06/27,-0.000138392682138152,-6.22703329445944e-06,-9.62091205020286e-05,-4.68372971468265e-05,8.78592306495305e-05,5.38632446443953e-06,9.79659863729334e-06,-1.63929251303832e-06
2022/06/28,-0.00025925131577926,0.000128516350350144,-0.000198760329142152,-1.90988366837471e-05,9.23743760145409e-05,6.05149574153386e-06,9.67624554540555e-06,-1.41944168780533e-06
2022/06/29,7.14611487100373e-05,6.37151617864404e-05,-0.00024357489679843,7.77859670342974e-06,9.61661686738911e-05,6.70959870136019e-06,9.54930066797442e-06,-1.20248589587386e-06
2022/06/30,0.000287110891848139,-0.000115093944060775,-0.00023036879830552,3.31561371805031e-05,9.9213329202436e-05,7.35837885635544e-06,9.4160074556243e-06,-9.88452755984184e-07
2022/07/03,-0.000294330658077874,-0.000211964028494753,-0.000167445768266878,5.66947434426848e-05,0.000101494578175031,7.99558171895632e-06,9.27660935897947e-06,-7.77369886876514e-07
2022/07/04,0.00017782545803487,4.63324801521988e-05,-6.61946728510687e-05,7.81303303175393e-05,0.000102988636166531,8.61895280159974e-06,9.13134982866428e-06,-5.69264907291105e-07
2022/07/05,0.000294697810623782,0.000289793396187523,4.99549200423434e-05,9.71988126326318e-05,0.000103674223751792,9.22623761672244e-06,8.98047231530304e-06,-3.64165435968193e-07
2022/07/06,-0.00029021464538636,0.000118621896873974,0.00015690764314129,0.000113636105215527,0.000103530061505668,9.81518167676139e-06,8.82422026952005e-06,-1.62099091648013e-07
2022/07/07,0.000155225556675836,-0.000250589980459502,0.000239945633414696,0.000127178122893789,0.000102534986515775,1.03834139813932e-05,8.66283714193966e-06,3.69065069291876e-08
2022/07/10,0.000278582292808327,-0.000338974864960831,0.000286695403891731,0.000137560780494983,0.000100668301920769,1.09280974792549e-05,8.49656638318615e-06,2.32823741023188e-07
2022/07/11,-0.000273275088277119,7.97661972240254e-05,0.000286986009902417,0.000144519992846674,9.79094273720628e-05,1.14462786062233e-05,8.32565144388387e-06,4.25624991893729e-07
2022/07/12,-0.000238171601874999,0.000305059587925996,0.000239347970220411,0.0001478917214739,9.42464415833648e-05,1.19350037981751e-05,8.15033577465711e-06,6.15282640800585e-07
2022/07/13,0.000262833240463149,0.00014542846753078,0.000148731185230801,0.000147902114675118,8.97120595340189e-05,1.23913194909873e-05,7.97086282613021e-06,8.01769069003507e-07
2022/07/14,-0.000255979043207936,-0.000223670750310228,3.85834989574625e-05,0.000144837367380374,8.43876553315475e-05,1.28122721205367e-05,7.78746959494778e-06,9.85063111741961e-07
2022/07/17,0.000248359237974618,-0.000161717126939152,-6.49004965846383e-05,0.00013897367450324,7.83646030999453e-05,1.31949081227e-05,7.60036726183564e-06,1.16516942017421e-06
2022/07/18,0.000204828280040441,7.43556421647659e-05,-0.000144812221861212,0.000130587230957288,7.17342769632069e-05,1.35362739333542e-05,7.4097605535399e-06,1.34209909943821e-06
2022/07/19,-0.000239954490266932,0.000100102550746328,-0.000196020588290006,0.000119954231656091,6.45880510453264e-05,1.3833415988376e-05,7.21585419680668e-06,1.51586325467192e-06
2022/07/20,0.000243489364481344,-9.01203347477598e-05,-0.000229046194795081,0.000107350871513223,5.70172994702983e-05,1.40833807236424e-05,7.01885291838213e-06,1.68647299101329e-06
2022/07/21,-1.54089552832339e-05,-3.02025786182751e-05,-0.000256675020118753,9.30533454422546e-05,4.91133963621174e-05,1.428321457503e-05,6.81896144501234e-06,1.8539394136003e-06
2022/07/24,-0.000262632163615691,0.000131182457987077,-0.000270575334203629,7.73378483567596e-05,4.09677158447777e-05,1.4429963978416e-05,6.61638450344342e-06,2.0182736275709e-06
2022/07/25,-0.000268766049728608,0.000123884098280074,-0.000258591325140242,6.04805751703103e-05,3.26716320422739e-05,1.45206796613588e-05,6.41132252873953e-06,2.17948673806303e-06
2022/07/26,0.000269367348697156,-3.75148130720653e-05,-0.000215570301121146,4.27827526775902e-05,2.43165190786004e-05,1.4552426192705e-05,6.20396211467736e-06,2.33758985021468e-06
2022/07/27,0.000251108758430259,-0.000228547998684087,-0.00013820421991856,2.46457351977254e-05,1.59937510777517e-05,1.45222591312205e-05,5.99449886511381e-06,2.49259406916379e-06
2022/07/28,-0.000239733422392643,-0.000198340324460408,-2.89315169509475e-05,6.49590893095291e-06,7.79470216372225e-06,1.44272307102308e-05,5.78313170934629e-06,2.64451050004832e-06
2022/07/31,0.000207321316982152,0.000142849895710807,8.69235893027213e-05,-1.12403399224902e-05,-1.89253539493654e-07,1.42643931630616e-05,5.57005957667224e-06,2.79335024800624e-06
2022/08/01,-0.000166057140204469,0.000227588351340805,0.000178315434598347,-2.81366251623671e-05,-7.86674190790136e-06,1.40307987230382e-05,5.35548139638906e-06,2.93912441817549e-06
2022/08/02,-0.000156793718513836,4.04626352555836e-05,0.0002198673634059,-4.37665605884406e-05,-1.51463888175065e-05,1.37234996234863e-05,5.1395960977942e-06,3.08184411569405e-06
2022/08/03,8.59943442082719e-05,-0.000189286631564195,0.000208907083577484,-5.77320885263147e-05,-2.19368201443147e-05,1.33395480977314e-05,4.92260261018506e-06,3.22152044569987e-06
2022/08/04,-6.35289256736655e-05,-0.000167774854738941,0.000149681840842711,-6.97484654049558e-05,-2.81466617643314e-05,1.2875996379099e-05,4.70469986285909e-06,3.35816451333091e-06
2022/08/07,6.0742957697472e-05,-5.22141879841824e-05,5.5074318121759e-05,-7.95592761791714e-05,-3.36845395535621e-05,1.23298967009148e-05,4.4860867851137e-06,3.49178742372512e-06
2022/08/08,-7.83799181670517e-05,0.000139772132366497,-4.46625929075206e-05,-8.69081058037688e-05,-3.84590793880125e-05,1.1698301296504e-05,4.26696230624631e-06,3.62240028202048e-06
2022/08/09,0.000113067411275154,0.00017261186820848,-0.00011991767342006,-9.15385392335552e-05,-4.23789071436881e-05,1.09782623991923e-05,4.04752535555435e-06,3.75001419335492e-06
2022/08/10,-0.000159120749768763,-4.50380223547719e-07,-0.000160728010977804,-9.31941614233382e-05,-4.53526486965944e-05,1.01668322423054e-05,3.82797486233524e-06,3.87464026286642e-06
2022/08/11,0.000163381033098241,-0.000148723328664531,-0.000165225099532988,-9.15942335215647e-05,-4.73132537290972e-05,9.26106305916861e-06,3.6085097558864e-06,3.99628959569294e-06
2022/08/14,0.000277886099464176,-0.00021219614667165,-0.000132259325761297,-8.64888116335462e-05,-4.82926055215287e-05,8.25800708310754e-06,3.38932896550527e-06,4.11497329697244e-06
2022/08/15,0.00030581004089692,-0.000186777906477352,-6.47750622194498e-05,-7.8115988787457e-05,-4.83534646506809e-05,7.15471654744772e-06,3.17063142048926e-06,4.23070247184286e-06
2022/08/16,0.000147999231116658,-6.38876235811863e-05,1.59614466892308e-05,-6.68419481937773e-05,-4.75617393531354e-05,5.94975297277969e-06,2.9526160501358e-06,4.34348822544218e-06
2022/08/17,-0.000177130890989582,0.0001004494109847,8.40710564610634e-05,-5.30328730629872e-05,-4.59899231286848e-05,4.6482631429046e-06,2.73548178374231e-06,4.45334166290835e-06
2022/08/18,-0.000351924784163434,0.000182754358684357,0.000113674622592367,-3.70549466055669e-05,-4.37142112209894e-05,3.25909558549164e-06,2.51942755060622e-06,4.56027388937933e-06
2022/08/21,0.000323599225823961,6.93772246292041e-05,8.72683734172964e-05,-1.94131199480619e-05,-4.08113469878604e-05,1.79164694236064e-06,2.30465228002495e-06,4.66429600999308e-06
2022/08/22,-0.00027185418607341,-0.000121984131289228,2.08500286213504e-05,-1.1674158812793e-06,-3.73580737871089e-05,2.55313855331493e-07,2.09135490129592e-06,4.76541912988755e-06
2022/08/23,0.000205269172698264,2.99439637706453e-05,-5.6539269446359e-05,1.64833748879085e-05,-3.3431134976546e-05,-1.34050703377592e-06,1.87973434371656e-06,4.86365435420072e-06
2022/08/24,-0.000137818962646421,8.52514995212143e-05,-9.71861791336123e-05,3.2340461652629e-05,-2.91072739139829e-05,-2.98641908314178e-06,1.6699895365843e-06,4.95901278807053e-06
2022/08/25,8.35017276570314e-05,-8.75695753697848e-05,-6.41295547194013e-05,4.53092068421974e-05,-2.44632339572308e-05,-4.67302565094616e-06,1.46231940919655e-06,5.05150553663495e-06
2022/08/28,-5.12372109225183e-05,9.74333347519328e-06,1.46364111355462e-05,5.47115854306794e-05,-1.95757584641006e-05,-6.39093009536924e-06,1.25692289085074e-06,5.14114370503193e-06
2022/08/29,3.41423097307935e-06,0.000100023116166783,8.25998585983744e-05,5.99737255283282e-05,-1.45215907924037e-05,-8.13073577459112e-06,1.05399891084428e-06,5.22793839839944e-06
2022/08/30,5.46184753539046e-05,4.8012671361321e-05,9.41299982566891e-05,6.05217552453973e-05,-9.37747429995107e-06,-9.88304604679195e-06,8.53746398474636e-07,5.31190072187542e-06
2022/08/31,-8.21581606832113e-05,-5.07392518244535e-05,5.99420341094388e-05,5.60587049382401e-05,-4.22134490501048e-06,-1.16384642701519e-05,6.56364283039194e-07,5.39304178059785e-06
2022/09/01,0.000118354864371652,-6.62881836097646e-05,3.80375718724322e-06,4.73952139476121e-05,8.64091232323658e-07,-1.3387593802851e-05,4.62051493835381e-07,5.47137267970469e-06
2022/09/04,-0.000155485072094569,-1.22284104202517e-06,-5.02082233062027e-05,3.5618823860369e-05,5.79493539150037e-06,-1.51210380030694e-05,2.71006960160636e-07,5.54690452433388e-06
2022/09/05,0.000212828543967534,6.15668305112809e-05,-7.56791867323293e-05,2.18170762633666e-05,1.04872888519686e-05,-1.68294002289873e-05,8.34296113123712e-08,5.6196484196234e-06
2022/09/06,0.000213714686076727,3.70085939289428e-05,-5.45832860898711e-05,7.09489080831793e-06,1.48572528931775e-05,-1.85032838387849e-05,-1.00481623411984e-07,5.68961547071119e-06
2022/09/07,0.000133760403673857,-6.90347562462011e-05,-4.7882803616551e-06,-7.3733005936351e-06,1.88209287945759e-05,-2.01332921906421e-05,-2.80527814715008e-07,5.75681678273522e-06
2022/09/08,-5.98509600755167e-05,-0.000142900852516897,4.68646699734687e-05,-2.03956879664932e-05,2.22944178356129e-05,-2.17100286427392e-05,-4.56510033299274e-07,5.82126346083344e-06
2022/09/11,-0.000236160012786125,-5.06586450857135e-05,7.58105339891964e-05,-3.07804613342572e-05,2.51938212957375e-05,-2.32240965532564e-05,-6.28229349867362e-07,5.88296661014382e-06
2022/09/12,0.000225221878876621,0.000199611083809496,6.68350142621297e-05,-3.75820260136472e-05,2.74352404543987e-05,-2.46660992803736e-05,-7.95486835121843e-07,5.94193733580432e-06
2022/09/13,-0.000207884706060301,0.000190568515442112,1.49670060869402e-05,-4.0839648492261e-05,2.89347765910454e-05,-2.60266401822711e-05,-9.58083559765298e-07,5.99818674295289e-06
2022/09/14,8.53012293950102e-05,-6.47402407739606e-05,-5.65895719703984e-05,-4.0838810550416e-05,2.96094024909211e-05,-2.72971941229234e-05,-1.1158205945003e-06,6.05172593672749e-06
2022/09/15,0.000174060155880571,-0.000192372829182354,-0.000117648599349267,-3.78946377350747e-05,2.94096687964064e-05,-2.8473170056797e-05,-1.26849901002942e-06,6.10256602226609e-06
2022/09/18,-0.000167366312850353,-1.55796786249514e-06,-0.000143064395971193,-3.24408306597807e-05,2.84073649915141e-05,-2.95526407134093e-05,-1.41591987705525e-06,6.15071810470664e-06
2022/09/19,5.71805100360252e-06,0.000146475072870849,-0.000127824457223155,-2.49693201678647e-05,2.67043723942163e-05,-3.05341268895923e-05,-1.55788426628036e-06,6.1961932891871e-06
2022/09/20,0.000181723703896319,0.000137076762447702,-7.28042729549615e-05,-1.60863829552252e-05,2.44025723224855e-05,-3.14161493821776e-05,-1.6941932484073e-06,6.23900268084542e-06
2022/09/21,-1.71428134344199e-05,-2.16486507511548e-06,1.28165483536049e-05,-6.42688218090244e-06,2.16038460942939e-05,-3.21972289879973e-05,-1.82464789413867e-06,6.27915738481959e-06
2022/09/22,-0.000218102257445066,-9.4701878261967e-05,0.000103347161452266,3.37431899606339e-06,1.84100750276138e-05,-3.2875886503883e-05,-1.94904927417705e-06,6.31666850624753e-06
2022/09/25,0.000236939484817313,-2.05964829274585e-05,0.000179341963151651,1.2682357416632e-05,1.49231404404175e-05,-3.34506427266665e-05,-2.06719845922503e-06,6.35154715026723e-06
2022/09/26,4.79433845896225e-05,5.09615992876378e-05,0.000228410449998153,2.08623699217631e-05,1.12449236506772e-05,-3.39200184531797e-05,-2.17889651998515e-06,6.38380442201663e-06
2022/09/27,-0.000219865462518537,7.3482884094041e-05,0.000239328121946299,2.72794933524165e-05,7.47730597636532e-06,-3.42825344802544e-05,-2.28394452715999e-06,6.41345142663369e-06
2022/09/28,-0.000271277732406247,4.76761785338418e-05,0.000205367567401254,3.14393100428061e-05,3.72216873545402e-06,-3.45367116047223e-05,-2.38214355145215e-06,6.44049926925638e-06
2022/09/29,-0.000141545573972688,-2.37518344898791e-05,0.000137789728570723,3.34170094058964e-05,7.35681401825666e-08,-3.46810706234153e-05,-2.47329466356419e-06,6.46495905502264e-06
2022/10/02,0.00026601081455783,-5.38441959789037e-05,5.23526361130467e-05,3.34670222395816e-05,-3.4132354888856e-06,-3.47141323331652e-05,-2.5571989341987e-06,6.48684188907047e-06
2022/10/03,-0.000253536066098252,2.53091443875885e-05,-3.47217773645656e-05,3.18815863224635e-05,-6.72078881189447e-06,-3.463435845435e-05,-2.63371651051211e-06,6.50615887653778e-06
2022/10/04,0.000234925026523394,5.00574009555147e-05,-0.000107480234775271,2.89604349018877e-05,-9.83913395773165e-06,-3.4439974401532e-05,-2.70294384547644e-06,6.52292112256256e-06
2022/10/05,-0.000211272707750151,-3.56508688258287e-05,-0.000158440448128973,2.50033012251993e-05,-1.27583130552847e-05,-3.41291465128197e-05,-2.76503646851754e-06,6.53713973228275e-06
2022/10/06,-5.37639552351104e-05,-5.96578512548153e-05,-0.000183995743880482,2.0309918539744e-05,-1.54683682334412e-05,-3.37000411263216e-05,-2.8201499090613e-06,6.54882581083634e-06
2022/10/09,0.000112278410715196,-1.86184274239862e-05,-0.000182690657593687,1.51800200928669e-05,-1.79593416210887e-05,-3.31508245801463e-05,-2.86843969653357e-06,6.55799046336125e-06
2022/10/10,0.000125821752356425,3.87954586771643e-05,-0.000159882686588703,9.872815580891e-06,-2.02212753471149e-05,-3.24796632124023e-05,-2.91006136036024e-06,6.56464479499547e-06
2022/10/11,-9.83379416864277e-05,7.22376760922057e-05,-0.000122480605308372,4.48542049604898e-06,-2.22442115404072e-05,-3.16847233611981e-05,-2.94517042996715e-06,6.56879991087693e-06
2022/10/12,-3.76853414944312e-05,7.49043296230876e-05,-7.73526646445086e-05,-9.25573220449096e-07,-2.40181923298533e-05,-3.07641713646421e-05,-2.97392243478022e-06,6.57046691614362e-06
2022/10/13,5.63898825981871e-05,7.49738415115143e-05,-3.13671154889318e-05,-6.30357362739303e-06,-2.55332598443408e-05,-2.9716173560843e-05,-2.99647290422528e-06,6.56965691593348e-06
2022/10/16,-4.57942234636687e-05,7.75830013903082e-05,8.60779126654192e-06,-1.15919887835728e-05,-2.67794562127572e-05,-2.85388962879092e-05,-3.01297736772821e-06,6.56638101538447e-06
2022/10/17,4.33761443023449e-05,1.6380741025621e-05,3.68011847212079e-05,-1.67342267477781e-05,-2.77461893604821e-05,-2.72311400874572e-05,-3.0235913547149e-06,6.56065031963456e-06
2022/10/18,-2.45932696696011e-05,-3.27336864326493e-05,5.18317139388118e-05,-2.16736955787988e-05,-2.84203303988632e-05,-2.57942423151356e-05,-3.02847039461119e-06,6.55247593382169e-06
2022/10/19,-5.70997651360134e-05,-4.00515606659887e-05,5.3429946239516e-05,-2.63683416007291e-05,-2.87877211221931e-05,-2.42305696436476e-05,-3.02777001684298e-06,6.54186896308384e-06
2022/10/20,-5.35735296288996e-06,-1.00517805862124e-05,4.25713047341077e-05,-3.08342641988791e-05,-2.88319461062587e-05,-2.25447459642026e-05,-3.02164575083613e-06,6.52884051255896e-06
2022/10/23,7.92464395085546e-05,1.127535910729e-05,2.49925617163124e-05,-3.51021010238634e-05,-2.85334877560209e-05,-2.07444973388357e-05,-3.0102531260165e-06,6.51340168738501e-06
2022/10/24,-8.76750383459797e-05,-2.47061939462243e-06,8.19098102347411e-06,-3.92024897262962e-05,-2.78721517121214e-05,-1.88382265939014e-05,-2.99374767180998e-06,6.49556359269994e-06
2022/10/25,9.28477415070444e-05,1.28065491589442e-06,3.38482504962182e-07,-4.31660679567922e-05,-2.68277436152015e-05,-1.68343365557543e-05,-2.97229048767516e-06,6.47534290367446e-06
2022/10/26,1.37872924229019e-05,-2.44206943319635e-05,1.3829683123041e-06,-4.68783860478276e-05,-2.53800691059029e-05,-1.4741230050749e-05,-2.94606495320159e-06,6.4527785756102e-06
2022/10/27,-9.79497738991574e-05,-3.21665986452864e-05,1.57622346793051e-06,-4.96426606580753e-05,-2.35109182261193e-05,-1.25673099052401e-05,-2.91526001801155e-06,6.42791513384151e-06
2022/10/30,0.000101192149208072,3.47077807343015e-05,-4.6218340890242e-06,-5.06861429997145e-05,-2.12191002581405e-05,-1.03209789455822e-05,-2.88006463172731e-06,6.40079710370276e-06
2022/10/31,-0.000105846920652768,9.75726134897062e-05,-1.44698203247867e-05,-4.95408713984501e-05,-1.85432018188942e-05,-8.01063999812994e-06,-2.84066827655432e-06,6.3714695431115e-06
2022/11/01,0.000110773968726969,-3.43195736261014e-05,-2.31817725851302e-05,-4.59378848799507e-05,-1.55367567280565e-05,-5.64469588923786e-06,-2.79726256503067e-06,6.33997964031789e-06
2022/11/02,-4.39338801839694e-05,-0.000149119661797951,-2.48872595817632e-05,-4.01179832407299e-05,-1.22547651971436e-05,-3.23154944526058e-06,-2.75003964227763e-06,6.30637511615529e-06
2022/11/03,-0.000116815492446356,-6.83305967349725e-05,-1.65718473216233e-05,-3.24497730679725e-05,-8.7522274376718e-06,-7.79603492552683e-07,-2.69919165341647e-06,6.27070369145706e-06
2022/11/06,0.000117787558538462,0.000150781417005149,-7.72955962663025e-06,-2.33018609488633e-05,-5.08414366115766e-06,1.70273914253122e-06,-2.64491074356845e-06,6.23301308705655e-06
2022/11/07,-0.000120434489220129,8.90401789967734e-05,-7.75827628519747e-06,-1.30428534705871e-05,-1.3055140791175e-06,4.20707563363654e-06,-2.58738905785481e-06,6.1933510237871e-06
2022/11/08,4.80807867031649e-05,-8.91381687487086e-05,-1.31628431367336e-05,-2.04135722032895e-06,2.52866109693242e-06,6.72500315440868e-06,-2.52681874139685e-06,6.15176522248207e-06
2022/11/09,0.000152016526762379,-0.000107179938305522,-1.72248475333961e-05,9.33402121472649e-06,6.36338165547565e-06,9.24811887849302e-06,-2.46339193931579e-06,6.10830340397481e-06
2022/11/10,-0.000190563492220134,0.000104925650157475,-1.18584625996466e-05,2.07146752473943e-05,1.01436473849958e-05,1.1768019979535e-05,-2.39730079673294e-06,6.06301328909867e-06
2022/11/13,-0.000126949838590355,6.18442419510619e-05,1.20758397839116e-05,3.17319982904896e-05,1.38144580739767e-05,1.427630363118e-05,-2.32873745876953e-06,6.01594259868701e-06
2022/11/14,0.000310053230845007,-0.000111655861103651,4.74211792966728e-05,4.20173837568276e-05,1.73208135109017e-05,1.67645670070734e-05,-2.25789407054684e-06,5.96713905357317e-06
2022/11/15,6.67733243516146e-05,-0.00015481721852885,8.33675727511337e-05,5.12022250592236e-05,2.06077134842546e-05,1.92244072808607e-05,-2.18496277718613e-06,5.9166503745905e-06
2022/11/16,-0.000152380898621489,-6.15540106176901e-05,0.000111916420741224,5.89179156104924e-05,2.36201577825191e-05,2.16474216261872e-05,-2.11013572380865e-06,5.86452428257236e-06
2022/11/17,-0.000492369974186577,0.000111451779963954,0.000124871866986206,6.47958488234494e-05,2.63031461941788e-05,2.40252072166983e-05,-2.03360505553568e-06,5.81080849835209e-06
2022/11/20,0.000521200785826375,0.000209015116721375,0.000113711213133093,6.85542327644868e-05,2.86016785077172e-05,2.63493612260395e-05,-1.95556291748848e-06,5.75555074276306e-06
2022/11/21,-0.000522579378821679,-6.43419249573397e-05,7.37294319846226e-05,7.02585341143047e-05,3.04607545116179e-05,2.86114808278562e-05,-1.87620145478831e-06,5.6987987366386e-06
2022/11/22,0.000496033104486301,-0.000205085240982527,1.67944007700868e-05,7.00577500014011e-05,3.18286582001439e-05,3.08031631957936e-05,-1.79571281255642e-06,5.64060020081208e-06
2022/11/23,-0.000207909282506294,-2.89669338021795e-05,-4.17579307696715e-05,6.80772200936971e-05,3.26773310281347e-05,3.29160055034974e-05,-1.71428913591411e-06,5.58100285611684e-06
2022/11/24,-0.000383424995711086,0.000166837883627122,-8.93790419277374e-05,6.43951643342463e-05,3.30258341752977e-05,3.49416049246127e-05,-1.63212256998261e-06,5.52005442338624e-06
2022/11/27,0.000125189464851794,0.000104170846981525,-0.00011636949766262,5.90722701516576e-05,3.29106173052868e-05,3.68717026632831e-05,-1.54940525988318e-06,5.45780262345361e-06
2022/11/28,0.000245968603447878,-5.41454617593602e-05,-0.000121638776560602,5.21674720052941e-05,3.23689026435492e-05,3.86990203311041e-05,-1.46632935073712e-06,5.39429517715233e-06
2022/11/29,-0.000186288484412573,-8.8399626346335e-05,-0.000106291555290761,4.37826740303749e-05,3.14358232265086e-05,4.04183687286953e-05,-1.38308698766565e-06,5.32957980531574e-06
2022/11/30,-0.000112890563267187,-4.24631625419575e-05,-7.2524855645382e-05,3.41916590655423e-05,3.01447957383961e-05,4.20262750088687e-05,-1.29987031579005e-06,5.26370422877718e-06
2022/12/01,-2.76390234101325e-05,1.8506213060824e-05,-2.62605347717167e-05,2.37111796252944e-05,2.85282713760221e-05,4.35202318118569e-05,-1.2168714802316e-06,5.19671616837002e-06
2022/12/04,7.60775110429063e-05,4.15435643688192e-05,2.56590837632025e-05,1.26579882241294e-05,2.6616151453247e-05,4.49002816608426e-05,-1.13428262611155e-06,5.1286633449276e-06
2022/12/05,-6.09042637871022e-05,-2.22190741741111e-06,7.5522145505095e-05,1.34883737654543e-06,2.44376998131934e-05,4.61671045497461e-05,-1.05229589855116e-06,5.05959347928327e-06
2022/12/06,5.43876935008081e-05,-4.4419831906409e-05,0.000112138672450686,-9.89952040295924e-06,2.20221802989842e-05,4.73213804724878e-05,-9.71103442671691e-07,4.98955429227038e-06
2022/12/07,1.77392143357106e-05,-1.4471482368176e-05,0.000125878156608676,-2.07703325998865e-05,1.93988567537421e-05,4.8363789422988e-05,-8.90897403594416e-07,4.91859350472229e-06
2022/12/08,-2.77518791176295e-05,5.23881171367616e-05,0.000116868563834304,-3.09893169493927e-05,1.65969930205899e-05,4.92950113951671e-05,-8.11869926440599e-07,4.84675883747235e-06
2022/12/11,-6.68670793529424e-05,7.50468597362139e-05,8.86068992134712e-05,-4.04520721852526e-05,1.36458529426503e-05,5.01157263829452e-05,-7.3421315633148e-07,4.77409801135391e-06
2022/12/12,7.55771089061206e-05,2.72428284172896e-06,4.82650324107458e-05,-4.90966672908951e-05,1.0574700363046e-05,5.08266143802427e-05,-6.58119238388359e-07,4.70065874720032e-06
2022/12/13,-8.3813666574228e-05,-7.8050441776849e-05,5.9920504144502e-06,-5.68611712497495e-05,7.41279912489981e-06,5.142835538098e-05,-5.83780317732458e-07,4.62648876584493e-06
2022/12/14,7.10312265404774e-05,-6.55298585556657e-05,-2.93037558224806e-05,-6.36836530452449e-05,4.18941307133458e-06,5.19216293790774e-05,-5.11385458342244e-07,4.55163270697826e-06
2022/12/15,9.37642718653788e-05,-9.34462191902435e-07,-5.6790785175665e-05,-6.95021816608105e-05,9.33806045472858e-07,5.23071163684552e-05,-4.41111399624819e-07,4.47612288571951e-06
2022/12/18,-9.32343314294906e-05,4.26211565109676e-05,-8.10557803381195e-05,-7.42548260798755e-05,-2.32475810956237e-06,5.25854963430337e-05,-3.73131799844462e-07,4.39998853604505e-06
2022/12/19,8.80994323614938e-05,1.71931465749596e-05,-0.00010654971642855,-7.78796552858688e-05,-5.55701555064854e-06,5.27574492967332e-05,-3.07620317265437e-07,4.32325889193125e-06
2022/12/20,-7.87412121770638e-05,-2.6693850285646e-05,-0.000133554715484145,-8.03147382622199e-05,-8.73370243466272e-06,5.28236552234741e-05,-2.44750610152038e-07,4.24596318735447e-06
2022/12/21,6.66090666941332e-05,1.97875465394899e-05,-0.000158467339199125,-8.14981439923577e-05,-1.18255549184824e-05,5.27847863923359e-05,-1.84688611927858e-07,4.16813065629107e-06
2022/12/22,-5.38859164932125e-05,4.42554428489478e-05,-0.000166310760977357,-8.13679414597115e-05,-1.48033091589846e-05,5.26414548479325e-05,-1.27540031550626e-07,4.08979053271744e-06
2022/12/26,4.29245045693367e-05,-2.87466748417449e-05,-0.000143184977557268,-7.98945036235956e-05,-1.76395882456059e-05,5.2394147609624e-05,-7.32855527245522e-08,4.01097205060993e-06
2022/12/27,-3.57148323810104e-05,-8.22218117700729e-05,-9.08706673058665e-05,-7.71769084445633e-05,-2.03150739003218e-05,5.20433223716676e-05,-2.18765340506508e-08,3.93170444394492e-06
2022/12/28,3.35276333263976e-05,-8.38772241509566e-05,-1.7493565165095e-05,-7.33440126218663e-05,-2.28148600148539e-05,5.15894368283203e-05,2.67356658700694e-08,3.85201694669876e-06
2022/12/29,-3.67344232296233e-05,-5.57211751841033e-06,5.91210492519702e-05,-6.85222354405382e-05,-2.51264778951418e-05,5.10329486738392e-05,7.25996884365753e-08,3.77193879284783e-06
2023/01/02,4.47560798715835e-05,0.000105569732613227,0.000118723010164469,-6.28375145576338e-05,-2.7237940475104e-05,5.03743156024812e-05,1.15764175047859e-07,3.6914992163685e-06
2023/01/03,-5.61565352201281e-05,0.000101622690009097,0.000143436420962482,-5.64157876302078e-05,-2.9137260688659e-05,4.96139953085035e-05,1.56277767102912e-07,3.61072745123714e-06
2023/01/04,6.89660482362468e-05,-1.34734203302742e-05,0.000128143039726836,-4.93573767411343e-05,-3.08124514697256e-05,4.87524454861631e-05,1.9418910600072e-07,3.5296527314301e-06
2023/01/05,-5.26833624087659e-05,-6.76839217178015e-05,8.31412057371771e-05,-4.16601416765656e-05,-3.22515257522221e-05,4.77901238297171e-05,2.29546833140235e-07,3.44830429092376e-06
2023/01/08,-9.1244665914969e-05,-2.70892860808913e-05,2.2689161855377e-05,-3.3296326648473e-05,-3.34424964700673e-05,4.67274880334226e-05,2.62399589920465e-07,3.36671136369448e-06
2023/01/09,9.7672084862318e-05,4.50735007287279e-05,-3.47170251537622e-05,-2.42381758688282e-05,-3.43733765571795e-05,4.55649957915364e-05,2.9279601774041e-07,3.28490318371865e-06
2023/01/10,3.19432213396755e-05,3.56062198406819e-05,-6.90227673812354e-05,-1.44579335496028e-05,-3.50321789474775e-05,4.43031047983158e-05,3.20784757999034e-07,3.2029089849726e-06
2023/01/11,-9.85730448185119e-05,-1.96449534501802e-05,-7.83445186708525e-05,-3.92784390276845e-06,-3.54069165748798e-05,4.29422727480178e-05,3.46414452095305e-07,3.12075800143273e-06
2023/01/12,-9.72945544070421e-05,-4.53911122828359e-05,-6.56317403637396e-05,7.3099655183395e-06,-3.54856023733049e-05,4.14829573348994e-05,3.69736173832412e-07,3.03847703467122e-06
2023/01/15,8.73628728467309e-05,-3.36280767566476e-06,-3.58400756218164e-05,1.89338337949297e-05,-3.52563081856716e-05,3.99256751622179e-05,3.90810726630218e-07,2.95608315664354e-06
2023/01/16,6.70337945461232e-05,4.62009010369478e-05,-2.99814501063565e-06,3.0552216666847e-05,-3.47075886713019e-05,3.82714256496338e-05,4.09701346312801e-07,2.87359100690098e-06
2023/01/17,-7.14198253283485e-05,4.11445566458979e-05,1.84910494443553e-05,4.17735698739364e-05,-3.38290461201295e-05,3.65222558474191e-05,4.26471268704195e-07,2.79101522499484e-06
2023/01/18,3.68386622290591e-05,-1.76375390166145e-05,2.3453012339126e-05,5.22063491560425e-05,-3.26107715861358e-05,3.46807015698939e-05,4.41183729628473e-07,2.70837045047641e-06
2023/01/19,5.88832950423364e-05,-3.92470947941349e-05,1.49572688599956e-05,6.14590102530103e-05,-3.10438224578815e-05,3.27502649659574e-05,4.53901964909664e-07,2.62567132289699e-06
2023/01/22,-5.60869916488559e-05,3.11499439017777e-05,-8.55043788082702e-07,6.90704753118011e-05,-2.91194977075725e-05,3.07346897681538e-05,4.64689210371865e-07,2.54293248180787e-06
2023/01/23,-4.35749613407313e-05,5.90447637488807e-05,-1.18890271896149e-05,7.43015321078419e-05,-2.68296767543638e-05,2.86383001559769e-05,4.73608701839101e-07,2.46016856676035e-06
2023/01/24,5.90040890154079e-05,-2.95274339327961e-06,-8.0732832953992e-06,7.64886677598374e-05,-2.41685608052089e-05,2.64677420967182e-05,4.80723675135451e-07,2.37739421730572e-06
2023/01/25,-3.14847261984739e-05,-0.000122647781672882,6.61582326805592e-06,7.55530082144058e-05,-2.11346385972797e-05,2.42302420046191e-05,4.86097366084952e-07,2.29462407299528e-06
2023/01/26,-7.13885500194427e-05,-0.000139833450648981,2.46899872053144e-05,7.15822038996493e-05,-1.7747690413071e-05,2.19330262939207e-05,4.89793010511674e-07,2.21187277338031e-06
2023/01/29,7.97872280252683e-05,4.54170150595639e-05,3.87948932717094e-05,6.4693465175917e-05,-1.40570564673248e-05,1.95833213788643e-05,4.91873844239667e-07,2.12915495801212e-06
2023/01/30,-8.83813123367828e-05,0.000194271289603926,4.20335819112446e-05,5.50890701302076e-05,-1.01185401870276e-05,1.71883536736911e-05,4.92403103093006e-07,2.046485266442e-06
2023/01/31,9.57018280276266e-05,0.000168027082663191,2.94371952166791e-05,4.32857149071388e-05,-5.98794499916583e-06,1.47553495926423e-05,4.91444022895715e-07,1.96387833822124e-06
2023/02/01,4.7026028287166e-05,0.000134539956737038,4.39238938878854e-06,2.98787001657335e-05,-1.7210743307259e-06,1.22915355499591e-05,4.89059839471874e-07,1.88134881290114e-06
2023/02/02,-3.30922848450307e-05,0.000126707457055446,-2.76056497160462e-05,1.54633265650145e-05,2.62626839130569e-06,9.80413795988271e-06,4.8531378864554e-07,1.79891133003299e-06
2023/02/05,-9.87058944544713e-05,0.000119334758193363,-6.1061736241444e-05,6.34894764004335e-07,6.99827973994249e-06,7.30038323665442e-06,4.80269106240762e-07,1.71658052916809e-06
2023/02/06,9.11669518490633e-05,6.10512574370746e-05,-9.04806843310239e-05,-1.40112945782741e-05,1.13391562881981e-05,4.7874977945154e-06,4.73989028081597e-07,1.63437104985772e-06
2023/02/07,-1.83418071817799e-05,-9.74371051464013e-05,-0.000110367308128405,-2.7879940802798e-05,1.55930946090859e-05,2.27270804770688e-06,4.66536789992106e-07,1.5522975316532e-06
2023/02/08,-6.99511566096679e-05,-0.000198624165192972,-0.000115226421777206,-4.03757432505449e-05,1.97042912756196e-05,-2.36759589529949e-07,4.57975627796355e-07,1.4703746141058e-06
2023/02/09,6.37179285638619e-05,-0.000125857596446533,-0.000101204415711407,-5.09944233748607e-05,2.36169428608127e-05,-2.73367870295382e-06,4.48368777318371e-07,1.38861693676682e-06
2023/02/12,-6.62751422132149e-05,-8.63014950273533e-05,-7.10139855264365e-05,-5.95957910785673e-05,2.72752459376787e-05,-5.21082287832355e-06,4.37779474382246e-07,1.30703913918757e-06
2023/02/13,8.06729018723851e-05,-7.51241487009888e-05,-2.90094031080829e-05,-6.61306783768554e-05,3.06233970792311e-05,-7.66096570139792e-06,4.26270954812011e-07,1.22565586091932e-06
2023/02/14,-0.000105776169624703,8.87606690988458e-05,2.04550596578648e-05,-7.05499172849158e-05,3.36055928584835e-05,-1.00768807579357e-05,4.13906454431737e-07,1.14448174151339e-06
2023/02/15,-6.73169536517581e-05,9.42429476016263e-05,7.30251308856174e-05,-7.2805699848801e-05,3.61673898793112e-05,-1.24513416336957e-05,4.00749209065483e-07,1.06353142052105e-06
2023/02/16,0.000163035333173544,-2.2385083749277e-05,0.000121554302396997,-7.28621706050852e-05,3.82666770419987e-05,-1.4777501720324e-05,3.86862454537296e-07,9.8281953749361e-07
2023/02/19,-0.000179436676399266,-6.92174134829011e-05,0.00014772712084427,-7.0713868483005e-05,3.98932568630422e-05,-1.70500336330165e-05,3.72309426671242e-07,9.0236073198236e-07
2023/02/20,0.000180335638278219,6.06142108701057e-05,0.000133278242558918,-6.64238118189129e-05,4.10557636058908e-05,-1.92639897928563e-05,3.57153361291363e-07,8.22169643538595e-07
2023/02/21,6.31218185807989e-05,4.00958049823041e-05,7.58755435095177e-05,-6.02581137068619e-05,4.17660886382363e-05,-2.14146948316724e-05,3.41457494221727e-07,7.42260911713609e-07
2023/02/22,-0.000143272672920796,-4.24366890722631e-05,-5.71541136107233e-06,-5.2532914706956e-05,4.20374012691948e-05,-2.34987513227177e-05,3.25285061286398e-07,6.62649176058696e-07
2023/02/23,6.71998784412973e-05,-1.89863771446034e-05,-8.87208758366366e-05,-4.3564355379299e-05,4.1884137925193e-05,-2.55140289565558e-05,3.08699298309418e-07,5.83349076125151e-07
2023/02/26,9.24493282703836e-05,3.54725043154924e-05,-0.000153685343277012,-3.36685762839948e-05,4.13218781823064e-05,-2.74595405733991e-05,2.91763441114853e-07,5.04375251464267e-07
2023/02/27,-7.81656891879486e-05,5.90019755589272e-06,-0.000190408591945992,-2.31617179811471e-05,4.03664401294126e-05,-2.93345375262622e-05,2.74540725526753e-07,4.25742341627341e-07
2023/02/28,7.81964077896706e-05,-6.05971368426709e-05,-0.000207054596811948,-1.23599210308601e-05,3.90336418553891e-05,-3.11382711681597e-05,2.57094387369189e-07,3.47464986165665e-07
2023/03/01,-9.34072148194216e-05,7.54771721594245e-05,-0.000214832289280184,-1.57932599323743e-06,3.73393014491137e-05,-3.28699928521061e-05,2.39487662466198e-07,2.69557824630535e-07
2023/03/02,0.000120859198361244,6.27572451774342e-05,-0.000218447167100486,8.89855216495508e-06,3.52992369994638e-05,-3.45289539311159e-05,2.21783786641841e-07,1.92035496573245e-07
2023/03/05,-0.000155801215537052,-7.57087477494174e-05,-0.000213418819937831,1.89307008503044e-05,3.29292665953173e-05,-3.61144057582037e-05,2.04045995720203e-07,1.14912641545089e-07
2023/03/06,0.000109040424173351,-4.08354393367754e-05,-0.000188237734574138,2.84087330627356e-05,3.02452083255515e-05,-3.7625599686384e-05,1.86337525525301e-07,3.82038990973601e-08
2023/03/07,0.000229887084395529,4.42847132286367e-05,-0.000142761473226699,3.72242618021738e-05,2.72628802790443e-05,-3.90617870686715e-05,1.68721611881224e-07,-3.80760912186447e-08
2023/03/08,-0.000137385828717862,6.1531450393802e-06,-8.13974481271151e-05,4.52689000685441e-05,2.39981005446731e-05,-4.04222192580805e-05,1.51261490612001e-07,-1.13912689851632e-07
2023/03/09,-0.000281850354740205,-4.04158802755433e-05,-1.31304128284469e-05,5.24342608617715e-05,2.04666872113156e-05,-4.17061476076258e-05,1.34020397541706e-07,-1.89291257250309e-07
2023/03/12,0.000289111499482784,3.26635068123445e-05,5.52897281597166e-05,5.86119571817811e-05,1.66844583678494e-05,-4.29128234703218e-05,1.17061568494385e-07,-2.64197153863377e-07
2023/03/13,-0.000278460974005338,9.55740110187981e-05,0.00013062980782314,6.36930037573581e-05,1.26678303742922e-05,-4.4041498199183e-05,1.00448239294112e-07,-3.38615740139548e-07
2023/03/14,0.000248115223886031,-3.11595588637702e-05,0.00021773670573519,6.75660222327272e-05,8.43561267522178e-06,-4.50914231472241e-05,8.42436457649421e-08,-4.12532376527522e-07
2023/03/15,0.000138154529107418,-0.000166747937847465,0.000300260750324282,7.01190359809733e-05,4.00721298635609e-06,-4.60618496674597e-05,6.85110237309188e-08,-4.85932423476007e-07
2023/03/16,-0.000148544376559963,-9.39499185625065e-05,0.000354029882008159,7.12359374530646e-05,-5.93830054470381e-07,-4.69520291129041e-05,5.33136090160927e-08,-5.58801241433708e-07
2023/03/19,9.95422739026448e-05,0.000210409511775258,0.000344751101237039,7.08103511931749e-05,-5.32577083283424e-06,-4.7761212836572e-05,3.87146374445379e-08,-6.31124190849329e-07
2023/03/20,-4.70526290651815e-05,0.000208174211884268,0.000244065317837635,6.88367939500527e-05,-1.01359996597079e-05,-4.84886521914779e-05,2.47773448403182e-08,-7.02886632171581e-07
2023/03/21,-6.66814207777712e-05,-5.46181032057579e-05,6.51037298493682e-05,6.5336038254119e-05,-1.49702235579419e-05,-4.91335985306365e-05,1.15649670274662e-08,-7.74073925849166e-07
2023/03/22,-0.000134375905644007,-0.000247274438827111,-0.000141463293759889,6.03288566357947e-05,-1.97741495503866e-05,-4.96953032070621e-05,-8.59260169941582e-10,-8.44671432330788e-07
2023/03/23,0.000261269275919694,-3.67796476670927e-05,-0.000315206036992692,5.3836021625501e-05,-2.44934846598925e-05,-5.01730175737695e-05,-1.24321009278558e-08,-9.14664512065154e-07
2023/03/26,-0.000459019708462709,0.0004264877563909,-0.00038562765078166,4.58783057536589e-05,-2.90739359093101e-05,-5.0565992983773e-05,-2.30903194222234e-08,-9.84038525500971e-07
2023/03/27,-2.77258604310075e-06,-4.52002286786179e-05,-0.000304220056440586,3.65162621495613e-05,-3.34612103214899e-05,-5.08734807900874e-05,-3.27706798289896e-08,-1.05277883308694e-06
2023/03/28,0.000984296852912413,-0.000777223456443023,-0.000120497389877899,2.59695663379895e-05,-3.76010149192824e-05,-5.1094732345727e-05,-4.14099463240746e-08,-1.12087079527178e-06
2023/03/29,0.000777468852767636,-0.000715959000797917,9.37865314441232e-05,1.44976744425965e-05,-4.14390567255379e-05,-5.12289990037066e-05,-4.89448830834496e-08,-1.18829977250418e-06
2023/03/30,-0.00147007119138952,0.000294828097855389,0.000275941378442437,2.36004258703556e-06,-4.4921042763107e-05,-5.12755321170405e-05,-5.53122542830546e-08,-1.25505112523285e-06
2023/04/02,0.00161998605723004,0.00129232767199522,0.000365542694128805,-1.01838731050403e-05,-4.79926800548402e-05,-5.12335770128061e-05,-6.04548500361793e-08,-1.3211102139065e-06
2023/04/03,-0.00168222342258543,0.000718665259084162,0.000321838103892868,-2.28064963083351e-05,-5.0599675623588e-05,-5.11023473938409e-05,-6.43467558530914e-08,-1.38646272781645e-06
2023/04/04,0.000484249227376146,-0.00036825236083315,0.000182763562635763,-3.4907769890982e-05,-5.26877364922008e-05,-5.08810208550846e-05,-6.69968497715147e-08,-1.45109567162451e-06
2023/04/05,0.00156833244846587,-0.00117164377703297,5.92710763650626e-06,-4.58195165194711e-05,-5.42025696835291e-05,-5.05687674709867e-05,-6.84212014767133e-08,-1.51499637883512e-06
2023/04/09,0.001542556551758,-0.00125878798838818,-0.000151063223825889,-5.48735588602928e-05,-5.50898822204234e-05,-5.01647573159967e-05,-6.86358806539524e-08,-1.57815218295268e-06
2023/04/10,0.00098160092389909,-0.000658662072689534,-0.000241001472466736,-6.14017195799372e-05,-5.529463306976e-05,-4.96689085205381e-05,-6.76569569884778e-08,-1.64055041748163e-06
2023/04/11,-2.90715562422331e-05,0.000211574505592388,-0.000258289990978663,-6.47358213448948e-05,-5.47587527954732e-05,-4.90841676179771e-05,-6.55005001655146e-08,-1.70217841592639e-06
2023/04/12,-0.000819274870105019,0.00073902216717685,-0.000207549129673579,-6.43715676008435e-05,-5.34434787851965e-05,-4.84143739138399e-05,-6.21825798703427e-08,-1.7630235117914e-06
2023/04/13,-0.000211746003582212,0.000503669930050124,-0.00010012721939158,-6.04601849102127e-05,-5.13908106309584e-05,-4.76634028926996e-05,-5.77192657882126e-08,-1.82307303858108e-06
2023/04/16,0.000429265363202418,-1.11480662797953e-05,2.29542812887631e-05,-5.33167806146197e-05,-4.86629475206476e-05,-4.68351300391289e-05,-5.21266276043809e-08,-1.88231432979985e-06
2023/04/17,0.000183359383274997,-0.000238742624745778,0.0001132096117605,-4.32564620556813e-05,-4.53220886421527e-05,-4.59334308377008e-05,-4.54207350040926e-08,-1.94073471895214e-06
2023/04/18,-0.000152125716518711,-0.000194447778419615,0.000134251350270433,-3.05943365750148e-05,-4.14304331833623e-05,-4.49621807729883e-05,-3.76176576726014e-08,-1.99832153954238e-06
2023/04/19,-0.000116501103953817,-6.06021312420774e-05,9.82553290302574e-05,-1.58154100641114e-05,-3.7050180332165e-05,-4.39252553295641e-05,-2.87334652951753e-08,-2.05506212507499e-06
2023/04/20,-0.000104056510427441,6.13972311508197e-05,3.01753133049163e-05,-8.42826139587224e-08,-3.22435292764495e-05,-4.28265299920014e-05,-1.87842275570349e-08,-2.1109438090544e-06
2023/04/23,-6.52187562933266e-05,6.86017520664766e-05,-4.35886492877603e-05,1.52645471345818e-05,-2.70726792041043e-05,-4.16698802448729e-05,-7.7860141434709e-09,-2.16595392498503e-06
2023/04/24,-3.00332537357985e-05,-8.69920822252029e-05,-9.15309759178972e-05,2.88965805406484e-05,-2.15998293030182e-05,-4.04591815727515e-05,4.24510526029781e-09,-2.22007980637132e-06
2023/04/25,7.56039980710395e-05,-5.83897141273974e-05,-8.88254428165263e-05,3.96930380430041e-05,-1.58871787610796e-05,-3.91983094602103e-05,1.72930609689746e-08,-2.27330878671769e-06
2023/04/26,-0.000156711998761042,0.000148174551557431,-4.24687976703526e-05,4.73980163989089e-05,-9.99692676617743e-06,-3.7891139391822e-05,3.13417832973434e-08,-2.32562819952856e-06
2023/04/27,0.000333090148530679,-2.49142640562995e-05,2.97783635433816e-05,5.19713314452476e-05,-3.99127250620006e-06,-3.65415468521596e-05,4.6375202560135e-08,-2.37702537830836e-06
2023/04/30,0.000369749103887254,-0.000231169932236953,9.89230231409596e-05,5.33727990189049e-05,2.06758483096378e-06,-3.51534073257961e-05,6.23772490721024e-08,-2.42748765656152e-06
2023/05/01,-9.87383168546402e-05,-0.000242468867951797,0.000137595865465752,5.15592683841265e-05,8.1204126300643e-06,-3.37305962973043e-05,7.9331853148e-08,-2.47700236779247e-06
2023/05/02,-0.000550568263893536,-7.37947428854157e-06,0.000136712911173648,4.64762805606698e-05,1.41192865203402e-05,-3.22769892512571e-05,9.72229451025501e-08,-2.52555684550562e-06
2023/05/03,0.000589266867974311,0.000286885277111148,9.36879705408932e-05,3.82370538564728e-05,2.0015048666975e-05,-3.07964616722274e-05,1.16034455250515e-07,-2.57313842320541e-06
2023/05/04,-0.000580131714340772,-6.32216587756454e-06,1.20673280890164e-05,2.76290113317538e-05,2.57501117793743e-05,-2.92928890447883e-05,1.35750313906653e-07,-2.61973443439627e-06
2023/05/07,-2.83584995997862e-06,-0.000288784882022767,-7.9808603308211e-05,1.5607987723284e-05,3.12649207145161e-05,-2.77701468535125e-05,1.56354451385691e-07,-2.66533221258261e-06
2023/05/08,0.000444041725952132,-0.000268971235529032,-0.000148131245182268,3.12981776783501e-06,3.64999203293784e-05,-2.6232110582973e-05,1.77830798002373e-07,-2.70991909126887e-06
2023/05/09,5.56086595587116e-05,5.36297340603029e-05,-0.000166919728032169,-8.8496637978219e-06,4.13955554809391e-05,-2.46826557177427e-05,2.00163284071464e-07,-2.75348240395947e-06
2023/05/10,-0.000244310812732682,0.000221737574871003,-0.000129817220571794,-1.94817581520819e-05,4.58922710261763e-05,-2.31256577423945e-05,2.23335839907705e-07,-2.79600948415884e-06
2023/05/11,0.000157072891976059,-5.99394027793099e-05,-4.23602851470678e-05,-2.83463101340068e-05,4.99305118220678e-05,-2.15649921415014e-05,2.47332395825827e-07,-2.8374876653714e-06
2023/05/14,8.64299524678022e-05,-0.000172870524255113,5.96930993210748e-05,-3.51303004978249e-05,5.34507227255916e-05,-2.00045343996362e-05,2.72136882140602e-07,-2.87790428110159e-06
2023/05/15,-5.04753672480367e-05,-2.63547085596588e-05,0.000137067332733536,-3.95269901631788e-05,5.63996287591401e-05,-1.84481600013718e-05,2.97733229166761e-07,-2.91724666485382e-06
2023/05/16,3.41022049990621e-05,0.000132936013993579,0.000166744882768736,-4.12547607113684e-05,5.87490756067624e-05,-1.68997444312812e-05,3.2410536721905e-07,-2.95550215013253e-06
2023/05/17,-4.46343065940853e-05,7.77625143934635e-05,0.000136917877156012,-4.01671910834946e-05,6.0488136606413e-05,-1.53631631739372e-05,3.5123722661222e-07,-2.99265807044214e-06
2023/05/18,-6.25818985816471e-05,-5.70219309271997e-05,6.43590160508542e-05,-3.66335289982073e-05,6.16496750500097e-05,-1.38422917139129e-05,3.79112737661014e-07,-3.02870175928707e-06
2023/05/21,-4.05241866757432e-05,-9.07143542342688e-05,-2.70138572847072e-05,-3.11519393685433e-05,6.22775017179611e-05,-1.2341005535781e-05,4.07715830680187e-07,-3.06362055017175e-06
2023/05/22,0.000141032985196546,-2.93673147307143e-05,-0.000113283476864064,-2.42205871075395e-05,6.24154273906758e-05,-1.08631801241146e-05,4.37030435984475e-07,-3.09740177660062e-06
2023/05/23,1.44232422813648e-05,7.06299565573636e-05,-0.000171617212669142,-1.63376371282328e-05,6.21070661835866e-05,-9.41249429851055e-06,4.67040483888629e-07,-3.13003277207809e-06
2023/05/24,-0.000236141653004955,0.000111479718873636,-0.000183512319424673,-8.00125434366022e-06,6.13949150345339e-05,-7.99150970097354e-06,4.97729904707406e-07,-3.16150087010859e-06
2023/05/25,-9.88378658968394e-05,2.26253680204146e-05,-0.000138565416145117,3.22655946000724e-07,6.03199521456275e-05,-6.60126923777769e-06,5.29085814689128e-07,-3.19179659013014e-06
2023/05/28,0.000108077702522069,-0.000114201119279841,-5.44412715364315e-05,8.29722689200947e-06,5.89226898962814e-05,-5.24234999250126e-06,5.61108073816529e-07,-3.22092319531514e-06
2023/05/29,0.000355887815708535,-0.000179689520286102,4.46722074840148e-05,1.56178512584846e-05,5.72430994458814e-05,-3.91478782869427e-06,5.93799728005909e-07,-3.24888713476959e-06
2023/05/30,7.32706958980704e-05,-9.55814828363213e-05,0.000136234102411003,2.1979921809545e-05,5.5321016648806e-05,-2.61848330489964e-06,6.27163823173588e-07,-3.27569485759947e-06
2023/05/31,-0.00015438727286547,5.9582351087632e-05,0.000196882960215897,2.70788313093092e-05,5.3196277359434e-05,-1.35333697966027e-06,6.61203405235884e-07,-3.30135281291078e-06
2023/06/01,-0.000389547510112798,0.000168185065770779,0.000202928719436338,3.06099725218959e-05,5.0908717432144e-05,-1.1924941151906e-07,6.95921520109089e-07,-3.32586744980951e-06
2023/06/04,0.000371924014205862,0.000121572473466682,0.000140605601533999,3.23502775764887e-05,4.84981727213147e-05,1.08387884098103e-06,7.31321213709544e-07,-3.34924521740165e-06
2023/06/05,-0.000338808708348366,-5.3635565766924e-05,3.58449596666839e-05,3.24072047555782e-05,4.60001103882773e-05,2.25614721929709e-06,7.67405531953556e-07,-3.3714925647932e-06
2023/06/06,-0.000153503277624346,-5.11859409169224e-05,-7.54975700837717e-05,3.09877278586493e-05,4.34320214424334e-05,3.39765516488624e-06,8.04177520757419e-07,-3.39261594109014e-06
2023/06/07,0.000242582853646661,2.6574091863197e-05,-0.000157630931471487,2.83051948971935e-05,4.08050226811781e-05,4.50850211920558e-06,8.4164022603745e-07,-3.41262179539847e-06
2023/06/08,-0.000192096760304141,7.41269619378194e-06,-0.000184937512601255,2.45734552624426e-05,3.81297295221666e-05,5.58878752371213e-06,8.79796693709974e-07,-3.43151657682419e-06
2023/06/11,0.00014916155663798,-2.88637033428652e-05,-0.000171300900835873,2.00015755527232e-05,3.54167573830542e-05,6.63861081986303e-06,9.18649969691298e-07,-3.44930673447328e-06
2023/06/12,-0.000119148490923816,3.77263468174208e-05,-0.000140181077388367,1.47794911947441e-05,3.2676721681496e-05,7.65807144911537e-06,9.5820309989773e-07,-3.46599871745173e-06
2023/06/13,0.000103459605015079,5.80005440019044e-06,-0.000112265025616847,9.09235482230972e-06,2.99202378351472e-05,8.64726885292619e-06,9.98459130245605e-07,-3.48159897486554e-06
2023/06/14,3.77384680925011e-05,-3.20627419964738e-05,-8.96913909091235e-05,3.12531906922428e-06,2.71579212616631e-05,9.60630247275259e-06,1.0394211066512e-06,-3.49611395582071e-06
2023/06/15,-3.73217362996519e-06,-3.40568721385965e-05,-6.97168819960985e-05,-2.93646343070802e-06,2.44003873786988e-05,1.05352717500517e-05,1.08109207503085e-06,-3.50955010942322e-06
2023/06/18,-0.000105912623185826,7.14092165825489e-08,-4.87915536182045e-05,-8.90784004368286e-06,2.16582516039097e-05,1.14342761262806e-05,1.12347508130086e-06,-3.52191388477906e-06
2023/06/19,0.000106750044819073,3.03856891047277e-05,-2.17236597759882e-05,-1.4603658135896e-05,1.89421293549508e-05,1.23034150428963e-05,1.16657317137755e-06,-3.53321173099424e-06
2023/06/20,-0.000101683501100991,-4.34979785349419e-05,1.44940775845306e-05,-1.98387650735431e-05,1.62626360494774e-05,1.31427879413559e-05,1.21038939117724e-06,-3.54345009717473e-06
2023/06/21,-1.00513844007832e-05,-4.99010009290976e-05,5.25555962692597e-05,-2.442800822282e-05,1.36303871051447e-05,1.39524942631166e-05,1.25492678661621e-06,-3.55263543242654e-06
2023/06/22,2.69157787209191e-05,1.29819472667057e-05,8.27968933221101e-05,-2.81862349499224e-05,1.10559979396079e-05,1.47326334496354e-05,1.30018840361081e-06,-3.56077418585565e-06
2023/06/25,7.0016071371525e-05,7.95759459003845e-05,9.69860520290706e-05,-3.0928292621046e-05,8.55008397052226e-06,1.54833049423694e-05,1.34617728807733e-06,-3.56787280656806e-06
2023/06/26,-6.5368053079005e-05,7.01717570181601e-05,8.99942711581931e-05,-3.25172288389085e-05,6.12326061554296e-06,1.62046081827756e-05,1.39289648593209e-06,-3.57393774366976e-06
2023/06/27,6.78196893394456e-05,-6.06181233790921e-05,6.76338030892768e-05,-3.3007673811957e-05,3.78492495196659e-06,1.68966426123112e-05,1.4403490430914e-06,-3.57897544626675e-06
2023/06/28,1.58925380688074e-05,-9.08833733598902e-05,3.84521636050574e-05,-3.24978222299966e-05,1.53983830192592e-06,1.75595076724333e-05,1.48853800547158e-06,-3.582992363465e-06
2023/06/29,-8.72130375340599e-05,-1.42582469479434e-05,9.9846583822577e-06,-3.1085600867557e-05,-6.07505927721873e-07,1.8193302804599e-05,1.53746641898894e-06,-3.58599494437053e-06
2023/07/02,9.70467371315667e-05,7.51369502523346e-05,-1.42822473264528e-05,-2.88676094294824e-05,-2.65394139980483e-06,1.87981274502652e-05,1.58713732955978e-06,-3.58798963808932e-06
2023/07/03,-0.000102566595537782,4.30740371215301e-05,-3.27185821122304e-05,-2.59341889167939e-05,-4.60256048097442e-06,1.93740810508892e-05,1.63755378310044e-06,-3.58898289372736e-06
2023/07/04,0.000102765447286574,-1.85716521670368e-05,-4.70715095174816e-05,-2.23741156545566e-05,-6.4580202138378e-06,1.99212630479279e-05,1.6887188255272e-06,-3.58898116039064e-06
2023/07/05,4.56477112946116e-05,-6.24248629037038e-05,-5.99324768224257e-05,-1.82761659678357e-05,-8.22497764100227e-06,2.04397728828386e-05,1.7406355027564e-06,-3.58799088718516e-06
2023/07/06,-9.49239555389405e-05,-5.27705111255655e-05,-7.23121804339562e-05,-1.37291161816964e-05,-9.90808980507504e-06,2.09297099970782e-05,1.79330686070433e-06,-3.58601852321691e-06
2023/07/09,9.27238487969257e-05,2.33402105981303e-05,-7.88983132656628e-05,-8.8217426212039e-06,-1.15120137486634e-05,2.13911738321039e-05,1.84673594528732e-06,-3.58307051759188e-06
2023/07/10,-4.72835197221953e-05,8.93757890883268e-05,-7.27924639603751e-05,-3.64817500885793e-06,-1.30414065143746e-05,2.18242638293727e-05,1.90092580242167e-06,-3.57915331941606e-06
2023/07/11,-0.000100159135041966,4.10932126697717e-05,-4.90549929763627e-05,1.67604334310279e-06,-1.45009251448158e-05,2.22290794303417e-05,1.95587947802371e-06,-3.57427337779545e-06
2023/07/12,0.000109411429210409,-0.000105932733040966,-1.06616489951773e-05,7.03001572500491e-06,-1.58952266825943e-05,2.26057200764681e-05,2.01160001800974e-06,-3.56843714183604e-06
2023/07/13,-0.000119551033481034,-2.66838363302235e-05,3.49402163056936e-05,1.22928454271751e-05,-1.72289681703173e-05,2.29542852092088e-05,2.06809046829607e-06,-3.56165106064382e-06
2023/07/16,0.000126132470719648,9.54328450215921e-05,7.0337580885736e-05,1.73436357399401e-05,-1.85068066505922e-05,2.32748742700211e-05,2.12535387479903e-06,-3.55392158332479e-06
2023/07/17,-0.000125181622275245,-1.17802098868873e-05,7.96072806239121e-05,2.20614899536264e-05,-1.9733399166026e-05,2.35675867003619e-05,2.18339328343491e-06,-3.54525515898493e-06
2023/07/18,0.000115512449601919,-5.86507397228853e-05,6.27324062352515e-05,2.63443585634263e-05,-2.09134027592262e-05,2.38325219416884e-05,2.24221174012002e-06,-3.53565823673024e-06
2023/07/19,7.57409322708136e-05,-1.92132763945703e-05,2.58946262016215e-05,3.01655808839936e-05,-2.20514744727999e-05,2.40697794354576e-05,2.3018122907707e-06,-3.52513726566671e-06
2023/07/20,-7.95392945941879e-05,2.20260659977179e-05,-1.55724738957104e-05,3.35173434348478e-05,-2.31522713493543e-05,2.42794586231266e-05,2.36219798130324e-06,-3.51369869490033e-06
2023/07/23,6.04693419907373e-05,-1.21531465540329e-05,-4.70333641294633e-05,3.63918327355082e-05,-2.42204504314968e-05,2.44616589461526e-05,2.42337185763397e-06,-3.5013489735371e-06
2023/07/24,1.58679663900922e-05,-9.94660361836143e-06,-6.56107070590325e-05,3.87812353054944e-05,-2.52606687618346e-05,2.46164798459926e-05,2.4853369656792e-06,-3.488094550683e-06
2023/07/25,-3.28282604023846e-05,9.74783243201216e-06,-7.19109787238747e-05,4.06777376643256e-05,-2.62775833829748e-05,2.47440207641036e-05,2.54809635135523e-06,-3.47394187544404e-06
2023/07/26,-1.64127829424811e-06,4.68568526655532e-07,-7.08710376197148e-05,4.20792424907257e-05,-2.72758513375248e-05,2.48443811419429e-05,2.61165306057837e-06,-3.4588973969262e-06
2023/07/27,2.42108946610113e-05,-1.8130342489657e-05,-6.58847825391912e-05,4.30065171002355e-05,-2.82601296680918e-05,2.49176604209674e-05,2.67601013926495e-06,-3.44296756423547e-06
2023/07/30,9.66200786538423e-06,-1.527101338044e-05,-5.92274448038351e-05,4.34876750332315e-05,-2.92367054829143e-05,2.49639580426342e-05,2.74117063333126e-06,-3.42615882647785e-06
2023/07/31,-3.21633018207969e-05,7.58011129599351e-06,-5.15547900379885e-05,4.35538334353908e-05,-3.02148694955316e-05,2.49833727590355e-05,2.80713827805868e-06,-3.40847763275933e-06
2023/08/01,2.78469471159522e-05,3.55510994130564e-05,-4.31177174416965e-05,4.32234416461617e-05,-3.11912446132539e-05,2.49760052203799e-05,2.87391491061185e-06,-3.3899304321859e-06
2023/08/02,4.7925097817014e-05,3.32309297043932e-05,-3.41530649870612e-05,4.25105073759274e-05,-3.21580121143266e-05,2.49419740098182e-05,2.94148443521332e-06,-3.37052367386356e-06
2023/08/03,-5.54126584009228e-05,-1.65779269097618e-05,-2.47852945281245e-05,4.14288070921113e-05,-3.31071220340349e-05,2.48814023660782e-05,3.00982610050885e-06,-3.35026380689829e-06
2023/08/06,-8.15408693994644e-06,-5.37522945757993e-05,-1.49002818658285e-05,3.99921172621364e-05,-3.4030524407664e-05,2.47944135278875e-05,3.07891915514418e-06,-3.3291572803961e-06
2023/08/07,3.17597487111106e-05,-5.97739696703127e-05,-4.39864586409524e-06,3.82142143534258e-05,-3.49201692704993e-05,2.46811358491842e-05,3.14873773255456e-06,-3.30721054346296e-06
2023/08/08,6.77362287717155e-05,-3.20376041865776e-05,6.46264008588792e-06,3.61088748334029e-05,-3.57680066578258e-05,2.45417181447486e-05,3.21923550533319e-06,-3.28443004520488e-06
2023/08/09,3.17113599632676e-05,2.55378264592138e-05,1.70642985229095e-05,3.36898751694907e-05,-3.65659866049288e-05,2.43763143445713e-05,3.29036103086275e-06,-3.26082223472785e-06
2023/08/10,-6.59964682881637e-05,7.58350050356619e-05,2.67141945355693e-05,3.09709918291124e-05,-3.73060591470935e-05,2.41850783786431e-05,3.36206286652592e-06,-3.23639356113785e-06
2023/08/13,-2.70416457180477e-05,6.84158185132924e-05,3.47758616091865e-05,2.79660012796912e-05,-3.79801743196053e-05,2.39681641769546e-05,3.43428956970539e-06,-3.21115047354088e-06
2023/08/14,2.16742949338558e-05,1.41032224536523e-05,4.08355068159576e-05,2.46886799886503e-05,-3.85802821577492e-05,2.37257256694967e-05,3.50698969778383e-06,-3.18509942104294e-06
2023/08/15,5.13181642548693e-05,-5.41515469576673e-05,4.45305973240034e-05,2.11572127242074e-05,-3.90983326968106e-05,2.345791678626e-05,3.58011180814394e-06,-3.15824685275002e-06
2023/08/16,-4.47870948822009e-05,-9.2544486375234e-05,4.5480967098267e-05,1.74074174577586e-05,-3.95262759720746e-05,2.31648914572352e-05,3.6536044581684e-06,-3.1305992177681e-06
2023/08/17,3.85528770027347e-05,-6.58988152829443e-05,4.34527959350349e-05,1.34795204614945e-05,-3.98560620188265e-05,2.28468036124131e-05,3.72741620523988e-06,-3.10216296520318e-06
2023/08/20,2.34646001095016e-05,-3.48355410212988e-05,3.88152801591469e-05,9.41374800760584e-06,-4.00796408723515e-05,2.25038071817843e-05,3.80149560674107e-06,-3.07294454416126e-06
2023/08/21,-3.19433444216597e-05,-1.05942091192493e-05,3.20883702275813e-05,5.25032636828325e-06,-4.01889625679349e-05,2.21360560953396e-05,3.87579122005467e-06,-3.04295040374832e-06
2023/08/22,3.42262926302442e-05,2.54437514208679e-05,2.37920165973166e-05,1.02948181571733e-06,-4.01759771408618e-05,2.17437042830697e-05,3.95025160256335e-06,-3.01218699307036e-06
2023/08/23,-4.1466694558058e-05,9.46114539759507e-05,1.44461697253308e-05,-3.20855937790124e-06,-4.00326115283351e-05,2.13268825768829e-05,4.02482531164979e-06,-2.98066076123337e-06
2023/08/24,5.34935491648683e-05,9.98739076852126e-05,4.57967284014973e-06,-7.42357094038181e-06,-3.97506860902538e-05,2.08856152313837e-05,4.09946090469668e-06,-2.94837815734334e-06
2023/08/27,-6.91163045725064e-05,4.27516025742411e-05,-5.19339013120723e-06,-1.15753265995337e-05,-3.93221681230046e-05,2.04200734376643e-05,4.17410693908669e-06,-2.91534563050626e-06
2023/08/28,-8.49874571677452e-06,-2.52126760295593e-05,-1.40513640409575e-05,-1.56236000831664e-05,-3.87399726427201e-05,1.99313761065627e-05,4.24871197220252e-06,-2.88156962982814e-06
2023/08/29,0.000103884852314878,-7.31675120332275e-05,-2.11229241290145e-05,-1.95281651190891e-05,-3.79974606673991e-05,1.94210881507834e-05,4.32322456142686e-06,-2.84705660441495e-06
2023/08/30,8.66657684914108e-05,-8.49099070614471e-05,-2.55367456352916e-05,-2.32487954351111e-05,-3.70880480218901e-05,1.88908292898801e-05,4.39759326414237e-06,-2.81181300337269e-06
2023/08/31,5.11304631405087e-05,-5.98880185167852e-05,-2.66667670712367e-05,-2.6745264759042e-05,-3.60051505310413e-05,1.83422192434067e-05,4.47176663773176e-06,-2.77584527580737e-06
2023/09/03,-0.000137455095686247,-2.52647565490336e-07,-2.4867980034435e-05,-2.99773468186909e-05,-3.47421840197012e-05,1.77768777309171e-05,4.54569323957769e-06,-2.73915987082495e-06
2023/09/04,0.000137168047283678,6.46562003736117e-05,-2.07422209209024e-05,-3.29032338149708e-05,-3.32925643127181e-05,1.71964244719651e-05,4.61932162706285e-06,-2.70176323753145e-06
2023/09/05,-0.000129743185021606,4.1992171983542e-05,-1.48937584546357e-05,-3.54747918412079e-05,-3.16497072349403e-05,1.66024791861045e-05,4.69260035756993e-06,-2.66366182503284e-06
2023/09/06,-4.49907823314094e-05,-1.39853382114388e-05,-7.91286776810506e-06,-3.76423054638322e-05,-2.98070286112163e-05,1.59966615928894e-05,4.76547798848161e-06,-2.62486208243513e-06
2023/09/07,9.92985644912138e-05,-4.43289072001019e-05,-3.85930214175006e-07,-3.93560592492735e-05,-2.77579442663944e-05,1.53805914118733e-05,4.83790307718058e-06,-2.58537045884431e-06
2023/09/10,6.70874933139426e-05,-1.51240298608552e-05,7.41400306828838e-06,-4.05656926413425e-05,-2.54965151479422e-05,1.47558883626103e-05,4.90982418104951e-06,-2.54519340336637e-06
2023/09/11,-6.34799637833157e-05,3.3130118012242e-05,1.64672017964125e-05,-4.12176567484927e-05,-2.30199905386844e-05,1.41241721646542e-05,4.9811898574711e-06,-2.50433736510729e-06
2023/09/12,4.93916508455997e-05,1.75293662824264e-05,2.78073188221567e-05,-4.12493163447063e-05,-2.0334706055917e-05,1.34870625375589e-05,5.05194866382801e-06,-2.46280879317308e-06
2023/09/13,-4.00222186505035e-05,-1.97127805796955e-05,4.14282186808144e-05,-4.0573389029757e-05,-1.74716444911446e-05,1.28461792008781e-05,5.12204915750295e-06,-2.42061413666973e-06
2023/09/14,3.53162081492884e-05,-1.93172987840278e-05,5.63638238772432e-05,-3.90965825710864e-05,-1.44677984682037e-05,1.22031418741657e-05,5.19143989587859e-06,-2.37775984470322e-06
2023/09/17,-3.38531743829125e-05,1.0359192561709e-05,6.87417571011208e-05,-3.67256047361361e-05,-1.13601606109311e-05,1.15595702769757e-05,5.26006943633761e-06,-2.33425236637956e-06
2023/09/18,-1.17101567484005e-05,1.53109063304763e-05,7.35643660504442e-05,-3.33671632923475e-05,-8.18572354316343e-06,1.09170841288618e-05,5.3278863362627e-06,-2.29009815080472e-06
2023/09/19,3.27416333871139e-05,-4.06447894538235e-06,6.62285881637063e-05,-2.89807559709512e-05,-4.98147988873737e-06,1.02773031493779e-05,5.39483915303655e-06,-2.24530364708471e-06
2023/09/20,-2.95996543626533e-05,-2.07013690675635e-05,4.41349998817944e-05,-2.37370403583332e-05,-1.78442227148957e-06,9.64184705807787e-06,5.46087644404184e-06,-2.19987530432552e-06
2023/09/21,-2.97231393639488e-05,1.05340481134748e-05,7.0543819676003e-06,-1.78594640046687e-05,1.36845668474329e-06,9.01233557451555e-06,5.52594676666123e-06,-2.15381957163314e-06
2023/09/24,1.66637892949912e-05,3.38099792803177e-05,-3.81310179963751e-05,-1.15714744601325e-05,4.44016435612448e-06,8.3903884182448e-06,5.58999867827744e-06,-2.10714289811357e-06
2023/09/25,-9.71881946058327e-06,-2.16567126230436e-06,-8.34591962340116e-05,-5.09651927489977e-06,7.39370811881738e-06,7.77762530881946e-06,5.65298073627313e-06,-2.05985173287278e-06
2023/09/26,6.24235790301846e-06,-4.04561418035376e-05,-0.00011864063049013,1.34195400085454e-06,1.01920953489853e-05,7.17566596579339e-06,5.714841498031e-06,-2.01195252501679e-06
2023/09/27,-1.04693549110351e-05,-6.09367545390899e-05,-0.000132712491023285,7.52049781695539e-06,1.27983334227916e-05,6.58613010872045e-06,5.77552952093371e-06,-1.96345172365157e-06
2023/09/28,6.45738454576241e-06,-4.77364312572741e-05,-0.000117534934554907,1.32116405961381e-05,1.51754297163996e-05,6.01063745715448e-06,5.83499336236397e-06,-1.91435577788312e-06
2023/10/01,5.29116208160245e-05,3.22673071402741e-05,-7.6260063657952e-05,1.81718146527793e-05,1.72863916059726e-05,5.45080773064935e-06,5.89318157970445e-06,-1.86467113681745e-06
2023/10/02,-9.24207800398869e-05,0.000113003204022344,-1.48629673682516e-05,2.2153428274166e-05,1.90942264676739e-05,4.90826064875888e-06,5.95004273033783e-06,-1.81440424956052e-06
2023/10/03,-2.38057848581231e-05,-2.83669387375269e-05,5.71059545240169e-05,2.4908889747585e-05,2.05619416776669e-05,4.38461593103697e-06,6.0055253716468e-06,-1.76356156521835e-06
2023/10/04,0.000190660532104032,-0.000168700192661342,0.000115795059211302,2.61906073603233e-05,2.16525446121149e-05,3.88149329703744e-06,6.05957806101405e-06,-1.71214953289691e-06
2023/10/05,-0.000234616939839396,1.55273619376796e-05,0.000138296483973988,2.57451407397142e-05,2.2334891307135e-05,3.40051246631416e-06,6.11214935582224e-06,-1.66017460170221e-06
2023/10/08,0.000264107191488813,0.000215078267833643,0.000119652713178027,2.34176460424017e-05,2.26052784758108e-05,2.94327223570355e-06,6.16318781345407e-06,-1.60764322074024e-06
2023/10/09,-0.000272628908686167,-3.33844621495294e-05,6.45096229999995e-05,1.95353954415818e-05,2.24823829639342e-05,2.51094038702261e-06,6.21264199129224e-06,-1.55456183911699e-06
2023/10/10,0.000258766101252686,-0.000211470300596671,-2.59462256721804e-07,1.45476522795766e-05,2.19903169510473e-05,2.10327448277182e-06,6.26046044671941e-06,-1.50093690593844e-06
2023/10/11,0.00015698499159833,-9.17854233317292e-05,-4.73629774763645e-05,8.90367989870843e-06,2.1153539940842e-05,1.71968476130188e-06,6.30659173711826e-06,-1.4467748703106e-06
2023/10/12,-0.000184972460383181,9.7978720336215e-05,-7.01898587039165e-05,3.05274164129958e-06,1.99965114370101e-05,1.35958146096347e-06,6.35098441987149e-06,-1.39208218133946e-06
2023/10/15,0.000141371120120807,0.000114890001363142,-6.72991672745553e-05,-2.55589915032781e-06,1.85436909432434e-05,1.02237482010731e-06,6.39358705236178e-06,-1.336865288131e-06
2023/10/16,-0.00010428482560136,4.27861459863392e-06,-4.10504216899536e-05,-7.49763067080879e-06,1.68195379632339e-05,7.0747507708408e-07,6.43434819197181e-06,-1.28113063979122e-06
2023/10/17,7.94500120187293e-05,-4.91665656008973e-05,-9.0049691177642e-06,-1.14464472626078e-05,1.48485120006734e-05,4.14292470244491e-07,6.47321639608426e-06,-1.22488468542612e-06
2023/10/18,-6.83364896810265e-05,3.11262409108529e-05,1.09267631878621e-05,-1.41009948051466e-05,1.26550725592539e-05,1.4223723793924e-07,6.51014022208182e-06,-1.16813387414168e-06
2023/10/19,-2.14339513388939e-06,2.74723549873063e-05,1.59603328895809e-05,-1.51599191778471e-05,1.02636791426671e-05,-1.09280381480991e-07,6.54506822734718e-06,-1.1108846550439e-06
2023/10/22,7.49147385819459e-05,-2.42537632640696e-05,1.21677639066639e-05,-1.44491520014053e-05,7.7028942065345e-06,-3.40850149665482e-07,6.577948969263e-06,-1.05314347723876e-06
2023/10/23,-8.31153235062005e-05,-1.88268918029492e-05,6.55197652696e-06,-1.23052021346056e-05,5.019126287185e-06,-5.53061828263547e-07,6.608731005212e-06,-9.94916789832277e-07
2023/10/24,8.88491442477531e-05,3.5221380693799e-05,2.57078701864426e-06,-9.19897062295827e-06,2.26999331832902e-06,-7.46505178924477e-07,6.63736289257682e-06,-9.36211041930423e-07
2023/10/25,-8.99969575286223e-05,1.24939293161137e-05,1.80650400924461e-06,-5.60827019893472e-06,-4.79975079362198e-07,-9.21769963297582e-07,6.66379318874018e-06,-8.77032682639192e-07
2023/10/26,8.68378864381072e-05,3.52319183782192e-06,3.9090003737212e-06,-1.96701321806351e-06,-3.1648799317247e-06,-1.07944594303216e-06,6.68797045108474e-06,-8.17388161064588e-07
2023/10/29,3.72031709550536e-05,-2.05692680946055e-05,7.91003887639207e-06,1.47196688586864e-06,-5.71882226459448e-06,-1.22012287977753e-06,6.70984323699321e-06,-7.57283926312591e-07
2023/10/30,-7.46292198703776e-05,-6.22441223496962e-05,1.27961125511398e-05,4.5011064095105e-06,-8.07590310380758e-06,-1.34439053518296e-06,6.72936010384824e-06,-6.96726427489198e-07
2023/10/31,6.90267141226318e-05,-6.474454934201e-05,1.72570816449859e-05,6.91284164951088e-06,-1.01702234752e-05,-1.45283867089779e-06,6.74646960903254e-06,-6.35722113700401e-07
2023/11/01,-6.44367360055355e-05,6.61821750993647e-05,1.85888524783435e-05,8.50359070938066e-06,-1.193986621147e-05,-1.54605704857128e-06,6.76112030992877e-06,-5.74277434052196e-07
2023/11/02,5.96404011111403e-05,6.66967262019949e-05,1.39360423740015e-05,9.13039803643899e-06,-1.33388413727641e-05,-1.62463542985276e-06,6.77326076391964e-06,-5.1239883765057e-07
2023/11/05,-5.33673208286829e-05,-6.51518186535089e-05,4.13598549916331e-06,8.84513591955378e-06,-1.43371903953391e-05,-1.68917063335028e-06,6.78284658534659e-06,-4.50092773601519e-07
2023/11/06,-5.33559493277933e-05,-4.70113821464488e-05,-8.73480076246986e-06,7.79257404094436e-06,-1.49531529924435e-05,-1.74028770550699e-06,6.78986161638611e-06,-3.87365691011033e-07
2023/11/07,3.57584438124511e-05,6.89600024716397e-05,-2.15432057847833e-05,6.12953165207802e-06,-1.52170184465737e-05,-1.77861874972475e-06,6.79429675617349e-06,-3.24224038985103e-07
2023/11/08,-2.61201265559316e-05,5.08129559609095e-05,-3.16858485585916e-05,4.012828004422e-06,-1.5159088791187e-05,-1.80478311844468e-06,6.796142903844e-06,-2.60674266629728e-07
2023/11/09,1.95235150431094e-05,-4.20225617733232e-05,-3.97348597848404e-05,1.59928234944358e-06,-1.48097170635835e-05,-1.81934916026466e-06,6.79539095853291e-06,-1.96722823050896e-07
2023/11/12,-2.09871002169343e-05,-8.95574235611078e-05,-4.70562480920083e-05,-9.54286061389995e-07,-1.41992690520247e-05,-1.8228724728218e-06,6.7920318193755e-06,-1.32376157354596e-07
2023/11/13,3.45132236891181e-05,-0.000122627887343202,-5.50160221085737e-05,-3.49105797661146e-06,-1.33581105447716e-05,-1.8159086537532e-06,6.78605638550703e-06,-6.76407186468271e-08
2023/11/14,-6.08816517020017e-05,-2.95651072394726e-05,-6.4454495879353e-05,-5.85421414475352e-06,-1.23166073300855e-05,-1.79901330069595e-06,6.77745555606277e-06,-2.52295603357578e-09
2023/11/15,9.77793478137755e-05,7.24742175331458e-05,-7.41092051145146e-05,-7.88693531434896e-06,-1.11051251962276e-05,-1.77274201128716e-06,6.76622023017801e-06,6.29706813791573e-08
2023/11/16,3.82701153136461e-06,0.000116621446761276,-8.21919909405651e-05,-9.43240223393048e-06,-9.75402993145891e-06,-1.73765038316393e-06,6.75234130698799e-06,1.28833744485392e-07
2023/11/19,-2.58771288941814e-05,0.000138646573697042,-8.69146944840111e-05,-1.03333706971685e-05,-8.29411227890315e-06,-1.69429644389262e-06,6.73581211555729e-06,1.95059784179127e-07
2023/11/20,-0.000229347127415596,0.000192874505550354,-8.64507095785709e-05,-1.04709135667539e-05,-6.75629320545134e-06,-1.64324794075667e-06,6.71663570466749e-06,2.61642351354372e-07
2023/11/21,0.000265223133719482,0.000261042256329077,-7.88196408868105e-05,-9.88637282843412e-06,-5.16501372609039e-06,-1.58507505096878e-06,6.69481667069198e-06,3.28575879242611e-07
2023/11/22,-0.000291215390300554,0.000124944386447941,-6.25233891378358e-05,-8.66361345258251e-06,-3.54063916396949e-06,-1.52034795174164e-06,6.67035608065426e-06,3.95858330425228e-07
2023/11/23,-5.03453494150777e-05,-0.000130647569126113,-3.81468284980644e-05,-6.88712693361132e-06,-1.90290831819884e-06,-1.44963682028795e-06,6.64325411924036e-06,4.63488549821084e-07
2023/11/26,0.00031272305722331,-0.000274839392634854,-6.79557649324167e-06,-4.64140476593278e-06,-2.71559987888631e-07,-1.37351183382041e-06,6.61351097113628e-06,5.3146538234904e-07
2023/11/27,-2.29044897214452e-05,-0.000144889988486822,2.91158316538924e-05,-2.01093844395912e-06,1.33366702785092e-06,-1.29257832033243e-06,6.58116197180874e-06,5.99787672927955e-07
2023/11/28,-0.000302248449115195,9.36156866661008e-05,6.19371899326198e-05,9.1978053789736e-07,2.89303392990962e-06,-1.20758221094019e-06,6.54638305984726e-06,6.68454266476688e-07
2023/11/29,0.000289160879857075,0.000212933629091173,8.27093746352277e-05,4.06626068522445e-06,4.38680191917725e-06,-1.11930458754059e-06,6.50938532462206e-06,7.37464007914104e-07
2023/11/30,-0.000272934774339976,0.000126719708608366,8.46222277358979e-05,7.34401050360988e-06,5.79523219654361e-06,-1.02852653203052e-06,6.47037985550333e-06,8.06815742159064e-07
2023/12/03,0.000169348705668645,-7.51990087854693e-06,6.94772036620815e-05,1.06527887729472e-05,7.09858596289848e-06,-9.36029126306883e-07,6.4295777418613e-06,8.76508314130422e-07
2023/12/04,0.000234813560062944,-7.97624409110698e-05,4.12877214259009e-05,1.38293553703535e-05,8.27712441913167e-06,-8.42593452266567e-07,6.38719007306619e-06,9.46540568747045e-07
2023/12/05,6.74983998394243e-05,-7.83936618116075e-05,4.08294976517247e-06,1.66947204472513e-05,9.31110876613299e-06,-7.49000591806478e-07,6.3434279384882e-06,1.01691135092779e-06
2023/12/06,-6.41633156151351e-05,-3.21152669827194e-05,-3.66078723922581e-05,1.90698941550636e-05,1.01808002047922e-05,-6.56031626823506e-07,6.29850242749755e-06,1.08761950559152e-06
2023/12/07,-0.000120902905090537,1.90529445324474e-05,-6.92552253584272e-05,2.07758866452131e-05,1.08664599359991e-05,-5.64467639214541e-07,6.25262462946446e-06,1.15866387765709e-06
2023/12/10,-0.000151609556504591,3.35911035007159e-05,-8.08295192553417e-05,2.16337080691224e-05,1.13483491606436e-05,-4.75089710876478e-07,6.20600563375913e-06,1.23004331204337e-06
2023/12/11,1.35581628858541e-05,-8.87745497252119e-06,-6.25150358059191e-05,2.15061887573882e-05,1.16113297073115e-05,-3.88678923706217e-07,6.15885652975179e-06,1.30175665366922e-06
2023/12/12,0.00011444486899622,-4.39054224460644e-05,-2.26026991182501e-05,2.04218188974247e-05,1.16602221102918e-05,-3.05951694642148e-07,6.11138840681264e-06,1.37380274745349e-06
2023/12/13,-6.80527335865395e-05,-1.05023414011708e-05,2.5028035359902e-05,1.84444254163144e-05,1.15105778331139e-05,-2.27271302661469e-07,6.0638123543119e-06,1.44618043831504e-06
2023/12/14,-8.57425565947402e-05,4.94388978790993e-05,6.47664129486923e-05,1.56362143812633e-05,1.11791266217165e-05,-1.52558449274297e-07,6.01633946161978e-06,1.51888857117274e-06
2023/12/17,7.60268680512288e-05,6.50950082966231e-05,8.06316431556388e-05,1.20593918594776e-05,1.06825037439113e-05,-8.16393578635871e-08,5.9691808181065e-06,1.59192599094545e-06
2023/12/18,-7.01655912605215e-05,2.13680694914483e-07,6.22812419658755e-05,7.81132880487555e-06,1.00373444675099e-05,-1.43402518123025e-08,5.92254751314227e-06,1.66529154255203e-06
2023/12/19,-2.54161238632533e-05,-5.33243589365542e-05,2.19259512750007e-05,3.13005571822491e-06,9.26028406032374e-06,4.95200447703718e-08,5.87664323682355e-06,1.73898407091134e-06
2023/12/20,7.07085217086744e-05,-4.55638704224332e-05,-2.27482661386958e-05,-1.71123201299431e-06,8.36795779016455e-06,1.10152304870259e-07,5.83164208215174e-06,1.81300242094224e-06
2023/12/21,-7.66670877427145e-05,1.89340749221884e-05,-5.49690818675758e-05,-6.4393390013021e-06,7.37700092484388e-06,1.67774700746984e-07,5.78771074285449e-06,1.88734543756358e-06
2023/12/25,-7.91209852437815e-07,2.63559631308436e-05,-6.19614737876488e-05,-1.07810698592184e-05,6.30404873217335e-06,2.22605404660144e-07,5.74501591265946e-06,1.96201196569424e-06
2023/12/26,7.92445712078295e-05,-1.15166478407572e-05,-4.45736967993421e-05,-1.45327123286236e-05,5.16573647996452e-06,2.74896472905785e-07,5.70369040125786e-06,2.03700085025306e-06
2023/12/27,0.000105889812913067,-3.42815044588751e-05,-1.50599068109664e-05,-1.77684866688392e-05,3.97869943602901e-06,3.25035497925726e-07,5.66373148219511e-06,2.11231093615892e-06
2023/12/28,-0.000114739012816507,1.42025334638803e-06,1.36735951672111e-05,-2.0632096268547e-05,2.75957286817842e-06,3.73443956198242e-07,5.62510254498021e-06,2.18794106833067e-06
2024/01/01,0.000120967630970549,5.44748307460044e-05,3.18413004681469e-05,-2.3267244516429e-05,1.52499204422435e-06,4.20543324201582e-07,5.58776697912215e-06,2.26389009168717e-06
2024/01/02,-0.00012393830758416,3.79616795656425e-05,3.31570004799022e-05,-2.58038235505087e-05,2.91592231978376e-07,4.66755078414025e-07,5.55168817412992e-06,2.34015685114728e-06
2024/01/03,-7.1426717267944e-05,-1.83811087120674e-06,2.24171427200151e-05,-2.83164805061757e-05,-9.23991300747894e-07,5.12500695313816e-07,5.51682951951252e-06,2.41674019162987e-06
2024/01/04,-2.12665696446987e-05,-3.67973114456241e-05,7.18883873839327e-06,-3.08660512681617e-05,-2.10512328614286e-06,5.58201651379238e-07,5.48315440477893e-06,2.49363895805379e-06
2024/01/07,9.53107304489728e-05,-5.39590838606789e-05,-4.96079991505595e-06,-3.35133717211978e-05,-3.23516845639494e-06,6.04279423088544e-07,5.45062621943814e-06,2.57085199533791e-06
2024/01/08,0.000107968887339225,-3.98440893094378e-05,-8.06883926302629e-06,-3.63192777500156e-05,-4.29749154369255e-06,6.51155486919996e-07,5.41920835299916e-06,2.64837814840108e-06
2024/01/09,-1.16944856105284e-06,8.47424365779789e-06,-2.68075844206597e-06,-3.92529024158973e-05,-5.27545728022407e-06,6.99251319351862e-07,5.38886419497096e-06,2.72621626216217e-06
2024/01/10,-8.93519492529189e-05,2.87304305353671e-05,8.68697454487866e-06,-4.19165674863281e-05,-6.15243039817792e-06,7.4898839686241e-07,5.35955713486254e-06,2.80436518154003e-06
2024/01/11,7.87588080667473e-05,-1.96839672068269e-05,2.22403526908531e-05,-4.38208919053442e-05,-6.91177562974246e-06,8.00788195929895e-07,5.3312505621829e-06,2.88282375145352e-06
2024/01/14,-6.76345962632388e-05,-3.66082992327577e-05,2.94420242666671e-05,-4.44764946169816e-05,-7.53685770710615e-06,8.55072193032585e-07,5.30390786644102e-06,2.96159081682152e-06
2024/01/15,5.6371232996398e-05,2.22767006824852e-05,2.26396981318179e-05,-4.34885329403919e-05,-8.01555987781284e-06,9.12261864648747e-07,5.27749243714588e-06,3.04066522256287e-06
2024/01/16,-4.60931769602207e-05,5.4817263064431e-05,2.46467022278834e-06,-4.0840317695188e-05,-8.35383945082844e-06,9.72778687256633e-07,5.25196766380651e-06,3.12004581359644e-06
2024/01/17,2.40011006992983e-05,6.80182133891468e-05,-2.76241169394286e-05,-3.66096980760984e-05,-8.56217225047432e-06,1.03704413733452e-06,5.22729693593186e-06,3.19973143484109e-06
2024/01/18,3.64094135490144e-05,7.333685987122e-05,-6.11407215727848e-05,-3.08745232778516e-05,-8.65104839345326e-06,1.10549398374216e-06,5.20344364303094e-06,3.27972093121568e-06
2024/01/21,1.04998570844797e-05,6.99909024262345e-05,-9.08424520799686e-05,-2.3712642495176e-05,-8.63101516599415e-06,1.17862116486529e-06,5.18037117461275e-06,3.36001314763907e-06
2024/01/22,-5.48839727309558e-05,3.49673455216588e-05,-0.000109486616863668,-1.52019049227999e-05,-8.5124966675957e-06,1.25679543235948e-06,5.15804292018627e-06,3.44060692903012e-06
2024/01/23,7.82950954856026e-05,-1.39303457649362e-05,-0.000109750584630364,-5.50009945166033e-06,-8.30536708131001e-06,1.33983662143382e-06,5.13642226926049e-06,3.52150112030769e-06
2024/01/24,-0.000110278124494191,1.99100153926235e-05,-8.58730238661909e-05,4.91522624247299e-06,-8.01936311107765e-06,1.42742708818574e-06,5.1154726113444e-06,3.60269456639064e-06
2024/01/25,-4.4424322282347e-05,1.20445288678387e-05,-3.95368976190368e-05,1.54865847876217e-05,-7.66422146083916e-06,1.51924918871267e-06,5.095157335947e-06,3.68418611219783e-06
2024/01/28,0.00018204996059959,-3.61041280579414e-05,2.28716756525178e-05,2.56564888118076e-05,-7.24967883453508e-06,1.61498527911205e-06,5.07543983257728e-06,3.76597460264813e-06
2024/01/29,-0.000128960193837155,-6.09041516037164e-05,8.45309816956652e-05,3.48674509430523e-05,-6.78547193610591e-06,1.71431771548132e-06,5.05628349074422e-06,3.84805888266039e-06
2024/01/30,-0.000227686474804982,6.86644955477456e-06,0.000129208375773776,4.25619838093777e-05,-6.2813374694922e-06,1.81692885391791e-06,5.03765169995683e-06,3.93043779715347e-06
2024/01/31,0.00022887297005277,0.000137053925675939,0.000141524004740814,4.81826000388055e-05,-5.74701213863451e-06,1.92250105051927e-06,5.01950784972409e-06,4.01311019104624e-06
2024/02/01,-0.00021352496403371,5.12597102336037e-05,0.000111956955075786,5.13030298269766e-05,-5.19223264747335e-06,2.03071666138282e-06,5.00181532955499e-06,4.09607490925754e-06
2024/02/04,3.19975671829826e-05,-8.24229077032801e-05,5.44220717578499e-05,5.20218736400095e-05,-4.62673569994924e-06,2.14125804260601e-06,4.98453752895853e-06,4.17933079670626e-06
2024/02/05,0.000150227158231461,-0.000102910254001127,-1.13068606087965e-05,5.05677104671288e-05,-4.05901895548983e-06,2.25380755028628e-06,4.9676378374437e-06,4.26287669831124e-06
2024/02/06,-0.00011417204057482,2.22763601328054e-05,-6.54189936723998e-05,4.71641631195073e-05,-3.49262389547086e-06,2.36804754052105e-06,4.95107964451948e-06,4.34671145899135e-06
2024/02/07,-9.46196756818233e-05,4.99829260944887e-05,-9.05664317928355e-05,4.20336153638051e-05,-2.92985295675525e-06,2.48366036940777e-06,4.93482633969486e-06,4.43083392366544e-06
2024/02/08,-8.70081644034816e-06,-6.19755792867713e-06,-8.29702465813543e-05,3.5434430437982e-05,-2.3730085762058e-06,2.60032839304387e-06,4.91884131247886e-06,4.51524293725238e-06
2024/02/11,3.75305148596231e-05,-3.71052916015005e-05,-5.41075181171634e-05,2.77688894651989e-05,-1.8243931906855e-06,2.71773396752679e-06,4.90308795238044e-06,4.59993734467103e-06
2024/02/12,-3.01415142693193e-05,1.52866527884385e-05,-1.81314666163927e-05,1.94752530399161e-05,-1.2863092370571e-06,2.83555944895397e-06,4.8875296489086e-06,4.68491599084025e-06
2024/02/13,3.25420178879383e-05,5.36290836491116e-05,1.27449279232452e-05,1.09917817565944e-05,-7.61059152183514e-07,2.95348719342284e-06,4.87212979157235e-06,4.77017772067889e-06
2024/02/14,-4.08552766457088e-05,2.63955442869563e-05,2.95851967502374e-05,2.75673620969448e-06,-2.50945372927621e-07,3.07119955703084e-06,4.85685176988065e-06,4.85572137910583e-06
2024/02/15,4.95476505252118e-05,-2.96853886947224e-05,3.46947854649486e-05,-4.86773259181843e-06,2.41729663847735e-07,3.1883788958754e-06,4.84165897334251e-06,4.94154581103991e-06
2024/02/18,-5.3925297404029e-05,-6.15020738945984e-05,3.347502920132e-05,-1.18239119809601e-05,7.14663521279678e-07,3.30470756605398e-06,4.82651479146692e-06,5.02764986140001e-06
2024/02/19,5.19188938121542e-05,-3.03184922836686e-05,3.0529686710447e-05,-1.81301988762417e-05,1.16555376250533e-06,3.41986792366399e-06,4.81138261376288e-06,5.11403237510497e-06
2024/02/20,8.84451601826121e-06,-1.44216442942262e-05,2.69677728700592e-05,-2.38049901961745e-05,1.59209795066184e-06,3.53354232480287e-06,4.79622582973937e-06,5.20069219707367e-06
2024/02/21,-3.39384036386683e-05,-4.48077584493825e-06,2.30246165895448e-05,-2.88666828592695e-05,1.99199364888633e-06,3.64541312556808e-06,4.78100782890537e-06,5.28762817222496e-06
2024/02/22,2.35865812983525e-05,2.01261030430496e-05,1.8935546778292e-05,-3.33336737840378e-05,2.36293842031594e-06,3.75516268205703e-06,4.7656920007699e-06,5.3748391454777e-06
2024/02/25,-1.66196625249792e-05,1.43651281201191e-05,1.47153798792961e-05,-3.72243598889907e-05,2.70262982808778e-06,3.86247335036718e-06,4.75024173484193e-06,5.46232396175075e-06
2024/02/26,1.58406873751884e-05,-6.86705739967681e-06,9.49688246998026e-06,-4.05571380926394e-05,3.00876543533901e-06,3.96702748659594e-06,4.73462042063046e-06,5.55008146596298e-06
2024/02/27,-2.24278094311468e-05,7.99033117718215e-06,3.44049082294211e-06,-4.33504053134949e-05,3.27904280520678e-06,4.06850744684077e-06,4.71879144764447e-06,5.63811050303325e-06
2024/02/28,3.53537382213015e-05,-1.38264545993646e-05,7.73805277331119e-07,-4.56225584700683e-05,3.51115950082815e-06,4.16659558719909e-06,4.70271820539297e-06,5.7264099178804e-06
2024/02/29,-4.11958068930474e-05,7.85493429206919e-07,2.57395392413456e-06,-4.73832692116603e-05,3.70281308534031e-06,4.26097426376836e-06,4.68636408338493e-06,5.81497855542332e-06
2024/03/03,-6.83166398529743e-05,3.83106547634703e-05,6.2069159111747e-06,-4.86073081107289e-05,3.85170112188036e-06,4.35132583264599e-06,4.66969247112937e-06,5.90381526058084e-06
2024/03/04,8.14078122314704e-05,4.16180679822254e-05,8.34227429541182e-06,-4.92607204705216e-05,3.95552117358548e-06,4.43733264992943e-06,4.65266675813526e-06,5.99291887827185e-06
2024/03/05,-8.86884996505891e-05,-5.02863331347082e-05,6.36133080800762e-06,-4.93163552007515e-05,4.01246117094927e-06,4.51867707171612e-06,4.63525033391159e-06,6.08228825341519e-06
2024/03/06,8.96686820508274e-05,-5.51082286760304e-05,4.92261876929746e-07,-4.87747061004145e-05,4.02310097731093e-06,4.59504145410349e-06,4.61740658796736e-06,6.17192223092973e-06
2024/03/07,-1.73695969735094e-05,1.82743898763018e-05,-8.15602033421625e-06,-4.76447924286502e-05,3.99023267704444e-06,4.66610815318898e-06,4.59909890981156e-06,6.26181965573432e-06
2024/03/10,-7.81202890125451e-05,5.67644013399497e-05,-1.77985354160792e-05,-4.59360639080182e-05,3.91705856608086e-06,4.73157977693252e-06,4.58029068895318e-06,6.35197937274784e-06
2024/03/11,6.9244083210132e-05,-5.53326540386922e-06,-2.62069086460994e-05,-4.36579702610777e-05,3.80663708700756e-06,4.79130278663776e-06,4.56094531490121e-06,6.44240022688913e-06
2024/03/12,6.57727239016057e-05,-4.67647479953883e-05,-3.00552562946295e-05,-4.08199612103882e-05,3.66167053921296e-06,4.84547978680724e-06,4.54102617716465e-06,6.53308106307706e-06
2024/03/13,3.54430272280027e-05,-4.38370193763415e-05,-2.66366138668998e-05,-3.74610232490038e-05,3.48450920325066e-06,4.89466540077835e-06,4.52049666525248e-06,6.6240207262305e-06
2024/03/14,-4.39403373236365e-05,-9.06462664075966e-06,-1.68172028147401e-05,-3.37382899519577e-05,3.27761428433076e-06,4.93930332723199e-06,4.4993201686737e-06,6.71521806126829e-06
2024/03/17,3.78001855723361e-05,2.62611541206868e-05,-2.35654107663002e-06,-2.98384316647777e-05,3.04349584576789e-06,4.97978840674453e-06,4.47746007693729e-06,6.8066719131093e-06
2024/03/18,-3.3132736761709e-05,-4.62744687618786e-06,1.41915924142382e-05,-2.59481187329917e-05,2.78466395087661e-06,5.0165154798924e-06,4.45487977955226e-06,6.8983811266724e-06
2024/03/19,2.94806302552813e-05,-2.21008250291282e-05,2.70963747458221e-05,-2.22540215021277e-05,2.50362866297152e-06,5.04987938725197e-06,4.43154266602758e-06,6.99034454687644e-06
2024/03/20,-2.62969367878694e-05,1.85279574364157e-05,3.11489154702351e-05,-1.89428103177136e-05,2.20290004536722e-06,5.08027496939966e-06,4.40741212587226e-06,7.08256101864028e-06
2024/03/21,-1.33613030502603e-05,2.75617742323317e-05,2.635630143048e-05,-1.61523589806926e-05,1.88498816137831e-06,5.10809706691185e-06,4.38245154859528e-06,7.17502938688278e-06
2024/03/24,2.05356823604781e-05,-3.56304270812423e-06,1.45154626126307e-05,-1.38253551136692e-05,1.55240307431937e-06,5.13374052036495e-06,4.35662432370563e-06,7.26774849652281e-06
2024/03/25,-1.81960534642403e-05,-3.73750661897362e-05,4.98759083418248e-08,-1.18556897946632e-05,1.20765484750501e-06,5.15760017033533e-06,4.32989384071232e-06,7.36071719247922e-06
2024/03/26,1.69872341876969e-05,-3.88578460430018e-05,-1.19481459281906e-05,-1.01372541016945e-05,8.53253544249789e-07,5.18007085739943e-06,4.30222348912431e-06,7.45393431967088e-06
2024/03/27,-1.8184675271398e-05,-3.21493274427192e-05,-1.73664318596641e-05,-8.56393911278288e-06,4.91709227868341e-07,5.20154742213361e-06,4.27357665845062e-06,7.54739872301664e-06
2024/03/31,2.30551993062276e-05,3.63449071793782e-07,-1.60266743246046e-05,-7.01633929769367e-06,1.25531961675239e-07,5.22242470511428e-06,4.24391673820024e-06,7.64110924743537e-06
2024/04/01,-2.23847394168219e-05,4.0180522825359e-05,-8.78389391144939e-06,-5.32186269317425e-06,-2.42768191014912e-07,5.24309754691784e-06,4.21320711788213e-06,7.73506473784592e-06
2024/04/02,-4.46250734187851e-05,2.64474123199358e-05,3.3742378331341e-06,-3.2946207277175e-06,-6.10681166887511e-07,5.26396078812069e-06,4.18141118700532e-06,7.82926403916717e-06
2024/04/03,5.98211235029212e-05,-3.63432928468846e-05,1.77588208482689e-05,-7.48724829816297e-07,-9.75696902627994e-07,5.28540926929922e-06,4.14849233507877e-06,7.92370599631795e-06
2024/04/04,-7.53306734175888e-05,2.59186462665216e-06,2.70613669170589e-05,2.50171357203647e-06,-1.33530533492174e-06,5.30783783102982e-06,4.1144139516115e-06,8.01838945421715e-06
2024/04/07,8.76209999603614e-05,2.79078228302088e-05,2.4329619313051e-05,6.64258304934793e-06,-1.68699640045416e-06,5.3316413138889e-06,4.07913942611249e-06,8.11331325778362e-06
2024/04/08,-9.35969617546071e-05,-1.98192422232804e-05,6.08316980403334e-06,1.17467360287644e-05,-2.02826003591069e-06,5.35721455845286e-06,4.04263214809072e-06,8.20847625193621e-06
2024/04/09,9.25434009121396e-05,1.00900386616828e-05,-1.95426572105859e-05,1.74348803574891e-05,-2.35658617797668e-06,5.38495240529808e-06,4.00485550705519e-06,8.30387728159379e-06
2024/04/10,-8.67719783229164e-05,5.42112922467074e-06,-4.44968578089208e-05,2.32146877378644e-05,-2.66937389769889e-06,5.41515882936229e-06,3.9657728925149e-06,8.39951519167523e-06
2024/04/11,-4.41440398797728e-05,-5.91727392023134e-06,-6.29987802424556e-05,2.85938298722325e-05,-2.96365880356932e-06,5.44777434302848e-06,3.92534769397883e-06,8.49538882709937e-06
2024/04/14,7.76481727149503e-05,3.43300069809446e-05,-6.83308625611928e-05,3.3079978462936e-05,-3.23638563844127e-06,5.48264859304095e-06,3.88354330095597e-06,8.59149703278509e-06
2024/04/15,-8.21226215784915e-05,4.77210548463681e-05,-4.84793173708223e-05,3.62109540067053e-05,-3.48449914516807e-06,5.51963122614401e-06,3.84032310295532e-06,8.68783865365124e-06
2024/04/16,9.42794413787727e-05,-8.12753502489603e-05,2.5366964651861e-06,3.76451721778235e-05,-3.70494406660305e-06,5.55857188908197e-06,3.79565048948587e-06,8.78441253461667e-06
2024/04/17,-0.000109887331343553,1.00115243752688e-05,6.15968132287631e-05,3.70726328927663e-05,-3.89610059340409e-06,5.59932022859913e-06,3.74948885005661e-06,8.88121752060027e-06
2024/04/18,0.000122009903725561,0.000133269218527951,9.79556045595339e-05,3.41890778592279e-05,-4.06199872216504e-06,5.64163390615725e-06,3.70180157417653e-06,8.97825245652088e-06
2024/04/21,-0.000125157480875881,-2.00162319757109e-05,8.94901755496441e-05,2.88493893943962e-05,-4.20773595615414e-06,5.68490264208777e-06,3.65255205135462e-06,9.07551618729735e-06
2024/04/22,2.49094762926179e-05,-0.000127327651103656,4.89488831037224e-05,2.15392704622138e-05,-4.33826594987337e-06,5.72837230795609e-06,3.60170367109987e-06,9.17300755784857e-06
2024/04/23,0.000102917259152964,-0.000121912529598928,-2.75234674737099e-06,1.29021291883123e-05,-4.45833490389079e-06,5.77108132139352e-06,3.54921982292129e-06,9.27072541309338e-06
2024/04/24,8.30768526238002e-05,-5.28787219472949e-05,-4.82038142514905e-05,3.58137369832322e-06,-4.57263715529092e-06,5.81201623654789e-06,3.49506389632784e-06,9.36866859795064e-06
2024/04/25,-1.79917485165479e-05,1.66394794984471e-05,-7.57670673680027e-05,-5.77958788212177e-06,-4.68586704115825e-06,5.85016360756696e-06,3.43919928082854e-06,9.46683595733922e-06
2024/04/28,-4.00650939908816e-05,2.77540599460405e-05,-7.51089050274298e-05,-1.45373474273912e-05,-4.80271889857728e-06,5.88450998859858e-06,3.38158936593236e-06,9.56522633617798e-06
2024/04/29,2.52936458816596e-05,-1.77460433134585e-05,-4.27875134569458e-05,-2.21167549893931e-05,-4.92788706463254e-06,5.91404193379053e-06,3.3221975411483e-06,9.66383857938577e-06
2024/04/30,-1.86025432639417e-05,1.88723452197435e-05,-1.31012476272763e-06,-2.82156933301947e-05,-5.0660658764085e-06,5.93774599729063e-06,3.26098719598535e-06,9.76267153188147e-06
2024/05/01,2.02854792445834e-05,3.46005816446434e-06,2.83570734228396e-05,-3.26003033894028e-05,-5.22184939260103e-06,5.95450845485801e-06,3.19792171995252e-06,9.86172403858391e-06
2024/05/02,-2.80934914884266e-05,-3.52623124387071e-05,3.72073622977315e-05,-3.50367261066243e-05,-5.39943055835144e-06,5.96281446869728e-06,3.13296450255877e-06,9.96099494441198e-06
2024/05/05,3.85547693316645e-05,2.14772330871783e-05,2.87033179557667e-05,-3.54021953785472e-05,-5.60227226713753e-06,5.96104892262438e-06,3.06607893331311e-06,1.00604830942845e-05
2024/05/06,-4.87262755689577e-05,4.73040260293169e-05,1.11596514740401e-05,-3.40192460735918e-05,-5.83034194104227e-06,5.94754946556637e-06,2.99722840172454e-06,1.01601873331204e-05
2024/05/07,3.23327478151995e-05,4.73629555775713e-06,-6.98163608781168e-06,-3.13252225908867e-05,-6.07907171569113e-06,5.92046480689496e-06,2.92637629730202e-06,1.02601065058385e-05
2024/05/08,6.33781094125339e-05,-4.17062319647384e-05,-1.91442273605954e-05,-2.77583984729675e-05,-6.34291734841392e-06,5.87789142030516e-06,2.85349101034237e-06,1.03602394573577e-05
2024/05/09,-2.94872429974162e-05,-4.36292890820903e-05,-2.0569449346778e-05,-2.37027275911182e-05,-6.61641006087757e-06,5.81798124067796e-06,2.77856093429354e-06,1.04605850325967e-05
2024/05/12,-6.90443046969063e-05,-1.33093425079854e-05,-1.21882138772397e-05,-1.93248851316169e-05,-6.89438293209737e-06,5.73918096911163e-06,2.70158155373452e-06,1.05611420764746e-05
2024/05/13,1.16445329703281e-05,1.73270848284273e-05,2.57857963922824e-06,-1.47372266094904e-05,-7.17174450542568e-06,5.64000440966876e-06,2.62255671461712e-06,1.06619094339101e-05
2024/05/14,6.65115935513643e-05,2.67685972731803e-05,2.00253407616196e-05,-1.00521075397654e-05,-7.44340332421488e-06,5.51896327606872e-06,2.54149235323633e-06,1.07628859498221e-05
2024/05/15,-5.29109415850103e-05,6.06561888361299e-06,3.6069995333532e-05,-5.3818834374685e-06,-7.70426793181736e-06,5.37456928203088e-06,2.45839440588716e-06,1.08640704691294e-05
2024/05/16,-5.76559674257448e-05,-1.62861803480334e-05,4.51245343369794e-05,-8.3890981762647e-07,-7.94924687158546e-06,5.20533414127461e-06,2.37326880886462e-06,1.0965461836751e-05
2024/05/19,5.31090731204462e-06,-1.30050110295307e-05,4.24673349128376e-05,3.464457804734e-06,-8.17324868687158e-06,5.00976956751929e-06,2.28612149846373e-06,1.10670588976057e-05
2024/05/20,4.51745566634464e-05,8.90147896394499e-07,2.83209397835125e-05,7.44317783008793e-06,-8.3711819210281e-06,4.78638727448428e-06,2.19695841097947e-06,1.11688604966123e-05
2024/05/21,-3.88437678294313e-05,5.12638339459748e-06,4.61354490137746e-06,1.11214643209169e-05,-8.53795511740737e-06,4.53369897588895e-06,2.10578548270686e-06,1.12708654786897e-05
2024/05/22,-3.48711254744992e-05,1.45583490875353e-06,-2.39314785560931e-05,1.45508452552042e-05,-8.66847681936177e-06,4.25021638545266e-06,2.01260864994093e-06,1.13730726887568e-05
2024/05/23,3.03634869135139e-05,-2.11552268754729e-06,-4.98813881147493e-05,1.77828486109331e-05,-8.7576555702437e-06,3.93445121689481e-06,1.91743384897664e-06,1.14754809717324e-05
2024/05/26,-3.02836260587649e-05,-3.72247222460752e-06,-6.52691082307015e-05,2.08690023660869e-05,-8.8003999134055e-06,3.58491518393476e-06,1.82026701610903e-06,1.15780891725354e-05
2024/05/27,3.34584741727977e-05,5.36519620961358e-06,-6.34914214883959e-05,2.38394628977419e-05,-8.79193377779255e-06,3.20043538588482e-06,1.72111408763311e-06,1.16808961360847e-05
2024/05/28,-3.85784706702162e-05,1.89030822473931e-05,-4.34005429856224e-05,2.66389001793461e-05,-8.72881550731751e-06,2.78117333702472e-06,1.61998099984387e-06,1.1783900707299e-05
2024/05/29,4.3235074528879e-05,-3.31983568136964e-05,-7.98840892356892e-06,2.91906125834406e-05,-8.60821032186808e-06,2.32789742760912e-06,1.51687368903632e-06,1.18871017310973e-05
2024/05/30,-4.51317813528845e-05,-2.9243978592058e-05,2.99162398214465e-05,3.14178984825666e-05,-8.42735631392742e-06,1.84144892048818e-06,1.41179905689036e-06,1.19904970870136e-05
2024/06/02,4.32187415500377e-05,6.6140393974708e-05,5.97753882985112e-05,3.3244056249265e-05,-8.18349157597869e-06,1.32266907851208e-06,1.30476786662531e-06,1.20940807930424e-05
2024/06/03,-3.79959558873407e-05,5.46538893707423e-05,7.36298931647499e-05,3.4592384256077e-05,-7.87406519014265e-06,7.72610154168514e-07,1.19579184684544e-06,1.21978459017932e-05
2024/06/04,-3.63210884531103e-05,-2.98579962637543e-05,6.99066577707261e-05,3.53989454470092e-05,-7.49737019709012e-06,1.93168358495377e-07,1.08488272615496e-06,1.23017854658758e-05
2024/06/05,2.37223617011938e-05,-8.57742965148228e-05,5.28934064969585e-05,3.5651548996334e-05,-7.05259857153314e-06,-4.1354910783193e-07,9.72052233158117e-07,1.24058925378998e-05
2024/06/06,-1.79485680906102e-05,-8.3186121260232e-05,2.80150128857241e-05,3.53534670555313e-05,-6.54164069392566e-06,-1.04543504413798e-06,8.5731209645913e-07,1.25101601704747e-05
2024/06/09,8.7666123651555e-06,-9.68181179817918e-05,6.96350479300287e-07,3.45084462329958e-05,-5.96686140163646e-06,-1.70038224974735e-06,7.40674044662238e-07,1.26145814162103e-05
2024/06/10,1.40550723104148e-05,-8.1628510338208e-05,-2.40302623307969e-05,3.312017976525e-05,-5.33057216016203e-06,-2.37628352398464e-06,6.22149806371681e-07,1.27191493277162e-05
2024/06/11,-1.6362146147872e-05,-2.00347150101775e-05,-4.30093134511377e-05,3.11923608888164e-05,-4.63508443499892e-06,-3.07103166617441e-06,5.01751110191678e-07,1.2823856957602e-05
2024/06/12,2.10162564283578e-05,4.85264493634695e-05,-5.47041887192217e-05,2.87286828402175e-05,-3.8827953305242e-06,-3.78243383676069e-06,3.79489684726461e-07,1.29286973584773e-05
2024/06/13,5.36879244069283e-07,6.50801745166248e-05,-5.7884859667591e-05,2.57328388559756e-05,-3.07644450663721e-06,-4.50795464066526e-06,2.55377258580275e-07,1.30336635829518e-05
2024/06/16,-3.29612102505346e-05,4.52726049742402e-05,-5.19576061687387e-05,2.22235801652073e-05,-2.21885726211783e-06,-5.24497304392929e-06,1.2942556035734e-07,1.31387486836352e-05
2024/06/17,3.79540962887796e-05,2.18742897659293e-05,-3.88739414549633e-05,1.82798899674053e-05,-1.31285889574599e-06,-5.990868012594e-06,1.64631866189759e-09,1.3243945713137e-05
2024/06/18,3.04441256100366e-05,4.3057934991498e-06,-2.12216870985147e-05,1.39958094546562e-05,-3.61274706301611e-07,-6.74301851270058e-06,-1.27948737901826e-07,1.33492477240669e-05
2024/06/19,9.40296907856329e-06,-6.91813692088053e-06,-1.59468818067218e-06,9.46537981904655e-06,6.33070007435433e-07,-7.49880351029023e-06,-2.59347880729595e-07,1.34546477690345e-05
2024/06/20,-4.32356120211464e-05,-1.40077292848686e-05,1.73891161811677e-05,4.78264225266309e-06,1.66734994668523e-06,-8.25560197140416e-06,-3.92539381217181e-07,1.35601389006494e-05
2024/06/23,-4.44847766686233e-06,-1.91701757642186e-05,3.31078152345429e-05,4.16379475924456e-08,2.73873981266787e-06,-9.01079286208357e-06,-5.27511510760352e-07,1.36657141715214e-05
2024/06/24,4.38758800921627e-06,-2.24066119085622e-05,4.28411190353886e-05,-4.66359190407875e-06,3.84441430660345e-06,-9.76175514836964e-06,-6.64252540754871e-07,1.377136663426e-05
2024/06/25,3.57154445820953e-05,-2.30317524499657e-05,4.37111433726217e-05,-9.24091330326797e-06,4.98154812971206e-06,-1.05058677963036e-05,-8.02750742596501e-07,1.38770893414748e-05
2024/06/26,-3.15841665441764e-05,-1.46143289903982e-05,3.44453458052692e-05,-1.36058210229092e-05,6.14731598321382e-06,-1.12405097719266e-05,-9.42994387681025e-07,1.39828753457756e-05
2024/06/27,2.75069546175647e-05,2.05565927732025e-05,1.72074553165793e-05,-1.76757170289406e-05,7.33889256832878e-06,-1.19630600412799e-05,-1.0849717474042e-06,1.40887176997719e-05
2024/06/30,1.92214620977998e-05,4.69216532812813e-05,-2.83740618126595e-06,-2.13680032873003e-05,8.55345258627707e-06,-1.26708975704046e-05,-1.2286710931618e-06,1.41946094560733e-05
2024/07/01,-2.27382040465867e-05,2.32096995880667e-05,-2.02814604186265e-05,-2.46000817639265e-05,9.78817073827878e-06,-1.33614013253421e-05,-1.37408069634958e-06,1.43005436672896e-05
2024/07/02,2.34307810628565e-05,-4.35534800887244e-05,-3.11025706027946e-05,-2.72893544247572e-05,1.1040221725554e-05,-1.40319502721334e-05,-1.52118882836332e-06,1.44065133860303e-05
2024/07/03,-2.64631068228197e-05,-6.60008337772179e-05,-3.16250103102952e-05,-2.93532232357306e-05,1.23067802493229e-05,-1.46799233768198e-05,-1.66998376059879e-06,1.45125116649051e-05
2024/07/04,3.11817915495649e-05,-4.30634459050582e-05,-1.9985223389742e-05,-3.07297497015532e-05,1.35850210108054e-05,-1.53026996054424e-05,-1.82045376445176e-06,1.46185315565236e-05
2024/07/07,-4.13511059577955e-05,-6.61734565685594e-06,-1.56833477810136e-06,-3.14392088038397e-05,1.48716940330572e-05,-1.58976579240425e-05,-1.97258711131797e-06,1.47245661134955e-05
2024/07/08,-4.1505126984161e-05,2.29598087206419e-05,1.64283603155718e-05,-3.15202237859961e-05,1.61612380621566e-05,-1.64621772986613e-05,-2.12637207259322e-06,1.48306083884303e-05
2024/07/09,-1.34764626930164e-05,3.91591303330491e-05,2.68075666822229e-05,-3.10071279549886e-05,1.74438019077422e-05,-1.699363669534e-05,-2.28179691967326e-06,1.49366514339378e-05
2024/07/10,4.6610517798964e-05,2.46381192039634e-05,2.41514790484583e-05,-2.99545275951315e-05,1.87032618111397e-05,-1.74894150801197e-05,-2.43884992395387e-06,1.50426883026275e-05
2024/07/11,-4.54856622925161e-05,-1.76945335901095e-05,1.01602518835309e-05,-2.8521796172384e-05,1.99220790126766e-05,-1.79468914190417e-05,-2.5975193568308e-06,1.51487120471091e-05
2024/07/14,4.19001571315927e-05,-5.30553810669046e-06,-1.05459755299663e-05,-2.68948526983663e-05,2.10827147526801e-05,-1.83634446781471e-05,-2.75779348969983e-06,1.52547157199922e-05
2024/07/15,-3.68715462900505e-05,1.24956995754245e-05,-2.7364335015453e-05,-2.52596161846983e-05,2.21676302714776e-05,-1.87364538234773e-05,-2.91966059395673e-06,1.53606923738865e-05
2024/07/16,3.17280941645475e-05,-1.74590854497411e-05,-2.63713044353324e-05,-2.37703301207814e-05,2.31592868093964e-05,-1.90632978210733e-05,-3.08310894099726e-06,1.54666350614015e-05
2024/07/17,-1.84863837776557e-05,-1.94911761403395e-05,-8.19441493285675e-06,-2.24545359071411e-05,2.40401456067639e-05,-1.93413556369763e-05,-3.2481268022172e-06,1.55725368351471e-05
2024/07/18,-2.4811270470317e-05,8.84361051306502e-06,1.519416843844e-05,-2.13080994220838e-05,2.47926679039073e-05,-1.95680062372277e-05,-3.41470244901231e-06,1.56783907477326e-05
2024/07/21,-2.18361677621907e-06,3.40215205113035e-05,2.98618317598898e-05,-2.03268865439161e-05,2.5399314941154e-05,-1.97406285878685e-05,-3.58282415277835e-06,1.57841898517679e-05
2024/07/22,2.5949749587419e-05,2.46153172300014e-05,2.5838781056e-05,-1.94652929442054e-05,2.5842714412173e-05,-1.98567681082816e-05,-3.75248018491109e-06,1.58899271998625e-05
2024/07/23,-3.03685711476718e-05,-2.95265866840387e-05,9.006502123978e-06,-1.8511833467562e-05,2.61061094229876e-05,-1.99145856302042e-05,-3.92365881680632e-06,1.59955958446261e-05
2024/07/24,3.74862331245582e-05,-2.74558250423701e-05,-1.07906992957933e-05,-1.7213552751857e-05,2.61726779905894e-05,-1.99121882520388e-05,-4.09633696416275e-06,1.61011888386683e-05
2024/07/25,-4.71229815326517e-05,2.95029478444836e-05,-2.37128179864075e-05,-1.53174954349616e-05,2.6025776997032e-05,-1.98479145174139e-05,-4.27043896251513e-06,1.62066992345987e-05
2024/07/28,5.89192249201573e-05,1.57460490343654e-05,-2.27838972594046e-05,-1.26379904451448e-05,2.56501294635291e-05,-1.97215120752131e-05,-4.44584618130318e-06,1.63121200850271e-05
2024/07/29,-7.23356754497365e-05,-4.43559136157911e-05,-1.24196666879693e-05,-9.25850387226685e-06,2.50308074306653e-05,-1.95330966746434e-05,-4.62242090901404e-06,1.64174444425629e-05
2024/07/30,8.66470710555754e-05,-7.88026817340254e-05,1.17297720171611e-07,-5.32978609658589e-06,2.41528829390251e-05,-1.92827870458062e-05,-4.80002245324065e-06,1.65226653598159e-05
2024/07/31,7.69413102534666e-06,-5.33968297462882e-05,8.71739123818392e-06,-1.00258749836004e-06,2.30014280291932e-05,-1.89707019188028e-05,-4.97851012157594e-06,1.66277758893956e-05
2024/08/01,-0.000114525514582858,3.70988949614646e-05,1.18828942628043e-05,3.57234154215254e-06,2.15615147417543e-05,-1.85969600237346e-05,-5.15774322161289e-06,1.67327690839118e-05
2024/08/04,0.000126363348372819,0.000161245584897356,9.26905847166193e-06,8.24425064469372e-06,1.9818215117293e-05,-1.81616800907028e-05,-5.33758106094443e-06,1.68376379959741e-05
2024/08/05,-0.00013582484262678,0.000187020099751684,5.85660881357085e-07,1.28078640900345e-05,1.7756601196394e-05,-1.76649808498088e-05,-5.51788294716352e-06,1.6942375678192e-05
2024/08/06,-0.000105626860812122,7.5876379192063e-05,-1.29288554170254e-05,1.68398048030626e-05,1.53617450196418e-05,-1.71069810311539e-05,-5.69850818786311e-06,1.70469751831752e-05
2024/08/07,8.79482041352868e-05,-9.08273552797548e-05,-2.47392631190241e-05,1.98621703696946e-05,1.2618718627621e-05,-1.64877993648394e-05,-5.87931609063612e-06,1.71514295635335e-05
2024/08/08,0.000146014572344089,-0.000191160983728376,-2.69997702015759e-05,2.13931081974709e-05,9.51654423929305e-06,-1.58075545809666e-05,-6.06016596307555e-06,1.72557318718763e-05
2024/08/11,0.000106873746541466,-0.000180919912367951,-1.42512567779581e-05,2.10629240634756e-05,6.07175768326737e-06,-1.50663654096368e-05,-6.24091711277431e-06,1.73598751608133e-05
2024/08/12,-0.000134830046441578,-7.90914206596872e-05,9.41870849319215e-06,1.90098098986177e-05,2.35169655109904e-06,-1.42643505809515e-05,-6.42142884732536e-06,1.74638524829542e-05
2024/08/13,0.000123162115408096,5.26764778474715e-05,3.75358848168974e-05,1.54999167168561e-05,-1.56458866951472e-06,-1.34016288250118e-05,-6.60156047432166e-06,1.75676568909086e-05
2024/08/14,-0.000107507295181073,7.48470528728576e-05,6.36260313981805e-05,1.07993955321501e-05,-5.59804749087666e-06,-1.24783188719192e-05,-6.78117130135614e-06,1.76712814372862e-05
2024/08/15,3.57930095365999e-05,1.59918886140747e-05,8.10825440346974e-05,5.17439735845875e-06,-9.66962942528957e-06,-1.14945394517749e-05,-6.96012063602176e-06,1.77747191746965e-05
2024/08/18,6.7872361988568e-05,-3.14836014835346e-05,8.27079643912063e-05,-1.04752628682694e-06,-1.37002839850562e-05,-1.04504092946803e-05,-7.13826778591147e-06,1.78779631557493e-05
2024/08/19,-4.69021178296758e-05,-1.28836536720555e-05,6.20763078467551e-05,-7.29322187258816e-06,-1.76109606824794e-05,-9.34604713073661e-06,-7.31547205861822e-06,1.7981006433054e-05
2024/08/20,-4.8294488142174e-06,3.43772265182418e-05,2.00228930417275e-05,-1.29281353642742e-05,-2.13226090298618e-05,-8.18157169004526e-06,-7.49159276173496e-06,1.80838420592205e-05
2024/08/21,1.43921658198283e-05,4.50408358774701e-05,-3.06087235464192e-05,-1.73177127273344e-05,-2.47561785395062e-05,-6.95710170270753e-06,-7.66648920285463e-06,1.81864630868583e-05
2024/08/22,-8.9570116926805e-06,-2.02762066266397e-05,-7.47222006160334e-05,-1.9827399927218e-05,-2.78326187237155e-05,-5.67275589882474e-06,-7.8400206895702e-06,1.8288862568577e-05
2024/08/25,1.44663178932292e-05,-7.75600551932542e-05,-9.84949935931369e-05,-1.98226429293742e-05,-3.04728790947923e-05,-4.32865300849821e-06,-8.01204652947459e-06,1.83910335569863e-05
2024/08/26,-3.21092649528458e-05,-2.11870464280614e-05,-9.26374872456343e-05,-1.69089663880339e-05,-3.26053746605254e-05,-2.92491176182928e-06,-8.18242603016078e-06,1.84929691046958e-05
2024/08/27,6.04960138703666e-05,7.84747201501947e-05,-6.4758977172516e-05,-1.16522097125532e-05,-3.41883824106468e-05,-1.46165088891924e-06,-8.35101849922169e-06,1.85946622643152e-05
2024/08/28,-9.55257126863654e-05,9.85173019444253e-05,-2.66934866805442e-05,-4.85829100106967e-06,-3.51874740919589e-05,6.08401417147638e-08,-8.5176832442503e-06,1.86961060884541e-05
2024/08/29,0.000131519469693839,-4.68595650065736e-05,9.53820852496389e-06,2.66687164827894e-06,-3.55672540461541e-05,1.64130445644596e-06,-8.68227957283953e-06,1.87972936297221e-05
2024/09/01,-0.000163205606340148,-0.000101455639725176,3.11683231444711e-05,1.0117360137355e-05,-3.52904351243529e-05,3.27659369107536e-06,-8.84466679258236e-06,1.88982179407289e-05
2024/09/02,8.23715405182952e-05,4.24166530080543e-05,2.94294142716768e-05,1.66872563680209e-05,-3.43171139407471e-05,4.96094324447548e-06,-9.00470421107171e-06,1.8998872074084e-05
2024/09/03,0.000202488079507379,0.000116536161921738,1.23093510933375e-05,2.15637093162467e-05,-3.26068041631581e-05,6.68800556914843e-06,-9.16225113590054e-06,1.90992490823972e-05
2024/09/04,-0.000207989814458293,-6.8255765524437e-05,-7.66257871723291e-06,2.39061362544334e-05,-3.01190194594075e-05,8.45143311759629e-06,-9.3171668746618e-06,1.91993420182781e-05
2024/09/05,0.000204653491662506,-0.000139318856990853,-1.66437865960416e-05,2.28832049039143e-05,-2.68294568721415e-05,1.02448783423211e-05,-9.46931073494844e-06,1.92991439343363e-05
2024/09/08,-4.06061640637362e-06,1.55702621580213e-05,-4.4406222359725e-06,1.80390481054082e-05,-2.27851124789173e-05,1.20619936958249e-05,-9.61854202435342e-06,1.93986478831814e-05
2024/09/09,-0.000180522308428147,0.000153675429698304,2.32384436777967e-05,1.01877789783802e-05,-1.80862982981424e-05,1.38964316306099e-05,-9.76472005046967e-06,1.9497846917423e-05
2024/09/10,-2.895542533188e-05,5.9255233820073e-05,5.62413302032419e-05,4.97723956707757e-07,-1.2883373578162e-05,1.5741844599178e-05,-9.90770412089015e-06,1.95967340896709e-05
2024/09/11,0.000149045995146503,-0.000109627154154142,8.25436363632483e-05,-9.85192010215026e-06,-7.33756799090272e-06,1.75918850540314e-05,-1.00473535432078e-05,1.96953024525347e-05
2024/09/12,0.000115913458138708,-0.000150944552682329,8.96528811719283e-05,-1.96819563407349e-05,-1.61011120829159e-06,1.94402054476721e-05,-1.01835276250156e-05,1.97935450586239e-05
2024/09/15,-9.96202464008009e-05,-6.41449181304727e-05,6.80848343266335e-05,-2.79264464091156e-05,4.1377670977446e-06,2.12804582326022e-05,-1.03160856739064e-05,1.98914549605482e-05
2024/09/16,-0.000120207685791956,7.27685964818634e-05,2.03882682576723e-05,-3.39790665863561e-05,9.75141785415957e-06,2.31062958613238e-05,-1.04448869974733e-05,1.99890252109173e-05
2024/09/17,0.000120956556051204,0.000118991181088521,-4.68782842300631e-05,-3.73730740545706e-05,1.5102514383429e-05,2.49113707863389e-05,-1.05697909033092e-05,2.00862488623407e-05
2024/09/18,-0.000128280810332399,1.27438891269479e-05,-0.000121554952580605,-3.76543758065251e-05,2.00753798186806e-05,2.66893354601497e-05,-1.0690656699007e-05,2.01831189674282e-05
2024/09/19,-8.71877648585968e-05,-8.6937396044935e-05,-0.000184099160603856,-3.44019205189277e-05,2.45873789769838e-05,2.84338423352581e-05,-1.08073436921596e-05,2.02796285787894e-05
2024/09/22,0.000161197337922073,-7.30824615173194e-05,-0.000213330024261689,-2.72357854276866e-05,2.85970052346087e-05,3.01385438641663e-05,-1.09197111903601e-05,2.03757707490338e-05
2024/09/23,-0.000136136435671545,3.96606418757231e-05,-0.000192530597873624,-1.60977183375203e-05,3.20715168046824e-05,3.17970924993763e-05,-1.10276185012014e-05,2.04715385307712e-05
2024/09/24,-0.00021208690657552,7.39787449508159e-05,-0.000123484822124837,-2.1810899809577e-06,3.49781719003322e-05,3.34031406933902e-05,-1.11309249322764e-05,2.05669249766111e-05
2024/09/25,0.000240594726055013,-6.18353618481181e-05,-1.97574146783728e-05,1.30078231775196e-05,3.72842287346854e-05,3.495034089871e-05,-1.1229489791178e-05,2.06619231391632e-05
2024/09/26,-0.000198871496579967,-0.000113617322970754,8.03715053535196e-05,2.796274467343e-05,3.89569455208692e-05,3.6432345567838e-05,-1.1323172846763e-05,2.0756526532301e-05
2024/09/29,-0.000289550239366211,-4.06419872133231e-06,0.000148699527950668,4.11773980422918e-05,3.99635804720109e-05,3.7842807153276e-05,-1.14118357129433e-05,2.08507305149528e-05
2024/09/30,0.00030223739484862,0.000157119845130936,0.000167957123630376,5.11455068196234e-05,4.02713918012378e-05,3.91753781075263e-05,-1.14953404648944e-05,2.0944530907311e-05
2024/10/01,-0.000303134628172623,3.84412072074679e-05,0.000130717571086955,5.66449231578865e-05,3.98476215041157e-05,4.0423727100652e-05,-1.15735491777918e-05,2.10379235295679e-05
2024/10/02,0.00029307357579173,-0.000147522388744748,6.1856312419579e-05,5.75817258041451e-05,3.86667528963783e-05,4.15825693557192e-05,-1.16463239268113e-05,2.11309042019158e-05
2024/10/03,-0.000114408053850366,-0.000140472695237537,-5.67566942136322e-06,5.4101297978332e-05,3.67441504892423e-05,4.26505630443854e-05,-1.17135267871283e-05,2.12234687445469e-05
2024/10/06,-0.000262841694489838,-1.46271277225605e-05,-4.48697842765362e-05,4.62940444216322e-05,3.41491755899146e-05,4.36273480210654e-05,-1.17750198339185e-05,2.13156129776534e-05
2024/10/07,0.000257794517023001,9.83859996948087e-05,-5.24870131508146e-05,3.42386972238361e-05,3.09628621569963e-05,4.45125641401744e-05,-1.18306651423575e-05,2.14073327214278e-05
2024/10/08,-0.000239714264159294,0.000100561319892296,-3.15551149025455e-05,1.83383735371548e-05,2.72662441490886e-05,4.53058512561275e-05,-1.18803247876208e-05,2.14986237960622e-05
2024/10/09,-0.000295641155772759,-2.0686398081572e-05,8.55903438152757e-06,2.93730763479668e-07,2.31403555247927e-05,4.60068492233395e-05,-1.19238608448841e-05,2.1589482021749e-05
2024/10/10,-0.000171507085898942,-0.000179448410396059,3.79978656373792e-05,-1.78701886328775e-05,1.86662302427098e-05,4.66151978962256e-05,-1.19611353893229e-05,2.16799032186803e-05
2024/10/13,0.000408344538499869,-0.000105303001515684,3.03111620112672e-05,-3.44170771151641e-05,1.39249022614411e-05,4.71305371292007e-05,-1.19920104961128e-05,2.17698832070486e-05
2024/10/14,-7.57943414168211e-05,0.000230129894555175,-7.15557659455632e-06,-4.87655668568645e-05,8.9974055395879e-06,4.755250677668e-05,-1.20163482404295e-05,2.1859417807046e-05
2024/10/15,-0.00058062268215212,0.000484363087715287,-5.86079210888402e-05,-6.06230249590225e-05,3.96477403575118e-06,4.78807466930783e-05,-1.20340106974485e-05,2.19485028388649e-05
2024/10/16,-0.000486760107934261,0.000343888601732917,-0.000108620278437916,-6.96968185226818e-05,-1.09195829146773e-06,4.81148967328108e-05,-1.20448599423454e-05,2.20371341226975e-05
2024/10/17,0.000141489338099196,-7.30644893247195e-05,-0.000143242399838441,-7.56943146488859e-05,-6.09175748346765e-06,4.82545967502925e-05,-1.20487580502958e-05,2.21253074787361e-05
2024/10/20,0.00062301946586765,-0.000538695738388848,-0.000148892872544656,-7.83228804386785e-05,-1.09535895816474e-05,4.82994865999384e-05,-1.20455670964753e-05,2.2213018727173e-05
2024/10/21,0.000914657655905903,-0.00082476813561021,-0.000111795180732262,-7.74746395651372e-05,-1.56067671339118e-05,4.82492230732798e-05,-1.20351660600626e-05,2.23002636550872e-05
2024/10/22,0.000764677373671001,-0.000751144031668616,-2.56860063077515e-05,-7.37795534473742e-05,-2.00231772562907e-05,4.81035523819046e-05,-1.20175232078399e-05,2.23870379171049e-05
2024/10/23,0.000339038640515927,-0.000330083219360142,8.27186317211082e-05,-6.80452739025542e-05,-2.41921197453014e-05,4.7862324360883e-05,-1.19927103969587e-05,2.2473337134739e-05
2024/10/24,-0.000925085320632865,0.000308770682131811,0.000178409104301598,-6.1069016183434e-05,-2.81133309618688e-05,4.75254105168767e-05,-1.19608211561617e-05,2.25591569295023e-05
2024/10/27,0.000846488617162785,0.000638150721444252,0.000226375782380999,-5.36456835371942e-05,-3.17888592724946e-05,4.70926823565472e-05,-1.19219490141919e-05,2.26444929229078e-05
2024/10/28,-0.000725119726757474,7.30665289817257e-05,0.000201187909307162,-4.6444619639165e-05,-3.52207530436802e-05,4.65640113865564e-05,-1.18761874997921e-05,2.27293407364684e-05
2024/10/29,0.000271674140338945,-0.000384092363438536,0.000115730218030218,-3.96329298772753e-05,-3.84110606419272e-05,4.59392691135657e-05,-1.18236301417051e-05,2.28136959916969e-05
2024/10/30,0.000417740585937375,-0.000304551438121138,-5.00103052258569e-06,-3.32521600676042e-05,-4.1361830433737e-05,4.52183270442369e-05,-1.17643704686738e-05,2.28975543101063e-05
2024/10/31,-0.000275086587075091,0.00015591247034186,-0.000122689424972224,-2.73438560262304e-05,-4.40751107856112e-05,4.44010566852317e-05,-1.1698502009441e-05,2.29809113132095e-05
2024/11/03,0.000164709104244962,7.93113996454777e-05,-0.000194475740838897,-2.19495635692328e-05,-4.65529500640514e-05,4.34873295432116e-05,-1.16261182927496e-05,2.30637626225194e-05
2024/11/04,-9.36705451920497e-05,-4.48904397652693e-05,-0.000217303045729745,-1.71108285126901e-05,-4.8797396635559e-05,4.24770171248384e-05,-1.15473128473423e-05,2.31461038595489e-05
2024/11/05,5.70846421396548e-05,-2.85976186476235e-05,-0.000200201154388616,-1.28452635718522e-05,-5.08104988666356e-05,4.13699909367737e-05,-1.14621792019622e-05,2.32279306458108e-05
2024/11/06,-4.28872000678557e-05,-1.78604188114519e-05,-0.000157555049873645,-9.07474905865168e-06,-5.25943051237828e-05,4.01661224856791e-05,-1.13708108853519e-05,2.33092386028182e-05
2024/11/07,3.90119052419285e-05,6.05080237637872e-05,-0.000105088507321541,-5.6972321841921e-06,-5.4150863773502e-05,3.88652832782164e-05,-1.12733014262544e-05,2.33900233520838e-05
2024/11/10,3.49276137740834e-05,4.03659453070947e-05,-5.65587022627387e-05,-2.61066015957706e-06,-5.54822231822948e-05,3.74673448210471e-05,-1.11697443534125e-05,2.34702805151207e-05
2024/11/11,-3.73179343825366e-05,-6.23695417047665e-05,-1.68203249009486e-05,2.87019804089896e-07,-5.65904317166626e-05,3.59721786208329e-05,-1.1060233195569e-05,2.35500057134416e-05
2024/11/12,3.47773445035628e-05,-0.000133681006887201,1.53828817729421e-05,3.09786049570528e-06,-5.74775377431071e-05,3.43796561842355e-05,-1.09448614814668e-05,2.36291945685595e-05
2024/11/13,-3.12318848322061e-05,-0.000121501839700419,4.19099000796245e-05,5.92391470416554e-06,-5.81455896281299e-05,3.26896490179165e-05,-1.08237227398487e-05,2.37078427019873e-05
2024/11/14,2.92043354608492e-05,-7.60211560645842e-05,6.28862659795514e-05,8.86723521836702e-06,-5.85966357382322e-05,3.09020286285375e-05,-1.06969104994576e-05,2.3785945735238e-05
2024/11/17,-3.10592697436304e-05,-3.49665651187142e-05,7.80041538431161e-05,1.20298748272063e-05,-5.88327244399157e-05,2.90166665227604e-05,-1.05645182890364e-05,2.38634992898243e-05
2024/11/18,3.76945868358505e-05,-2.30293065484673e-06,8.69557380407124e-05,1.55138863195798e-05,-5.8855904099682e-05,2.70334342072466e-05,-1.04266396373278e-05,2.39404989872593e-05
2024/11/19,-4.84810434780489e-05,7.62971561632973e-05,8.94331929427335e-05,1.94213224843839e-05,-5.86684349311743e-05,2.49524150357995e-05,-1.02833680730747e-05,2.40169404490557e-05
2024/11/20,6.19601721818533e-05,0.000165450359586951,8.51685499523717e-05,2.38143790777164e-05,-5.827367048397e-05,2.27747856981567e-05,-1.013479712502e-05,2.40928192967266e-05
2024/11/21,-5.23196330660452e-05,0.000167875245716633,7.43549021287706e-05,2.85958237244799e-05,-5.76761599442603e-05,2.05029185206697e-05,-9.98102032190647e-06,2.41681311517848e-05
2024/11/24,-9.095803862051e-05,8.14158881000356e-05,5.84937484156199e-05,3.36285670167782e-05,-5.68809828307585e-05,1.81397161622117e-05,-9.82213119247702e-06,2.42428716357432e-05
2024/11/25,0.000100083170700519,-4.99735427535194e-05,3.96362802922541e-05,3.87755195467154e-05,-5.58943562027952e-05,1.56892188222733e-05,-9.65822326547446e-06,2.43170363701147e-05
2024/11/26,0.000114116664363951,-0.000128764448799505,1.98957039907295e-05,4.38995919063952e-05,-5.47227815048548e-05,1.31557510854994e-05,-9.48939006964165e-06,2.43906209764123e-05
2024/11/27,-0.000120908806971488,-0.000119093648455038,1.26033264136858e-06,4.88636946879215e-05,-5.3372760181422e-05,1.05436375365347e-05,-9.31572513372144e-06,2.44636210761488e-05
2024/11/28,4.77586996808077e-05,-2.65385488038774e-05,-1.4947273638013e-05,5.35307384833983e-05,-5.18511261058135e-05,7.85753518885572e-06,-9.13732198645666e-06,2.45360322908371e-05
2024/12/01,0.000123294052879305,6.0319690605928e-05,-2.81941702536169e-05,5.77636338849294e-05,-5.01660428666729e-05,5.10343077126659e-06,-8.95427415659016e-06,2.46078502419901e-05
2024/12/02,-4.50868908151461e-05,6.17785052370977e-05,-3.82776076902974e-05,6.14252914846187e-05,-4.8326006481476e-05,2.28764344140305e-06,-8.76667517286478e-06,2.46790705511208e-05
2024/12/03,-0.000113643815577894,1.64424087703321e-05,-4.56321204210023e-05,6.437862187457e-05,-4.63395129676985e-05,-5.8350764309905e-07,-8.5746185640234e-06,2.4749688839742e-05
2024/12/04,8.35264178769905e-05,-1.78217091469626e-05,-5.07811617748244e-05,6.64865356468873e-05,-4.4215058342816e-05,-3.50370332460393e-06,-8.37819785880885e-06,2.48197007293666e-05
2024/12/05,9.80919201003e-05,-2.41416985592615e-05,-5.42294111766222e-05,6.76084746156492e-05,-4.19576698462789e-05,-6.4666244454758e-06,-8.17750658596394e-06,2.48891018415076e-05
2024/12/08,-2.31579965643148e-05,-3.53907805099562e-06,-5.5615464325159e-05,6.75905984278252e-05,-3.95590925504287e-05,-9.46595184807879e-06,-7.97263827423155e-06,2.49578877976778e-05
2024/12/09,-8.4054169962418e-05,1.23659254212244e-05,-5.11565810422784e-05,6.63209687597897e-05,-3.70099745295518e-05,-1.24953663747772e-05,-7.76368645235452e-06,2.50260542193902e-05
2024/12/10,1.72668478216785e-05,-1.22718059475553e-06,-3.68822198401144e-05,6.38602363427485e-05,-3.43015568029279e-05,-1.5548548867935e-05,-7.55074464907568e-06,2.50935967281576e-05
2024/12/11,7.77089636028254e-05,-1.04244630542704e-05,-1.17067625912619e-05,6.03120509353667e-05,-3.14253258223717e-05,-1.8618934737381e-05,-7.33390639313791e-06,2.5160510945493e-05
2024/12/12,-7.82843551818651e-05,1.18744742589303e-05,2.12079897045293e-05,5.57800622963096e-05,-2.83737497698406e-05,-2.16989776628013e-05,-7.11326521328404e-06,2.52267924929092e-05
2024/12/15,4.80088287838948e-05,1.41575244435222e-05,5.59873913672704e-05,5.03679201842425e-05,-2.51395422598277e-05,-2.47808858913464e-05,-6.8889146382569e-06,2.52924369919191e-05
2024/12/16,8.35500006190052e-05,-4.61739056679527e-06,8.6046595388529e-05,4.41792743578305e-05,-2.17154169068259e-05,-2.78568676701668e-05,-6.66094819679935e-06,2.53574400640358e-05
2024/12/17,-8.54093729765114e-05,-1.91201134490443e-05,0.000104159736195379,3.73177745757388e-05,-1.80940873253282e-05,-3.09191312464133e-05,-6.42945941765424e-06,2.54217973307719e-05
2024/12/18,-4.63677023288917e-05,3.18416150923915e-06,0.000105089172153921,2.99091596924551e-05,-1.42682671298277e-05,-3.39598848672362e-05,-6.1945418295644e-06,2.54855044136406e-05
2024/12/19,8.32886898042564e-05,2.15817752607575e-05,8.80136211564428e-05,2.21675249457567e-05,-1.02306699348172e-05,-3.69713367797861e-05,-5.9562889612727e-06,2.55485569341546e-05
2024/12/22,2.50719903279603e-05,-3.38708441389949e-06,5.44368089071584e-05,1.4329054669243e-05,-5.97400935478972e-06,-3.99456952312137e-05,-5.71479434152198e-06,2.56109505138269e-05
2024/12/23,-7.41049588717503e-05,-2.5138275856251e-05,1.00062706617189e-05,6.62993319651384e-06,-1.4909990042383e-06,-4.28751684686694e-05,-5.47015149905505e-06,2.56726807741703e-05
2024/12/25,1.58894232719118e-05,3.3643418656173e-06,-3.82368742830839e-05,-6.9365513883119e-07,3.22564750234412e-06,-4.57519647393038e-05,-5.2224539626148e-06,2.57337433366978e-05
2024/12/26,6.35102515645927e-05,4.48464112318953e-05,-8.17464383497664e-05,-7.40552600319252e-06,8.18321655046458e-06,-4.85682922902675e-05,-4.97179526094406e-06,2.57941338229223e-05
2024/12/29,-6.59002011261431e-06,4.93224434354356e-05,-0.000112667342105709,-1.32694950629705e-05,1.338899452563e-05,-5.1316359368711e-05,-4.71826892278569e-06,2.58538478543567e-05
2024/12/30,-6.02537884778357e-05,7.18242336537328e-07,-0.000127859326343512,-1.80493779845654e-05,1.88502678133476e-05,-5.3988374221785e-05,-4.4619684768825e-06,2.59128810525138e-05
2025/01/01,6.40083730815806e-05,-7.22635964300318e-05,-0.000126966442940496,-2.15733320249802e-05,2.45743227991241e-05,-5.65765450966398e-05,-4.20298745197736e-06,2.59712290389066e-05
2025/01/02,-7.16566536617009e-05,-5.36116188651515e-05,-0.000111254719281559,-2.39269712481156e-05,3.05685363129549e-05,-5.90730802404261e-05,-3.94141937681311e-06,2.6028887435048e-05
2025/01/05,-5.77249253558026e-05,1.11163601785447e-05,-8.76619311806471e-05,-2.525851254356e-05,3.68385464199203e-05,-6.14701879002945e-05,-3.67735778013263e-06,2.60858518624509e-05
2025/01/06,1.26954467158382e-05,6.63575408130734e-05,-6.45598769566223e-05,-2.57078610739209e-05,4.33816794581194e-05,-6.37600763233955e-05,-3.41089619067871e-06,2.61421179426282e-05
2025/01/07,0.000103056491507442,6.56530394507844e-05,-4.90123812487498e-05,-2.54122604402037e-05,5.01926002040499e-05,-6.59349537568796e-05,-3.14212813719421e-06,2.61976812970927e-05
2025/01/08,-0.000110152968625803,-2.42660778788743e-06,-4.20644952633126e-05,-2.4502740544461e-05,5.72597597352559e-05,-6.79870284478975e-05,-2.87114714842201e-06,2.62525375473575e-05
2025/01/09,-2.37143313938319e-05,-2.75559617312604e-05,-4.03057816685994e-05,-2.30839244369323e-05,6.45452022774691e-05,-6.99085086435996e-05,-2.59804675310493e-06,2.63066823149353e-05
2025/01/12,1.83212935807527e-05,-1.16676595880628e-05,-3.89490575115234e-05,-2.12165961957798e-05,7.19671330843434e-05,-7.16916025911365e-05,-2.32292047998584e-06,2.63601112213391e-05
2025/01/13,0.000106310544369874,2.72016966173101e-06,-3.06040290427772e-05,-1.8951572562151e-05,7.94337900725184e-05,-7.33285185376589e-05,-2.04586185780755e-06,2.64128198880819e-05
2025/01/14,-9.61070049203074e-05,-1.30364071404415e-05,-9.35588998787548e-06,-1.6339670277193e-05,8.68534111586329e-05,-7.48114647303172e-05,-1.76696441531287e-06,2.64648039366764e-05
2025/01/15,8.21727883295727e-05,-2.21450067671196e-05,1.86831298889708e-05,-1.34317060820531e-05,9.41342342593262e-05,-7.61326494162619e-05,-1.48632168124475e-06,2.65160589886357e-05
2025/01/16,-6.62004989692553e-05,1.91554103352274e-05,4.42471629489662e-05,-1.02784967178785e-05,0.000101184497291237,-7.72842808426437e-05,-1.20402718434598e-06,2.65665806654725e-05
2025/01/19,-6.54606770895788e-05,6.68845294120999e-05,5.92800629201223e-05,-6.93085892581646e-06,0.000107912438171006,-7.82585672566131e-05,-9.20174453359389e-07,2.66163645886999e-05
2025/01/20,3.71062547230908e-05,6.6043465146253e-05,5.68397654466862e-05,-3.43960944701427e-06,0.00011422629481527,-7.90477169053207e-05,-6.34857017027856e-07,2.66654063798306e-05
2025/01/21,-2.86224834220669e-05,-2.65408286647166e-05,3.50954328591942e-05,1.07235832552714e-07,0.00012003430514067,-7.96439380359169e-05,-3.48168404094241e-07,2.67137016603777e-05
2025/01/22,2.69221222885236e-05,-0.000111639985269551,9.0250177353395e-07,3.47286444759625e-06,0.000125244707063844,-8.00394388955525e-05,-6.0202143301341e-08,2.6761246051854e-05
2025/01/23,-3.30504675167521e-05,-6.33783389858777e-05,-3.68385641895155e-05,6.383264788e-06,0.000129765738501432,-8.02264234527419e-05,2.28943957972076e-07,2.68080351757724e-05
2025/01/26,4.64080709308773e-05,4.50961099507365e-05,-6.89495588443076e-05,8.56442524364749e-06,0.000133505637370073,-8.01970644035103e-05,5.1914081985765e-07,2.68540646536459e-05
2025/01/27,-7.17984837045025e-05,0.000105550863015823,-8.61828403639785e-05,9.74233420442246e-06,0.000136372641586406,-7.99434735334628e-05,8.1019845206711e-07,2.68993301069872e-05
2025/01/28,-8.37666729822103e-05,5.74607590786073e-05,-8.07174409862535e-05,9.71518008657599e-06,0.000138274989067069,-7.94577484702587e-05,1.10191270636629e-06,2.69438271573094e-05
2025/01/29,0.00010029718981345,-7.72781422296055e-05,-5.04390892072117e-05,8.57451757735542e-06,0.000139116351563177,-7.8731986841557e-05,1.39407943452093e-06,2.69875514261253e-05
2025/01/30,-0.000110522223926713,-7.33891167549194e-05,2.90009432092979e-06,6.48921952285121e-06,0.000138796879886056,-7.7759883467707e-05,1.68649448829689e-06,2.70304985349479e-05
2025/02/02,0.000112235947240119,4.02533542860101e-05,6.77891165797561e-05,3.58340895747683e-06,0.00013726786342947,-7.65415219398173e-05,1.97895371945993e-06,2.70726641052899e-05
2025/02/03,-0.000105732171988007,7.3407994755603e-06,0.000130238003191566,-1.76085887640198e-08,0.000134482295027171,-7.50798717845738e-05,2.27125297977586e-06,2.71140437586644e-05
2025/02/04,-6.95788124183607e-05,-2.46465651631129e-05,0.00017642285534649,-4.18718187693971e-06,0.00013039697677553,-7.33830575002121e-05,2.56318812101045e-06,2.71546331165843e-05
2025/02/05,7.99587261469181e-05,9.51165493418048e-06,0.000197086897934387,-8.82888366520472e-06,0.000125000223510893,-7.14604923278545e-05,2.85455499492948e-06,2.71944278005624e-05
2025/02/06,-6.83022983745456e-05,5.56108478421059e-05,0.000196520513723962,-1.3836942046762e-05,0.000118302465814039,-6.9321589508624e-05,3.14514945329876e-06,2.72334234321116e-05
2025/02/09,6.12957211167422e-05,-3.27395246379985e-05,0.00018175848385162,-1.89835428453217e-05,0.000110317933633792,-6.6975762283643e-05,3.43476734788408e-06,2.72716156327449e-05
2025/02/10,-1.78067474981127e-05,-0.000126590117665401,0.000158029599415876,-2.40094114752091e-05,0.000101060856918977,-6.44324238940343e-05,3.72320453045125e-06,2.73090000239751e-05
2025/02/11,-6.08714223067044e-05,-0.000177255631326923,0.000130119019108122,-2.86552733507496e-05,9.05454656184172e-05,-6.17009875809204e-05,4.01025685276602e-06,2.73455722273151e-05
2025/02/12,3.41392325271808e-05,-0.00018697477602368,0.000102811901619748,-3.26618538862687e-05,7.87859896809371e-05,-5.87908665854241e-05,4.29572016659423e-06,2.7381327864278e-05
2025/02/13,6.81610457149844e-05,-0.000195033549757298,8.08934056421454e-05,-3.57698784960918e-05,6.57966590553609e-05,-5.57114741486681e-05,4.57939032370166e-06,2.74162625563764e-05
2025/02/16,-7.01670046003425e-05,-0.000226083161557753,6.91486898667056e-05,-3.77200725945443e-05,5.15917036905125e-05,-5.24722235117749e-05,4.86106317585408e-06,2.74503719251234e-05
2025/02/17,3.74881127993958e-05,-0.000185257003037701,6.9856623728184e-05,-3.82531615959517e-05,3.61853535352163e-05,-4.90825279158673e-05,5.14053457481729e-06,2.74836515920319e-05
2025/02/18,6.58478694921667e-05,-7.71845404219244e-05,7.52709196347952e-05,-3.71407908747207e-05,1.96227584983776e-05,-4.55518006020678e-05,5.41760037235709e-06,2.75160971786148e-05
2025/02/19,2.6011764772478e-05,5.48597259419651e-05,7.51390007381191e-05,-3.42838727205902e-05,2.07833540423413e-06,-4.18894548114991e-05,5.69205642023926e-06,2.75477043063849e-05
2025/02/20,-5.18948943499178e-05,0.000148979995651559,5.92082901897349e-05,-2.96365876834069e-05,-1.62202306628687e-05,-3.8104903785284e-05,5.9636985702296e-06,2.75784685968551e-05
2025/02/23,4.35877709716633e-05,0.000141883339894988,1.95935698020149e-05,-2.31652331280204e-05,-3.50331378035827e-05,-3.4207560764545e-05,6.23232267409391e-06,2.76083856715385e-05
2025/02/24,-1.58858260458286e-05,4.59796592746111e-05,-4.0832140517908e-05,-1.48622253792651e-05,-5.40944651585746e-05,-3.02068389904048e-05,6.49772458359796e-06,2.76374511519478e-05
2025/02/25,-3.21635770009528e-05,-3.74945692570059e-05,-0.000111673248395749,-4.72651050197133e-06,-7.31317621285153e-05,-2.6112151703986e-05,6.7597001505076e-06,2.76656606595959e-05
2025/02/26,3.22643507202903e-05,-1.98049223607582e-05,-0.000180357789280404,7.23548578522474e-06,-9.18650984602701e-05,-2.19329121464114e-05,7.01804522658851e-06,2.76930098159959e-05
2025/02/27,-3.70534027431624e-05,3.17978428718639e-05,-0.000229693694273329,2.09854483306098e-05,-0.000109982654467627,-1.76785335588035e-05,7.27255566360659e-06,2.77194942426605e-05
2025/03/02,4.58864798836586e-05,-3.65768513470759e-05,-0.000242980244851423,3.64696990572428e-05,-0.000127157247539146,-1.33584291822851e-05,7.5230273133276e-06,2.77451095611027e-05
2025/03/03,-5.8379305834635e-05,-0.000136850947026136,-0.00022485433524551,5.34070837238814e-05,-0.000143059724245531,-8.98201225797866e-06,7.76925602751732e-06,2.77698513928354e-05
2025/03/04,7.41668980354346e-05,-0.000203630993664924,-0.000184709075187353,7.06144267035034e-05,-0.000157360931157487,-4.55869602700706e-06,8.01103765794152e-06,2.77937153593715e-05
2025/03/05,6.74140979857149e-05,-0.000261849099117336,-0.000131424485807788,8.66830470226416e-05,-0.000169731714845717,-9.78937304927727e-08,8.24816805636603e-06,2.78166970822239e-05
2025/03/06,-0.000106832947166904,-0.000290165617345607,-7.26875222742e-05,0.000100204263707829,-0.000179842921880927,4.39098139044145e-06,8.48044307455664e-06,2.78387921829054e-05
2025/03/09,1.10166919578418e-05,-0.000166275949919925,-1.59683698065085e-05,0.000109769395785597,-0.000187365398833821,8.89851609467295e-06,8.70765856427911e-06,2.78599962829291e-05
2025/03/10,0.000119506664220617,6.820009114817e-05,3.03385389648187e-05,0.000113986372209045,-0.000191986455077277,1.34151500166884e-05,8.92961037729928e-06,2.78803050038077e-05
2025/03/11,-0.000112262938240563,0.00030210067488901,5.75970263203028e-05,0.000111564893474874,-0.000193494416052591,1.79305673157884e-05,9.14609436538292e-06,2.78997139670542e-05
2025/03/12,-5.02586242595469e-05,0.000394649513648762,5.69248523649443e-05,0.000101653044543269,-0.00019186875448058,2.24332771428305e-05,9.3569063802958e-06,2.79182187941815e-05
2025/03/13,7.67775586472888e-05,0.000374795377059284,2.42707781389967e-05,8.45560309619503e-05,-0.000187260208095658,2.69101817768125e-05,9.56184227380372e-06,2.79358151067026e-05
2025/03/16,6.3177867653801e-05,0.000288318901170102,-2.14014989434741e-05,6.08595054661898e-05,-0.000179853539670707,3.13478235231726e-05,9.7606978976725e-06,2.79524985261302e-05
2025/03/17,-2.40279604174743e-05,0.000149531387807517,-5.53130318310691e-05,3.1149120791258e-05,-0.00016983351197861,3.57327446873494e-05,9.95326910366791e-06,2.79682646739774e-05
2025/03/18,-2.56532478095569e-05,5.10510325426699e-07,-5.26848734723894e-05,-3.98947032757424e-06,-0.00015738488779225,4.0051487574781e-05,1.01393517435558e-05,2.79831091717569e-05
2025/03/19,1.93152547828754e-05,-9.84357333224578e-05,1.06955347879346e-05,-4.34042267590071e-05,-0.00014269242988451,4.4290594490906e-05,1.03187416691018e-05,2.79970276409818e-05
2025/03/20,-1.61173547697613e-05,-6.98942430620435e-05,0.000139256681540742,-8.36775537876239e-05,-0.000125940901028272,4.84366077411627e-05,1.04912347320719e-05,2.80100157031648e-05
2025/03/23,1.22338480178915e-05,1.92489493241076e-05,0.000266786601059187,-0.000120825468301979,-0.000107315063996421,5.24760696309895e-05,1.06566267842317e-05,2.8022068979819e-05
2025/03/24,-1.5154732201761e-05,-6.41579152898013e-05,0.000304682151463107,-0.000150863987190627,-8.69996815618376e-05,5.63955224658248e-05,1.08147136773472e-05,2.80331830924572e-05
2025/03/25,4.44203024406781e-05,-1.13344444995367e-05,0.000164766244732906,-0.000170449548410208,-6.51812274620795e-05,6.0181508551107e-05,1.0965291263184e-05,2.80433536625923e-05
2025/03/26,-3.40701442266185e-05,0.000386607541798207,-0.000141967032276259,-0.000178790534458133,-4.20627590249736e-05,6.38205701922743e-05,1.1108155393508e-05,2.80525763117373e-05
2025/03/27,-0.000236235434369911,0.000504406209823059,-0.000490123982574064,-0.000175673597631999,-1.79111958109204e-05,6.72992496947653e-05,1.1243101920085e-05,2.80608466614049e-05
2025/03/30,0.000128007475656584,-8.34897302728274e-05,-0.000739689286397389,-0.000160782881131475,6.9040335217485e-06,7.06040893640183e-05,1.13699266946808e-05,2.80681603331082e-05
2025/03/31,0.000651552043343743,-0.000740796596226,-0.000743750147947127,-0.000134318481522666,3.19903079731128e-05,7.37216315054717e-05,1.14884255690611e-05,2.80745129483601e-05
2025/04/01,0.000840781540718986,-0.000566462626770797,-0.000406395926296297,-9.86370782038008e-05,5.69550065432524e-05,7.66384184245639e-05,1.15983943949918e-05,2.80799001286733e-05
2025/04/02,-0.00118493507588274,0.000592102698740835,0.000146804544272311,-5.66344962811365e-05,8.14055082322468e-05,7.93409924267331e-05,1.16996290242386e-05,2.80843174955609e-05
2025/04/03,-0.00132693389053973,0.000725253166753567,0.000734777774246453,-1.12065608609304e-05,0.000104949192040176,8.1815895817418e-05,1.17919253085673e-05,2.80877606705357e-05
2025/04/06,0.00153281357515884,-0.000204445300288183,0.00117522803239894,3.47509029505604e-05,0.000127193436967119,8.40496709020568e-05,1.18750790997437e-05,2.80902252751107e-05
2025/04/07,-0.00166809923767525,-0.000673797516393125,0.00128097062064282,7.8342070047078e-05,0.000147745622013156,8.60288599860878e-05,1.19488862495337e-05,2.80917069307987e-05
2025/04/08,0.00169729463275506,0.000620915315893348,0.000926386868047804,0.000117062363833014,0.000166213126178366,8.77400053749495e-05,1.2013142609703e-05,2.80922012591126e-05
2025/04/09,-0.00160946773794293,0.000739507483886002,0.000246700654064358,0.000149972201755357,0.00018220332846283,8.91696493740803e-05,1.20676440320173e-05,2.80917038815654e-05
2025/04/10,0.000441053338095031,-0.000265542695594296,-0.000522668045266769,0.000176523249771741,0.000195323607866627,9.03043342889185e-05,1.21121863682426e-05,2.809021041967e-05
2025/04/13,0.00117905099482094,-0.000783169315905814,-0.00114201006644342,0.000196167173839805,0.000205181343389836,9.11306024249026e-05,1.21465654701445e-05,2.80877164949392e-05
2025/04/14,0.000307298220240994,-0.000154107892370943,-0.00143128732987364,0.000208355639917183,0.000211383914032538,9.16349960874707e-05,1.21705771894889e-05,2.80842177288859e-05
2025/04/15,-0.00038151308912154,0.00062824614250097,-0.00144374580417347,0.000212540313961512,0.000213538698794811,9.18040575820616e-05,1.21840173780416e-05,2.80797097430231e-05
2025/04/16,-0.000444914526928431,0.000486874541234861,-0.00128644893057407,0.00020835563994458,0.000211383950272381,9.16288162030481e-05,1.21867484349532e-05,2.80741901006035e-05
2025/04/20,0.000311413297073537,-0.000386566814641858,-0.00106138907991987,0.000196167173894784,0.000205181415443547,9.11182492005422e-05,1.21788991815836e-05,2.80676638991693e-05
2025/04/21,-0.000255698696754148,-5.68880548980847e-05,-0.00088582362892874,0.000176523249854672,0.000195323714882256,9.02858208135906e-05,1.21606659173553e-05,2.80601372473247e-05
2025/04/22,0.000243374389012594,0.000295675850030722,-0.000761937825145579,0.000149972201866793,0.000182203469162452,8.91449952812398e-05,1.21322451743608e-05,2.8051616021004e-05
2025/04/23,-0.00023199916865431,-0.000301592934659702,-0.000660176131859059,0.000117062363973694,0.00016621329885808,8.77092368425366e-05,1.20938334846923e-05,2.80421060961419e-05
2025/04/24,7.6253771181383e-05,-0.000384705671620503,-0.000552035091866839,7.83420702179248e-05,0.000147745824543086,8.59920097365276e-05,1.2045627380442e-05,2.80316133486728e-05
2025/04/27,0.000165261347031294,-5.62579020061519e-06,-0.000417985240716961,3.47509031526819e-05,0.000127193666791415,8.40067782022594e-05,1.19878233937024e-05,2.80201436545312e-05
2025/04/28,-0.000130042542118028,0.00031315829968897,-0.000273341005450022,-1.12065606262415e-05,0.000104949446177012,8.17670064787785e-05,1.19206180565655e-05,2.80077028896515e-05
2025/04/29,0.000115366968808048,0.000426862955966506,-0.000142127785979761,-5.66344960124037e-05,8.14057832738226e-05,7.92861588051318e-05,1.18442079011237e-05,2.79942969299684e-05
2025/04/30,-5.80282536725529e-05,0.000576666629445033,-4.8370982219913e-05,-9.86370778993622e-05,5.69552986557913e-05,7.65776994203658e-05,1.17587894594693e-05,2.79799316514163e-05
