Model 1,Model 2,Model 3,Model 4,Model 5,Model 6,Model 7,Model 8,Model 9,Model 10,Model 11,Model 12,Model 13,Model 14,Model 15,Model 16
0.0019411600516230434,0.0019411600516230434,0.003009844312440134,0.002214903348636256,0.003232832125755515,0.0019411600516230434,0.0019411600516230434,0.0019411600516230434,0.0019411600516230434,0.0019411600516230434,0.0019411600516230434,0.0019411600516230434,0.0019411600516230434,0.0019411600516230434,0.0019411600516230434,0.0019411600516230434
0.0018665197401801434,0.0024265600030124596,0.004807844134078081,0.0036459954819283713,0.005565658188714975,0.002583272686057847,0.0017039232343954783,0.0018373168226396078,0.0001108158208940821,0.002735919058214159,0.002583272686057847,0.0026293125395978334,0.0006411392941837735,0.001907972974434756,0.0027941221831075183,0.0002705605453332191
0.0015831610075678626,0.0019186298192332002,0.0044303282682180214,0.0031602296252884327,0.005431381798039661,0.0001971889852955197,0.003949312691027829,0.0034630806850641516,0.0004776909534515636,0.0034872812693452493,0.0024338503747698415,0.003230679255844568,0.002849596022737072,0.0038741391310892354,0.004461309652901424,0.002235469712202967
0.0001952592320334512,0.00024845225937797366,0.002517401794247087,0.0016063967501480717,0.0033071278368235757,0.001321988113163218,0.00238958686963852,0.0015930472354214256,6.987756841550508e-05,0.0013201461611515863,0.003084391215410487,0.001782973075298122,0.0014454884505882143,0.0021986585961460137,0.002361808868357823,0.0009101863613704408
0.0013337891248179912,0.001056571820338928,0.003997383400187432,0.002654107548653181,0.005153463439406994,0.0010193234144782043,0.003949603087641848,0.0026882873428387896,0.0012578151087114658,0.0018723458914948268,0.0005274467550516401,0.0039338588617820955,0.002634122729768852,0.0035910982556831353,0.004001880012511803,0.0018823625493760779
0.01046952298261318,0.011254030861302042,0.00260507210582038,0.004758171232557784,0.001125187399434395,0.030462844456377564,0.0011072357769837254,0.002897581347217862,0.007798919362122236,0.0015307987402496254,0.02093875927294203,0.001412164587726264,0.0026513434404453473,0.001759577608522328,0.0009036419145888042,0.00426642797655688
0.0006360457940804282,0.00039534871330634824,0.002781553897857253,0.0018041976705386875,0.004017147415155797,0.0004176370522495851,0.004356087459564825,0.0030645937084831792,0.0025237803004873605,0.0009826664635281396,1.4035117140660802e-05,0.0037586868665805268,0.003020728500448107,0.003592933348809932,0.004563966573991496,0.0022934521785075296
0.00047037329143476136,0.00020164878402624542,0.002519996080755822,0.0016002181181193342,0.003950137515754695,0.0051177893175571865,0.0028657530788600075,0.001986910393648504,0.0022025462732774004,0.0007469850862408117,0.0010136204101132973,0.003179758919697351,0.001691465530173207,0.002543038100689045,0.003184519123687113,0.0012601690099312904
0.0008011781005105023,0.00036720881109782166,0.002870480968765625,0.001961434507686134,0.004399858846876353,0.0040778382112123535,0.002245662177258481,0.0016760604089885722,2.9900821029722746e-05,0.0009728635865516588,0.0030822707176624276,0.0031779940694001696,0.0010809677265956538,0.001957863256997955,0.0023803776398602927,0.0006410699708485484
0.0023439051496722957,0.002596111353017516,0.0037721966632623533,0.0027930322726257284,0.0056189062161735165,0.0022324409988921726,0.0032542140708127776,0.002942718640269709,0.001562668197839276,0.0020503702876234556,0.0022200683690380627,0.0037095308523416443,0.0016256009399297222,0.002486371040919408,0.002725484387024954,0.0007977940876595507
0.0010179955687892456,0.0015910395814416889,0.0026262776760734713,0.001800267899270569,0.0037509585226933873,0.004135883582522301,0.0008152416862846831,0.0010826993925795309,4.6203862318155986e-05,0.0018055514704019213,0.005610830942861772,0.0012641740855216521,0.00010449767650364677,0.0008084879304868786,0.000260841274114805,3.4219137613755723e-08
0.0035009897992289638,0.004048502731175227,0.00558695638383537,0.004603563818139769,0.007301684753193552,0.0008773315619658995,0.0013949690478661791,0.002526174466350853,0.0023793014142320726,0.003481957361794831,0.0008773315619658995,0.002836320026579693,0.0009445984040947208,0.002695753274824346,0.0006352819179956809,0.0007242795512024114
0.0018230437149029804,0.002263474013059194,0.004171120126812783,0.0032780134229693364,0.005621439351952695,0.002400412059353922,0.0009550450756169032,0.0014929224150825593,0.002400412059353922,0.00158560569966288,0.002400412059353922,0.001435312545643365,0.0005816479937555269,0.0013156193716296755,0.0007176950910314367,5.808039055397313e-05
0.0009757012745274588,0.0011530369521840778,0.003381289314057581,0.0025223885296947884,0.004717533704119425,0.0034938977750472028,0.0016467001609221377,0.0016673580941147445,0.0005185883448955084,0.0021717183979500926,0.0034938977750472028,0.001047972559383721,0.0010180980199896023,0.0015755231225285798,0.0020668914069375544,0.0002189260338747792
0.0012307282990899338,0.001201149972918529,0.0038685277239244725,0.0029406637310537623,0.005508343008303364,0.002557985502947377,0.0018520413875159486,0.0019307749866286777,2.860615286939816e-07,0.001407640314159922,0.002557985502947377,0.0015164111305234623,0.0012508943175942866,0.0023560763197845724,0.0024738494880130746,0.0005238690121203357
0.0032190582785233124,0.00264405390709746,0.005097473360388724,0.004302289468201367,0.007043508818270414,0.0008499213959480764,0.00196988095999822,0.00238561790212366,0.0006176725307722314,0.003496233847496255,0.0008499213959480764,0.0032809976716213635,0.0018984949321859124,0.0035591872481028908,0.0025496708284902803,0.0012177493932976555
0.0015274274196798998,0.0009262604056235746,0.0034010636196202815,0.00277678586073328,0.005405229366126307,0.0024890802046256266,0.0017139123326427586,0.001818808176105649,0.00016257632550913115,0.0018208472818890264,0.0024890802046256266,0.002792562386764244,0.0018723776475981224,0.0029548051596251512,0.0018591847225059716,0.0011922830095755163
4.938028819734264e-07,3.4372185128903054e-05,0.0006764619302776359,0.00037213503667040543,0.002098551222726952,0.010842794542310477,0.00037064196462509996,0.00033879902100499015,0.0005561947661534491,0.0013879087938676454,0.010842794542310477,0.000678013193646701,0.00025042088119140576,0.0006784630181825568,0.000258775889707602,2.7599747839730793e-05
0.00016232697833839377,0.00045758128784958996,0.00025469239891903056,0.0001224713992746193,0.0014701380024246535,0.014089614516687388,2.424458901001403e-07,7.327950427502006e-06,0.0011131032671157226,8.907164704927834e-05,0.014089614516687388,0.0002852963176116566,9.472167028862916e-05,7.282476559186679e-05,9.562398969598096e-06,0.00032393606485116994
0.002178841472555461,0.0014762066299527296,0.004472417523336783,0.004115756626984712,0.007157584076579349,0.0007798090354309423,0.0024305542171509167,0.0028473569989550668,0.00011065825230011095,0.0011412249085212545,0.0007798090354309423,0.004637105500997343,0.0017629219663822943,0.003337343638656287,0.0026539822150091485,0.0012591320426545427
0.0008961721635070558,0.00038717914758260724,0.002848739883920509,0.0026495983737027246,0.005462195011240678,0.0023655800696492923,0.002064002288852243,0.0023100162059004684,0.00013764642049922393,0.0021735133147085944,0.0023655800696492923,0.003087355851587613,0.001809376199523427,0.0029150496463415665,0.002357178793726003,0.0012789146613657043
3.9790825206643954e-05,9.822594723028072e-05,0.001368497542140884,0.0012396702084790795,0.003563937709417174,0.005502569575762936,0.0012307446162391905,0.0013333704687180092,1.4621660767419331e-05,0.0005002872568204836,0.005845527751139071,0.0012769960003282121,0.00119831551497028,0.001992490760101266,0.0010986383321053492,0.0007841758680651595
0.0009949894976461482,0.0008835914950613699,0.0019768597799575544,0.002017809299581827,0.004365664150296433,0.004135059205903055,0.0012045371692788326,0.0012965347286516965,4.095746321208793e-05,0.0013897837689894749,0.004135059205903055,0.0014593187069366215,0.0012523224406437647,0.0021738204492989105,0.0008274520037354904,0.0007588005240544149
0.0013376675893903497,0.0010300030794771278,0.0022513771883919606,0.0022046007582197033,0.004574780746253587,0.0038681815226776634,0.001033357631474982,0.0010914440675731246,8.086538926712489e-05,0.0013843281910446148,0.0038681815226776634,0.0013881556592184041,0.001021057863103518,0.0019364269461170092,0.0006619167285375482,0.0005451706017207264
0.0011311236026400606,0.0007358882846989767,0.0022030875195295577,0.00200677402703614,0.004678664620216419,0.00306481284537459,0.0013740485731352989,0.001464073632525889,5.7147182952410613e-05,0.0018025647183434745,0.003700494674308455,0.001187958189153196,0.001296861564964738,0.002126373137496043,0.0010477368846014135,0.0007857543537702072
0.00017368963750991062,3.814051342318492e-05,0.0010335485865825278,0.0009561337958217328,0.0030980909285865804,0.007185627477111656,0.00017601934488490484,0.0002835681370431595,0.0009803823820256144,0.001044741844428966,0.007185627477111656,9.994991041167856e-05,7.933107541990142e-05,0.00047974632207391926,0.00011415412726915874,4.701714671442869e-06
7.628675806045648e-05,1.44876779305525e-05,0.0011182642665977932,0.0010733988645802647,0.0031819115824692143,0.006961475266825043,4.959274707734551e-05,1.0619880488893507e-08,0.006961475266825043,0.00043307676111992155,0.006961475266825043,1.053132221186942e-05,0.0003340363115544448,8.35391922808515e-06,5.0996459329127886e-06,0.0013342652180477824
0.00018145350876568045,3.902058263033359e-07,0.0013351685511114458,0.0012913972832929999,0.0036203888591600925,0.005902786318634806,3.4263213429738815e-06,2.1782618388956065e-05,0.005902786318634806,0.0008006992272354546,0.005902786318634806,6.599714380649269e-05,0.00020463708562875466,5.8943976640100926e-05,1.9421072768602277e-05,0.0010480645096489632
0.0015005230526764918,0.001149386870273314,0.003394398865262785,0.003286591372694256,0.006229512021006307,0.0015275368238570827,0.001331458493392411,0.0016422532126681988,0.0007039196892993441,0.0028009219063751395,0.0015275368238570827,0.0013177923461310387,0.0009305627004856654,0.002032162637444275,0.0013619621351326355,0.0003704496736232424
6.437691670260065e-05,7.293464330350441e-06,0.0013018180959179365,0.0011867137483682969,0.003551874009653462,0.005960837903989866,4.944814036594164e-05,0.00014579054324263124,0.004720632901605459,0.0016423941477084897,0.005960837903989866,0.00014197356767352287,5.76797805414142e-07,0.0003479087462815167,1.9704144748271257e-05,0.00016143700610403433
0.0002773546396311888,8.11569012989441e-05,0.0021995572054119283,0.0020942419781874375,0.004693534377582784,0.0035823194305806966,0.0001167745763466857,0.00023967475906476465,0.0035823194305806966,0.0019695337915496616,0.0035823194305806966,0.0007947911087555007,6.260278763992044e-07,0.0004049479152887919,0.00014941073397456428,0.00026843084812175344
0.0009200836572487645,0.0009353935933186786,0.0031770478758623294,0.003004383862410878,0.005857430813679329,0.0019579631272916495,0.0009414314914654859,0.0010473119600805797,0.0013392242671156976,0.0016299916413232973,0.0019579631272916495,0.0018633007635079357,0.0004123194589413584,0.001301508639837183,0.0013604575129525232,8.417929397550733e-05
2.866739641921301e-07,9.382903439695417e-05,0.00042484084522008414,0.0002754232666503653,0.0022990909851864014,0.008092764130454955,1.0375061321260537e-05,8.26756338297846e-06,0.003180005078490186,0.00026186413813972936,0.010181804035862496,5.363489718438613e-05,2.661203072850532e-05,8.849598671367698e-05,9.685387341682589e-05,0.00019260541541503418
2.636599620264163e-05,0.00013073829343199922,0.0008524550614291554,0.0005922276952435024,0.0031115472213399734,0.004430428904862574,0.0001836570501366,0.00013772529399413286,0.0019228446534515914,0.000858380932472369,0.007242621029239157,0.00024036751632023484,8.270228660868517e-05,0.0005212227643814765,0.0003282970604511076,5.590835698787711e-06
0.0007914862232656361,0.0005604426763586925,3.4730330161214518e-06,8.195270647236297e-06,0.0010246162445693985,0.0074408435920593485,0.00015718094611551214,0.0002727025804681524,0.0048755607507529886,3.7182352068468316e-06,0.01734588253383254,0.00019228497500619474,0.00015352106050163516,4.404372851235516e-06,8.944302790252906e-05,0.00035591497945357264
0.000594873868479423,0.0008008747989816517,0.0025202521544371165,0.0021940936994217786,0.005402284635678503,5.1785998914186115e-05,0.002227206750034988,0.0020743144237649336,0.0004240195610775571,0.0019374947657195968,0.002504853894740991,0.0015143206599336767,0.002621006557242081,0.0035975836798851496,0.002250157644826556,0.00228914885843072
0.0014320666994664735,0.0018861573983934218,0.0039679075809701606,0.0035879993950337086,0.007176333092635587,0.00029970336568230227,0.003253103855572842,0.003508768485420574,0.0009274112640281773,0.003137597519574792,0.0007750930817227511,0.0024253677966063272,0.003951800379403597,0.005118399388693018,0.003257609850503773,0.003588167917372355
0.0011782353105524446,0.00204336230586262,0.003571763276677957,0.0031844858894480438,0.006576511424023698,0.0011950652058305075,0.001342577897539013,0.0019913846434899893,0.0006074173032973654,0.0026224110580383778,0.0011950652058305075,0.0015490830355890522,0.001860040711741423,0.0031557597756656022,0.0017943955761352895,0.0014309792007642513
0.002963579969784108,0.003619223636620275,0.006448423537600334,0.006058764265617883,0.009669738276771783,1.7493427025352948e-06,0.003007278651846537,0.0040459348445035515,1.7493427025352948e-06,0.004679867129219889,1.7493427025352948e-06,0.0036623315747233848,0.0031119963732176154,0.004760412821674984,0.004109189254657586,0.002233022100356967
0.0018935465614026634,0.0021903815562429874,0.005359688905538715,0.004761942833666773,0.008304015972186829,0.00024741973588268684,0.002929414784867093,0.0035992188626117333,0.0007508729054727659,0.0027476445909053737,0.00024741973588268684,0.0025126091701540426,0.0027075307586632985,0.004204646218205502,0.003460182877476646,0.002046861594788743
0.007632329785493205,0.00813787121737479,0.012052295703343568,0.011425129201273337,0.015120600487809704,0.0022308146426203296,0.010295913848203171,0.010563693946589122,0.00903831764993434,0.009993007959543804,0.0022308146426203296,0.008737938656956871,0.010027562742592061,0.011719401125002457,0.009778822731101353,0.009460129934993802
0.003988289675957352,0.004000053316412344,0.00016968294757742364,0.0004252437479364546,0.000332999843333133,0.025474476798844792,0.0007545790109379433,0.0011062244017068235,0.01151308781480552,0.00016874617157829758,0.025474476798844792,0.001977410928307506,0.0014928608772245347,0.00048578953725945256,0.001503951097035057,0.002734657549663025
0.0004835294544470528,0.0003769891106760806,0.003385544014337147,0.0028875661723159335,0.006248810628647718,0.0014695141083584037,0.002728068447823792,0.002057514952160333,0.0001584950855192807,0.0022427521601279254,0.0014695141083584037,0.002074502155757399,0.0015249276569920533,0.002546225983000222,0.0024509967870137567,0.0007963847150173411
0.001280057566023611,0.0008416588563477934,0.004131022519185137,0.0035441059544120135,0.0073080113660348445,0.0006768487669273904,0.0033148508866803345,0.0028424302100890225,0.0020110632386004593,0.0021140433057336983,0.0006768487669273904,0.0032942643971885788,0.001993206290582708,0.003377489431671994,0.0034326632982805555,0.0015058387707727744
0.0025231725846255396,0.0014066538760440228,0.004464859322540586,0.004089943926727485,0.007881846724248777,0.00035286179355120684,0.002341189358583441,0.002401263999047165,0.0024663602573700844,0.003633104207600664,0.00035286179355120684,0.003808119262114343,0.0016488974828196834,0.0031576299240251293,0.002777660830617569,0.0014715353320638724
0.0023494161819158157,0.0009432241306444739,0.004433026168211993,0.004086990678134492,0.008152710962610554,0.006764140526590509,0.001259328689652145,0.0015116392708554305,0.006764140526590509,0.0036458876769688564,0.006764140526590509,0.0041256804197713215,0.00019458296585758011,0.0011635975272312749,0.001166852137438626,2.6835550609519143e-06
0.00439647508428842,0.002436524036511359,0.007473856763465042,0.007176633016061765,0.01081833016567946,0.0020516567027736854,0.002393098037647222,0.0030830208265974213,0.0022130791308856215,0.004474058333818504,0.0022130791308856215,0.006697153247222809,0.0002257492335108191,0.0017481825274967139,0.0020173535750047517,6.727176057465256e-06
0.0023860242767992992,0.000831529882921879,0.00536501012570402,0.005268183470160767,0.008900405684712558,0.0020309509948070806,0.00048328743190095835,0.0017732047107780965,0.0007453115450854406,0.0034977956745960714,0.0054906718815121575,0.004399709527871387,4.579411837318803e-06,0.0011872608669854096,0.00027706428418372564,5.090059275389414e-07
0.006138811925245714,0.004504787480477848,0.009601915310040721,0.00949352851698073,0.013202746712207062,0.00040716926874428266,0.0019380750460876173,0.004675532579768785,0.00040716926874428266,0.005379034182133521,0.00040716926874428266,0.008013480480113425,0.001233272574463068,0.003582899498539363,0.0021429372748408906,0.0006096146078695686
0.0013202796954333296,0.000362249336610769,0.004202596029446379,0.004170775650888574,0.0075352465620730155,0.008278849317761794,2.8718753908099637e-06,0.0006014976669912603,0.008278849317761794,0.002100858801735425,0.008278849317761794,0.0028335322398569535,8.608444399288429e-05,0.00019272250560358611,0.0005103445879703974,0.0013379355706086213
0.0008283118336099154,4.248584651398574e-05,0.003806985260321097,0.0038097834347354947,0.007182823633513427,0.009582165938355022,0.0004106990104251612,0.0010875493534095657,0.003911545377951936,0.0015114073850724177,0.009582165938355022,0.0025522680050749924,0.00017295490951003273,0.000986038539811454,0.0016631662032939726,2.301612837408984e-06
0.0003415402750211738,7.166690660728725e-05,0.0023425741096058106,0.002368554793872671,0.005695874284312466,0.008386229862452438,0.0004707156031970583,0.0007636523246569299,0.002838832096055552,0.0009658732283705021,0.014556310499552735,0.0015577778348525445,0.00023312551699416345,0.0010457716994342683,0.0009234585401241835,1.786429372307302e-05
0.0006456352329730283,0.004141408131621643,0.00021573914627229934,0.00025430558511545936,0.002347226502267895,0.016018815069454656,9.581177585343825e-08,8.794343927136239e-06,0.0010876474419256668,0.0001362858535674874,0.03600012883286274,6.045312019356541e-05,3.943004329294564e-05,0.00014433023479689527,5.659918381069329e-05,0.00011635749204395168
3.5171357131540126e-05,0.002190474815508492,0.00041405570838377176,0.00047189884171691676,0.002989706032423642,0.004849304164340165,0.0006846579347869614,0.0002727545532659678,0.00032761681090950207,0.0012671163090676937,0.030171116022914474,0.0003790914553332414,0.00044354750350811267,0.0011141537810355623,9.76957390585037e-05,0.00037204151190523005
1.9938965639121342e-06,0.0019194528455156665,0.000932744102486581,0.0010878688555290839,0.003969332518209176,0.0019478653225528941,0.001760403789757059,0.0010466072320805403,4.857917799007405e-06,0.0005862315722803754,0.023111089090105882,0.0008985650735893608,0.0012614793867714857,0.0020859084336971034,0.0006220115735170659,0.0011628041890986013
0.003890056865230279,0.016740637646406736,0.00036767918149822887,0.00024718111683839916,0.0005267199182566809,0.03392368720023578,0.0002883281413224789,0.0005786054185379988,0.004150702710168291,0.0004211740857416671,0.06522663371363344,0.0006513400079451656,0.0010456789714472711,0.00014326916297333764,0.0016601538852715689,0.0010191178080786387
0.00042585916734561025,0.0006879957703340989,0.00285333921720822,0.003054347263323015,0.006650497084547395,0.011080456623603477,0.0020193032557007384,0.0020803128794056047,0.0001669247747264277,0.0020119159469147857,0.011080456623603477,0.0020198877704815793,0.0011342010308922346,0.0025762023471247175,0.001216449653608849,0.001149161783920473
0.0005203477684910807,1.6135877479464544e-05,0.0026479509710290727,0.002878137542661252,0.006184815800045228,0.01275090087165022,0.0020282080784272405,0.0022960564464497707,8.95043104771967e-05,0.0013377657745777816,0.01275090087165022,0.0015821692978572818,0.001461819757718405,0.0026555884466442567,0.0017098401749971182,0.0013202518784450057
2.2851884395984345e-05,0.0018246396738120368,0.001132729176299238,0.0012677824392546833,0.004014082235676383,0.015421304736045971,0.0009509176732697966,0.0012880883875841936,1.2629152013235445e-05,0.0010895276694735806,0.02365854164940065,0.0003751547175364911,0.0008293132246489227,0.0015716838798020272,0.000892738507304508,0.0005966665424551321
5.9339683116839403e-05,0.002624743542051902,0.0011984281215365114,0.0012912641776951367,0.004111477972838631,0.01348653053327295,0.00088976768076586,0.0014252298743145098,2.7591181562189315e-05,0.0011913621967036964,0.021867884535792942,0.0005673192777266162,0.0010642096214177055,0.001822652788455302,0.0011401371635710797,0.0007019600530435849
0.0001521476049376469,0.0012910554905730745,0.0006579916873085193,0.0005671678597412924,0.0029258932007121125,0.011002869550854097,0.00046577217813197763,0.0007777378802478058,0.000280929427929226,0.0006682439319602024,0.009576370269587478,0.0003460773551629756,0.0005752535771296058,0.0011881057695731015,0.0008423987181334497,0.0003315673606078054
0.0008118688108377584,0.0032093774826242732,0.0001789643381519962,0.0003170521594624623,0.0021590242446149835,0.004747210471867838,0.0006504541656807417,0.0007378318175486481,0.00035142718320059496,0.00032690799042177365,0.0017463203616559161,0.00022765093416604598,0.0006960059939250945,0.001299309189249323,0.001044765363617757,0.0006192205169451293
0.0015251558364928197,0.005304111410763118,7.919783328994012e-06,6.8328941213932626e-06,0.0010984769023907326,0.004530884389076409,0.0005125203744480583,0.00036066055382796836,8.24035176402102e-05,0.00030742369037537604,0.0007795142843347522,1.4375003676292408e-05,0.00048647820177265266,0.0009854002532016792,0.0007289136155861145,0.0005220730195519274
0.011801545386002754,0.018147313221922645,0.0041207537672036665,0.0033094661626306976,0.00034650665774316886,0.018349704993257804,0.0004232461262819176,0.0010936290951747349,0.0024587936379432407,0.0008293492030160624,0.006436330295787454,0.0025017354912426487,0.000648945577566562,0.000178507054615272,0.0003470874182354769,0.0005745949168589545
0.005840695775489277,0.007443098540801149,0.001325359340339935,0.000928229127448478,2.516554243481295e-05,0.0052478199500293615,0.00026216279591441405,1.2344537014125079e-06,7.533463017809355e-05,1.0661549202581333e-05,0.0010886598488818525,0.00019965291019703735,7.697580402548504e-05,0.0003460199540945702,0.0002063099384055911,9.568498780197776e-05
0.037813145497742756,0.034760510573353304,0.022784094099814356,0.019803287665517727,0.008129998269768207,0.030703849893784996,0.0034881130212067735,0.006612964837436078,0.005769628777978472,0.003915476906098642,0.017426325238500504,0.010969211763323841,0.004729643994506871,0.003128361959650855,0.0044705173029975925,0.004475916734036661
3.737824022162495e-05,2.1019736898525432e-05,0.0005143442798327263,0.0007402699036040336,0.002693142697177478,7.203836670202635e-06,0.004383282605742542,0.0030617562437094403,0.004217338806351022,0.0008674012703545342,0.0004056674307185773,0.0022367913670423636,0.0038744713545292783,0.004849538770402076,0.003625224693162246,0.004185469158533864
0.001033352795374115,0.001186391907949974,2.809929042502102e-07,6.200829443983591e-06,0.0009003144491661688,0.004902694550322995,0.001287342354819164,0.0006164810568582285,0.0012864638884550333,5.8251824847782574e-05,0.0011489596021387535,0.0005603291937018307,0.0011272179957179385,0.0019091315518440857,0.0009990239469203216,0.0014542984630347838
0.0013564143707942289,0.0021258317659527057,0.00010532954752798945,0.00014492231423844648,0.0012578550080351858,0.00734679178099551,0.0007407623865915078,0.0004448935911823132,4.117629752650731e-07,0.0002094524804771153,0.004000544246677631,0.0005756971986403681,0.0003934853796794119,0.0010333908903506703,0.0005394659236155203,0.0006233417348032594
0.0014750719864161307,0.002075583906250497,0.0005388057840088611,0.00044480800389474356,0.002080889360168134,0.005469608609305385,0.00024401926036058535,0.0004442463937530672,0.009782002965064582,0.00041163550734876764,0.020856932167749073,0.0005857521463037418,8.655736793289348e-08,0.0002619862032522888,0.0003315004633482957,5.4694393576693034e-08
0.001161470371737229,0.0008281881800117352,0.00013652832206811905,1.3894961223698266e-05,0.0006466541021378572,0.016308378867270296,0.0020250286768161707,0.000295337886854756,0.0032477509873016647,8.396509109595551e-07,0.06866285274928305,0.00015247467696209716,0.002900869662648256,0.000631834415554533,0.00038257627921662457,0.002930459725650675
0.0023868425584686256,0.0021181600721405375,0.0011388306767957934,0.0010825984735105681,0.0024770395811840526,0.006046908113415933,6.191878541407514e-05,0.00029297034269402944,0.0014454564571858841,0.0011752088161281482,0.007429852134584539,0.00010392053469105572,2.2649849455227966e-06,0.00033575243617590955,0.00024685906305752653,8.75404464781293e-06
0.0006763829857291959,0.0009548688369813291,7.932762186865783e-05,5.470518742364122e-05,0.0005656385300033401,0.007256026181062164,1.0128174050626215e-05,3.1933261511671307e-06,0.0014075116665517515,5.429260571132577e-05,0.0019127377643041316,0.00016879480504765343,2.305635669386241e-06,1.420413340225135e-06,0.00013262665292950587,0.0001371493989842515
0.001822411466925078,0.002082317712778489,0.0011351906873789674,0.0010443837718132065,0.0020085508616789205,0.001464879852906352,0.0009902455365606994,0.000677413651536854,5.745980373790538e-06,0.0013081597021958186,1.5315971411133944e-06,0.0006002945824240824,0.0010182642361289407,0.0009030548821638146,0.002179702964791891,0.00026793215386080454
0.0031252321524063847,0.0018690485408094301,0.0005526416417869912,0.0004549758990908537,0.0014490808287683024,0.005239077682192242,4.208387226768001e-05,8.16052371119258e-06,0.0008029951673082028,0.0003507828167136559,0.0007411875831057416,0.0004966705137097738,9.02785439909487e-06,0.00016650988023378388,0.0008350817372260941,5.53517595454564e-05
0.0017014957340192455,0.0010018524603967877,0.00012066759468552096,0.00010273359499390206,0.0006622981615693191,0.009039467737736118,0.0007159683096647773,0.0003817827822893416,0.00015286590318901866,0.0006267257588461264,0.002140382862165724,0.00028441866649708825,0.0003444311238172751,1.1248052855357404e-05,3.532074946410724e-08,0.00033872649913430086
0.0013679814023911524,0.000666456733232533,0.00021790563869220764,0.00019985344103393837,0.0008608478921311169,0.005850713134019261,0.00014228182862558586,6.634744323984199e-05,0.002900520656801797,0.00025824306654913254,0.0006342660849562101,0.00046185644800808556,0.00046256703595463217,8.544378452447071e-05,0.00021092141169835182,0.00035734351611670795
0.0007661774491846823,0.0020698719726195414,0.002028640791370488,0.002097029680319988,0.0008021897888788113,0.03241127265686211,0.00380226002836781,0.004513015753472419,0.022301403541444206,0.00027636551855995256,0.010302329751069192,0.0015158084853979514,0.011010256113853381,0.007459228391717476,0.006615423175235419,0.011381173571731865
0.0012240528792399757,0.00042237790063700403,0.0005863397710842086,0.0005011514666753356,0.0013158083881588956,0.01282411245528825,0.00044531013102725586,0.0002470805079097388,6.441925401887844e-05,1.7379168164771697e-05,0.0008536483332611394,0.0008383929570927873,0.00019884752784237597,7.617717390973056e-05,5.3119078003968645e-05,1.5395108341073604e-05
4.532838314894039e-05,0.00036828300521636603,0.00014852801535315124,0.00021961334257646764,3.3228345050137498e-06,0.040735298263614106,8.982518830710079e-05,0.00022555535076318467,0.00094942303888116,0.0033288415828083145,0.007875270285024466,3.4794683365084456e-05,0.0008179654953399812,9.007081102074821e-05,0.00048340846549547317,0.00044512299908777697
3.088965394218435e-05,2.3958166835418016e-05,0.00013946151374779475,0.00019895775401825716,1.0030933852017698e-06,0.02948725464833163,5.0646686244076866e-05,0.00017025052349685377,0.0020647717875271823,7.093109422118271e-05,0.0091793302955612,3.14296037861872e-05,0.000270745023595996,1.783431179264161e-06,0.0002976908946088763,0.00013924434196879026
0.0010375101129023595,0.0017929956826395893,0.0005620319714517846,0.0004488002248842077,0.001166982660498951,0.009850021017131033,0.00042698693156961037,0.00026484923755294015,0.0008008931438843944,2.5367587282019988e-05,0.004824755603700132,0.0006794999191896967,0.00019721650442584837,0.0007924285769443234,0.00020712899585408756,0.0003928350666909733
0.0005168078121630323,0.0009764367389125672,0.000587495674052467,0.0003097659017130619,0.0009760765630490997,0.008892972853233455,6.0135641804667794e-05,3.484962509302941e-05,0.00011139737081029832,8.649014836561997e-06,0.0073822992094580014,0.0003112116958155428,6.372421066029588e-05,0.00020331136795484483,0.00014562130372559184,3.043263684394254e-05
0.0005523495872759854,0.0014456560950703162,0.0006656453978210464,0.0003302963272638071,0.0011675070787861563,0.003266282088447342,0.00021453585285272775,0.0001964219821548388,0.00010053307382721505,0.00024318323683046594,0.0018639354947675296,0.0001508937606332847,5.9321697954209385e-06,0.00041080818923167756,6.0504957192737685e-05,0.00021401038402586725
4.1971090043786685e-05,5.5042237396558946e-05,6.427896273093758e-06,3.667296957348548e-05,6.835731297616388e-05,0.0053668918613755945,1.8685702741119692e-05,6.516689043594565e-05,0.0020156444336586338,8.366784994735116e-05,0.002864109105951529,0.0005957807688781319,0.00027594185620163914,2.0217098525648902e-05,0.0005244934140142821,0.0001181092461077296
0.001598453128379404,0.0033278343203076155,0.0019654663393591856,0.0014016423826811036,0.002222707694048129,0.0009598850923982286,0.0011352221741914026,0.0009091632513796022,6.645031921455324e-05,0.0010998942047590332,7.923994896420067e-05,0.0003066732932284627,0.0005783564041951517,0.0012213217223592393,0.0008540043744441755,0.0007410021689372992
0.0013308678226216092,0.0032925159773628185,0.0019505533874900824,0.0013357305994157326,0.0023348754942463384,0.004565577987319172,0.0006563828522523699,0.000577284628353894,0.00024428375833934757,5.274359678429652e-05,0.0006258280702286928,0.00034412643240057383,0.00029962755872173924,0.001063815798821359,0.0008218997501863445,0.00046105389523504875
0.00019250874693272496,0.00015306123471500732,5.294965418921327e-06,3.839609759683643e-05,4.22917297890138e-05,0.02741892307551619,0.000585360876136802,0.0005837426592649603,0.002653099155952243,9.592503656973006e-06,0.0087409581298704,0.0005427250154160582,0.001369915218280858,0.00028703592638502223,0.00028474036052788393,0.001054455369427186
0.0005814868896407005,0.0018414315512101237,0.0014329969365386996,0.0009973015925917941,0.001696565153267146,0.012927222822246204,0.0002650804284757141,0.00024827259153690356,0.001592815628634968,0.000381809633531717,0.003382366436848888,0.0004568708894985146,1.4193866020584256e-05,0.00015192425035719104,0.0005948746221260751,1.4932608791290436e-05
0.001727116639673336,0.003915858670799438,0.0028937445881508927,0.0023647594445304967,0.0031807811052804447,0.011655986999916462,0.0008490455760958096,0.0009402664072351158,0.0004556238472035318,0.0008428250431943562,0.003960814649516434,0.0017262069196541246,5.0619839570123504e-05,0.0006552885000157618,0.0016436170719742182,9.406225923296041e-05
0.002331564342681114,0.004338925164381835,0.003974900903000442,0.0034254225224016124,0.004572159113892332,0.004953693334842857,0.001642176222385161,0.0019452582124432974,0.0010032696798856489,0.0020561257257478843,0.0018355045748714577,0.0031630843689019056,0.0007985114813387345,0.0018911398596781898,0.002896800119492997,0.0010714224152711324
0.003638890398042584,0.006099521392663711,0.0026420855996310347,0.002219167267618574,0.00321323989106323,0.0015535421061900964,0.0009996083502767927,0.001148614016478533,1.525534207030832e-05,0.0006315755355813871,0.0016430174634525854,0.002139827591869106,0.0003421399118600926,0.0008677506377922986,0.0016721438655809828,0.0003569557772531845
0.0037548223205605413,0.00674113782317752,0.0026781360987378766,0.0018569866432276289,0.0033428583684484564,5.086221158822485e-05,0.0011677525960326202,0.0012253970848235263,9.803054933058691e-05,0.0016171619091435163,0.0004603524584348359,0.0022549027476436237,0.0003752209464551043,0.0009125457080551708,0.0017068163599251451,0.0004193310625320995
7.987151731192466e-05,0.0011937780833275874,1.6112320570922656e-05,7.35121048631715e-05,0.0001973597693500917,0.0035775724449220725,0.00040872815513621347,0.00031756155223231636,0.0006379311162084053,0.00035262803557885997,0.005805149934815429,1.1452159930737393e-05,0.0012419359131963445,0.00038692134359993857,0.00011650013246934654,0.0009116448939082353
0.001920376488369284,0.0037993060604371645,0.0015075396129005103,0.0007120954213204744,0.0022775575408197496,1.141339360688498e-06,0.0007537553695751431,0.0007822299961030565,0.0003732314143369275,0.0006583964534410194,2.5729530117590826e-08,0.0011425029321061458,0.0004938160665761415,0.0008831387492629142,0.0012188244058735503,0.0005406152117732391
0.0024170631019901287,0.0041865256624410915,0.002292356475855753,0.001422322544884072,0.0031867686391549715,0.000500576408402835,0.002501661055947943,0.0022432810828558677,0.0015242688652434,0.0011841540846185827,0.0010556316064712357,0.002103111202445912,0.0023093592351092623,0.00260199542799551,0.003152407540781006,0.002140742394659542
0.0030739671153748524,0.0048137145693395444,0.0035101862284149243,0.0025179039171224354,0.0045801621598931044,0.0012700969782968863,0.004411590117344391,0.004002689374351914,0.0029049946671583435,0.0019815385567025987,0.002662564521218401,0.0036913156858903173,0.004318577015060797,0.004526221453571781,0.005156064837480365,0.0038149549892685375
0.008119368867400834,0.0027953934990126994,0.007078651553788201,0.01033833781781543,0.004164249874130957,0.024360996191371803,0.00542342603279497,0.00575520957167415,0.009036660225933454,0.0031673798587810997,0.012088503189255598,0.004910644014119947,0.005509404945791524,0.004614457944232167,0.0038207597695658208,0.007195073169683097
0.003684317149416569,0.006389051802512896,0.001940829677894454,0.0013068845241051216,0.0028335825204122422,0.00028617619183381876,0.0017411489194081448,0.00194698121374981,0.0021811335572910276,0.0005236371775012572,0.00044281824488512367,0.002807226743779062,0.0019320764105614785,0.0024704526895754433,0.002455050528605715,0.0017208446578635406
0.007520091530043085,0.00917283898533253,0.004188349333399177,0.0031292614721889073,0.005455997832032482,2.1642099114413393e-05,0.003528127745613528,0.004144633099044989,0.0032972242391159576,0.0023650187938750455,0.0019661281893559868,0.005251604735972609,0.004087347819059964,0.004746691450094112,0.004452407039344311,0.004081015602033958
0.0014326698851492015,0.002345017877724488,0.0001344074804827053,6.963060892734019e-07,0.0005834480119767671,0.006476935192171102,7.80265731210178e-06,5.070191064159707e-05,0.0001701262718487792,0.00014254440714615846,0.000756842629599512,0.00027365839425039923,3.67968887634712e-05,1.8683020648023463e-05,8.608356945466467e-07,1.2481409644188313e-05
0.003501225245697813,0.004376023016136543,0.0018225425692260516,0.0011297513406557588,0.002848196754742238,0.0011199301070400972,0.0007862292756120118,0.0013566335074189223,1.806565908812896e-07,0.0005146318089747776,4.519769003508145e-10,0.0016817990431171187,0.00034314688992286707,0.0010334251828876054,0.0007137532703242189,0.0005256829353031817
0.0016646380754315876,0.0026706689590440882,0.0012916982480322414,0.0007897666361710645,0.0016847306792271005,0.0010528461511132778,0.0005264785682963166,0.000662825010705935,0.0006248057884533434,0.0001555258695905351,8.604706355681141e-05,0.0005024945414823512,0.00012620056573716537,0.0006631746091486646,0.0003741283387675154,0.00022222500706430698
0.009144965142717912,0.005616510345624923,0.00965669922301271,0.012895559555757122,0.006288581176051342,0.028514693202239344,0.007040615300670391,0.00785883248969102,0.005163315168624727,0.002630195054861284,0.014711748750321899,0.013220389826681292,0.00866759014168808,0.005400116869715713,0.008542270009025299,0.006910841501039489
0.0004562967719966629,1.7501993020904716e-06,0.00045355415384014386,0.0011092130678472673,3.787758733467955e-05,0.00367043904555317,0.0001026951275622523,3.3618235370513894e-07,0.0003379608907410833,8.55946651632522e-05,4.462420110393911e-05,0.0006318747936234978,7.542606870831331e-05,0.000296138639543031,6.277203427398903e-07,0.00019268885710192057
0.0027450907740980413,0.0007810557093374595,0.001701947580480312,0.0026842099327170077,0.0009011262105094592,0.010046227976970135,1.0974018963445797e-05,0.00047612098115312057,0.00028610909045920924,0.0005012824598951693,0.0004535742811699883,0.0016935180883772341,5.935574385033254e-05,1.5268724639985742e-06,0.00021449643762592313,2.5470589714506053e-05
0.00034439863959887657,1.1097023199652112e-07,6.716882652978845e-05,0.0003355099424401792,4.4420609044200365e-05,0.005156885732230901,0.00037955467403576193,1.4909125938940282e-05,0.0001288058623110308,2.944472674306503e-05,6.805636372245183e-06,7.938217129403735e-06,0.00010119805414691985,0.00033471526443280136,0.0001916635622102314,0.00016802434993905963
0.0001328979222102733,0.0005683994755336652,0.000397487338457507,0.00019302571018926795,0.0011907914804167863,0.001456758182274219,0.0007618641096875586,0.0005980826509694587,1.6362873575113956e-05,0.000723578936786741,5.471774671764185e-07,0.000750218319564587,0.00042441822243366456,0.00118492935762559,0.0009121114238946904,0.00071886079781356
0.0010495567491731472,0.0025365576054093425,0.0017730714963449523,0.0015094135932762764,0.002211423540210908,0.0017940996353197347,0.00017594174878941826,0.0006389893553623086,9.316562185574667e-05,0.0008110486413526324,0.001364850946719752,0.0012133315459962116,1.3738400264154405e-06,0.0006123613392887972,0.00012613448809515454,0.00018893247013070796
0.001046674024211075,0.00302965906223307,0.001937688748213262,0.0014003394117359375,0.0026894740409303675,0.004431460262332168,3.069987478272751e-05,0.00046133885692773574,0.0002599547556324383,0.00309566561452157,0.004338198842491703,0.0008599688632584673,0.0002038461646162587,9.964232009290752e-05,2.0991229391732757e-05,6.121414380430568e-06
0.0009393348415113398,0.003115262455952547,0.002323188654928962,0.0017001858456627411,0.0027235019835346874,0.004050126309647684,2.609577579519573e-06,0.0005634988101670263,0.0010982697180732873,0.0011445510148621885,0.0014003732472319882,0.0006837551066563308,1.6565869977121228e-05,7.080140637960586e-05,0.00024752351083827395,1.7131450470456167e-05
0.00010838406564378511,0.0017426871618022727,0.0010728522954666087,0.00048107977248455086,0.001256360266571617,0.00546730299891704,0.00015512788256361043,5.0968163103751185e-05,0.006006256929609988,0.00015409575219398758,0.001351028321045132,2.6983613158858277e-05,0.00021892876321636529,5.909718207113002e-05,0.0003899939586778159,0.0005409887415624842
0.0009926885385076467,0.0037868036729401394,0.0012432969833093832,0.000549326693278604,0.0015742769845622437,0.0038683556218609416,6.051184016413191e-06,0.000131151532921904,0.0007377584061960124,0.001001055642530932,0.0006734031512309405,9.361067171758525e-05,1.7519769649872174e-05,1.765995877672094e-05,0.0009811411511230564,0.00021485512875937113
0.0036353938721483403,0.00682393020128394,0.0043303475231659255,0.003154152500813731,0.004901762575600273,1.8785062649712136e-06,0.0016913565999120694,0.0024338017099936188,0.0005216823042551999,0.002319635123479484,0.00042144255447765927,0.002832606050548775,0.0018316073503889946,0.002474244865703218,0.004249457456128959,0.0012323143000182307
0.000565490938158289,0.002317235873026305,0.0008636067515152349,0.00034163974107204176,0.00134139773391663,0.0007166864326155972,0.00012149167913248077,0.00020146959033324335,2.8266668061258104e-05,0.0002809396705134304,9.330145475437007e-05,0.000515251893084212,0.00026342896939730853,0.00043826425247153744,0.0010105822431120057,9.929346550328899e-05
0.0001676969002477255,0.00013345061856857854,8.477765019027084e-07,0.00015018903569027214,8.699646492964924e-05,0.0022532943350520307,0.00016896239856251105,0.00020917512570199637,0.001597858044940205,0.000899666606347091,0.0008947667334741477,7.66958072551116e-07,7.354142257291751e-05,3.100414538475399e-05,3.2786275817528465e-06,0.00022961423731011205
0.0032049614667526705,0.005877838635853325,0.0026465568666897837,0.0017798834090542032,0.003458113500487775,6.219675046575251e-05,0.0016363805875507093,0.0015186092016018643,0.0004526271749557137,0.002127203944815796,0.0006533224021114808,0.0027786662834736325,0.0012650486113880768,0.001614261569901139,0.002068581331726646,0.0009752667431679532
0.0025457644751119834,0.0047452094967520494,0.002318516649556651,0.0016421498426548442,0.0030754593020431292,0.0007168782242388955,0.000928732492141815,0.001075299689013487,0.00014077948736765378,0.0007358994942636976,6.37974061014207e-05,0.0023211619833413133,0.00033501493377310204,0.0007681664306616459,0.0011669687033047035,0.00023940056652336367
0.0004964436661477126,0.0015120017070455183,0.00026441225259948853,2.7497276307617002e-05,0.0006839796032513112,0.01282028391817995,9.302129080684257e-05,1.4153955285589603e-08,0.001255471255101434,3.8488993314614306e-05,0.0017414938366253768,0.00022206451061632104,0.00041971854711905093,6.380097819451425e-05,7.730715451889636e-07,0.0005803764730945085
0.0022260731198912864,0.0034972105369241724,0.0024295749650376786,0.0017444778557969554,0.0031353479284748353,0.007524407748283682,0.0006024307159833639,0.0013002738126062646,4.643530104243843e-06,8.439077784638815e-05,8.336221009916378e-06,0.0020342453083094306,0.00045627274766892045,0.0009975669539427912,0.0013915204312233767,0.0002966565586531439
0.0011067749163696239,0.0019412324532153968,0.0016556457158790339,0.0010330183064310577,0.0022259247297685483,0.01837090403312766,0.0001738622654737787,0.0006465294053552839,0.00011143059419506385,8.039647534513472e-08,0.0004801360180048467,0.0011492317041890826,8.802529487904331e-05,0.0005122651101945805,0.0005143071378335695,3.576533063005122e-05
0.0009018966038804033,0.0014957373438799215,0.0014874946687430668,0.0009357458996393092,0.002226198511692541,0.013192478301393376,0.00038518693815774163,0.000825304710296168,4.7992850607810056e-05,0.0005058946576412399,0.0001935564444848631,0.0011398356419774908,0.00031664104929220865,0.0009093562078830442,0.0005418562200210086,0.0002565960733055678
2.202817135643631e-08,8.893973746129658e-05,0.00027204885101579646,5.7806630741910614e-05,0.0006402596839349822,0.008651296704181369,8.036695468573857e-05,0.00016171945425984963,0.00018760073228472202,1.2398084967751855e-05,0.0004940944989073742,0.00015863351273495696,9.015549221375735e-05,0.0003765270400065135,8.258307636246215e-05,6.480721237989151e-05
1.5393864065404994e-08,3.817923321920019e-05,0.0006212699010933465,0.00030260001220260013,0.0009810046974811637,0.002780764926130802,0.0005630602778608218,0.0005094709682696916,0.00016557400188148275,2.486912860530377e-05,2.423920389132278e-05,0.00033456966282200545,0.0004766834385260474,0.0009748847937279259,0.0003343613891836697,0.0005086336348847642
0.006215076253816829,0.004560100990891602,0.0017960925329711733,0.0031446765039001845,0.0007379106543938668,0.020178798397075245,0.0013543650715701766,0.001711376011687707,0.0020521170668016467,0.0018973999803944541,0.006674362362031089,0.0024564122070288644,0.001742582253886002,0.0007091385304817399,0.002284475117756389,0.0013915517267650002
0.0008157088154194733,0.000594069203591896,6.2036227454626e-06,0.0001697311787066877,9.805208012873823e-05,0.007151676628114265,4.288675715974355e-05,8.517897661514118e-08,0.0006540081885596863,0.00025937117031515217,0.0013897048970832257,6.997656008787823e-05,2.050806684091022e-06,0.00012301474390050832,9.759611218129738e-06,1.8969406129845656e-06
0.0003600588904721716,4.7187004599241744e-05,2.567285722528123e-05,2.1641836090116606e-05,0.00025917336330513047,0.003821787928941972,0.000404703612015965,0.00013063040405029286,2.954350343913753e-05,0.0002728104711736956,0.00045538457979384106,8.411789625961674e-09,0.00011333041142089911,0.0004702260150632742,0.0001434833890201076,0.00016459082210076859
0.0001702084123977668,0.0009621055974933235,0.0008177462987911249,0.000390661272755527,0.0014460501020945316,0.0009614286630736657,0.0016141138751569195,0.0011929265901444441,0.0017876980125689432,0.00032473006678578054,2.462460672505301e-05,0.0005111677567271114,0.001336793894595359,0.0022242758184708514,0.001075965728901132,0.001678518324022625
5.817227970432437e-06,0.0005606665942359118,0.0005776613077298626,0.000245533451339576,0.0011296484691820999,0.004044741075167058,0.0004977939523946734,0.0004558800871916277,0.000794855937552047,1.3693463349270796e-06,0.0007431610708750619,0.00024158884309463668,0.0004509891345811645,0.0011321436301039989,0.00024907184078651334,0.0005660506839456625
5.234207171855854e-09,0.0006151595009161043,0.0008352513788417865,0.00045960254911159293,0.0011822799854917035,0.009728396400555686,1.1632408745645972e-05,9.22231869168108e-05,0.008682668857376341,0.00016410526186479146,0.008000559141589508,0.0002146601645278065,3.1684415910691877e-05,0.00014096614879615527,2.5345894330459917e-05,6.889914315436757e-05
0.00020434667873487494,0.0007328771420842262,0.0007369734296139435,0.0004841054978423423,0.0013077332567608957,0.011184098026980699,2.5569685421583666e-05,0.00012083874797928079,2.8531906459884626e-05,0.00010405267196526152,0.01352348636264121,0.00014505851179819063,0.00021042284518472953,7.741290574051624e-05,6.599330952566929e-05,0.00010615823990647866
0.0002616835236864956,0.000973916609220693,0.0010780883981401368,0.0008520323685446141,0.0017146201607080094,0.009329167198148663,1.333576772728079e-05,0.000398891130844542,0.00035080746808388574,2.7090160375151107e-05,0.007999845846485484,0.0001360538705906661,1.3682672591885936e-06,0.00022193686916839594,0.00031969050941324517,8.595985708376164e-07
5.057442943333379e-05,6.359051914692909e-05,0.00014468079966863806,8.559882088176457e-05,0.0005100491534174925,0.015035367648583639,0.0001676860019274931,8.743498046609455e-06,0.008999101437657142,7.997266502104278e-05,0.011232660385206636,0.0001455480998308542,0.0004044500228076592,9.686396900570465e-05,2.4550672935684525e-05,0.001066404574257919
0.001385431605114576,0.002990546341552769,0.0015036687123903894,0.0014126245016180539,0.0023841167001929786,0.0015171571211671508,0.00083674370250858,0.000891442641417467,4.481242312891209e-05,0.0005749999423407953,0.0009790154826646441,0.0005446650043303553,0.0005464475959145385,0.0010579394798610198,0.0018269896976856742,0.00022944226289153824
2.0575285064605708e-07,0.0003159054867634334,1.019624475769726e-05,6.090036720973746e-06,0.0002702286486907443,0.002636870586064821,2.3084815116584945e-05,5.738410388041182e-06,0.0003935426754682128,2.3506364648907818e-05,0.0028864226160638246,4.2572887143890736e-05,8.35962694480108e-06,0.00012164876760828447,0.0002586752718036975,1.952643697023665e-05
0.0009398731705432817,0.0023831289765941926,0.0014039582299190112,0.0013976551212079302,0.0023778370205668337,4.591835603515171e-05,0.0015571997703540189,0.0013318062314942175,0.00029999398564022756,0.0011754803773529401,0.0002333339141857571,0.0011353386906736915,0.0015270763156714773,0.0018421401197409523,0.0022678018644059633,0.0009212086684110693
0.0016700232905999118,0.0029783022746965662,0.0022431255602334416,0.0022041222897809104,0.003373861149965088,0.0002717688853199063,0.0017172668115970832,0.001537135407257896,0.00017078663613223632,0.002310907257947456,0.0006683344962355037,0.0021939602177456774,0.0014726135456061967,0.0017766398146868423,0.0027179648536165835,0.0007185317245942541
0.0015019019356839677,0.0025017096152100474,0.002700691443583522,0.0026630966133783657,0.003774692767901877,0.0009666442621376892,0.00149842533817212,0.0014854345340979402,0.0002301209199585194,0.001975403798461707,0.0008079341844056884,0.0026381164061045556,0.0010219846989680745,0.0013865575090612065,0.002612779230685619,0.00040677119850560106
0.00026879780947838827,0.0008048491020798271,0.0012984449541195708,0.0011353489347630946,0.0022671474636285216,0.0037966243826465657,0.00036373289981658785,0.0005309992637287306,2.653677528072912e-05,0.0005026701316418677,0.0015275602292085036,0.001157484136806941,0.0001320089332131208,0.0003349204229261757,0.0009743284204506569,1.241118382303008e-07
0.0007595489945427941,0.0015289995651399935,0.0026512727111204573,0.0026619725257965715,0.003688233932210905,0.003717567118356857,0.0007522628550203914,0.0012919348440678796,5.921321809609914e-05,0.0010517070661844319,0.0002768049298753003,0.0019361419658778384,0.0004866385571679274,0.0009589909442383054,0.0013183422693561209,0.00014713509165861782
1.8375460867088578e-05,0.00020276255756528777,0.0013070532726199222,0.001247286326119923,0.0022017604900606835,0.01492315413868793,1.1892823183388967e-05,0.00033168429514461584,0.0009473025752551878,0.00039275792241275087,0.00107445534312893,0.0005938725534973058,5.9086084316650744e-06,0.000268534039283487,0.0001738360971916264,3.636258413113047e-05
0.0027407299103183874,0.003286355276791851,0.0060389201060500955,0.00607757585791243,0.007443319973417094,0.000756093589753544,0.0037801116888002417,0.0050597326090642825,0.0010503266026299501,0.004283147682359101,0.0017609293332068732,0.004775249802529941,0.003909910102399272,0.005164211693425957,0.004492559518825975,0.0033365354073519315
7.880542078039787e-05,0.00023594507475110937,0.001927305752503168,0.001814717301519199,0.003099810718244417,0.0038953599737011346,0.001459360835161537,0.0021432806213960293,9.854593120941363e-05,0.0014250919554157152,0.0002248065873996022,0.0013014989279737932,0.001578664088142348,0.00234220603445863,0.0018501002558796234,0.0011557691613640342
0.003082338941361673,0.0027014886046587694,6.9879312038168e-05,9.10355434084742e-05,5.413307922226551e-05,0.023328327699917245,1.983546583064072e-05,1.3480033246582313e-07,0.0011828978975693544,5.616905772394543e-06,0.001411967054087901,0.00020797647115657764,1.6438709472751944e-05,3.1187968091657414e-05,7.452947881549099e-06,0.00018153615460451272
0.00018520527794261415,0.0002325612579755082,0.0025553897867620495,0.002442672932483736,0.003944628503291747,0.0015807717221156814,0.004092121212803543,0.0038386772542432224,0.0023022063739320045,0.0018699554271636443,0.0017468140928838527,0.002938981908450697,0.003866928131677598,0.004640371551721395,0.0037380242908760103,0.0031010317593788556
0.001852669605347891,0.0021135110308287686,9.703880416352118e-05,8.285372315500195e-05,0.0006482812062084814,0.003982759420084428,0.0017646498893993112,0.0011095875986111697,0.0009855733078219728,1.8465365061309802e-07,0.0003684563899338453,0.000568537651573095,0.0014657410640991214,0.001920936656854777,0.0011633058424351944,0.0011058873158437538
0.028181781319091992,0.03465970835173987,0.010902624720023416,0.011368919405119762,0.005930643003352096,0.03708215613108992,0.0015679714735084768,0.0033164375640875043,0.002969012500536633,0.0027413540748606607,0.00547270255448877,0.005116185457574973,0.002211919262803251,0.001579027441390407,0.0031754640131230055,0.002674141689282039
0.0014564762530252587,0.0029229175954001846,3.222087067732138e-06,2.4970995873840884e-07,0.00036048804958367653,0.006987101417572361,0.0014930533614120195,0.0007174696977684247,0.0010256222496853387,6.129873330477931e-06,0.00011487309917107558,0.0005313698484620405,0.0010907325318292166,0.0015742478318036268,0.0007486881196692233,0.0010149072973007073
0.000397801035141844,0.0005616071979466716,0.00033892174989203633,0.0002829661823928187,0.0010194361224226609,0.013911978730908367,0.0013860288000583573,0.0008541100831349346,0.0003966965679166115,0.00036013759841777016,1.1763504584871853e-06,0.0010028352196074924,0.0007401766738589013,0.0014084674472152336,0.0005511322991240616,0.0007743025224351552
0.0011463069931409442,0.0017371726856309985,0.00010244747313424563,6.541272661605979e-05,0.0007418513642153124,0.027465204022804723,0.00020091390889748206,0.00021232294810304836,0.0002733895663586672,0.00021392657754190636,0.002466140657061147,0.000284995398704066,6.602640050264175e-06,0.0001905053244985605,7.105830863766982e-06,1.4837845499285351e-06
0.001606334424819278,0.002080419783819412,0.004061747528770275,0.003987938272401723,0.005540173020148205,0.008403387352112504,0.002167710836241163,0.0032033068057754216,2.4022574218532378e-06,0.003061841179967696,0.0021675963709134674,0.0032915496465358712,0.0009125967624416392,0.0024640364041251944,0.001135325575408283,0.0009736643284771612
0.003424543642320921,0.004822250969957496,0.0065824882194716605,0.006392428667218772,0.007409952280361759,0.009610896179686038,0.0014010658882624705,0.0031744940748908157,0.0028089677548217007,0.002183192455385549,0.009610896179686038,0.003503163265834837,0.0004676422666339136,0.0023267681535369122,0.0009062988548638462,0.00040679443838101403
0.003168528696252955,0.00515537309541185,0.005939098003263005,0.005317909255955308,0.007341309407197141,0.011288796742084578,0.0008503428357757234,0.0026423356984798807,0.0005979499042484404,0.003860062532629202,0.011288796742084578,0.0023307511044535698,0.0005847502013427777,0.002253354999746035,0.001110308359021303,0.0004362890065713887
0.0009527851148906641,0.0022511522559303665,0.003418842465999508,0.0028193916239859645,0.004519512495076199,0.007821402870902106,0.0004772991603490262,0.0012976579888946405,0.001027436158995615,0.0018025175087424544,0.011474731232110916,0.0005777647217677026,0.0004690058443594519,0.0013066889335117682,0.0010883825380203493,0.00019921191570856922
0.0014309560476589295,0.0026330274328917602,0.004663999511833397,0.0040528361497131835,0.005532196872388623,0.005352366447719123,0.0016881318520133165,0.0020300316474943098,0.000917874269407995,0.002844513178692616,0.0033681481160008214,0.0013604708955100853,0.0014177068918165558,0.0021828863861196868,0.00293998669120471,0.0005239689516255558
3.872218578643283e-05,0.00036817097731858123,0.0019380230059084097,0.0014415515733893838,0.0030262420154339442,0.032316060109056355,0.0001323876936488444,0.00014767937681008092,0.005173391950676218,0.0014103366039823068,0.02777402604312862,0.00029421600111539936,2.8311810443965024e-06,0.00019318688425744995,0.0008804365307006623,0.0007880330535595531
0.00271343846979083,0.0027089504362417874,0.004502033558298077,0.003911821529053963,0.006146307305993429,0.008481874840419193,0.001866661814544479,0.001954953139133603,0.00027237665932688254,0.0037731350565219923,0.013374324372987634,0.0033091944807361537,0.0012233552590858732,0.0024189656009804827,0.0035179083524050497,0.00031638938457500404
0.0017965508517965717,0.0015701600024500273,0.0037227726766722036,0.003306048930429545,0.005467934312287946,0.0029958065312794824,0.001993326346958979,0.0018995534799531935,0.00032052513982983033,0.0029952417582294055,0.012041684908164166,0.0034753104943288093,0.001733875147552827,0.002556821935909545,0.003051378293485868,0.0008543836888803419
0.007489985550570774,0.006692272181430425,0.010467484927896772,0.009963237378496748,0.012564444614590768,0.0003724576316660802,0.007920017893679986,0.007777834405140301,0.004155092131143373,0.011644260418845018,0.0007498867795655909,0.010611313655956158,0.007358630297054206,0.008248111137032915,0.008546093673543975,0.0056436297696430895
0.001461035567663263,0.0009181421997617872,0.0038675505818581563,0.003481210558774331,0.006018107905023766,0.009239781330841537,0.0010098850518770186,0.00120595476673159,0.002728227828656407,0.0026580806965061793,0.013552504967531728,0.004248762858385477,0.00024861106910227526,0.0008691613644153939,0.0011350076607760454,4.879276763202628e-05
0.0012256508908274066,0.001137346164143238,0.0035802180813028772,0.0032229519349919605,0.005622003945586283,0.015139795947894982,0.0004203910748074441,0.0008528346901193057,0.00789016030154023,0.0009096832664909904,0.015139795947894982,0.003721606020690854,8.744239932689801e-07,0.0003324641084853988,0.0007040610515810161,0.000774075472910446
0.0025565957666918854,0.0023042738391152104,0.005128054329237228,0.004678728681603114,0.007503604307951564,0.007099650138756658,0.0015483444307012456,0.002458807745582242,0.00010457694688108254,0.004197828014420424,0.008715175481770254,0.004972691450888023,0.0008371192779939099,0.001999265278315912,0.002186207638407711,0.00017684690359617838
0.0010339828767992193,0.0006681571905957223,0.0034835539316945413,0.0030682859650006597,0.005718187538445801,0.014768555448731735,0.000760276523162795,0.0013422574368393975,0.0001311243804086315,0.0009290122599441841,0.014768555448731735,0.002906174040935197,0.000607816892918292,0.0014837013746728245,0.0010953278629523,0.00011598370194396135
3.0045938201626876e-05,2.6597614046344753e-05,0.0014993483523641216,0.0012045595882803281,0.0035039693503820107,0.02175521412151951,0.0001792341545575893,0.0003131986242486326,0.003708242777403961,0.00040655582417794406,0.02662906861208822,0.0011398394272981865,0.00016525313399710223,0.0005981764319719501,0.0002509692421596363,2.7202756001591666e-05
0.002846813242119793,0.0025673542742398053,0.006232139294695314,0.0059813631290957445,0.008881094162557324,5.600297885280381e-05,0.00485457222094518,0.004827510575452353,0.0014524556507361092,0.004255870957215538,0.005253808919482655,0.005809283575610148,0.004885201489438835,0.0059643785250579825,0.004646311190581447,0.0035234677528661468
0.0015219191118654996,0.0011466232846797791,0.004710660808636823,0.004419818652720758,0.007396538668539586,6.2488737413296525e-06,0.003939819061407467,0.003921947834286017,0.0014979887329268499,0.003920553687830813,0.008311682718941782,0.0043562013823452775,0.004226832321825878,0.005285478204211408,0.0034012656181736795,0.003167820166705207
0.00013396405596268618,1.6845582147054228e-06,0.002387488163430984,0.0021598764279171373,0.004859800456542135,0.0028786331965314216,0.0012999440331150636,0.0014003367079923265,2.6528820094920413e-06,0.0024431188497026912,0.0186138956076366,0.00194585236946445,0.0015728835816826992,0.0024089245656681996,0.0009331053672070183,0.0007621157592038463
0.0019065857317030616,0.002012215600560502,0.004464201815646884,0.004213537154186708,0.007262137754348717,0.002562215166495088,0.0025346263527627477,0.0026559299487997415,0.00014183097755453983,0.0031788266496324408,0.009136530693266198,0.0037280705182589705,0.0025871135835155573,0.003677486231169369,0.0022454196271015636,0.001455240505470766
0.0005799148031379181,0.0004948576716945555,0.003053924745114643,0.0026301537473741587,0.005520661480958727,0.004194771250023641,0.001624538944040077,0.0015304052320158704,6.719752847268723e-05,0.0016455045493618675,0.014616918970864881,0.002023094019003982,0.0014224600510124516,0.002352538257239023,0.0013904320854091767,0.0006843828309118782
0.0005890600092471332,0.0009866930569367438,0.00028893729196993734,0.0002546423051901156,0.0018235665589986377,0.01425811792241477,2.0336004263189766e-05,2.521258268183002e-06,0.0004955261871477587,0.0001419977994679411,0.021211118385525668,1.8174595955294803e-07,8.539282963307415e-07,0.00020782504728318607,4.544449069610046e-06,0.0001010670977106623
0.0021007149799323055,0.001950243440349879,0.0055746252402012544,0.005521023837177855,0.008666071115117482,0.00080717284370415,0.004268927485123156,0.004009698259512133,0.001508347067545282,0.0036568780245315527,0.0016666773154066297,0.003806221514828366,0.003981617060266944,0.005387438426268848,0.0035292817055260703,0.0030919862459464556
0.0003018772789722818,0.0007508846833357077,0.0007555541002857713,0.0007143190033550295,0.0027542287932098425,0.01563031249348229,0.00011103124948737275,7.639718721411809e-05,0.002078956103072724,0.0001305846853890541,0.02437265666395741,6.499848187419693e-05,4.321462502754336e-05,0.0004985054521465179,1.847810898686353e-05,3.5674442757351044e-05
1.774663338937471e-05,0.00028654041867069713,0.0010944413709911421,0.0011376976917364112,0.003490096583996752,0.011029594628888834,0.00024364942188982025,0.0002924387485626692,0.0022579000491729853,0.0007037521835788346,0.02694814402629908,0.0002486680312779044,0.00010851588500777193,0.0007135341734469114,0.00021691952101331874,1.3814352265759111e-05
0.00010848128157747022,1.0420081532784564e-05,0.001790863550475863,0.0019761507477261755,0.00493120369169564,0.009672005721465399,0.0004883536027444207,0.0007650055436744171,0.00046126573304508534,0.0015803818472617248,0.018105727971497468,0.0008117147212144127,0.00034304543462907594,0.0012889501939627318,0.0007541366792535378,2.413903920196747e-05
0.0005536597365658133,0.00048501036562514227,0.0029451210078277057,0.0033430255641345927,0.0063005704859661615,0.011701255120621035,0.0007212504042722126,0.0011200034085444704,0.00030713362135799394,0.0018096680476281934,0.012401448120767627,0.0014319797043639212,0.0005044653419516432,0.001697327482380634,0.0010408493422433412,9.209483719564704e-05
0.003373275558540244,0.0030339336058777255,0.006719813923013095,0.007016119682378655,0.0108034279743217,0.0005313297058231331,0.00411378761951435,0.004627929323249527,0.0006364987701265035,0.005707406995508604,0.002396710352156932,0.004772439073863197,0.0036024016982574014,0.005367945732339868,0.0043315699650485345,0.002456518770930005
0.002558037091014237,0.0018369708558028386,0.0061434347807943004,0.006641942796455268,0.010083729902041493,4.6402658427438515e-06,0.0041186720550123734,0.004406996554471784,0.00031452096471673574,0.004259067857037363,0.0032535925145372874,0.004033510714176472,0.003544935409794822,0.005051172539868351,0.004203404411931601,0.00227048957177807
0.003427708962376576,0.003549460721812371,0.006572979558256288,0.0068472882792399575,0.010469037273850693,2.5967683115163398e-05,0.003892555788686962,0.0045011104900457705,4.0243512319584895e-05,0.005427203862216665,0.0027661647187847693,0.004050516076012117,0.003476839184231195,0.005154359408854739,0.004340898576259751,0.0021466058024975504
0.0007508117847570966,0.0007036914599889629,0.0032955771293702793,0.0035311174747076693,0.006910304530616883,0.004036487984971207,0.0005943662062678698,0.0013019323454817044,0.0019668816265726377,0.0026552742594884507,0.010643179076647913,0.0011938979043509615,0.0005578973683780519,0.001713324561940413,0.0012621951392620678,3.13213472371357e-05
0.0028099853339503683,0.002510706374403149,0.006435622710140643,0.00676193997734497,0.010402841130721253,0.001476433687173935,0.0027619893437816068,0.004005566078444614,3.066223817631969e-05,0.005181062862878255,0.0028106017008186907,0.0038565965435682498,0.0028849721830671443,0.004448552775848019,0.004286464861275915,0.0013571077769600412
0.0003502736480519922,6.394499531522241e-05,0.002131346489619476,0.0023361602783736127,0.005630622473723722,0.012817030623139922,0.0004797440797729424,0.0009131912982920098,0.002244892753373341,0.0018274861489823019,0.015041033241321222,0.0006425485219170649,0.0003606331008215169,0.0010668892324002185,0.0011535971682739704,3.808210119887745e-06
0.0024136818259500037,0.0015063975237873811,0.004851217029601312,0.005159055195548129,0.00899840693143207,0.005005298281810108,0.0029774696213640817,0.0034132875295161264,1.5422849072507794e-06,0.004920600770868783,0.005005298281810108,0.0029944387238721865,0.002350213692001432,0.0036829484824222603,0.003570538065878835,0.001007692664792996
0.0030260654512072743,0.0015910171749966978,0.0057804145449085464,0.006232239749161844,0.010224788848810194,0.0029548043988927436,0.004197528011518736,0.0045437536399923345,4.767627101866234e-06,0.00488647800582398,0.0029548043988927436,0.0043276103515658415,0.003260158403176304,0.004962801672681115,0.00420242027655536,0.001841171498321345
0.00044858752157596327,1.953439628027409e-06,0.0017602139463971794,0.002150754193818022,0.005491067986886679,0.015355826142634282,0.0008689593806610885,0.0011272461465846595,0.001247675258503854,0.0015181446265343373,0.015355826142634282,0.0010016883556455553,0.00036642125175377627,0.0014111483484878229,0.0006136798027176066,1.7763000132287043e-05
0.0033525138008434277,0.0013365502031479487,0.005826627034521206,0.006366045312040519,0.010459425705298515,0.0026555047011819904,0.004287397194585374,0.005039388184973528,0.00039521013446607023,0.0058369494397033025,0.0026555047011819904,0.004781637736395693,0.003353606473305737,0.005332305303056464,0.0037552483493183686,0.002271353816745793
0.0029061683156463153,0.001742474969099822,0.005282184981180979,0.005737305950991235,0.009678472594594718,0.0037751725425801963,0.0029371780706974326,0.003960425893329456,0.00021958771963399154,0.003764465545995646,0.0037751725425801963,0.0038483660734109776,0.0017968582534689873,0.003702289203665915,0.0024071790101356794,0.0008247023768115855
0.005997426519806705,0.004933579748757438,0.008829643148848279,0.009345549178129638,0.013389637743277717,0.0002919161622448943,0.005945913509452998,0.0073963152820073486,0.0006358335318319835,0.007704526674148338,0.0002919161622448943,0.006993928508830655,0.004491257910559501,0.0068720740269728395,0.005457072123581472,0.002983190049653431
0.0009143042641241994,0.00022916782070091235,0.003117248472363332,0.0035580436552101885,0.007358970923811103,0.008868082370467822,0.0016307409485904062,0.002574250998791494,0.0002869027934282106,0.002509464253506899,0.008868082370467822,0.0016488666022150267,0.0009800544504498798,0.0023825356666156983,0.0012363212049335132,0.0002958988424141759
0.0012301590479906477,0.00034879337892745194,0.003959001780904067,0.004403574332941612,0.008226524032407173,0.006555374801673952,0.002971260582479762,0.0038475946256618376,2.9861396019494058e-05,0.0029753254237648713,0.006555374801673952,0.002248982362850656,0.002503462383909645,0.003924292624624057,0.0023522435825504145,0.0014229766064013105
0.003534467632958574,0.0026048019802908384,0.006744341315618824,0.007422588387576555,0.011405244370270698,0.001627841719566439,0.00607419512537706,0.007093049938530688,0.002916101219173295,0.006728555785357804,0.001627841719566439,0.00496131650526533,0.005954162741153207,0.0073954853351897165,0.005466649385511509,0.0045284812884827524
0.00017471274660118413,3.699217582427139e-06,0.0020158384598719103,0.0023134456830634226,0.006089544530590275,0.012948474297914014,0.001650540990774621,0.002488398823469108,3.6230096727762895e-05,0.002171561742030821,0.012948474297914014,0.0010672758459613213,0.0018421144346097706,0.0027916396736242383,0.0015269596009923198,0.0008872612337192873
0.0009501928216311892,0.00021432283931636237,0.003126241926205864,0.00345704340774812,0.007598559228121776,0.008069630896468824,0.0028547388460354872,0.0038126283505459935,4.0131496713335935e-05,0.003734518263932299,0.008069630896468824,0.0021870892753887705,0.002913385977929686,0.003936831610432054,0.002901885237574453,0.001637531006127034
0.003018587359528313,0.006918042385911247,0.00020065672082811292,7.05522988248275e-05,0.0010078839762079905,0.05406893379862446,0.0002507911646357705,2.6658977509259885e-05,0.006170446723126707,4.661213519330243e-07,0.05406893379862446,0.0007221100621787324,0.0004302394311465757,3.432984458669186e-05,0.0002335985594111717,0.0016501856606076226
0.0015010520097100688,0.0002869697181494199,0.0036010412254329424,0.0040572579830894795,0.008225563268781197,0.006588680964744936,0.004056037474562818,0.004820687766564469,0.0013694336402370194,0.004068212718949332,0.006588680964744936,0.002942852301644816,0.003526842428106136,0.004881838248034537,0.0038361093936833124,0.002445871591369858
0.0015605467355425534,0.005945677295854032,1.9534191919398647e-05,1.6660495385859009e-06,0.0016911794306887634,0.043648914719573606,0.00011330460084537503,0.00027278505246810386,0.0005627912219990719,4.537003329543876e-05,0.032983740215015295,6.826758160115992e-05,2.2472097657634527e-05,0.0003324570860625195,8.310820988122192e-06,5.309925552225009e-05
0.0011575119618705831,3.197499635784751e-05,0.003061760271889577,0.0035620116329616452,0.007542210813459384,0.008222152823103013,0.004804083742905842,0.00518328638238795,0.0014475902000792157,0.0035206399306838693,0.0019067883903785068,0.002988549317318269,0.004208189640065883,0.005439814983994387,0.0038873781662596696,0.003227503044378091
8.778573629644737e-05,0.000598982186514628,0.0013439878804810262,0.0016819948123536904,0.005336766091017242,0.016149003047213603,0.0027981993207524813,0.003106333948635312,1.5305716218744214e-07,0.0018254496508301327,0.009245125879731309,0.0014934415219810954,0.0021682460337794224,0.003321427972771983,0.002202524637215486,0.0014153408077544546
0.0017816882820496302,0.006522653135606002,1.9884305813011594e-08,1.7339375552809233e-05,0.0017051541032929163,0.04387494773883163,0.00017650666793876668,0.00032986958918797965,0.0005635186950753435,6.699805052715752e-05,0.04387494773883163,3.2959013007843874e-06,1.67045328041196e-05,0.0004451991107563835,2.762994415490827e-05,1.0312822905589325e-05
0.00040538581724513384,7.208692837948338e-06,0.0022799100300235006,0.002743183792046952,0.006527748099377763,0.011817345051222061,0.003644415857702518,0.004193944577588121,0.0018112214398385215,0.0034032060359575275,0.007098767489739352,0.0020906992203265223,0.0030463185769533108,0.004571939447453856,0.0026336108124142693,0.002746586585119337
0.00017305021831854478,0.0012673442519906264,0.0005215698521498849,0.0007494439545476864,0.0034406227469389317,0.016662318025611994,0.001647495319691522,0.001851500962574408,3.8817445610003776e-06,0.0006397390967324973,0.008583780707308086,0.00022190109722988044,0.0012922220050556738,0.0021637914352774096,0.0008558048210045438,0.0009188276157230113
0.0009750429402459321,0.00301611034782924,8.848093952262825e-05,0.00022866984295588644,0.00241556326679479,0.010057835900771667,0.0013513175336715907,0.0013574947902692952,4.264830068125003e-05,0.0011125948350920525,0.004458944908534629,8.38138545599526e-06,0.001039624995576631,0.0017379724012375891,0.0007809068110531531,0.0006424839836861179
0.025071065642716606,0.041173116651012476,0.007845721996839708,0.006319911406508186,0.0008428757109259499,0.05260383616818104,0.0016394562432990104,0.0017574788317678558,0.0064742801312872855,0.0016700977708919013,0.026603092392627176,0.00878381559816084,0.00220400515732877,0.0011314772015680388,0.002550548846884354,0.0032909490079213732
0.0002163108780607395,0.002295099333981372,0.0010090331243970685,0.0013827527550473867,0.004201942911590213,0.004344486977659365,0.0033888492022091515,0.003285043367165688,0.0014790880647971294,0.0019296097143854801,0.00015251065877890796,0.0010184723996134182,0.003105454695248075,0.003940018668434214,0.002979185814835507,0.0023428406695810977
5.655450619222735e-06,0.0005820130788935091,0.002183415204806874,0.0024973342310606605,0.006033603432802438,0.0064351993104987265,0.004657682426040852,0.004626106011823172,0.003968365004292734,0.0024287114695961537,4.913999096439747e-06,0.0025275904038410263,0.004382292448264949,0.0053718436219034466,0.004368163073588803,0.0036305956200755884
0.00010826752931131917,1.0304404986873072e-05,0.000911628957142252,0.0011637674846283474,0.0040086809888705555,0.02346249348819987,0.002281337342476125,0.0024084963337969584,0.0005815527869220682,0.002177323284550156,0.0023334609437916445,0.0011893258291713893,0.002172535343921443,0.0029883980336907895,0.0023379457638399784,0.001563135785545705
0.0004737785917302839,0.0006753891839858459,4.426956958840378e-05,9.83628813528703e-05,0.0018311819834096466,0.042663330600126365,0.00019027921878115445,0.00033117040566035816,0.022703293401951055,0.00041671629277480193,0.0385623256733606,6.324242977232691e-05,1.4501330250070443e-05,0.0002296107874746739,0.00020511159740414092,0.0001673177116824423
0.0038926996534802555,0.0032048023916958074,0.007821996516448645,0.008265319930141915,0.011133142882352808,0.002128073844225968,0.0060472984240329195,0.007274398675324874,0.0027671052024218074,0.005524496844738103,0.002128073844225968,0.006583576811283562,0.00438996952923848,0.006422127466210251,0.005838678939623906,0.0032031902181138966
0.0020742239735890636,0.0013614927955161935,0.0057907620625962525,0.005489993726137843,0.009437481133305795,0.004880696093356882,0.0037909381101954923,0.005556804178963939,0.004073124565941562,0.005580360592687503,0.004880696093356882,0.004232548931521127,0.003301081488868672,0.00536563969437643,0.0034526621028898516,0.002966761431978701
3.818579925492921e-05,7.22350919546838e-05,0.0018679232420250047,0.0016251835524971892,0.004718645582672529,0.020124210153650665,0.0009896068511655656,0.0018548618371946463,0.0005394460784995739,0.0011308453020684311,0.020124210153650665,0.000583877477060124,0.000819000992045682,0.0015693566776442056,0.0007463881743325212,0.00031495689676738076
0.00011616262821862594,0.0006093179710715477,0.0010881179931830909,0.0008810151153901546,0.0034109515110092234,0.027438484834429316,0.0005840703211056689,0.0009777080957950532,0.000772559182152785,0.0015251797450072033,0.02712555977852954,0.00010137826928199173,0.0003429590872418148,0.0008454747204175994,0.0006716455467839083,2.0031898569028428e-05
0.0004637134061246939,0.0015240000167597648,0.0008575584176976,0.0005457368278479618,0.0031075228168134794,0.031048247487695968,0.0003319016254367396,0.0006581691050000227,0.0017862835243795325,0.00031839547698361836,0.031048247487695968,3.408877455607362e-05,0.0001682823780807738,0.0007398755766981069,0.0004788088698118309,3.292428482348786e-07
0.0005759831822140515,2.540281554754692e-05,0.00400467339929636,0.0038236443013193455,0.007584127974265005,0.008602368631916282,0.0032752511752996427,0.0042179722899855845,0.00011154551038320554,0.003890111676302724,0.008602368631916282,0.00283395984289507,0.003034305270271022,0.004283860953056731,0.0033490313297104835,0.0018241919949832236
0.0003866957732083301,0.0011483264064169468,0.0007830174640670179,0.0007187022974523422,0.0033121766477481746,0.02791821139956638,0.0007346481659522563,0.0011606525163436882,0.00023418377188263312,0.0011897552288537422,0.02791821139956638,0.000588046726425262,0.0005714366755234096,0.0011790950019336804,0.0005188090024724548,6.703417022182329e-05
0.0011318940244923262,0.0010333180146857787,0.0044167776053528895,0.004332499811510626,0.007820429050864344,0.007605706437896195,0.004556567438816314,0.004942808990599436,0.0016689532973886423,0.005160457151200712,0.007605706437896195,0.004579621152208377,0.003985887339605712,0.004939060890836899,0.003811148949552215,0.002625293726239687
0.003112087293514608,0.004009394548977009,0.004789161901930669,0.004621145965519699,0.008247442220745,0.0068165038771106495,0.00452346877177541,0.00478207327938604,0.0012775487475994926,0.0031860844811865963,0.0068165038771106495,0.005261032012168765,0.0035892152487435533,0.00454067846634898,0.003968511517200943,0.0022046755109280253
0.003669955768563035,0.004185938870685288,0.006006624625214188,0.005971822707612547,0.009492822350293521,0.004257381584444317,0.004987635301270374,0.005428928848816711,0.0005227526775522448,0.002850092308438426,0.004257381584444317,0.006486907609805595,0.0035773847168440592,0.004776006738481095,0.004773056147454435,0.0022064024554861936
0.00719900239093163,0.008279213178872494,0.009862073904496067,0.00961142700869222,0.01336508579554211,0.00033416974663250804,0.008035836771858887,0.008980224893349355,0.00202317958549067,0.008183450167674959,0.00033416974663250804,0.009893320459762014,0.006073892036627254,0.007774737492433202,0.007723809465799453,0.0045596092390436035
0.004872779593667005,0.005635909338259762,0.007993879490949013,0.007696579761390224,0.011295949530031074,0.0017648766604025923,0.005153901449253748,0.00657696699677883,0.0005017724343134924,0.005215182663885008,0.0017648766604025923,0.007005134759363568,0.003438335763483083,0.00536586958552028,0.004337333517214589,0.002275528400437002
0.002187360156104906,0.0029519231794725292,0.0051471016238820305,0.005076170809214672,0.008471922280722806,0.006267926307416016,0.002235756162085524,0.0037669278150888955,2.315012986579823e-06,0.002776657272147244,0.006267926307416016,0.0035271099539891104,0.001380713979657812,0.0030398830827580575,0.001188900845404857,0.0006868607110652597
0.00025569620992454273,0.00046819637192857533,0.00219775329409648,0.0020886519965985922,0.005244195609092034,0.016765690213830522,0.0005152217749835389,0.0015023841597812185,0.001076034085369021,0.0014489003044382137,0.016765690213830522,0.0007427299007730925,0.0003354101995248493,0.0012772933885171894,2.9939533847972433e-05,4.703057613455325e-05
0.002535402068711848,0.002658455574617094,0.005975144837418622,0.0058652187308499484,0.009628621647017156,0.003863702602845645,0.003801057696032853,0.005367764093678833,9.978964202918272e-05,0.005977900452985692,0.003863702602845645,0.003320551794639727,0.0037006951474788247,0.005286383094659133,0.0023907747531707116,0.002656158118413375
0.0032498395334138383,0.004221205465349008,0.005891683170748743,0.005674806812885784,0.009806048438405927,0.003608406291234184,0.0038055912307415063,0.00536433274238602,2.4476886002489096e-05,0.0057945131734208205,0.003608406291234184,0.0030605563428908605,0.0035723703914306987,0.005243004879280443,0.002441205754422901,0.002377532762941205
0.001387425280422211,0.0018179148590995314,0.0036871790976406374,0.003567175672447881,0.007476569840786401,0.008383167183802775,0.002019841816932169,0.0032388174540189524,0.00028780783691117334,0.0036213622641294366,0.008383167183802775,0.0014713462588334808,0.0017067319758387045,0.0031094705128419248,0.0010830801813870722,0.0007070779889749856
0.00019329556411361998,0.0005531570714929906,0.0017408136736579705,0.0017037398853105429,0.005073972054081798,0.017109758786332474,0.0010554124819025512,0.00171445259718718,0.00045332447724888425,0.0015767385421514984,0.017109758786332474,0.0004646141690579572,0.000678081412310988,0.0015910107699962234,0.00035228283791527426,9.056882017260265e-05
0.00010112157338206668,0.0002838444261107423,0.0017771463925826333,0.0018517137383595658,0.005159639948848167,0.01686328199045979,0.0014876768262488682,0.001963295100882098,2.2155118410735475e-05,0.0017536632170424976,0.01686328199045979,0.0007283042381539817,0.0009486014459644809,0.001844753292304352,0.0005911309492523387,0.00022666601691891802
0.00011287045387899791,0.00019011321964804845,0.002028376081161111,0.002157066922569381,0.005599931577337208,0.015009605866281986,0.0015395067596305906,0.0020491674488271883,8.34844145636282e-06,0.0022538231520132512,0.015009605866281986,0.0011604951586146606,0.0009352854092904428,0.0019253069054915167,0.0007361428065861403,0.00022025743696688083
0.0006200907372432424,0.0005774113466446018,0.003419512816749584,0.003633217414902079,0.007369718615852165,0.008773010832360983,0.002419395480752193,0.0031648674029396834,1.3719180041657508e-06,0.002684684987078023,0.008773010832360983,0.002561375909088781,0.0016899018032071472,0.0029526419929012393,0.001912706367969537,0.0006910094822096396
0.009610352690051494,0.009522250087882322,0.014097095304475518,0.014406000893700428,0.018093562491578504,0.0010004479482349365,0.012676944808614532,0.013828138176450667,0.006747758308068966,0.012838293641671026,0.0010004479482349365,0.012979122676331938,0.011169046258381408,0.013074346738269765,0.01187669495729642,0.009503911946725653
0.004336640962987776,0.005038728191948505,0.007876698863629343,0.00867685606492162,0.012485678348535152,0.0007561625652764969,0.006288092383487612,0.007731096188275791,0.0007553133725353572,0.006894863938100668,0.0007561625652764969,0.006507708366757209,0.0047606407798500144,0.006812461382442757,0.005166389265382515,0.003437617999634296
0.004863755083696554,0.006019826235429335,0.008293658199163209,0.009031616442965185,0.012937194389338567,0.0005075254505287549,0.006249394351921685,0.007868783634306244,0.00014068505103909112,0.008362099618599968,0.0005075254505287549,0.0064305865808540474,0.004988583005940142,0.007223794492358451,0.004912819668656303,0.0036425628409178096
0.00011151404162340617,0.00040077723655145697,0.002038400238209774,0.0025743894758032543,0.005934973771140099,0.01347646715159527,0.0013321649731358187,0.002085241308037958,0.00015176247505227503,0.002617856773727806,0.013763725439274885,0.0008104107008097758,0.0009281127919096785,0.002182309051874956,0.0006721219188562388,0.0003987741511473561
0.00022833670281627305,6.864962839502053e-05,0.0006544015399185255,0.0009970580580485194,0.003813234064950141,0.006952656934599996,0.0011654093033662133,0.0013586371658208737,5.7484146118794155e-06,0.0014203662098023068,0.012860474864490407,9.420439758557608e-05,0.0008621603985571324,0.0017468697672956349,0.0005334900533419118,0.00044721843509404335
0.010340356288871783,0.010058601267881565,0.0021166549447548463,0.0017417718225832407,6.950176568875505e-05,0.03472387245868949,0.0002530289100462074,0.00033226632209629875,0.002446665294324607,0.00015399944863244558,0.02553881649830045,0.003423745969782385,0.0005497215972638317,0.00010529100516978168,0.000916558923911126,0.001198538406019703
0.0022138758939048153,0.0028166165235261192,0.0001357466483229361,4.873382487042416e-05,0.0012481296122566071,0.02920143991746782,0.0003131197512589168,0.00015859108454063103,0.0011243459577341477,4.078752108890166e-05,0.010934359886110467,0.0002043988384230616,8.314014707310607e-05,0.0003918844045831954,5.1674912052830646e-05,1.792293162884706e-05
9.660764847792269e-05,0.00013595110096927682,0.0011910165287866842,0.0015501974795912588,0.0052197660887067995,0.010501134032872991,0.0034377670614008093,0.002969208374657209,0.0013073281309674556,0.0017735750758304941,0.0014676604662876916,0.001531844310307666,0.0025838901456013766,0.0036782948623022282,0.0025917845618865093,0.00175514746019996
0.0005124549152602451,0.0011250151670481184,0.0015322346580670942,0.002025789611730028,0.005748908202642164,0.008657393162187069,0.0034741376189452444,0.0032835913066905503,0.00193774537501272,0.002233887593601394,0.0015318818430919076,0.001926208453103824,0.0030348833935926467,0.004293636761699637,0.002557963596039166,0.0025616908185116874
0.0014773102060393478,0.002502413632972919,0.003124393629481609,0.0036958910712536694,0.00781432239006205,0.01117929356278137,0.003723936095607741,0.0040549849350186365,0.00013134866579850302,0.003915607319095259,0.01233113419188897,0.003011807054274576,0.002864890707867475,0.004368011280577816,0.0019678878212023923,0.0022042849392324704
0.0037790519760337316,0.00531030060525961,0.0027254445979325026,0.0033575415458610425,0.006757793707576669,0.026242538406499066,0.0011445748744414036,0.001920867243505292,0.0033098390736464867,0.002314979846187379,0.026242538406499066,0.0014676062596647166,8.463023059891023e-05,0.0012573029045409023,1.5891237966081384e-05,5.06398654711443e-06
0.002873940400307959,0.0047712217138953655,0.0023821913373868325,0.0027282570141011556,0.006167260407057833,0.03087819845741141,0.00039098653859754445,0.001349537215229027,0.0005842525547378047,0.0022382185812477584,0.03087819845741141,0.00046330844379117997,1.7865002097681992e-05,0.0007643140120612429,1.0460198755966876e-05,8.593624099145075e-05
0.0051079023551584,0.006770460624343465,0.004578175099282385,0.0046521831789744506,0.008770021581526719,0.01657934600891975,0.0021292885098868897,0.003603304134599611,2.6848888699242124e-05,0.0036369565490646377,0.01657934600891975,0.0010454144658071929,0.001163532755857899,0.0029575073407188124,0.0011664678118971927,0.0007358481929121696
0.004982934703825902,0.006232386446500898,0.00452660395411722,0.004527557649593547,0.008568545848851625,0.016914964475505695,0.002233203358491073,0.003313172741784942,0.000787444287315496,0.003651573121290455,0.016914964475505695,0.0006361959179179491,0.0014391110693587755,0.003112688418579125,0.0018093915063615643,0.0007569837532077073
0.005071454436211535,0.0066626525686481475,0.0050309479462209705,0.004987750646848102,0.009246078600947439,0.014266707442173551,0.0031244755891919607,0.0038473401967013265,2.4631874722090552e-05,0.004430494538360322,0.014266707442173551,0.0012426501265998188,0.00237760265202637,0.004265868253690991,0.003008786329226132,0.0014849194141497504
0.0076354684607624,0.00792107595114025,0.005847655393384964,0.005869962805675727,0.010301295419317107,0.010450029388404058,0.004976782764029353,0.0054731577986949775,0.0005897588511947216,0.005959574188468875,0.010450029388404058,0.002844439416137698,0.004092428193705443,0.00606350453086258,0.004537060880474578,0.0030987125832507498
0.006676975116656908,0.006688773536495114,0.005563016702306869,0.005571786759905682,0.010029534228784748,0.011205745774780285,0.005193692005244388,0.0055737189049627905,0.0005403085502849875,0.006344034476566729,0.011205745774780285,0.0035475207852269652,0.0041384629314959245,0.005898354848325071,0.004462319530409889,0.003096264356595338
0.010818651017629053,0.010524419070194576,0.0102855512825685,0.010205904156619417,0.014828299270838827,0.0015780448498717917,0.00948570380493936,0.009898433178629533,0.003279452107821157,0.011394824162184986,0.0015780448498717917,0.009014438547495736,0.007885300454832683,0.009904301617764448,0.008716157348944938,0.006441202485196307
0.0069988040689362985,0.006657839840000436,0.007024884747812363,0.007027101135618413,0.011632327554898104,0.006698311402687784,0.006290659637509653,0.006541667240558796,0.0019399947047336052,0.007242582682662868,0.006698311402687784,0.006658809687581105,0.0045582619598827645,0.006431870659679685,0.005865733412866475,0.0033420327203472905
0.005229342866317432,0.004758888171308637,0.005716134574647397,0.005686189349988199,0.010341538818247946,0.010113731182006397,0.005890368035542444,0.005856851044950026,0.002276538958013552,0.004207836092707876,0.010113731182006397,0.005913317537308192,0.004209234001865889,0.005742121517886813,0.005465835082557283,0.003248131513359745
0.005692876656503157,0.0046906413265571795,0.005538708136636067,0.005523734370937651,0.010222091537348418,0.010480579036055454,0.005862706561528319,0.005778271485819636,0.0023075450508921597,0.0044125284607065135,0.010480579036055454,0.005791494252800539,0.004122396123396495,0.005604335167886831,0.005190309361644975,0.0032360375802274258
0.001527491402806877,0.0008899214543456602,0.00164276359046224,0.001649354618040326,0.005576981573221833,0.033379716548754435,0.001315546095274303,0.0013935594771597448,0.00012054708843051848,0.0012787176622666152,0.033379716548754435,0.0017051693344896993,0.0002705255152431335,0.0011893588395329446,0.0007935158301181217,4.0370832020311664e-05
0.0020481307339576676,0.0012027133057604528,0.00247784563462021,0.002464017243261618,0.006867572538302703,0.024825647851072885,0.001884435368962059,0.002176384535899835,3.3369007551298235e-06,0.0021939642820569955,0.024825647851072885,0.002493127356560376,0.0005876546593063595,0.0018387223127030658,0.0012656143678711484,0.00022846958233891518
0.004714170383421,0.003376485182051997,0.005656173661061907,0.005706986191721247,0.010624606271544719,0.009112224297416954,0.005000412348688227,0.005647046484550396,0.001415506166771871,0.005232073524888942,0.009112224297416954,0.005335825355045051,0.0032784908803973056,0.0051261951899782415,0.003896936684944348,0.0025769334448616926
0.0034124858638993408,0.0024930027906943097,0.0045288374240712165,0.004606121728429689,0.009478195383872838,0.01275926020765697,0.003167125943607907,0.004140577760455011,5.734740765192536e-06,0.004317989105567369,0.0059497094215803376,0.003639640779970532,0.001754831424841223,0.003515664477655618,0.0018650293300973841,0.001099782789073099
0.0034858370317840115,0.0024789220852850444,0.004715212911607425,0.004779064732595095,0.00977074154221269,0.011830326309167832,0.002321782514614429,0.0035840908870043015,0.0009961724910215117,0.004573945477545555,0.0007937189072331069,0.003400956411934289,0.0010136914197559355,0.0028799916879980597,0.0011126355571691102,0.0003672293995058834
0.004560243621003837,0.0046457103540008815,0.004847738971090837,0.004722663358347229,0.009775038082605332,0.01180784011174657,0.002501744135612667,0.003693981949132244,0.0009323836028129126,0.004285229706906778,0.0017826431008770849,0.0032736599395646604,0.0012839685736341089,0.0031246595736843102,0.001484314158785971,0.0005871556260432301
0.0028287927027127666,0.002609338234620194,0.0036913031433114044,0.003848309716712031,0.008344092941037391,0.017556866941247237,0.0019175143928448907,0.002888177170927611,8.562658452025695e-06,0.0030358615640086253,0.012374711107393965,0.001920035426907718,0.001056366175896467,0.0025727698044471434,0.0010433539439856643,0.0005736054913954777
0.011872058154769275,0.01133292042438298,0.013239975718713954,0.013412078105920693,0.017889608369804137,7.472634521062116e-06,0.010214111643262584,0.01168180554871718,0.0031856316191115897,0.012295582072017006,0.00042441189838465093,0.010490483254650448,0.008903150545900986,0.011382815040704063,0.008821886126264084,0.007849622123399236
0.0036439761674990287,0.0032978890236081554,0.0053021082574703435,0.005462956070453759,0.010068561677061647,0.010869826662362123,0.0021310306147508395,0.003262441122761084,0.0030593657792933188,0.004356914471538409,0.002829610261909518,0.002808311150494347,0.0012167021796237465,0.0030764868395712353,0.0016376693837283907,0.0005420784021460401
0.0026113384396453804,0.0019137799136270395,0.00359630538333542,0.0037787801049007363,0.008215909776816688,0.018004295638074597,0.0016777134094112661,0.0024582762054228754,0.000958997524595051,0.0033126350919852193,0.018004295638074597,0.0016845100526296716,0.0009634497842667955,0.0024145296894880625,0.001481009272590303,0.0004348326408803449
0.001096249324796128,0.0005020511264992727,0.0021102660645169746,0.0023039229627248164,0.006503881616512358,0.019306477728895058,0.0011482929806148207,0.0018050811969873154,0.0004444518051807886,0.002138244162825334,0.0271298031250988,0.0007703797329176171,0.0007047548164784492,0.0018388939170638982,0.0008834630394244508,0.0002943134562219396
0.0020202682240905573,0.0010979488058220077,0.0033959866133079775,0.003814989904020405,0.008385987758407286,0.01717701825017852,0.0020066390824914487,0.0030152671915183865,0.0001499885187233041,0.0034636702853964585,0.01717701825017852,0.001971165683646664,0.0016254170651093594,0.0032053514018893225,0.0015971957112582424,0.0009972437290904704
0.0008889690490104657,0.00019298598524487148,0.00202322226608756,0.002426275641870479,0.006982161429101054,0.024223892925470503,0.001075302520950984,0.001919684229528193,0.0006333064638572028,0.0027507542383144457,0.024223892925470503,0.0013659620080070725,0.0007943732428861983,0.0019722900141600497,0.0009569710482297059,0.0002481600614389623
0.002317584655827168,0.0014128714882023219,0.00400017744645445,0.004642465407523298,0.009451817021539528,0.0074882128159063505,0.00364130670917847,0.004602285622533536,7.588293104617005e-05,0.00411858500927334,0.012805645641471589,0.0036507458973006196,0.0031337299102544777,0.0043947861709484615,0.0038723508360737763,0.0019152288971960307
0.0016878630398571015,0.0015226340736055818,0.002809955109890745,0.003461947731005513,0.008036720741258697,0.0067992946660629106,0.0025739834062370875,0.003584606640993991,0.00030876099945929825,0.0027417386794560683,0.01866204696196616,0.0025988463199541484,0.002301989229149079,0.0034477123713280433,0.0029150201788093882,0.0013017882790461593
0.002298625874111712,0.0023967679879839665,0.0038167993525152696,0.004616164960820783,0.009225655140393585,0.008678326748767076,0.0028631419012173365,0.0041034935287950144,0.00028300858457668,0.003488183787061727,0.013907539845081099,0.0035615588331056394,0.0028228529037897937,0.004098205313245319,0.0031735133993089637,0.0016451634005380036
0.003103213988940673,0.0029049795793984895,0.005101093912487184,0.005868707716525465,0.010706609878469983,0.0008464621009380696,0.004776411241175879,0.005738316047569733,0.001726991607216663,0.005122230628668539,0.009035032210969102,0.005233502797733797,0.00477030208527076,0.005884745385136982,0.00492056323736513,0.00340633812887102
0.0015819374396508004,0.0010973741066631348,0.0037367887061361543,0.004440338560959538,0.009056404550536454,2.6627310596022413e-06,0.004768505752938065,0.005161199541206404,0.0024331488892074954,0.004309391930558473,0.014536163534578594,0.00395374642083092,0.004726427249529125,0.005514485653239587,0.004609642638511227,0.0037142696847529966
0.00016753526317086348,8.344628897655887e-05,0.0015349025794002963,0.0020081722081964903,0.006210736097172667,0.001033937560353991,0.0022254471199523868,0.002572963004928333,0.0004093987371138197,0.0023908513964066985,0.02913859388268708,0.001507671809997023,0.002214588869333331,0.0029326620509565263,0.001996970528858999,0.0015213984009973605
0.00059070545542321,0.0002873141997066578,0.00269395882849581,0.00325642334842062,0.007792229471295452,0.0026804271083780973,0.0023772723248736416,0.0030574971045265603,0.00021940103708471131,0.0027688978201344805,0.020067329039866882,0.0023937120810670065,0.0024785027703350115,0.0035276771788270572,0.0024534106134612987,0.0017410594167850332
0.00014553288006261683,0.0001883781326488948,0.0013631082727298613,0.0018653218524482054,0.005971690586432987,0.003879637048669851,0.001222934186017502,0.0018842026488642277,1.9129939010854857e-05,0.0016645435855766055,0.030660090984940186,0.0011694922424386744,0.001546794796987619,0.0024387112950489606,0.0015300011142503067,0.0010650853643774383
8.92810116941839e-06,2.2449343312774817e-07,0.0005727330272447609,0.0009772488701157295,0.004605383999490342,0.0023161340649466983,0.000961500938283566,0.0016072181272523967,0.0001434835210026575,0.0014153686032340324,0.010433455456147378,0.000413055903101138,0.0014851994783301459,0.00223138794873097,0.0010406747750594525,0.0011564087059031392
0.0006411828318340085,0.0007847314108714726,1.8142519332894902e-06,9.471354820149436e-05,0.0025824017948847602,0.01127063123265254,1.8369303165448325e-05,0.00034256428065083944,0.00038112972209534274,0.00032296194740347867,0.029180177219329223,3.448497813392237e-05,0.0002452198673950842,0.0007677863236182914,6.012767306759481e-07,0.00013073302157590866
0.0006298258905854878,0.00020185881488948842,0.0003140360544812773,8.068562104743965e-05,0.0012434550118206739,0.04623582039346011,0.0006390287084466276,2.756475071604564e-05,0.0034836672394257945,1.1671520888031917e-06,0.0920868385195727,0.000667542265404733,0.00014438882697128536,2.7546290075231017e-05,0.0007995984112818127,0.0002793177624108717
0.0007875154444248467,0.00028439599483199435,0.00023727811365464868,6.528040884214159e-05,0.001371445938803749,0.03167957590923884,0.00011009779325400065,2.845276458390139e-05,0.0021824659312440625,8.310147079332308e-06,0.05750228833709997,0.00028218139335305786,5.207675051722982e-06,0.0001523648650263651,0.00011206370116395581,4.992111891710671e-05
0.0005881945779217593,0.0013485681313026715,0.0013770468844520184,0.001887288900496241,0.005761778860064216,0.003938180916579367,0.0025096989756819496,0.0034041696758679157,0.0007096730055187808,0.0015183236556687713,0.0066009074749095314,0.0015034799826605175,0.0026854936976384164,0.0037562492436455375,0.002299377980501574,0.002317663676409454
0.00032123935313018576,0.0007163703150279838,0.0013749974329942821,0.0018063386770642287,0.005588356871653946,0.00999057387213552,0.0025833544721839546,0.003073555900258401,0.0006126901486625258,0.0017065954161189223,0.010437749847207412,0.0017066983821117793,0.002304994939886236,0.0034519734490228993,0.00204368453352774,0.001890215896595028
8.07235117184224e-05,0.00020657310327211464,0.0010434535938072254,0.0012586140130294021,0.004879420091970045,0.009932240525489008,0.0029180054002079098,0.0025886123582866266,0.0010459928838333493,0.0011046223279258804,0.006579652400867844,0.0019129418453987523,0.002183128898984421,0.003229603511794618,0.0021680099849623324,0.0018078594378699367
0.0006429189715505823,0.00013826727278099665,0.0008116574788841063,0.0009157271850771809,0.0004085128000493113,0.013545573979947989,0.00039135831878915617,4.18991778395883e-05,3.400426070485074e-06,0.0003515737113604367,0.008145987147548203,1.4486156738865996e-05,7.454647832242506e-05,0.0003091029723121738,7.563469446663501e-05,3.837630644207973e-05
0.01251311003991172,0.007549124124558423,0.01070521355889309,0.010008361617775158,0.0017642127126324472,0.04213138186511062,0.0011000355786371999,0.0031787317502897927,0.002416362564739545,0.0030220459980967174,0.025106895372355637,0.004697817259837145,0.002457503988077883,0.0014600536163867778,0.002546051085767484,0.00237732614334462
0.0018245830689591278,0.00042417503214854657,0.001010455089758583,0.0007368770246547404,0.00023701104348431562,0.03756818462901662,0.000121285535449836,7.483716790863959e-05,1.1414107249155259e-06,4.399619709040403e-05,0.013125442845113827,3.540666720841523e-05,2.1364049082914227e-05,7.778065439872917e-05,1.75678409007618e-06,4.9399797724669625e-09
0.001587926493137548,0.0015945654466089643,0.000670305063590268,0.0008346558222325912,0.0036682783041754735,0.030168927271704366,0.002126881910877121,0.0010824785922828178,0.001074650029731103,0.0009459337403571882,0.007038064265325342,0.0018066123732266917,0.0007417897587909186,0.0018366528812589211,0.0012985542761487778,0.001198292280069728
0.0020496768999576503,0.0026573031407297887,0.001002349275067288,0.001178955014964178,0.0042262701697484,0.01300784885319145,0.0017235374866415368,0.0012672187150027658,4.804889255376893e-05,0.0018135686754391367,0.012709839987487731,0.0017523476477601246,0.00031187450517322635,0.0013308457452176903,0.0009346538455178299,0.00069574243667863
0.007065721855875243,0.008846957736776809,0.004263101586365156,0.004773812710747172,0.008152079839391084,0.004942995092506661,0.0022705342721252714,0.0030466633638130125,0.00034248346233411303,0.004189135328607388,0.018980967886915,0.00392402165470894,0.0003881313624170754,0.0022976106095144652,0.001267748585639411,0.0008569292453984301
0.0054738877983201845,0.007125204090407608,0.004373810933623032,0.004776391284245313,0.007431374178156133,0.023337213442274893,0.0001555463878739824,0.0006353506959169974,0.023337213442274893,0.0025443794500009664,0.01038848919775405,0.0024584900829796447,0.0028750967708308234,0.00014183170756553592,0.00016101704854216276,0.0014484669119871202
0.005087122234955457,0.007113049331589023,0.004625898348633736,0.004486991340100707,0.007707949822956528,0.01283054105995124,0.0001659526217378457,0.0007520225494474578,0.001412634178346521,0.004576682317594345,0.023175594434056673,0.00252287379606278,0.0003453228544365791,0.00045873174317891813,0.00023578382362853673,0.00020671059234754485
0.004337315205871259,0.005482890196385676,0.0033667176910356506,0.0029940094857469762,0.006144291491049683,0.0017265669562607777,0.000224040443513214,0.001000690316588837,0.00023148730479768953,0.004157810452231195,0.024626738714690788,0.0016826084395602167,0.00031491225726625743,0.0009988985787589832,0.0016673224842362194,0.00022641722556908384
0.0032373083175828293,0.004176600451238202,0.002935772318513462,0.002584151319846892,0.005433521182944288,0.00297571955266715,0.0003809299068482236,0.0005899694569871453,0.0010485466362185197,0.002052073692455407,0.01238844907994642,0.0014141219459574972,0.00033288315413707026,0.0008081512007023853,0.002138828535547581,0.00012776527004858262
0.0018230927112691808,0.0023825269609671004,0.001831323178281781,0.0014578009804617903,0.004347735515413703,0.00801741723798477,4.3478675200527006e-05,8.108943877337127e-06,0.00984285637239693,0.001066593862241838,0.032692292526814104,0.0011310497338677394,2.6970472235057774e-06,0.00017286425040648895,0.0014243035590756903,0.00021239361860529715
0.0005206326187279925,0.0005499157611086047,0.00015389737164828166,7.162386584418784e-05,0.0018069065479226348,0.0032166011575945758,6.8747061336693616e-06,0.00012492314350049522,0.0009245138677560008,0.0006087991528946485,0.017426594793402875,0.0003235400679099179,4.486961184713145e-05,3.338783783381899e-05,0.00047611313825982743,0.00020225342210824365
0.0006792806448923383,0.0010481924538066067,0.0003044802053090226,0.00021425504740393148,0.002290701183064306,9.649581073971347e-05,0.0005023639224611756,0.00021326340757595735,0.0001981656527509229,0.0014477868824361861,0.00430465371145379,0.0009592044603172201,0.0005901341943532201,0.0009581051042448496,0.0010266196416638534,0.00044737793185308655
0.000495013147625116,0.0011769711667112132,0.0002645493038707647,0.00017271375138692285,0.002210356133471439,0.0013600281637094133,8.163993831263039e-05,1.0312176621916913e-05,4.297822449332578e-05,0.0021983415855922755,0.020063734808359976,0.000935582519626596,0.00016914931843417524,0.0004056219427940183,0.00020947714637783305,6.141097595725731e-05
0.0014334277124867373,0.0021924468192738022,0.0012891186810671876,0.0010705770102255319,0.003987985990372277,0.0050366079720302465,3.8836758967993046e-05,3.012623581411661e-05,0.0009029425036087349,0.0019378386218058125,0.048074250524735934,0.002372319756681132,7.251601592428436e-06,0.0002499754426943876,0.00031038935452741556,2.033750785194327e-05
0.004666339719882076,0.0064535240087844475,0.004564369821949549,0.004249991813330203,0.007885567325583709,0.0002140431721398134,0.00213512195046954,0.002342698347445868,0.0005328349568162818,0.0035194247277637314,0.019895003194470975,0.005775445106290869,0.001455653375488683,0.0024879025927760715,0.00338298499926519,0.001272126841030577
0.0027071940184144605,0.004944019690604651,0.0023510453573013235,0.0021455003041521495,0.00506618071892561,0.0016052721035750006,0.0006582424656910932,0.0010154065333585621,3.6673338695558666e-05,0.001819739344409474,0.026343882410630765,0.0024897354110945957,0.00031200450941934466,0.0009840407836222281,0.001195185259169368,0.00032768975968471004
0.004369499307810956,0.007051376064386897,0.004589918442214527,0.004311449608937125,0.00757023587710795,0.0027820655699790503,0.0010097542981551827,0.0017789686545213318,4.433351409235953e-05,0.0029783351697961757,0.021954832916382325,0.0037463787871885312,0.0008811545963784279,0.0021845146408030897,0.0013825874645385233,0.0009238807486292716
0.0005369735982836965,0.0025199470914676753,0.0008157237302085715,0.0005973839369284306,0.0027375161562091382,0.01020142241505373,0.00016398412095128961,4.721709175489752e-05,0.0017078893393579833,0.00040240677451912343,0.030074483738233432,0.0003227461665148493,9.233467398213346e-05,0.00010092816714298708,6.270623142168308e-05,7.40927210617845e-05
0.0006189873619627528,0.0024037027024084445,0.0011049258979110438,0.0007789038255822875,0.003146527813280467,0.0002700548955463927,0.0007573845162474613,0.0004782246495286732,0.000360720454983518,0.0014451216097053632,0.0005973692615180784,0.0006571956721854316,0.0007728833967108328,0.0014995822417969984,0.000613582528644574,0.0009611516407894705
0.00046514723914446027,7.368883002678572e-07,0.00033999097910937526,0.0006812449450441516,0.00015905542032365605,0.004898662153737646,0.0001290876034142907,0.0005413582768910782,0.0003718814367110815,1.6453471704126754e-05,0.0039243494802135015,0.00085599027258116,0.0002673262761646797,5.321911848842065e-06,0.0004940331216079785,9.19730975807928e-05
0.0041325818592856875,0.00584328394715123,0.00463897881294445,0.004136316685340383,0.007580507018539198,5.1997021914322594e-05,0.004287093956410901,0.0031419080576763347,0.001756320543787139,0.004337944974022137,0.0004437376747721128,0.0038478309585433523,0.0032871628595501495,0.004902259671127618,0.003559365132247458,0.0038815872447449384
0.0013467181766419617,9.38571432766086e-05,0.0010286331115425748,0.001606286576896425,1.5062281447750236e-05,0.014667328830830897,0.0006306712194225836,0.0019541222677212297,0.003503226969400669,0.00028617286496104843,0.010626534821743222,0.000868481422363794,0.0017834449071073635,0.0004755610805776689,0.0007752753114397271,0.0012116971218409656
0.012054838711991131,0.00433763489669052,0.011546096472360809,0.014172865659953626,0.003600109430506482,0.021586388041083107,0.004541164412404694,0.00809365553749343,0.006905290978539119,0.00237922620468696,0.017650951361002656,0.008386903470704213,0.006726043647516958,0.004171687408733485,0.0055767750218912865,0.005239785305676897
1.5225413963142198e-05,0.00041397006197799874,6.893463674086109e-06,0.00010605515135350685,0.0008066624736536923,0.0010058617927083957,0.00045653700286925336,8.116064441079235e-05,0.00010615848609314693,0.00011206955772270766,0.00044467048741164694,7.430250713819087e-05,0.00019513125981349133,0.0006894564380445084,0.00012316994456184477,0.00046222324444395585
1.317185623745526e-05,0.0006878971798588568,2.633275437247118e-05,0.00017806400726855937,0.0005106165683234909,0.007510920265437204,4.7053024344774486e-05,0.0002494251784528473,0.00036789731936458236,0.0003667955189156358,0.005148003955126837,2.4519263264743962e-06,0.00034418339201718745,8.097514509385062e-06,0.0003570701346083949,2.785313357963476e-05
2.7812200084631478e-08,0.0006960585611553646,1.4113931347814468e-05,3.710152576116843e-05,0.0010544663444828142,0.00421203428053471,1.0054548277772801e-05,2.3861711325755264e-05,0.0028898373293652774,0.00022292334874333963,0.005441924149531471,0.00015470563681629912,0.0004626301047983006,2.609008050095951e-06,3.645875322469405e-05,4.3175389735597425e-05
3.386532818547283e-07,0.0006686109815204344,0.0010819761860262622,0.0016183872916154599,1.5361252071778575e-05,0.0072521282925547825,0.002160087249691099,0.0016306971752816785,0.018733711642723264,0.0010383763028499332,0.019911935090196065,0.0012722149241668965,0.005436344778106061,0.002316722944698771,0.0015859274308903798,0.0033658812436204028
3.0166903229184028e-06,0.0007580993341319772,0.0004713082279791045,0.0006748897276743285,1.3619877258716495e-06,0.009474726842923789,0.005315607048902743,0.0026834576583998487,0.012389742464199383,0.0011179962131338747,0.042683551685878784,0.002437830076733344,0.008951880129695416,0.0032813092750909184,0.003002746495792949,0.005067789588568114
0.0008259643828675764,0.002492858478703029,0.0003319845585644174,0.00018306067497340928,0.0016999078640111548,0.002188355107135505,0.0009949132391852203,8.724579254320436e-05,8.955853676148595e-06,0.00013298476157421607,0.009444704843517282,0.00016073025207922337,0.0005567456404361806,5.355146712598957e-07,7.439713266634701e-05,4.3788169487461726e-05
0.0032308951663948607,0.006153757758437711,0.0024715835171583156,0.00215119856778187,0.00436426433146736,0.0011568231800127698,0.0016669781602184353,0.0019276727907424768,5.453538457364515e-05,0.0023530026708768956,0.0007309080265914536,0.0006154849826056352,0.002450335560296432,0.002886721980653706,0.002809576324189926,0.002702602605592616
0.001273447355064114,0.0034303284614044666,0.0012697612840038286,0.0009536655657298443,0.0026757076871322116,0.0010005464876497658,0.001519716412919786,0.0013371997173424605,0.00036806175399125424,0.001626926778860463,0.0006704600583294848,4.978630246960103e-05,0.0017522133317519478,0.0018795096004320389,0.0025751993491079372,0.0015808705978952592
0.005347508524886135,0.008687525782647088,0.004561820037180642,0.004039291949252198,0.006362677116257182,0.0012853749628603806,0.0024387995683048946,0.0028795572880915762,0.001508411979991811,0.003841239224268475,0.0008006433026227916,0.0016614818593551073,0.002556860314118642,0.0035803134212140236,0.004585267868225405,0.0025915749528391124
0.0003038018941278822,0.0019741004175203997,0.0001859656506756277,3.310263981777528e-05,0.0009276809886597862,0.008852604761364014,0.0017228086100266327,0.00048823390777446435,0.006292017108889908,2.2910141617912827e-06,0.008904246978845065,0.0002338436806702121,0.0012833025972780396,0.00028589155158580126,2.0593666778374875e-05,0.001368114755519803
0.002696845307860324,0.0049657990727873524,0.0025042814005375655,0.0017354857155518419,0.004067130913458825,0.0003538117203049848,0.0011361614398774922,0.001585817304248241,0.0011865447992669767,0.0022275185606249748,2.4376782864002355e-05,0.0013606384115332215,0.0011609469694756208,0.0014264079844978905,0.0033521691728730374,0.0009164051062798065
0.0045129374117297005,0.006652463901553517,0.004866592012804968,0.0038059575667931667,0.006642966098570888,0.0002556458543912718,0.0049099964061879164,0.005070513989205647,0.004732952495909604,0.006414247501963746,0.0025322952448558964,0.004003065461302649,0.0045988187121381585,0.0048023047143968475,0.00677905042285723,0.0043290689977502905
0.0011266221159644887,0.0024864524233280533,0.001699746719790965,0.0009810382705556092,0.003032160897329668,0.00714538983020227,0.0011882355472735834,0.0013342604178466222,0.0004146050585890834,0.000866483228895612,6.738309618614657e-09,0.0013900190605471568,0.0007804148482256773,0.0011508369179748998,0.002207703681849957,0.0006231895127663742
0.0022573769265922805,0.0036433434328632178,0.0031808611197596953,0.0021733103423156597,0.0050186242965743685,0.002535859190444009,0.0029930998518590338,0.003238206601113486,0.0008046060539415728,0.001785716901152451,0.0004158082697777385,0.00407566673326152,0.0023100725179853107,0.003024989835250444,0.004459709923176798,0.0020438360249107057
0.00011899049037929904,0.000115336964111451,3.0470320545261664e-05,4.794933880646057e-05,0.0005907236858790285,0.002782970547151889,0.0006087483016467207,0.0006406971737748166,0.00021082617760970895,1.621599016295161e-06,6.030634376105737e-05,0.0006550095438110359,0.0004095815973282346,0.0006733688154072284,0.0013374942620515695,0.0004030262824169101
0.005600485701832705,0.002967188160286155,0.004005919618148751,0.0061347916987546935,0.0012629674190260398,0.016419465025541466,0.0006884780135921753,0.0007096876346943462,0.0002632840150242066,0.0006375437609735177,0.003638069702733171,0.0008929136563063725,0.0007891727429880993,0.0004438052218366656,0.0003027101037416241,0.0005680182556561525
0.00022733321310533516,2.0226214833551914e-06,8.88411913202436e-08,0.00012790905521093549,0.0004771374841699566,0.00559909730608231,0.0007927862287185686,0.0005925017080631312,0.0007864899876916867,5.600365545080366e-05,5.5155339990640984e-05,0.0008623210511799484,0.0006513132435774505,0.0009542934713085843,0.0009145192490125076,0.0008463882141527407
0.002400620763304856,0.0010243790207332543,0.0006335090669407697,0.001381095588001438,3.282783890445895e-06,0.0036294689313764866,0.0005135199182750433,0.0001450555834840786,0.00026130404430248916,0.0004565374307113623,0.0001398160855190997,0.00021401321911297677,0.0003593585980473657,0.0005029283216509417,0.0004461071826230567,0.0004966267182734407
0.028585877464880727,0.021673822775621937,0.016299116307065223,0.021750088900389125,0.008572997273247798,0.012420475222297334,0.0012956336826968964,0.0026052585008351503,0.001765326184904721,0.004720578905096834,0.0016918426757879523,0.004398445395099829,0.0016188427701538388,0.0013012933286450645,0.002051282998255584,0.0011823086990104745
0.0003654590893365575,1.0625274620770786e-06,4.6847433018061546e-05,0.0004479862826327202,0.00017655542467143875,8.021657109586605e-05,0.0018149579358867213,0.0013460342813846546,0.0016610557117836267,9.491465163449786e-06,0.0017930991690127476,0.0006704272304106015,0.0016908402353569066,0.002194009113764925,0.0010102971322552834,0.002174110473009208
0.005174755264952494,0.0014502570352876026,0.004056403410087256,0.005394767866738481,0.002097670418520506,0.021721796047860717,0.0011774997901614695,0.0012522897211244763,0.0017767116460286683,0.003674738582852888,0.001027427452954796,0.0013702634686790158,0.0012672697738541558,0.0004210547570129841,0.002238137446894148,0.0005836811392100974
3.666026522339966e-05,0.00027430290366423776,2.3022799422428575e-05,6.413846044813626e-05,0.0003812371989051558,0.004490876932818813,0.000607795629594142,0.0006572411333098799,0.00010699838042780435,0.0004520095983643335,0.0006667400206790547,0.00042960108676312614,0.00047950978565753505,0.0010845749747546707,0.0004748236067366393,0.0009303891245322077
2.3617655005789273e-06,0.0003685659394203414,0.00036033177942212946,5.90532096117688e-05,0.00083051106648864,0.001199900474858441,0.0017332075975128036,0.0016671243519457632,0.0008057837267900492,0.0008168731005423688,0.0016102658105218576,0.000574722837076963,0.0013180803846988623,0.0020916771498005193,0.0015781432396258233,0.0019787904170256165
0.00962567151210307,0.007478581058877817,0.005460602425577665,0.008613261069458075,0.00509325082119888,0.05595244787216441,0.003781265156283284,0.0045575073075474065,0.008876107534351335,0.00508712721897378,0.005484631827097797,0.009427771616222144,0.006000492936190871,0.00305281963122582,0.005159515696711081,0.0036569506419291825
0.0015141080722513717,0.0011124374276674717,0.00013914144523186067,0.0007243143385788006,1.7748876961994065e-05,0.02936794093676512,1.2513053545500086e-05,0.00013170746319256244,3.9959929071978206e-05,9.644412315115702e-06,0.00047691128516209186,0.0009960015241128328,0.00032764619702717324,1.5515683737601926e-06,0.0001709083292981209,2.3705007046632975e-05
0.00040917248905047304,0.00012368563033159086,0.0008360091916693319,0.000234929216469143,0.0008880282705217846,0.0013711395396639528,0.002233630579598446,0.0013718825173583554,0.0010737040199428893,0.0006276205345826999,0.0010238488422886355,0.00024749223128799763,0.0014960042062359957,0.00226073220037995,0.001771233222278512,0.002005846548086096
0.0008431102581731992,0.0003842570166794554,0.0016949155434578742,0.0008738775810355065,0.0019444541273704735,5.059423473653679e-06,0.0038427119172016327,0.0027495136703363857,0.0022084492060383265,0.002380492948833135,0.0018430576969515194,0.0010682214327631945,0.0028488107909581326,0.0034546257559880944,0.0036648080706819935,0.003153895541369009
0.0010687547948019446,0.003345269317453964,0.0010818653524007488,0.0025526808949643542,0.0006854601025532217,0.033269862273302836,0.001252028428400817,0.0019443396568489119,0.0026080785179922322,9.591700170508144e-07,0.01164020733209567,0.0019961180847487825,0.003072943433651179,0.0016789087384693133,0.0004716754659266839,0.0028736833443616383
0.0006141288712230436,0.0003900619491149712,7.165002287414651e-05,4.959779463180325e-06,5.02122977857275e-05,0.031133462168373288,0.0012436128429350532,0.001158734692671741,0.005461195379523498,1.1955663009231843e-05,0.02515161006133987,9.574550720314878e-08,0.0028616731923827993,0.0012855603353787298,5.451832525038558e-06,0.0028752388290051445
0.0030084901784871027,0.0029527281544798473,0.002257511362734957,0.0014367384858591098,0.002479767297274414,0.0004176600443920389,0.00032613155925222126,0.0005107194043872873,0.0007248941186570254,0.0010199666427894369,0.0014240757620247527,0.0018668889022633584,1.0420613513723032e-05,0.00012256875441067627,0.0014420971347572642,5.497597685543559e-05
0.002568774562171569,0.0021929941783879955,0.0014367372698744912,0.0007802635329470786,0.0016912341035160566,0.00016993631868240933,4.057569911173481e-05,9.609922898461132e-05,0.0002531317502141098,0.0038212550766926826,0.0027933918255276247,0.0008783580996689008,0.0004386342547015448,0.0001474770191719696,7.84779440581862e-05,0.00011753392868345258
0.0021667235354722036,0.001738861192818672,0.0015476433117480037,0.0009094794951297752,0.0017046105741588963,0.0033553058669686386,0.009516651507866902,0.0006686334811433145,0.0863957943384405,0.0005008705139393013,0.04313124607555088,0.0005083106018476322,0.019088113987090538,0.0070668201034317785,0.0016057549187165066,0.011452513193054847
0.006516093892433364,0.006975873693326799,0.004178890399819168,0.003339908738514724,0.004171190801594921,0.000809232105245479,0.008576531788696287,1.6414486231214331e-06,0.030200451229380615,0.0005550832576437376,0.026309323835679438,0.002075910873671802,0.014640151876811752,0.004070787875879514,2.1974404792943214e-05,0.018662667258066895
0.0026177627608034992,0.0033655778200383096,0.0012907505912426315,0.0008238478429348356,0.0014532122996941954,0.00034782694024959593,0.002065091310581385,2.4227664766812707e-05,0.09632523248070388,3.0599468744819946e-05,0.004288475477526046,0.00033502226046093486,0.002312129395973875,0.0011973261646198372,0.0002625203718141997,0.004530044326595692
0.004278872144842474,0.0049217346610284235,0.003213077047553206,0.002455128898245909,0.0035085658998322625,0.0001512462353749841,0.0006969174076253831,0.0022314236092464274,0.0013798445694514286,0.002414324261504043,0.00012820322615817586,0.002364208636355572,0.0010219680543505777,0.0009829087084999855,0.0030914392509829927,0.00010615486621306375
0.0029377423515561454,0.0033359513323870382,0.002686513821617803,0.0020041044337485298,0.002744313671472709,0.00011576184222542724,0.0026577350727891233,0.0025061219080914146,0.002039541504775283,0.0026375534252633948,0.0016369894204698587,0.003271630401792007,0.0029979801002230494,0.0026035656857789774,0.003758827288974552,0.0013549487027893076
0.0037410841226369063,0.0048114913617824315,0.0036694842370053257,0.0028181995958147035,0.003858522746924678,0.0012238217153539288,0.008685624483252517,0.006309388379838701,0.008790825222616934,0.0018099860133066192,0.0075871603351102684,0.0065895653075182525,0.008184461082155217,0.007521477742333832,0.007940012816935585,0.006861059428282801
0.06585844248090508,0.054585660495875016,0.0625974688757561,0.07405267240459895,0.05779776201285272,0.06436887337221803,0.008220649018605919,0.019344570755417734,0.008050988558037195,0.014927666086807484,0.010588817606383319,0.023317686122205764,0.011001010872912734,0.012694349385329082,0.013556162328025229,0.013141739859153498
0.0020353519261394754,0.002574445769471821,0.0023521874239210427,0.0017336683408876868,0.0025696701930306987,0.000720913804104717,0.010253055857187752,0.006975018145268644,0.009142703421172356,0.001712041345419274,0.009368348933843612,0.006642400387447067,0.008639077945086074,0.008846147071576847,0.00774566286834194,0.008716183477752167
0.0015976725645155954,0.002167800429628837,0.0023814767321326813,0.001718235521300071,0.002684466167052542,0.0013768872819067204,0.007777941601094782,0.0051053248765066325,0.005093102618776907,0.0005777787886564328,0.006261596224501405,0.006068727270221536,0.005987190312231119,0.006894346304474767,0.005016332575915605,0.006679114885940418
4.1660140893573505e-05,2.47396634597552e-05,0.00010789969316236242,1.8701369334725437e-06,0.00019440195719201692,0.009996095373050115,0.0011865946069549785,0.0007607441130316611,5.87033748186e-06,0.0010069541623990222,4.270106960996278e-06,0.0012934302494303287,1.6278998414442913e-05,0.0004930473167885502,0.001117082686149913,0.0006265584116379175
0.0015913385753706377,0.0022400301712692944,0.00306813662509893,0.002131396218063575,0.003445813508381322,9.012797366114711e-05,0.0017668265735451064,0.0035369930072526035,4.9018018387358975e-08,0.003556825580409345,0.009239906326469413,0.0034441759458501697,0.00033835750775365603,0.0005102839893080177,0.022379239759443545,0.0015480353918716216
0.0007445443261528198,0.0014294962189569452,0.0010446071054965589,7.395839407480648e-05,0.00026910294179322003,0.02938102545709015,0.015919603809381372,0.0006758070434026847,0.009274025861818302,3.954992274111946e-05,0.013843898277396946,0.0005872100642598313,0.14282282820800254,0.032922679541127264,0.06976312469412907,0.025202647329109373
0.00681932975332742,0.00833998427178087,0.007470023359023102,0.008891037378134806,0.007551667719642663,0.010498041285432927,0.0007134268760419227,0.0025960312693737303,0.006471655026777948,0.008237408944450325,0.02141718227471387,0.0010365223767342807,0.014413423006767692,6.467263598685519e-05,0.03166621946498066,0.0005149026907275631
1.0897551177481424e-05,7.141705100183193e-05,2.028787447878877e-05,0.00037066159903832024,3.140083359491619e-06,0.02063760199819717,0.002033469612434835,0.0003329965138090807,0.014389889655260557,0.00019678635050618398,0.0063747824371646195,0.008658055519387364,0.0033247159325539427,0.0031478165314152984,0.0032770911118423784,0.004604885240222595
0.0014156941244659951,0.0021232132216837674,0.002076934747066078,0.003152377734267041,0.0011737848412582408,0.0021380148962167264,0.0011032009632716416,0.0011480333758668582,0.004108809134579353,0.002757199467638763,0.0005144510728661497,0.0003955450822508838,0.0010166398616338335,0.0004682623602130162,0.0020891637216449085,5.779914554290139e-05
0.004649802895272129,0.0061632980910085455,0.005821285372867704,0.007484732305589867,0.005696700366084953,0.0031108454212710607,0.002733636252107506,0.0030356199871958353,8.329688547762532e-05,0.002747127624809803,0.00046512783182123263,0.0018429331582032332,0.002462146588770364,0.0026123236188034388,0.005312454608399894,0.00044127156090436465
0.0037403046428329118,0.004341577544423991,0.003207208640989598,0.005203237673617911,0.0033147200735390916,0.002298417661046978,6.241098466451545e-05,0.0009198275290241281,0.0023500095129876664,0.002118818557864194,0.0005485661499568945,0.002422164877201302,0.0008663930979029427,0.0018559809007866537,0.0027095335188431005,0.0001021442662629754
0.0028062393777974204,0.0032374199000956214,0.002769659823690429,0.0051429121165975505,0.003098361803116463,0.0003242841416638692,0.000809342797412127,0.0016774364433310637,0.0005688836140987294,0.0014883202379168958,0.00028808149114729203,0.0034680468164050363,0.0025197120098247316,0.0024797381887649433,0.002946772285296384,0.0016092636482913855
0.0011541364776778418,0.0014445009552162963,0.0018531598601910504,0.004058718659072466,0.0018905121951171347,1.0063734285574444e-05,0.00028233745759963236,0.00046602167623859686,0.005635534087215496,0.004819843970308338,0.0002626848585120592,0.002407375025196952,1.1929593397887184e-05,2.83525719253358e-05,0.00038886288267891284,0.0005800086224518122
0.003167918545253043,0.003330854712235494,0.004413068955786137,0.0070988862558215085,0.004894278213586942,0.0006941773520637018,0.0006619080015702883,0.001162160369554563,0.0006179978534956027,0.001695347237010092,0.00010395885362152885,0.005135781459757939,0.002040196671897615,7.072249262444347e-05,0.0007716287990768428,0.005182122282086532
0.0015261798281493016,0.002393174002351381,0.002244384636603307,0.004626052378771686,0.0028721270175300698,0.00992816591643085,7.67994340435188e-05,0.00036313603233047165,0.007805479447155719,0.06547922638343776,0.0002267884297537659,0.002615145228277743,0.001930173963911666,0.00010364347406762592,0.00029170445007097034,0.0031306375320099
0.0014152730551402343,0.0027974769558389914,0.0014761275573767982,0.0037333949051702037,0.001959270344796052,0.0034364357379520066,0.0006027786080455566,0.0008322375673531363,0.0009608302237112745,0.0014367533185751097,0.00012975154460628108,0.0015050707871965135,0.0001270738921528916,0.0004087569830360932,0.0011666516021369006,3.1043405647607214e-06
0.0002545976221279417,0.0010275039671180097,0.0005785784794641452,0.002328233110916081,0.0009849966491057988,0.014691137342989033,9.896261274761065e-05,0.00013220075818148186,0.0014393622483370866,0.003958771418013776,6.962286850992205e-05,0.0003131696246193444,5.861948979418719e-07,0.0001988849552316055,0.00011899386924389688,0.00013861531262495536
0.004485554233438535,0.005857678609511252,0.005697855269734042,0.008731153285041454,0.006789377128416353,0.010160493145157087,0.003659553890158894,0.003513565601777735,0.0004081050361087052,0.0015962884915375272,0.000991333852522605,0.0051597347048389225,0.0028677207393606186,0.004560015325272532,0.0028258150163688253,0.0020530716485644696
0.0031742078173835828,0.004206638391944038,0.0046426137734346395,0.007604430631464529,0.005927484034017452,0.0005633815348399032,0.004580129940029272,0.0039399802586297175,0.00115863445208262,0.0036591716490444737,0.0009832302078221916,0.004653879094586623,0.004063770216875304,0.005301950203035463,0.003216983460080383,0.003408095018994861
0.0018794935961240489,0.0034950576694161295,0.0030317308420084663,0.005835381062057721,0.004133235965933457,3.2916040620778464e-05,0.0039137089955220555,0.0032719408743506345,0.0020157016150027587,0.0029298355931340753,0.0005567867613447894,0.0026145963588006804,0.003509279101488516,0.004412413764934148,0.002276702229718923,0.0030767866200982624
3.099417995464787e-05,0.00024250784189380065,0.00013766696705067721,0.0015207198327393812,0.0005587679595008763,0.03643282094710884,2.2996526998518563e-05,5.2791136849854314e-05,0.001774750417845479,0.0004006437974045443,0.01391229438370123,5.7966760893202185e-05,0.00028633519879563835,3.810147167090938e-06,0.0014173876916410977,0.0005644654101788701
1.0141639557259552e-05,9.412237877927387e-05,0.00030504438409066637,0.0018828700170124835,0.0008205484052103557,0.10852619361267213,0.0015434596144776533,0.0010332066471334458,0.014151039038094462,0.0013220025329341648,0.10852619361267213,0.00013794439902240635,0.00413423605970524,0.0007660419306973615,0.004258444631329253,0.006664179688125604
0.0014607943798711498,0.0019622024331255594,0.0028647598063384697,0.0056138746328835,0.004071899470211346,0.047606814805356945,0.000568115617215606,0.0009022186780913502,0.00026199577776113425,0.00199371559398992,0.02943067060473828,0.0008960253470227386,0.00020111639370582607,0.0010577034865431878,0.0003186653087996899,1.1031412881466751e-05
0.008016911011882073,0.008347108241038424,0.010101711928033722,0.013285179490126534,0.01156655294819734,3.192025200710741e-05,0.0076943853698113185,0.008535641934304089,0.004360672944450333,0.008754116798833634,9.102451343420692e-05,0.006594390290971537,0.00733828083992194,0.008901669608927163,0.006924146624216879,0.006316068636393654
0.0009061419743500304,0.0009583426000157394,0.0025182999650385993,0.005243027881272851,0.0036941850221648698,0.05164442015802312,2.158190569982732e-05,0.0004645519724270908,0.006482831784542023,0.0014669719494350489,0.05164442015802312,0.0002807030386238474,9.399470698029377e-07,0.0005879860813083754,4.871423935015606e-06,0.00029541076542288075
0.0030218505892662187,0.003984025143476816,0.0036835285940422235,0.00659802874110809,0.004883378818870354,0.04040601714510508,3.929942385683116e-06,0.0004775749040161689,0.04040601714510508,0.0010244854877220766,0.04040601714510508,0.0012361611054650251,3.7168032999169986e-05,0.0005432140167652005,0.00016514070749880372,0.0012198181684401274
0.005468231779066808,0.006493391473841877,0.006994778768640589,0.010047848169318759,0.008326710928314274,0.0015956560166635186,0.003663469209759837,0.004542059235966067,4.4604470443021516e-06,0.0013794111422638644,0.018525773836802775,0.004681919451186914,0.003317699150287512,0.004806103809924696,0.005068647577834803,0.0020184397765422163
0.001163255730463733,0.001736467288820126,0.001772944994065065,0.0016478182676932587,0.0038268997697005896,0.002731428046432921,0.0013103268257658868,0.0015631274039603973,2.08019412364438e-05,0.0014227449796454308,0.022707671473758184,0.0010445769972687868,0.001207247961946649,0.0019764489452617634,0.0021053011048842857,0.0005667370049705772
0.00012861555171817668,0.00026842664350209405,0.000590851840505946,0.0004663972106070599,0.0022316462434682355,0.013290757051285962,0.00020143764365296996,0.00016138209361024614,0.0018997063474872206,0.00027989469791540184,0.07282232385927767,0.0002167577737494028,0.00013154049276309365,0.0005710319743383527,0.0005364584468519826,9.088433646255167e-06
0.0035918811408509124,0.004424397919096358,0.00528469845754289,0.005147093857789123,0.007878726322217706,0.00025152180258394136,0.0058346434076159345,0.004873679430275488,0.002062023238780991,0.0013202859614316054,0.002556871192831267,0.004922037882758565,0.005505304745478973,0.006464931221849206,0.006280538604887323,0.004280167644089991
0.003910062909254233,0.0043882918540878516,0.005926440883151286,0.0055568080046405,0.008912983222047054,0.004113598073829647,0.009102457992934757,0.007974494734875347,0.005313349485672081,0.004112366757045724,0.0008467769438296885,0.006244020396572625,0.008923091659166285,0.009452339754389853,0.008993811812554695,0.007808336140367682
0.004248257065267616,0.004139372514015929,0.005357986615594258,0.0049613396722874015,0.008575502583424995,0.002693575017501039,0.00789832978394174,0.007268725591330627,0.004355152240542719,0.004147166502941266,0.0001333063994382669,0.005488565845501406,0.007843571525384459,0.008457263155293278,0.007703314247071387,0.006512173323853926
0.005013840028726346,0.0057976377216025915,0.005940804315370016,0.005127863097618639,0.009192197797054283,0.00021499166752586563,0.005460708101445277,0.005620408070994239,0.0013287095842343527,0.004600100428325163,0.014050971137935603,0.0057969836428364285,0.005442367171578956,0.006479312950993486,0.00629967820105818,0.0034898518605423687
0.0024556545206588093,0.0031054147526586584,0.003922367210608013,0.0032329692388005232,0.0068433876412050815,0.008221710382185915,0.0030686680712254527,0.003524902170511608,0.00032822167606513103,0.002047704877629161,0.025740044952971386,0.0037467774777664997,0.0029541583069769423,0.00362468591007524,0.0044267089587551045,0.001118069130785923
0.00657230075729455,0.008054030459296736,0.007849218106519222,0.007268663743345047,0.011451477034247804,2.9711371015872512e-05,0.008733830581431602,0.00930782433649898,0.0059184520992014295,0.005607033208607462,0.007452562666627943,0.0078276766422904,0.008571130782737135,0.00893558021876327,0.009857886522650197,0.006232364366674362
0.00594904638310427,0.007188640833513553,0.007296291160226641,0.0068551506069008256,0.010998839548470307,0.006178384063578901,0.0073187410791780705,0.008250968975509837,0.004030552104745039,0.004542404993125734,0.008344230944166975,0.006772374500315842,0.007115877577878765,0.007669933643576439,0.008006311661096131,0.004497065258226962
0.0026926998453172535,0.0033266302735875455,0.004292610464427589,0.003930143741770281,0.007838470300278011,0.01987709661753556,0.00289483142174779,0.0040282359384056984,0.00034992723514745,0.002158914980456561,0.0033480937077801642,0.0038634250433556352,0.0026809929260015186,0.0034433255386402822,0.003657972121122774,0.0005034258923848067
0.004073006086756752,0.004274716076550847,0.005168371327565258,0.004928423805090898,0.009019211648924788,0.014814961232280363,0.0050882551758763064,0.006136603393691181,0.002852195744633773,0.0032341281715889264,0.014814961232280363,0.0054370269834061805,0.005100829684865055,0.005655641621169591,0.00590882887423913,0.0026012258990449483
0.003096814171845,0.0033151192193581827,0.004451959109889186,0.004351371377120911,0.008352780012422192,0.0029933992496951334,0.005366749709579038,0.0063494668876913005,0.0030759403320506223,0.002525566955922695,0.017427735281409243,0.004892206083170522,0.005623803246650641,0.00584460271245274,0.00592889004854022,0.003369559336780556
0.0031546378727212165,0.003159420389102552,0.0044532377174748144,0.004430461793319546,0.00859155972008184,0.01643609592055996,0.0038869490248703703,0.005213729580240051,0.0014443017709391479,0.0040015988340535505,0.005448945409110784,0.004871714504128329,0.003979656566955793,0.004317232366040341,0.004240739922465035,0.0015071615274073608
0.0032386795314276184,0.0033541895500089694,0.004800058933562161,0.004807200753811719,0.009051843416115049,0.014457007670830468,0.0034672451929669834,0.004804432978795306,0.00107043036732829,0.0044065243131776455,0.002489572961846015,0.005705489009341459,0.0034338289647798947,0.0038703836675181152,0.0038039520999646956,0.0009272901130506633
0.004324628763903264,0.004939612590475054,0.006231176756554178,0.006370449810104664,0.01063223594491245,0.0014128276144042828,0.006794232141519502,0.007744360521745784,0.0043578214218212424,0.0039716027795965655,0.009151378570090102,0.007726727036524925,0.006870087845858651,0.007023600946322803,0.006361110652029156,0.004420471872110282
0.0025268400199868896,0.0032213978588039732,0.0043639163724268765,0.004498147494799605,0.00879206080957904,0.002087871151866781,0.00493011653980386,0.006144403281995926,0.0026492790753464834,0.002702829015348185,0.015598454368330322,0.005595936952879896,0.00510304650472191,0.005260863477517322,0.0037999869709082618,0.003021673595688501
0.005551147896683817,0.006233014738596027,0.00795365336401424,0.008116764080507287,0.01273671615018062,0.004391556022514967,0.004611971020187067,0.007665090589828116,0.0007284012985665986,0.006639351403407656,0.002142872464959547,0.008752003956388858,0.005004961432896388,0.005897237553918584,0.0035563373188141623,0.0020782354869115574
0.0018849023556509747,0.0021398923849047444,0.004176536415594928,0.0043203138581295875,0.008744389368723182,0.009365506462482742,6.780003471124063e-06,0.0027050891650402115,0.01389008779110186,0.0028682366899514325,0.0007228641471424338,0.004445814003288043,0.00020171244276234734,0.0009154882201735798,4.916964612555752e-05,0.0012762145090775626
0.0030119178358271465,0.002933437686729677,0.0059452341223399235,0.006224145482082825,0.01071570099297054,0.009020140390760586,0.0009396288881590859,0.005357098629203513,0.0034791098190294217,0.005078455622225073,0.004658076712584808,0.005465964723165739,0.002109726499451091,0.003159183284105291,0.0012194449728150925,0.00028376790583328065
0.0010151520761220237,0.0008061945781049698,0.0033803079125473354,0.003613815742449504,0.00798347895642186,0.019057650868827408,1.2018182659265242e-06,0.002803896317138614,0.019057650868827408,0.0029290981898336954,0.019057650868827408,0.0018811848214187396,0.0005790536759899129,0.0013827745201732689,3.93839888110023e-05,4.047102620268611e-05
0.0056669648662645775,0.0057916886784462746,0.008676378025649238,0.008993469270131872,0.013781468439043348,0.0027306766897181867,0.0010358648827396705,0.0066725599639778435,0.0027306766897181867,0.0072054278207700495,0.00022176176098048783,0.005787848487253437,0.0034045950110425313,0.005478563677764073,0.0003521178109935699,0.0009431613469273112
0.0005885215605373889,0.0005210699940984345,0.0023883218842043683,0.0028207923563659115,0.007226257254154461,0.02287132701768485,3.5469274635657744e-05,0.0019051074651461122,0.02287132701768485,0.002410051575855346,0.02287132701768485,0.0008129028993043158,0.0007301093887477697,0.001821372490901224,0.0001891962198569755,2.636666909454355e-05
0.0009629598096475567,0.0007246236377186285,0.0030570875054976993,0.0035999802663700675,0.008118397610655352,0.0012260328612155869,0.0024095854049950016,0.0040118172185334075,0.0003642216158953951,0.0032921923413433557,0.00853533876627019,0.0013902669206030116,0.003334446265180313,0.004418767993196189,0.0009055520247273144,0.00216437280151785
0.0001152145829133866,9.708987377975153e-06,0.0014931944067494846,0.0018900558660565198,0.006038551379730528,0.007023717309298558,0.001277837404053378,0.001906150713449753,0.0015222033729944406,0.0020605320103740943,0.011733962561958217,0.0002536811335987557,0.0014287439711746022,0.002397157862633406,7.889078970318986e-05,0.00067172525317237
0.002779297098752069,0.00198206983585289,0.005228954712205927,0.005866527399068226,0.010685989358214673,0.009053481234111246,0.004673888001970251,0.00468905531415062,7.055316873599837e-05,0.0055292600563072725,0.00476412224101036,0.0031729864252316303,0.003867134394143032,0.005562334983372823,0.00211713585391661,0.00270039773131546
0.003319173262831848,0.006004058977303953,0.0005697081236671203,0.00025754759208947153,0.0010451326176453973,0.04106067760419013,5.364348559978166e-05,0.00030529351669739135,0.007716793223924004,9.480286490656797e-06,0.01914112558883141,0.0017048664618979012,0.0005888929527008771,3.371415128095023e-05,0.0017935579523995701,0.0012395911694763687
0.010974684030028603,0.014753465156838633,0.0035830224021004276,0.002541550602048942,1.577704144517522e-05,0.04202366822345746,0.0007493371420289122,0.0019155757712702517,0.008184823424964877,0.0004082099937957537,0.018583285378118555,0.007101221643058472,0.002625688090484274,0.0009477404378906706,0.005588693438497272,0.00332608616623839
0.000501413696076633,0.0015219587440217716,7.361891580662944e-05,0.00022650188548467565,0.0031744660060838634,0.04984671069680807,0.000422048345775472,4.9969347147016396e-05,0.001004306675823137,0.0006404030688991619,0.00890835531555878,0.00034743617468548094,7.11593339792968e-05,0.0003031480104644657,0.0007755251810813296,9.83244603091557e-05
0.0007650143773249921,0.0011954369848604582,2.7421918470660334e-07,4.1248606166430224e-05,0.002551701993423118,0.06628610584766553,8.01452538571612e-05,0.0004941717003824064,0.008764262104210274,0.000294207568369384,0.05130198679598724,0.0015373136973182155,0.003688900714925003,0.00012807095832562815,0.004428197261713507,0.002977317184989031
0.001369541355163359,0.0022340301578862645,0.00011842427033842418,4.05676086268833e-05,0.0018300643590378612,0.0788138048950203,0.0007399883209243674,0.0014599848849658134,0.07406707452279274,0.0007898338227285279,0.06846077332961359,0.0047834320877814945,0.00852290782551661,0.0009414532930733938,0.005932363879090755,0.00628498273376657
0.0004750492834382572,1.9089073571842974e-08,0.0006737907956467504,0.0009491510356975374,0.004410557394962503,0.043618991948910085,1.9154523755851582e-05,0.00023028703482159962,0.043618991948910085,0.0015770516257912412,0.043618991948910085,0.0037915101460598427,0.011300791202159308,0.00024150089087041082,0.0054425688736687156,0.005660448442471128
6.06750874001874e-05,0.000279428460832655,0.00035005843217505994,0.0004482383584910807,0.003279693345320092,0.05759119281358957,0.0023180350054283136,0.005139228769104706,0.05759119281358957,0.0010978380528538292,0.05759119281358957,0.017204427078783655,0.05759119281358957,0.0036891642594801127,0.04446151896850259,0.02744793904661491
1.0246415053115354e-05,0.0006180732992890833,0.00016653434144435486,0.00024569303135963533,0.0028214070443955824,0.05376493520136352,0.002484745520609573,0.008158427434178425,0.06542155742218725,0.0011059283382589408,0.02935937513578432,0.031375791355159804,0.06542155742218725,0.0031177748793975446,0.05493615112176653,0.016067441380979847
0.002450834866208104,0.0008174532678738022,0.0029113556206028443,0.0030483937671467592,0.0069692096048443244,0.001235678007245021,0.0005950865005798639,0.00025050678392371517,0.025279906985703177,0.004208301439250162,3.941653049552296e-06,0.013793956694691273,0.005171188489926218,0.0003072994390493841,0.004262974839822034,0.00016844117467594566
7.611246176227049e-05,0.0006065871629303138,3.428238782576809e-07,2.8924141923653e-06,0.0014697559965423865,0.016186837007359595,0.00248768934632531,0.017283910430568733,0.04036149788271218,0.00048661853538779776,0.004835067978976898,0.08417598036946619,0.05537081181660963,0.004192812955907496,0.023974628014284988,0.013180784128190917
0.0029364138441106274,0.0022244470613583395,0.003996665074303567,0.003980023854309303,0.008100278911655684,0.005951995046842684,2.2713201593346777e-06,0.00884968673178399,4.725243545611324e-07,0.005153183841424977,0.00010116025903995907,0.01976187956439303,0.01976187956439303,4.4057425779772674e-05,0.00436458652927095,0.005428670123792001
0.00017920058073858658,0.00011584222024244722,0.0006687124079248277,0.0006743658193738081,0.003584403527349754,0.024936260654912307,0.00400606184359574,0.034288562786921745,0.006059440595378288,0.0016498388269819142,0.004046367478913154,0.03760500631093924,0.053447807935913666,0.0033593264169444054,0.019575026481343516,0.017824240657258586
0.0004965336138316248,0.0005349605134378418,0.0014775413320578107,0.0014317769316922677,0.004787773971093895,0.011928811243786377,0.0007640930844356186,0.013405145192740844,0.003190278264896873,0.0032774090492278113,0.00047434486289319594,0.019307858513711973,0.04105813225887772,0.0007301113434485043,0.014346212006989947,0.006090281334345235
0.0009083267429184708,0.00104431156577095,0.0022764204452901116,0.002104688368027491,0.006036402337125948,0.027440974778481203,0.0004068998781744729,0.013467937975611521,0.0002716599733312147,0.0047335071445523125,0.0005386426922529969,0.010040228703380255,0.03128877233822286,0.0014109246707361273,0.028731017178850154,0.016358596794740915
0.0003922755625313176,0.0008972552440098397,0.001010412860151258,0.0007709375236081492,0.003941505225370984,0.04899020942960322,0.005057972880169931,0.04899020942960322,2.4959780663316722e-05,0.0017131055055537303,0.013720004242731301,0.0123224577422789,0.025106953685071265,0.018818691888255593,0.04899020942960322,0.04899020942960322
4.6589325659873726e-07,7.239683841583217e-05,0.00027799856211745133,0.00029408897107580795,0.0027030004811762764,0.06547922638343776,0.009539548360338532,0.06547922638343776,0.011476269334974781,0.0010338812059897187,0.04395019766311453,0.016855871449433707,0.01988622443607614,0.03538325303739978,0.06547922638343776,0.06547922638343776
0.004949035129520107,0.002327227181783985,0.0026372261519625045,0.002672069262157045,2.2599032429071464e-05,0.18422028896065637,0.04346768353674782,0.18422028896065637,0.04194780951609775,0.00013174912626593566,0.18422028896065637,0.09563586321334006,0.06506171539878314,0.12902594182282445,0.18422028896065637,0.18422028896065637
0.0015064651395270828,0.0005513960635602985,0.0002777106395134496,0.0003316454842708372,0.000546227573471253,0.11684894913630603,0.028474874441884818,0.11684894913630603,0.003561901384524002,1.8906576709040723e-05,0.11684894913630603,0.11684894913630603,0.02176591342031957,0.11684894913630603,0.11684894913630603,0.11684894913630603
0.0019090842646694584,0.003212595775328203,0.0036346802125826194,0.00345032415590793,0.007409059498322164,0.022674057933318323,0.0016502763723611827,0.022674057933318323,0.0004812344361089793,0.0038438606431212136,0.022674057933318323,0.022674057933318323,0.00021980078052483143,0.022674057933318323,0.022674057933318323,0.022674057933318323
3.8367499576912045e-05,4.167607747828511e-05,0.000418108025413165,0.00036649003871682545,0.002806047543414389,0.06282628459329329,0.018008816131139332,0.03130725029479606,0.00017079226688751503,0.0014636572455836577,0.06282628459329329,0.06282628459329329,0.0023657439796762256,0.06282628459329329,0.012741781836131727,0.06282628459329329
0.0029788852742697464,0.0036868962276016826,0.006083907911937164,0.005880070211360333,0.009835649381329012,0.012089519073668259,0.012089519073668259,6.140860543173143e-06,0.004553273209920612,0.00648961199962543,4.6888931578302484e-05,0.0034522239764567114,0.0033614064497096002,0.005972305172552025,0.0014540280554931895,4.027819292208579e-05
0.0038294781558935523,0.005149740014365786,0.00762541626780229,0.007591422638448329,0.010871096660396984,0.004290678812409882,0.009074074027525816,0.002643655136490966,0.008084689071299424,0.0069035216448232045,0.0029058571823936605,5.208886094402315e-05,0.007238353343128022,0.000796230011562718,0.0040808141017846244,0.002630164926481285
0.004242623981707022,0.005242099448708522,0.008715846198505017,0.00839030885522319,0.011834748442580187,3.213405830369137e-05,9.554175852750924e-06,0.0052007651715823625,0.009579873706017601,0.00746926231605774,0.005200454992264708,0.0015754064937117118,0.009446474780673616,0.0029866968767588292,0.005272416472399663,0.0047943274639875855
0.0015188831594569185,0.0028136905383368827,0.0043855790245006035,0.0037625555217078305,0.007417327434712941,0.0017256699048769503,0.0002277077151893389,0.0021564351376859997,0.007024051605361389,0.003950284867846113,0.002161852040896896,0.00032208962403115077,0.005628028055279427,0.0006496536947300999,0.0017736128182225044,0.0018303323277529399
0.001906586814412685,0.003401206696481973,0.005398497873842237,0.004693143056258342,0.00818641106951317,0.0013310676773513608,0.0002064257199427752,0.0030804921878896663,0.009481688919450872,0.0052081059181313255,0.003819095693891439,0.000978914408263247,0.006781285592057901,0.001279684325520003,0.0022665184570136165,0.003039366987416199
0.0013425493310985567,0.0023712122905496513,0.004752770366562194,0.004212415187754566,0.007790915680485316,0.015839795439238427,2.1995229670182526e-05,0.0015975339566097896,0.007987803167049175,0.0035272676991597723,0.0037072037797275387,0.0003073739118239563,0.005573553299536127,0.00020321840402420105,0.0008316960529302295,0.0017985251755895937
0.0039548955904823435,0.004805440059910376,0.007316651906882632,0.006701986966451842,0.010748443658366628,0.009170382892204426,7.920418702844767e-09,0.0014181862559598732,0.009987574615275573,0.007010770442970646,0.0058873190581030035,0.00045494985498564094,0.006357465105984977,5.499185672393908e-05,0.00039098242075528977,0.0015561714679206418
0.0012799013351980706,0.0016547823963683483,0.003752489026417262,0.003422225918941965,0.007222678226468757,0.002870654805255113,0.02279362380111942,0.0011446155361006655,0.006904005148664509,0.003906388606720532,0.0021593704865063845,0.006330155154869885,0.0011678059323069617,0.02279362380111942,0.02279362380111942,0.0008895298071460861
0.007474410224600228,0.008923389859953265,0.00903740544714151,0.008583865423920076,0.013000817773664339,0.0044690034610199575,5.140553651340751e-06,0.0039614845512705305,0.007963613595844285,0.008831314587908735,0.004121673148342997,0.0039614845512705305,0.0005745573076580968,0.0039614845512705305,3.130183442816292e-05,0.0039614845512705305
0.0036112850757257786,0.004583610654895487,0.005339201748780345,0.005056208200389087,0.009407835098181286,0.0066021825124386035,0.004383324338910186,0.00010969841115075069,0.01320730243649823,0.004790408710293091,0.01320730243649823,0.0005427293940913139,0.0019345131249730446,0.0023646337295520486,0.004245043003726787,0.0006842441942247202
0.002759009168379581,0.00403738837802977,0.004559856614399775,0.004318969181006896,0.008617992565361193,0.00933779524205965,0.008849898490805766,0.0031863977268031737,0.0022360686089389764,0.0017253354802950274,0.00023505698831179783,0.0009078660344859837,0.004017875977156596,0.006806194351488715,0.007766756959176745,0.0059330903087097195
0.0010221792058617424,0.0017318225376354232,0.0025068126029810095,0.0023579152067620124,0.006342550257024709,0.008309696483187703,0.008800177143962109,0.0036717573240426377,0.0039642643962728985,0.001672463592141668,0.0016385708923468273,0.0013071986827936366,0.004936276941282791,0.006600792670418909,0.007531825639689099,0.006079178306875051
0.0011589094171631995,0.0016370685041946983,0.0030522120822526755,0.003023893969441388,0.0069883299305988356,0.008874479219679602,0.01003732869010434,0.004948824130206926,0.006195234478498721,0.0006133831208053608,0.002876875750335149,0.002807259537997417,0.006151251381955207,0.007528974797330827,0.009202070078980967,0.007136570795332864
0.0005231418848332323,0.0007269510324762057,0.002236928155313095,0.0022147039678351993,0.006193029780668748,0.007014672225194009,0.008595223520973895,0.003959057727082563,0.006695036988969859,0.0005524777567497419,0.0018112358026535214,0.0021299151019854787,0.004738975288606936,0.005990182107161193,0.008383055996649479,0.005737038838510497
0.001816317272659372,0.0018789878546249944,0.004357927621160634,0.004455374165504428,0.008840454636207577,0.006908421841856707,0.009002262826837332,0.004639352085202594,0.007864142006169347,0.0027193347291504383,0.0011594307139890167,0.0027076655853900955,0.004539648772069679,0.006090862030114816,0.009229892303604506,0.005603727212369812
0.0038347759342579613,0.004742823412329164,0.004288443437321959,0.004407528295942216,0.008787820100527463,0.0023704218907273644,0.004717497144588939,0.0017364240668217429,0.004974128295372873,0.0025180914559251866,0.004977073422465311,0.0005599892132457235,0.0003360241667196909,0.0019112605131401464,0.005535133301750934,0.000987894668798256
0.0010849441335123097,0.0007307235181151228,0.0004259957081215182,0.0006156276264947733,0.0006966041628773192,0.012106262643378468,0.0063946771503016475,0.012924433135665506,0.001980676848116397,1.8845816246462754e-05,0.10955145535568836,0.02652918810656782,0.05877308714742499,0.017921541752353706,0.0033309542446554596,0.03596820091811628
0.0002927659061593424,0.0008794144322456093,0.0002531712745037287,0.00018841516149445403,0.0030376812197505237,0.007273904894238473,0.019039020609032772,0.03187380329398526,0.006697905615180924,0.0003134078725707812,0.05912902252424865,0.05426919268233957,0.05912902252424865,0.05339530418167526,0.014199284867308398,0.05912902252424865
8.718563439794047e-05,0.0005019067410876668,0.0001908282437108541,0.0001386415326480317,0.0028336648283962956,0.03246774114203704,0.06212787179382187,0.06212787179382187,0.06212787179382187,0.00034151428945270595,0.018795214737757276,0.06212787179382187,0.01737762272556362,0.06212787179382187,0.06212787179382187,0.016162294713633826
0.0006091543385495224,0.0001453511992328682,0.00036078997361346093,0.0004493400106165765,0.0007870861061913537,0.10649481656385928,0.01328586418350472,0.02141471695856796,0.01577997833927465,0.00013895484534008629,0.006549026876018493,0.10649481656385928,0.007179355701047052,0.014204833221944435,0.04670124027351061,0.005190743801577982
0.0006347545164530552,0.00013921656350095873,0.00020794813347371766,0.00023637576305098051,0.0010178123066689193,0.03083531343341034,0.014992039586982683,0.033662678161256177,0.00857704301614623,1.2629330197272415e-05,0.009686243930526903,0.034316446685913354,0.011905753819575274,0.013337937441929196,0.09873543772474883,0.0062518831060496965
0.0008078350245587368,0.001986530837087247,0.0011479449797522218,0.001157431539247973,0.0044954498617084185,6.340199552718612e-05,0.02764392624861725,0.04285282153725925,0.0014387494581863045,0.0016357777685318403,0.029137685438301503,0.0004033990141248389,0.04285282153725925,0.019357476656387387,0.04285282153725925,0.009446511737445165
0.0014483209528981522,0.002880459495544413,0.002229402217486659,0.002229600357913135,0.006166880648492218,0.0005885161184485815,0.03049438635991153,0.03049438635991153,5.440703997189322e-05,0.0031169594246796134,0.03049438635991153,0.0013290530800900424,0.03049438635991153,0.03049438635991153,0.007585197670034044,0.02641361564061498
0.0050125995545731855,0.007519813774880306,0.004897702497004053,0.005045670226573068,0.009421488726352248,0.0027145757030749354,0.013707624171602442,0.013707624171602442,0.0010744137604420528,0.007014347563297052,0.013707624171602442,0.006843436300156505,0.013707624171602442,0.013707624171602442,2.4244825259922553e-07,0.013707624171602442
0.002368775148574531,0.004192744521990956,0.002961185546998882,0.0031792708649564794,0.006899244321109936,0.0010926077618984564,0.025486227366004116,0.025486227366004116,0.0002708415563249314,0.003935470411831059,0.009450620362490156,0.0062398568345867,0.010203079779026625,0.025486227366004116,8.544156811806508e-05,0.025486227366004116
0.0045775801299733285,0.006206505416339048,0.0057429460382264624,0.005781413942174941,0.00987384901779521,0.0006319646537149004,0.000971996779637864,0.012519452542307671,5.211426529205809e-07,0.0055953133209531575,0.012519452542307671,0.009292300530580208,0.012519452542307671,0.012519452542307671,0.0004613795233096296,0.012519452542307671
0.0022263971462202214,0.0041903114545683295,0.002788412534708365,0.0027570729444352654,0.006719393768492649,0.027228297151592473,0.0005428923108337785,0.027228297151592473,0.0003188073862813168,0.00397665447057069,0.01644192158433551,0.005333801176968508,0.027228297151592473,0.018156506154358723,0.012872951283791303,0.027228297151592473
0.0016517983918464957,0.0031615845198682407,0.0024148322089324187,0.0023614589389029383,0.006194688605040133,0.030007232039481024,0.0009454535257717722,0.030007232039481024,0.00042874996590015757,0.0012162856038182637,0.008178475281334974,0.003490560982748997,0.030007232039481024,0.030007232039481024,0.030007232039481024,0.030007232039481024
0.0035069090795693814,0.005006307979639024,0.004365564163718846,0.004178416488839154,0.008632326091916859,0.0037327158457179377,0.00013078671558643118,0.004385563904206913,0.0006756175428748248,0.008435848034089304,0.016624207144331105,0.0033377978196536956,6.3148486543263e-05,0.00013425802083060628,0.008885383497687735,0.00024113843197764995
0.0032871252471332046,0.0051293228797186785,0.0040898765018544045,0.004024326700665826,0.008405956647010174,9.460823087757003e-05,0.004266392255609833,2.985110642006461e-08,0.01745604954657097,0.0072730218654993364,0.01745604954657097,0.00044212023044538223,0.002508667611828573,0.0020398976186783505,0.01745604954657097,0.0027399658559085077
0.005137675083497079,0.006923909632407264,0.006221881470867746,0.00606619567472437,0.01096900849325469,2.452285066537746e-05,0.00840551872030594,0.0009585527746500608,0.00840551872030594,0.00874755270138225,9.297492516634892e-05,3.9145940494214604e-05,0.006147734724885598,0.0058240028576672515,0.00840551872030594,0.005774241311237861
0.0006093510326655657,0.0014112834618830242,0.0014910995413795203,0.0014189321954395234,0.0053208859880269285,0.003752202438226382,0.005077397014437851,0.0005466594644916861,7.67396619326885e-05,0.007441098240891647,0.00564732478160361,0.012251683218136855,0.00359672536950853,0.0030217070504285,0.03560270980417987,0.002787875428200401
0.00612246399455281,0.007914156555315494,0.007991253801296803,0.008056133639767565,0.012731912868570169,0.0017763742527141524,0.007884045222510211,0.009839538140334926,0.011221109553417187,0.01045242972352161,0.004446483355768083,1.0745547438593961e-05,0.013459480826607279,0.012716167420431329,0.003166001350270911,0.012493732765341777
0.00640390714334086,0.007880243195497592,0.008652812535074668,0.008731754086810026,0.01340682698307686,7.677902559080629e-07,0.011851103620594348,0.010807545879813661,0.014098843197543842,0.011926003786570102,0.003365080787004107,0.0012806987535552636,0.014655357535319862,0.01413224961540522,0.007236364056319708,0.013852108124344786
0.005537866117959318,0.006537394669042199,0.007221176740059718,0.0073363254119885035,0.011978407728869836,0.005907538308889793,0.012554746004702286,0.010232196730593626,0.014065336816391032,0.009540115349629258,0.005907538308889793,0.00503257714281978,0.0134032686700486,0.013331682331795297,0.0092354153867375,0.012774627624770184
0.004115688231058373,0.00465592592296854,0.006164670489068533,0.00621760206244857,0.010911805908598741,0.008482460072477715,0.014712100433500783,0.012427190238183228,0.0157659412632118,0.008227550384692472,0.0001978937952583637,0.009486217981882237,0.014134306227943962,0.014124271983482484,0.012815354732740668,0.013717656813603374
0.00015587887597126593,8.592082408645507e-05,0.0002432475468940945,0.0002584938655689553,0.0029210443648316486,0.01161019746161572,0.009049573439858467,0.006935562406016546,0.009551745432332327,0.003554026576993344,6.0647118680375034e-05,0.005034938982018386,0.007703227892782265,0.007617526830948969,0.007881353191410277,0.007428928923396229
0.002578332456352403,0.0024217961301242624,0.005219460687447136,0.0055353448673414185,0.009991461527916665,7.027123264724544e-06,0.018041311378396305,0.01638644896725259,0.017770752336606965,0.00781801220395352,0.008640110625888126,0.015096296744775497,0.016229717146719464,0.016126341137727103,0.017168622697357576,0.01595804635811649
0.006038940633420822,0.006892919238422057,0.001430802803104654,0.0011798591057738048,0.00021337670858161822,0.002993199753024353,0.008342468251333668,0.006984118519330951,0.007663302856723286,0.002170704482955352,0.001947581207736443,0.005391977378528111,0.0061525355313354485,0.005979008998940952,0.00767136234609625,0.005878530174260883
0.01334630652788632,0.016965740855051495,0.004319835577658221,0.0037402406494904533,4.453937281645448e-05,0.0002382387350834264,0.00901889144904906,0.0076980038472942575,0.008806526319205837,2.5300662368013538e-06,0.004659924244561145,0.00527662305903609,0.007084666968210848,0.00677060133394683,0.008298041856790034,0.006961136977044889
0.12792229139659544,0.13225006581311488,0.07760464377117648,0.07274436373949805,0.02904648381402103,0.003802526000442452,0.0009083284647321693,0.00037356453274663137,0.0010242269443308943,0.0020816783428896854,1.2337770937224934e-05,0.00016393180981758015,0.00023763131477975985,0.00014523496716422474,0.00043600926702366816,0.0002553148637113034
0.3122656200445486,0.3893925597252105,0.2747329594576018,0.2598238344984596,0.13511083339663096,0.026112351111729798,0.0022709846948462814,0.004052254114701698,0.001817874325782981,0.013858854714520266,0.005462415831954129,0.01242975813523696,0.00428242904343841,0.005037564474494896,0.00418991019959955,0.004026713855991848
0.03140626141263514,0.04244141671958218,0.0231221487716662,0.02066192652222895,0.00546544446806517,0.0012791746480466035,0.0067412852988619765,0.005517187378252797,0.007743598719832906,4.591211765080788e-05,0.0054772421147283035,0.0026985350880076586,0.005706946335995097,0.005317590708119518,0.005475874792452887,0.006026467996759405
0.44588190226599855,0.5009790474121899,0.33525699491152616,0.3168780467689839,0.17900269388293502,0.02542204646383056,0.005303770203304234,0.008296342419096506,0.0054458338979479215,0.01609503173478305,0.007480439589360829,0.020378925322825592,0.008234097093027373,0.009555921635877013,0.009775751641715014,0.006664463858557776
0.013297378633127674,0.014727884959333665,0.030673758480270125,0.0272366650009018,0.011524222255074879,0.00017889400006702166,0.0025504953326708907,0.0020139327992450134,0.0019172887285771323,3.2864650719929833e-06,0.0017751609780605887,0.0003332814807561063,0.0013194090014680346,0.0010931304827186614,0.0011156986028235116,0.002131379205361772
2.0968621271114096e-05,4.893845437836664e-06,0.0033762824174000533,0.002195569915904104,0.0013093331898089838,0.0011161443959381567,0.0034806532729030476,0.003752830853366154,0.005933149307065587,6.453074265213438e-05,0.0025755105307791945,0.001683353678715388,0.0016255692456204757,0.0021748838799928727,0.0015724987913099536,0.003797755621407814
0.002132087796774776,0.0029877530960927892,0.002085451959392748,0.0019735923856632545,0.0012384023741617567,0.003279658868415386,0.004912435940225696,0.0062523924427234645,0.006632510605545303,0.0033659259944726627,0.0043629068031019735,0.003652765331593852,0.0015333834040423683,0.0034026244721932775,0.002275629132264173,0.005956189217314584
0.006130431009463422,0.007877603980116485,0.004518295686478213,0.004074665314435191,0.004557941541315766,0.0035257811685106555,0.002905813816014069,0.006066520974340413,0.005075253376592377,0.009964695120492341,0.004591864220038003,0.0017637277211478772,0.0010603108320375865,0.0008232119273062222,0.0013598545707329407,0.003533957026290939
0.005991380978354152,0.005452302074121437,0.005214334656862732,0.004759305022680009,0.0016656703256891087,0.0006927584662930891,0.029971549586311624,0.0028422090429633534,0.001253028987095145,0.0012475060481321881,0.00011490511142678989,0.015953982015714324,0.009287941372175007,0.12316670094487686,0.0033131786570208543,0.06403307742955464
0.011251875442774301,0.011755211464174117,0.010270934117331113,0.009412958784636619,0.007915337971166232,0.02799083947079256,5.700256744414767e-06,0.02125455952109788,3.714004074652222e-06,0.012265208121989828,0.003470139965054325,0.04897208906214767,0.0023980124075881626,0.00046570226034688134,0.007645669702777344,0.0022174555515285382
0.006823097449811355,0.007095220505106137,0.006459300924908658,0.005392896329203839,0.0036912979019244063,0.03964443354899683,0.0070926416271416826,0.051631596429238785,0.09292591108263801,0.004272612171685605,0.0001652838597180767,0.09292591108263801,0.006708295166886882,0.09292591108263801,0.0013490722430204438,0.09292591108263801
0.009283246440494154,0.009271815856201855,0.008745294540425372,0.00786843588995341,0.005076956644141158,3.386247923509167e-06,0.005493884592091602,0.049515617168634785,0.00341204282113812,0.010275396879241214,0.0049834495329858924,0.016588179522539548,0.00013358782394152363,9.259412070944384e-06,0.0036808360007907076,0.00043984075606916945
0.0015791929309568464,0.0018074191673465162,0.0013229167740398118,0.0023313189677682394,0.004946591426649355,0.040001568720731545,0.010629180989667059,0.07339119696045646,0.0023076779308250153,0.00025050438190167557,0.0025729166251735325,0.02484960271640696,0.010030437323389929,0.012028095952672485,0.004212634783491931,0.010664360761074201
0.0010036716566769674,0.0008395924426690404,0.0006743334260928546,0.00047519414061833465,8.750042879632214e-07,0.0019848841512367307,0.000567833119772751,0.005654784637712712,4.05170758889517e-06,0.00536730362582722,0.0011125595664321641,0.0006970995542498956,0.0004861791355029593,0.00029571790801100756,0.001525867705428438,0.0004463094552756147
0.005733267966204915,0.0052738691674005245,0.004964385920001431,0.004585792721374049,0.0029104214400313827,0.0018290566490288748,0.006890450551272409,0.001115072606682213,0.003155679073329559,1.7912384377594126e-05,0.005731397746248368,0.009163176679687513,0.006150892689274309,0.005297433142142871,0.008181137030274552,0.006235053988981443
0.003530665282555294,0.003648962773705272,0.003248086301426714,0.0029924933188256175,0.001435003988578501,0.0005171330374470207,0.003720595355602166,0.00010636615399911564,0.00011272351449988921,0.00377822198861362,0.0011970630663638016,0.009150456640956421,0.0025852901213706397,0.002069616496944822,0.005244209421725772,0.003187418196879052
0.0031329868205624417,0.0031486573116300542,0.0034514235894329975,0.003141112613303493,0.001607563040665727,0.001078069512942606,0.00012153166225901263,0.0007704447969383438,0.021669083080959592,0.0008795534187112722,0.04204388085595498,0.010202330178334537,0.0008519544157053194,0.0019038312002225971,0.0008231284914234915,0.00014060773740064841
0.00019391339033743293,2.041552189613327e-05,2.2144196684559248e-05,2.3433521574578453e-08,0.0009052572343423854,0.0660037042732759,0.050337265724390706,0.02893924851593374,0.005712411671827858,5.557160193539468e-05,0.07444403104757197,0.0030922148664524127,0.26659200745113265,0.26659200745113265,0.046812594687126646,0.029484391133858562
5.208885534715296e-05,1.1981769669003328e-05,0.0003354672921635493,0.00017984963999900794,8.609861218287357e-05,0.02216319332067747,0.020454316120707167,0.007391729800931793,0.0015050911477351714,0.14619344707586188,0.1965721273124482,0.0034333322852123233,0.21767474371805365,0.21767474371805365,0.048058066428919965,0.009949134895685885
