Model 1,Model 2,Model 3,Model 4,Model 5,Model 6,Model 7,Model 8,Model 9,Model 10,Model 11,Model 12,Model 13,Model 14,Model 15,Model 16
0.0016426208663157527,0.0016426208663157527,0.0030983541036642276,0.0016426208663157527,0.0027801186332010452,0.0016426208663157527,0.0016426208663157527,0.0016426208663157527,0.0016426208663157527,0.0024505941279240745,0.0017605170594405042,0.0016426208663157527,0.0016426208663157527,0.0016426208663157527,0.0016426208663157527,0.0016426208663157527
0.0021061418667376736,0.003064568380736543,0.004795463480919512,0.0004783868659754692,0.005702365552588767,0.000706404193838446,0.0004352437825431918,0.0009004271628476335,0.0007379828283497827,0.004792016252024564,0.002928458277122223,4.7381628893318484e-05,0.0017617755488912798,0.0008496755581671733,0.002817934592021995,0.0002108859253540027
0.0017123561260385528,0.0023704901650699467,0.004322298597647725,0.0015331539069902977,0.005458470482855304,0.0020243824997060733,0.0019702116900126854,0.0014288995245634595,0.0023086227029578826,0.004022129109567681,0.004322957469443424,0.00010062191823256156,0.00383154795883605,0.0018651944843076779,5.219206381502917e-06,0.001531302732910654
0.00016880807963630395,0.00030107629712934625,0.002398448977682169,0.0010343027823912984,0.0030100135971720676,0.0006064179358889338,0.000608850767516475,0.00031446985118262216,0.0009157224484667922,0.0030836121875661843,0.002074411509082927,0.0004915309776351989,0.0016026653382683054,0.00042207864755279545,0.0017390270441152225,0.0002492211825979723
0.0019042116381172564,0.0016127370418216463,0.004411902006761212,0.0012564738438687745,0.005705119781603311,0.0031896372318079985,0.003351358571848359,0.0025828221913532373,0.0040178996449466015,0.005167308854705413,0.005223039931461365,0.0002344224526816055,0.004015725973914926,0.003207130514813708,3.287594287950529e-05,0.0025008331737318215
0.007023822599393631,0.007287394969174493,0.0016798000331663399,0.0077916049515488195,0.0005071335230971349,0.001012635420713337,0.0008594521565654795,0.002060992531333565,0.0008390810853396921,0.00018265677937927965,0.00010256831071273759,0.009146683421246915,0.0005232015011198271,0.001428405185494551,0.00895296713849783,0.0015968821616033219
0.000831972471152867,0.0005217615193692515,0.0026176020474372313,0.00035523962667353276,0.0038680525172465896,0.0015546990234233948,0.0018295393931319626,0.0015335259956022057,0.0024141408433168213,0.002862376498928232,0.003375126689918767,0.00024979460997431174,0.0027425579137108913,0.0013240712162014417,2.725441413178875e-07,0.001260413630656751
0.0008042518106635699,0.00039463829184162996,0.0025520201472665066,0.0003527786858116555,0.0040590902203213874,0.00044370370177523183,1.7971916619938244e-05,9.49525374279725e-05,7.2168216214280045e-06,0.0027158365994952027,0.00047210434785177613,3.425197903283994e-05,0.0002503591788857312,3.7776099080788494e-07,0.0059072351398778145,0.0005596677586130819
0.0009187655042104462,0.00038715292429425396,0.0025165794909532205,0.0009268514179812254,0.00412324203366575,7.311700011559258e-05,7.540835536656854e-05,0.00012988914216927744,7.616696749632168e-07,0.0032537668115515186,0.0006351590299441615,0.0002140858124268022,0.0004543648930585356,0.00012668503403791276,0.00554302702438976,0.00012195789653916128
0.002821618700495153,0.0029607363873184814,0.0035436229340824327,0.0016807662088477449,0.0056358752181845245,0.0020667166583872715,0.0029356952531991373,0.0020367910347967866,0.0034036821534915995,0.0043303483137296025,0.0039136349450771685,2.9933506006524224e-07,0.003944663778117474,0.0024801445208209524,6.800677339165867e-05,0.0019347059568962377
0.0012508849314384826,0.0017543855540172598,0.003163470347579786,0.00199053916716823,0.0037819360652690953,0.000557550428519682,0.0007943628158381677,0.000655293203809304,0.0010155375644105846,0.0025313513380138195,0.0019354475530480725,0.0010952808476722559,0.0020050924087003166,0.0006986482429872654,0.0011885007813807122,0.00033125178744709133
0.004379119612351323,0.004603871766858357,0.0059769689968171,0.005628166210605162,0.0074575305858532726,0.0022611213001754796,0.0020500945570612883,0.002917745028702262,0.0024402977741774176,0.00692105753434033,0.004151817421015877,0.0001879584100347373,0.0036992843861832075,0.002756175557376145,0.00018417461906143628,0.001247560441234391
0.0028444204987591384,0.0031440652725220897,0.004948236659481686,0.004924404342890182,0.0064045718586657335,0.002856845136983699,0.0026134927466559266,0.0029429851987870237,0.0024735014086931933,0.006792536701628861,0.00454410761168763,0.0004339165700093031,0.003492319090631482,0.002909353494193176,1.3484554776961588e-05,0.0019268556808331241
0.0009479609431394045,0.0010446572801895496,0.0029740458721741053,0.002483745267460133,0.004020226964628407,0.002084850519151249,0.0019405161932226356,0.0019511409063810922,0.0019239288432338075,0.0036840643169350346,0.0032550796128579876,4.1800973906575e-07,0.002643091550216886,0.0013205782640373503,7.372510085326689e-06,0.00128290714211398
0.001481103614993276,0.001321914702896887,0.003803667088266391,0.0032572098060764526,0.005224120206213573,0.0026105496492209584,0.002317188691262087,0.002337188774669645,0.0030111386795693834,0.004290634204268173,0.003955958697341354,3.040305195101123e-09,0.003762246557176635,0.002546485482104295,0.00012702561382359895,0.0019390635850295018
0.0028052877988004182,0.0020373515094026726,0.0038839953483216713,0.0021113884732885044,0.005921349229271407,0.0027717276067018223,0.0025532096555513084,0.0024652272635267564,0.0024513659681348887,0.004873033675762042,0.004171111169946104,0.0001302772664173446,0.004297384549829392,0.0038941564061104675,0.00025474094743065806,0.002224594768543628
0.0014223499884125773,0.0007010163891344665,0.002499616857187789,0.0008322463684612841,0.004685113476102926,0.0020508059826342684,0.0021814223283979015,0.0017162610073723494,0.002508868348184451,0.00492894775155607,0.003378609005568689,4.954831767293999e-05,0.0034082273316911604,0.0028816165073088235,5.1070917010252737e-05,0.0018410945707034304
5.3904265928675366e-05,0.0004021863112849411,0.00015057643816398375,0.00010678684010455991,0.0013168907560398568,0.00010594375984715465,0.000248042270935403,6.21218801365453e-05,0.0005048561237421673,0.0016014341523614417,0.0007115237376946609,0.0015158811437294833,0.0006376608687312657,0.00018143110488085673,0.0017557444520807305,6.801473593905094e-05
0.00016223193771158773,0.0007594831821585366,0.0001281772753134111,5.803453308574763e-05,0.0011869247165712388,1.2506025660129205e-05,8.113068007783997e-05,2.1408067798725505e-05,0.0001586231732585361,0.0022886449886267354,0.00038558193219916104,0.0013240824274362573,0.0003425289623802674,8.572819074848664e-05,0.003102025370680092,9.974097047817099e-06
0.0021159542608130827,0.0010823901621475757,0.004248783934329932,0.0023922358019021345,0.0068276397783706075,0.0030311195943109534,0.003641977946212585,0.003491714960185452,0.0039819736445268344,0.005764958946814988,0.004627416230268314,0.0011528287414715246,0.004462462671197875,0.004092981253027088,2.5646968899603606e-05,0.0023080099968204454
0.00127355880601919,0.0004086679576273747,0.003091482788344105,0.0014943609557976356,0.005696252344836311,0.0026366640009997805,0.0034174339152995697,0.0029601149166495477,0.0037549788162778153,0.005527603565848915,0.004265789325164526,0.00022343308111662935,0.003799940396432236,0.002990634493717663,6.779181962256187e-06,0.002006753293774269
4.942880812520978e-05,0.0002566908209688107,0.0013072194304874288,0.00024903130763987563,0.003274213720734352,0.0013308983150171205,0.0017907281785005252,0.0013263787266511867,0.0021068126938381115,0.003828771582204016,0.0026021723803457825,0.0006864743849521113,0.0020218896953984253,0.001140735527664527,0.0003699251456373634,0.0008433847672973949
0.0004947290869298168,0.0002403738482280246,0.00136486376711311,0.0009205129100214454,0.0028987620172704204,0.00021586077270553672,0.00042375312865485654,0.000375387964215948,0.0005799154105182378,0.002864231991261068,0.0011443218587607884,0.0015431496399586353,0.0007694319628731433,0.000425205678474809,0.0026997561888672666,8.939172188512923e-06
0.0014115337151429513,0.0007525417211614524,0.0023907451415653425,0.001598151932639666,0.00399073312567947,2.6912733863425353e-05,3.958839303407763e-05,0.00016820042234055171,9.081764621834271e-05,0.0036159088494631605,0.0005688066042129764,0.0009229927018824871,0.0003558012003980482,0.00020379871215155804,0.00614016242640926,0.00050747213739296
0.0011433355268055598,0.0004704319465592757,0.0020672184283226785,0.0003498201733866668,0.004037810509650491,0.000114053808797622,0.00038925585753277203,0.0003996119406722426,0.0005081852363990613,0.0034478043499750477,0.0011929985423744377,0.0010417398662192975,0.0007475901344519975,0.0002486020531976066,0.006039466823386325,1.230104981789909e-05
4.083762449882955e-05,5.037254355921145e-05,0.0006728145315388762,1.8851280058608533e-05,0.0020427566692060445,6.714907495516953e-05,0.00012900635255107262,6.866513135932867e-05,9.788799010550242e-05,0.0023655044702350775,0.0006861067556243744,0.0030741888849855903,0.00025484268526274056,1.7768183617067335e-06,0.008494618367780732,5.474292797287561e-05
0.0002138891521446737,7.241130737502266e-06,0.0016121827043487982,0.00022131082026020932,0.00312677286831866,0.00018964925043145342,0.0001660753091817027,0.0003182279633055715,0.00012111358648553977,0.003236354049199544,0.0009257079400763341,0.0012819953659568076,0.0004371770376752626,0.00014196482416725664,0.008289056759420543,5.856779036063353e-05
0.0006087562277995451,3.515491204168775e-05,0.002262191039683517,0.0009846277675501988,0.004118000200752883,0.0004945949203886552,0.00041505621293305706,0.0007067829406074144,0.0004330345922615858,0.0037342005437921016,0.0015531936434545063,0.0006708360681643571,0.0010423546348820728,0.0006539346757701431,0.005350429366638432,4.611876430929418e-06
0.002140530677177385,0.0015653477263303656,0.003882454193607651,0.002121364875995707,0.0062585108295064446,0.0032284053739966567,0.002917081409679889,0.002824887360698726,0.003157865518179287,0.006722873775944542,0.004787204553290528,3.3477016967708995e-06,0.003928310623064035,0.003006402826896057,5.2903328245791637e-05,0.0020033366399826447
8.638246849995701e-05,1.7690539201857536e-05,0.0012651367658766122,0.00019359527568867108,0.002956591993036481,0.0005815042376445395,0.00029718577560206016,0.00030125563143080375,0.0004755209577427255,0.0034760188611580034,0.0015827131263348726,0.0013928360971775522,0.0008313608311200926,0.00044404914739188533,0.0016457362969632128,7.374882281804135e-05
0.0009533805140097967,0.0007758703530674482,0.003163284882377007,0.0015120375181530907,0.0049257477152936935,0.0004011480087320121,7.187196834669562e-05,0.0003931279355871842,5.184498560757006e-05,0.00517748667217037,0.0015846222799710125,0.0002517980124661229,0.0008045780917363687,0.0006227875456119164,0.004000625272133518,4.786396068386101e-06
0.001827920485511586,0.002136160269764556,0.004090494491471364,0.0028580990500763556,0.006060132204215932,0.0012259232087831334,0.0005796890638160648,0.0011575168771044975,0.0004939470443497684,0.005666311410887512,0.002677392590648406,1.4622118825052821e-06,0.0020750230028205585,0.0015488810753679083,0.001709254281661847,0.00022554246216204693
7.414867626366617e-05,0.0004558788636547864,0.0007025064744627524,0.0002204212601667893,0.0020910535275812103,0.00012775159304181938,8.532225381288616e-07,4.63693612223412e-05,8.380003275847148e-06,0.001939555573503171,0.0007343580658173282,0.0025940795446912635,0.000401659715914493,8.042127801115989e-05,0.004339072139409303,6.2797636387113e-05
0.0002402512812683527,0.0006177576951546943,0.0012218094737572807,0.0002793699794997398,0.0029742278726772736,0.0003712951120227667,5.0554895377807885e-05,0.00032906987874175425,7.683570296330988e-05,0.0027646035564835164,0.0011099176158038265,0.0020030605185409403,0.00048427860139389767,0.00021018283362023854,0.006102181974655563,1.3994725853457013e-05
0.0001345827525970414,1.7778233116425013e-05,0.00021473466352087828,1.4774545997804645e-05,0.0011922647595868155,9.959190319056704e-05,0.0009918836703423015,0.00014062617353854945,0.0012829850673819684,0.001993306835608874,3.333965820903617e-05,0.007224118415922007,0.00011824393028617153,0.00018917439517627394,0.015566529149191585,0.001729471868795282
0.000813279622235541,0.0013405251487400224,0.0025265522522200656,0.001152454368749875,0.004702669362241063,0.0017953606690215562,0.0005917143386326013,0.001305748851716304,0.0006285771745657004,0.004375711139208073,0.002842207049207568,0.000600813178111434,0.0018503180956429,0.0015734622119416217,0.00048063264708645553,0.00045490859759898805
0.0017234607304389485,0.002560418723950443,0.003887779816681494,0.0024480071842523307,0.006517735263122687,0.0029783220138076133,0.0013984477388352956,0.0025550428371991507,0.0016189199818264638,0.005822071475653237,0.004350615045967898,0.00017681980176681433,0.003096115919375031,0.002830303555205166,0.00018547634776507754,0.0012907709283667135
0.0020911575424988546,0.0034827002631541704,0.0046357916478137196,0.003534738137618537,0.0068583749870712585,0.0018595176352269455,0.0005335287407265896,0.0020955434861192196,0.0003285616055564572,0.006028853104997907,0.003257436094246058,0.0005233020097002855,0.0017774961993692051,0.0019477546852565003,0.0013452429052265846,0.00031745385447769225
0.0028989625789878487,0.003955933871618189,0.00624250228180348,0.00529078180357713,0.008521674058264234,0.003045945140308391,0.0015788658312078582,0.0033421392798668667,0.0016463499721450225,0.0077954393574574815,0.004503439921401044,9.885524888675334e-07,0.003101435335378891,0.0033902073750253572,0.0003411881429814939,0.0009952306597739297
0.0020182794414243047,0.0025734359021562653,0.005457626900119472,0.0037952848068478554,0.007391886661620731,0.002959992323543076,0.0016999686801963954,0.0027223289046823668,0.0020555965056497094,0.006720018571613431,0.004183179192211242,1.1695794359709022e-05,0.003385479259844927,0.003153009264956194,1.081250529613026e-05,0.001145306942109639
0.00951466376626929,0.00999108762372218,0.01380115686887531,0.011083527533390633,0.015937117523113678,0.01173843126281222,0.009962224897062177,0.01098382419638129,0.01102683540456259,0.013957595088504953,0.012811222688438956,0.004891746206447389,0.012144482036035065,0.011770222697179367,0.005352930226387026,0.009046125128204161
0.0020784855191263857,0.002298490537865072,2.859660188155033e-06,0.0008155705720060899,0.00043669044111371846,0.00013839560494804948,0.0009314572856903014,0.0006243713036932774,0.00045538196937443265,0.0012025533272857075,1.6887408413497618e-05,0.01059979650699501,0.00016454306506233363,0.00014758048126223278,0.009674369073659969,0.0016118982788131397
0.0006451815761207569,0.0004619619327238672,0.0032902313216829626,0.001502519583907895,0.00555645634410655,0.003413426255029557,0.0023617536429289057,0.002493639036018097,0.0025968421345323248,0.005347455336660853,0.0037759248519271538,1.460351339577226e-07,0.0032149181757956113,0.003135429943108621,1.399626425579309e-05,0.0015951786284158498
0.002154569391248612,0.0013144579018898733,0.00435876769170801,0.0023232010377060575,0.00713893503356941,0.0036191718385095717,0.0028168056290025223,0.0033354293630240284,0.003172356285631714,0.0061546355816300205,0.0040580832280099274,0.00013865295339528239,0.003733686419716213,0.003535931833513653,2.217529585554767e-06,0.0015994333795727178
0.003177128865160403,0.0014304640125008608,0.0037914108222013576,0.0023913370373769977,0.006893742325525552,0.001124344792299739,0.0007365723429674786,0.0017100358660831413,0.0005336003143945819,0.005655705035773249,0.001520613494325862,1.8819920855929484e-05,0.00128214703839645,0.0014741727343700328,0.0012400851068413363,2.728518336769792e-06
0.0035826322993809043,0.0015969278735800188,0.004132796762526689,0.0016567079692810377,0.007959716946103278,0.0011136125603350144,0.0005657588918166964,0.0017202230255371764,0.0002292006191692425,0.0070059713869295645,0.0013446987305741204,3.1795482851870727e-06,0.0008850286880425773,0.001397993667829181,0.009376001841243403,8.842614728234166e-05
0.00516106970101618,0.002739093381410568,0.007703971853805842,0.006129004516681837,0.01027806903340692,0.003532184370144617,0.002085841959473936,0.003638595052538371,0.0014211741529818328,0.009093863152936518,0.0036918496006185103,0.00027972104282303345,0.0029858999621779347,0.003023854152525998,0.004261335667067781,0.0008063516064473891
0.0007129151667603778,1.316525244376976e-08,0.002264404159770403,0.0026367328320271444,0.0048311059079643726,0.00025042804977462585,8.594782828157121e-06,0.00040098404935079435,5.598300457997779e-05,0.004776345359076839,0.00024126030877461013,0.0032508926987966508,0.0002365087936491983,0.00014001401059523383,0.023099292938788596,0.0006030415797997901
0.007232238000531001,0.005138627056306563,0.00992600966320771,0.009803205474456962,0.013167489455235198,0.005574129029810207,0.003972698131238309,0.006725939266820996,0.004345710707877898,0.012210870119917519,0.005493299310256723,0.0008171691770999662,0.005750346993850228,0.00593690640718092,0.0009836915671195268,0.0021077559719660244
0.0015006720149587371,0.0003022560124658555,0.003910181283666894,0.003967487014795615,0.0066693866572265365,0.000559033654456087,9.750882955462253e-05,0.0015203733435175532,9.23701563459306e-06,0.0059054053260971726,0.0002965228511451548,0.0007130225810052099,0.0003669295607445569,0.0003104949196506626,0.013674307156505625,0.000624831387420012
0.00149896768323763,0.00018477402192910303,0.004464202565762819,0.004305693189754309,0.007263112842974262,0.0009824207172748692,0.0005318175315317253,0.001853221041096982,0.0007152218649982695,0.006856287080352519,0.0008066459755842262,0.00033646791506847934,0.0008573065953435821,0.0005620344033003405,0.01199609709106586,3.712107821404742e-05
0.0003317600868905715,0.00021200078557195162,0.0016524500037349288,0.0003359048750951471,0.00462324668772264,0.00021537909620864687,4.32492188930933e-05,0.00041454600386141294,8.147313291880648e-05,0.003064435293571803,0.00018989426230552747,0.0032528937006345987,0.00035990686235973235,0.0002423332855493593,0.017929111033064882,0.00039219416697535564
0.0001778884362297617,0.0019595635269896994,0.00032476728568137103,2.4523190074579593e-05,0.0022086913508351375,6.293244530580777e-06,0.00017884535745552044,1.1776578813550709e-05,0.00023048095493674592,0.002710092912245679,8.326320108352492e-06,0.007676961127598775,6.666480887796561e-05,5.380008744130388e-05,0.008748689071126664,0.0006250979873957951
2.1711425216904e-05,0.0009247184497346503,0.0004686319454900098,0.0001194461128027971,0.0029500463885145517,0.0005598170393587842,0.00010609102459762515,0.00021514236358892436,0.00022295638001147006,0.002201616184047059,0.0006918429921745489,0.0037850215191808367,0.0008207142443695664,0.0006453030158309614,0.0024978426313466487,2.902469724375828e-05
1.0062224872500747e-05,0.0013405029657751963,0.0007150359363624625,0.0005454999734510954,0.003253546932196788,0.000587035916436246,0.00019138840883388408,0.00036910899539113057,0.0003107105845687602,0.0035429676315933967,0.0009264836314393232,0.0022382763680507956,0.0010154895489384863,0.000575937549449318,0.002976503314353146,7.066615536086007e-05
5.792493906330021e-06,0.0017682475669346942,0.0008722957598904443,0.0007887061639355875,0.003455567284922613,0.0002980670947758668,4.812321524103741e-05,0.00038457342729112526,0.00010133675115479163,0.0030525005589490256,0.0006750125626231174,0.0010057318400246151,0.0008488499242999478,0.00040163804307599693,0.005308143328420972,2.962097809589004e-06
0.0002508257824963764,0.0005074821281627895,0.0022121487062637876,0.001941632199116347,0.005117605842919884,0.001626112531005433,0.0009784300681527011,0.0017020982228267076,0.001183397316793039,0.0035395289161698137,0.002604136963324344,7.405643138100326e-07,0.0025558782693232834,0.002027426362160946,0.0006968818807937399,0.0007862947778685056
8.358565314604133e-05,0.0011482138150217674,0.0005816333718095951,0.00026710270243106293,0.0024170147273527842,0.0013573855680249353,0.0008235458363253997,0.0009484558243760682,0.000989996666491133,0.00280550285680041,0.0023604847045049226,0.0011301972592793127,0.0019028649148621832,0.0013271450119090311,0.0001432858274117016,0.000885711279396531
0.0005397290825792864,0.003084436924912254,0.00039937498535787264,6.49639228098714e-05,0.0018902640659378411,0.0018051854185690275,0.0012477780201691213,0.0011066591257860789,0.001743730933621429,0.002323554598006178,0.0030444649442912253,0.0028000166405184185,0.0024091118885417803,0.0017348621515051316,1.2698854293738404e-05,0.0015105290966860863
0.0003845314725287874,0.0030881345809486427,0.0007196214319772423,0.0001566892986498633,0.0023270999214434623,0.0013258792923209473,0.0009132244471262291,0.000936980661905791,0.001385658580920629,0.0018965210510898667,0.0028883196090773583,0.0038062387668663794,0.0023181911608444322,0.0016898079020237489,1.4954992230781228e-05,0.001167461091075045
0.0015234004047393612,0.005450916371869105,0.0002412894279448241,3.260305998565444e-05,0.0013467502653919591,4.9399311927607326e-05,9.190243341197779e-05,9.094438491868972e-07,5.120555671631055e-07,0.001073286211445021,0.0006288263814710829,0.009420024876723262,0.0003307949662686091,3.618013029973999e-05,0.0048171822535889725,4.0287690444999746e-05
0.0011777881168035728,0.005227468086988166,0.00041290069077831726,3.4429094930080173e-06,0.0017727961314842194,8.944748746671921e-05,5.1510786374456274e-06,1.5438516447176254e-05,6.558850545473893e-05,0.0007385804572344612,0.0007955120924854411,0.0071994290479607675,0.0004120026194459128,1.928201865251944e-06,0.007829812092970526,1.1572448115698686e-05
0.0008548908300148941,0.008092192210175708,5.598384610033813e-06,0.0003235613065440679,0.00041984092459548816,4.8242560853929695e-05,8.110393751759037e-06,8.43625600088771e-06,0.00013030409352680905,0.0006835692050851105,0.000555218455859624,0.00803339554744402,0.0003105982137880589,1.3824620950786404e-07,0.0049474330434457064,3.823601774782803e-08
0.006855129651600983,0.016019062581361834,0.0030867473019454417,0.005979045345208531,0.0008107722838492995,0.0007329077234133688,0.00030779249086931165,0.0011563612381172012,7.337677267262033e-05,1.720072288139557e-05,1.2558811278706727e-06,0.015065192184524678,2.3269646654409948e-05,0.00029749383645420735,0.005936392902635382,0.0004355879794454426
0.004413437690914138,0.008391183093121882,0.0013798359563276519,0.0029456158724352893,0.0001419758307746946,3.496433912301977e-05,0.00020138057248281216,2.8129731593551366e-05,0.00045119343977947923,9.988262788091645e-05,0.0006741024885805191,0.005746806325840542,0.0005269045586699592,0.00020250590310335465,0.0008490079204515819,0.00013310186052380157
0.02578028252015266,0.02811348607508632,0.017131726793258473,0.02351746746418583,0.010169325179415739,0.005790432163214232,0.0038476052765601676,0.008477319673983491,0.0027406333299723473,0.000699786373642472,0.002121011426672585,0.03299036726833629,0.0027255256786625215,0.0045173751657157785,0.015568601713513167,0.004467967507515103
0.00015194046451764975,5.4629997176834644e-05,0.0011908620689846938,0.00026482518036258923,0.002318171470333877,0.0018859224694092805,0.00295743296310471,0.0015877006376982944,0.0037456766812013487,0.001592778331999653,0.004106199123377466,1.2344290152010995e-06,0.0036930607049198844,0.0025604936809077994,8.288019323327012e-05,0.002440959400607727
0.001313395965863863,0.0012708842941086262,0.0001520462932553604,3.401003870471403e-05,0.000576217788738731,0.0002748956029059099,9.342071949365593e-06,9.426451267002117e-05,4.7476395991431775e-05,0.0007116061955247596,0.00032144176597095203,0.002207709125956768,0.000304414613263318,3.94823941499145e-07,0.007568720510931035,5.184266548011879e-05
0.0015555625436109305,0.0021726112255651825,0.0008282927507789264,0.0004166141756363345,0.000923053643409423,5.3771627371586306e-05,4.989931844619211e-05,1.7495217212004643e-05,2.2421311250610254e-05,0.000412128076979483,0.0004082387231167106,0.0023742390601857316,0.0005100079520603193,2.3461439370431325e-07,0.0060806855859885794,4.579935017928749e-06
0.001460667388244144,0.001993788526787846,0.0015587527247671595,0.00010138682234654695,0.001558742465971541,0.0009177107644286545,0.0012055234296062811,0.0005525927317240886,0.0016529110322301005,0.0008316320353229378,0.001976073094705516,0.0011514680837880556,0.0020137984183082602,0.000646691884597303,0.00045813598480832357,0.0008695878022124959
0.0001139665259909245,0.0002642411995503885,3.406217960674751e-07,0.002631911045417046,0.0004365974378880283,0.000856898295950613,0.001319085899119679,0.0019169966116427198,0.0010873978515035937,1.2015834154402438e-06,0.0002472981707583241,0.012255733902911597,0.0003309270038821255,0.0020596880926641165,0.008353314768162465,0.001458994018594978
0.0027139568974839517,0.002588119705945774,0.003251435794166972,0.0042765404569449494,0.002701350211263512,0.0011791211042255223,0.00045622364627856404,0.000881442535676194,0.0009252864620493961,0.001167579070480644,0.0016512243786525882,4.354602169630989e-05,0.0015525583326848197,0.0003778414201430491,0.0006412466141524145,0.0004789097639751605
0.0016700219310504943,0.0022581396508095375,0.0018149322625662517,0.0028518368391926424,0.001274970841871434,3.765241942552122e-06,0.0002424129033386513,2.8629411837760577e-07,0.0003193095980019642,0.0010330957635828267,8.726180466622768e-05,0.0011880862459696315,7.05917005412518e-05,0.00040734551628268667,0.009040992928023628,7.471226352025184e-05
0.002232468318796893,0.0026932901133911516,0.002802271882625683,0.00491176428074111,0.002074032838127543,0.00017904001141014897,9.523884395151727e-07,0.0002137563854252844,3.717874565031809e-06,0.00036500375974826693,0.0002131916811304313,0.0006596998802648676,0.00046671396032338386,0.00030251822392901584,0.008477363028089116,6.7104382164284715e-06
0.0034149145196945146,0.002466814679839238,0.0019312005859772607,0.003839391059503504,0.0018347526426082325,5.610464793998071e-06,7.28873803937935e-05,2.850483776378754e-06,0.00016304498607982998,0.0005945591125132155,9.959496866644713e-05,0.001893240107884775,0.00032263508356190906,9.56727266270413e-05,0.021498680367103284,2.9925631953198195e-05
0.0021965196323855615,0.002187167969376555,0.0009842502063806685,5.8842785131546504e-06,0.0008551188329879444,5.791517994711837e-05,0.00034619075307352337,0.00012837751293506144,0.00034929672798084815,0.0001684441668285963,2.2312921895382976e-05,0.0025393675290994178,8.114930852291813e-05,0.00022650707487738286,0.01548369796445509,0.00025680246606619994
0.0017338710601179363,0.0016517273705107804,0.0008204239288993331,0.0012995761053390953,0.0010691128619751689,0.0005029494160119219,0.0002066583032847638,9.25254481895163e-05,0.0006224682736467868,0.0011093348985554627,0.001053170975311074,0.00029651216659842827,0.0010055544852532045,0.00018556753498637224,0.0015716599918928625,0.00030570526850474955
0.00021222304100732697,0.0002794714191213937,0.0004094533559204777,0.00010200045707740857,0.00025276425729498647,0.00035009168516834943,0.0005316241952107309,0.0013867059916792476,0.00017296515755843567,3.5765358671994985e-05,2.1205126538310914e-05,0.0032029452071761916,8.592117900985824e-05,0.0010135234593008358,0.008415884667492574,0.0006174822239718575
0.0008253972986874553,0.0006038619022846817,0.0005894436225040156,0.0010272588692619433,0.0007391552049289679,0.0003815347179595627,0.000234051308549664,9.034895961100575e-05,0.0005036886209224822,0.00048103822222347187,0.00100876821750287,3.022740996019846e-06,0.0006952307278947911,1.4006584518645726e-05,0.0023195686497191545,5.5941771861099665e-05
7.95657154302673e-05,7.127680315688334e-05,3.816310328964151e-05,9.638549151314013e-07,6.962527893047965e-07,8.734651927943399e-05,0.0003710730156656697,0.0005449386267482245,5.354740403696462e-05,1.2963634355676878e-05,5.3041696823838413e-05,0.0014617278784857177,9.872545293984625e-07,0.000671048559542739,0.006640981260283646,0.0005760156781729961
2.629849925701866e-05,4.044165905840724e-05,0.00011299713732375316,0.0011584172014907773,4.0869671830146e-06,5.304982257300916e-07,0.00012202098275285178,0.0003408308487012554,5.853096659472201e-06,1.0803107937662482e-06,0.00020684524685350703,0.002825551523754327,5.34595671810717e-05,0.00029523399473294076,0.003239229417823869,0.00013351184958342033
0.001237146055023286,0.002709184408775857,0.0007381210779240366,5.601359465139122e-06,0.001150857282558329,0.0007060030390086125,0.000301576565307507,0.0001701104500019604,0.0008961333865529636,0.0007312229759814035,0.0016128337340435075,0.0008167573516691604,0.0012938379942873807,0.00028168081749176815,0.0006550458523544855,0.0004350655390241917
0.0004573888772367307,0.0013627814014110923,0.0006640383514090811,0.00018635729620706393,0.0006309949134973708,8.606487381983274e-06,0.00019941322148132878,0.00014991575327928663,7.1835345336473955e-06,0.00014955672909790219,0.00021544444017222025,0.002833788136276799,0.00016967343748351682,3.2425012134698616e-05,0.004653714371742959,5.926840380934828e-05
0.00038820351498415617,0.0016827818581484633,0.0005016161885609965,6.000447747481208e-05,0.0006051199705183613,7.5738399558308855e-06,0.00018082597594043515,0.00011443217091187952,4.3510964088666615e-08,0.00011490798886039377,0.00023214268072099115,0.0020138380455512195,0.00019324118301945054,6.903310490156966e-06,0.003391633363744484,3.7992884434297214e-05
0.00016992502391923597,7.485866046059997e-05,2.608033191492387e-07,0.0009472938718451326,5.482423157059102e-06,0.0005627378809744052,0.00113975560514111,0.0012293044895978836,0.000517568719566,9.132989789779888e-06,3.689135740066185e-06,0.005595539502606189,6.715409457197508e-05,0.0007926069295954297,0.006185193989194121,0.0006485046457119364
0.0018893117217460287,0.0042250867222277805,0.0024326356681450972,0.0010983340201780462,0.001979244638398686,0.0009207307500301229,0.000544023012466463,0.0005047018523671107,0.0009830010817561963,0.0009936226250392977,0.002268184867238794,0.00029112972653910774,0.0016224085591735327,0.0005925367982731258,0.00018439090078044978,0.0007329844072136299
0.00143242134592525,0.003974003729040804,0.00207083680108848,0.0005550748319319565,0.001946968580955069,0.0010199547043287516,0.0006364009987773339,0.000476506125231653,0.0012461889573010393,0.0015869945124325074,0.002567432298280159,0.0008630458506078478,0.0018074786299602866,0.0009452565953337599,0.0001479368504557002,0.0007744404365460089
3.987098084422269e-05,0.000659598182005186,7.366459607043019e-05,7.520795201933911e-05,5.953205547219037e-05,4.6757738538683036e-05,0.00026126503579248367,0.0004487521170850328,0.00012162136685174574,3.5234965704698806e-05,0.00030150985514038747,0.008469961242204227,5.287540355962406e-05,9.21652554143268e-05,0.003102524529699127,0.00020056116867545742
0.0005675138012841557,0.002391396260911935,0.0015493171325944508,0.0007666088055592671,0.0014536400122295914,0.0001835465692451299,8.62990291759097e-06,1.8525958778360663e-05,0.00018268843319868555,0.0014851913433980846,0.0014086806829210208,0.0033625945069068325,0.0007218538342863567,5.264794257918426e-05,0.0012373120445246175,2.5976250971830595e-05
0.002284697516522466,0.005273088641974073,0.00402499077720099,0.002978603204366853,0.003744013062079353,0.0009795152456128983,0.00042317381939856874,0.0005826039444220277,0.0008097592501497483,0.0011279557974661764,0.0028396144581195257,0.00032129653615133036,0.0017218600804704415,0.0006903389926544504,0.0003498686900818837,0.0005022839211198671
0.0032302081109963493,0.006174048018041889,0.005151121199253039,0.0028091702252002054,0.0055180633574777455,0.0030977264387611614,0.002276605105720267,0.0020216777673005212,0.002645382250623135,0.0055572140269286585,0.004857494918984559,0.000459659451161068,0.003918986535316513,0.0028747908253456897,0.00035805875504784507,0.002294250612166031
0.004308438221818492,0.007272423957822724,0.003219763134977127,0.001196351740993501,0.003586538794547449,0.002300568196952721,0.001602623127103582,0.0010703625728122265,0.0019325676416919874,0.0023854884996514364,0.0034707232504005425,0.00013233999340640096,0.0031528735836355293,0.0020743437313080065,0.00021791467103461637,0.0016807560878428496
0.004445731846183007,0.007917741489345403,0.003929261161058711,0.002230592514311555,0.0039001582134884777,0.002591984627357463,0.0016861859354152312,0.0013964069899069995,0.0020887027680639575,0.0023898850964264445,0.003537442494267337,0.0001350630172935463,0.0034417423785811224,0.001933288968774309,0.0003333839624836757,0.001793986418688845
0.0002674229744902973,0.00205900543367344,0.0002728539486038517,0.00024116265005155735,0.00043268090454712943,3.4288323926774666e-05,0.0005056538764413587,0.0003926377031102449,5.050403254306529e-05,0.0003385558603677674,4.925674367916438e-05,0.0030909025793003364,1.3766776649395962e-05,0.00019936152848076816,0.003865843757139664,0.00037127680773517413
0.002410214980438863,0.004864205920361547,0.0019667897512519184,5.139180148695799e-06,0.0028043907804495144,6.911664661078676e-05,3.842970281393854e-05,5.227454725154762e-05,4.1552166495775755e-05,0.0011425621682455561,0.0005775385123974047,0.0002954015786644851,0.0004724209502513996,4.712085720705306e-05,0.003404404914241821,3.0051935402251873e-05
0.003555042692783769,0.005981740419471644,0.0032676474832674107,0.0005733846185349833,0.0043679752728544435,0.0002105184126972512,1.6579287302961876e-06,0.0004323851714204824,0.00015841709762865613,0.0031569731408222917,0.000894150669212071,2.1486534090349452e-05,0.001053840639264239,0.00015485051533706273,0.0025206410614336955,4.1726336136305164e-09
0.003634267005334174,0.00596369789608308,0.003985484825660995,0.0013629324398762438,0.005209903659411291,0.002304235539852005,0.001497800103725369,0.0018580263399787036,0.0021533889479604107,0.0022807871040138525,0.0032966043700100867,7.973205333011713e-05,0.003314121806987161,0.0019323656374412995,7.456557796788055e-05,0.0015319665313462752
0.006451369250839237,0.0014308776629829711,0.006844433624115395,0.01353737875129675,0.003197034276675434,0.0045287934724472095,0.006387501571186643,0.007826741858181163,0.004570595899140453,0.00048571989867220167,0.002809957375859942,0.024625704899467915,0.0033508138478150623,0.005008685370012339,0.016061683036496813,0.006492488998573603
0.004758709894036983,0.007838926866609489,0.0024990023086872287,0.002202585640539309,0.00364988793183868,0.0027529733214545216,0.0021485991782567854,0.0017508943358055112,0.0028533387125201717,0.0021747573331004494,0.00396273643990902,0.00012639157452742217,0.003547912660102029,0.0029265940908671864,0.0005502559293607823,0.0021117313366676577
0.007378888600351255,0.009320021317176748,0.0037049277759465676,0.0014399150472247657,0.005234382954227304,0.0032911059519862007,0.002866702714682791,0.002634794147110625,0.004138447968196887,0.0028600434261531887,0.005018929284295523,0.0006201041418665912,0.004735635439996028,0.0037792478071471264,0.0011829431823037195,0.0026708581003776766
0.0010428782797505115,0.0020816277341088735,7.575459568323617e-07,0.0012462174050918012,0.00033714180485063666,1.7653210939681807e-05,4.55567957784106e-05,0.00016226937185235407,0.00014532398007160996,0.000864143851997283,0.0003468511686604697,0.0024958701903579975,0.0002184094034936579,1.3652592560288446e-05,0.0011533230174608847,7.607118982758121e-05
0.0028133646347576202,0.00392220902169145,0.001076206051118092,4.3830183431986525e-07,0.0022466874707799955,0.0010906455286772976,0.000991954948422663,0.0006791705527355862,0.00225036808294983,0.0015544523865397356,0.0027349441296607574,7.90603556254238e-05,0.002315542876524787,0.0015957093736570852,6.29267906155015e-05,0.0009239129236313509
0.0010706712244432093,0.0023150142643439467,0.0014028421730343799,0.0008017513727118092,0.0012088369297333923,0.0008761724360148576,0.0007265308907574361,0.00031460761529952114,0.0017483799139100392,0.0009739826563911896,0.0024643453420757494,0.0006061577827341444,0.002024778214699971,0.0013893520174569768,0.00021946414476498033,0.0008966886965605519
0.012081856416718148,0.006040681640336665,0.012207448177441002,0.017796244780575968,0.00853692737806383,0.004961239874397769,0.004931703213537489,0.009182347250794407,0.0017495085314382514,0.0010844426452979658,0.0016871865488485016,0.03404552467573066,0.002104201545621756,0.0030485647376159303,0.007535615462119588,0.004533693404450506
0.000811962960243523,7.899532941113563e-07,0.0007760291477728262,0.0021031025183778293,0.0001262187206057669,3.005216243984893e-05,4.752191881093881e-05,0.00022149548082010806,0.0003683921279763677,3.810459932714755e-05,0.0007818582405919108,0.0051856136651514395,0.0005129618516909323,0.00030789777266308077,7.383319625430679e-05,9.035752254862861e-05
0.0034729312871527307,0.0006929686599839446,0.0013970666004968976,0.0017809167458970251,0.0012133967765960915,0.001961192915526662,0.0016626018220181685,0.00345160835582016,0.0013753620697313784,0.0001903622306862543,0.00013120861169941406,0.012143940327961789,0.00046560098976771574,0.0009733939836278974,0.0047725974959602485,0.0016931836947462475
0.0009755400062875577,3.334668663343421e-05,0.0001482249045606024,0.00038420395831335885,1.9253437087939085e-05,0.0017938173175739425,0.0011316983304874295,0.002093592080259492,0.00017495794371173712,2.7554800288813464e-05,1.2364723414037826e-06,0.010498069001478719,0.00015588862620160432,0.00041441382283472633,0.0072031326476354185,0.0014080121845782
4.266123848628567e-08,0.0003144657699657577,0.0001556551443342366,5.5522199777849335e-05,0.0006678151071206478,2.5185235528815686e-06,3.896951892373712e-06,1.5824502816820518e-05,0.0001459257073234202,0.0002496629149166818,0.001053583427543775,0.007066955925178531,0.0005724792673015566,0.00027630987338860685,0.0016614373269931842,2.584397508220704e-07
0.0007406806439939628,0.002356239282370387,0.0029988527517612606,0.004061009798747212,0.001990718948772084,0.0005654655681327364,0.00015345801441719875,0.00032216845715000997,0.00020466613733451794,0.001792937237894733,0.0025205135818296143,0.004750468773260685,0.0015649443967548568,0.0009340427930682876,1.746930474583186e-08,0.0005531383968210637
0.0008966635379663718,0.003062532483895229,0.0032713899461508933,0.0025102468337193096,0.002686171295544812,0.0011049463843941648,0.0005970694654188341,0.0007641172601684926,0.0018061678462022515,0.0017994735491469807,0.0032372678273894506,0.004028619288940119,0.002081093393403906,0.0017322787393135239,6.252213523414568e-05,0.0011617313402299406
0.0008955181399345757,0.003363951744831735,0.0040483102233989515,0.0027329505495830714,0.0030283030067802946,0.0015797566995377627,0.0013613379611761567,0.0009391681216722597,0.0019573850162943537,0.002594513258550729,0.00373141856798799,0.0012190418971205208,0.002739656184273992,0.002384883031613508,0.00031345313683336234,0.001773534588111872
9.301838760231856e-05,0.0019698789145646614,0.0024653520662984083,0.0001667848828744295,0.0012777664116115084,0.00011696382001094574,7.736848286964138e-05,7.689383401482397e-06,0.00018289889615193816,0.0005068747351779299,0.001079851575204821,0.0020056757813555273,0.0007988695724767472,0.00026008916790230124,6.919768001732024e-05,0.0001253878999809277
0.001100160426153754,0.004124385433443886,0.002605167321965682,2.3312530572590362e-05,0.0016957002722599451,8.320301473706271e-05,6.30156468311785e-05,8.323892154932233e-05,0.0001273925482136104,0.0003742949740599133,0.0004492026621077394,0.002295230351073714,0.0002961588719368122,1.84448560872838e-05,0.001960774180415889,1.8146365418580945e-05
0.003301369072917802,0.00674544388411788,0.004789536268936162,0.0006097523178950764,0.004461652166641614,0.000587205317112649,0.0007155680004163195,0.0007575621089298268,0.0009248229745373177,0.0018522929196514992,0.002403445901754772,0.00019666430916173705,0.0019956123059356318,0.0011826486086729468,0.0004644350536931602,0.0007192004631972476
0.0008324188762825063,0.0029409307737753715,0.0015055653812291667,2.0471790029140402e-05,0.0015716460366209523,3.236207518513695e-05,3.2408731254207623e-10,3.3166818472901705e-07,2.882272362175753e-05,0.00089142836487556,0.000781419134578687,0.002345737062160909,0.0005558763857087187,0.00010089705442210828,0.0014850553616903017,5.6279726081888415e-05
0.00023253857093477603,0.0001508224850586687,4.424570390973437e-06,0.0013823503554084987,3.192873656197859e-05,0.0016415119534687952,0.0023683603030813308,0.0021612569379612853,0.0014213279146424382,4.9869347964401345e-05,0.000125714813976191,0.008149598441905007,0.00015300620935189413,0.0009835152392262958,0.009272297578689734,0.0013344021696990727
0.003094347713173351,0.005908331905548597,0.002433701593700835,0.0005748634747455433,0.00318954869441658,0.00021850243665363922,0.00014172662372769623,0.00025333616443951046,0.00035977348707625506,0.001512855620445279,0.0015597769464450878,3.087042185483113e-06,0.0014986967358591105,0.0007297430197213128,0.0014627586260411649,0.0003704022723228159
0.0026073557840359946,0.0050447519908830285,0.002330398319256688,0.0016682501269948483,0.003162239164820904,0.0007846638024078118,0.0009305457556534405,0.0007714609886347798,0.0013883389669899632,0.0021352259762640532,0.00230907850368426,0.0002126152007926388,0.0020204115441237736,0.0014311200877347025,0.0006155954305950215,0.0009655166882269611
0.0007857648118185512,0.0019761056076940745,0.0002862865847071752,1.596078712579052e-05,0.0009106679498585984,0.00010948466235771726,0.00024036529900654802,6.86736221159473e-05,0.0006083327730521948,0.0009224387924381891,0.0008752794495063623,0.00020948513853694117,0.0007360256719263214,0.00031433018087463627,0.0017905072950884157,0.0001276042485760659
0.002131317152434836,0.0034529246941443145,0.002110009596086336,0.0014803364036881234,0.002972310950803851,0.0013687326649813036,0.0013663982773569894,0.0011947854632555072,0.0017432630019040551,0.0020084167357635324,0.002767448554678996,1.9523836787167792e-05,0.0027430351363917846,0.0016207822732821897,3.352448344082215e-06,0.001151521092806508
0.0008672350758094083,0.0017236931641800082,0.0016707615817319332,0.0006806221718678868,0.0020173791463516735,0.0004563764221763994,0.00014988684741128883,0.00019492408402657646,0.000320079526533415,0.001328378249929825,0.0014753652175376747,0.0006712407422999264,0.0013469234359193977,0.00047449258716585757,0.00033638184291006484,0.00018244168364834473
0.00026496725172715785,0.0007078886742706916,0.000665607063514144,3.9297950374383994e-05,0.001331990232099775,8.559372473961047e-05,1.2870752685426035e-05,7.819710829137794e-06,0.00013437293465695666,0.00016106507909710577,0.0007883376741926185,0.0022881158884944866,0.0004850735324984784,5.298335572703067e-05,0.002081436535333818,4.744956454194593e-06
3.1727246963764166e-05,5.1763306533600395e-05,0.00010515052959955001,3.6587552533287604e-05,0.0005100942275808318,1.941828757109909e-06,0.0003032321567222676,0.0002257975781801494,1.653528628886569e-05,4.721452381232366e-05,0.0002940066163615099,0.004104660003723518,9.361048471778072e-05,7.929836561169218e-05,0.00412152671015463,0.00019825393678911396
7.929355794675241e-07,9.261414867436923e-05,0.000763068540320988,0.0005575094765121608,0.0011358226235273078,0.0008190547457477965,0.00015892462479488723,0.00023737243646793083,0.0005252599280890988,0.000735390127199198,0.0016304764561821672,0.0008489765862283935,0.001346856668038507,0.0004781613473970464,0.00010297971742898038,0.0004232536556883562
0.0076985817304769805,0.005129456665684248,0.0022144444359209134,0.0028083485314689127,0.0010230857543499228,0.0003738657351443006,0.0013060815245931542,0.001592818816269985,0.0003392018179338707,0.0003471805297342173,4.080809984337991e-05,0.009727409931247016,9.227078009826223e-05,0.00042374765157177086,0.004000005754951158,0.0006591299524112762
0.0008656947066158008,0.0006513253692901066,5.7904869165972817e-05,0.0003957669190821009,5.404208095413643e-05,0.0004629266360916262,0.00012712100174679108,1.4669487363970501e-05,0.0004793458376252391,0.00010703759505693161,0.0010826105135036956,0.0018869261554487135,0.000823454579367347,0.0004927502952087048,0.00027359670686420007,0.0003389938459025521
0.00017694878041975282,1.265455258345205e-06,2.802271261496958e-05,3.70051037128713e-05,0.00026726065920493203,0.0005698107410065101,0.00023555147702382373,4.022157612967869e-05,0.0006636800414479213,0.0009715008983038134,0.001361302336659688,0.0018001550630372676,0.0010447951774709557,0.0005322253063132845,0.00020845711084770818,0.0004910467401602198
0.00011372986645254157,0.0008355217668297721,0.0006330190459084561,0.0002478509022916381,0.0010796531268904702,0.0007600210902344307,0.00045174649767759645,0.00012561484783898957,0.001257357869623825,0.001075398784416745,0.0018648653750897443,0.0015676044826976598,0.001658841836877173,0.0008776009847000776,0.00011033758413705325,0.0007175756580361098
8.307484650547925e-06,0.0006701331456360413,0.0004598369128360619,0.0004443749232665578,0.0009277418926110156,0.0001227223878653566,2.338700292921908e-05,2.7329042024543115e-06,0.0004841100273633922,0.0012665235092398364,0.0009036363595227581,0.004075735895027258,0.0008069731189437462,0.0002581207940563421,0.0017606640672849505,5.022823887711192e-05
4.23740400841352e-05,0.000427561194413395,0.0008878377214521505,0.0011369028395091102,0.000741562346590674,3.514312756486282e-05,2.469307328975545e-05,3.66652415758964e-05,4.320943960670759e-05,0.0011789551583898383,0.0006035406131405657,0.006011142017218293,0.00031245864018629443,4.512956831292936e-06,0.00299993210026267,4.634637939086861e-06
2.771961183767324e-05,0.00033338818028449263,0.0006312556215064408,0.0006612369352186481,0.0006069888408301721,0.0003117107321691723,5.0875010069138804e-05,7.246593032257664e-06,0.00037319737737757236,0.0005139298550972324,0.001039165248538615,0.005146131715027563,0.0005282693687748419,3.432609595459962e-05,0.001260314178360436,6.835294399674952e-05
7.039610177267397e-05,0.0005254423640396119,0.0011444531017397452,0.0012132717700770457,0.0011366152269382535,0.0009232649993237071,0.00040070831686821184,0.0001587840103577723,0.0008111421139126787,0.0011810813418362126,0.0018492663130198692,0.001968904583824066,0.0012338524794014705,0.000403414727642791,0.00041867578313713183,0.00043489372486191225
1.302647450737715e-05,7.429120681356344e-05,0.00045915459025202415,0.0001776045108589988,0.0004412060812373775,5.586327453139389e-05,6.266912925526058e-05,0.00012824124992652508,1.633397809083781e-05,0.0003397446454420014,0.0003774823697121066,0.003430820991797978,0.00016974647189451492,3.296216409880148e-05,0.004425092869892719,7.201064477428687e-05
0.003587831111931908,0.005204247275956392,0.003702390625824989,0.0032120071014213186,0.003732133907225113,0.002075931665613276,0.0010628222554049799,0.0009558603330942494,0.0015442046680574986,0.0030126399280756833,0.0029528189437671368,6.098391352963445e-05,0.0024472627469939445,0.0011037473141494655,0.0007597443885516836,0.001137475435185123
0.00017229016323030283,0.0007192067268492336,0.0001925519652990343,4.420317462795753e-05,0.00031904363849539347,2.0190419915341873e-06,0.0001343209694510336,0.00031847521271300555,4.4955387316150675e-06,0.0002313307790243399,0.00012596407035841278,0.006704328766538023,5.313662567705407e-05,0.00026920744925596624,0.0076091548428363215,0.00011643802226396494
0.0013324921017999133,0.0027487924343531506,0.0016868831190905709,0.0011028137795816018,0.0020506181209661092,0.00038913042702657524,3.663447708253387e-05,1.1292609232570194e-05,0.00030757091951769816,0.0020946578067282673,0.0007924095912957563,0.0021501484576171986,0.0008379301292296415,5.3558712074207315e-05,0.0039255852642192945,8.130627148102837e-05
0.002195087765794246,0.0034489377792607523,0.002619774493496742,0.0014815454436107045,0.0031716143631681237,0.00013632584871364067,0.00010292030975071059,2.337879817938815e-06,3.8517206780303015e-07,0.0022153875605723378,0.0003671445914801563,0.0007716008950864536,0.0005765405779050506,3.986511503517587e-06,0.01271805502964804,1.797829566954623e-05
0.0017560725475950917,0.0028808154740621733,0.0029613453214886384,0.0018623442729290215,0.0033583904171143736,0.00046580063039238645,3.5488946936029775e-07,4.1205196398594324e-05,5.98116685406741e-06,0.002097366773155321,0.0006986146885868336,8.284440265398513e-05,0.0007555925622661219,1.297942584425893e-05,0.00967236673234094,3.516119657018951e-05
0.0005254834060706426,0.0012636788620729589,0.001498818613259477,0.0001965628051918064,0.0021732466122112992,0.0008774555865197972,0.00020119141152800252,0.00018684661691067972,0.0005360885873333734,0.0013759888936912545,0.0011361576344140895,0.00011629604303842189,0.0010139706144886504,6.269199644571427e-05,0.0039337263432215885,0.00028928479429167486
0.0014375701456867535,0.0026631657176955995,0.0035468937443242227,0.002790155968896188,0.004040927821665229,0.002616358596222848,0.001442900735769831,0.0015882829108413432,0.0020849217245084567,0.0031662676680541124,0.0031486548254386626,0.0001919328524739028,0.002958873089888271,0.0012393235238612119,0.00034936062204336815,0.0015751641197587624
0.00025155109316211954,0.0008718657808507724,0.0017177234865903557,0.0007456342502198399,0.0023685047308354412,0.0008556779529543812,0.00017823417880112602,0.00041051884313901554,0.0005854558887547767,0.002216304402038405,0.0014232747582948804,0.00020695758472028675,0.0012731880159423808,0.00027880039088548636,0.0018698486251883806,0.0001971642051856945
0.0027183722424315437,0.00361600946312101,0.005214782165876078,0.0035602756939898256,0.00646995720652567,0.004158953161547102,0.00302902254185735,0.0030329360830788216,0.004116915178783931,0.0053802535177635835,0.0057778358932049564,0.0005258920471382239,0.005076493747995722,0.0031953636365859503,0.0001837483770601167,0.003169088244815821
0.0001649263068765408,0.0006136794664178408,0.0015604200091181575,0.0002588714719499105,0.002605507194119658,0.0009158142656424256,0.0005882070441262655,0.00033081631678807955,0.0011695226156377692,0.001485991529023567,0.0024469247807200473,0.0006141482039067336,0.001692368246821542,0.00035455932440265486,0.0009717963423277673,0.0005601584347645072
0.0017130972373217979,0.0009968234739740206,2.0701790223703886e-05,0.0008751154705194802,8.067906238463235e-05,0.0007650685909519478,0.0007949338986024887,0.001439880820824739,0.0001270885289064369,0.00015024934910599225,2.4561259669528268e-05,0.007048840799927278,2.273592788076817e-05,0.0008501435280958425,0.011839763943623877,0.0009730554591246832
0.0001113944052899829,0.00028290648704526467,0.0015635074930497178,0.0001986199853445253,0.0029255861971256847,0.0013074113146361033,0.0015983074986729781,0.0009191969666307448,0.0024793682390661445,0.0015840569433150098,0.00353881087395877,7.263769821741484e-09,0.0029920509210499754,0.001868396810729804,5.4698946487442834e-05,0.0013144751471294222
0.0016057865805717483,0.0012526042881123994,2.015684209405455e-07,0.0003871697155961168,0.0003193545925711458,0.0004908340656400792,0.000742653751276745,9.687253424497944e-05,0.0012506803663092855,0.0005210258279078478,0.001969961739413585,0.0007322954873505705,0.001449465774303882,0.0007011533820492216,6.551871927260727e-05,0.0006049840067464257
0.025815971307218133,0.02800569029269026,0.013722823015684088,0.02853279711064452,0.0070291380357427324,0.003763968017752542,0.0026855007643512563,0.006818558338831285,0.0013939214200824335,0.0003669905817851177,0.0008304723071055481,0.020030866432377753,0.0016323381183607558,0.0032673103901044998,0.009979307168675622,0.003118028218946689
0.0019100311193136627,0.002732080236984083,9.638675968118293e-05,0.0014690367734363635,0.00010193926750626248,0.00015878384008992386,0.00043859007386093385,6.228774320632402e-08,0.0009059362892422235,0.0006549399914866222,0.00163938398515074,0.0012715233816412916,0.0009677342852384557,0.00046148468778481333,0.0002951464633334719,0.00032200313682997916
0.0006707482058214212,0.0005643014136135216,0.00012085459544512733,9.820295751745284e-05,0.0004975420884731768,3.6185220996069745e-05,0.0002788451111432541,4.987818616325468e-07,0.0005344788081585589,0.0007366455955589296,0.0016534466459524472,0.0012448113337021963,0.0009492455167206815,0.0004567386060434636,0.0006499336364795896,0.0001614339265448711
0.0009606572325786267,0.0010336598286019502,4.911364145534364e-05,2.2493805203326056e-05,0.0005407013022453999,1.1566113426730862e-07,0.000185941749282853,2.1544804774606408e-06,0.0005840089442596744,0.0009019985515901566,0.0014421671867163727,0.0036547205262039,0.0007710750864018401,0.00026585329056262597,0.0014246030833563808,7.537292850891275e-05
0.0016724611979953632,0.0024320253236962755,0.0039660310672133756,0.0038423530844093334,0.004994476971348125,0.002537007861567235,0.0033889131576423787,0.002698020618898095,0.003604572048106512,0.004209210546051251,0.0060206944706528015,0.0001742107429116846,0.004727644829676553,0.003352763221952604,0.00020344421134405738,0.002959090742620435
0.0037001208586184137,0.005398151335752131,0.008047114879838758,0.00893566225459308,0.006856324965118135,0.0029300534663106725,0.002953528321546134,0.0032420585807377347,0.0023802527767248782,0.0053728491705105075,0.006232904883958584,1.5853509130470123e-09,0.004736372125479463,0.003284775661064679,0.0005179739768285674,0.002799876412144839
0.0033690020661514553,0.005647478529527426,0.0067811184975525435,0.00560968900208695,0.006517647006670048,0.002335262952461316,0.002189529981514421,0.0024854415293887808,0.0030672830098851245,0.004801712678981204,0.0050862248634804125,4.394303992835691e-07,0.0039991023647502205,0.0028968836760987215,0.00016222928076574383,0.0018244674959650292
0.0013082516413020912,0.0029608316227192136,0.004585124055217785,0.001555515917424713,0.0044483252703412315,0.0012434274017315977,0.0010856307544412636,0.001144560903512587,0.0009519961422714968,0.003946438157169621,0.0030772963141732224,0.00035159072736404284,0.0023274692821130677,0.0012039757161341341,0.00012888245285837263,0.0007677276145510101
0.0013381542352872144,0.002753220123202449,0.0053822120503699,0.0029342262819653936,0.004658712132541945,0.0013490276634900572,0.0008903832847840659,0.0014397578712743025,0.0004975305526769905,0.004256656535147438,0.002403660684553527,0.0002086460633155332,0.0019642765114238486,0.0005655579826174539,0.0004229795447297721,0.0006539392285653395
0.0001242364342008695,0.0006997295782308136,0.0027494808692729578,0.0006934220813006736,0.0028515104716172746,2.8958941109068215e-05,1.396313208737454e-07,0.00014640081980196035,0.00011527568650900738,0.0020811031445690936,0.0003628332100199319,0.0021990779575840544,0.00035718320465231296,1.7458018134609843e-05,0.009320654481774798,3.6604326131568776e-05
0.003184156506396328,0.0033248746142585384,0.0046105962723886895,0.0018470466862220078,0.005992470425798591,0.0008717741414434252,0.000848005644910832,0.0016307588357603806,0.0005696179568335444,0.004151258541851555,0.0018339462648347543,8.297960190299658e-06,0.0021963192626048775,0.0013879112966909204,0.005034362619686816,0.0003946639088919304
0.0017586296060970175,0.0016663564662282304,0.0030843682841333736,0.0019468402890013697,0.004725051173877656,0.0003390528408559121,0.0002541364262386159,0.0006786305731865672,4.724857862741655e-05,0.004497258172514347,0.0011092967882465748,2.625659126019586e-05,0.0012664433589155005,0.0004512064605136784,0.005549501633353465,9.987260660149211e-05
0.00964392661059929,0.009063295474543036,0.0118175795921136,0.009505167887669017,0.014027250589759732,0.007767675331746368,0.007982865539999703,0.00814814643605187,0.008037672536531426,0.011900868694438481,0.009706396774283282,0.006472673606496102,0.009451577073421542,0.008136151233574751,0.0004999006910484244,0.006870887778960298
0.0011799556222923321,0.0007935892264506195,0.002672583658288999,0.0013752752952298358,0.0049792946494989915,0.0008122455850492205,0.0010346660054992712,0.0009565937938861568,0.0012286263217897164,0.0049735403975043335,0.0018538309720932122,0.0005236761885299354,0.001522332186355592,0.0010464743279786637,0.005673015540955617,0.00017165299528685424
0.0012341393441543669,0.0012795702921428037,0.0029346826956716254,0.0021555204217937954,0.005019902770507359,0.0012875097717896591,0.0011633815246633525,0.0014683637897475038,0.0013694456438767405,0.0050444150526559525,0.0025270524015226573,0.0007793846223114742,0.001875461912889391,0.0011343398431839652,0.0016680201544448034,0.0002491972316433916
0.002519183096598668,0.002392581396859328,0.0043249670006829805,0.002655621019089241,0.0067961954950836526,0.002538918083407775,0.0018921053590815612,0.0029750419978207057,0.0023909041108054474,0.006273558446988417,0.004337161062856157,0.0012466538800386326,0.00306336893591299,0.0016939410033006835,0.00024690772548549567,0.000775010929474948
0.0010915005373169154,0.0008030666003326081,0.0029755989506842634,0.0018501406081034705,0.005195063747853293,0.0006837332086895159,0.00017161986699743004,0.0011148590168648387,0.0003257810424746946,0.00474275017798774,0.002317032244625074,1.2374706371616473e-05,0.0008297592057923686,0.0002027772305108616,0.005779421045736657,4.353071334746439e-05
0.0034510577234653575,0.0028029360241416668,0.005705421602063762,0.00306533121413774,0.00883839975919292,0.0022907761633135584,0.0011158808968489003,0.0032125229981224274,0.0013871355757964082,0.007136087821884525,0.004645177729626734,0.0005656408811271565,0.00240607884983942,0.0018171994695743154,0.007190778905700537,0.0001933690511687139
0.0022587356452104385,0.0022685237264382513,0.004482713060077595,0.0033939558980105797,0.007274886346884973,0.0018530489077081685,0.000701711720023597,0.002384688306097074,0.0008249958494042225,0.0053507115315741816,0.0037880590249695506,1.349271008324604e-07,0.0021650398581734565,0.0016649491004571138,0.004197054921633775,0.0002836424610103694
0.0011387792415542483,0.000982405066929079,0.0030478901073133294,0.0015995283865343907,0.005803681366765942,0.002361636237212063,0.001073836305271865,0.002404126591937339,0.0014121162616092392,0.0035174499131569725,0.0037641907658319124,0.00020593220014739066,0.002724578191903783,0.0021969935349052533,0.00024303642441175083,0.0009337913186405131
2.47366181199693e-06,3.747876237652353e-05,0.0008999169178528221,0.00034125291063680924,0.0032031097907354172,0.0011533315435229702,0.00031645628356549715,0.0009068521256981321,0.0006754085293922546,0.003489226557940747,0.002050709425340677,0.0014315361011053157,0.0013645167120731883,0.001314193825185675,0.0005667645098437341,0.0003276536378590336
0.0009461861401919291,0.0011174707767204958,0.00211448881776357,0.001367991820494005,0.004795772368004138,0.0022929879249518476,0.0011847064733075535,0.0019240102356023192,0.001536171377694212,0.004796543454361549,0.003319190777245115,8.874095890711031e-05,0.0025452210883758486,0.002587626220268327,6.094467097393641e-06,0.0010642176981453116
0.0004230904320848203,0.0004217456533422356,0.0014359353692786833,0.0002744007425363529,0.00392934864069959,0.0016961637642285698,0.0008269111635224521,0.0012427385120665907,0.0013854573803488354,0.004780493543084657,0.002765256675445138,0.00042345489013703025,0.0021343621414575825,0.0018408529637466975,5.3000383679446816e-05,0.0007026313021992955
0.0012879101563837286,0.0016952220845770291,0.0001279322552132714,0.0013098401351979705,0.0004713169803845785,1.5143428842290252e-06,0.00016205287629914716,8.394303140978748e-05,4.703646651942062e-06,0.0018113032080497027,0.00028194935355462664,0.007971408530322244,8.441493671590417e-05,1.2318698818611362e-05,0.002958906099378697,0.00022019789553972408
0.0014092314816361723,0.0012210566826523633,0.0033248799973118193,0.0019428936396453933,0.006370908713108685,0.004694921227249918,0.003572045034707476,0.003859065528422842,0.004396859332912013,0.005892693401742838,0.006211306809940038,2.297266411965121e-05,0.005324444886077688,0.005126850587773811,0.0009832047425064327,0.0033665105253882777
0.0006427692293830764,0.0012476625226392132,0.00012381335420539458,1.5742059106094164e-05,0.0014451755584295456,0.0005391329619775925,0.00017546827416374533,0.000234284076211011,0.00040726651522079993,0.002813333977322266,0.0013443670304567404,0.0041383761712321665,0.0007660943308840373,0.0007872500725505244,0.0007534417326590728,0.00010884461108908589
0.00012025744830649471,0.0006402093045139445,0.00030729822240393306,1.6386865272152717e-06,0.0019917604361522623,0.0010058154537050529,0.0006142457362062204,0.0005331565821131701,0.0009197777203477017,0.0030680145278897536,0.0018117561988693492,0.002850722128870664,0.0013215870560475407,0.0012368479013472947,0.00019119889571177218,0.000438832870640532
0.00023110700847302906,0.00013781169896583123,0.0016483107599499086,0.0003028125306690846,0.0039841543255380515,0.0017930457245820958,0.0013015916465606986,0.0012704121517224248,0.0016519336366003362,0.0040231218827988455,0.002567507906292621,0.0006975449101209452,0.0024263109378432207,0.0022558879057088463,2.107976546260326e-05,0.0009941268850596902
0.0005522373590621868,0.0005432124483008144,0.0032162960665908027,0.002517123243208172,0.005064767935776204,0.0007476764725354579,0.0003745043606651413,0.0008890965930664074,0.00041818869870764025,0.004583881456591873,0.0011429242001984447,0.0006804230261738958,0.0014237597450973347,0.0013355023145346992,0.002866141862421276,7.583261298364091e-05
0.0033057972100073857,0.0030491318626025554,0.0066693748803054315,0.004096829942651245,0.00940342940281787,0.002904881201119966,0.002496196590648994,0.0038091095371874523,0.0029120929926702843,0.008867994340452781,0.0032737612613255654,1.0513634395935278e-05,0.0038369445299655455,0.0036747075100480447,0.003969210365547052,0.0012728922720977101
0.001898471533271405,0.001315053017506479,0.005817018352008124,0.004854944079472082,0.008010803055857725,0.002991648208733405,0.0027621484349782052,0.0034802007091412415,0.0025287329757656685,0.00798301987183992,0.0032290889850878565,0.0002548700730262213,0.00359050133875366,0.003020938317818897,0.0015469790224616198,0.001599106021404506
0.004834915087130104,0.005062763768932055,0.008520507911436798,0.00643746647349254,0.010521989628252328,0.005035268102402346,0.004641467140244229,0.005700780793963613,0.004684501177781401,0.00964141506197998,0.005143699844506466,0.00012270833041538864,0.005772254684290663,0.005075011058739087,1.7107745156549892e-05,0.0031605120749368804
0.0011545084717643206,0.0011110538988887558,0.004281820621401977,0.0022456530366532154,0.006432867010242753,0.0006893154759579009,0.00047480176721882705,0.0013135118801332682,0.000628455833792653,0.006070850252500266,0.0009681239647987006,0.001051726109316184,0.0012885872082763622,0.0012797518804699218,0.012097959832917227,2.2907665747091965e-05
0.0035446362232838466,0.0033150558026164775,0.007358533683510769,0.004873577576591397,0.009995382968991249,0.003665893757254707,0.003328468139672497,0.004267335658912956,0.0026555119537132604,0.009241108251179755,0.0042817325874231205,0.00030354981886926424,0.004244924552996049,0.004122322431112671,0.0018586452057857208,0.002008987561680553
0.0005750753003444659,0.00018825322505880426,0.0025124494009063636,0.0006076246240097408,0.00498513323137903,0.0009364818373608919,0.0009579437524724621,0.0010431420834417574,0.0009781391408900525,0.005087725479155619,0.00149674301501318,0.00044482968293244746,0.001313948244597296,0.0009937422294337972,0.005135119629114324,0.00028867319862239255
0.0022543412071502136,0.001399038710307124,0.00473208217614151,0.0031038492549876895,0.007879059320945646,0.0017128061502075242,0.0023262939986905123,0.0025299949939332073,0.002318291004267968,0.006611204745928988,0.0028532011940845675,0.00013830463049703534,0.002946247339820983,0.0025819970299934616,0.005654882735264016,0.0008027461602326466
0.003488206900013356,0.0020104844293876087,0.006047183863681638,0.00490116328042782,0.009852398219182067,0.002015613884314621,0.0028399574882114406,0.003458778928285264,0.0023319149537153264,0.009414962423736701,0.0035172904306457198,0.0010032209187575553,0.003835221878696324,0.003638675008799948,0.004908818401695644,0.0007731626115783929
0.0018840763879899025,0.0005257401495559963,0.0035709187678739374,0.003031610630586608,0.007120144944777758,0.0015809192383655635,0.0019346879313591886,0.001994979779076256,0.0014868127692307526,0.006755765835395389,0.0029280648604347592,0.0002887829837258729,0.002591715220283425,0.0022521988408524887,0.003245288003128302,0.0006664295343690174
0.00286575163498895,0.0009638016851919798,0.004783319580499781,0.003935514890123025,0.008888171885002936,0.004071259896419738,0.004368597687710356,0.0042268621823256525,0.004179763068277477,0.008278960390659153,0.005714534196823516,0.0014073899699897155,0.004837713514330891,0.0042619416669264845,0.00019573562754376939,0.0028825062729816928
0.003042349486812271,0.0018029157433330917,0.005227120907500077,0.004521409179086833,0.008944412891888416,0.003454730094396903,0.0037246876812492002,0.004143901784717255,0.0033632932224840484,0.00844106949089983,0.00521403926391837,0.0012669063754446458,0.004481133671188166,0.004124893714896105,0.0009235601253200013,0.002245911680194758
0.00587183812032227,0.004750095195704872,0.008367343003814712,0.006683854525030314,0.012325510394039431,0.006327078678104794,0.00655623742737442,0.007532804635842272,0.006154930165308138,0.010962604587591067,0.00814232360176425,0.0034752076754966527,0.007834958035464606,0.007529695748599324,0.00013593208986218547,0.004591457979392685
0.0008012275415990172,0.00018454670802729722,0.0026787062806913203,0.0015439211788824125,0.006279552669371413,0.0016798541542199508,0.0017020246818060941,0.0023546690643937995,0.0016146402121741399,0.005821561109967344,0.0029506456119979957,7.432402923661374e-06,0.0025154521599577775,0.0021168741251419362,0.0019101691813318417,0.0006950725271705205
0.0011248057918923152,0.00029463824810712497,0.003101354839940673,0.0022099900965535588,0.0066706806272798305,0.0014401990362076025,0.0014138808232298516,0.0022273672533885264,0.0011698836228544451,0.005669803845438796,0.0027053359205283373,5.190379204605966e-05,0.00195831350467765,0.0014347924192008032,0.0055560426914814665,0.00048469364361804906
0.0028429716161083862,0.0018770112776399853,0.005339251909350709,0.00390760274535365,0.009284426850348203,0.002593863387557946,0.002523351053851479,0.00362021435184761,0.002431621241307344,0.008742989706210083,0.0041192281855522705,8.091875260325676e-05,0.003641473059008679,0.0032170832578943542,0.004824275009510742,0.0013127621969466624
0.00023091773653050734,2.248919706550334e-06,0.0017124528438632047,0.0006678698316703452,0.005171959656665059,0.0006789108303718594,0.0006122888645695712,0.0010218917401584732,0.0005508643750454928,0.0047696184661795565,0.0014754313709631622,0.0008516212040854329,0.0016544635994361206,0.0013918577854520608,0.005997321042485057,0.00012514707551826432
0.001256947779982226,0.00029916312069297457,0.002870468887942318,0.0013981056874105835,0.006937211350511049,0.0029567168400400565,0.0028352529996956907,0.0031943703872435933,0.0028635874857744353,0.006268983250071851,0.003920552472923694,2.804453962529374e-07,0.004057863737303213,0.003508046087868248,0.0005129122589260862,0.0019566085237400777
0.0017745234252803596,0.005316691741694107,8.67899051497506e-05,0.0005483370597653484,0.0008899156936810412,1.8445461748131664e-05,2.1287632206185014e-05,4.762976189204293e-06,1.6956918329022463e-05,0.0016732927105476136,4.6686790415265134e-05,0.0072491039955549785,1.1305038440358184e-05,1.1435550522582993e-05,0.013464789685319264,0.0002768919789273572
0.0013957560779819175,0.00015239651912152957,0.0032006848078019734,0.002034859023812313,0.006980213563744647,0.0038517565103849266,0.003947363218910593,0.003919169545286719,0.004157924963502785,0.006295082511662789,0.004793546291667061,0.00016473337248383568,0.004653395850798006,0.004196278089626443,8.14408994236071e-06,0.0028990264905618124
0.0014715720719448572,0.006562195690585984,4.888494855635056e-05,0.0008372575428668358,0.0011280454462353068,7.568605566485309e-06,1.7080986901223116e-05,1.7182768565146556e-06,6.346035318700871e-05,0.0024804770099069937,0.00018916515237293874,0.0038977422109369303,0.00028745810302041597,0.00013907961575215094,0.005435995412570199,6.510301465647433e-05
0.0009348224847030018,3.6982289136899826e-06,0.0030184148357390583,0.001893494707254674,0.006540661881763554,0.0036211461313876425,0.003709083170727219,0.00331805847597557,0.0038293998247496547,0.006255573166132095,0.00469710656055744,4.365592930029999e-05,0.0048914964291476015,0.004105992494245599,2.7220712783736223e-05,0.0028201736477678485
6.9787582291779e-05,0.0008682998279207557,0.0015766966612570238,0.00036494327687244116,0.0046357748559988435,0.0024318250639599956,0.002598841709701788,0.0019977261979583077,0.0029714985614767986,0.005019450755179816,0.0035114420488036174,0.00045943115277364416,0.003260191362353143,0.00249107602462717,0.000302076762753109,0.001805793121573654
0.002236825098526074,0.009310450978642956,4.79052962432322e-05,0.00014380849690719816,0.0011384950952905704,2.1807764764729398e-05,5.898317480128312e-05,1.75780875064091e-08,8.301889305217802e-05,0.001960350771811302,0.00044540537794372087,0.005964645067141505,0.0002789842800800732,3.966598780813513e-05,0.006610515521533522,1.8240121814332155e-05
0.0007505231189655973,3.5919120652157244e-05,0.0033473675656906093,0.0024041649373200275,0.006523824419555235,0.002198118348535151,0.002602170170181148,0.0024718952297168306,0.0027711935024329268,0.006165230575154272,0.004063324651737851,5.231579170567047e-07,0.003842439434689357,0.0026725511271537897,0.0007578453811983923,0.0014778997636606672
2.8947649739048675e-05,0.0010947983233394187,0.0016196895175449103,0.0010879586901618235,0.003589278093248195,0.0002596466124720892,0.0005265974815070254,0.00044141666094398707,0.00048634788721932387,0.0035936885094281362,0.0016028774053744033,0.0011304285304825287,0.001240154540960936,0.0004459766131905338,0.005908158825608731,9.625342523180563e-05
0.0002591558085339868,0.001515854133368147,0.0008162038225464421,0.0005622601114389364,0.002735154786859026,0.0006788111648690989,0.0010599717397081349,0.0006614322255515115,0.0012118639168429285,0.0024433336987693746,0.0019893184305245434,0.0012529763106801511,0.0014063589045467673,0.0005967311914795159,0.003079040146168374,0.00047079588913127163
0.01906689816115978,0.03124632443874495,0.003648637401319807,0.0039409719706242075,0.0006353738171014922,0.0030753585595432176,0.0020904250940661714,0.0034528684872423693,0.001706873401069245,0.00010372698263093338,0.0008682586560677316,0.021717734012212053,0.0014523832835373895,0.0028929627484028664,0.027185605234187726,0.0033444229250493007
5.3063931177703416e-05,0.0008556705140720863,0.0020134721662196167,0.0015932191682943297,0.003919176299383861,0.001267255022294314,0.00196211566674169,0.0014815840918935216,0.0019470254046818833,0.003594071565735907,0.002807834962190295,0.00013643164725117563,0.0028165344978459475,0.001772115919623396,0.0007795684057714108,0.0011767242145092754
6.381660611123191e-05,0.00010803004559262197,0.003051755452285587,0.0019273105650651073,0.005655512094365087,0.0019294068772988116,0.003070665089839386,0.0023528388948847387,0.003632332651700404,0.005632469312603312,0.003779902964397855,1.274699015378633e-05,0.0040560041025031815,0.0030123913466483243,0.0004948396760505527,0.002001421372341654
0.0004127819418488707,0.00026407809545932887,0.0019035791090381837,0.0008609877194415555,0.0042400253380579095,0.000951577004482479,0.002078491300521984,0.0012218923135858817,0.001818418081025286,0.004164679690224202,0.0024026891874057016,0.00013231980334407062,0.0023715426184028054,0.0015923210912155011,0.004097555807718395,0.0010642700356275625
0.000609575180875857,0.0004991695003546751,0.0028228662987944686,0.0013338141236721168,0.005009317298916877,0.0011521353104398807,0.0022744547586761796,0.0015891197230150575,0.001973573802341609,0.005386618121460497,0.0023494304696457594,8.669318993327624e-06,0.002554931485377346,0.0015524759208807443,0.006782833150747458,0.0010115432283151343
0.003554894154841337,0.0029213260230838284,0.009162495953634428,0.009325809925707751,0.010162110182862241,0.005012251869514955,0.005774650669948825,0.005405604135045844,0.005435236251603859,0.008663198019592394,0.006386527974294634,0.0019189312655723406,0.00717588856346487,0.005397845374136845,4.0045442087355276e-07,0.004001095059374037
0.0017950289489445034,0.0011075240207123055,0.00626803393316782,0.0020102273720070465,0.008347330075205162,0.004870807855679622,0.004730916753262933,0.0045751968311334434,0.0046896984782156675,0.0070517916160951,0.00552996676153128,0.0011261828099847424,0.00591454547669,0.004162819024833175,5.289931748849591e-05,0.0029872446630687804
4.761009497894486e-07,0.0002972023750233768,0.0019805670342681186,9.242812038373627e-06,0.0036609643738338762,0.0018216017738874254,0.0013417428103642964,0.0012362384979532279,0.0010454572911457044,0.004264519981978715,0.0020487169459820626,4.7175429145340786e-05,0.0016433782522008306,0.0006337841814616982,0.0022083760924784326,0.0004466875184901825
0.00012225650282293027,0.0005858079791151438,0.0014993742478815741,3.6504239431453533e-06,0.002735269612453489,0.0009971939832538607,0.000472903404105475,0.0006578566059523283,0.00016403560517767868,0.0027328880384575385,0.0008380463663383297,0.0002121719559621954,0.0005856581116336634,2.1534895963314094e-05,0.008487313035438468,1.1473501441428002e-05
0.0001262673265543593,0.0007513291281476334,0.0014468701862175443,4.801879468732673e-06,0.0029946534199498456,0.0005559349476389475,0.00012564620688029077,0.00038303509852780776,0.00015588227957625406,0.0028138834185137337,0.00043570575039637155,0.00017900767713008997,0.0005408022524657635,7.370301156989917e-05,0.016010273169320022,2.952459449161171e-05
0.0006689526028077833,0.00011821908961921757,0.003442385312722576,0.001154546938381018,0.0066506031608426774,0.0026491492524399474,0.001879363910748319,0.0026126745969621834,0.0017460248771366746,0.004773755890253445,0.0026426313942854163,0.0005880659707254224,0.002912699232384408,0.0020797603503533713,0.010715573582085566,0.0007665309041084978
0.00016974272288796527,0.0005054373070454629,0.0005852451233418626,2.7955376490709782e-06,0.002842745059989521,0.00023582557313849006,3.6900817237263406e-05,0.00021514953328933412,3.630765663210911e-06,0.003447975694328198,0.00032594263951670616,0.0005020206789983078,0.0001283770566989223,7.96393771637649e-07,0.03758442770189749,0.00011385256372483527
0.000987956276476909,0.000986876954253424,0.0037031016901266506,0.0023789955736948573,0.006627866650236944,0.0023089739038858192,0.001793291604013196,0.0022896375160837285,0.001498768187891783,0.005862587487180146,0.002642796952791057,0.000322002249193494,0.001921075938376468,0.0012489428990524604,0.014063414492824652,0.0007326312132084484
0.0033150583182870244,0.004233044138204051,0.004672968259684454,0.0027575949225885285,0.007638247474214842,0.002352146926432444,0.0020956831372848095,0.0026130316348545388,0.0022086649283354354,0.0067407083818046415,0.002769047297303817,0.0007902912384704017,0.0028429301207762436,0.001986191238426409,0.010833022959526345,0.0005468294860576789
0.0039997729412415,0.004687468737693289,0.0061727254136978715,0.005214905408498283,0.009125561159519749,0.0031384462111121864,0.0028631791165217857,0.003725382595770224,0.0029576351066689724,0.008224507139351758,0.003716617815215449,0.0015365848056105025,0.003834649276615615,0.002424576021708494,0.006854244074784466,0.0006084385431030792
0.0070338231097222745,0.008331898724633864,0.00925961261791075,0.006549698285139391,0.012329143826325748,0.007154577039345834,0.00657775999892158,0.007576755623554275,0.006480030556303348,0.010761906558393586,0.00786553090152061,0.0034754579185501816,0.006437871911460238,0.00443916805146552,0.0016308209644076768,0.0034436148859242274
0.004990588943942734,0.005945034031002307,0.00808136012404364,0.005560701318322536,0.010634140917865353,0.0063633741469660415,0.005588907420124259,0.006347490563910929,0.005447369664456615,0.01050130368415736,0.007151427868830745,0.0018230623149566583,0.005088115415264355,0.0035460747233602707,0.0038330592904049082,0.0030902685879041977
0.001324923888569307,0.0020444459027878087,0.003732141040730691,0.0024296854653421754,0.006423096368719211,0.0018211068914447265,0.0012266294360675709,0.0019317647526859577,0.0012837750641524343,0.0057321044725079096,0.0025754800620672105,3.93177039192949e-06,0.001738232711601076,0.0009055054882496222,0.015232785776958052,9.656099015153269e-05
0.00043137651236155317,0.000713487686227185,0.0022041342304047334,0.001027028715173836,0.004967609373844981,0.0002275967073387744,5.310089548288266e-05,0.0003817669587605904,1.0221071551297367e-05,0.00469994478236084,0.0008376816077049348,0.0009909682805970751,0.0006392254664578656,0.0001503497476315202,0.02243071702698919,0.00038570065781130813
0.00328999287819913,0.0034292624637459745,0.006157187945151257,0.00502028022657882,0.009732604652035369,0.003606375876285692,0.0035398099614843,0.0037745892976789874,0.0029478142850502403,0.008295294905571675,0.004868794307139469,0.00031862912206218064,0.004222046490910562,0.0028723961273615095,0.0051550523083358085,0.001740167471872077
0.003613363220997215,0.004532598857150821,0.005576459928552692,0.004391839515127796,0.009494594044641577,0.004059599482851499,0.004541559159725053,0.0041065536869615005,0.00430253936064548,0.00878282587762623,0.005083439765518963,0.0007236799755296064,0.004563289441811724,0.0034166006613396763,0.0056509170646719675,0.002481575911506495
0.0019752256731092738,0.0023388119893580153,0.003443579232478275,0.001848270451848738,0.007462456147867905,0.0017466530822827855,0.002297749493224484,0.002192174494109897,0.0016833275854833407,0.007308069902682381,0.002382638238386456,0.00041537722791092774,0.0029511956359974598,0.0020149313153419654,0.010816707397162173,0.0005567175946240843
0.0006133471139144336,0.0012236360541268976,0.0015988807325830745,0.000615896430817206,0.004918718273417305,0.0005399602450401886,0.0007306510054873594,0.0007924441335163263,0.0003110426096434374,0.005072795165031702,0.0008707573423911777,8.469476971528778e-06,0.0015653066822531037,0.000758476867931554,0.014111367199382996,1.4738789708632072e-05
0.0006379721179695791,0.0011108004810521238,0.002123949019791148,0.0018266550039699875,0.005486522936721333,0.0022643426631311844,0.0024930983798295767,0.002093237786002289,0.0022870606356328593,0.006104308497460936,0.0027988499616247164,0.0001335568980303098,0.002876637907777514,0.001940503632957849,0.0022904417081904827,0.001249475437170633
0.0004067316730805917,0.0006263852793406272,0.0018232709755940102,0.0016107479340172898,0.005365649871458933,0.0025275769248142566,0.002877775021765748,0.0023622418927707473,0.0029375447015206474,0.0059683664186466825,0.0032192953116036635,1.6250305993760483e-05,0.0028244646957148803,0.0021624217801409565,0.0023157646250497044,0.0015450859747388954
0.0010545996947477349,0.0010992529554660832,0.0031663378793401753,0.002878265784515166,0.006979785148394514,0.0021551931781543243,0.002460227939089954,0.002573908126260835,0.002034608233449517,0.00783293493751172,0.0031388970279769834,1.768183494190584e-05,0.0032523263895269036,0.002488279637186938,0.003678393812092076,0.0010298691763258108
0.01230927816489786,0.012392995241729508,0.01577168472898175,0.015248648219093844,0.019329813121612187,0.012204979725167441,0.012383231816163374,0.013367354491908075,0.011138115222386228,0.018138502157605655,0.014109265529567993,0.007754531962495426,0.014720572439857933,0.013167912324466145,0.002293514185978132,0.009994395793548601
0.00410309585467071,0.004795867476332233,0.007334084393911443,0.00665638969284553,0.011210758801690122,0.0039609833464306216,0.004257994435681069,0.004776071656724654,0.0036542666213012637,0.009760607516134563,0.006188796546553285,0.0005114668523281338,0.005576439186938682,0.004056975453474575,0.002787696267526729,0.002337917675315798
0.005237235200774515,0.006407048352805103,0.00828445114205386,0.0067200534147252855,0.012262138026225083,0.005740991322455896,0.006323484567893112,0.006544551266601903,0.005921132209205107,0.011085205745086299,0.008168788829331697,0.0015921977428661194,0.00660484773872648,0.005501681771895056,0.0015947338553226262,0.004051513940624953
0.0001200619660470803,0.00047519569138545353,0.0018732075322715203,0.0008111573004773789,0.0049555336819967,0.0011038012735955782,0.0013218045084073954,0.0013638088742704696,0.0010573267401056755,0.005686415917957349,0.0025644464037058654,0.00014406753416951884,0.0019615922409614572,0.0013418244816238434,0.004822423146309263,0.00038740719956083247
0.00011804374400202489,1.0764695493985232e-05,0.0006941457563168357,5.2071797709316026e-05,0.0031580256995732345,0.001189264394796427,0.001270835550351554,0.0010378104627583665,0.0012079358806714735,0.0039225661132656214,0.002388174025690519,0.00031876372523945845,0.002219277166850525,0.001530114954593681,0.00038736835049973245,0.0006011189392350902
0.008208454239580068,0.007877364268164044,0.002107830176355914,0.007218378386535759,1.0087472918363094e-05,0.0002652937097878741,0.0001467349121015149,0.0004902861761647143,7.77764762687691e-05,0.0007152507852191334,5.314940863324069e-06,0.008754141280311878,2.1524476347956067e-05,0.00015986853518809574,0.008407445409921846,0.0006853440214926523
0.0014812020096900552,0.0021399048283919295,0.00018361354012564474,0.0010385579989171181,0.0008678145059129727,1.232708861306775e-06,0.0001072477501069466,4.115588298561623e-07,0.00011968896710366078,0.0021223292740964322,0.000459831346687499,0.003825735791092383,0.00010208577139506764,3.630511315620699e-05,0.009309662132616317,4.9121084898316736e-05
0.0002537878710905314,0.00027084026123370963,0.0009637149861380159,0.0003507529581036131,0.004506623578057811,0.0008478825782450433,0.0017535770925581964,0.0010864339731959313,0.0017708967486347107,0.005245054113124398,0.002574487518290612,0.00012561087496979623,0.0021334531231808895,0.0018270553801809641,0.003319807125475263,0.0005306046325570524
0.0009529322216775826,0.0015857973301919154,0.0018050722971939964,0.0013981836347166376,0.0055381812019603405,0.0010263967939077717,0.0021356665507645534,0.001397470852219862,0.001979220759086714,0.0061746483770714275,0.003125653278105392,1.680023605893366e-05,0.0032087472024331515,0.0027084043221499224,0.0012144446066878409,0.0007958984195335916
0.0017344168943514982,0.0027267006147823347,0.0032725049586382476,0.002675358576066822,0.0070402960863711755,0.002607486673790224,0.0038595847927401297,0.0029709578465540593,0.0035780932122903633,0.006982432220652687,0.004804793706578499,0.00011021167644469781,0.0044728169149233915,0.004033568120378139,0.0002903226009718096,0.0020652231412361666
0.00399239828551224,0.005385045507806219,0.003838023602876134,0.004280118916030057,0.006175786051343231,0.0026261455459009875,0.003489817483242494,0.002640102874381267,0.0032347712409138557,0.006834604986155894,0.0044076068168815985,4.340965758316273e-05,0.0034345019026951473,0.0031922515678499894,0.0004424325884683014,0.0018504114367283789
0.003590831460671698,0.005577880552324513,0.003980248753630539,0.0032575843846267133,0.006108222907350823,0.0026023527525434464,0.0030774290466861337,0.00255313246472845,0.002997190878970775,0.006389307705906677,0.0040683493084719136,9.36901352285649e-05,0.003417668540348126,0.0029888295003363263,9.941118703731683e-05,0.001531645431361875
0.005717142857802671,0.007404445096625231,0.006264425180459145,0.004055107453867439,0.008657523441532547,0.0034374262785173276,0.003527818827573803,0.0038787916874073666,0.003271720585145549,0.008462470790022589,0.004907545115854922,0.0006019203687424937,0.004764924111138026,0.00416675864118668,2.5194802163071295e-05,0.0019562719412306723
0.0049885522934705745,0.006236660356947886,0.005599770529777143,0.0031171534451311725,0.007829672450272718,0.0014903075573536248,0.0013666588503268781,0.0025450793521258064,0.0005913542472791369,0.007142587674342553,0.002312039537969393,2.7410207142621046e-05,0.002099393375839989,0.0017610777111789142,0.013221060122148826,0.00020854851609172081
0.005222359426505618,0.006673487739191866,0.006240606979760192,0.0031433222607678904,0.008777800504911226,0.00216863958457697,0.0021212460257116067,0.0033136958281181905,0.0012872209176906513,0.007746578239785758,0.0027454304673159083,0.0002926712269359852,0.0021144397012225896,0.0020427289082280697,0.0231975541297217,0.0005431294551803204
0.008906736155877535,0.008691309851052674,0.007365029896638772,0.00468310821621927,0.010600753669983254,0.003672543887705444,0.0037846777017417482,0.004660643920783698,0.0023235463022611633,0.009052085809012476,0.004355618601345562,2.9111437021417386e-07,0.004212204086021257,0.003946542360603218,0.009151730028989336,0.0016710530188880912
0.007662834998451315,0.007373668137365001,0.006531685759526555,0.004388927626103198,0.010128637239293647,0.0017632737067648507,0.0018879443485580391,0.002969965332757604,0.0004012999418679872,0.009143145631090359,0.0024940908486437985,2.0702419128222627e-05,0.003146583004669433,0.002945599672791066,0.016235235098622736,0.0001944134286939042
0.012789520920085218,0.012195409340790185,0.012115939178797115,0.009890840570527908,0.015923590101618194,0.0058107347636363535,0.0062089485357290294,0.007803696337122926,0.0039023355018057773,0.015237890115335499,0.006922473061592958,0.0045977206464590525,0.006958433153213907,0.007599899533888108,0.0018640148187645394,0.0023827734540018755
0.008230065620068568,0.00806659436350364,0.007953920454110065,0.006775915006557075,0.011950840511385893,0.004515950085449749,0.0050529073280333875,0.005666975888626878,0.00371610705145424,0.011793056418379043,0.00534692008738509,0.0030544310599873586,0.0041608041260250556,0.004658643742801914,0.009657730498957712,0.0019509511285984368
0.0059787575116557745,0.005676305734243436,0.006217700058570655,0.005726435393428417,0.01027781924034945,0.004578592824291225,0.005107121205727802,0.00551389820344432,0.00464906048604647,0.010280906570888773,0.0053547400471225665,0.002595419615386438,0.004653486508621553,0.004415078108726267,0.002360970056333768,0.002368180822871796
0.005794241493610443,0.004893979715976486,0.005254077143019731,0.004672709244240791,0.00953924264749511,0.0029819890360931814,0.00358990156615209,0.004333626761359538,0.003387749761231025,0.00920033494040512,0.003921435271080326,0.0016436716176688251,0.004101932539513395,0.003906334348834667,0.002147342675677899,0.0009317991980629936
0.0066294536817171415,0.0056655090284816745,0.006368771565147417,0.005868645788966814,0.010884278886421087,0.0033138421615952762,0.004122178506859683,0.004685876704024164,0.0036217359326376555,0.010369110694261035,0.0046483914930237485,0.002002138074930118,0.004338667033166987,0.004734636497456757,0.004325916044181144,0.00087390407429562
0.0020846642671241283,0.001282173722319535,0.002025465494861829,0.0010708237602789147,0.00627156888509512,0.0009129200935584086,0.001503880665106344,0.0012586636686346547,0.001323317430022064,0.006422603791518773,0.0020995501098686545,9.597493273803825e-06,0.0009582354610136248,0.0011778207296576637,0.01760968472187263,9.755941217867714e-07
0.00451119025116193,0.0032915910447496866,0.004812236271060921,0.00342916300810487,0.009717850984637781,0.00303388433221409,0.0038770839659140466,0.003723127809063545,0.0035656480358995032,0.008450358783910386,0.005132301502356523,0.0010744924995152033,0.0033852772589015173,0.003328736117236941,0.008743100274265739,0.0008717622638101663
0.003660068418208026,0.0028712514310762632,0.004199587179619421,0.003118826098733936,0.009039182190110531,0.0010843799401253768,0.0013404051755640939,0.002542032516089046,0.0007965421639964249,0.008014576740698082,0.002867966142965417,0.0005003157023560495,0.002022651901146748,0.0022465613606843376,0.02043956403083852,0.00017551341633710582
0.0035066304381867336,0.0025768621544324244,0.004152948075261023,0.002911807028205572,0.008981869594152609,0.0014150976372498542,0.0011484535366195897,0.0027996121970655374,0.0004907813457245974,0.007924503513893968,0.002749743574770598,0.00045444341368955365,0.0019077084338131045,0.002578011446822598,0.020965285675023926,8.205491951737004e-05
0.002881009013219922,0.0026172679618937517,0.0034350391967519697,0.002159852165502227,0.008234155992583939,0.003010291431444309,0.002468054666743019,0.0033601451914064273,0.0019910213127578777,0.008101326154488879,0.003983590587242958,0.00018567976537437608,0.00255312741400561,0.002745884693195068,0.006079689888809928,0.0006888758947393436
0.002094679703787808,0.0015060993169064424,0.0035021524630918927,0.0021220510618185917,0.007753007278523322,0.003364229436038861,0.0024937661436310737,0.003236038245793618,0.0024421204084352985,0.008103264296241877,0.004114567397976263,1.7406155803506573e-07,0.0029015335860394093,0.002675712172790279,0.0024642502763151247,0.0010983522812897314
0.01129642278011242,0.010081763134209939,0.013198493675325638,0.01162588970914714,0.01759999668318937,0.012109832795378674,0.01031117039523357,0.012344504769477772,0.010554302850779244,0.017458048623231012,0.012656280856608595,0.005204018862117354,0.012272736064431883,0.012666742169627685,0.001568560859501994,0.008348877269337925
0.003042591262028743,0.0022106812135587114,0.00510024988615182,0.0038832780106196757,0.009609550404175986,0.003957213184370256,0.0023768626315202324,0.004410654369482292,0.0023770607382279166,0.009679087290255791,0.004199807024832983,7.362907168559363e-06,0.004074497429741794,0.00497091353607465,0.001606196585224949,0.0013066984120746333
0.0027740988471146033,0.001427432654912103,0.0038999280015406673,0.002806653778368931,0.0082057030686018,0.0037179528063705225,0.0026597362735422334,0.0038961431192488516,0.002668232110233565,0.00850205815004075,0.0038744684681206454,0.00022430217330866864,0.0032981078612419057,0.0036460256208145567,0.0009370430527487067,0.0016499110163131422
0.0012733989714075813,0.0003611876081010684,0.0026211744923039584,0.0015945909836889566,0.006587578059480917,0.002059958779845411,0.0014861805454133292,0.0020924421367621987,0.001596960944016887,0.006712969657330606,0.002222461876697064,0.0015093746291840668,0.0019479209694479235,0.0019799143719810425,0.0036018046805703086,0.0006120176865263283
0.0017854048511510012,0.0005726212883201409,0.003552462841969549,0.0022178936026072613,0.007823082652080142,0.0013812323163590323,0.0009156825249973383,0.0016445469172929467,0.0007524398050524905,0.007420729948171924,0.001388537970222481,0.00037127862307658605,0.0020320388781142895,0.002446533034599574,0.013609439123115963,3.860329438729049e-05
0.0005719562192675193,1.4490925959176337e-08,0.0017533383953176468,0.00032684381422012215,0.006071283102596525,0.0004369280251802568,0.00028073824149709575,0.0006469075288443246,0.00024181201672548308,0.006006669544536693,0.0004860359273295145,0.0009463794542247939,0.0010585838939520878,0.0013579001853836065,0.038839456316275556,0.0001851587944834976
0.0015884584019592168,0.0005458935374668683,0.003445988992975907,0.0021567515734431802,0.008045399055390832,0.0038458938109201535,0.003644432265323065,0.00373498942851945,0.0036239116497573803,0.008190919149427316,0.0042528903909708,4.0549824766450415e-06,0.0040333529989728945,0.003671521619086675,0.0029727908075480314,0.0019853436418405326
0.0001159509581871998,0.0004203858265878421,0.00010948417715360426,1.1575911236516578e-08,0.002625413302152116,0.0006323160970191088,0.0004934714917828389,0.0005816346561888092,0.0005210815559914608,0.00385196702958554,0.0009002504622309532,0.004151155289505146,0.000505037363580485,0.000344688796418649,0.009930586557320514,1.704332527165814e-05
0.0025986086003293024,0.002100901952003985,0.004796116156804087,0.004726131139337383,0.009400999164055103,0.0039147230883703615,0.003557136929805804,0.004588901468194545,0.0033097264201883136,0.009175110811025223,0.004625028334777542,0.00029476034643434457,0.004167701261366313,0.004603284255845726,0.0033916875122746576,0.0016043382339159945
0.0035945100831485735,0.002783182332735598,0.006175561049706249,0.005399317541123147,0.010936709385428567,0.0033244048934938653,0.003043212593892647,0.004273550357357769,0.0022426099619572842,0.0104734768562154,0.004276427337062613,0.0005405581105053237,0.004130284299999731,0.004416639423720961,0.00984803959386274,0.0008287414201318608
0.0016574575970711852,0.0008069601277495148,0.004574274109897747,0.0038044647532674003,0.008756240165991674,0.003171637992669646,0.0028559141371880953,0.0029387964256348126,0.0026459192904958323,0.008182749874769732,0.004146575989087131,4.4106867043439135e-05,0.00346826475795943,0.0026550197966002734,0.003291541810144072,0.0013931578947159323
0.00022832182596384254,4.255224600906854e-05,0.0021573726979596947,0.0013440815739746703,0.005887465961489952,0.0013355299926983283,0.0010607175740105779,0.0011925033215687691,0.0012175435193611944,0.005372268459001815,0.0019958503593806368,0.001938298809601495,0.0014472896548936992,0.0008705053387211559,0.014069071766845812,0.00024273663956898145
0.001453090414626726,0.0013979727979434517,0.004339503236957698,0.0022100875666614256,0.007858496768253856,0.0006379543183594183,0.00040368460351265095,0.0016175149038581901,0.0003278431702361667,0.006469673010853411,0.0012381977387233983,0.0002476996450292909,0.0013640143370499194,0.0011405455923124558,0.027945352299481196,7.354412623619688e-05
0.0006436150517807812,0.0010056995648464531,0.0023712349752568404,0.0032022448261141423,0.006012544785637099,0.00014227385222104205,9.083540775903926e-05,0.0009279432437683116,9.843983543240953e-05,0.004473453761360893,0.00047947214299238344,0.00035746510155426625,0.0008728620424270084,0.0004423332104063968,0.03652928232133412,0.0003258930082872674
0.0005385283635263166,0.0004951281455707404,0.0013933754515432495,0.0022092676696762598,0.004851095118442554,0.0015323606580574037,0.001397685101375494,0.0015898248738171541,0.0015089473366945438,0.004856850409112087,0.002071737004870622,9.018727483063593e-05,0.0020314006308266644,0.0011904989544794728,0.0023465725503591453,0.0007491565948882437
6.544217794332563e-05,3.1250146030281645e-05,9.418786688517727e-05,0.0004398278098831296,0.0021982070736960985,0.00045867301070964817,0.0003724460467116539,0.00034930806909498624,0.00042356215189650465,0.0025875267253808454,0.0007057966858240172,0.0011986594108722992,0.00057411922974758,0.0003389428164491601,0.007057497023802192,9.951347658324755e-05
0.001198236048286186,0.002037859273868778,0.001338898333163821,0.002276923546366119,0.004524687006126835,0.0014578538208971092,0.0013222401910848239,0.0015362867113626333,0.001490597554908206,0.004366731634591309,0.0019651945222094805,7.388283129986656e-05,0.0021544627244451386,0.0021554264103230414,0.0038357312385018383,0.0007483651840895778
0.00029690752460940356,1.1209171135666274e-05,0.00017406843711373354,0.0012497583143068758,0.0009383765258897114,1.8654564631445658e-05,6.601532190265991e-06,6.752483412579557e-06,1.5209499298708684e-05,0.0014731084084209436,0.00020223982214039038,0.005554015030533904,0.00033637187067762225,0.0001272270448202245,0.005077525111096423,5.6926127594149334e-05
0.0007676057928602403,0.001848037465634833,0.0012702184316394222,0.0006604802771630613,0.004585730817200873,0.0022704019410822868,0.0021286169513750133,0.0020406060368775986,0.002432745226289945,0.004716317665064508,0.0034117145066802704,0.000422283363439413,0.0032258123589510163,0.0020485586721174787,4.449290596021671e-05,0.0015088073171751898
0.00022303187768625554,0.0007210763477838861,0.0010221186132689103,0.0003654211202648999,0.00386525104887267,0.00020481027259441897,0.00016791586544512294,0.0004362286870333437,0.0003225237885389337,0.0038006677607909933,0.0010731925426874858,0.0012260293340448092,0.0005953780638981374,0.0001720748537886868,0.01324861860510762,9.247417778746048e-06
0.00012948911902686128,0.00038053370892132676,0.0013439888316404275,0.0009184650578109785,0.0038756961462150102,0.0003247443333490585,0.0002403081123404857,0.00042356685279483497,0.00035314578386261286,0.0033012090438274827,0.0012888319434492118,0.00029237847649397214,0.0009305670362356883,0.0006163552480854123,0.007290005216248896,1.2236494010262056e-05
0.0015444981572762043,0.0004312129479247251,0.0005139953321406029,0.0019651620340756307,0.0001777393292615448,8.217539595171269e-05,1.967742652238258e-05,1.4733160696618619e-05,0.00015394891129522775,0.0006041834697798135,0.0004778682026475231,0.0037992884281036893,0.00039419369251274955,0.0001064924238797782,0.0015650240344415658,7.903443107838692e-06
0.01857514217941894,0.010894363286207173,0.008442234059919715,0.020116838673734525,0.003043388031152769,0.001601254800147188,0.002205199885305438,0.003321179095322452,0.001357452808512384,2.9328869865015428e-05,0.000639104803782535,0.022414841597133653,0.0009128498683525846,0.001758660311629058,0.009310684017349927,0.001945944486770608
0.0034220288376943797,0.0009729781548525676,0.0005546065206760986,0.0009833082323810194,4.6518692701107145e-05,2.1764960530940014e-06,2.2754041933019387e-05,3.610495330042679e-05,9.499979483157395e-06,0.0003539586101151265,0.00015901382113586715,0.006851977395838163,3.830051334727247e-05,7.684859153346546e-06,0.004810424619627177,2.7245090683351847e-05
0.0010181363103347468,0.0007434330443999299,0.000735618176091711,0.0003504016344520397,0.0025166670039833833,0.0003585681902283436,0.00046024551577798084,0.0004989670456952908,0.0005529986643501225,0.002753320293249338,0.0012775480413314,0.0011699148596503312,0.0010241486275873596,0.0008172097432318781,0.0027514328068746347,0.00026899943243591934
0.0018569903604577775,0.0021835679657906393,0.0012754207721619795,0.0008134873831927361,0.0032939435309459753,9.758584456878716e-05,0.00030276426866561457,0.00033125135025290076,0.00039184903376653785,0.0023900542219468662,0.0009697085026537239,0.0016592387353937116,0.001088318383726035,0.00023621516213098714,0.0038354635787250235,5.14038023714386e-05
0.007842481989880648,0.00930938332544929,0.0062469459655627654,0.0072493372045172935,0.008162377176279156,0.0015757698940603582,0.0019223554539824564,0.0026917406270952488,0.0025281846970701127,0.006936710896878265,0.0036754325379591488,9.690426602065871e-05,0.0037093159448835372,0.0019016195533720776,0.004283028281049345,0.0012975578546103525
0.005607136703623644,0.007062827140747033,0.006712209509106448,0.00718640529387659,0.007035141586913707,0.0019231628229847697,0.0017690249412680298,0.002608487543971097,0.0019402538302072947,0.005657066769022431,0.003531424874865255,0.00016096085838229746,0.0029659637028223995,0.0022078165809172254,0.00233600144283385,0.0013388743772808492
0.004190499669223961,0.006050620878340483,0.005593571711825278,0.0033184575240587863,0.006266592211621874,0.003663320335247716,0.003613253948775319,0.003581461612099962,0.0046784847277071065,0.005848311685127124,0.0050926272305829995,4.7003977014827e-05,0.004504750710072121,0.00372526142667598,0.00022273813202854098,0.0031462894004182576
8.919500000431624e-05,1.1124647916332941e-06,4.319206051486141e-05,0.003022757443349497,5.788601757386602e-06,0.0011881261983097344,0.001019821959767006,0.000973045880193639,0.0005510325948770503,0.0004029129828980321,0.0002129753417530536,0.011590590807949705,0.0003157019076494294,0.0016558126947893367,0.01110303834355654,0.0016162722745084596
0.004520127017057722,0.005207210864231725,0.00552330319359607,0.0012234845477682998,0.006057474213617839,0.0005158480910305852,0.0005461004021814625,0.0014847300033761085,0.0003415785185537437,0.003949429765873841,0.0014253839037104143,5.872013180072133e-07,0.0015363739643633467,0.00013306278455725573,0.005598513235357316,0.00010159618233853557
0.0022891001245050613,0.002662724096159433,0.0030232912840969656,5.0600908481662765e-05,0.004191819305104594,8.498733509670203e-05,2.978886399662012e-05,5.8066297870834616e-05,2.902713520359923e-06,0.0019391934056700172,6.153467115996986e-05,0.0005339707752567563,7.917446265684469e-05,0.00010045184255411815,0.051633154785313246,0.0007737058865355459
0.000943238580688191,0.0006464294552074312,0.0002517376899367138,0.0005599306555164052,0.0014941988376102472,0.00015195694796564518,3.575587936086727e-05,0.00013481728273331828,1.8971728393685217e-05,0.000691592018865976,2.418483610974742e-05,0.003683000170354958,1.1462764451367069e-05,0.0002735299759565324,0.017941158035007163,0.0005514405234666661
0.0012108533048801468,0.00130611735545514,0.00036770191763208643,4.7383830020786277e-07,0.002100597030396785,0.00021745009820701988,0.00011233054819401178,8.59585032335422e-05,0.0001316689243700958,0.001959654014635756,0.0008804527773965398,0.0020918231608428317,0.00069663434449347,1.777462628383547e-05,0.003246966444027652,2.1327922306857428e-05
0.0018794527510774817,0.0027938438582766276,0.0008357130079790775,0.0001536978637899991,0.002009459645286725,3.526595381898867e-05,0.0002701475213493787,1.8888887791945752e-06,0.0005334251479259533,0.0015413644546403288,0.00046865577540216447,0.0007713390303754203,0.00014333058630455753,9.204928757042263e-06,0.0051952989354746015,0.00019473128417030194
0.0031686683738809257,0.0040850222889127,0.0017292222822539727,0.004622948540480676,0.003989640231216451,0.0002778287275339436,0.00012391716089009408,0.00023820235786331523,4.20797164732839e-05,0.002542292592276861,0.0009933190936387976,0.00022628986214179303,0.00021366473717877865,8.019649574576154e-05,0.01014141433161797,0.0001911621730129251
0.007035678418780687,0.008924446067504942,0.005671922313122045,0.009238611472982276,0.008232388326175233,0.0034650066760045645,0.0015228572136062948,0.0033196188932751378,0.001697300606538818,0.006507497133208015,0.00490088041413219,0.0025368168702613533,0.003049041255877072,0.0014832041172062882,0.0016318973354716784,0.0014099098891439885
0.00564008860159447,0.008195664076203521,0.004787956340221833,0.008338313358893401,0.006477028492115268,0.00395905544660536,0.0016314868238277852,0.003314866010802442,0.0019202764921946794,0.004707746173989863,0.004736473734486123,0.0005743116307985532,0.0036141524999130925,0.0013147413257984866,3.237619950080539e-06,0.0018268698050032187
0.004729535497375238,0.007577764009717797,0.004661449063794523,0.007964562774435177,0.006445267828692994,0.00402514049948538,0.0013078474320736555,0.003063590509662012,0.0026084587753654534,0.0039222219230663005,0.00464670402656292,3.414949174716797e-05,0.003990012170937016,0.002765319241955777,0.0001374280774121897,0.0018243857144707165
0.0004926739586213411,0.0025761071432127275,0.00040036943967644567,2.457046191670087e-05,0.0015577127142892971,1.9746910801247963e-05,0.0014946890656317852,1.1660519010046888e-05,0.0005030234848152071,0.0006243715372495559,0.00017550188769802078,0.006914771295229646,1.309619763323333e-05,4.386789631855015e-05,0.0066213313528394185,0.000982210020127272
0.00041709334162414596,0.002202481632721187,0.0005019674286201314,8.662133001164501e-05,0.0017262949228568497,0.00020862261032865426,0.00046345562472918655,4.922849152287634e-06,1.9521586896352472e-05,0.0008305893794118002,0.0006435356050904506,0.006786890204756896,0.00012873232818206432,0.00012488422308952474,0.0026982492318570472,9.427900958405844e-05
0.00038699694752229036,1.8113129666950945e-05,0.0007343307549067743,0.006579789042780629,1.739842661017954e-06,0.00041613011089164376,0.0029188493534081233,0.0014935108172229664,0.000982769185996546,8.77932910205853e-06,4.933001629089245e-05,0.014443688743582025,0.0003847989453558409,0.0017219875067065807,0.007630744154435654,0.0015627288976729006
0.006378409770785326,0.007803855432520601,0.0048881874937397665,0.001970840705648645,0.007652535908378215,0.004805016586229095,0.0028002449937546137,0.004003217501600376,0.004210062463421406,0.004419078153928398,0.006052983952940363,0.0011473493877227486,0.005743484125148038,0.005196084378877482,0.0007585882564117713,0.0034769553388752997
0.0006804183161026253,9.92012661877456e-06,0.0021498480999981306,0.0067700441198611655,0.00010631586526067133,0.0005113594996474236,0.0013469535023312579,0.0012363910152510676,0.0003766885673854581,2.8235541681215226e-05,5.3498003572724495e-05,0.010739657035262792,6.762406836217233e-05,0.0002009255632596449,0.005945488745269012,0.0009895856277735843
0.009887225475111672,0.003635260562004819,0.013745127438243215,0.01631273148341776,0.005711238250157305,0.0016012289245240924,0.0023253743936985857,0.004736394586825163,0.00099610418424681,0.0003767604303086536,0.0005994481205509536,0.03559086718889912,0.0009133462287753136,0.001989089116942039,0.005903963031228587,0.0018133655539711371
5.694617523990808e-07,0.00044956891907543123,9.908184437759648e-05,0.00042698098152365443,0.0002683080615221087,0.0013920355242422605,0.001101650246693217,0.00030603737504775186,0.002188676902567979,0.0007317553587766756,0.002487341584803758,0.0035121176235226315,0.0020501251691837363,0.0013606167420809959,0.00028571115016558235,0.0013353012980219028
4.982328714615847e-05,0.0011208666892758984,4.687666921299183e-12,0.00010165393637766307,0.00023441689579614677,0.0001981840607044802,0.0002339831621162372,0.000529963403739328,1.864518229074963e-06,0.00039607222724259705,0.00020755586451106506,0.00588691904535632,0.00011793862166083885,5.040857775835683e-05,0.0015650848384075947,0.00017319622786100136
0.00013696388317821495,0.0012529248394391318,2.9734649366612576e-05,0.0005964790909420495,0.0007354179511824543,4.755383135634367e-05,8.310457269983251e-07,0.00011579234018157386,0.00011190912313002732,0.0007495997650079494,0.0005742807731957816,0.004096268037539277,0.00044831614710566514,0.00016386460587844431,0.0008439423008209657,2.287515048000205e-05
7.987630058434864e-05,0.0010284565548949812,0.0003275988591963652,0.000642157989462537,8.854988290300791e-05,4.626946007186411e-05,2.197754562115184e-05,0.0005946197105120635,1.4575650896103687e-06,3.001603953305121e-05,0.0003210896880465469,0.011247561800001332,6.579182464518107e-05,9.13417178838305e-05,0.0008573765756548848,2.578214469229484e-05
1.7153752388573973e-05,0.00103755793195838,1.6972526828536172e-05,0.0001059104275054415,2.07346208307424e-05,0.0003840940060133094,0.00040849722679772715,0.000868756851852337,0.00014197284919929137,4.0455608766636064e-05,9.62581422483122e-05,0.012724389595184071,3.293682949272181e-05,0.0005501488731992424,0.0026090989096154843,0.0004467789356578447
0.001027117415244451,0.002821058963001208,0.0011987074705988587,0.0011838308970147926,0.0013289968773388464,0.0007939251658097696,0.0005363976756503422,0.00018286874510487633,2.3109454614443636e-05,0.0005819070201622534,0.0002975276156967563,0.006872478039701313,1.8507898563849268e-05,8.565898237875014e-07,0.005660118880550152,0.000623138006035466
0.0008981762538678717,0.003125981374986417,0.0012725657498059845,0.0012487185578690385,0.0012929790529546958,0.00012764613088990517,7.4783147277796e-05,6.684794333683408e-05,0.00020435242151114336,0.0004831148875215491,0.0004931782026186618,0.006437733661772749,0.0002821719414185589,1.4687072898339482e-05,0.0016235617485759121,3.773781511785812e-05
0.001959592375914712,0.004463160312864645,0.0033534854533902175,0.0023652300019193218,0.002951395846224364,0.0006306560273194872,0.0004723674342799189,0.0006474165838962348,0.0009177298934364558,0.002332837768738022,0.001993255272004127,0.002307050075790844,0.0015958226842396755,0.0002507645981145515,4.203761869205763e-05,0.0007672084176832544
0.006869424142691753,0.010292155942002515,0.007612282491442683,0.0066413985793864205,0.007052717680818388,0.00042031187125259745,0.00013777783461820653,0.0017543997407705042,0.001164480437097215,0.0020724710201341784,0.0022033612187498247,0.0005538872153173571,0.0016144309044699365,0.0006496856783086979,0.008920479220021288,0.0005214722207984995
0.0005102832603032792,0.002427602726808191,0.000821534246097419,6.425088783790223e-07,0.000784258919562783,0.0037009379198204295,0.007161077557321607,0.0010165028207838114,0.008286276956482222,0.0001878015690580867,0.0009285322047548339,0.010602521183722902,0.0006959437988828532,0.0010147990825106201,0.025829920716021887,0.004474546797496148
0.003459903915452922,0.005731236844905951,0.0036277101896333708,0.0005327255925478072,0.003954413128278128,0.002327272124186257,0.0015398677528752486,0.0015818227070353436,0.0018895112927621305,0.0029843411744217355,0.0034653984916320907,1.0108694476901325e-06,0.0038741620004403704,0.00264940239707033,0.0010277695637853773,0.002222522702486504
0.005926589076413719,0.008801798751399942,0.006528803835594642,0.0013632026160438765,0.006898725841711195,0.005594810572852667,0.0048884746017527,0.004449280225668699,0.005915562949685434,0.003846997111376954,0.00698170442263641,0.0011289175074976066,0.006893512831219646,0.004745513724034055,0.0026275724951435597,0.005311773803432729
0.001659526982198456,0.003709784123210179,0.002249876864196275,0.0009957218468944484,0.0027448836392642215,0.0004397824424047167,7.039377651842094e-05,0.00033909997999972963,0.0004521717309648246,0.0012695915585420395,0.0011995508771973987,0.00012350731175175822,0.0007729624491929626,0.0001757531201109705,0.0023789593599222794,0.00010929306668715916
0.00326734463925403,0.005400514384928126,0.0037654315829098173,0.0024277049736070935,0.00517743691699897,0.0030094058180936967,0.0015522268260384706,0.00242438387714132,0.002349675383061141,0.0014844846253079108,0.004227940152699186,0.0011648689557408887,0.003985104723027183,0.002972764293948077,0.000365757250035445,0.0021083586366120732
0.0001937819005865815,0.0014887041665467143,0.0006147375531113386,0.00038101523337386034,0.0013310426180758866,0.0011346269560189304,0.0003667484596369397,0.0006409407885138024,0.0009923598949181725,0.0003536212553132273,0.002194487736590353,3.5549753702457387e-06,0.0022726506852304706,0.0008599643385092809,0.00014925512091485543,0.0009275633938460731
0.0038601523869559867,0.0013114936766282018,0.003842632219262024,0.0038983927980401206,0.001377110477537677,0.0015759598708375358,0.002269835068058189,0.001896842440395799,0.0005447769696311777,0.0002492083320062774,0.00026106106244343924,0.01101365071706785,0.00034375766562228655,0.0018943571690271388,0.006445068319825276,0.001274698220136608
0.00016876060428835937,2.2155017863539905e-05,0.00011384629636303906,0.001597367098229198,0.00023618262688233915,0.00031522094963881697,0.00044717661424388544,0.00022645517608517463,0.0010617816148613402,9.675714969516885e-05,0.0013532714799631904,0.0007273337357701637,0.001065763987628865,0.0006785356866799777,0.0003310896020227508,0.0006413966248317929
0.0023329534771933252,0.0006732406794610138,0.0012190460836188424,0.0030924747505063077,0.00011209393570909415,1.4787904265595175e-05,6.072018095180931e-05,5.2991582494658906e-05,0.00027743886711056875,0.00011956617468666941,0.0004222521102712623,0.001439055503838771,0.00046503163949757065,0.00018241721870950606,0.0004176936268145137,0.00011071339984794482
0.027441487877173626,0.01848104147893409,0.01923761358620238,0.03183056077248958,0.010122813827317181,0.01293966695101012,0.006774079855070503,0.010848472337846887,0.003064321030083847,0.0031704585841299676,0.0036284202195475124,0.024866038979843852,0.002744537783720316,0.005524592715986071,0.01485053164172101,0.005825104799153005
0.0004194453050570257,1.2223211972944847e-05,9.364629687187015e-05,0.001315094169853974,0.00015509789699465898,5.4597281429341615e-06,0.00044593295738070554,6.9075170872894e-05,0.0013772574594859352,0.00014848264722179538,0.0014973316531110559,0.0019673343622418696,0.0014874784587571785,0.0007527327116284149,0.0002258609770902642,0.0006818332432464852
0.005209120867905051,0.0013079598637512069,0.003302621148894097,0.0029221158901213684,0.0026237177867673434,0.0031745787945529347,0.0008450210237701539,0.0024263981453069017,0.000264895258073973,0.0001764511536978125,5.360684466029775e-05,0.015369348845239411,0.00021326713984925333,0.0005131659146546813,0.005773840245180142,0.0005742659804695849
3.185251573512016e-05,0.00033756516626082256,8.23381560968034e-05,0.0003670241591226947,0.0002712253162247269,0.00027642212650796916,0.0015421402002709222,0.0004829015643332685,0.0027056624258303547,8.059008209583551e-05,0.002676708746842643,0.0015686534837152655,0.0024934636099060298,0.0016302772421644685,4.876438774207431e-05,0.0015604655362239372
6.937858705163141e-05,0.00029558457556094764,0.00043664969927362934,1.4380153774945503e-05,0.00047362061996468474,0.0008420610986550753,0.0021078784814601154,0.0009687335962926813,0.002923366726700377,0.0004334479901432278,0.0035236312308585954,0.001508944399466347,0.0036421825779814065,0.0021134165107762545,0.0006806117564344474,0.0021680308057553457
0.010667476020119623,0.007413837913571336,0.0021897407637470057,0.003441328334045285,0.005651676293086327,0.00236892826999284,0.0015381816037443666,0.0036741665464931766,0.0011524536144110822,0.0018971633248865694,0.00019016087858860636,0.02087036326367099,0.00033080057988331413,0.0013876523496902798,0.002894953732420047,0.0011533980806177
0.0017862042946101622,0.0010253298503181754,1.1089968111076265e-05,0.00011375671977761903,4.890592654062387e-05,0.00010089695261639164,0.0002558247643703465,6.97837384072697e-07,0.0007947305106780073,0.00014057212378252443,0.0012314832846806734,0.002481715121288919,0.0007288548180052756,0.0003356282082726675,2.5733138603226124e-05,0.00035031048970424195
0.00028932295053109985,0.00013112998220142502,0.0020760506608250018,0.0016593780756713056,0.000980766310434436,0.0012724690488901264,0.001815068510890562,0.0007757532856124891,0.0019088739075422273,0.000354501665806084,0.0033819149362963735,9.53456678309747e-05,0.0030088269479293106,0.0016955251288889583,0.0005418917793879735,0.0020606394929866614
0.0007699802663043986,0.0005007853977642349,0.0031705568719888957,0.003432145535518169,0.0019772109982081343,0.0022928553205155133,0.002541532364217461,0.001587283752913407,0.00292779459305427,0.0009297710937127696,0.003959337809175095,6.365243843849122e-06,0.004803839289487369,0.0025496741394857025,0.0015884166241700304,0.0031459923951564633
0.001733384932039228,0.003963540165760074,0.0003217500350627747,0.00014007123745895383,0.0008611261861789371,0.0025005154605878682,0.002513199386731238,0.0035513622728614164,0.0013181679095600474,0.0006648236687326961,0.0009463156901301784,0.009328298884894684,0.0001734833843603789,0.0012503859631771627,0.008180185830729977,0.0011822425740167092
0.0010288221376194354,0.0008619158139901023,0.001449116507564699,0.0022436722187402364,0.00039466108488427076,0.0008965650273906958,0.0009238103074962686,0.0002551052692869177,0.0017477104719523032,0.0003363776178952754,0.0005337556480712047,0.0008517653843303982,1.1349988188628923e-05,0.0009448702071565354,0.024165038311852627,0.00027382808242056716
0.0031295786041285606,0.0031873163873684385,0.00423631377784138,0.004566452715284122,0.0030715436507755753,0.0015077037408652433,0.0012856943569179713,0.00157133280125267,0.0023513882663984895,0.002331802306925382,0.0013615057573770073,0.00041898799885643767,0.002579161786181637,0.0007610640740793248,0.00046455199452013346,0.0020141626158497183
0.0022745032697449458,0.0020250183047178794,0.00239421528354717,0.0005678680143202733,0.0019910153246584794,0.002375601960693398,0.00179518527327642,0.0015541105374429487,0.002572784231607117,0.001972865599045942,0.0017923089640975998,0.0002948134645914882,0.0036430728059774903,0.001912898495320496,0.00018071962941294123,0.0025404255232659573
0.0015326548112469252,0.0012640869219280038,0.002080678109822383,0.0003712442616821063,0.001587813993849413,0.0008420471109075595,6.122782724931469e-05,0.0005022184990509382,5.2330209553273777e-05,0.0010131932320192327,7.450541709350111e-05,6.573283903179433e-05,0.0013848263228170982,0.0002838698219153682,0.0018664151990593209,0.0003917042183683786
0.007240452209996473,0.007554958519317249,0.005836243927330759,0.003967173874502676,0.004410415452011922,0.0014416974033448077,0.00013781185564577109,0.0011564163251403525,0.0002895265630482452,0.002503167398227764,0.0005187772776724525,0.0003620897260709216,0.0011151059716898656,2.6455500717385838e-05,0.017212924956395995,0.0004059047434626095
0.002961617524883692,0.0038065608110005172,0.0015237984509798366,0.001122858931147705,0.0013743425624408168,0.00033585542041428273,1.6199848336749534e-05,3.559740553146784e-05,0.000759728032110038,0.0004183232653872798,0.00031100832102251563,0.0008930681816002942,0.0003763198079855812,0.0012090071919321835,0.01042637852300636,4.11842397871065e-06
0.004778154766018332,0.005725746968184037,0.003209150316515516,0.0023094366278698653,0.003639558771976331,0.0006879066551041604,1.0844338511062368e-06,0.00029638457188786715,0.0013096973387094826,0.002279001151656905,0.0010496293065982362,5.539955509004102e-05,0.00178819758512698,4.390659027415922e-06,0.006254126660409601,2.052674933819554e-06
0.0035481726093169047,0.004261571649619919,0.0028721644469290944,0.0017953081429811918,0.0030198415460752637,2.675743247311513e-06,0.00613593762372458,1.966339941060491e-06,0.0014878854519533302,0.0009295710572584728,2.535113637471692e-05,0.0001710513452331322,0.00039775129298129375,0.0005648908747414652,0.05252290163188403,0.0014802778362875274
0.004642460047537614,0.006106829884784885,0.004236290575997531,0.0028550855305547324,0.004532721477885228,0.006883981678562072,0.004858845087746894,0.004370880971767951,0.005992989291768634,0.0008426535409638974,0.007196586000065945,0.002920951191270574,0.0068209472269620125,0.004575651552794074,0.0018218606119237007,0.005878727600432163
0.06131950665210559,0.04704664103615902,0.07244921239337807,0.1260767070212927,0.056401884982727774,0.012238457154991111,0.013804019794559544,0.027475697205462862,0.009875666183898194,0.0032711963553743867,0.010106054073581144,0.0491433022009404,0.011545525357844588,0.019657195467856478,0.029669081873426206,0.01352897752515772
0.0020823420439223944,0.002922364547070719,0.0016620178307248587,0.0004917636318858346,0.002535013264349406,0.005635118351967734,0.006171458726932942,0.0033462489747331237,0.007393332740326275,0.0010454814885404312,0.007204803492794086,0.0027654395226887757,0.00707571146892437,0.0054278765239552385,0.0025748818162172477,0.005559592621236231
0.0018035791170715049,0.002682912939191956,0.0017809657654119376,0.00036860101643554355,0.0028805201141980236,0.0005957171603469535,0.0017130391455676686,0.00038122663098995313,0.0023145636260822056,0.0013640563738682998,0.0032732948868861578,0.0013883769152472636,0.002572485203790581,0.0019202156332414344,0.0009798517827498548,0.0007412099514040177
8.402174779186672e-05,4.1738146941097676e-05,1.847478021486243e-05,0.0010942422292863976,0.0001453453829186463,3.1277216365262206e-05,1.6041077572373497e-05,0.0005345318594272633,7.047388171875502e-05,0.0005086404434752334,0.0010111410759933714,0.0007360420223461867,3.5418212625815126e-05,6.073437866977588e-05,0.006039359559754806,3.841862668274576e-09
0.0013695341943278788,0.002180006993556874,0.0015747388419713945,6.695529511768772e-05,0.002922462288522776,0.003234546615991582,0.002230607966805659,0.0019503406241133947,0.0032303085817797506,0.0016725212366687642,0.005848571872228987,2.273939174467221e-05,0.0032739103959315632,0.0014836141859052021,2.021958376714761e-05,0.0032298927966203095
0.0009438500110355366,0.0018209317372820943,0.0034780161205402033,0.000616124981098011,0.000735445144694015,3.163230875298517e-06,0.005343749004126125,0.00024821785420219705,0.006603783281822137,0.00019028732510185942,0.0005319734210600738,0.0039818907192940844,2.6412610727305497e-05,0.00045409300601425423,0.0011746565559926508,6.161286137286448e-05
0.006401399729926677,0.008164462122425525,0.008052322279907778,0.017901920369246295,0.007170586986658983,0.006524633128877896,0.0034698843979869415,0.004889335596304556,0.006744010300888767,0.004073030317126018,0.007518879042573687,0.000996674466954811,0.007741075535405345,0.006816441653216418,0.004538712415729548,0.00555489821436328
6.689115154472763e-05,3.8785524653563164e-05,0.00011976492876755035,0.007627172235841639,1.907320391684314e-05,0.0007972070053601024,0.00030516454057527564,2.369580301635199e-06,0.0006140317109818438,0.0007543854881206999,0.0010314403933462946,0.003784049747382154,0.0010187907829738649,0.00039673700908288145,6.926503917023541e-07,0.0005800004083072047
0.000998039448975259,0.0017770987931275961,0.002849372283568699,0.012328164117196096,0.0009255041422368965,0.0021263997427303644,0.001233180552057879,0.0008152838827373554,0.0009575095853161589,0.0002046795764912776,0.001322575858438521,0.0008339571678688679,0.0019737752803152334,6.337284613279481e-05,9.304633558768899e-05,0.0011344121658225653
0.00407334711519107,0.0058279823775203715,0.006809366773832523,0.017169761269194308,0.005664793378283309,0.001625620660445054,0.0004384551553056268,0.0009257620400686256,0.0032413481431255303,0.0009372424078841618,0.0007213839766050251,0.00019275224305965316,0.0032945617443150207,0.0013251946653152075,0.000612811502451821,0.0007377700674253904
0.003750087991902476,0.004504670255904675,0.0028559869383125366,0.0030238244401701725,0.0036178082843316695,0.0005449708988646967,0.0001953770835623897,0.00019245175165510248,9.067258482910179e-05,0.00011140794831532991,0.00019630725689455397,0.0009212299608997165,0.002920255978517819,0.0021365247126683973,0.000262227015810676,0.00038709057301868077
0.0018749399297635916,0.0024718079979741403,0.0013276831165312253,0.0033284072520939484,0.002311432118402734,0.0019951970529855506,0.0017443126995466754,0.0006993110223950869,0.002222388034894454,0.00464935153384656,0.0017210517657139934,0.00039079378782198165,0.0032607832885644047,0.0018989905913191218,0.00013822724853338603,0.002343371272590003
0.0007274018092840034,0.0010680573756702838,0.0015171770084718567,0.004175552718730324,0.0017140607332373353,0.001533938881840946,0.001964245021217663,0.0004426340775635501,0.0027493476525471683,0.0019362706815598402,0.0015662106597867098,3.6037559795608354e-05,0.0023151611456771193,0.0011110777301643338,2.7383255983455534e-05,0.0019373723267656628
0.002651909816809281,0.0029507273450240096,0.003972761123802598,0.005308438034065138,0.004731558997460597,0.0032984833716214607,0.0042653212909727345,0.0020072402020481633,0.004903389170641648,0.005365551835138246,0.003289289652281764,0.003104432127848944,0.0050444949703546405,0.00433107272577174,0.0007281910382266263,0.003114391781963502
0.001134478661120021,0.0020832883083934037,0.001572698468492964,0.002140350263100846,0.002588673911997026,0.0008964901591988969,0.0015391694862511712,0.0005191642306486485,0.002151515535915763,0.0017945210040207146,0.0017466449069370588,0.0019333958699882248,0.0025960811250101135,0.002074415697176868,2.107513422753421e-05,0.0006724324584425623
0.0017512955715887277,0.0033320847202124373,0.0012384866047055049,0.00044752888344747055,0.0021428836222854575,0.000791230104211206,0.001371082961549079,0.0007742770963284282,0.0017371799304682911,0.002071314436449659,0.0027742891255509994,0.0003695436434661553,0.001527226185479999,0.0002938253477321115,0.0003281525428535173,0.0004710291784504328
0.0003360630746717247,0.0013052829271012686,0.0004610948979141688,9.98987830799769e-06,0.0010348240664471847,1.175175801229611e-05,8.539216501599056e-05,3.829317390388609e-06,0.0003169988910317681,0.0020979235080352404,0.001794766325359562,0.002606423450867451,1.4516518137504264e-05,0.0004906793244878749,0.0061312028517392925,7.550361447353215e-05
0.004490044935669679,0.006233991329199211,0.005093571916220167,0.00421206096956446,0.006752507778351076,9.590902820183489e-06,0.00011386658575335967,0.00022983399626934353,0.00013753726092690516,0.004253542076451511,0.004853388766322124,7.621451618047836e-05,0.0009071560247759791,0.0007463673206083293,0.005852039653303873,0.0008465991566066269
0.0028154975139994404,0.004156959961040055,0.003448206622850565,0.0018446962522649518,0.005487839034724669,0.04799319864679899,0.04799319864679899,0.008016987544374438,0.04799319864679899,0.002089398660592212,0.0009527482688251876,0.0024066699826260224,0.0009562384103240576,0.0016491847277062543,0.04799319864679899,0.04799319864679899
0.0015639535785828967,0.003411178276209445,0.0020061026433132734,0.0012699522479614478,0.0035256805809666114,0.0007863998324412758,0.0018646219763645833,0.0003196315463039265,0.0029609577261318493,0.00039750399256878455,0.0023900822689894574,0.002727015702733912,5.4025741531162075e-05,0.0008446318011864004,0.025100677718252945,0.0030812749742979845
0.00024483321414003195,0.0007083079258568201,0.00017183012683469334,6.921413795990539e-07,0.0008741413389402874,0.0002459509693573947,5.903547720141622e-06,4.4105386427933935e-06,3.1980771076009495e-06,0.00163260712105244,0.0024167861929424786,0.0015338850135675555,1.6254508851031024e-05,2.3204488008812807e-05,0.0025008332114660192,1.3964370446720165e-06
3.731643512541738e-06,0.00011955158616862999,0.00010583505789976688,1.3550055678393513e-06,0.000648944855289435,1.3432586754749676e-05,0.00014072278906849395,6.353530930855444e-06,0.00014262220006434206,0.0017473586363429688,0.001470059635566498,0.0006877768621179475,2.4268200793126082e-05,0.0002619897358275697,0.0017592124086317287,0.00020082883482163555
0.0013339868164983365,0.0020401658859488525,0.0018712823541183338,0.0013836133803049044,0.003683599384514069,0.0007831049350874864,0.00015039877527239787,0.0007439773150107673,0.00021719284489288976,0.0036509330982080618,0.0037618160006406,1.6134482254820393e-06,0.002213192723469426,0.002404683556506443,0.00022653201312372584,0.00016118838736198932
0.009305547545596038,0.009931034015637712,0.010439824351318724,0.00970249357356269,0.012757506204908214,0.010768621238707553,0.008908672967365108,0.00891979205262573,0.0100878782152603,0.01461507872767629,0.014034296673565209,0.0027805627761034596,0.01187352287205598,0.0114516075656544,0.008945915985797255,0.009779948472801621
0.0009424909807141182,0.001118250594739724,0.0018247548491970161,0.0015472662810255555,0.003502865852755721,0.000993530970116327,0.00015656310353961284,0.00022260980947478443,0.001043773494651845,0.0021833495089987748,0.0031347827422576052,0.0046671028889356675,0.0009492274613190355,0.0015064804666099774,1.1197142856383957e-06,0.0005312314894109701
0.002590282738540034,0.0036709418193733717,0.0030479527810201856,0.003265470411381491,0.004693226469915698,0.0009604193036219025,0.00496159422220982,9.976897000844864e-05,0.0007271973321660019,0.006120720574177715,0.00043575311841571873,0.006688639879073449,2.346760158451755e-05,0.0009471118859216143,0.004001056864691863,0.0015348725913731723
0.004339752680824663,0.005524279096526211,0.005711126921110636,0.004834821125146237,0.0074757920295969865,0.0015536025359724898,0.0006947918641757728,0.0018286628594288978,0.0011467375211240763,0.007433423015188685,0.003960991246244383,0.00036129650163652105,0.004890725830227677,0.00556796370137877,0.002364668777488012,0.001588270575023365
0.000757036156743926,0.001453051298155962,0.0017777689918584208,0.0003244531966126313,0.0035233351992275397,0.0027049464537001605,0.0022350519558237136,0.0015721721193981963,0.0029570293395976555,0.0024826181860496954,0.0041228571253716095,0.0006846915043809965,0.004014595742079567,0.004188398569383828,0.002301144162886154,0.0026450045143990852
9.624736709304416e-06,0.0001200251614471709,0.00040926840413592347,0.00037945128773066855,0.0019192500877651814,0.0003219368524218155,0.0003116449149821038,0.00013517069265495812,0.0006484033210095441,0.002419836957905694,0.0013155865590287474,0.002929898850276405,0.00040120329514852643,0.0011058223080300453,0.0004593468187924499,0.00018236910678647716
0.0025698638606199836,0.0036757047775530377,0.004635085311287604,0.002736077786083646,0.00684369174623238,0.0005116668995879051,0.00037036465000444413,0.0013556289559286533,0.00020762542386709715,0.006691812043850165,0.002667938148396748,0.0004914731518442794,0.0012288350171232587,0.002860744260304013,0.0009379645602505468,8.841398225536978e-05
0.0031338154891782932,0.0038262513753151567,0.005429368655438319,0.003846096189110429,0.00818164909306883,0.0031501138876687818,0.002299888872135225,0.0032894109832736843,0.0031128500760182476,0.008809336469089532,0.005976853879681582,0.0013590298184274277,0.005654260649087708,0.006081602024796892,0.002323559872382419,0.002426843874728968
0.0039359846799237735,0.003838567327518555,0.004705321000798485,0.0024675070429483748,0.008203141957539108,0.004139095104732704,0.0037463258599305174,0.004177113323484506,0.005576497192247384,0.006938374126016236,0.007207445518327346,0.009706017132288941,0.005991631378960326,0.006720613409019305,0.0025378348813454438,0.0038085090860819626
0.004518146440836257,0.00530702503724946,0.005320185245675416,0.0031313193255790295,0.00852760146676261,0.0018121263484715544,0.00228177408725809,0.0029796476649211062,0.002690810022827478,0.008937136316054223,0.005255909951822672,0.023900046679353748,0.0020850851147435345,0.004511687313043446,0.00031603301500068154,0.0013607151676366183
0.0015199915868988195,0.002123344193562124,0.0031065402974944853,0.0018846676590613884,0.0054782771330098845,0.00036756277127108355,0.0008817467298478932,0.00036440470653902046,0.000481092234736559,0.006161906760828832,0.0026358160435807285,0.007041728042458659,0.0009582019780226131,0.0023802688550526307,0.0003769381185329476,0.00013923704491023564
0.006393716974393171,0.007984105941611752,0.007584744287706696,0.006710900893603565,0.010928160651679737,0.0053471132209162164,0.006445298380085604,0.0041933735206534095,0.006775095108022884,0.009012799130226352,0.008801657032104462,0.001411144556450819,0.008215810897524364,0.00864229335279973,0.0042137874371115935,0.004616659189456931
0.0044741287903554,0.005693191836292674,0.005531244588363862,0.005146832998724621,0.008974912770198684,0.0010576345005675128,0.0020973152116334215,0.001611496242371696,0.002659671675418751,0.006558697819023178,0.004802758963783113,0.0002535659233662488,0.003130875886926947,0.0038970174926006296,0.000846200664191353,0.00031980452604813553
0.0027089232948107264,0.003432967361635633,0.004121055807663317,0.0035493093990481422,0.00739389343734001,0.00042125904803272385,0.0007661325487798853,0.001404124902342041,0.0006844294107137064,0.008342262936306438,0.0030802379419025833,0.0003577307189949336,0.00017448686464189428,0.0013322391287442364,0.030578013385796604,5.655988528400352e-05
0.0050701235753980375,0.004962743456681087,0.005302551422796398,0.00442265607930073,0.00907132227267339,0.004838679841670565,0.004636299128929343,0.004451826295428993,0.004628086175727172,0.010324686179913757,0.007121645461788832,5.2391833127669873e-05,0.004529843370321779,0.005373638970297974,0.00024190222953801577,0.0030809617983296733
0.0036140560288338078,0.00373572730791652,0.004164519388153334,0.003148731083784176,0.007963027168642292,0.0022560375046372025,0.001922002261777661,0.002191312218322146,0.0023487440621794697,0.007352878632253243,0.0043035065144615,0.00045974308457956414,0.0037161432005308748,0.003724192805807533,1.3985203847349803e-05,0.0007763340269675428
0.003916299931211217,0.003775870080940949,0.004199988492184663,0.0022170755272848675,0.008449635423825132,0.0002191390708740082,0.0004258392395999691,0.00019781300959390014,0.00013036020610644045,0.007351300791680199,0.0005491154798625969,0.0051786531373817085,9.2521538298862e-05,0.0009233258952335149,0.024100619662066947,0.009862704932747143
0.004635092368619503,0.004967419107592054,0.005094783199372385,0.003091269920349249,0.009427328841212897,0.0018233599986388974,0.0013949623407643469,0.0016704877930228401,0.0006031372064891349,0.008426110737167009,0.0029898333831440485,0.0002983265330491619,0.0005721403857302659,0.0027631298633471607,0.01911665242977112,1.2609958161033386e-05
0.005758346445503888,0.006506015802249292,0.006769649545213953,0.005368121855437218,0.011069029641707875,0.007215956343595911,0.006454503670313083,0.005606382076132316,0.0059119021548411435,0.011389084103350836,0.00772143266892493,0.00133930844979184,0.006093851719571351,0.006992868595263629,9.035018815536922e-07,0.004402996932243705
0.006545126171396139,0.007333772113063894,0.007899579506812006,0.006296360147084415,0.012392494907818248,0.006251901176858851,0.004619789261398985,0.005550048203658037,0.0048050461048816245,0.011435648955572301,0.006239405493528034,0.001297803011531297,0.007067151335902917,0.006943863252325953,0.0004203309520069698,0.0023874350398436425
0.006069393110014934,0.00674351986539487,0.007748540333776026,0.0067589308621164995,0.012357150929859211,0.004826664728398419,0.0018892608227814023,0.003891238786643998,0.0009958845764052038,0.012122388994781075,0.003633760143860569,0.00044013237177915887,0.004898135423991312,0.005373252068189657,0.008411139440232557,0.00025109274700767237
0.002103545616876208,0.0023334986350738995,0.00387810032279301,0.0026227591037975284,0.00816160091133409,0.005042816638865369,0.0024811084343112355,0.0025795960896047992,0.00224799336961521,0.007834243512533333,0.00374507524494766,4.613301242388512e-05,0.003062938812905605,0.003406927853641502,0.005329038531039734,0.0016338524545403549
0.0031252278199866423,0.0030551858290553124,0.005425725844863255,0.0037378701160963312,0.009974006751982734,0.008295969055644815,0.0057087890095127575,0.005766142521255742,0.0064511078137826985,0.00940008971540526,0.007021867533197876,0.0009056214703747623,0.006477091457453996,0.005934759028532341,0.00014669608536654194,0.005191357089446409
0.0016025360775387826,0.0013216195270173564,0.0035572311273542045,0.0016432512816093939,0.008098068601644727,0.005649834235712664,0.002892524194881785,0.004266859137651513,0.0035856505283517748,0.007420662148252169,0.004079794402189467,2.715025363725365e-06,0.005181113943643921,0.004695501884081361,0.0010069536161555828,0.0028104134836156452
0.004937121959879137,0.004734959085842302,0.007351027026415949,0.005128924557627798,0.012395025558004206,0.010709646275991181,0.007817155317721473,0.008962474859990348,0.008165541312054034,0.011298286319701104,0.008714473128204774,0.0016672512054852484,0.010116972040318035,0.01043329381506726,0.0012220615748168018,0.007896543876871415
0.0005795992523375398,0.0003597620259066306,0.0020042738470771176,0.0010353840206111173,0.00653296129955179,0.005074877166712177,0.0035345125215710954,0.0032581060424279468,0.003993894961807423,0.00655339768146003,0.003533082482082367,0.00020507402016778364,0.003931723938538037,0.004004645771872553,0.0024259975712641393,0.003107807099078569
0.0009634780848331373,0.000509813673798945,0.00267936912424533,0.0018022072408336101,0.007280032535903994,0.0028478057003249874,0.002143576426370211,0.0017597206030958573,0.0031385397719246796,0.007047905189327998,0.0014638664432601867,0.00236026667534172,0.002467580732343197,0.0014392436677162501,0.030787283220443995,0.001103693644086065
9.100056556908542e-05,1.3042000597221493e-05,0.0010819960634673997,0.0005050283660391272,0.005111068547570166,0.00016564785777200414,2.109925119116174e-05,1.0793500056713312e-06,0.0004177825659881229,0.005269630368727074,0.0002852686415617117,0.011164544198585646,0.0008579089751035024,9.664386656201701e-05,0.0488930350170341,0.0005374550743718967
0.0032181807131292234,0.0018958116430816269,0.005235295708008528,0.0040280306012488165,0.010207239384281523,0.006104202167315748,0.0057077130134841475,0.004661073602933219,0.006708565204173449,0.00961946975904613,0.004176177458181156,0.00014514281223919345,0.007458290754406266,0.0060825422693782105,0.01556240284816214,0.003908209386721526
0.0021599087941096898,0.005668135405876795,0.00048444949375637397,0.0024422776552393624,0.0008582315897500137,0.000748590685808917,0.000861891218544332,0.0001793372167671614,0.001290039487148259,0.0015627430232403594,0.0002938844022114459,0.0056704047905194455,0.0007746458456987515,0.00020937059485250098,0.0231040643075473,0.0001811584253260945
0.008758532622568926,0.01316428203697749,0.0032226493778634013,0.005974565592642922,4.418914090732751e-06,0.0002224165760010624,0.0003214084633116482,1.514388982311321e-05,0.0004366568695969575,0.0006387349458838662,5.180951077235485e-05,0.00910944765150229,0.0001701820271465676,1.0262900826327193e-05,0.012492041715386412,3.2941082993911963e-06
0.013197272352380204,0.020958794942102912,0.005859688127044266,0.009542788120096887,0.0003104472395164051,4.990361713017033e-06,1.0622743734645113e-07,0.0008872425187955515,5.088897578144069e-06,0.00016449161515941224,0.00012112223155282681,0.008960836497117805,6.690806414397232e-07,0.00020943809106166444,0.01286554344280727,0.00037124713549967214
9.387838682514693e-05,0.00036117038254905587,0.00022817312632925774,2.4493983850418233e-06,0.0027500422577564076,0.0017019162922015385,0.002203539122857534,0.0004465962713887661,0.002455114509758674,0.002937400610145878,0.0013217363044838518,4.490115035572784e-05,0.0023444552098389124,0.0012299275391094294,0.009510327637987426,0.0007102228570156147
0.00041354678418550894,0.0010846371575268937,6.039742362511091e-06,0.0004772570840714252,0.0020054801408761203,7.104822768455588e-05,0.0005196389495043252,3.5266319482835096e-05,0.000707177013832945,0.0025029230970779193,6.736781234002037e-05,0.0028585057475689346,0.0003920092113865112,0.00016087265085669433,0.09616147499633221,5.4292298804638206e-05
0.0010264810289802515,0.00011405290494530262,0.002109769846485865,0.00204031134936207,0.004926409433611133,0.0016996523802476904,0.002460221083303328,0.0008373484735117176,0.0025731862804537556,0.004857807818126114,0.0017681609087768085,0.0006300447930376388,0.0026520113804302387,0.0002408872764140188,0.05230254530587214,0.0009007440531474953
0.0006381558144003471,1.4239503677015986e-05,0.001619673652456792,0.0011531352872881512,0.003323077346965103,0.0001717694061827632,0.0004286400683791644,3.532038993502712e-05,0.0004850798682220908,0.0033036397790722344,0.00022529738109574454,0.000790545221357547,0.0011009782281022618,4.6570297531765836e-05,0.07488471936418695,3.5110536064711373e-06
0.00045700225914380166,5.3695285077655364e-05,0.001609298679903448,0.00024779039938583464,0.0026256786973991933,0.0005407891636033044,4.080195428791261e-05,0.00014856055887736697,1.7655810376708547e-05,0.002442049588342446,8.055700306268399e-05,0.0007282156744536639,3.8361493309553574e-05,0.0016997385950789853,0.09202938388023202,0.001342491461611299
0.0037264989120939923,0.0021137080258616103,0.004469585640535373,0.007718625291950429,0.00623250638489873,0.002368224792919066,0.0033822086224227985,0.0025217896922213948,0.003272665449723336,0.005477571833548189,0.0034833256847319263,0.0007008789589545775,0.003172814231633646,0.0008424975254012895,0.04351804350611463,0.0019445914624911242
0.001601844831342715,0.001015327431260607,0.002693599183421852,0.005392714137988086,0.003800066489636225,0.002895037353858418,0.003322769065624065,0.002307642249489858,0.00309342405829352,0.004308851738569139,0.003837721168246322,0.00017312137773504988,0.003296892387739253,0.0013861178810775227,0.004673980908595068,0.002498234509376203
0.0034916358702464095,0.0030925371045608524,0.004974957192972841,0.007681856302736725,0.006560780982893505,0.0041402355674281105,0.004665573786848051,0.0044301262280220174,0.004916041567839584,0.005004396401666611,0.005489934234376714,0.0008043706941143619,0.0055058954881741715,0.003117041004350646,0.002808116368101937,0.0034460335506288006
0.000785556764967367,0.0009048946599349572,0.0016607266217296135,0.0036668243318181137,0.003292678267829599,0.000122413052443468,0.0005125615504647796,0.0004993297530628618,0.0006222764263628527,0.002893482438300815,0.0012573056939438401,0.0014760104969346322,0.0012931621078719757,5.7831983456567426e-05,0.05207835990535564,1.117137246742228e-05
0.000708985374909113,0.000969818926376903,0.0015412989588994355,0.0002646528477521365,0.0035289836290066795,0.0006768051868317471,0.0014763057013096811,0.0005430024313733267,0.0012519160019398567,0.003190623951406027,0.0025378410018927905,0.00038613381749122433,0.0020627572827395385,0.0002892200605541448,0.010538745099473779,0.0004338964820721769
0.0008963854655171383,0.001286840396325914,0.0018588569110452244,0.00015806503168733915,0.004374084162039382,0.0017183721833057275,0.002790188438684074,0.001139928503407786,0.002866856346302543,0.004653938012506305,0.004068758133589548,0.0006445110084907016,0.0033415777429898486,0.001288198554824982,0.0021543800699276652,0.00139921589786976
4.0062514079092226e-07,0.00018329003017444195,0.00026145768199999087,0.00017142972484717606,0.0018020042424801708,0.0002929164664315642,0.0009500760699506366,0.0002107835882658518,0.000703203087066645,0.002254465769999603,0.0018417970692035587,0.0003648973873063843,0.001412471084806681,0.0003267612140769177,0.005697016730244989,0.00017774762049830445
0.00040111651402263693,6.14111943133197e-05,8.062667543329294e-07,0.00022012291708349563,0.0009661255358031362,0.0016156695776969876,0.0021975966643258474,0.0011217426466281488,0.002019095186915801,0.001345476810287509,0.0032009793999396574,0.0005908467262650818,0.0025487017103029905,0.001482537157052162,5.8951456167320726e-05,0.00147922436556365
0.014929662752651784,0.008747219778779389,0.00935530334979276,0.013078415406784977,0.00290597581954459,0.00028226170459082905,0.00011722779896379543,0.0008026480542367501,0.00010231868644784009,2.0522996155049322e-05,1.3368967219901107e-05,0.0030452461922910318,7.167155571173589e-05,0.000446823340465613,0.00392908240561976,0.00029922743835592014
0.0013567007209196041,0.00039342902872006175,0.0002408262293734434,0.0002975228879009348,0.00026214044661178326,0.0001236691274676821,0.00043405656213001825,0.0002826945081715812,0.0006178074164671921,0.0008959806258408282,0.0014306545553486039,1.2629182422389806e-05,0.0006411332549948606,0.00023052938653802396,0.0011053985657211232,0.00017566417590975103
0.001726595559590871,0.0032337039905055986,0.0032249871670830474,0.002767026221861195,0.0060868179074637235,1.1149393237354366e-05,0.0007513998727936913,0.001987598003291763,0.0011819577720249136,0.005504358000060175,0.003118852284678064,0.000931682313180679,0.001612347397277121,0.0009746061307489146,0.012594766830347423,0.0001212517380683037
1.237115766779262e-06,0.00018735850804491722,0.000739333609453989,0.00033935355198118355,0.002456089583144236,0.025357214789543336,0.003365991569919624,0.0003152336956745855,0.004105472169051022,0.002045136459223315,4.595345754025704e-05,0.003240915811103487,0.001713908685786282,0.0029721003598699586,0.08915108701050475,0.010014624542099532
0.0034015270334595282,0.0044484018170965894,0.007124811977315973,0.005830994570932231,0.009391115931246544,0.01492457448931786,0.00012564166443782693,0.0022347265317274392,0.00018101184459359126,0.007001829861700809,0.0020234834428206755,2.6685740059394225e-05,0.00015377751274302937,4.234473435271724e-05,0.005920532021116989,0.002439012968113871
0.005059978477056484,0.00693553627735255,0.010467144295489103,0.010492650153178136,0.010821979513616669,0.015443322690650158,4.747785905895308e-06,0.0031405546484438024,0.0010299784316654265,0.008049247958940173,0.0015780464673478961,2.579214043387651e-05,0.00011795302514727019,6.856366455146312e-05,0.004270615157455804,0.015443322690650158
0.004720022414913372,0.006176375874325665,0.010270022640362773,0.009882839616316051,0.011125192778596985,0.001491187975239408,0.0032132159505710717,0.005845907337801867,0.002209361247815303,0.009252940663918345,0.005500330667655151,0.0007903190405257818,0.0038774058157931973,0.0036813346036145694,0.002498020791321165,0.00036772403210241084
0.0029211439329280067,0.004784521344044418,0.006688973212936933,0.004189918689869163,0.008067069130964985,0.0031557502262353695,0.0033195029977810264,0.0045339803765096776,0.002520198518501264,0.008018563881648469,0.0055319190304099625,0.0007252209611518026,0.00342863834715057,0.003369327625558985,4.1286297495883584e-05,0.0014507756773910405
0.0034141988718297267,0.005623047362591754,0.007791290327409245,0.005338918991246389,0.008602014654022258,0.0022607434917050057,0.0013392245414982004,0.0039004869419951987,0.00012372358725241256,0.007897740748929731,0.00419214801844589,0.0008032456161490217,0.001646561995235149,0.0012798044174843412,0.0011902922687081555,4.623251618405405e-05
0.0028524347775732983,0.004582159249156621,0.006792137349879594,0.004854287663031628,0.008483019417110146,0.0018831753938999274,0.000144188089428815,0.0029025110197141157,0.00013786524629097463,0.007120102805581854,0.003468692302714224,0.00013203639114287014,0.0018792227680461474,0.0016280887097735453,0.00011082139986168249,1.3465123375799859e-05
0.006284451279038747,0.007641121426765048,0.008519898811569962,0.005338240116941249,0.011803639470422643,0.007152422630194999,0.003326174972036265,0.006441550904498335,0.0031998913291790207,0.009520809599465836,0.008646280748062805,0.0019852008376411295,0.007301383441866968,0.007484605288876095,0.004389714714342574,0.004084204417499765
0.0026346321507775827,0.0034342426791798483,0.004178586400517832,0.0031849949868354988,0.007928202558424136,0.0015002412991602723,0.0006713990788515742,0.0010475981838602155,0.002490939935767454,0.008156127941726113,0.002924515393361346,4.89705679809424e-05,0.0010639374246011746,0.0016307389358966654,8.358791399822041e-05,3.5692220497866856e-05
0.008709614456542863,0.010437317983730321,0.009095731076250915,0.008875397655495249,0.013121659549604862,1.6752115812937451e-06,0.006533285848235509,0.0002345663457990546,0.0020039513395163702,0.011446791319864112,0.0017190671496215351,0.0016712067203870085,0.0005115782566456062,0.0001995324205349286,0.006533285848235509,0.006533285848235509
0.003607801286720433,0.004840166982806628,0.004023138283935329,0.003046081560951208,0.008335521980066832,0.0025160108870936476,0.018243846810834352,0.0007621721659238148,0.0022248678646476783,0.007071606915456427,5.246760950832624e-05,0.00011222836842966766,0.0025069616808413714,0.0007485295873957826,0.02457629809838069,0.02457629809838069
0.0035892167980793657,0.005292891860405977,0.004207598253806552,0.0033917132660793783,0.008534966383135466,0.000690700402431646,0.015976384354670595,0.00019095433521471722,0.009049755699304982,0.007461757732489194,8.290194370515896e-05,4.734779151068652e-05,0.0010581881007418747,0.00016182095349342313,0.02357586288712679,0.02357586288712679
0.0018467830116512818,0.002958587448604423,0.0024289710118313296,0.001208463575914101,0.00657775388670815,0.0051211274116537,0.012243352440057656,0.00013019083884165117,0.01141146855728832,0.005668014707053366,0.00017035794411389416,0.012746590081466433,0.030783984105768547,0.004771872849777523,0.008616485757292361,0.03610743174762546
0.0013472292073150177,0.0020394878953546858,0.002404842778283678,0.00156753740522729,0.006328474840404288,0.0003581339812627135,0.038116812694657526,0.0014782289051357075,0.038116812694657526,0.006002894360439728,0.001714812262345336,0.038116812694657526,0.00016746968430700337,0.00036117258768217364,0.038116812694657526,0.0006571877079848132
0.0002558955136160307,0.0005204566895006951,0.0009192075640556824,0.00012760012244968089,0.004543153920984103,0.0015912367256696036,0.001293552438780217,0.0013993746748507119,0.00021467398536706428,0.004463301576165472,0.0028259546408029926,0.05497803056134856,0.0013005248084912505,0.002366087539867251,5.9002169414533456e-05,0.0002597038575174043
0.0011328787017709924,0.0013190791923775036,0.0025870558605506494,0.0015694425092943054,0.006847797981413946,0.0019625150943406305,0.0012124119495249969,0.0018671810493553348,2.2756038064258854e-05,0.005471169837355572,0.003677015563281344,0.03409812170754964,0.0024244093806888717,0.004133719856808785,0.00016771745263248483,0.00026779664547726956
0.0037104076712151796,0.004676507794073144,0.003257210622508569,0.0020124074299811695,0.007682551467705599,0.003995162449387454,0.0004100841390463142,0.0027107741222514234,0.00162577110873309,0.006580179832891525,0.005693541680746608,0.028204276007582157,0.003800131354337148,0.005862450478018401,0.001076446677665835,0.0019187996908465038
0.0011986775143059958,0.0006762840081841193,0.0009952793542843397,0.003676957756447302,0.0002522575471160249,0.0010083863001664126,2.920205415245236e-05,4.753084939523866e-10,0.0004056572763658853,0.0008311143445005886,0.0014580951699791553,0.013553882830909886,0.0008445696368272609,0.0012882665945502247,0.00023224889313050445,0.0003675216079295565
2.8419127405823752e-05,0.0004013454033317196,3.6081656693068287e-06,0.00033647294360590607,0.001488627484228247,0.003891992304812582,0.002006544965725096,0.001194887953141377,0.003455363119740429,0.0026514991436569074,0.004135386860167498,0.00026228133048655095,0.00444042445597273,0.004401697325386755,0.0033674963333154492,0.0028631680747562838
2.648858545477306e-05,0.00010950329111018148,1.3404724492141473e-06,0.00015689140750486247,0.0012743415833570831,0.0029508411753810943,0.0013145081911320536,0.0005117149396168391,0.002782040499266933,0.0026117097412712564,0.002855722891154891,7.328598104963668e-05,0.003789226300994347,0.00369009475870051,0.0024972332652394083,0.0019851755517369396
0.0016969681898611685,0.000749168069714562,0.0014784224879276567,0.0031922033146509765,3.608891038342499e-05,0.0017402475010230567,0.0007237156523921331,1.9410412441196734e-05,0.0015898142439601803,0.0008228605401835523,0.001527852655526185,0.0008878183975980364,0.0017009710351191393,0.0017731575093357169,0.0006938124798734346,0.00109888046911618
0.0005759892789601526,0.0001431659392768167,0.00021723347291949247,0.0005915382147956005,0.0006499817204559596,0.00342757806630295,0.0023947744034308674,0.0010006380389300101,0.003679632400829906,0.001972982478722282,0.0032181098457136695,2.0894058429893336e-05,0.0030543256604914845,0.003123678766642865,0.0016132944801683438,0.002784683242298372
0.0008779665442105525,0.001987306746653386,0.0018357151400295868,0.001763024666481261,0.0040194750732674145,0.002350912016470183,0.0015268994467795977,0.0016748145002756648,0.003060024470812453,0.00424947740975596,0.0021773137901964223,1.4764274663958687e-09,0.0029040497461619297,0.0032162507034738663,0.0004525524778561246,0.0017730829591154351
0.0017622047852986905,0.003233155109176211,0.003473237247263297,0.0034077460048692887,0.006016505658530069,0.006964033505573369,0.007114940803549921,0.00013912253842125744,0.001262266626812683,0.003658519671695011,0.009010687134701989,0.01652056160688742,0.0004793674890360075,0.0001356758059145105,0.04316534645792444,0.01500101287461214
0.004816198720937387,0.007234967491620073,0.006295049266275714,0.006038997565577353,0.008923802505891108,0.023580443202195683,0.011555608835376971,0.004787496692867599,0.0061060968149366235,0.006387627754756348,0.023580443202195683,0.023580443202195683,0.023580443202195683,0.0019428329859874777,0.0028676537240807237,0.023580443202195683
0.002109802518717889,0.004008636707586624,0.00479326995108055,0.004616650975337033,0.00628507195074874,0.01187818122344203,0.04127391883444173,0.04127391883444173,0.04127391883444173,0.003449516168512308,0.04127391883444173,0.013010981456370516,0.005950210626383887,0.008613346866664207,0.0005556225416218363,0.0019086066611569488
0.0038145599976296962,0.005521055073836698,0.007519951344714379,0.00599498995304714,0.00896517337505887,0.00011757716921145106,0.0006045790134947548,0.02403809548533825,7.2020797187086205e-06,0.006081324174541179,0.0021033885531475463,0.001799222810389807,2.4677533653337524e-05,6.2580078531576655e-06,0.003949693761912107,0.002049382355337477
0.0027737746200569707,0.004918122188744836,0.005384848058230418,0.0030684452446513924,0.007433375712410484,0.03324353058708096,0.03324353058708096,0.0021614258091758876,0.012129075491585012,0.007144439889558388,0.03324353058708096,0.03324353058708096,0.03324353058708096,0.03324353058708096,1.7953594859121402e-05,0.0013467944915472665
0.0017264938116931111,0.003293694281879679,0.004076987865545917,0.0018597918263299207,0.006229506050712208,0.00015632424106847703,3.588512493334778e-05,0.0009196403677563941,0.0020835156420221657,0.004162040843737308,0.00027253467271069753,0.0008286736125643762,0.0010306604316410867,0.0008932981185066635,0.04110887490130785,0.009814906557397904
0.002884595830435467,0.004304122948321873,0.005004650183631498,0.0022706274480279454,0.007740745187462164,0.0026083496401170525,0.0017832998204670922,0.002574611672064034,0.0010746742489032984,0.00983584043063404,0.0016353000518984917,0.0003219229445140595,9.822625557665693e-05,0.00014784715589483133,0.013922638920682795,2.8642270014991866e-06
0.0033052647629855797,0.005135503644721304,0.004914394365670857,0.0031887385480205005,0.00821985944446648,0.0029869870016975206,0.000612798198197928,0.0011535006108304158,0.0005824184081096653,0.003633074017460672,5.6600550825625096e-05,0.001098458796860484,0.0017648770488068732,0.0006970179998083831,4.575016203246796e-06,9.880568399317502e-06
0.005068232664204558,0.006699478213587726,0.006625947549117585,0.003626256649587156,0.010755387865637414,0.0017612005579924622,0.006202850784706296,0.00010817857359386729,0.0004106839654363578,0.011199037861656672,0.013651996763762386,0.0032459437053716025,0.002909128795603462,0.0016535844438421016,0.00015795255339951658,0.006700525068097166
0.0020044350254576904,0.0029865931051778205,0.0035721973609454394,0.001964544913160962,0.007557840152467091,0.029635643801873057,0.009093515255970686,0.029635643801873057,0.029635643801873057,0.0009002842022745663,0.0007053634901902778,3.159020596967682e-05,0.02370170383261394,0.029635643801873057,0.002156012944602409,0.01129374250744733
0.005905602401544717,0.007547588025605664,0.008044096785196977,0.007679097334884588,0.012260070969256277,0.008716864198192939,0.000741957247805014,0.0013117182983601317,0.008716864198192939,0.005145730328986457,0.006797528136191541,0.0010425592233202358,0.008716864198192939,9.846534657021594e-05,0.0032572820834467914,0.002288470705917478
0.005278409416493483,0.0065102280577733,0.0077480265911463175,0.007877443569005563,0.012034522282422765,0.0046377347376698325,0.000990633428261209,0.0010320690770726434,0.009468984387741713,0.006020386709607056,0.008541796209006289,0.0033220693712794763,0.0021839977066569136,0.009468984387741713,0.000912622652772567,0.009468984387741713
0.0046220210253113125,0.005316957661563183,0.00639323502625621,0.0064971638955420435,0.010768082130529766,0.013570957377321474,3.635118235735535e-06,0.0006786179897750461,0.0023993355684567147,0.00023975564564934077,0.008369044388701188,0.0025907866010330474,0.000786259298851226,0.012506238654057394,0.000843897665810972,0.007036577926947285
0.0033871114600314556,0.0035984813479146213,0.0053329355075451695,0.004292283593921878,0.009808191142424226,0.0055190436950758315,1.348779484634799e-06,0.005476703944187332,0.0008869763406077896,0.0024695047442997928,0.017303019875032674,2.3873807955127058e-06,0.004887240875197443,0.0030394314176775544,0.017303019875032674,0.002655577264442724
0.00013826862215546298,0.00013468418721502423,0.00014517839244650166,4.287732175561887e-07,0.0024761467581449065,0.006173442076549324,0.0024502905151148197,0.0038284251726853277,0.004017141688909293,0.002212888787424025,0.0038724702223598417,0.04417898064919884,0.004873131800663649,0.0034374447648506945,0.0006794572036490157,0.004847002401407827
0.002454784708531464,0.002065947007715896,0.004416695773068274,0.00262451520478095,0.009142671519209448,0.012351105570915788,0.006646442165782279,0.010136251622859166,0.009941651488895052,0.0002925857902052742,0.0133140130626954,0.02025328836754206,0.01193036141707099,0.010445463884800991,0.0074706645866381705,0.010504649677396248
0.006459313919080195,0.00830052465287101,0.0024486704042595425,0.005327529951326682,4.753874304685296e-05,0.0007395287722834556,0.04805734373072487,0.0011632949770662357,0.004493633834035338,0.0004047327966431591,0.0010221627874324735,0.06567023751673207,5.797706050872375e-07,0.0017680352833278623,0.003220088621485123,0.013957572010500477
0.013936552623713294,0.018810203837980113,0.006146105078093059,0.009367903757992013,0.0002294112482983876,0.00014582997798195246,0.0006832904927036865,0.00022748299312419507,0.00028171908093087283,0.00760827066605857,0.0032159487357199604,0.2537106578249487,0.0003598448424483036,0.015741260111941657,2.2660116490276494e-05,0.0022535163082685675
0.12180509632349062,0.1328941733312408,0.0815785697155948,0.10135764796960756,0.030843821389133413,0.0013484197859683217,0.00265462544680177,0.0060829659277832765,0.0003743395287024026,0.0022137469570564783,2.678189356002114e-05,0.0598743949540769,0.0007489035221164286,0.0042114981107428395,0.002162492104181117,0.002711556317608138
0.28204152150090556,0.38148133937333106,0.2569134784945146,0.27758284857859594,0.13679815756788416,0.01773338818589279,0.018527828678937583,0.03273619722478152,0.010223117333813578,0.0043629183722039,0.005265023590874163,0.09102003588995586,0.010813420376054761,0.013777165916315878,0.019413797217215298,0.013165707289947579
0.036191634604222755,0.05339339053259318,0.029881568685392407,0.030537156120479636,0.009027430443223836,0.001079798812976221,0.0017300351582740653,0.0002162718129620489,0.002966796995757484,0.00773189358444018,0.004261219669621452,0.0007662406577052944,0.0031752794752865562,0.0028239851534225535,0.0013470391380762878,0.002510975808094104
0.4314334678281221,0.5366635022503885,0.27765225280819483,0.24928398035009972,0.18362296065915004,0.021379593726944132,0.012280065192264183,0.031928993604779715,0.007639219028072547,0.004181461106097281,0.005748700433073378,0.07257787212026726,0.008209773625127814,0.007785460422849028,0.018489112524496476,0.010516550779791828
0.010672170606187317,0.014216039297152969,0.018682182407086412,0.014316932916082159,0.012074972020238009,1.5295264302953027e-06,0.0010251050062321243,4.001573995368601e-06,0.0023575359282196617,0.005256797084594311,0.0026053592652654917,0.004043844619044681,0.001689740212558695,0.001956879206593487,2.4635943314560427e-05,0.0011997501947419859
0.00010237426109829112,3.3163009909221997e-05,4.4647169206657455e-05,0.0008070988362900225,0.0009999948606736753,0.002453164207843646,0.00026178390203906304,6.2497090030783076e-06,0.0008820745975693309,0.0019178742438713675,0.0024995311042053034,0.008350644838849675,0.0016667901537614493,0.0012678422946996587,0.00010377845880183562,0.0008774314701697067
0.003988602528849319,0.004438501619491629,0.008799824033536373,0.010817168394444451,0.0029323753951972856,4.9360945119508726e-06,0.002169611995630552,0.0017759458951511972,0.0016718468053760066,0.00025323276527621646,0.0060837773483009006,0.0075867363889485645,0.006828623187449277,0.0051825268282060105,0.00399110646214168,0.005129196709192624
0.007554127661460401,0.008894042132197827,0.010084202023562604,0.010150342180066222,0.0059591621764572625,0.006067135851382993,0.009047914075653599,0.007064264402945608,0.011774001368762454,0.003963930838856003,0.009722341103340526,0.05456631590542935,0.01042431652175043,0.007369878251746294,0.009115231327953773,0.00871483234646147
0.0073639494993372676,0.006172860645540262,0.012288940006720601,0.014014220447859944,0.004250386006586726,0.0036207394687183744,0.0051590516507738216,0.0036557898413673157,0.005381014655321842,0.00013479723942635274,0.003906514905655523,0.14778106894880597,1.8559080360025515e-07,0.000289790187957599,0.005815696643690103,0.00019103404420912906
0.012356012270176558,0.01240791046538205,0.015675288442856622,0.015594595816618866,0.00876629177318411,0.007363691238636477,0.007324454451778567,0.006950372144979289,0.00999497281059723,0.0019936963965854274,1.6603496905118198e-05,0.0009640050145046375,0.0405567140634675,0.01075489281102619,0.010516703693970418,0.06429061674474784
0.007822045588437104,0.007770043801221413,0.01141312955817321,0.011554383264068033,0.006516904560540562,0.004864708856885863,0.004707867117160994,0.00237209872154754,0.0061880644828992346,2.9588149215498127e-05,0.016206799417602988,0.001307710850453024,0.005761213554728591,0.11656688923978464,0.008096251468184441,0.002401912646111906
0.00977553000468017,0.0099081789376338,0.01164950816932793,0.01030506401199393,0.0051757753659631145,0.007190995316279772,0.009899457563534553,0.006817371358955028,0.009140285893073662,0.06864019372744262,0.008279380650456136,0.006683030004389363,0.012257925978572459,0.009183958933953795,0.010585113041141094,0.010896058945853212
0.0006579305258022222,0.000604321211961939,1.1182433567943906e-06,0.00013146334951340266,0.0019508537774912404,0.000571158053679105,0.00045498814690165396,0.00022425656593026005,0.0019251282040062823,0.0004010454261312926,0.09668701437927288,0.00036676339536468455,0.0008419205111990374,0.00024858221665863267,8.250682926337627e-05,0.0008158247362585747
0.006409595413419719,0.006489029212559547,0.004514021722580405,0.0018140160693334642,0.0031907744219512105,0.007543134594067691,0.013646747146099293,0.00942578398968908,0.015049731262903637,0.0849659229979648,0.0016921577348263939,0.01036144888960805,0.01427219507171661,0.013764722490393871,0.009251342087877347,0.012508071911040253
0.005940439605199001,0.005836061461977987,0.0027213720491570045,0.0008089441233228162,0.0028078389814255034,0.00478998640492638,0.01192809910296145,0.007776243576059286,0.013334991552010463,0.007075636123431296,0.0019232541800907957,0.012191646373092054,0.012684891680680651,0.011381527365656022,0.008608669382314596,0.010543650836247316
0.0036013199103325094,0.0040547444863426665,0.0010760837982469046,0.0003317791814205634,0.0014154374889810833,8.008297903076139e-05,0.007683976895052888,0.0036739702933940993,0.008786040048731299,0.0002456980138872619,0.0021226411351895347,0.010521377635997642,0.006111423848934296,0.0032616326013444816,0.0021470885321327737,0.004463890636190335
0.003146095078218822,0.0035378695033613794,0.0010386904633557514,0.00013839630176699924,0.0015542078312263882,0.0010990924367247218,0.007900059819223738,0.0038593814793580275,0.009395748975826155,0.0003209663577034075,0.0017635816134188506,0.010347264084050914,0.0030954041419714515,0.00010626118560851106,0.0001478084022448617,0.001953126271853886
0.00035861872468669065,1.3853599493747482e-05,0.00021417618722040926,0.0006921436362549716,0.0010757148785006387,0.018559783828642124,0.0007049476763047041,2.4156106203272742e-05,0.001581382665893194,0.0017124042847122198,0.0058637131455495095,0.002145951743399807,0.0007455762027193946,0.016761913882960666,0.014371612045049331,0.005896457627665108
0.00011132483095335072,3.7816433481399625e-06,0.0001355568253529893,2.6859060050704597e-05,0.00016543500261481658,0.07376632879703154,2.825918487402157e-06,5.273333839037053e-05,0.0005311537689488208,0.016870895473396208,0.0009700769011394481,0.00148306971203864,0.0015473163106456203,0.06980900442403518,0.02969905966270278,0.035986353090000034
