row_id,TRUE,Model 1,Model 2,Model 3,Model 4,Model 5,Model 6,Model 7,Model 8,Model 9,Model 10,Model 11,Model 12,Model 13,Model 14,Model 15,Model 16
3,0.000142153,0.5945536907077192,0.5422073742717726,0.49338840909255166,0.5493428275220065,0.5380945894610367,0.603894860030829,0.603894860030829,0.603894860030829,0.603894860030829,0.603894860030829,0.603894860030829,0.603894860030829,0.603894860030829,0.603894860030829,0.603894860030829,0.603894860030829
4,0.000352751,0.6159247550998556,0.5683723197889419,0.49788785302567756,0.5565757973734938,0.5490949480786633,0.7119986589398274,0.7119986589398274,0.7119986589398274,0.7119986589398274,0.5667511574261056,0.616467924399957,0.7119986589398274,0.7119986589398274,0.62803055537488,0.7119986589398274,0.7119986589398274
5,0.000480574,0.6386260902271788,0.5870171467074627,0.510371830701395,0.5602977668507314,0.5553594403138599,0.5320054027444605,0.5363787233334133,0.6793645847878417,0.5743353691574211,0.505355422883452,0.4915834852431982,0.6810061247200369,0.611803524095598,0.48518963937230997,0.5943915574154963,0.5679909765962365
6,0.000303313,0.6528996938646018,0.6115079845798672,0.5290753356367575,0.6293094357038682,0.5759191604086533,0.5261559847520072,0.5246456132064865,0.6679526447002095,0.564556798156601,0.6439274717459275,0.4754104243112764,0.6761917837534526,0.6105192469037011,0.4841556887819288,0.6216390612485553,0.550447480670664
7,0.000326409,0.6677180820973014,0.6338181465652091,0.5706292069962996,0.648107467679113,0.5919453086287856,0.7139050239469534,0.7078355013320256,0.8935757330447675,0.7732653399464058,0.5566051273417673,0.5902447708501863,0.7263031199485386,0.9261331857097899,0.6207149216624316,0.9116016099855394,0.7356579199640818
8,0.000231276,0.6919262290083352,0.6739879265820103,0.5743998312066148,0.6229568762621026,0.5880713285041844,0.7951161673886443,0.7543646577550558,1.0552386373052776,0.8044508998634613,0.5885408240739479,0.6178228738209018,0.6950770593744506,1.002285763253618,0.6563833207935829,0.9460500845644585,0.7945056624269369
9,0.000235425,0.6618719595868597,0.6745692596124079,0.5643551237835961,0.6505063824567608,0.5885543098068687,0.7058331778645496,0.6459062933267772,0.9291606767355264,0.6594160254790252,0.6303080497837757,0.5658575623680491,0.673709381525519,0.8030508354277597,0.5978224578483071,0.7420149860018913,0.6765797347934077
10,0.000307289,0.6801610712015925,0.6808579384029534,0.5846201777456097,0.6645477450963132,0.5924660729029568,0.7037906432922252,0.6751317424285358,0.9303835652564678,0.71419058023389,0.5589446506584198,0.5691222181862815,0.7239814000204006,0.7830624755052306,0.6039940888040103,0.7272475324888525,0.6862462472511055
11,0.000232357,0.663050568932896,0.6862177448481814,0.5698103934847008,0.6491079498078559,0.5930670485763104,0.6629321492587417,0.6284538971358498,0.8517517090883894,0.6867670407605163,0.6018779117326238,0.5316864817642138,0.735075447739612,0.7585327551005271,0.5798000263785535,0.6798708457812299,0.6562809020727154
12,0.000729326,0.6721074882565655,0.7036643960235015,0.5821528726338124,0.6632719727160862,0.6017440287266437,0.5965524913730247,0.5661139950692866,0.7289241012960601,0.5892723165821582,0.45598048056899754,0.49056063339062306,0.7098966554074816,0.6507024338702235,0.5242947884682133,0.6120113789836522,0.5822318156546656
13,0.000277489,0.6700388818127045,0.7136839246371665,0.6061629109470738,0.6650780960957332,0.6093434872462822,0.6657230737809684,0.6138362777697504,0.7707737929058837,0.6256224741144415,0.5929914981732197,0.5130579101543891,0.7635197215738555,0.7003590929777672,0.5481892652385942,0.6588837763037226,0.6282858639436044
14,0.000272403,0.6243850640165196,0.6238451884987971,0.6091240990806696,0.6667421461499915,0.6123062030544434,0.9825986813917875,0.7745458219772774,0.9868759570901148,0.8283730278789805,0.6293848150806126,0.5865627275753558,0.8432198085575957,1.0567000075625532,0.6746243807633615,0.8479927854003338,0.8401339120217904
15,0.000267687,0.6267796057291386,0.6013949802876597,0.5998626795566503,0.6443618923685531,0.5882174443297002,0.9377509506405586,0.8039610268345613,0.9825986813917875,0.8910111516842019,0.5894212647921999,0.6404304877394194,0.8056177407357531,1.024693652272773,0.6812559729512329,0.8279114499855663,0.8200869905027511
16,0.000227534,0.6180056966177355,0.6095010515277092,0.56499033585869,0.57469077714426,0.5811993960273495,0.7063443760353127,0.6381507621796646,0.8628475853396648,0.6924663471475918,0.6185954011069376,0.5858875077875227,0.7961903307833867,0.7581563454292265,0.5902298731787443,0.6780429755959515,0.6735495428582056
17,0.000283867,0.6410776832827971,0.6261832221794104,0.5612398458677055,0.5640982455965492,0.5827722244384484,0.7480698632237263,0.676345714574565,0.9646946243188729,0.7105636082435813,0.6102348691507402,0.6179878531022851,0.870167799279878,0.8361630460297652,0.6392225693717214,0.692900820605972,0.7293600296873373
18,0.000192394,0.6654769257662112,0.6590063499428864,0.5648585800837708,0.5797183859733758,0.5870445474150363,0.7821309184873524,0.7437234520014615,1.0567000075625532,0.7896794788579083,0.5902240439621956,0.6204506705487026,0.8677907672275347,0.9117949621232201,0.677954618826253,0.7998708025042274,0.823198855266474
19,0.000216325,0.6720979247428168,0.6773106591465969,0.5630742294159493,0.5781323463854106,0.5942745068767812,0.7050436167018425,0.6666562669100204,1.002187456572664,0.7030692057508431,0.565121046859208,0.5807410684749573,0.797149160984629,0.849209357670623,0.6303995709795291,0.808982140406951,0.751206827723131
20,0.000269344,0.6367547041064381,0.6735793836089662,0.6140447534721366,0.6668224545902142,0.6124544986129012,0.6433093506802645,0.6443947622347117,0.8726984347469312,0.6803762560374589,0.5905611266982942,0.5469578733673192,0.7814370588528957,0.7442488156179018,0.577437266667428,0.8179049170416163,0.6965350709205813
21,0.000241109,0.6608532023648725,0.7099383553957695,0.6175022114223694,0.6766060772721054,0.6165609303699632,0.6765134044030203,0.6488419062460565,0.8862302472349359,0.688273905345993,0.61783847431119,0.5551609917237151,0.77000613205295,0.7897787733116783,0.5767229339789994,0.8720584838327121,0.7069368009948648
22,0.000220038,0.6808440198274903,0.7209736377644644,0.6269728271447391,0.6801234100675594,0.6202145607460083,0.7242134081660838,0.6715115059186061,0.9104512063730626,0.6975763384947444,0.615408713659417,0.5933899411020808,0.7416472030169885,0.8106214915150285,0.5890700311318121,0.9128282554518095,0.7099518812945029
23,0.000250804,0.6940732566816186,0.7399044818332109,0.6317493907965561,0.6774506646038188,0.62013191085318,0.68699468656182,0.6413068673661492,0.8505416366226608,0.6614850429461397,0.5856969144105912,0.5680862404303185,0.7688295812569084,0.731836507850711,0.564150271868514,0.8465176110688138,0.6671112443158062
24,0.000388265,0.7077483805042406,0.76276931694865,0.6282147835037724,0.680794317596675,0.619251116284775,0.657629535397189,0.6056178160571057,0.8109925610437071,0.625941282324049,0.5659123605616773,0.5357328931888097,0.8203077245652449,0.7009224711219231,0.5502920395428506,0.7888045166473161,0.6364645702896783
25,0.000395051,0.713413843831931,0.7813063205580486,0.6350762980938025,0.6861027533703559,0.6208008194751043,0.6833199789144061,0.6262706368271307,0.8507607371989183,0.6446511511678433,0.5295981367868736,0.5449515620997484,0.814283839631984,0.7229639208490214,0.5653354956001088,0.8132788649269929,0.6474182533141968
26,0.000200025,0.7340765745327367,0.8190240577024286,0.6302078955497853,0.6842898926233882,0.6187975692713302,0.7177723018531632,0.6621836285479915,0.9112462585481511,0.6850835913326232,0.6449746035688418,0.5658147623536898,0.8041673524960596,0.7688124034586112,0.5885568786230083,0.8632302897663418,0.6820971218016503
27,0.000224536,0.648422412281617,0.6708762040856429,0.6200230137345043,0.6377492008834232,0.6102871304570394,0.6839560505904755,0.6445406302607352,0.8717765997551654,0.6742146800259684,0.603748534826107,0.5596130811764193,0.8235575613862448,0.7466904005683778,0.5804352971563111,0.8168830580376412,0.675337336383892
28,0.000294604,0.6278082923915286,0.6704932287915137,0.6053213647528893,0.6306625215852767,0.6006085951193211,0.6598825768466466,0.620595929241313,0.8332265830156387,0.6477887001537989,0.5829936781350151,0.5488687576558455,0.8234766357270457,0.7158244733993694,0.5680856629293688,0.7457375348534331,0.653003168806291
29,0.000311191,0.6456382310144453,0.6947631013827041,0.5958355603380715,0.6603220030130653,0.60106295442277,0.7506039842801577,0.6783406975179282,0.9359998866227149,0.6979187555869745,0.591317120342291,0.5818777556081147,0.8339436385463271,0.812820057251832,0.6150580763840178,0.793564199107677,0.7168190258972819
30,0.000275364,0.6693538941294992,0.7166972341868039,0.5974378625130103,0.6627230044516541,0.6039024912771257,0.8752301583569196,0.778303968062199,1.0567000075625532,0.7945578008908996,0.6041947774826322,0.627201975512152,0.8822535711346235,0.9684637048625998,0.6806959392838476,0.8994703759697749,0.8303695325541786
31,0.000274089,0.6924893589639316,0.7563317242765888,0.5977336391571766,0.6589531662135367,0.6058327356410126,0.7720854071055268,0.7117804615081232,1.0081827514390258,0.7337590385339579,0.6195393035352607,0.5884753351262985,0.8803926590172321,0.8602169156293316,0.6389799968478419,0.826645188719736,0.7600758310758694
32,0.000348777,0.6911636539485342,0.7678907875806553,0.6077618068173511,0.6510481239325843,0.6089369518247258,0.7015502858977261,0.6630808725327043,0.9230508551780234,0.6913592659147044,0.5759648966488233,0.5624437696387881,0.8392238524676022,0.7819712122985042,0.6069621881369293,0.7593769030027573,0.697573130718727
33,0.000301033,0.6808529673851538,0.7129739032628559,0.6192698175345155,0.6684714356493429,0.610575883370695,0.7503922669071819,0.7288582305819256,0.9958371391500723,0.7855014100131367,0.6087748496118643,0.5948531585902583,0.8416735566346021,0.8747384956952745,0.6522763787293167,0.8343586600645193,0.7762257437548796
34,0.00027018,0.7043755596936165,0.7509118932189559,0.61029357456158,0.6638748356579505,0.6076027608057595,0.7591866206419963,0.7435835428328349,1.0018103542340275,0.8101252904405605,0.6243405958045284,0.6029922552599015,0.8476012091917108,0.9266139920857513,0.6709161549150167,0.8756105517273624,0.8270565316405747
35,0.000213305,0.6991459565753965,0.7105048499859564,0.60161709406924,0.6515467823888178,0.6029452978713588,0.6771296619276888,0.6678043723962331,0.8963961901892834,0.7010906643477611,0.6027713749230854,0.5597008769165606,0.8349300985226019,0.7886561393689692,0.6144141160273457,0.796094955803315,0.7247632240371776
36,0.000309103,0.6882215314273031,0.6687501262697013,0.5973834605616956,0.6283593130343188,0.6018257210627453,0.6896749690757463,0.6765787592051355,0.9523727892206011,0.6962340169778606,0.592168231668769,0.5543296100405389,0.8832785343351539,0.8108027650102909,0.626514508227957,0.838027386482896,0.7238571162908737
37,0.000246283,0.660314747624275,0.6113431012483518,0.6002260937317606,0.6283804148761376,0.6031103877820645,0.7889452432879528,0.7723174788908966,1.0567000075625532,0.7835742068838057,0.5993974672311321,0.5931827294763382,0.9696389661864505,1.0009089377515887,0.712704627436327,1.0101705834736932,0.8376383395687835
38,0.000218886,0.6800837735263481,0.6399238804110909,0.6031705169475455,0.6479488820116003,0.6071644408670857,0.7618567011465126,0.7605811983987627,1.0567000075625532,0.7492263783168833,0.6182102639473585,0.5816972475129494,0.9610670625060679,0.9375561909645616,0.6931178397883926,0.9431746869665456,0.8178635554437218
39,0.00034898,0.6857124174443701,0.6569550736643327,0.6063615563466657,0.6490571265686308,0.6079783099620553,0.6928840546623879,0.7011102043121186,0.9512564166235528,0.7000854786544519,0.596458221547206,0.5603515196958183,0.9405349438342762,0.8196044301243381,0.6362502724484893,0.8181877226784906,0.7483905067388105
40,0.000307705,0.7021143653444017,0.6644248257469603,0.6136607689444934,0.6592029710674358,0.6117350072877674,0.7093046329926319,0.7172452052105209,0.9875578728571172,0.7613543493965244,0.6062730894029785,0.5739573902114163,0.9750978973385646,0.8788191460588379,0.6522956117454993,0.8255051912036434,0.7981947497279632
41,0.000398851,0.7162731879095772,0.6687312848412071,0.6215815598017184,0.6612344571226126,0.6152876100150803,0.7322801593866416,0.7404729390798762,1.0567000075625532,0.8086571278160617,0.562763506677324,0.5898881843471118,0.9530974062865696,0.9469956834552131,0.675684945430921,0.8485984925497649,0.8455638181970555
42,0.000251213,0.710496941333646,0.6422627846058944,0.6223455108457286,0.6526709959406816,0.6112466811332682,0.6809464407420148,0.7143995169873573,1.0245716641259848,0.765935699675037,0.6178793383394887,0.571635050634981,0.9209596673378051,0.8469765795669708,0.6416219811765946,0.8468885527737379,0.7808335060920337
43,0.000207157,0.7318883697262618,0.6778976960963713,0.6076522284061253,0.6301905508484891,0.6064205558287168,0.6856809350046766,0.7343633334330751,1.0567000075625532,0.794663689356022,0.6312797322309076,0.5735920453015854,1.016589050005951,0.9180723130560922,0.6616629038045677,1.0140470829784702,0.801890223830941
44,0.000199072,0.7304502124429396,0.6982262902264927,0.6040093591110349,0.6465872790668081,0.5997430471562117,0.7588216240734493,0.86369670236435,1.0567000075625532,0.9381798495159716,0.630420879047015,0.6246282737906165,1.0567000075625532,1.0567000075625532,0.7390269082058512,1.0567000075625532,0.9239365424012307
45,0.000169623,0.7508878867005203,0.7239503230864882,0.5928155448725158,0.6501970513509711,0.5984041209305067,0.7612931888445984,0.8441239970146026,1.0567000075625532,0.8787464628453454,0.6234623823666425,0.619435958991316,1.0567000075625532,1.0567000075625532,0.714450056700307,1.0567000075625532,0.9084797303415991
46,0.000191593,0.7393360587584891,0.7369682029405453,0.5910893018786917,0.6420842668156324,0.602304873808262,0.7308151043163154,0.7676270591958552,1.0567000075625532,0.7554107608826992,0.6333974864462092,0.5997777059976125,1.0325302740888407,0.9971244013301409,0.6586316340227792,1.0567000075625532,0.8272972113353293
47,7.97e-05,0.7587349287309985,0.7694430099742469,0.6072843375275845,0.6591064423803222,0.6107939733519004,0.7090417374036707,0.7345068389622985,1.0567000075625532,0.7203899960767324,0.6878644753018329,0.5860465834850196,1.007090250873634,0.8882830101496821,0.6235142987552178,1.0009373663381613,0.7836439283870603
48,0.000470403,0.7194403418400985,0.7660999420260124,0.6217427554959184,0.6767007404556904,0.6201604588985816,0.6740583403879185,0.6775652791234033,0.9846671925704651,0.6755751672888989,0.533146926572851,0.5641955238079757,0.9189144011467753,0.8117261226423612,0.592151879781359,0.8648966178305689,0.7160383171120047
49,0.000227265,0.6599133533897942,0.7477996817536477,0.6516670494470436,0.6931146931264888,0.6307510354019905,0.6407095108642415,0.652608824664038,0.8965073857486122,0.6609332202548706,0.5929080977898937,0.5527061770005282,0.8629730724853728,0.7469935164037534,0.5682404962252352,0.8267679930949414,0.6739001813593368
50,0.000192915,0.6840729909704681,0.7841628768301189,0.6668224545902142,0.7417513098174081,0.6390136937946336,0.6920358219048567,0.7138557456879806,0.9577069307441846,0.7460015631822654,0.6184142895652642,0.5843258374448517,0.9073293258373146,0.8605720368491371,0.6010930536770951,1.0069744416065565,0.7457793424364121
51,0.000196619,0.7020358790545,0.8082825996077189,0.6653043207103357,0.711436526406664,0.625941282324049,0.849956905515018,0.9300995669306028,1.245218300849413,1.0724591060713298,0.6189932119353775,0.7049707657672281,0.9857063590476558,1.3228971527856948,0.6967587204273475,1.4112389829964014,0.9659441980804618
52,0.000175555,0.7172731017345844,0.8294872082934548,0.6385153586900887,0.6260649226054121,0.6190574709834797,0.9018869936279131,0.9470090596861426,1.4112389829964014,1.174049586061168,0.6331622823212885,0.7231115646218231,1.0233507981559375,1.4112389829964014,0.722139258202032,1.4112389829964014,1.05392341225428
53,0.000140218,0.7247344444624872,0.8037564955240207,0.6326320356885161,0.634587916036977,0.6171398411631374,0.8623603241045131,0.8915218550484987,1.289898500590478,0.9658930999852084,0.6245208274978427,0.7150032481160896,1.0977177233912032,1.349959214973317,0.6930203131929833,1.0930806716649712,0.9499791840466841
54,0.000246857,0.7446647060214374,0.8407847003250175,0.6325028703199557,0.6300762693123838,0.6172294480226452,0.8158188354138248,0.8677022642987726,1.2034509962410787,0.9358449402757021,0.5741129031389264,0.6949607290160245,1.2235089562884394,1.1196138990212416,0.6599758249079265,0.8996767538302439,0.9053359404004026
55,0.000106657,0.7652967271227248,0.8801477169549684,0.6188274263817042,0.6217109605031717,0.619255604430195,0.8661793266998559,0.8827753578492364,1.2277658224662888,0.980041659653468,0.6147270621570834,0.7266823772880171,1.199066367518418,1.3913064518828038,0.6906525180731631,0.8959858058164144,0.957546485336484
56,0.000200145,0.7519316250887472,0.8847430625137076,0.6606015174630451,0.7200522502695386,0.6348851629627822,0.8955827726042009,0.9636781514269553,1.2451210001156634,1.1443401223172338,0.5993479536533399,0.7647537288540837,1.0840804917767073,1.4112389829964014,0.711265312443563,1.0317994041789578,1.0213111424442056
57,0.000190895,0.7632268564295258,0.8703255790351155,0.6684573220878005,0.7276865268989224,0.6342870670003763,0.8896927434400091,0.9383333562556446,1.2219426872860988,1.1251858248396174,0.6156371702267583,0.7558238937978387,0.9944618979425808,1.387083964294132,0.6899541407449493,1.1436704183072162,0.9965159924131114
58,0.000250014,0.7297832733179523,0.8617025188829442,0.6680296350884461,0.6929846685838202,0.6376479080939731,0.8605118158563914,0.8300270727207187,1.1714381337497373,0.9642170463980747,0.626591212384018,0.693606091127328,0.9218245375417505,1.2323738958141437,0.6578141663741945,1.1083020466852318,0.9044000814466356
59,0.00033548,0.7511881337782557,0.9026667515021806,0.6773096803930623,0.683792837615776,0.6384063239265731,0.7901747719074494,0.7567709437191735,1.0218115111044623,0.8317454355299936,0.5639179615711908,0.6494528292771835,0.8820070729983116,0.9839432288030274,0.6209712135987266,0.9381408343890751,0.7853152197968574
60,0.000304085,0.7683004614484917,0.9357262001746229,0.6740168610915485,0.6749563602511764,0.6366278741428195,0.7086883006661084,0.6930119257312873,0.8967889635565504,0.7658663531686398,0.6037651730903479,0.60588107154285,0.9149753909160778,0.8376698136886267,0.5845987790634687,0.8310249913270901,0.7104720872884437
61,0.000293488,0.7842844171391825,0.9449105919541327,0.66317364573887,0.670330923702344,0.6316302903247895,0.7178293863959037,0.7032882529497171,0.8997937643602303,0.7909825888926882,0.563486322333585,0.6248348799113275,0.9774750767223825,0.886985449968684,0.6010855284395955,0.8394902233677126,0.7238654795329039
62,0.000284384,0.7548641308282444,0.8402478777571717,0.6581892843378483,0.6773106591465969,0.6229667763308564,0.7685377151818318,0.7574394229245623,1.01351867273647,0.8841807631662898,0.6055569520892445,0.6692651132631491,0.9700671345628712,0.9801039333795615,0.6382211748405242,0.9352542682436606,0.7774706770427635
63,0.000238352,0.7746248738466144,0.8791079192484342,0.6281312362565018,0.6551990888855609,0.6120041582494516,0.7319414778325578,0.7001514195670163,1.0278225679065136,0.7964496059688749,0.6403965661729246,0.6349883706262655,0.9044000814466356,0.9030005591145962,0.6247895472625637,0.8852474279014364,0.7324484387835318
64,0.0003284,0.7868007886703141,0.9086143869540882,0.6157459784938198,0.6486638657517417,0.6065126013077239,0.6157165651650001,0.5984993165614747,0.8671019830952658,0.6591235798919558,0.5847977515500301,0.5526221630194841,0.8596100153698684,0.7001622313304444,0.5600856772582914,0.7280375660604833,0.6209123891526596
65,0.000357652,0.7982556291379717,0.9041089476651805,0.6041322578306806,0.648582205397261,0.6034382061607119,0.564425911791275,0.550538390721691,0.7877506918022056,0.6041162836996902,0.5622337132935231,0.5072676005073218,0.8336277601300425,0.6253164755656565,0.5280417817922347,0.6436954676051789,0.5671794284382271
66,0.00033687,0.8106819025035,0.9315374431222868,0.6022649580387742,0.6484447418530306,0.6057480006063254,0.6139186221631411,0.5869642678184334,0.8687640247405348,0.6482078225263552,0.6034312846404805,0.5235292414492588,0.8191867840209426,0.6842424592918122,0.5651403770526183,0.65953618533001,0.5983568775585179
67,0.000389177,0.6830859251384307,0.8724368467233639,0.6098258338264056,0.6404404170225539,0.6063461069468181,0.7352882340926002,0.682021160876543,1.061557666923551,0.7713138245542163,0.593809633485325,0.5768008972383223,0.8117968919918992,0.8313668782998545,0.6397761744061208,0.729978016922581,0.6810240329739279
68,0.000364098,0.6584571051067492,0.76201275765123,0.6056968966621183,0.6399701111243075,0.6026058738697686,0.7611111844314921,0.6774203063999104,1.0113415698600472,0.7674248140699237,0.657134667606155,0.5700710731303716,0.7740910123646372,0.8299730388384393,0.6237404389365853,0.7213871708671098,0.67117410459818
69,0.000470157,0.6673479763234228,0.7329155263980358,0.5991425694760908,0.6274368217561402,0.598797349607935,0.6536663995122833,0.5783046811714381,0.7771718199896289,0.6332574524226736,0.6001804605824175,0.5056019653239933,0.6985664443026607,0.6647160611267164,0.5329684813998276,0.6356944331963172,0.5653446022741686
70,0.000764052,0.6329489054501166,0.6475824376732853,0.5912409345765915,0.617811731337041,0.5924896575534053,0.5561580775383443,0.5010667793683832,0.6369100927792475,0.5419309181814268,0.5296248089084797,0.4449845285429265,0.6408064677148747,0.5480403952712489,0.46382978537872344,0.573062524464661,0.4860431415489326
71,0.00066204,0.6535889917415049,0.6747230523463353,0.5764638880165097,0.6173383617802195,0.5874879521868163,0.505176234892718,0.4567586357333591,0.5699071589432214,0.4940366384885625,0.5409404627371975,0.4034204796654113,0.6225468191968424,0.49850521744411314,0.43025390078651776,0.542968176774757,0.44859397042855054
72,0.001333467,0.4784599998824556,0.48359326378271095,0.5690757705097675,0.6061713301102585,0.5804038843369319,0.507970515685157,0.45251494573339623,0.5583553601364732,0.4786457300962032,0.415470018640714,0.3919220510819594,0.6168313294853701,0.4917433460820945,0.4247252989988828,0.5283165560278411,0.4423249083322096
73,0.000340957,0.4835184692569356,0.46372954646839676,0.5494034133098948,0.5699876400546333,0.5587538745217127,0.5819863895342171,0.4936572470430086,0.6222536576116977,0.5174416013447205,0.6602104778323098,0.4274549150484511,0.6158018754336785,0.5448200860112707,0.4591525905269623,0.5506325011521549,0.4789230012761208
74,0.000461253,0.5109906330412897,0.49678428441079847,0.5182390160977323,0.581125817599995,0.5417925981346573,0.7124550213290073,0.5738002182696934,0.7824777875666731,0.6387040469629358,0.5991717035500544,0.5073955228995592,0.6422536048274065,0.6925196962273642,0.5497490308145454,0.6321619988633749,0.5721311220915279
75,0.000434714,0.4715866827501792,0.4915419544384455,0.4845551430643639,0.5782114916410807,0.5062239898790252,0.6888744917155426,0.641364201803327,0.8821000260950547,0.7912461704805405,0.6252125229000155,0.6003882777741342,0.674184754765056,0.7562199954814106,0.6061643141165765,0.6804844213612564,0.6237182724376195
76,0.000397934,0.4972758753958715,0.5089884314483901,0.45134843585559997,0.4366447212972594,0.5051279152252154,0.5679701981278557,0.5412603537892618,0.8014568981437578,0.628263209316035,0.6281897939169987,0.5370234797686467,0.6646624080686218,0.6470672155306494,0.5383317927221364,0.5858431671427367,0.55590086179514
77,0.000784569,0.4808827402286295,0.4627968983072211,0.4554700656225421,0.437280196738673,0.5130923719967402,0.5685163898567656,0.5418066257760187,0.7941236270520775,0.5772632821669816,0.47107742397363817,0.5260862560875827,0.6532664623907789,0.6420592528519695,0.5314726098587672,0.5430428190631469,0.5478776589701562
78,0.000349992,0.5081047555660496,0.4950768475268356,0.4714202664908901,0.43649401265761917,0.5268594064605187,0.5998286857993308,0.5980931952311033,0.8693967449541924,0.6639356733605074,0.5935855110881288,0.49405715052760435,0.6642225732525499,0.6965723308827534,0.5425305255704256,0.5880886260104505,0.6156628967038936
79,0.000431481,0.4505583719410997,0.48693389183102753,0.48498181626049996,0.44929142630328706,0.5458146294307612,0.6794031078507132,0.6291964174037067,0.9037808859594784,0.7737157768975207,0.5500077552327751,0.5468120641648534,0.6445009915751012,0.8948167000033677,0.5856209821820884,0.650671192572158,0.7056925437546891
80,0.000358562,0.4564839257817506,0.45973425597574663,0.5400878691285249,0.6194651598154544,0.5552046537245153,0.7032071816260191,0.7149571956778105,0.8837869211318905,0.9919220450117179,0.6147080377671758,0.6150133728954624,0.6052312571803067,0.8809369898591378,0.5813998689321819,0.6917186671453874,0.7000541362294911
81,0.000386208,0.48153982802517503,0.4885761816437188,0.5176083905295161,0.5026646443821058,0.5536162970979067,0.7372432179167312,0.664906727066645,0.8688363247402224,0.850675403572585,0.6066630558795699,0.5657212068157282,0.5987594794611966,0.9594215274661135,0.5710463919160556,0.6806959392838476,0.6718379536360851
82,0.000440872,0.5067470387423806,0.5154927500952833,0.5235690215203682,0.5068844130735839,0.5567953414761808,0.7151299382219193,0.6364207190245204,0.8050320426488438,0.7114093053270343,0.5640790221383569,0.5609833034896259,0.610868636749589,0.8369578858906225,0.5545991574625324,0.6600953850904059,0.6155409083156363
83,0.000426262,0.5135674609816249,0.5324879534577839,0.5256547392655989,0.5098074351947474,0.5624202316196317,0.5929350184765889,0.5481015884491663,0.724975579337047,0.5947252331070579,0.5407740046393003,0.5109725615169202,0.6170606345452581,0.6347989264129817,0.4936432263226838,0.6286087632933915,0.5358792255372804
84,0.000711161,0.5346993916490017,0.5336005249207845,0.5279249471047294,0.5155635302530963,0.568937075783259,0.5687955840537515,0.5202290577139318,0.7090372460027883,0.5651852989856055,0.4857977408589969,0.47996690200928044,0.6234272698094069,0.6194846293259623,0.48523749808405514,0.6427172580438085,0.5182039452089334
85,0.000441943,0.5263203237209351,0.49740646351699425,0.5593405703518511,0.5993995022982201,0.5781043489247454,0.5970238415632015,0.5538864105935399,0.7506452833894899,0.6260997096375526,0.560989976923416,0.48152364934320574,0.6269673927759871,0.6629193013274115,0.5041341516532236,0.7118259027633931,0.5536360741768775
86,0.000610088,0.5112417313143998,0.46072423780673943,0.5516603342643706,0.6019624069888972,0.5748750124052191,0.5972398034166454,0.547547449715711,0.738884549566081,0.6133596235697475,0.5450285554535518,0.49041492613561233,0.607417717818253,0.6837706819008189,0.5007603433561603,0.6810290077396288,0.5577553581250847
87,0.00060561,0.5243401924131436,0.4792208605313268,0.5433881878113918,0.5698919996514914,0.5594012164450975,0.5653446022741686,0.5362518963587266,0.6875376615783395,0.5896226210109174,0.5200384571841957,0.49794734719631517,0.602181023178091,0.6314144931801096,0.47862051610114453,0.6189984415749334,0.5318788082243888
88,0.000412758,0.5264324195694293,0.46400056108318094,0.5229038989534419,0.5778069749735042,0.5536847241191053,0.589481262852435,0.5487110068987795,0.7046972245786856,0.6165934185631764,0.5873130223042272,0.5158871594613923,0.6342999287874279,0.6760194670196085,0.4888298665716246,0.6256209314340218,0.5507456026436149
89,0.000462379,0.5370766638162546,0.4826625900291541,0.5144868609345032,0.567107024974235,0.5459237623846029,0.6731052888766434,0.6121724677845404,0.763372546234696,0.6991933273970902,0.5767126621084371,0.5689376558846767,0.6698589163478953,0.7981258766651557,0.5286885549727068,0.6906774252260609,0.6067073699181385
90,0.000467644,0.5139673006265296,0.4444744326644716,0.5028996553653832,0.5383612808753397,0.5394522991986301,0.6596229580821661,0.5998484014746442,0.754207846543512,0.6843444026733823,0.5843509773620187,0.5432684459764362,0.6714695413373651,0.756605805689285,0.5163371031230973,0.7034263578530917,0.5993242186181416
91,0.000629082,0.528104403720555,0.44584437432181506,0.4956228138716866,0.5381937543293605,0.5436117154940637,0.627076883741129,0.5573780648945516,0.7098346825158439,0.6214635804902211,0.5416438719793315,0.5046062162399667,0.6688830035470091,0.7099180679971164,0.49662215912601276,0.6575677277310439,0.5687799336681881
92,0.000368566,0.5527774594010852,0.46389895354680966,0.5143282130714294,0.544142813098521,0.5520081119627732,0.6157128887952642,0.5635094308072899,0.7039290444289179,0.634271794644409,0.5963974044613375,0.49085839856372854,0.6559108134766363,0.6860813896418504,0.4910582048424931,0.6307534068203291,0.5645307269443579
93,0.000376008,0.5615753839860959,0.48017182931058044,0.5127361761724976,0.5366628310142716,0.5546152783282501,0.6110539776891206,0.5606482698006706,0.7155808096939373,0.648996843291412,0.5684498378587796,0.4912429443116433,0.6231214309690289,0.7089115214206294,0.49492517067953196,0.6157658348739025,0.5671483949866897
94,0.00055936,0.5626445232576424,0.4690655406839329,0.5187927633725097,0.5414067645551138,0.5523538940155206,0.6246482342087475,0.5881059250431707,0.7433388916669604,0.6827488286186798,0.5391015438393036,0.5326011818596985,0.6085056764493242,0.7420935000454301,0.5145409204823792,0.620186756639283,0.5835612512156512
95,0.00039618,0.589637472746529,0.49884819224309324,0.523981369222506,0.5700681552718069,0.5580660664738516,0.6778898458105266,0.6242179741135421,0.8121510165968089,0.7307954329038225,0.5460755300774222,0.5645641667625564,0.6261136260741573,0.823867410414309,0.545116806507049,0.6505150535513408,0.6296071849221965
96,0.000294633,0.4905197330425209,0.41940123084851505,0.5273650333495994,0.5763486674466669,0.5628028102356016,0.7447180423821986,0.655528927273143,0.8858051977830244,0.764507293251295,0.6365685502480449,0.5980945431029474,0.6342508974185735,0.9293957648999542,0.5753243793247734,0.6940995891280746,0.6685326047479434
97,0.000239248,0.498487658061386,0.4139686854589475,0.5296992313942408,0.571394549977347,0.5602019367595108,0.690490687233744,0.6397621517790318,0.8671245738504539,0.7627986754962092,0.5585127976325558,0.5928536110375553,0.6277560753437267,0.8326513589081538,0.5575532389989065,0.7237424496402682,0.6408785923755085
98,0.000296324,0.5255125075656172,0.4437140808256924,0.5269972023651768,0.5855261084135684,0.5638484938275469,0.6365198032976611,0.5974882479444621,0.8144811972331615,0.7187527826455541,0.5854609884546935,0.5637598609051898,0.6381302977545841,0.7860362981043998,0.5419996164010996,0.6997323094816472,0.6086753772931428
99,0.000283075,0.5295981367868736,0.456445577822009,0.5487380699676337,0.6388518327862922,0.5757086735237685,0.6340340097908803,0.6013573002071109,0.8114600607703985,0.70659539117955,0.5775191604876712,0.5612832869930554,0.6567613488877408,0.7734955621421985,0.5460955359350758,0.6459300617901182,0.605312980955294
100,0.000486685,0.5480626921065092,0.4786329499020767,0.5571218770443016,0.6362648767891813,0.584503143092265,0.6852943594750911,0.6296889631184418,0.8766846648588295,0.7168874884915858,0.5251959880779846,0.5789142635701017,0.6576125141560928,0.8230934426355543,0.5650414728390839,0.607670605163742,0.6292458554170225
101,0.000323922,0.5730097715311657,0.5027078584678891,0.5680718034349198,0.6386219880317637,0.5924686932805912,0.8331719219086808,0.7164642631150976,1.0601661500667119,0.8335383568875716,0.5875486395604921,0.6504404934676581,0.6609796075653285,1.0452048146362007,0.6284468604843866,0.6256039627025606,0.7170895094154028
102,0.000263047,0.5743120965282421,0.4864277109513937,0.5958848749301112,0.6477767127085009,0.6044770520519361,0.9134134295016695,0.7572410183841141,1.2189764273306993,1.059738513953243,0.5974640613464905,0.6818273756320474,0.6720462888220554,1.2444405330357249,0.6804159437429184,0.6758511716901533,0.8008559509654894
103,0.000240074,0.4856544312451905,0.4141191606259103,0.6005021577031586,0.6127912761330027,0.5971317932002091,0.7343358897849147,0.6652876241219161,0.9901590463618286,0.8930839312442109,0.6650836562287937,0.6004585074376783,0.6528760243094591,0.8945437397508109,0.6154593782102258,0.6590820913736599,0.6765992474451409
104,0.00096234,0.4606167628753715,0.4199754582920227,0.5859920648699558,0.6544958580577731,0.5921191800699354,0.6137845562038768,0.5728551530740029,0.8124870198300985,0.7078935997607356,0.45647673480307127,0.5171220092308079,0.641724347543593,0.7063310552757566,0.545013256163021,0.6396912279110296,0.5723601506890502
105,0.000287069,0.4758198209683517,0.44025518418974874,0.5796232846418602,0.650626074195845,0.5924719688015276,0.6159784920760976,0.5729973263339303,0.7923329069150509,0.6913592659147044,0.6175704587934245,0.5242788998738181,0.6766431570849047,0.7275712442497326,0.5527763952819034,0.6951056221200832,0.5736051237868494
106,0.0002406,0.5026370412166198,0.47176650457409947,0.5840250387909249,0.6613574363887781,0.5971961897531768,0.6500724039771518,0.6019713394612969,0.8280974195486374,0.7234333601952614,0.6917833146269733,0.559113047763978,0.7199640674324737,0.7879678997140556,0.570779686528138,0.7843148110477793,0.6061993965213631
107,0.000488879,0.5205135749408148,0.47179164312074723,0.5632897335225396,0.5933517715395661,0.566810230955992,0.6632646196535915,0.6115656171954431,0.8195420025694818,0.7371208108546066,0.5449413667514453,0.5950959799086581,0.7197431647678927,0.8019600760986552,0.5687834114200043,0.8074024301755158,0.603700014411025
108,0.000338661,0.5446388255387762,0.48939342865553914,0.5422530728941662,0.5707058956974239,0.5654191797238686,0.6438349762644601,0.5673473272514253,0.7653150823217706,0.658538954484571,0.6584508102647916,0.5432911756796918,0.7209346841778486,0.7529030856441931,0.5428003440991379,0.7484314415402489,0.5766051425303804
109,0.000411061,0.5558343146058355,0.48483491927708633,0.5471032834286204,0.5768371699940418,0.5717480554894278,0.6059273167111456,0.5298191222261317,0.664190266909166,0.5460186023608105,0.6148302636591789,0.4981427001818745,0.6977560446094372,0.6346507139212589,0.49462871494675886,0.6149576903808264,0.5165340798290572
110,0.001297147,0.5819360999826056,0.5074955425009902,0.5417976078814956,0.5518021185263328,0.5666605756648748,0.5125787176202663,0.4621239409401091,0.5762684761145348,0.4677434606841325,0.4244292394770458,0.4212345807367205,0.6406349586117621,0.4985871857723955,0.42304400252284896,0.5154038846039536,0.4433386590707152
111,0.00067907,0.5846717960011516,0.52039456244565,0.5265243548455995,0.540924009434654,0.5701603812702877,0.510901974866065,0.44295953428306617,0.5624774005075462,0.46516641609481985,0.5406131747662491,0.4007637241245175,0.625455159812675,0.504484435783181,0.4220989490596337,0.5140845245204648,0.4419190127954319
112,0.00080158,0.5991798347478556,0.5463049598933011,0.5787523747053533,0.5911914621607829,0.5860003050798079,0.6011430010522494,0.5219248337422955,0.6333438624458959,0.6170954224811475,0.5405037133171549,0.45479059072224587,0.6612736208502719,0.6099809129649937,0.4811884847192349,0.6404395895646532,0.520180279491086
113,0.000633772,0.5702666717777068,0.5016038024263062,0.5390931538566419,0.5121876096369907,0.5375589682497146,0.6886254278920214,0.6131373225891956,0.7317143056093263,0.9051490033882095,0.6108959244371696,0.5327830693046407,0.675730621127061,0.7655100112778952,0.5333140831756076,0.7643342267264513,0.6029950178009004
114,0.000452466,0.5771615105259648,0.4909687091829882,0.48135387157737053,0.49905126340131284,0.5165128093755673,0.6646661078624306,0.5692970795209462,0.7528278106592765,0.7899231273474446,0.6397753495201793,0.5146662668740659,0.6759961121796166,0.7999917313281972,0.5377758661767902,0.6840508080133136,0.6032597070984594
115,0.000370363,0.5867853501383652,0.48966466128925634,0.4682591122572245,0.4956696073957099,0.5075849104288609,0.6600591478705197,0.5927597714960828,0.7422351457636223,0.7001795311937808,0.5765314840603313,0.5296388484859602,0.7101221482838271,0.7703529515365738,0.5418552299603762,0.6030551124629219,0.592151879781359
116,0.000350916,0.5907188461825427,0.47863364069720843,0.4481102020512952,0.5113019321038719,0.5001877807318631,0.6152890775100209,0.5667580388285381,0.7379004620328256,0.6412885900535471,0.5920995628431525,0.502035702608126,0.7186580611966792,0.6782659845460001,0.5076178690433999,0.5623081863415008,0.5684868726080438
117,0.000340516,0.5219557382693218,0.42238849382463983,0.4408328882984302,0.5121757590266867,0.5082581257165936,0.619118759880405,0.5380190253353896,0.7470933235588417,0.5954381588546674,0.5520425549599347,0.5183214607227737,0.6626450844381909,0.6967267573075724,0.5090869025170205,0.5543838101110615,0.5674934975456633
118,0.000421368,0.5480746194378943,0.45281764033971317,0.48555667809240816,0.5746806134723709,0.5388505074776367,0.6649011713697773,0.5931807570756901,0.8300036567427158,0.700833540424638,0.5569569047990445,0.5749761778469098,0.6331366976809644,0.7285084393553295,0.5345718270817847,0.6218654390356937,0.6182452466942169
119,0.000406612,0.5495743105175379,0.4661903897211577,0.5056076652890569,0.5841738101123775,0.5555840299667668,0.7942419675082968,0.6681028945596268,0.9825239798499497,0.8982738955067012,0.5880328950653231,0.6198774065828255,0.6329920429200112,0.9801187622069742,0.5855096683154466,0.7056217048696296,0.7161725006991012
120,0.000271122,0.5763715854054439,0.5026114423451309,0.5391795400688552,0.5996037927961934,0.5749438469884266,0.8223479273451494,0.68867274980756,0.9461034327520873,0.9806263135928824,0.6016884420435726,0.5886995006767369,0.6197139085168718,1.0687444789449916,0.586349883134177,0.6927520653727898,0.7173289045491665
121,0.000388889,0.5206468947917148,0.4428900103749562,0.5620339581718408,0.628466407322092,0.5823910425566585,0.749052890028828,0.6446376493830989,0.8094495112503279,0.841540236189844,0.5397442933893615,0.5306968926973075,0.6113639742948508,0.8715220950627733,0.5417129618263821,0.6171035651881791,0.6430218935411293
122,0.000563518,0.5371503669135367,0.46507608153201513,0.5653002113943261,0.5868025344121398,0.5819075462874921,0.7612473281020975,0.6355941161694427,0.7863899234094058,0.819439721583076,0.5401881403079202,0.5357217535840842,0.6407327102071936,0.8400704102598763,0.5366686735778075,0.6043928845060196,0.6407874043452273
123,0.00030592,0.5244660229589735,0.4748111185487984,0.5663845120755576,0.6113682931231339,0.5863714746924937,0.8061288013524553,0.6390695931687329,0.8063004719498628,0.8246859644829952,0.5986911961083325,0.5705221287184711,0.6675184295988494,0.8638936335917313,0.5516989437734641,0.633186270738669,0.6601959746447585
124,0.000307223,0.5513834297537722,0.5074358529067068,0.5700395626287205,0.591622158183968,0.5863086117927916,0.7325190021574728,0.6069009179856646,0.7667324110390845,0.7513243644854731,0.557338250831563,0.5551981846299082,0.6566596450656058,0.7599665827545667,0.5308735364358637,0.6461542935221761,0.6163661089952062
125,0.000428181,0.5729392594667319,0.5325773883870242,0.5598262921601633,0.6005267151612316,0.5756029158580575,0.6538327433034654,0.5739252308980061,0.7380827790994812,0.707102680002897,0.5347215442356524,0.5414222620652003,0.6555546614160269,0.7065720554848085,0.5177346811920378,0.6529040773980702,0.5845163531624143
126,0.00031227,0.5834367183635462,0.5514198685335685,0.5551194954200985,0.5975924182456663,0.5780386317385828,0.6553453267151385,0.5810590647234956,0.7974764644533099,0.718129012209641,0.5846547982364948,0.5694005617619203,0.6687699114837193,0.7591907556941747,0.5517105811056996,0.6723869229881734,0.6084822561025094
127,0.000357663,0.6071411750388783,0.5698686800261537,0.5642192854357474,0.5987872051140525,0.5828077647859706,0.6964520559391162,0.62940837669138,0.9097862966918209,0.7626337523970329,0.5523193927140021,0.5970989321553759,0.662600178329082,0.8222708602511893,0.5949128411904177,0.6883355370318972,0.6519147652741226
128,0.000401453,0.6330543681725297,0.605563947014238,0.5569879279904014,0.5678288496492181,0.5795435583133162,0.7044052841994611,0.6502490089226818,0.9787396006023685,0.7999385158887814,0.6245653342343177,0.5749282822238061,0.6605279743946822,0.8498254104681259,0.5975924182456663,0.7037851528674933,0.6783121857077655
129,0.000467708,0.6535582122028913,0.6140411069675465,0.5576580950049582,0.5692314150090189,0.5847013882394543,0.6732542371238189,0.621642844797974,0.8918367427451094,0.7913210819517713,0.6095502708495837,0.552540844210098,0.6801799041148882,0.8559736619449777,0.5792837562775494,0.7301631065145282,0.6749999507882867
130,0.000406603,0.6268843421526679,0.6188095115968764,0.5800476137008561,0.6063095948773493,0.590641593281945,0.5984243715158237,0.5737978378695379,0.7237436438036969,0.6997484982074288,0.5743938615865106,0.5109662579478533,0.6725986448437814,0.7066209519744825,0.5195558022523471,0.705337457151616,0.5972102792765593
131,0.000801973,0.6114604499360065,0.5738311661678597,0.5733003898710579,0.5993486318386392,0.5862095961193489,0.5368211345424971,0.5121160952372329,0.619760394801542,0.5890764701323351,0.5185703486938803,0.45822813730197615,0.6424640040421634,0.5961830223208625,0.4643776896639401,0.647796406720068,0.518104908403398
132,0.000549382,0.5902810481590508,0.5331216279872849,0.562249949255089,0.5862597324017609,0.5790585507173927,0.5246342412659625,0.49042607261337795,0.5954674209373424,0.5492071045671416,0.5564514680850854,0.4472808894992097,0.635905739661479,0.5717939828589234,0.45455077019091455,0.6235761572645695,0.4944001557618616
133,0.000496726,0.607550479619521,0.5358797102806822,0.5605217466997451,0.563140036022779,0.5768069422224213,0.5464878895309802,0.502721064995089,0.6282921139273296,0.5645607658316479,0.5357537212704834,0.46212518444558753,0.6481760813381126,0.5892961664930043,0.47250513306878983,0.6286510193918939,0.5115037387329734
134,0.000417264,0.6205153846198683,0.5349470793415119,0.5402363101820024,0.5328359563665592,0.5542421721593543,0.5970741223079855,0.5482572566758717,0.7036150134089825,0.6287308597224949,0.6061615077873151,0.5016256691693383,0.656644482754063,0.6468659042847446,0.509676846225934,0.6447777716724882,0.553015977074178
135,0.00042912,0.5691123471034147,0.5322251425217971,0.5137591479056847,0.5144345337957117,0.5434473300684055,0.6485770489365583,0.5886937166849833,0.7973023846225313,0.7085739677163749,0.5801349285051105,0.5279592476601792,0.6810518930661066,0.749754205257931,0.557072315522978,0.67176536855546,0.6084921916769456
136,0.000453281,0.5893806313520573,0.5419389399839456,0.5050102194554826,0.504094200209542,0.541002300690725,0.6515650796023192,0.6080052121270789,0.812836973628498,0.7193805267273203,0.5397324064067793,0.5376079064722699,0.710002610300995,0.7904795525058026,0.5795368137489062,0.6591118540816872,0.6256718459142083
137,0.000471883,0.5897098102837399,0.5561504913354965,0.5051717677871732,0.5202277272167427,0.5454784198994598,0.5770083487975164,0.5653059019484065,0.7516585769838247,0.6497688760813908,0.5689092330017989,0.49569185814606914,0.7001114203968657,0.6747520816407842,0.528757926622193,0.6124016785741369,0.5770767419305504
138,0.000428477,0.5143299273988039,0.46970990519093375,0.5043550648334765,0.5143886534614013,0.5513818456228613,0.5682561021227778,0.5508192876040559,0.7521768186612188,0.6274064790952989,0.5558656916033943,0.4948927139032931,0.669704640432691,0.6753974984240676,0.5209525835657645,0.6089113481294474,0.5690809953056616
139,0.00048332,0.5279379249070401,0.49172312087414277,0.5304733968878715,0.5437575110051737,0.5631405985718573,0.6184515423160925,0.607140470055532,0.8286005224302586,0.7247140610046026,0.5526891584163269,0.5369020451824928,0.6551255638247385,0.7535478795454844,0.559570578588634,0.6728882897692801,0.6304082517832416
140,0.000294581,0.5447340156420799,0.49176844379113244,0.5374953685357414,0.5544836657144072,0.565028403178858,0.6477578766389481,0.6292199578614845,0.8459640183592446,0.7671388106064428,0.6157937841449089,0.5595153948751991,0.645605170506724,0.8073162287397697,0.5769175990055355,0.6768950708046733,0.6673227004199888
141,0.000499228,0.5504485313966134,0.5059806172657636,0.5407112489773035,0.5701796493137257,0.566405689383013,0.6330248013345879,0.6119370176600368,0.8000901272281824,0.7244168977438995,0.5460965619357652,0.5500454945629146,0.6435728421455622,0.7646523093550828,0.5589220992049018,0.6263286756152099,0.6437332772575549
142,0.000360566,0.5767193085502463,0.5338332695347029,0.5381750953654245,0.5651318487816,0.5639128776949082,0.6818892890382148,0.6518222749203229,0.8693118885053099,0.7747947708502271,0.5351970431257178,0.5778063673169186,0.6679028967805501,0.8411162854767529,0.586595151092781,0.6343079678016671,0.6763496129218685
143,0.000310322,0.6022353704352729,0.5594558147985517,0.5392180570200111,0.5889670358310681,0.5708915986576406,0.787312202441136,0.731440498737323,1.1066547319466657,0.9266315356361561,0.5862400571372032,0.6245868236509272,0.710083799334971,1.1167600733144094,0.6681282592233846,0.7138328290441857,0.7831608075221821
144,0.000303503,0.621117593088453,0.566178014810572,0.5464436818298742,0.5635161948008499,0.5704490224583755,0.7468451928478903,0.7313320477183971,1.1726096051396973,0.91235901129685,0.5765133756455596,0.6271429166528992,0.730762240996964,1.0350080385013603,0.6777780088624639,0.7413287286263438,0.7691217801089861
145,0.000351825,0.6405024855072952,0.5904482693437993,0.5481581325672573,0.5791233927766635,0.5741808680013557,0.6308300970966944,0.6311799062437283,0.9715860921831332,0.7507039131863782,0.5640931568428207,0.5590816681404636,0.7338486540063398,0.7934792065812837,0.6018682966416228,0.6920911600042876,0.6669009234136803
146,0.000278723,0.6492285951167446,0.6126130407706567,0.5556980486299644,0.5893167957784021,0.5808910482364077,0.6233288336228742,0.6201048689728592,0.9140045407953438,0.7207081702947309,0.5714897730962181,0.5585885467143038,0.7414827778967793,0.7896515590399049,0.5995868171923001,0.6895189874152433,0.659296833998419
147,0.00034036,0.6691225711150681,0.62600927541277,0.5722526855059361,0.6251840412198422,0.5885138553888989,0.6487980275868618,0.6510316086159483,0.9509393343043253,0.7595438625602924,0.5485949933579174,0.5730862383943386,0.739005294901083,0.8234115606576171,0.6183993903497279,0.719649225286789,0.6946965589089498
148,0.000214194,0.6704723408266248,0.6379519313634208,0.5697987383224346,0.6147116961665221,0.5896930152683437,0.653603063836192,0.6329840538342373,0.9449850123612495,0.7085089795364423,0.5939976965062285,0.5631344106247185,0.720899277304825,0.8119924463955013,0.6083070441826138,0.7031524195735307,0.6760875991316453
149,0.00032517,0.6930098289134464,0.6648659885233311,0.5871739560789881,0.6469281542168503,0.5975729241749477,0.6615461379373442,0.6257158275157395,0.9402991597234505,0.675342187565347,0.6119745559110775,0.549643864805093,0.7162014294578227,0.773092080403081,0.5909839435827238,0.7066609657447209,0.6500351967835942
150,0.000538957,0.7052623050905102,0.6883386190508165,0.5937595135068422,0.6337908784292227,0.5982435391030583,0.6969612557256063,0.6349827251560991,0.910389403351821,0.6708762040856429,0.5439683117695959,0.5478325952546977,0.7168085841748231,0.777857335044462,0.58341670042029,0.7466431949628071,0.6401964559366707
151,0.000313078,0.6791325972639946,0.6906722360136551,0.5954195397752741,0.6569497149142467,0.6029128484401193,0.6460803731781327,0.5767573789625315,0.7538432333025435,0.6090258786277716,0.6600845132977778,0.4950221972298801,0.7006135282661238,0.6890114890267498,0.5303065474304317,0.7389684295220283,0.5814939894655715
152,0.00048748,0.6853359280748959,0.7074548638660847,0.6011505284485523,0.6562426186899047,0.6037138761930685,0.5497364705054004,0.49768076197586597,0.6045174092952527,0.5144534040377384,0.5772069376426476,0.4275750264794495,0.6742600581845654,0.5565442999788699,0.45755346108129763,0.6379985540059879,0.49534692500575556
153,0.001176001,0.6770700135664767,0.6671262080481389,0.5957529525161627,0.6456178854855799,0.5918107615004428,0.5121444435158373,0.4609014738827381,0.5538853400571847,0.47779480613068176,0.42733048010783886,0.4003592289415609,0.6643915660722503,0.5023812283677445,0.423348164406452,0.5791429720189052,0.4597076295622791
154,0.000528309,0.692404644964199,0.6906089370387114,0.576953288814745,0.6010321757709071,0.5876464177204462,0.5579938132909494,0.47621598844466795,0.5861264870814152,0.49576093128377446,0.5651045609086347,0.41317920673590475,0.6700237212328597,0.5424028042425911,0.4440628722011684,0.5921741186798611,0.48662941301001006
155,0.000463758,0.6467457189716265,0.6129979629682745,0.5736235540800642,0.5770355820871068,0.5787010873310043,0.6357397532323505,0.5358709851007114,0.6504881742867445,0.5563272220784289,0.590875392439587,0.44732402211832084,0.6839832641170234,0.6111841044338222,0.4865143830756939,0.6388469049393032,0.5424485523009789
156,0.000466038,0.6121240555401729,0.5550230659343028,0.5289937148750333,0.5117180246092158,0.5362465531360829,0.6370069631540053,0.5753231796113343,0.6993592011320515,0.6272734901440289,0.5678790306981877,0.4904951977435923,0.7157124264757673,0.6497792460850794,0.5121080570298638,0.6716441275519829,0.5767338106755016
157,0.000249623,0.6026300009496309,0.5283904282937695,0.48665700329235856,0.5080890543316001,0.5245155623490945,0.6424397809049288,0.5827927996366152,0.7665337095112846,0.6517141286022095,0.6401642243148407,0.5361824469199843,0.7697761370114752,0.732191117237385,0.5562334145412376,0.6908726245311387,0.6206870502111591
158,0.000210905,0.6275162003024571,0.5558202507799087,0.4886540833819609,0.5510426283208401,0.5281990746971174,0.716099615771716,0.6811165814641429,0.9004806869258101,0.7159134553412287,0.6121840306166897,0.6192496202579872,0.794194624977482,0.8486600973551566,0.6262427839392267,0.7362442932608811,0.7091091186608421
159,0.000225738,0.6481932381581196,0.5846598344566537,0.47975354091224126,0.5245537490728853,0.5288725194658926,0.7039839881485067,0.6978331040430159,1.0028317328125953,0.7267924005340077,0.6020737477429366,0.5956856924971757,0.7655495802602544,0.8326986425021219,0.6077809007328971,0.7405560818761499,0.7450852032355609
160,0.000279406,0.6682194079648678,0.6094539833312314,0.48551665601482696,0.5347104675981662,0.546533650660329,0.6949808182685481,0.6579792110293965,0.9711559102349725,0.7132766321490152,0.5727811464022275,0.5849496361867405,0.7415996626414778,0.9006992694695396,0.6042281292344851,0.738589925324783,0.7744214374954073
161,0.000262254,0.6154821446188085,0.6090913536497354,0.5533065547740474,0.617537815923335,0.5837785923546742,0.7213067715978161,0.7398713090685017,0.9239415114182625,0.8318614608226802,0.5592143794599117,0.5965966330351055,0.7159943768176169,0.9270629190260478,0.6048628637626042,0.7755122054935573,0.8195298655347137
162,0.000331698,0.64111752373422,0.6478280921602428,0.5832610061622653,0.6149283898683546,0.5994313877223708,0.794314575835284,0.781953138516567,0.9007038729182674,0.8784003962110067,0.5759221690370038,0.5860884336739444,0.6815070934368295,1.0410893474907132,0.6008687861369032,0.7861801400044494,0.8310123369454717
163,0.000222198,0.6657425915321182,0.6837837736538944,0.6074826754839228,0.6598898179988186,0.6103150563844302,0.8485907928923525,0.7802612747668849,0.8909866421680458,0.842312871967133,0.6200192596845874,0.6095631126338212,0.6709228140805028,1.0853629876196285,0.6131641892740766,0.8005681053719951,0.8127642407014276
164,0.000250197,0.686253373406789,0.7135053622913574,0.6314930113900391,0.6765855884116665,0.616970361395125,0.8454800386796442,0.7704408100666911,0.9280382563726133,0.8227932386588149,0.5565795991448572,0.6431165525967906,0.7060947371329815,0.9850854757689705,0.6246958398520895,0.8653473668864475,0.7987319301866759
165,9.7e-05,0.6829895609008368,0.6748024079616457,0.6267865865242139,0.6524189183016915,0.6114532486842154,0.8423204019966966,0.7701442280716457,1.0094180995666242,0.83071963980091,0.6430126811750861,0.656806863267863,0.7514686895802982,0.9653995694426543,0.6426211032788846,0.9504521339029667,0.8023421496172024
166,0.000243366,0.68213511178321,0.6867517363844571,0.6168779094941718,0.6620848705078549,0.6104024391730399,0.8059226115268501,0.7427793036646788,1.0439840490052188,0.7998111644813986,0.5643375724789448,0.6416868907503662,0.782019415178026,0.950646924188465,0.6483219577491491,0.9593380818504371,0.790526233725935
167,0.000243103,0.7003223040131581,0.7176488594241591,0.6163181699374374,0.6510090107455546,0.6109318348612532,0.7526048066864945,0.7208025251292169,0.9823596964114456,0.749518004101055,0.5408362838365455,0.6198323942086988,0.8225301721052166,0.9079228411200773,0.6427314758886551,0.8726356321622928,0.7736297103357855
168,0.000201153,0.7224478789401723,0.7494198737877008,0.6268843421526679,0.6918187741680208,0.6200763286033828,0.7348265970775631,0.7180706898526883,0.9610418974973206,0.7443046603670913,0.5765514052875693,0.5896568462622978,0.8801391262088022,0.912878574565354,0.6415113474457074,0.8230829035995466,0.797211397432724
169,0.000238485,0.7192140612555262,0.7139887057604566,0.6421826834452952,0.6720663680436811,0.6254428285874021,0.8069137684579228,0.8006392293360906,1.0675314270061858,0.837536535835297,0.5714980044896786,0.6209003246657915,0.8989573404012617,1.0798275365482117,0.688004974164049,0.8638916026856367,0.901794574863529
170,0.000161612,0.7299461613938539,0.7369480304762416,0.654875940578454,0.7043304296757047,0.6282491490556,0.8657252331338464,0.8752512783171156,1.230644197844841,0.972048669650123,0.6105142292426683,0.658292599262425,0.8978290094744735,1.2521855035344442,0.7299020606228153,0.9695241181538563,1.0221342861137173
171,0.000189771,0.7505307284392964,0.7740617915692515,0.6541437681311472,0.685160580220584,0.627966581837495,0.8229160894603444,0.8222375879764029,1.1548878763871464,0.9179309718096648,0.6498241885057674,0.66116161288525,0.9248148175524951,1.1751164469933828,0.7207930879780906,0.9933114583726094,0.9775221504929451
172,0.000219837,0.6987834581378516,0.6836629552605465,0.6596518899446896,0.6867211307015643,0.6263906014447655,0.7138729346193254,0.735837324401172,0.9672328430091115,0.7998208346059248,0.662762433282908,0.6109576942882103,0.9500467050877852,0.8994932998298804,0.6554615004467866,0.9482985091680134,0.820887347157001
173,0.000298328,0.7057955195464802,0.70184304542318,0.6433848406227264,0.6993613561130045,0.6253411238005361,0.6661696230874823,0.6755246678872628,0.8844704967297197,0.7169408797187734,0.5766305068977045,0.5680261897629725,0.942177240923767,0.816205655459779,0.6208045877394135,0.9316214827672882,0.7328398892888467
174,0.000245902,0.7159747219362614,0.7247404399244888,0.6538098524970987,0.7064132119678089,0.629347122006559,0.6656004300684106,0.6796660297871353,0.8972232037662519,0.7088441964709138,0.6236609562425466,0.5574768187720208,0.938252690778376,0.8136586878648303,0.6270178602083378,0.9910102431264357,0.7245810112784575
175,0.000271566,0.7354899257539053,0.7434242979653439,0.6606287618710427,0.7049398661318855,0.6303380264748417,0.6519688816581932,0.66773590017917,0.9085104362287639,0.6940206007783557,0.5983548530926174,0.5392649798423338,0.9343870564470534,0.7926731372467987,0.621597446763994,0.9884875508953783,0.7179249461056062
176,0.000457635,0.7561804934898928,0.7840763138243689,0.6539639716185812,0.6917030293483071,0.624679714141043,0.6336489805499081,0.6404652422510511,0.8673711332042527,0.6538336237671108,0.5331168550730963,0.523329122578737,0.8957796927820711,0.7446634052777478,0.5990890551588033,0.8872581479807009,0.6818004186130513
177,0.000207063,0.7347691097631021,0.7812086853377234,0.6483897809032722,0.6945149847048832,0.6211598662187575,0.6280750363058342,0.6291556202016355,0.832162627871424,0.6453781227579527,0.6871653140246594,0.5243951469614934,0.8854922793913753,0.7231985262520395,0.5873398262336245,0.8454914616929147,0.6681169856828406
178,0.000379587,0.7284889536166792,0.7395869719440679,0.6368336045579893,0.699949331801816,0.6156033631895997,0.6212882482559585,0.6254312687260843,0.8096617645080837,0.6491062267906889,0.558245726279696,0.5386534752890431,0.9231499651548138,0.722841349999452,0.587884996647619,0.8360065582390144,0.6677021408120126
179,0.000349705,0.7387232245267963,0.732759318134619,0.6182296153712735,0.6381859655967923,0.6021486969795609,0.6066173452220012,0.6182750239230494,0.8135280637124946,0.6468062294431269,0.5720998585953847,0.5486178780948258,0.9555531942803573,0.7001081775213542,0.5814896539632117,0.8202659973828029,0.6539489952670838
180,0.00027236,0.7437817708011801,0.7529219079188362,0.6008687861369032,0.6568675638302484,0.6015587996665727,0.6455907611054763,0.6410146177551392,0.9158549520987834,0.662900948435539,0.6313582001715828,0.5684428946490536,0.9786539652611985,0.7597371763975864,0.6144923077505196,0.8436847809497469,0.6875233293246239
181,0.000242433,0.7633459235991852,0.7913772795201871,0.6045542945347577,0.6268277003824757,0.5980332241579905,0.7661594351424733,0.7800025364475723,1.175817356997813,0.7937752245201225,0.628503160315226,0.6488143734978538,1.0668422918985005,0.9498279891412583,0.7153016531695822,0.9594354371858452,0.8331737437722658
182,0.000156151,0.7200146216293881,0.7058497937448139,0.5908520000291678,0.6354283735804619,0.5936817207884076,0.7879324563722196,0.8239220223285908,1.2528725670286733,0.8874100001900789,0.6484413063841997,0.657488925842706,1.1300636251360077,1.0541152171102652,0.7402415658481917,0.9500142931913151,0.9312218609575599
183,0.000179828,0.7413197453824358,0.7413993226223544,0.5854344409204958,0.6354792953064737,0.595271978870885,0.7415290114079859,0.7593755236303908,1.0813776830701929,0.8198751144753841,0.6093819758344658,0.6458774351484491,1.066322496246614,0.9800327643758456,0.6963999206795467,0.8273953262833642,0.8620271976726446
184,0.000138509,0.7610403630455217,0.7670847762320016,0.6069030304406301,0.661780644482912,0.6032230582947662,0.7553822471049674,0.7909919423093098,1.1199456174779387,0.8502103990125247,0.6339505272277627,0.6732350124387858,1.0100342331855832,0.951166951035654,0.6849134974212691,0.8240083665408894,0.8733880606879306
185,0.000213089,0.7350716943449371,0.7706800527876443,0.6065034651502098,0.6699441450686936,0.60906786561527,0.8370668687509997,0.8252660716909865,1.3272946069722635,0.8821908458689729,0.6052312571803067,0.6862645720999778,0.9907957062367037,1.12658397104789,0.7207789329463807,0.8968684891884426,0.9681091007976473
186,0.00014569,0.7442579057670058,0.789771014583628,0.633196666566305,0.6754770922745351,0.6210843845401037,0.804047795259738,0.7815122255084037,1.1933725682734242,0.8066639829807258,0.6174132271059425,0.6441395208481488,0.9277035801521767,0.9885940540311206,0.6837052344130572,0.8944693393882273,0.886377184875227
187,0.000243046,0.7649707894309513,0.8328732978859559,0.6592616307008613,0.68703247929035,0.632205771580521,0.7508132144760027,0.7273966044454226,1.0245513370036061,0.7462135114311582,0.5766462103264361,0.5977168218937577,0.8885105034742933,0.8563650925413834,0.6263356413541722,0.8810963921928153,0.7912586542483377
188,0.000178544,0.7361814453608408,0.8276398735538333,0.6760097355421067,0.6916550800497443,0.6365766758286808,0.8320374042582132,0.8006230631342467,1.0753381961002153,0.8493212676207021,0.6334471207913234,0.6272626059045924,0.9230805848192396,0.9991102389225339,0.6571141095926297,1.0621158098836765,0.8783086076626012
189,0.000145321,0.7568282896429629,0.8682378118285318,0.6848730175412454,0.7075441078446244,0.6394489452793248,0.9208907796372571,0.8590263615694063,1.1543593601710733,0.9395615162048362,0.6062618582758432,0.6515032237983222,0.9514055820532901,1.1767658346956487,0.6880070258799605,1.2551398292817195,0.9873667939667077
190,0.000191794,0.7473943003326693,0.8087987518025029,0.6808907498514318,0.7000552169326908,0.6352304609499847,0.8240806346023053,0.7703097534480746,1.0451400784792078,0.8008074159080045,0.5897427585209503,0.6299352764391577,0.934317680904991,0.957093248115308,0.638271951917533,1.020038354877269,0.8553047296986855
191,0.000159854,0.7566576555745881,0.7965084951273547,0.6744870864961553,0.7156685461460621,0.6335616445136576,0.7411722102554185,0.7102598044994638,0.9934998320655335,0.7397412128341425,0.6123503187671293,0.6078891335906935,0.9849650518795003,0.8438626565506523,0.6062492240038581,0.9257805697861688,0.7879586531637608
192,0.000159763,0.7765795640856079,0.8355192479011676,0.6702408051228973,0.7081037673460087,0.6346072364774092,0.7723595643084623,0.7467664728804682,1.0657348203901535,0.7897942914538015,0.5968811134838158,0.6284922119408691,1.0690329945472077,0.9339299764282563,0.6393493102535885,1.0116871370832001,0.8556222275716611
193,0.000113429,0.770419202722989,0.8426801961258228,0.6785315242153775,0.7063976666110537,0.6355253778947195,0.7848701213240458,0.7798291912577607,1.097409524287628,0.8273864053001064,0.6304966585674073,0.6347554185037282,1.0366674861526384,0.961430777721765,0.6535142489758177,1.0827105647658404,0.8947647957624953
194,0.000209952,0.7744287525708798,0.8198039470959329,0.6731475609110411,0.7106246418664368,0.6366490072071843,0.7640249697427732,0.7461062064094853,1.0547984497537146,0.7780501386745573,0.5970392596411424,0.6198488976073031,1.0020352968304145,0.9273240479552308,0.6408611807449307,1.0269787924136993,0.8593820089959254
195,0.000200072,0.791711590151641,0.8581511150112633,0.6867772442463418,0.7324001703280815,0.6402005885479827,0.7976570529659612,0.7736165840628627,1.104275938451749,0.8106080686848738,0.6258200314753395,0.6320227825020405,1.0465490049203123,0.9654279127797256,0.656989015460377,1.0685330492387795,0.9038669385120649
196,0.000153927,0.7728898490014232,0.8559400792827252,0.6929301639360571,0.7437701059437052,0.6432548466889386,0.8444405817944041,0.8029007958721387,1.1737795039232222,0.8615896730956266,0.6180265160060455,0.6393196757633063,1.0275182958113693,1.031450105319721,0.6741249161954774,1.1263723412934894,0.9543106107420268
197,0.000235141,0.7801834766475485,0.8724201130979115,0.692773011017546,0.724645729018208,0.6419017320770489,0.7978873613428128,0.7675586767575925,1.0735136441264916,0.8209309119664377,0.6106612262914717,0.6255276204938885,0.9587823336144979,0.9376834202087613,0.6505029141160166,1.0522972871738219,0.8662857942857756
198,0.000194322,0.7633052944198889,0.8797935573656045,0.690484465242284,0.7279925949715319,0.6396887542483594,0.7129065556931835,0.7018691830442859,0.9320165189708132,0.7533767602912235,0.6315707653434277,0.5902091478600876,0.9666831874235108,0.8220222914399482,0.61431915688794,0.9687327774276726,0.7685677448723858
199,0.000413885,0.7834666297785015,0.9223357328158758,0.686628318488544,0.734687900685775,0.6388707239228802,0.6788131399930001,0.6609150318184808,0.8605800672701449,0.700564785148832,0.5481586514016483,0.5660625663684212,0.9834724590413091,0.7726877762205401,0.5958548848679006,0.9060965647857132,0.7180870186802687
200,0.000193962,0.77855358638528,0.9295804215267176,0.6830457684160692,0.719801895627935,0.6343899832097846,0.6722423772751689,0.6405405631075477,0.8478468406460206,0.6625965129272995,0.6439224255098972,0.5492864380781842,0.9088247600493753,0.728908241899359,0.5819149946723051,0.8539597864432001,0.6866864492071222
201,0.000398087,0.7965562526843909,0.9507822657044834,0.6664267961889556,0.7226391848857234,0.6309487454023832,0.6754945678621596,0.6268207182136166,0.880031763102024,0.6492880807719764,0.5434513746888001,0.5372626882400142,0.8705894289604033,0.7250704196530529,0.5891273456605436,0.8581471336751757,0.6857591413152064
202,0.000203303,0.8130637550250079,0.9716294307692412,0.6570694249144088,0.7048538099961448,0.6187490606828396,0.6668103130804895,0.633820552746186,0.9076612682807818,0.6581138502581055,0.6455221177945559,0.5621575909928058,0.89088416973752,0.7144397181591382,0.6086647224365174,0.8474918951151671,0.685907502107806
203,0.000249976,0.7882361913545952,0.8798986873993551,0.638036186750589,0.6629037012721464,0.6154557064454358,0.6392233921213476,0.6047200134132739,0.9111604641381345,0.6307731696800449,0.6191239927027546,0.556179212169041,0.8868316185345155,0.685029917070883,0.6029860396814741,0.7708444811500287,0.6552469377615784
204,0.000401659,0.7940589566278978,0.8992458148523744,0.6236112949860683,0.6435501725120966,0.6047868965848119,0.6614522227767833,0.6336025036679045,0.9679319447713085,0.6525562994057572,0.5638061480448164,0.5448241613596955,0.879482678891799,0.7171348134023059,0.6356806772458538,0.7710797677891,0.6750745586343044
205,0.000206397,0.7987463768643869,0.8745677683327165,0.6120886568411589,0.6226289178944072,0.6051104783863703,0.7126498967998622,0.6860091746699851,1.107017792941747,0.7202628443287175,0.651108111180807,0.5312826130370686,0.9269098594678271,0.7977433952341445,0.6857601571576057,0.8597781362417308,0.7591135791926956
206,0.00028847,0.8156375959109924,0.9023564572644648,0.6091753634028501,0.6121753584311534,0.6068424821443114,0.7381714542780617,0.6896780691216805,1.1019503521648053,0.7162349912101663,0.6301503481846001,0.5812055803615171,0.931280372131051,0.8281528770331771,0.6941733359256432,0.8370428519215902,0.7730877140203343
207,0.00031606,0.8277023839160477,0.9052541412071746,0.6223546224745781,0.6358312321114922,0.6052780522145448,0.6499616664725767,0.6248064498084434,0.9110270543201491,0.6523883037667743,0.6264742304584001,0.546078094808095,0.8666566897722807,0.687158159422328,0.6067587300783586,0.7224241248341428,0.6687831026020276
208,0.000745948,0.8391121639422982,0.909141777372122,0.605623413665216,0.6356863413526002,0.6053681806925626,0.6245277330919153,0.5785845203411538,0.7983389603824576,0.6015752575457641,0.4843556503191476,0.4834262704527351,0.8398613297826262,0.6566435908860918,0.5690136645157395,0.6734561958002431,0.6245400102692366
209,0.000273338,0.7139061700744039,0.7295678897131275,0.6251794229357778,0.6628881023181475,0.6086853223308478,0.6686079128491532,0.6071764273376153,0.7610348092630705,0.6131779870523582,0.6232357818230765,0.4907168925171252,0.8289250711029424,0.6666189384592818,0.5685372283302044,0.6850420686290905,0.6403386637585152
210,0.000229021,0.731836507850711,0.7373707375200457,0.6134621377837122,0.6593771908522902,0.6049297943491392,0.6943483151992209,0.6120279876422934,0.7714714271954245,0.6253811833994576,0.6230147602741846,0.5000557780821953,0.8238339439629965,0.6839731846543696,0.5682006203277407,0.7212996788351755,0.6527804956055632
211,0.000265791,0.7542159550701334,0.7750615588266871,0.5886301040255543,0.5846025551307509,0.5794215794026288,0.6935083583144935,0.6347401122927061,0.8286023144697293,0.6553728126295353,0.609165394326509,0.5558705609241035,0.8464698447475315,0.7097569576547736,0.6038490786275137,0.7842266784462949,0.6658699637672653
212,0.000242102,0.7754270068095155,0.8127507111480781,0.5704279730673071,0.6641275137728935,0.5772136011884402,0.7010928353742338,0.6508291808383789,1.0075442221953328,0.6765914421818605,0.5953470749897203,0.6158680888698077,0.8803324788637208,0.748250586859722,0.6592869042922336,0.8433142528937794,0.708921621817735
213,0.000147184,0.7675458570848355,0.8275755919546098,0.5655462000874348,0.6513403920719472,0.5808330175942245,0.73286096612949,0.6934012149768178,1.2576637556715082,0.6841708233860707,0.6460429978350547,0.6449027770578567,0.8605800672701449,0.8209134852103572,0.7288606699195637,0.8555492309312432,0.7790907821664392
214,0.00017676,0.7781213639564051,0.8192647192564536,0.5699153221398541,0.6546867004852138,0.5860618006982384,0.6549706221841075,0.6728719753134823,1.1569165361620923,0.658402256122855,0.61762091704878,0.570976602097408,0.8215782300324298,0.7379460286331523,0.6604372143541322,0.8078172459922295,0.7518298665099775
215,0.000291647,0.7837697773304264,0.838775506859984,0.5756215393999591,0.6519217472761445,0.5957116614876506,0.6152633978644159,0.6288984667766127,0.9972993299567632,0.6404511742671327,0.5593813664612644,0.5432891551460968,0.7987431664238185,0.727377207784534,0.617148726050607,0.7929384130568286,0.721153141903075
216,0.00031488,0.8023746917335638,0.8657824668412268,0.6373475811601612,0.7093664671461655,0.6212716296256797,0.6302441663716895,0.6715696971052147,0.9903333935640257,0.7185236444312579,0.572530920420448,0.5658621282761945,0.7883071648431823,0.7663280742705542,0.6229660147703489,0.929261768058787,0.774187464473716
217,0.000311419,0.7946383987106925,0.8245481921141891,0.653575799978184,0.7187714974854277,0.6273279198413223,0.680977275504548,0.7218120778050787,1.0085218584074764,0.7664627821093294,0.5893986896212833,0.596635432282897,0.7797634698601542,0.8511722503748055,0.6308158637975615,1.1529663974914262,0.8294854105065151
218,0.000203129,0.7747918406443933,0.7659144691520786,0.655231873095911,0.6973807451023649,0.6257088824357123,0.7067321181235134,0.7195060383691502,0.926894808524123,0.7348153484977885,0.6449923526394883,0.5875920904944137,0.797498831594788,0.8490724246581499,0.6078997477677492,1.1881340558751892,0.7960838309547792
219,0.000309099,0.6752034850227998,0.6381139276319652,0.6502464107482636,0.7080512079009776,0.6201469356487758,0.7044184962989124,0.6934138174979544,0.8778799308549333,0.7070670451351626,0.5601000673658263,0.5615809627915077,0.8788105941564403,0.8251722519278554,0.59785409224524,1.1039748985174567,0.7593300085587387
220,0.000202237,0.6997053307686794,0.6707392839755548,0.6401807527435303,0.6652542347159133,0.6128536227656178,0.7204889384503839,0.7058154555522462,0.94079451133184,0.7127741991518362,0.619668931747985,0.5674595345299571,0.9593658946363905,0.8290596643925708,0.6223037543334993,1.0444969672505073,0.7678109276002281
221,0.000184238,0.6988931162568622,0.6486234615109349,0.6236418543552591,0.684965119679824,0.610428231430863,0.76164088816652,0.7398547243592302,1.129382357691615,0.7394786785808658,0.6104791090791342,0.6080009641793943,0.9801484218811336,0.8817003202297025,0.6634016105947603,1.0642243074641908,0.8248220382998322
222,0.000159341,0.7163993962071861,0.6768032557087094,0.6158276225654911,0.6758647862913805,0.6073069142550824,0.7681476492481712,0.7782015157842329,1.2805367495886617,0.7854174554087363,0.607763221119753,0.6633951728784205,1.0229324484563618,0.9507281221618263,0.6985073913887124,1.1430489298985818,0.901143827780742
223,0.000115135,0.7359465367943046,0.6925814291762645,0.6182512017957935,0.6543846103511346,0.6120352092199904,0.7061058265753513,0.7325883474417315,1.136514516332676,0.7583348640811974,0.639631043598156,0.6206697266066228,1.057842907475159,0.8960605852634845,0.6652134322682071,1.0831946526755856,0.8682996696050355
224,0.000136681,0.7467756555940547,0.713911900794459,0.6336914597485351,0.6764022472089232,0.6193626007831545,0.6918146021742915,0.710904014810042,1.0460474808378055,0.7240256317887769,0.5975850237184003,0.5898519794191139,0.9746834526217124,0.8603392523858439,0.6374993237878923,1.007798843418645,0.8300486892287559
225,0.000208418,0.767298136264674,0.7515315237021433,0.6525142883293042,0.6818403560779317,0.6265997368071886,0.7514392832783449,0.7620308775648772,1.151684311146767,0.7628923659094791,0.5997668319887641,0.6141541788274485,0.9114059960227998,0.9295854821615507,0.6593130835763608,1.1152582889343456,0.9126965067220828
226,0.000243759,0.7399759460224763,0.6957709654417971,0.6617158336976667,0.69341066680325,0.633701078866502,0.8348091193970534,0.8050534080324944,1.2503650035608977,0.7918335470877791,0.5978675552139934,0.6349496618543791,0.920207660780885,1.046447920466878,0.6949639008874462,1.2256376445973314,1.016708208687701
227,0.000147195,0.7454333352208209,0.717620919036396,0.6918146021742915,0.7468570029903003,0.6435694835301772,0.7936067056140045,0.7682733199124077,1.0796808173475967,0.7597675677081331,0.6369239286985237,0.6031988599161643,0.9336786117712742,0.9220195310801261,0.6591795115979744,1.0818679619078773,0.9039344022928252
228,0.000150872,0.7331661641120615,0.6810598537204797,0.6990630808002265,0.7491839883720376,0.6438232069713491,0.7573792009280221,0.7337727276619512,0.989011269077618,0.7405304964943987,0.6172835272405243,0.5934393092179346,0.9418086187245839,0.8612010975718316,0.6327269668514434,1.0112503470600727,0.8228195591987574
229,0.000184143,0.7543011103922881,0.7121192081117026,0.6930454774054176,0.7047942511301609,0.6380877380560425,0.7954806095818374,0.7678494284086698,1.0517874576295656,0.793221248444889,0.6078664918710689,0.63522319421106,0.9828767207881883,0.939109848470588,0.6684140460726847,1.1632308458342944,0.8852015408554463
230,0.000240604,0.7726194853012117,0.7436781024178969,0.6846100731535514,0.6922708392878725,0.6363590177813108,0.7774736377474075,0.7411568203604787,1.0463540825539543,0.7554963215936152,0.59239140675302,0.6374413877379898,1.004970210446231,0.8993145401879078,0.6695911311707854,1.1222180530028636,0.8780973898780373
231,0.000227528,0.7861786093558737,0.7759312626186914,0.6794475656828365,0.687664643536365,0.6354017051803363,0.6869017634041843,0.6545921419383512,0.9205244584829851,0.6454458731233579,0.5804580900414797,0.5806263476097329,0.9702742380851792,0.7405714343781858,0.606772099930676,0.8641557406392362,0.7407045294044476
232,0.000231017,0.8017034992737142,0.7885742586118061,0.6755936218186024,0.6884794087096767,0.6353976648065602,0.6659518180818178,0.6335816725231043,0.9103347419384736,0.6254944704614442,0.5865277670618596,0.5604524173086322,0.9638755472936814,0.7144270827738581,0.5986709184239488,0.7972305500419264,0.712912262374203
233,0.000194453,0.7885588122720836,0.7514994362238877,0.6771873696053229,0.6921851607810164,0.6340219670011958,0.7508852194517073,0.7142973217115032,1.1070519817894193,0.7177094081285079,0.5838318685769983,0.6155592754229586,1.0080117130157782,0.8543386379806949,0.69163631999495,0.9201364877111919,0.8508810236350557
234,5.31e-05,0.77873500744261,0.7209476680051691,0.6785531745248616,0.7161320063254382,0.6315794946209182,0.846187233655563,0.8239942676724386,1.4112389829964014,0.8364338853816198,0.6680127324787598,0.6736843390376808,1.0452263960285249,1.0261336880786796,0.8072250841823929,1.1181270068094047,1.0512124972158257
235,0.000127335,0.7954726815961171,0.7389938533309369,0.6658020847920565,0.7074002186027466,0.6263782148094119,0.8387234634932015,0.8310575338202201,1.4112389829964014,0.8292679645276974,0.6692537820781074,0.6628569077134313,1.0669111453589797,1.0133612940596306,0.8101537638151296,1.140190002521507,1.0242668842647
236,0.000114705,0.8010517986454984,0.7628322322733453,0.6558992582943229,0.7024897190677237,0.6246712678383877,0.7888277081629241,0.7787796386091702,1.3828996894083707,0.7770565119393037,0.6662907182480089,0.6241773716057805,1.0798434016663614,0.9362686427041691,0.7560034916380103,1.088709141154473,0.9262057595220337
237,0.000242431,0.8089954826266154,0.7883426587775617,0.6620044336554192,0.724280421085773,0.6325642538696162,0.7186884615311856,0.6946543196415251,1.101045245489412,0.6943862799742193,0.6054828207837889,0.5809768913905152,1.0129452496489038,0.8215223363169157,0.6802155918201184,0.9822999774076147,0.811941858432858
238,0.000297943,0.7634594394768318,0.7826242142529758,0.6878634500791044,0.7257955557927541,0.6415437829852126,0.6374748418396256,0.6177805355891924,0.871999996512,0.6094340182995396,0.5972908099737956,0.5343650296480669,0.9140526490827409,0.6795661625829957,0.5927728932272499,0.8398482674355952,0.6825293823823192
239,0.000556162,0.7574106788161308,0.7467297454132824,0.7064209850310582,0.7384478190150189,0.649051958772342,0.6066475834232585,0.5760576061339361,0.7814535936562007,0.5698669311696527,0.5259180122698864,0.49451820510348027,0.8764555283733886,0.628285082708753,0.5504485313966134,0.7855716472696117,0.6234028471812666
240,0.000414438,0.7300441917337537,0.6875059270786,0.720120467219321,0.7334978474768086,0.648619163631758,0.6536839960234787,0.5981821743244632,0.7960774741078669,0.5863321036416737,0.5555608025434683,0.4955047383376352,0.8733104223698651,0.6620464765346424,0.5674998303078223,0.8216271463931653,0.6428410685876057
241,0.000250336,0.7396902134329942,0.684318155467713,0.7075418763335272,0.7249395737756251,0.6371804634019723,0.7296327294808657,0.6416760711200288,0.8754308597305915,0.6288702618193738,0.6166030183304093,0.5222489323114166,0.8757797747256236,0.7203899960767324,0.6048342855939599,0.9191784879315541,0.6994648186314647
242,0.000225544,0.5909585879614805,0.5480632106699426,0.6528435924330054,0.6371014339740407,0.6069685274876169,0.7549020717340296,0.6757840831736842,0.9274622342197906,0.6650021215837592,0.6192122231117779,0.56529053784677,0.9219824974735181,0.7608363413775592,0.6391822585313387,1.0219022606677328,0.7358812545756044
243,0.000193147,0.6003869143352266,0.5371147318263979,0.603942039642068,0.6211938419538438,0.5877448842653564,0.7037039096022852,0.6561731915095433,0.9101589415592051,0.655869928650973,0.6555253779740254,0.5704373280645495,1.030304409719775,0.7391528116103613,0.6314454210996997,0.9997580378468657,0.7158452714012578
244,0.00021632,0.6060626095766766,0.5557077785905351,0.5781025231446819,0.6229667763308564,0.5843974947642556,0.6651448268976065,0.6260796097561439,0.8917406778048621,0.61623559348869,0.605155849221509,0.5653690786415194,1.0899265749155083,0.7154008201290538,0.6125442516563826,0.8736084984538186,0.6879024117657183
245,0.000220243,0.6116571424493081,0.5701049235643737,0.5781907889738208,0.6304895530764756,0.5891376511702755,0.6552407345381126,0.6279884242619254,0.9394622501000259,0.6079103625008178,0.5957316399454677,0.5656043276274276,1.060380162349309,0.7040554342217289,0.6038893102152267,0.8144846012089348,0.7034746041318781
246,0.000170698,0.6361115813501452,0.5888814620935837,0.5868012614511964,0.6516748952643762,0.5990260756641584,0.7187808554535889,0.684697013543136,1.108975923578902,0.6580456227203351,0.6169222812194219,0.6040246305763196,1.0353469815637104,0.8040936465254722,0.6521531529597379,0.8634228468354647,0.8175311672297901
247,0.000181562,0.5727444497328982,0.5824582555978568,0.6278628614370491,0.6882513112087577,0.6166754002396977,0.820554740763565,0.7921089391591492,1.3207147529172123,0.7728564015518554,0.6214575320798539,0.6630165971096388,0.9848386543154233,0.9630388581713107,0.7289472822765516,0.9429237080771125,1.0053893059628891
248,0.00016477,0.5995773114838789,0.6117407762365982,0.6546372067892576,0.707712647930867,0.6251925083397866,0.8258899896342865,0.8036452960278636,1.276586498275237,0.811936800156605,0.6393871825444222,0.657333196370877,0.9048524785648995,0.9733997002741823,0.7253888269352655,0.905923207908287,1.0020669910613529
249,0.00013659,0.6261592475674578,0.6505948438944232,0.6616793289638491,0.7131737753264746,0.6287911514984406,0.8147809105753141,0.7993731535264162,1.279215927422227,0.8185986580048052,0.6490373173531675,0.6484782405359634,0.8810188343041749,0.9676778100733728,0.7177874454045633,0.9401865698981068,0.9723381163020584
250,0.000142311,0.6434679102618114,0.6498250528744824,0.6696147741740579,0.6978855618711095,0.6312313978626121,0.9050252213691804,0.9208563415833703,1.7160713575153503,0.9701879288319432,0.6216784135396973,0.6956935264288039,0.9540205508785871,1.1601542483063618,0.7907784553021908,1.3779281945052235,1.1688138506432648
251,7.85e-05,0.6673283170392219,0.6794564582966077,0.672549768202695,0.6841254319947381,0.6336938644869612,0.9739754510785307,0.9957407175963308,1.72895012247077,1.0590231942603898,0.6393377852399154,0.7180263743637045,1.0434038926884355,1.392155586201634,0.8379847501465246,1.72895012247077,1.3207147529172123
252,0.000118104,0.6475276956753973,0.6815340156769536,0.6825343902102069,0.6969793859145298,0.6386121430852868,0.8401245726242407,0.8352621447073422,1.3689513680382595,0.8304795701078137,0.6106045660743655,0.6576913604953297,1.0452695628239905,1.0486567725054026,0.7293074814743675,1.4817010090045775,0.9938181490817996
253,0.000139352,0.6659443755330845,0.7045132047724229,0.6965020742325221,0.7080981753593252,0.6427992326984241,0.7576516830879803,0.7456539407763313,1.0644977776253737,0.7155542642325129,0.6021473215121215,0.6259737308071577,1.0331202577231149,0.8668023093043162,0.6543687224520116,1.0598247497444828,0.8491418472022877
254,0.000150039,0.6897948679694369,0.7347653610590575,0.7058254241886548,0.7422196895618423,0.6483296833633793,0.8142022163722837,0.7746775885418379,1.1142241452339186,0.7383793327740119,0.6122563131650821,0.6514823187777526,1.0441346179407542,0.9342508894302586,0.6779438220342243,1.0988277223230893,0.9132070512279704
255,0.000130674,0.7099293385594242,0.7625178112301138,0.7230293968448623,0.76286859044666,0.6534131672129334,0.8797485131709357,0.8174502842928051,1.2436884585635999,0.7743131986089862,0.6230711365297006,0.6620720717746015,1.0165824313075684,1.0029620084585895,0.7102383609734473,1.2329757014149343,0.9673069615606821
256,0.000207821,0.7229496375409584,0.7558388553959723,0.7311300631139623,0.7631988487211931,0.6548821334469763,0.8153249853711677,0.7618748099295646,1.1896532775105242,0.7302231989631303,0.5970794863372668,0.6174302794532602,1.0180782281194012,0.8952932869102557,0.6718647014395648,1.1821773026919764,0.8697074072691372
257,0.000146231,0.7260690982792489,0.7670549200283877,0.7300907699831859,0.768012051253047,0.6536787169209075,0.8133059774986003,0.7686607162294394,1.1880970743643338,0.7455573201592771,0.6580177991590849,0.6154733315157858,1.1520309198188732,0.9195211617723476,0.6763301218594036,1.3347221669563838,0.887837365116206
258,0.000156149,0.7272293592513289,0.7372470046743923,0.7301140624514073,0.7719940862274185,0.6521138402851682,0.9209473648288733,0.8872119475616032,1.3585652432320374,0.8805066052493263,0.645322244764575,0.6691839191525147,1.346101078432811,1.162458165263829,0.7497980199024772,1.72895012247077,1.1012176751280998
259,0.000157817,0.7499202103908198,0.7775121299860386,0.7145086502458796,0.7612514969180297,0.6455763526690053,0.8992229099082713,0.902511564377253,1.3295098429063401,0.9060731323648813,0.6516060360951437,0.6811802926691476,1.3199896830009563,1.1845576119392598,0.7547936843207149,1.72895012247077,1.114010693582343
260,0.000169991,0.758079483929076,0.8019746986510546,0.7019890178498828,0.7405599199121461,0.642950717365918,0.7419892491168162,0.7577407485370902,1.1184574050243972,0.7699975035181411,0.6328211424843034,0.6198406457432233,1.2508332543103815,0.9123948972704436,0.6690631268083369,1.2330997120465192,0.8918211021507889
261,0.000178887,0.7747185963015691,0.8141852146158065,0.7001579065649695,0.7328002201685812,0.6422711302006466,0.7029094304748851,0.7286729125539653,1.1280144684900557,0.7456500229936863,0.6156967135507302,0.6210519358773026,1.2630431414593584,0.8687061977344642,0.6533516621430075,1.0965487765588036,0.8591421981848486
262,6.48e-05,0.7310722081288918,0.8030655177275758,0.6992019413083129,0.7307646995016359,0.6416536013287445,0.7560729160089108,0.8030133176532421,1.3392390061505133,0.8271492130184604,0.6458978052257285,0.6695211625560837,1.2271017590325128,0.9983477041627757,0.7040532355566437,1.449001474881392,0.9768578632018863
263,0.000149005,0.7516839953736598,0.8239502133725561,0.6940206007783557,0.7290412488978806,0.6412429036080478,0.7726674323509556,0.8212552520642395,1.2707290732972454,0.8272544084770417,0.6229751536807806,0.6833521424328166,1.1715394210383057,1.0422357769294233,0.71760578602222,1.72895012247077,0.9828856937310603
264,0.000170702,0.7714786589920156,0.8562266466296636,0.7008411307480933,0.7421797655092754,0.6414082517423049,0.7133783898947959,0.7420059777874776,1.0458312182970735,0.7356090142508864,0.6082992447425818,0.6340283897369638,1.1811689691529426,0.8749198712620184,0.6564483593015019,1.3008532493051261,0.8411537773993142
265,0.000202144,0.7897989470748145,0.8913834993284877,0.7028044320998216,0.7681619268997506,0.6455026304750712,0.7280788981937005,0.723804553977717,1.0473334039426687,0.7203711545314845,0.6068220687809656,0.6116701178575982,1.1733721855499333,0.8715909145033491,0.6457365948599403,1.1797233530280282,0.8196339147624249
266,0.000177985,0.7970534410584538,0.8729665448714583,0.7145396761951147,0.7546311907017353,0.6481443448122839,0.8548596451551554,0.8384615351076923,1.3214410189896533,0.8368009514968316,0.630209472411828,0.6557126822294277,1.1058018778892786,1.0492384628733902,0.7068144148598831,1.4616228316109425,0.9433994169845556
267,0.000212855,0.7760048514807858,0.8070031520591888,0.7149756155852749,0.7400614750344514,0.6479385993937368,0.8474535493212296,0.841543990828201,1.324358110881686,0.8807389345718982,0.613809322646266,0.6524224173801171,1.0903019923572932,1.0496717233337647,0.7070447760784903,1.3015472228137073,0.9446661914978025
268,0.000173263,0.790338003376189,0.8119890735704791,0.7128483553735129,0.7106042955780308,0.6449095361771214,0.6988264551695095,0.7025170211517031,0.9760865232821878,0.7346391881621828,0.6116218246876068,0.5908727931456688,1.1061299932117568,0.8183430456151215,0.6274018113843376,0.8845794928109165,0.7620071825532273
269,0.000314405,0.8046231414200129,0.8381887219463935,0.7102180478455284,0.7279998870144263,0.641631133897792,0.6606741767093927,0.6673114676069636,0.9071105842936089,0.6919043166763387,0.5585621957119911,0.5710563639793543,1.0827865356159754,0.7525081436714407,0.6045591666749414,0.7990483312351482,0.7094271927780146
270,0.000152213,0.8213477419544506,0.8765509800724963,0.6881599303568392,0.7072909660535236,0.634677287869746,0.7790163119726533,0.778519398258046,1.2109320802337202,0.8146497452820058,0.6239783041982881,0.6504864402550562,1.0611810410453366,0.9494691903703324,0.7068377745765974,0.9991385145159528,0.8572368644427324
271,0.000130285,0.8236367508825466,0.8521529670136976,0.6799233163717746,0.7071561424080544,0.6332654518649924,0.8827255208119756,0.8744540056116376,1.72895012247077,0.9265939435339335,0.6525414195548428,0.704561675044786,1.0618667995558562,1.176232354084427,0.8190379029756113,1.2226962787483526,1.047235709825051
272,0.00016262,0.7917100269670122,0.7823691528454285,0.6715229521699755,0.7384554297737509,0.6259721855268645,0.7760387093888524,0.7838425851192176,1.7257032649153687,0.8050320426488438,0.6310619191434085,0.6467065240687565,1.041573092037538,0.9457994689098148,0.7453746270985427,0.9566737487620912,0.8805281095002094
273,0.000218002,0.7751481042078082,0.736907690516624,0.6629954821214222,0.6362957114779623,0.6265090857680091,0.7608058216362596,0.7725904308269289,1.487887678956479,0.7995518137145581,0.6144206917515518,0.6200327745834233,1.0703168316007112,0.9383828066717167,0.7233463138343019,0.8775242435353732,0.8447309394119613
274,0.000178964,0.7316698836058014,0.7343346424194656,0.6681902738988416,0.6375482961475863,0.6305740450217595,0.9415429526372989,0.9704238953727714,1.6486303921852723,1.0197710054365463,0.6391616947138942,0.682887218571042,1.1584756741732223,1.3938585294513723,0.823501262750043,1.022908847237692,1.0793479469939544
275,0.000216084,0.7388438907770178,0.721076363858003,0.6795463921202249,0.6475037504163225,0.6344712259005376,0.8835978030299748,0.8867766981303817,1.2327159908904282,0.9574275864702511,0.6429088600667574,0.6550361269477254,1.10894155617677,1.1654883417232682,0.7368976065617603,0.9608350601230337,0.9987962270977578
276,0.000245206,0.6672927475123763,0.6227156128777095,0.6780203922464698,0.6409117613125715,0.6351109951247242,0.6972130719949663,0.6680202445913325,0.9267418322029979,0.6945065428577479,0.6062316777141794,0.5756401647496631,0.9710434065981016,0.7803974774958675,0.6018422008601433,0.7690286413714923,0.7159724097036931
277,0.00033384,0.6894250363159553,0.6423128630548967,0.6964509918371816,0.7424232735931812,0.6387491928604624,0.6656152923629579,0.6373492122250629,0.9318660911230126,0.6658290479269702,0.58781204893217,0.5635511459815563,0.9296462162269824,0.7200134458294372,0.5861759675941164,0.7786368458800634,0.6647836084472122
278,0.000253013,0.7007598186857593,0.6367742231372915,0.6895757896727006,0.7146925667346692,0.6344414601040417,0.6951849815592687,0.6687020837740011,1.0503938014627907,0.7084182500983388,0.6285344445378385,0.5894825533345539,0.915978390025221,0.7817679544788098,0.634990790159575,0.8669746863976158,0.7010928353742338
279,0.000411571,0.7249959848700734,0.6753829416173557,0.6737719999650935,0.7062689016944053,0.628387449295859,0.647748459220331,0.6326232626962637,0.9622801194104894,0.6480714542296752,0.5690525509356719,0.5600358739108596,0.8625442136940393,0.7181721799039825,0.6092038491752276,0.7946652701015334,0.6539763058571445
280,0.000251431,0.7369644204773065,0.6994012268542023,0.656251521204325,0.6713513198323443,0.6188871535702517,0.6441210002784566,0.6347521960514945,0.9205686888309464,0.6438963551802254,0.6093698582701097,0.5522466957544722,0.8684399295273049,0.7135065064949909,0.5955073307307969,0.7924363407445398,0.6453857436090134
281,0.000272992,0.6836357799468019,0.6252194514648819,0.6437425206304476,0.6833059088031336,0.6145858847403143,0.7682418964639275,0.7466064856808878,1.1243610727438609,0.8041755432995439,0.6551140500932667,0.5940538200789605,0.9417638869101037,0.9403489216026792,0.6671075035400509,1.11928247514668,0.7792427676091038
282,0.000275443,0.7020282498467878,0.6325275810285791,0.6263139709294688,0.6990856803614857,0.6033067379896314,0.7501474841167259,0.7212996788351755,1.0246800958824662,0.7778232385533347,0.6849347522318384,0.563755345697026,0.8763007508065755,0.893021111004887,0.626288433673503,1.1263903476934216,0.7433246601454334
283,0.00050691,0.7149307195548323,0.634167329165371,0.6091675305159516,0.6214635804902211,0.6008346210564286,0.5600452801920718,0.5356060396728839,0.7117963649575333,0.55110272383236,0.5778312828090992,0.4632825630102175,0.7707435038966476,0.5958915400033566,0.4875529643879305,0.7125689641806028,0.5446413700794321
284,0.000954466,0.5867414416300294,0.6095167433500894,0.6074826754839228,0.6254158565746807,0.6014244441936896,0.5138719549458577,0.48974493500377536,0.627139808754011,0.4944081499833862,0.4541371586016921,0.4384790301086582,0.7705272576251957,0.5324651262272311,0.4515661067677652,0.6114827754335873,0.4908826158083037
285,0.000545873,0.5790732300309268,0.5688958931175606,0.6144828062283644,0.6312519980390273,0.6044798350506082,0.5758535840264343,0.5417760669560177,0.6909848351760935,0.5572542874972594,0.5498113217339409,0.4684218782401402,0.795799511037211,0.6021906532649219,0.49164486534285495,0.6798371917977154,0.5418958269832689
286,0.000330405,0.5264728651574817,0.4907623100667914,0.6021562622189681,0.5780952201974104,0.5937674263439374,0.6900151900718903,0.6292285900247097,0.8324732085015139,0.6688226806408207,0.5973935338759021,0.5294802662036416,0.7612306535232286,0.7512348712574595,0.559182982772863,0.7874905869228778,0.6333494643162627
287,0.000294978,0.5530980388610176,0.515804141685123,0.5747505743672082,0.5627354377480212,0.5591069916357138,0.7588009796297368,0.7307290536123118,1.003057364274823,0.8521607640433707,0.6514596739428732,0.6024963044660065,0.7862781201129451,0.8844203720601944,0.6097344140170644,0.9247550254238881,0.7264552346703232
288,0.000177655,0.568653039368754,0.5138604144508725,0.526122034439093,0.5719996140298915,0.5411819504633659,0.8268249644286016,0.7771422489293672,1.1843796364690407,1.0068425963673489,0.6805697992270562,0.6567854435573443,0.9061082816778973,1.1997185598416744,0.6674921975165428,1.0538791644620982,0.8282709849290546
289,0.000204235,0.5381731313768492,0.5189401717471274,0.5117015639831438,0.5778774761498416,0.5419509733556688,0.7761550377050583,0.7438997463091097,1.0335825389378324,0.8077176318890747,0.6248717679906994,0.662583684500075,0.906654793483364,1.014398719960375,0.6310872530756799,0.8672642649977116,0.7375273867672163
290,0.000226717,0.5629893336117281,0.5451055814505431,0.5087422961670214,0.5913978963864981,0.5496674041905192,0.6278394729609353,0.6125826258832588,0.8104185424078795,0.6062022033768971,0.5912220554788745,0.5572586482945026,0.811365823137454,0.6950569617751196,0.5233128701775916,0.6468394748173102,0.5947417991126507
291,0.000602227,0.5837303429532835,0.5714027772568249,0.5269483392733808,0.6152289188261936,0.570153375193329,0.6466238972986077,0.6097472674434483,0.8100382140450637,0.593602640899309,0.4934682573152847,0.541022751776581,0.7813559032208327,0.7222638458820037,0.5240262384988972,0.6213207339752738,0.6101067783657267
292,0.00022252,0.5482229982859688,0.5685875974360411,0.5969675422069082,0.6747617589049367,0.6039753495554816,0.8907795061542637,0.7952222792762641,1.0516921760721316,0.7939296631640222,0.6245668691190887,0.6272734901440289,0.7235359482918445,1.013827085163001,0.6128166474663164,0.7386660874604956,0.7892671872205468
293,0.000273331,0.5645823060988159,0.5626086185625891,0.6375597246555482,0.6847809525455362,0.6195632748760913,1.0882663411235232,0.8760083814836548,1.2250349327519972,0.99318182072146,0.6508517599864908,0.6584472132933005,0.6407418249242882,1.2347152628785798,0.6427473675377838,0.8010777066166603,0.8706788183685521
294,0.000380093,0.5245814851361416,0.49531629911869957,0.633701078866502,0.759576991595248,0.6032278983199696,0.8104168657775678,0.7502698455634237,0.9763707971446416,0.9049761897086835,0.5717633633829187,0.6027665458782856,0.6332070629060027,0.9337119443868215,0.5849471143140297,0.7251941281348416,0.7318883697262618
295,0.000342717,0.5458463890775186,0.5186903115847803,0.6117357283974457,0.5362455816582166,0.6000014340051409,0.6900338185167246,0.6597803210291007,0.8593920054714838,0.8133652957037204,0.5606638136330601,0.5402879705500019,0.6967704413401815,0.8500497623070776,0.5630506121579845,0.7172219605933459,0.6747762755818962
296,0.00035337,0.5515667530716151,0.5042435622945911,0.6043546381514938,0.5292312196123655,0.5970325559822222,0.7623433007814241,0.7412568718177204,0.9603771393211771,0.8620211444013408,0.5617925221555827,0.5822374112606294,0.747078875310216,1.0096514490739052,0.6135894432535964,0.8387494839656329,0.720703453525617
297,0.00027613,0.548412018500822,0.48046294220688646,0.5923809295522844,0.5163102207052465,0.5920819090060152,0.8144641779944515,0.8317943777796392,1.1935599853021486,0.9560262649537303,0.5875045594937027,0.6449475601833021,0.7870940001679464,1.1648206656158586,0.6550901388982485,1.015835350041511,0.8018090232110295
298,0.000176819,0.5686999629790584,0.4894731996268751,0.5777377144686253,0.5101642498455846,0.5906078452264204,0.7469567554286687,0.7430815568018049,1.187632458328507,0.8605961287866055,0.6247979983640305,0.6790270476120573,0.8517672813428497,1.1877274490828122,0.6618308631125953,0.9052471308793987,0.8088887633493625
299,0.000206753,0.5780666196518665,0.484473453761746,0.6049039955542204,0.6382138049817132,0.595972205119067,0.6638960347769273,0.7017526753233567,1.0602149484789167,0.8082975707458686,0.6111546209271331,0.6511028942400934,0.8277684817025075,0.9289409169741976,0.6315128438536931,0.7658168314801582,0.739519442263437
300,0.000213347,0.5941152440987939,0.504289204754976,0.5933162409811394,0.6589811086014843,0.5946636197170373,0.6817994202663425,0.7267875632972746,1.1324120605557935,0.8561357044397504,0.6351489262922874,0.6363858069061178,0.7730120418059075,0.9955821495117386,0.6497420892030297,0.7652826086374993,0.7425431830513719
301,0.000379996,0.5793204994942849,0.5154806685912725,0.5969213082200283,0.6793517452230172,0.602059311196865,0.7321441358631237,0.7737828995724834,1.2675095873203386,0.949196990592023,0.5879381247917186,0.6477904127003115,0.8020445729986999,1.2211618051041055,0.6937806416897653,0.8205408184258403,0.7988121994283346
302,0.000368536,0.56126379293279,0.5256620597759939,0.61957825837718,0.6940332371021716,0.6120583199865786,0.6673601472272391,0.6755266099625421,0.9935492593031392,0.7715582221795015,0.5971639888725616,0.5791558219758912,0.8182325846644362,0.904386100598703,0.6099794831239502,0.7608294047502019,0.689449810899148
303,0.000577693,0.5662523506814942,0.5080018976336601,0.6368498763397593,0.6957667215385274,0.6201747343998615,0.6348416373208687,0.6077794863070674,0.8266113826299784,0.6758550614922633,0.584165018773245,0.5283843872597181,0.7600191266996099,0.7616464552285332,0.5431341464225811,0.7585245065481194,0.6008373540484051
304,0.000183206,0.5705642506838031,0.4939322186504171,0.6482198339217637,0.6626322531896581,0.6172879727399494,0.6886706921301061,0.6463974749520897,0.7998466233195394,0.7619918516646513,0.7717072885698573,0.5501524648672416,0.7377815223596884,0.8296364653706292,0.5541665690770765,0.9880861914135726,0.6140214169652812
305,0.00063827,0.5726060129181164,0.5099815707974762,0.6344551357605762,0.6565526394383383,0.6079245163432347,0.6064493594501353,0.566339303611545,0.6845787422955198,0.6608777502177755,0.539716063088023,0.5076520703927728,0.7179995558164614,0.6973219923502613,0.5078656760939065,0.8117867809515588,0.5519461308106789
306,0.001103956,0.5398126587840361,0.46743913295334555,0.6018195414877288,0.624389664718706,0.5849729650556941,0.48870481303153124,0.4535505898017021,0.5602756052333552,0.48112251801813577,0.4490259701053299,0.43265633442962376,0.6477202094287589,0.507039965378945,0.42361562315633794,0.5388293161445312,0.44231509485789877
307,0.000492952,0.5662043149256875,0.49402752284679796,0.5771524263896282,0.6301866090706414,0.5854104248344644,0.5035189854550537,0.4495587848520434,0.5803774029811053,0.46813012028605056,0.5894625518140686,0.4272086097666437,0.6366546972379491,0.5051786715456911,0.42325426742276184,0.5154056097099632,0.4405969536047718
308,0.000508051,0.46567103760292344,0.41155418681479494,0.5647206760555209,0.5782742221203554,0.5702468107940273,0.698336758973348,0.5875799488218383,0.7958471411709652,0.6556247801472538,0.5850467530945511,0.5452622847196029,0.6991976343129062,0.732862206000279,0.5413467867372995,0.7041324004790906,0.5717680737513643
309,0.000442777,0.4841853633010464,0.41671788053449976,0.5290431492251467,0.5163973870324573,0.5352105646657848,0.6878747277812508,0.6183792781168534,0.8741192952263428,0.7756518157528358,0.6313264924304158,0.5606271766672594,0.7021219973600383,0.7780412368894863,0.5667861404901509,0.7831865312383258,0.6089767862156287
310,0.000658121,0.5110221577311591,0.4477133434209344,0.49299729713784646,0.4936106422362064,0.5265505652203989,0.551766133065219,0.4990230768635412,0.6814861561223553,0.5581175366119703,0.5343890635311296,0.4604460048196067,0.6571096407145613,0.6021645155326256,0.4791304049792855,0.5796288053747978,0.4997543374189901
311,0.000642301,0.5233173845815781,0.44470668129281665,0.4978862979085551,0.4982922888442434,0.5288422336269388,0.6070241814245508,0.5564227050555697,0.7030921960900659,0.6136018142945969,0.5271554091608057,0.4835391233237229,0.6989511914592441,0.647826379314877,0.49239713811934793,0.5753381765687848,0.534047126417505
312,0.000426616,0.5471455875558352,0.46936361216506906,0.47958493303343425,0.49829969386593315,0.5284401585234466,0.809187350014567,0.6821281131517581,0.8628071172913472,0.8946700374067986,0.6178785952847832,0.5506204060481701,0.7434579509544066,1.0226762940336218,0.5661299979686376,0.6515685649606205,0.7030440284430078
313,0.000418157,0.5062938814440363,0.4258318222996049,0.48635920386029874,0.5022865967232722,0.5339636628911202,0.7769634159730018,0.6553994151946299,0.8104168657775678,0.8794333974100719,0.5791656129934354,0.5868343611283964,0.6807635076794329,0.9769430278728912,0.5537831324289589,0.5978783262438682,0.6879065133810286
314,0.000322788,0.5236517750307881,0.44443764953854553,0.5153525706221399,0.5714286367347051,0.5414902668713372,0.710438199611656,0.639308975432253,0.7721115047379804,0.8578069342159843,0.5624275168812,0.5959742054968018,0.6692235683981743,0.8133686857074743,0.524910105572773,0.563214307080374,0.6317843397168139
315,0.000211114,0.5217618919800877,0.4589283359973711,0.5100584643697476,0.5860668733660697,0.5436415737728288,1.0033754135330093,0.7598407981174742,0.9675379786307817,1.208333977148952,0.7262572628315304,0.6854637228387639,0.7069089803817936,1.5651004717194752,0.6182549238216661,0.6430319438465916,0.7673607556531385
316,0.000454709,0.5390758815962893,0.4655295526399505,0.5161273583109869,0.6232052821065628,0.5494870128163489,0.999581812467561,0.7611334069802766,1.021804789876322,1.035826262736183,0.5265004470402812,0.6793132308959785,0.641246225929391,1.3106711489599534,0.633954540057967,0.6734302195027995,0.7406302944825718
317,0.000289912,0.5562941400155189,0.48591334729382557,0.520256556941582,0.5551577579111944,0.5597340181248522,0.6435602476089918,0.5695297029955976,0.7861877933814342,0.6593464892601592,0.5464164428915589,0.547434756379386,0.5827242241160914,0.6890372495279707,0.5171551181435917,0.5914083215133014,0.5634502562514999
318,0.00020707,0.5798245866312997,0.5109028150112931,0.5499794558323878,0.5818504515043219,0.5800193370765981,0.6167500246009042,0.5603553993656378,0.8076114174531779,0.7066787518246737,0.6141125903014778,0.5465012567622678,0.6140994588379224,0.6973070394751086,0.5229656115242316,0.6305179764816834,0.5720367573405628
319,0.000327336,0.5961616635623169,0.5139283863384895,0.5824626128017466,0.5976885720864287,0.5892600704558911,0.7419699482103913,0.6623291027863307,1.0511722487026116,1.1153937697360483,0.5539008634419028,0.6514379022898789,0.6300463299488279,1.0068393812767442,0.6149364470917716,0.7833590969689002,0.6907635832416911
320,0.000243859,0.5769672035856608,0.519825498585203,0.5855792320426118,0.5879650144018829,0.5935960523348914,0.7042743044406969,0.612602177790816,1.0097325110676507,0.8580754790999634,0.6505289280239389,0.6247734142938113,0.5798866151620586,0.8897282392157018,0.5904087197239019,0.6928431927731066,0.6395988972961583
321,0.000393194,0.6038504657897906,0.5557110220243047,0.6028479652918696,0.6577307943016326,0.6020579363418758,0.6046872766174006,0.5407545779328461,0.7964734783777222,0.6344792714295939,0.5702111830533997,0.5433502862625743,0.5834442256235179,0.6658281181091649,0.5167477983060275,0.5815732843261368,0.545585305006144
322,0.000828731,0.6249970825399592,0.5674123418197534,0.6114114864406023,0.6500836539214107,0.6029749902388429,0.577775986931783,0.5113579421400534,0.6945804194594375,0.5918074969337981,0.469934328319823,0.4954250467381425,0.6172013028213821,0.5992326956038596,0.47755790843845003,0.5536884669535932,0.5051640521567073
323,0.000503152,0.6431132011200232,0.5897524502300244,0.6013381203410554,0.6490700465994178,0.6042774721625169,0.5731668877812474,0.47290639725737865,0.6097922608379353,0.5502957139953275,0.5613618407865792,0.4491175421268112,0.5807941344497066,0.5642283382741567,0.4448882490497642,0.5497741540158387,0.46638775224915274
324,0.000642109,0.6181589170544718,0.5481861517327538,0.619867653069582,0.6776162375861537,0.6047325523177055,0.569655438301432,0.4594211529501679,0.5486979972331978,0.5301515890480907,0.5623104265908463,0.42473809076279156,0.5590145224880709,0.5250299643479377,0.4195863281788737,0.540673904787832,0.4437930791815971
325,0.001322059,0.5612921992400116,0.48532497577686073,0.5900104252164117,0.5844584871062838,0.5726468235937491,0.5968583400705844,0.4563719049642738,0.534465031921791,0.5373281601144523,0.4427130638006543,0.41762671286288056,0.5923671790699151,0.5205202385011367,0.4139664508089667,0.521005588754079,0.44590440684483057
326,0.000516486,0.5732778363043043,0.5057852750308385,0.5422852195063932,0.5969889877026566,0.5554382316201578,0.62640066612709,0.44148170307090556,0.5344236780205351,0.5117382860221844,0.6653803988572886,0.4086133452509778,0.5876911691054081,0.5237567430126396,0.41680133479093967,0.48027508936997954,0.44011332810480736
327,0.000940075,0.5975514156900538,0.5236024799635255,0.5244669318121985,0.5605100975639012,0.5416178449803191,0.6040128297968876,0.44118763733749883,0.5286462004802476,0.495824273699478,0.46925811582910537,0.41281219286635723,0.5469965349382956,0.5013590901125329,0.416140548941052,0.45531804815077637,0.42432379139660353
328,0.000516053,0.5537419443064473,0.5238341520769703,0.48219996995392506,0.5033236677469051,0.5047378058375125,0.5494034133098948,0.44426989054129196,0.5404738717324389,0.529295199907134,0.6222301315088288,0.42651524992099926,0.5490396776049526,0.4934652291874304,0.4191507169358165,0.46821610308643075,0.428825448111377
329,0.000490627,0.5804211299593002,0.55704291164201,0.4482749730089182,0.4693238798849376,0.50095031494594,0.52120528290583,0.4268556275526492,0.5632334422641898,0.5130213286368153,0.6341416225015651,0.435211338495316,0.5439262333853312,0.5077316255663089,0.43374544653706043,0.4876661754585997,0.44210344642752714
330,0.00119697,0.536018400904735,0.55510279174306,0.45600049082751887,0.4688839177641823,0.4977176542143209,0.5124353910265079,0.43687830018006885,0.5748750124052191,0.490675580945915,0.4479897875204374,0.4413868662976575,0.499892790741336,0.4891724158159049,0.43195417904464184,0.49337062827349976,0.4332578774298359
331,0.000699984,0.5590937789480123,0.5780112561914449,0.44268682704133344,0.4408471913769255,0.4986496649783816,0.5045362120453147,0.43644189070122646,0.5844943368763952,0.4907489068553468,0.5265078029411976,0.40622682706678737,0.48855561004594356,0.49158198845477824,0.41952026031052014,0.504779531105541,0.44114003558593007
332,0.000463001,0.5208657612883679,0.5708464743302889,0.4489039611622457,0.44349437361634525,0.5114434666415112,0.5375716909019045,0.45541739262943165,0.588781780351668,0.5328602611085644,0.6021686423167188,0.42460684909008073,0.5061030763738289,0.5580151579012838,0.4407438627038158,0.5183701566123836,0.48258397812171994
333,0.000379273,0.46566499403533157,0.4769771150055106,0.4787096464266274,0.45967672424080797,0.5088979051197303,0.5473887685476116,0.4999845007207128,0.5943703906143503,0.6425391967459647,0.5586264328147793,0.4491115497210601,0.5008394719165135,0.5680567901272441,0.4446186109656823,0.522094652464143,0.49762640941642416
334,0.000851857,0.4895382270453179,0.49156739548416595,0.45213160677264586,0.44835160659544865,0.502377234390509,0.6386072207827852,0.5443469491148043,0.6571713192857546,0.7645790870281808,0.5062517795493244,0.4649867496398267,0.5092811036037777,0.7174940641636494,0.49076603337598157,0.5521088096180399,0.5514605406299099
335,0.000508351,0.4854276333791747,0.49983102319809364,0.4685093176910223,0.5142656518515741,0.5149882082781158,0.7876506209659555,0.649674704612578,0.7253768039492464,0.9815275987605965,0.5543934711988395,0.545385394069091,0.5588517122262397,0.97929529962308,0.5600165095300551,0.58996837613258,0.6425007616212558
336,0.000340303,0.5118704663613423,0.5268865883967127,0.47312109014398396,0.519310346002549,0.5232365944171036,0.621605768992313,0.5415933229721227,0.6705777500321252,0.6601488458853579,0.535412060393261,0.5340562426212392,0.5575947374282696,0.6582036556751537,0.48191062566921056,0.5091347044359712,0.5436122215256002
337,0.000386527,0.42655044893485533,0.42240938494265995,0.4700520584830324,0.5051189836959511,0.5213913654209673,0.5495199405951857,0.48342769397152846,0.6734706283755351,0.570098503191109,0.5201913642459987,0.565138102809262,0.5220776183077338,0.5752817940931387,0.4632772383751061,0.47854869533089367,0.49155841584049187
338,0.000390073,0.44721325561801284,0.4300157522514395,0.4971225560266652,0.5090806684766943,0.5370298219903961,0.6323594459923257,0.5849080294574908,0.9120027737417292,0.9384374714916952,0.5416098374277277,0.733601046794086,0.550747707517838,0.7758753490829624,0.5954973525301333,0.622953068669027,0.6171909345072134
339,0.000281481,0.4720336416407435,0.45092414490624116,0.5138514390478579,0.5341450300670043,0.5488724036708682,0.7323989328008538,0.7666671063503784,1.1667821108829257,1.72895012247077,0.5414447608190639,0.9134806526276404,0.5963118910279307,1.6346941287124992,0.8024560643509562,0.8420945889185142,0.8546924258230303
340,0.000412724,0.4984108088222349,0.4825531812269215,0.5214431648249951,0.5479413887195514,0.5556191467191605,0.647998588233452,0.6815120787961443,0.9820761281042154,1.325823919975487,0.603043368415413,0.7573737269133145,0.5772281406349018,1.1031916537462603,0.643436860267656,0.7422415861326875,0.7084540896617666
341,0.000300982,0.5080213078021714,0.4706456517031684,0.520920075782875,0.5509035352128145,0.5623619597170031,0.7860255896319467,0.7372583652974891,1.2164737200410682,1.0924271278700455,0.5735064627562559,0.8422281730475776,0.5833016372189733,1.72895012247077,0.6725162315745715,0.7937122142343311,0.7458329186794799
342,0.00031267,0.5280696110100123,0.4931430523317339,0.5618500585118359,0.6260989365293939,0.5839924121844914,0.9197784188099667,0.8057544778053076,1.1295866085391535,0.879845044918384,0.62683080364353,0.7880141373488214,0.5917559239498681,1.4461350003137765,0.6795256349913077,0.7855304187700654,0.7351893280420453
343,0.000265935,0.5349953076181972,0.5071110170853897,0.5791080978752807,0.626136822197463,0.5870018549575557,0.5033662485242733,0.45942848398279984,0.5643590872080618,0.4439445877426318,0.6966830814902463,0.4251758785973262,0.5003593432618637,0.4764890560979915,0.41731089860305953,0.4557009113534315,0.41891593449011805
344,0.002849771,0.5606449391476384,0.5298533247655911,0.5758529825119412,0.6310429206962728,0.5892800513710913,0.39421204072756705,0.3555473941773078,0.43321356460584315,0.35282745397034515,0.29315041735411596,0.32220433511545205,0.44018343300582974,0.36079266395759757,0.3304559244982465,0.3667489237384043,0.33754394203371657
345,0.000330755,0.5798233585445353,0.5353903052951516,0.5840564156853695,0.639009584125453,0.5929599726315246,0.47406734531527595,0.3966475748759032,0.48364350244493476,0.43205856037168255,0.6023888604754947,0.336567175022384,0.45300522978691193,0.42506938931498506,0.368094964443815,0.4258680688439935,0.39803496277497075
346,0.00031569,0.5865690847040356,0.5510969242855774,0.5941410082297409,0.67029012868457,0.5984277468132597,0.7525108282522803,0.5806355967721951,0.6705160178889698,0.844767017804576,0.7291792137841354,0.4195553840589523,0.4970269967889856,0.6573206712226942,0.494101602045142,0.663923688853907,0.617250929845849
347,0.000522969,0.4773847499448569,0.4443024877940181,0.5151078543741582,0.9810097254497423,0.49123771649154785,0.6497248091040599,0.6762989396641274,0.6934474275806768,1.3128040570413142,0.5619976110983402,0.5464585878790007,0.5334359677521132,0.7386406974640815,0.5224011035996254,0.7173300672463021,0.6262992672793705
348,0.000310857,0.5006954859153911,0.4605185922414768,0.43092534814489164,0.30236627615885275,0.47999929651354656,0.5388894469092002,0.471923024304853,0.6742841992363227,0.6531461854826318,0.682910291745654,0.5130808839443731,0.6425191427768661,0.6213479352410362,0.5077015303516187,0.5898765463217869,0.5043336473757396
349,0.000492906,0.5076446526456252,0.4757133032297121,0.43006059421355575,0.30043328261478347,0.4858403611276902,0.6970316514353876,0.6130828739257932,0.8608030011691952,0.6260394158000995,0.5621934094002057,0.7521888835506604,0.802495132002054,0.9172641377950272,0.670325230927124,0.5868865681555702,0.6405778195058964
350,0.000226317,0.5176835420027203,0.49026675021815697,0.42734473788735255,0.30051506201444733,0.48421933480970736,0.530346482965044,0.5550871670875965,0.8205791065599198,0.5471264978932353,0.5896058334436948,0.5344784980543988,0.6935167638141613,0.561721603597719,0.5130243059096692,0.5321045604282951,0.5346671308499005
351,0.000663777,0.5288371088458508,0.48323456623428523,0.4202613535802613,0.29181380892860365,0.5068052554165623,0.4577799357859657,0.43251506871309314,0.6538107328682715,0.46603854656081123,0.46859356494018356,0.45209172556873634,0.5971277691073011,0.5124782067911353,0.46050844024080484,0.49756043381439313,0.4804391865553843
352,0.000418692,0.5095201051805335,0.4905412974055874,0.5682919427542704,0.5522175189179017,0.5766588948016677,0.5139313794314555,0.5500418251204456,0.7155173363305304,0.6890784723404916,0.5998055733451583,0.49399828023551745,0.5849282013083208,0.6096473177691623,0.5144920087287759,0.6253426644119947,0.5686605695360804
353,0.000263037,0.5357241751781743,0.5193099048478341,0.5622006858508485,0.4997323213591045,0.5819541033855814,0.8067549375853539,0.735296999845208,1.0347357276774842,1.1726908762188415,0.7745750976253951,0.601313463209655,0.5522451041714083,1.4451832825401998,0.6345702071833258,0.8438266938997543,0.8442339082536038
354,0.000292882,0.5620563291072393,0.5475521036889508,0.5564829497200987,0.47676156994375957,0.5695972171603239,0.8575902929613763,0.720517215188811,0.8916893069734587,0.8114819420602788,0.6928128129773625,0.7254068625352899,0.5230976687123142,1.1300681710567768,0.6151797778765994,0.7075284877103185,0.7128107039378656
355,0.000339971,0.5883136325810177,0.578455829237744,0.5522551844298933,0.5122265531490485,0.5677977094814012,0.5925368353051698,0.5393974176447631,0.6631166912352574,0.5673801194171935,0.47242374064082365,0.5661454306212116,0.573328882392098,0.6092993056372383,0.48737818995635424,0.5564346438848427,0.5269455738444256
356,0.000379087,0.5732475712266681,0.5322973411035282,0.548044024803174,0.5204083246412217,0.5733377871761646,0.5807404515142873,0.507920977079188,0.6535335917026839,0.5487708632816116,0.5517195740941043,0.5427373840087198,0.6437996703212796,0.6036591277164322,0.48412887914944847,0.5531055008350589,0.5137958874945747
357,0.000256634,0.5370849600004414,0.4838663802220001,0.5679523073850365,0.5811010916300359,0.5821218015128106,0.6534764476954279,0.5639473377711054,0.7658748435656096,0.614643660628021,0.5390107554345105,0.5846818694501829,0.6255152849823857,0.6625122254715997,0.5224707247702026,0.6563004915107897,0.5595529180238914
358,0.000337666,0.5629409995185862,0.507631054286996,0.5603437605979239,0.5798952147472622,0.5841756940224027,0.6876544004475871,0.5800980301155992,0.8078886587750687,0.6138027665315209,0.5601443515776283,0.585638697060533,0.6243505619914483,0.7146350775764078,0.5431901766072746,0.6834174885643606,0.593199166913597
359,0.000344639,0.5892175372120538,0.5363651130652645,0.5914324317307904,0.5933241361091862,0.5944358827304983,0.6440503000678355,0.5725663935090921,0.7437221561839401,0.5959895423953188,0.5455464304252399,0.5256533667039485,0.6830497837696138,0.6911563737301376,0.532785927662138,0.5954634303993043,0.5973069200228867
360,0.000416624,0.6127427169407507,0.5639580725278438,0.6007567464592302,0.6232212938993974,0.5987554223716204,0.7011004341257197,0.6066342218000063,0.7629888891442043,0.6321007323314756,0.5103132136655074,0.5049907467107143,0.677388973179586,0.7583225010344469,0.5463219091296159,0.5527040495915271,0.6319981309062116
361,0.000205213,0.598355527912301,0.5285815248015093,0.5983973711922382,0.602686538601255,0.5968971904039092,1.487887678956479,0.938856886071987,1.2200562067220184,1.0877024525466656,0.5959122031518005,0.6223895540929802,0.6632168307075236,1.72895012247077,0.7158290950209064,0.6836156521739284,1.0020099436108463
362,0.000233139,0.5652546931473931,0.5345511365336801,0.5933142672483728,0.6039989474124348,0.5953683463116206,1.5543436399792578,1.72895012247077,1.72895012247077,1.4256214078757312,0.7095396888449637,0.788145188196416,0.77310081339053,1.0695837457225397,1.093995132051502,1.1535703623381652,1.6835875742536848
363,0.00029035,0.5916730437346084,0.5661825884803721,0.5901230316426549,0.5965886065495304,0.5909267355244964,1.0774398989746556,0.9257830691903807,1.2055317120484343,1.3438020142809073,0.7036556161321039,0.5960495677296678,0.8737723603152213,1.72895012247077,0.7321280653637761,1.0083732551480884,1.231896618606669
364,0.000425744,0.6165919417157055,0.5871076473543569,0.5941053357100823,0.5905280411145434,0.596649482153105,0.6344567447194865,0.6134497751888196,0.7329874653740699,0.682486319612244,0.506295925492672,0.47620748390433026,0.806607771882096,0.7625750767634416,0.5312467161376262,0.795782048797403,0.6505141864262789
365,0.000451661,0.6270823209575094,0.6076416271889314,0.59894754842642,0.5947325219789719,0.6014059430956556,0.6551113931645198,0.657333196370877,0.7441293760338368,0.736907690516624,0.5303737382736832,0.5069693539746268,0.8332411611278767,0.8620493940918257,0.5539013987543104,1.0882298037956204,0.7053639871449673
366,0.000285245,0.6383710840328521,0.6267757276104354,0.6086498065772241,0.5981423984581329,0.6057844113057358,0.7112800478557796,0.7241906758655157,0.831091888377501,0.8365869245795389,0.6004005491423143,0.5728403494447452,0.9114322296071833,1.1066333865402136,0.6084552905678732,1.6416178959494523,0.8837956191371771
367,0.000110943,0.593440625869701,0.5545518776981088,0.6093891041511887,0.584427045370021,0.6018085560465883,0.6599169744426899,0.6410005135394338,0.8018187659829927,0.6565267875926276,0.5677706101717062,0.5695593829899903,0.8466189024189958,0.8504641194532078,0.5627287018299224,0.9051373236694646,0.7323036620383473
368,0.000287168,0.6190268333598499,0.580710839714317,0.6070671651933753,0.6083552655633702,0.5927020462293667,0.7606671418135899,0.7065087273945468,0.8993809896591581,0.6806442829074018,0.6824462685383139,0.6220958561451476,0.8853392234057059,0.9150767494324434,0.5925722260157107,0.8780078283581403,0.7659583475122559
369,0.000254526,0.6435686438845469,0.6056716994785879,0.5890545783919989,0.645652643594542,0.588434896990054,1.240014494366133,1.0077601543426669,1.2455285992412897,0.9377925150820476,0.5470197358164597,0.7788346942845102,1.1511697895931303,1.72895012247077,0.7742722551882617,1.4538170463976046,1.3106711489599534
370,0.000190601,0.6688518975103382,0.6422861530910661,0.5902551351130642,0.6643943375210406,0.5968081138158113,0.8275256055090489,0.7581961578955034,0.9065092731900121,0.7463405052161574,0.575973322934243,0.6386662959260989,1.109212285996828,1.0269310292905232,0.6570560212884348,1.0977635589434367,0.8829552747678084
371,0.000293679,0.6800332469853397,0.6325451194176198,0.6033323329488214,0.6502420805267751,0.6031055505848402,0.5868216298204721,0.5725581158653194,0.695884518685568,0.5837422475379223,0.6232151940232709,0.5184105275731594,0.9508228794325669,0.6327604821724413,0.5147500252570713,0.7650088645523704,0.5937041325035898
372,0.000356949,0.7042357948851358,0.6709789492124263,0.6215051680926785,0.6608586572068991,0.6123401930063738,0.6471542811235423,0.6330879355502067,0.8092774913800026,0.7049994619243473,0.563575953990988,0.559942943198017,1.08685219458563,0.7639392876659447,0.5683862012910503,0.9389377074985867,0.6775476423339205
373,0.000199216,0.6667514828499377,0.6684601447285932,0.6509229865421539,0.7139176316525228,0.6226737818297616,0.8963621590031153,0.825737424512861,1.1877221712207076,1.0409578571040425,0.6372513704899534,0.6887077331465089,1.1172693398873996,1.4461350003137765,0.7500703739662512,1.2176094016372938,1.083426925147875
374,0.000174129,0.6585425529597739,0.6300605112205976,0.6598445647082335,0.7263224308072296,0.620368678312321,0.8037090665646047,0.7461978053653242,1.044708811278089,0.7875952135257981,0.5918159849194474,0.6347038651566074,0.884189472805152,0.9338940547616175,0.6707259767691327,0.7956582586087556,0.881391730449147
375,0.00017444,0.6807714582253639,0.6504855732444123,0.6312519980390273,0.6729305209306715,0.6096501727920753,0.7383767966124927,0.6825694480921249,0.9289232419312999,0.6896853027247658,0.6349464364429193,0.5816724485340831,0.9025277742132354,0.7958979560746582,0.624820280184559,0.6907428193254546,0.7424413207652067
376,0.000166918,0.6669102667856038,0.6099959269030458,0.6299518126018957,0.6512777300493796,0.6114755733929855,0.8687805488634595,0.7687966581549361,1.112684818528193,0.8228809836163176,0.5922179497263101,0.6187184688245179,1.1051210125041977,1.0276550138778389,0.7403092935636831,0.8494563902921999,0.8622431811024291
377,0.000231187,0.6748934110485318,0.6284296607758209,0.638788600740617,0.6491596467039699,0.6159394761603599,0.8493174079203741,0.7663819488824731,1.2481724726855632,0.8220992886573745,0.5570946438019192,0.6183614022238143,1.0046761969079163,0.9788311666928216,0.755638987407471,1.001474806176128,0.8522192485887287
378,0.000133329,0.6981898363221066,0.6645274078633142,0.6412105136809371,0.6573600383853071,0.6200628108563585,0.786042417428021,0.7429820567081079,1.2579520999625466,0.7736005417477229,0.6653544180191603,0.58708278737361,0.9636330493974138,0.8614386097696481,0.703036366320963,1.1025620347729237,0.8074057461668098
379,0.000160469,0.656312958430211,0.6602104778323098,0.6587729781432903,0.6816437318650975,0.629076402153264,0.9681748447085736,0.9122346393638775,1.72895012247077,1.0212205502578522,0.6826465944518829,0.6278901512963795,1.330250723344397,1.265589601990944,0.8234344231131588,1.459659603281462,1.1009947935986786
380,0.000186546,0.6773272986059032,0.6720252553772015,0.6853156497641766,0.7157008782380405,0.634326458694441,0.9623278389582862,0.9007936542788644,1.3468700594029477,1.0625992387430994,0.5710223437948798,0.6349472427911761,1.3913064518828038,1.3347221669563838,0.8064491216002793,0.9509799681646774,1.1401059662589692
381,0.000157979,0.6826445903194288,0.6879054879703228,0.6861648212350199,0.7460407992325655,0.6363987967906007,0.7420664678075268,0.7016917224440238,0.9536433217811005,0.755602294193308,0.5645692682741621,0.5718611273891765,1.0037829583969036,0.8379272940753302,0.642840231789769,0.6659927565607131,0.8049482410290368
382,0.000176048,0.6888363942083132,0.6729122837719226,0.6917322207608013,0.7497794309333444,0.6380582786372213,0.8342068402588247,0.8048365462348848,1.1711749096974853,0.8700598941395461,0.6087954606901623,0.6287801880672368,1.0626861748495864,0.950233137892891,0.7028963031043602,0.7476100706916183,0.9596218858189205
383,0.000167528,0.7074258668432684,0.6768960477618974,0.6929102519841013,0.7289350814848264,0.6378824253517466,1.3106711489599534,1.2160883115937917,1.72895012247077,1.72895012247077,0.6238107758881234,0.7620225143671894,1.356201834234656,1.72895012247077,0.9868577920015847,1.4432854704509022,1.72895012247077
384,0.000151895,0.7257449782926085,0.6909037886711046,0.6916477842914854,0.7312864633977421,0.6393756554825886,0.9614503741054535,0.8926982447555328,1.72895012247077,1.0365060928942864,0.6346917841577777,0.6637117625310169,1.1424237568470414,1.3085486031964113,0.8234502520826159,1.5961941027475974,1.1767196394115482
385,0.000128206,0.7458120095035567,0.7131223635987238,0.7039015773928905,0.7285011320200999,0.6405736795850429,0.7111202741919193,0.7226843600140871,1.0571128107993915,0.7751349004960724,0.5981397020764267,0.5868133549146515,1.1093068732899365,0.8348915994594617,0.662433464104679,1.2960263189328987,0.8301982496627253
386,0.000112801,0.7655071851567878,0.7469370642815276,0.6969868516976937,0.7348890985956799,0.6390515064718361,0.7867885147093415,0.8603211994180774,1.3854057011698204,1.0478693985550034,0.6359219404211873,0.6661333074123283,1.6672920184490376,1.146057474401271,0.7737741434502527,1.72895012247077,1.2007642847443976
387,0.000112965,0.7857870571750233,0.7806805881460717,0.6969303310213779,0.7425148121267384,0.6400700367107467,0.8753315481118673,1.0031336685132108,1.72895012247077,1.4147937467714653,0.6081071895904323,0.7577380075933526,1.6197651024995416,1.72895012247077,0.9094804530904944,1.72895012247077,1.72895012247077
388,0.000171976,0.7965164541236739,0.8089754695446638,0.7049453836259167,0.767997781956796,0.6430394818849556,0.686235049454971,0.7476219171576775,1.4755908757214737,0.828934041949613,0.6020263172764838,0.6440460924560496,1.1216353124767457,0.911594451157289,0.6996751183145635,1.109259576618812,0.9390811517336007
389,0.000143589,0.803073674908791,0.7995212237432902,0.712086221593617,0.7688839852153456,0.6466954485398236,0.6096787252274795,0.6600201995144813,1.1791238685540237,0.7118531716944165,0.6122107721757126,0.5952394238990065,1.197208033362505,0.7590074999234806,0.6279689219882408,0.9554872402354183,0.7995244435749282
390,0.000172832,0.8123231872735949,0.8231285756796175,0.7249659773294397,0.7625136215756471,0.6509603464006738,0.623303659761635,0.6800490972368529,1.144231569283348,0.7701039423913061,0.6212791833832122,0.6199119227115639,1.3730099342159063,0.8123350069237635,0.6633868960899364,1.279215927422227,0.8627423802557352
391,0.00011206,0.8102073689010023,0.8422168817886962,0.7320946915538943,0.7618358080012845,0.6511663755386778,0.6068692338079746,0.6487679199319425,0.9695528263361025,0.7206739758166695,0.6375564593048458,0.6005042040429306,1.092743477494467,0.7414570963491964,0.6337700286997442,1.4024679907426514,0.7523310248368489
392,0.000201996,0.8148780477806117,0.8568779269612737,0.7300576739944219,0.7590543346370542,0.6500819231227394,0.5995671272979648,0.6234341391907579,0.9090873403666191,0.6686333350779599,0.6041169782007759,0.578894707513942,1.0523853903746718,0.6913707164395055,0.6051991355294372,1.2231168244547,0.686411223757766
393,0.000187141,0.7918366749298338,0.8591881463719371,0.7252770362329803,0.7580122492890283,0.6468130485891547,0.6962733552064315,0.6977153846435148,1.1589216007973806,0.7555819113839184,0.6210972144841627,0.6365848017204856,1.237004433725563,0.8182360358920984,0.6870835604557662,1.3192658059610491,0.8019633254856213
394,0.000235419,0.7907036978161952,0.8724431220811575,0.718083519552011,0.7743848652271333,0.6460803731781327,0.8037630381084371,0.7579601204539325,1.5519832078808515,0.8269318174306237,0.616287937207227,0.6680380868744478,1.0759497584371729,0.925983087140039,0.7564762275948804,1.132453231441055,0.8813529099352551
395,0.000140001,0.7947601320985251,0.844822093738472,0.7123900983561348,0.7496957976782469,0.64328503180322,0.6751569466799853,0.6486028324700209,1.016440160553839,0.6835230873116465,0.6692726677062667,0.5906746979564381,0.8735308013398452,0.7086714835259451,0.639245607562193,0.8000691545658803,0.6827408085926181
396,0.000415336,0.7915678159132832,0.8605439321458502,0.7080411446614847,0.7433673571624472,0.6409183957180073,0.5373785017837727,0.5286066477850276,0.7491376326073323,0.5624034205579761,0.5790799584227346,0.4967564802280171,0.8451984174996134,0.5593449803117432,0.5316774863743944,0.6607214180782595,0.5514726911836295
397,0.000583975,0.7719433664058081,0.7995163940687712,0.6974811932858666,0.7322863440755905,0.6351239070996609,0.49064246478926327,0.47672300079818986,0.6872368723414608,0.5056593809228295,0.5236345880137007,0.4563425655493029,0.7871784936048171,0.5099155703662025,0.4983511483952744,0.6207955440203509,0.5040288456027087
398,0.000676412,0.772683416684638,0.8098139542126986,0.6925468985432479,0.7478958591508976,0.634842443269923,0.5118941260436415,0.4866954923139129,0.7587817130023959,0.5020691865899226,0.5131327990567331,0.4595189289171273,0.6976394337509195,0.5174320005944276,0.5197892198885289,0.652722672915639,0.5140318921951526
399,0.000313396,0.6921976971120568,0.7822168386976712,0.6718656567773474,0.6730054048080109,0.620644873533541,0.6055275760510243,0.5635432532110101,1.0317475056720928,0.568607864645918,0.6544375783740758,0.5110078658154672,0.713653010022147,0.6025996702318956,0.6180674173595799,0.7574900752695582,0.5986202332259395
400,0.000345417,0.6475619077971251,0.7643525127558631,0.6322901592001171,0.6520954968032225,0.5955339417182971,0.678495117004296,0.6289972140207943,1.2545671948902721,0.6560557495398222,0.622233925861064,0.5476586604202068,0.818842403552058,0.707211845310386,0.7231294308892239,0.7657871230777277,0.6991631812147107
401,0.00024397,0.6205131268113936,0.672060630939568,0.5821242870194107,0.6498146806775453,0.5668108045759522,0.6768003260548839,0.628871045239167,1.1112210039553616,0.6602957033665158,0.6367831699596792,0.5527295801209982,0.860827112510132,0.7152232712736731,0.718160512191915,0.6465676951242477,0.6896935699784286
402,0.000297818,0.592378965139034,0.6622494917983186,0.5523586716284141,0.4917062684403818,0.5609655088304464,0.7158903399584218,0.6611188281207646,1.132274856695042,0.6890156105127871,0.6086135869123686,0.5695075915062922,0.9097649487529509,0.7369972037603815,0.7158371830740005,0.6186185173180246,0.7213871708671098
403,0.000336355,0.5993215062222346,0.6322766230613879,0.5367972582728172,0.4833753879151676,0.5612888570976532,0.7870955361694143,0.7060548194661665,1.3135173437318346,0.7384034276119231,0.582101297298077,0.6205733434730808,1.0419078392644856,0.8133703807252467,0.7430453703244984,0.6465310864392446,0.816955184897894
404,0.000221642,0.6213381121496215,0.6416968785872369,0.5453859050700005,0.4973828182787914,0.572690009606465,0.6617140083174792,0.5924883472211555,1.0574180754388751,0.6235585906310097,0.6182124967112239,0.5533802049505107,0.9074399328500918,0.6788032873710309,0.6195437979497256,0.6042607915104405,0.6893012034485921
405,0.000287544,0.6318653799815526,0.6247764871438893,0.5744661064914452,0.5241568328720654,0.5888685970883698,0.5889136282959152,0.5332386044441227,0.8555295053163711,0.5431598878677839,0.5771602992830033,0.506907798337371,0.7264286680699237,0.5906746979564381,0.5512008166277741,0.568905172937691,0.5882039817391177
406,0.000208814,0.6532287040898259,0.6360256546126875,0.613857407241047,0.6681658418138217,0.6016376726108679,0.6401633979270114,0.5910340142655821,0.9008466148479479,0.6012648427557078,0.655960596629177,0.5306808857153313,0.6953977989654084,0.644047775490868,0.5975070617737945,0.6479188924110865,0.6471226944445692
407,0.000301629,0.6734937224261512,0.6476645767082305,0.6159276992275158,0.6858394067763711,0.6056213145439857,0.7536179777751992,0.6515981927646011,1.0220434747271632,0.6490114819715725,0.6004987471833603,0.5539420870391348,0.6940037534202141,0.7776054233565473,0.6767036688164771,0.7772575951573157,0.748196487950664
408,0.000288597,0.6729420399002076,0.6251270895349426,0.6284101173665299,0.6909619730177241,0.6080802738872684,0.7243606217053096,0.6240678609585719,0.9593603318856786,0.5847901919213999,0.5965839245825488,0.5211174426874203,0.6466111227902309,0.6977004064477557,0.6129914328173692,0.816065241229211,0.6725095248509549
409,0.000262771,0.6969953843150865,0.6547538884603565,0.6263348673716994,0.6551769401777034,0.6111215469494091,0.6984912886475143,0.6050155816426133,0.9453493944485175,0.5665299392677193,0.5938729610771372,0.49621561493733857,0.6486664450022015,0.6675240511617238,0.565054543406294,1.0160632665328373,0.6449112259901447
410,0.000361654,0.6744996522040569,0.6125869705898213,0.6334959659718157,0.6567176282967201,0.6121124961060248,0.6636206045260816,0.5947126438685822,0.8449189775510547,0.5819360999826056,0.5826799745873769,0.4924719911195758,0.6988038807382793,0.6761109634555358,0.54261656202375,1.5289554739712752,0.6524127950499135
411,0.000413603,0.6881414532610122,0.6350956631772604,0.6385235590509564,0.6388641529026856,0.6120821557068568,0.5257215502629662,0.4957098911246573,0.6176973700255685,0.49319028056597375,0.5741254211685679,0.4353851575543746,0.6727462978279168,0.5429611176111198,0.45048492094053777,0.9159033531807262,0.5279068724748803
412,0.000940484,0.6912728848385844,0.6208128781624425,0.6307154673362678,0.6404056665519304,0.6101718870639031,0.4769121816134211,0.44774331158492,0.5322317911628693,0.4362845904296371,0.4460868869649932,0.40589275854904017,0.6454772148843837,0.48296571139818656,0.40368546514789144,0.6770387289258349,0.4653358163473043
413,0.00049023,0.7151621973667085,0.6558210546543373,0.6292544886461588,0.648691379342972,0.6054842192356802,0.5790750650236148,0.5180103068071181,0.5848607598585013,0.49099219705706165,0.5345063954244733,0.44830136458538383,0.7214865247390839,0.5702386333450539,0.4415017621041959,0.7523122468407436,0.5460421918667874
414,0.000217636,0.7338001082165744,0.681567922296173,0.6080186645488398,0.6354736367323547,0.5953464102976478,1.012938701866255,0.7060415150815967,0.7375400241217949,0.642331228088122,0.627731919625594,0.5339152336179788,0.8286417422799764,0.9138626655919895,0.5396284287992875,1.0264776117454661,0.8183171523160014
415,0.000329995,0.7032422360550198,0.6351820207338844,0.5755272387721665,0.5742059137727262,0.5601537633259167,1.72895012247077,0.9260256076585213,0.8516368900823368,0.7959011323293341,0.5940564615802113,0.6214877758978163,0.8452973334112549,1.2811986967766231,0.5922604816859459,1.2020971809269587,1.0291350549373257
416,0.000156465,0.7248063998284769,0.6645061482068894,0.5318072535655494,0.5378282939922766,0.5457613676311989,1.72895012247077,1.057075601488161,0.8997777013882539,0.939956279533222,0.6727175266331353,0.6451690780504418,0.952108960099986,1.72895012247077,0.6183539543925735,1.5797965732138883,1.1934153986677196
417,0.000139589,0.6871377189327147,0.6099644704000365,0.5217909775308921,0.5634947763234455,0.5522238843787329,1.72895012247077,1.2811986967766231,0.9486102673572383,1.0998949864898744,0.6491880852623482,0.7095160602317184,1.0939703867222106,1.72895012247077,0.6737864528539691,1.72895012247077,1.6278572349764238
418,0.000137322,0.7013263384066446,0.6133392722526589,0.5296046874609611,0.5722526855059361,0.5604291284066139,0.9396372930899267,0.8617388001607282,0.8242040630542848,0.7876829473734556,0.6013675758903154,0.6498847026470177,0.8829466015498149,1.1318863830852102,0.5764831987457131,1.2154599752467723,0.9283153300934273
419,0.000186608,0.7207164248635259,0.6435199500602806,0.5411559899929649,0.57392761288399,0.577958949296773,0.7329254477561384,0.6877701739955389,0.7838061786886525,0.6496358384227753,0.5767888078402699,0.6036819955217645,0.7525403605379409,0.9011323024190451,0.5373677480058732,0.9767962061351855,0.7747581456666375
420,0.000169254,0.7058442549876761,0.6530952853443512,0.6205522656474014,0.6855469292715086,0.6146663366307629,0.8710449784979819,0.8583502524955562,0.936271228021084,0.7926433299851466,0.5871988276436223,0.7418323120901665,0.7462697996455339,1.3228971527856948,0.6183368254019614,1.3377283017710189,1.1249256527808178
421,0.000172869,0.72605101324037,0.6859512157691974,0.6697358656012254,0.693087423851736,0.6316922141627096,0.9415797642182507,0.9060614168361747,1.0308905838595044,0.8204138098222497,0.6196007356672308,0.8082060934467203,0.6950072541500101,1.5015624378259316,0.6568541725535822,1.2125517945645827,1.3377283017710189
422,0.000121672,0.6685617836172367,0.6094518441268391,0.6805817149727152,0.6817195667361349,0.636936951563922,0.806399562582159,0.7774025901700183,0.9657966034818999,0.6794742445716799,0.6510585553064915,0.7213635212324477,0.6596084935783785,1.0180250491449603,0.627010095194731,0.8830355141527843,0.8987125839283521
423,0.000175482,0.6928285261658635,0.6418176018263361,0.7073656536486024,0.7377878474898282,0.6428628264784353,0.9041974225891302,0.9742462323458984,1.3515117850263527,0.8403282421346397,0.56329761564563,0.7826423346089434,0.8036796321228693,1.388768341313356,0.7526612106505947,1.0995975143097245,1.0881729752662648
424,0.000104693,0.7007424757750299,0.6348182661334539,0.7051573534515717,0.7296143768492176,0.6411557111376625,1.5004971220211456,1.72895012247077,1.72895012247077,1.72895012247077,0.6568175739090322,0.9784207967525257,1.2194159912750882,1.3128040570413142,1.4806773812423266,1.72895012247077,1.72895012247077
425,0.000168969,0.7133658107359977,0.6571731073294436,0.7028711443665188,0.7487591619463387,0.6417734675006255,1.549633496907463,1.72895012247077,1.531212236046716,1.72895012247077,0.6198609009070335,0.9110532551952276,1.3904588694393016,1.395567737364439,1.72895012247077,1.0846588608698173,1.72895012247077
426,0.000165929,0.7344544184957954,0.6885225878077137,0.7025257584909049,0.7321935901918356,0.641751820027821,1.359355796248159,1.72895012247077,1.7176654789529286,1.72895012247077,0.6260672415604939,0.8521139850754051,1.72895012247077,1.72895012247077,1.6026381907314322,0.7537744212702324,1.72895012247077
427,0.000201933,0.7553333738542508,0.7227402462364568,0.709474434608472,0.7616506306051553,0.6456857113962577,1.273973217134914,1.72895012247077,1.72895012247077,1.72895012247077,0.6212036582041874,0.8040396083590668,1.72895012247077,1.5438055954909122,1.72895012247077,0.6621580203682338,1.72895012247077
428,0.00020737,0.7735130557752239,0.7541632543213367,0.7178119100893974,0.7540470814426729,0.6468590834668749,0.8270048574793557,0.9532638111357722,1.72895012247077,1.3673379893185416,0.6383129100023184,0.6595542601627128,1.4274503007481616,1.5687360177833725,1.1260573690155005,0.5948558107688524,1.1369540690935507
429,0.000250589,0.6648382165366916,0.6288428439710206,0.7189517026015158,0.7601643705986225,0.6457688272762953,0.6666945350806951,0.7535991032504937,1.650043706111506,0.8705894289604033,0.619055229051888,0.6001525409521424,0.9299070018287615,0.8966594956520587,0.8743276546408715,0.6503061766405811,0.7570960764318542
430,0.000196418,0.6837938447449015,0.6564038102923758,0.7085089795364423,0.7705632860306619,0.6415437829852126,0.734896599849636,0.8765127956506775,1.72895012247077,1.0070098235326672,0.7361010235291217,0.6961171048532093,1.051798453321955,1.2154599752467723,1.3207147529172123,1.3071392881906374,0.8419479077696144
431,0.000179718,0.643707229894203,0.592007387987616,0.7034099125267743,0.7428038318291316,0.6375980962848896,0.6745276859295645,0.7724829577655359,1.72895012247077,0.7840064768585512,0.7423253261895181,0.6531690066495429,1.038380786681589,1.0239184141808106,1.1010536548121914,1.72895012247077,0.723335584266757
432,0.000486124,0.666823388579972,0.6137787292413338,0.6832606893314656,0.7098087713916956,0.629791230689287,0.515245248917461,0.5444689309425694,0.8580675185884284,0.5207144826290135,0.5927532109572642,0.5158257570380989,0.7882300206527992,0.6011382110381884,0.5957109955736728,1.089535248135029,0.5098788217410232
433,0.000373239,0.6636252075651622,0.6258987978924597,0.6733282675402357,0.7073745731517096,0.6274469369547516,0.4796422745234317,0.501848475287267,0.744217651920853,0.48995783290277795,0.6606260372785546,0.5029866168484404,0.7837667441128304,0.5422515661619863,0.5139395038045508,0.9107699293578426,0.4762302770982411
434,0.000388827,0.6874179124337282,0.6472413818710119,0.6696545000582554,0.6886748075034584,0.6276399975553064,0.49530175381217145,0.5096351456583584,0.7622595783135933,0.5240085613473854,0.596666878605763,0.5293563998524279,0.877492316728736,0.5812717650967449,0.5141033562706625,0.9420745098201555,0.49842016926487176
435,0.000542156,0.6634797978228238,0.6034091373761546,0.6567363646236892,0.6584454148296602,0.613056017927879,0.45487239409524266,0.4561283797491135,0.6520291238045735,0.46466501167893304,0.5883168396687878,0.4704953201777787,0.7730979023618307,0.49993962343774884,0.43615463857197856,0.6388083074160864,0.4370933137151486
436,0.000438861,0.6833471165836804,0.6144528427760453,0.6242777431615172,0.6249886233575097,0.6004080486821847,0.4479620351161503,0.4363531430117249,0.5981046524322563,0.4418627493900957,0.5632199348731611,0.44806995863087673,0.76827617678075,0.4755821201756367,0.4023136218790102,0.5455239278866789,0.41506263063992177
437,0.000270584,0.6479728766905384,0.5669203979314509,0.6094047873285589,0.6148229426912146,0.5907032633253471,0.6253388129046977,0.5782084469917185,0.7601007296895901,0.6055149876290153,0.6306522500735853,0.5948617783003952,1.0639017318672452,0.683698187342922,0.48377861876271444,0.6801957646237292,0.5342636423658548
438,0.000220724,0.6727654806754045,0.5921662693707546,0.5824563882546949,0.5862603671206973,0.574110518845163,1.72895012247077,1.0891769019531288,1.72895012247077,1.5543436399792578,0.6645985963489593,0.9842704668478482,1.149769175820247,1.72895012247077,0.6272680479534876,0.8973734020680282,0.8399527832806031
439,0.000165943,0.6868854291639331,0.6184127995952494,0.5515112613051728,0.5808324003404569,0.5657457321326205,1.3185431185302305,1.5391903217987006,1.5004971220211456,1.72895012247077,0.6816167966212305,0.9759517997647177,0.8895419337746157,1.6013431293557023,0.629613474421519,0.7374679999009116,0.9402520241769952
440,0.000215769,0.6790142271750881,0.5930256565183292,0.5609988752056196,0.6083701597781279,0.5745389760675708,0.9687728712567044,1.72895012247077,1.0148791143300693,0.8712136506749283,0.5801263182511146,1.1223694471549812,0.9816646449242769,0.9344281751725007,0.6742967536080426,0.7632674730841613,1.72895012247077
441,0.000167338,0.6948465705612812,0.6164450484294891,0.5722810220946274,0.6233883476037828,0.5847246874180723,0.7837212500743942,0.9267919800278526,0.9141825794128121,0.600442141042008,0.6381884218665655,1.72895012247077,1.0176397506382109,0.660842293086034,0.8191296456485392,1.240224760502852,1.0694527207594124
442,0.000194047,0.6964967526252239,0.6361277978478294,0.5913952901909385,0.6530172030948981,0.5983872470130763,1.0627996018450583,1.1949388717844054,1.518922117867686,0.6469793320026889,0.5249556695787313,1.6658339578129553,0.7443150514748884,0.7229924900050879,0.6878788289013812,1.72895012247077,1.5797965732138883
443,0.000215334,0.6971180753305442,0.6203318300063732,0.6339657763879479,0.6771296619276888,0.6165284473115998,1.363329367413972,1.4806773812423266,1.682086381289759,0.8991107009766237,0.5329269971082636,0.9096392635878824,0.6664351872835915,1.1107156433319376,0.5490042298611355,1.6078500360034207,1.2432947702969388
444,0.000182775,0.7208508963472637,0.6539824732381438,0.668303072109213,0.7455990974382609,0.6294130893310796,0.9352800384324461,0.9411251809891149,1.3546330635138213,1.242055582671332,0.5522764078311255,0.8266505269025459,0.6857977465003086,1.3601477309475798,0.5250577760242219,0.9739958246070928,1.109500422690132
445,0.000173158,0.742049735045346,0.686435674842408,0.6833702364079328,0.7349591192334722,0.6331814728370708,1.19192440706505,1.050397452104981,1.72895012247077,1.4858168530692188,0.5343847371928533,1.1316032779233032,0.6428075992228206,1.0721483969529144,0.5692407112581852,0.7990708309015543,1.3762829065220243
446,0.000133266,0.7474258648135871,0.6781618208267588,0.6865875338157794,0.6947388058825354,0.6325339584558006,1.72895012247077,1.72895012247077,1.395567737364439,1.0317751839011609,0.5083528628938856,1.2967125918530773,0.6854667664426297,0.8060545547852982,0.6762229511284433,0.7269206225109232,1.72895012247077
447,0.000183853,0.7647311877001643,0.7079327125283807,0.6802790505019186,0.6755819661502089,0.631893989874508,1.141626154997563,1.029286158945886,1.3625318655221463,0.7600384877426335,0.5927354985904658,0.7381043115618664,1.1836946566764268,0.6581327063465032,0.8316512007188818,0.8248573931695131,1.067102474942025
448,0.000114248,0.7419815285735006,0.7097975065705542,0.6863501074756315,0.6821021201207967,0.6334519247343042,1.4165812316874518,1.2095919107742754,1.6157640298530862,0.7788510644398257,0.5070017822934958,0.6900389933524957,1.72895012247077,0.6987748596838608,0.7354648618605154,1.72895012247077,1.4059567224781242
449,0.000117341,0.7633837565988003,0.7466484395879741,0.6877394319540708,0.7143799931523714,0.6362072766178851,1.410354470854982,1.6305816841378646,0.9802759891694055,0.7713355072597515,0.6023812864660092,0.6477501714477102,1.72895012247077,0.7726107686147478,0.6518292539510218,1.264951543164409,1.72895012247077
450,0.000132974,0.7665351282601744,0.7599444622483076,0.6951775735281905,0.7263441573645096,0.6384719020515555,1.3862440708085286,1.72895012247077,1.3043342650261533,0.6775094340142497,0.6464485268868918,0.5894831985787916,1.72895012247077,0.7946115300456139,0.7140231040793531,1.3064363361160343,1.72895012247077
451,0.000145918,0.7874828954358983,0.8016515643297623,0.7052490454555288,0.7572068264601067,0.6431366625577897,0.756926627278102,0.6845090213092447,1.056087273873078,1.72895012247077,0.6506946231238285,1.1605577990605358,1.289898500590478,1.1448360832799036,0.579960338309403,0.6020634358183463,0.6924224218678301
452,0.000323048,0.7939328159117549,0.8179859350184926,0.7180858522984991,0.7625750767634416,0.647543090459125,0.46399930237720216,0.44249074574285113,0.8895751940198993,0.576014255867518,0.48810698810497405,0.6878572988389982,0.7098617232361875,0.5128793304027511,0.4927457395059345,0.426897527515703,0.44008271808171257
453,0.000155555,0.8131331812957431,0.8555768490844271,0.7281871244706974,0.7598808765508153,0.6498527144946944,0.5107881735029531,0.5133619243125913,0.8709887762058824,0.850925658998599,0.8479025212004022,0.8444083383158306,0.6385153586900887,0.640823045941111,1.3746434980705375,0.5220610340205575,0.5112341550993131
454,0.000532517,0.8008025628875751,0.8133364823830885,0.727656184046816,0.7600758310758694,0.6503910898627963,0.7847056874827933,0.921390566003284,0.5918695329398064,0.8095915520397031,0.5543526833747422,1.152002023809442,0.6556096894064352,1.4766039832048627,0.5461571062141234,1.72895012247077,0.9748264055148042
455,0.000657364,0.6892475632581266,0.7725483076607982,0.722761652904355,0.7369303809287537,0.6400105712187099,0.5294321115942593,0.5068651329220663,1.72895012247077,0.729930235193323,1.1766016095088017,0.41734638621929887,0.5171943342923778,0.655171624822041,1.109943817364513,0.7077885861195614,0.48662796101987144
456,0.002010998,0.7112936505876457,0.7859185289729683,0.6951437112588928,0.6948603088785372,0.6344953634059544,0.3630692183915982,0.322391207921232,0.4247462974085836,0.3349657977324204,0.41620980199040936,0.26802521086424996,0.42303040934170405,0.3429557840711834,0.3371853227322612,0.37685045383376475,0.3017385720751901
457,0.004648462,0.7293111472602055,0.7921183325906502,0.6673695099140904,0.6456339922039794,0.6117393339840894,0.33107203715284844,0.27629148037276413,0.276036183302109,0.28434302923806815,0.2738388382369675,0.2261785961687935,0.40524196955394004,0.288051085387538,0.26249253232902714,0.3173344160802082,0.25905486373216924
458,0.0012518,0.5044472314390225,0.5382964133335938,0.6077865585349679,0.5835011651112867,0.5797564396152342,0.31685554962343154,0.2521110795189953,0.23656271350897412,0.2747630412711368,1.72895012247077,0.21235411250092492,0.4065130430081561,0.2641885342960959,0.23184635974987455,0.29948663473247344,0.24677591835826398
459,0.005771477,0.3974979265349863,0.4100044101951569,0.5168991253126176,0.4348788311442781,0.501856438140532,0.30675607059811183,0.24951980815073838,0.23977704938345487,0.26440294874358383,0.2446579554620843,0.21293354783074592,0.40292421095587166,0.253842108860819,0.22513950886148543,0.2764991319911939,0.23444528731401823
460,0.001422028,0.4106699439126292,0.40247740637965884,0.39254914607750013,0.35827369979866314,0.3957300183112071,0.35461283871317506,0.2584784431937301,0.2862302186131486,0.2896959312727041,0.7786204892283038,0.2338225867761104,0.4408520493429405,0.2693349226769374,0.2552912476475552,0.27462123057277,0.24549595870984323
461,0.000877727,0.388876603282824,0.3640430964151673,0.3174225313127742,0.3185604924545666,0.376082879844607,0.5903808452588543,0.3086606585236876,0.389509086733621,0.3520005116570516,1.2811986967766231,0.2969869656586028,0.5217963477029459,0.33355831089560206,0.37547395365711833,0.2989142575550281,0.2923914737761943
462,0.000428184,0.3307159702656668,0.3553048322838651,0.28425124940702634,0.2673277880815796,0.31727343297972227,0.7470631145404304,0.4350226857564846,0.8323387625122585,0.5620859747117366,0.7298249035034529,0.6443517795754836,0.5451494651602503,0.38492830591556015,1.125414746036555,0.33341811566856694,0.3928264890313945
463,0.000324777,0.33158555961000835,0.33278593469557216,0.24924100021666315,0.25138745118328987,0.3095149110980285,0.42327672055846344,0.38969126929387377,0.3978910243987015,0.5477305955106345,0.9500386018026608,0.7513858261180115,0.5120864826604434,0.4257345618944322,0.7396111852025796,0.36115106252217205,0.3958897988230407
464,0.000453408,0.3492983909246681,0.3526413742465673,0.2556995595742431,0.25645884402997016,0.322264621966079,0.46463973121648267,0.4202342338810482,0.41609379430452625,0.5306587608015291,0.46341950050395286,0.9586185722845174,0.45986041174017694,0.7649736096153558,0.5023353033798904,0.3830660828718301,0.5186358126271677
465,0.000273084,0.37179047633344775,0.3709889950358448,0.29834389490870084,0.3098120760562831,0.3741437696002364,0.4460790577986069,0.48911011407794164,0.7739916751593516,0.5836902486576907,0.5371767316793087,1.0835351029696463,0.3746655296550233,0.5297722801816305,1.72895012247077,0.3747618205671206,0.5385466757178515
466,0.000389136,0.3958993761723304,0.3977395119828651,0.31105664972118696,0.32056280861678577,0.40088563666194216,0.5094938568600926,0.3871472769622454,0.6918208601931899,0.4212564784828687,0.6905435809531177,0.5565187801500396,0.31862588903518524,0.5041664425883656,0.4110032723370722,0.3567423837836021,0.4151541095640142
467,0.000283338,0.4161902714011308,0.4171299381565552,0.45828179170324596,0.5069041057121192,0.525848378161855,0.5161563779913088,0.3964195498275001,0.4216909000271608,0.4722952594759217,0.5697725168220676,0.604869137561365,0.29901433826301815,0.4047404186752346,0.31746092214836413,0.39265665639769326,0.3627348485241
468,0.001249497,0.42314658981999453,0.42860429459655464,0.5202073275380664,0.5698570212869362,0.5669806726733612,0.5013344798103967,0.3405021918575743,0.3700262688900538,0.3888038225183024,0.3927967046864181,0.5261110249380782,0.28844110909539783,0.3703575452478087,0.28342734583307283,0.3628091399597378,0.31303255792534235
469,0.000320673,0.440395025091708,0.43161311865892377,0.5666519783877775,0.598566183201611,0.5853800929500129,0.4885298992025128,0.29831018997594405,0.3718832708955831,0.3157860770339541,0.5629488670110105,0.42524513956418947,0.2838974131958359,0.33540969078561,0.27246545855663756,0.3225345354161335,0.27828864545861925
470,0.000326324,0.46219608085534886,0.45273167879432413,0.5739556034410664,0.6188774467253019,0.591028161191268,0.5706204278197959,0.3180319762797796,0.4512572294633819,0.3287011606134055,0.3811622304104714,0.5383730774935221,0.3090868994475199,0.3495495667609723,0.30057594854822123,0.3493127560982103,0.2947228889575397
471,0.00039208,0.47380813405615707,0.4433202697729656,0.5457030024141494,0.572434585138313,0.5472271280651121,0.9852692072710427,0.3920968181897735,0.6639024870858057,0.4328158708817701,0.4770909833249471,1.2733224006341355,0.3567682719046432,0.44110650723863926,0.37567754670819137,0.43260557503929586,0.35533987758756014
472,0.000377936,0.49929339445161397,0.4713826491435219,0.5102537798702335,0.4974615195952196,0.5418296735523953,1.3250904073771703,0.41877289459318245,0.7412235168300048,0.4818690311759404,0.431038318747648,0.6918020866459526,0.36189869363834287,0.48282205642267917,0.3765757930538264,0.4182372209037983,0.37548595979502275
473,0.000834544,0.5257613744108072,0.4997783225099246,0.506777784485835,0.5007385895763371,0.5458981384406736,1.5134326813422099,0.4443232101168222,0.7078924823483449,0.5083992165287576,0.37827186814700675,0.5929731076628405,0.35232601635418437,0.5336493473147865,0.3665711339986179,0.3805715649787405,0.3947984456534096
474,0.000699156,0.5307948493088789,0.4837083726669618,0.5092806875181558,0.49958614564393605,0.5501619064200785,1.72895012247077,0.5486730212690277,0.7374806342029447,0.7907955902126743,0.4241289915657586,0.5880533919616023,0.37764988949832634,0.6740747412918915,0.3891512414787971,0.4068518287429826,0.4758198209683517
