row_id,TRUE,Model 1,Model 2,Model 3,Model 4,Model 5,Model 6,Model 7,Model 8,Model 9,Model 10,Model 11,Model 12,Model 13,Model 14,Model 15,Model 16
1,0.00068828,0.03994227175190595,0.03994227175190595,0.03994227175190595,0.039979054272826046,0.03994227175190595,0.03999049784416843,0.039756249643743954,0.03994227175190595,0.03986734091485992,0.03999246076080396,0.03954927157639147,0.03994227175190595,0.03982317047617234,0.03994227175190595,0.03994227175190595,0.03993688700959868
2,0.000435248,0.03878097413756311,0.03878097413756311,0.0385735659698646,0.03832363114677111,0.03878097413756311,0.03878097413756311,0.03878097413756311,0.03878097413756311,0.03878097413756311,0.03878097413756311,0.03847982357721631,0.03878097413756311,0.03878097413756311,0.03878097413756311,0.03878097413756311,0.03878097413756311
3,0.000313113,0.03906795826225834,0.03795148278729492,0.03760396981057525,0.037673522740899065,0.03782962869152309,0.03907788825892119,0.03830054492420381,0.03907788825892119,0.03870758445637871,0.03819431644678836,0.03719329043534645,0.03901441821180413,0.038483825774768526,0.03907788825892119,0.03907788825892119,0.03907788825892119
4,0.000513405,0.03934169460734865,0.03993132717286687,0.039969134861932425,0.039961691843542445,0.03999535540757241,0.03865867448055139,0.039933706634466576,0.03685279565610615,0.03978208114970806,0.039446323964444904,0.03998309236160386,0.03922037943829601,0.03972413725746341,0.03867743273859068,0.03685279565610615,0.039625706309433614
5,0.000142153,0.03416852937135718,0.03244977182579709,0.030014818960524096,0.029485440204744348,0.031084021815047234,0.035743599011415425,0.03526211341177249,0.035743599011415425,0.035363610248511784,0.03429143854010733,0.033665014926777655,0.034519606953039704,0.035743599011415425,0.035743599011415425,0.035743599011415425,0.035743599011415425
6,0.000352751,0.039999884480287885,0.03978954267893146,0.039935708093630035,0.03999045009358177,0.03899320175843196,0.03986087656191858,0.03997019304851701,0.038428804669595217,0.03984083991395416,0.03882680987398897,0.03951585444044246,0.03968128605445883,0.03999999668540436,0.038703722442324937,0.037470089539303364,0.039824442822923335
7,0.000480574,0.03847632482132848,0.03935512303522046,0.039943489814251436,0.039706002256295496,0.03996021527715404,0.03968641332451978,0.039564189281683905,0.039545203552840816,0.03964530802965028,0.039539997416458146,0.03909543000601499,0.039992556112906606,0.039662452080975505,0.03964019278340876,0.03963824177895821,0.03989901303726574
8,0.000303313,0.039995055087229385,0.03991315415125931,0.03800412433868143,0.03806155021919588,0.037926133055862093,0.03703230850739829,0.03688148729080238,0.03951979561581899,0.03764294432042585,0.03915653314174573,0.03601676747892034,0.03862648127726798,0.037344657478551924,0.03978247432033348,0.039703266799475154,0.03815267939598371
9,0.000326409,0.039975352441002115,0.03999672193866664,0.03936908238308011,0.03981781855064673,0.03849210823193738,0.039991969283023183,0.039973969644367266,0.03889817921957048,0.03995655881970561,0.038153169945630463,0.03952403305521871,0.03979315824220896,0.03999523695964294,0.03476680225748639,0.036430067238025124,0.03991297190397728
10,0.000231276,0.039059147761105556,0.03900510634486561,0.03727187292165601,0.0382137671599161,0.03543917009227618,0.03989357279033363,0.03900854422612564,0.03984809223751047,0.03913807758790564,0.03642784676605011,0.03759862749185108,0.038754497463366046,0.03953765540721462,0.0388697734975738,0.03969450070518828,0.03994754070739443
11,0.000235425,0.0388412488162988,0.039178420093220964,0.03807697390676988,0.03882768479975919,0.03585735178347964,0.039026083907206244,0.036966015605365755,0.03995871674043373,0.03717099126307921,0.037131219635233796,0.035865898308662714,0.03924012521883791,0.03742166516080388,0.039986152878095926,0.03956489203510635,0.0378536013619108
12,0.000307289,0.03994430179650071,0.039998320459369054,0.03960791754755472,0.03993173820140445,0.03810227005362447,0.03998819583730156,0.039306360198936754,0.039939091075416405,0.039819201116507545,0.03795941880002106,0.03850542617517362,0.0398194922219216,0.039544893733534675,0.034183391303292385,0.03976239492216972,0.03986065501543659
13,0.000232357,0.038900036751941564,0.03951116005111324,0.03774205610026622,0.0384320564120592,0.035828712428129815,0.038557507953159584,0.03770809852861526,0.03888679773692963,0.03918496938343531,0.03771170711962543,0.035699873946120356,0.03758458687064983,0.03812027576453508,0.03937586618598852,0.03985158268445762,0.03944165352813535
14,0.000729326,0.0346672791223272,0.03471446891475265,0.032955527825645634,0.030063299291599385,0.038367429274914926,0.036292835458856476,0.03996274650487509,0.03582501914384112,0.03999716852290032,0.03999684934474032,0.03999986715417246,0.03637702563950729,0.03998209678082417,0.0385042554202365,0.03746445968983722,0.03992548643045625
15,0.000277489,0.03904652168863648,0.038496219699245424,0.03597016022230219,0.0376317275447303,0.037190082291720564,0.0398636641968638,0.03595423221348337,0.03921156752749454,0.03633377105490669,0.0386287701398492,0.03505374432530367,0.039423796498676805,0.03664019252780078,0.03892451973021058,0.038011836676657924,0.037434351228798304
16,0.000272403,0.03877172075054434,0.038591314890893624,0.03868798839687635,0.03939365495644163,0.037001874773068585,0.03409276486012219,0.039999818442050444,0.03985949334733144,0.03471246580745589,0.038191463689527264,0.03919181066476657,0.03978998203895184,0.03998955208837209,0.03409276486012219,0.03661373499448031,0.037779434312037834
17,0.000267687,0.039120386643961856,0.03884153948434618,0.03857767647710916,0.03909975274335745,0.03668227996001944,0.03731613691266361,0.03961512908481311,0.03963142265920822,0.039719480424878745,0.037406329657294235,0.03945894426933417,0.03980168539107788,0.039715920372540306,0.03917115334945411,0.03445697297561025,0.039999997103850694
18,0.000227534,0.03868885542434275,0.03854418394673598,0.03757141529594486,0.038540504402232445,0.03540763405325195,0.03941855438413303,0.036503719119057566,0.03974912375594943,0.037779281371146195,0.036264649616663855,0.035939493346112655,0.03874193525825265,0.0376702902072407,0.039999160640542715,0.039999465118454355,0.0386252516903626
19,0.000283867,0.03977512267854706,0.03980024841490105,0.039237237918145915,0.03981774549988607,0.03774130322024402,0.03995878294911584,0.03934896029579221,0.0395321073144712,0.03960684316854743,0.0379847146006842,0.038446723518288664,0.03968220172797059,0.03953290449159034,0.03619423156466177,0.03916978045386459,0.03985564086128941
20,0.000192394,0.03678634787100506,0.03771641422437394,0.0366334839595946,0.036992630198582524,0.0340759358957919,0.03959496450499894,0.0387782586864541,0.03997399778476452,0.0396864842993365,0.035405714211557124,0.03644037645752064,0.03701185879317287,0.039455407829556005,0.038932413684655665,0.038932413684655665,0.03997869586286141
21,0.000216325,0.03827247276476016,0.03909861603670704,0.038428895115509266,0.03848808118246434,0.03518809082460558,0.039259904034366744,0.0374801232926648,0.03995948908781429,0.0374740972875654,0.03600097699339315,0.03611624391527779,0.03854283685500692,0.037755800496757266,0.0398388613411222,0.03885402044057902,0.03860949797616528
22,0.000269344,0.03970607654071703,0.039941902961023706,0.03950637563709412,0.03960481293593054,0.0370457299407106,0.03971403464856565,0.03815206729717867,0.03999964762690841,0.03855577185799631,0.03812590329137476,0.03737654094847961,0.03986212385658957,0.0385229216484833,0.03957137481775534,0.03996618026826211,0.03916200066834895
23,0.000241109,0.039463688794360546,0.03985566259267785,0.03867426824771363,0.03859738989118796,0.03614222011052859,0.039633922527453534,0.03826681716899469,0.03993014608549103,0.038953035089086596,0.037757664963976784,0.0370745038877618,0.03951342642889479,0.03870257917926461,0.0379112865934713,0.03997359472086025,0.03963121941994503
24,0.000220038,0.03925772123253543,0.039792204395231075,0.03837007701518605,0.03831788809275853,0.035386020304202515,0.03947155675493768,0.037751984819129385,0.03986029900189501,0.03861422138406706,0.03697264999629453,0.03634183929347819,0.03889079479796945,0.03822840370026658,0.03932331676882668,0.03972017598942487,0.03923945307596012
25,0.000250804,0.03980767142023239,0.03999254770438578,0.03932248200879013,0.03908890003295631,0.03641147237409133,0.039672660331034615,0.03784369390510545,0.039936595690408354,0.03856274360805505,0.037063782877965884,0.03662158954332538,0.03927334894880002,0.038308006957380444,0.03970973801925043,0.03985751492209844,0.039200689758587474
26,0.000388265,0.0384509202650101,0.03584383872892753,0.03986562287759388,0.03987065100694909,0.03935300138536114,0.039649537828510564,0.03968258918936442,0.03920973672396368,0.03989703836351228,0.03926506852592391,0.039063022452891,0.03985002859077816,0.03986440316854186,0.037292999547835215,0.038705191598559244,0.03999609426568706
27,0.000395051,0.0399090113320134,0.03973427135400574,0.039981166224318895,0.03982051452554591,0.039451286892469156,0.039324420021720485,0.03981848834053261,0.03896005159051632,0.03993431259355602,0.03902105999802995,0.03925914841173759,0.03977830114972751,0.039958414215617265,0.037762140087916216,0.03807461908902207,0.039937115912516474
28,0.000200025,0.03684255712122747,0.03790549978349648,0.03607733588467121,0.03533028637448148,0.0343929168759609,0.039165294878033,0.03650499981940217,0.03915901183687269,0.037275791623745114,0.0367532932353208,0.03491451564603483,0.038037872694612895,0.03707908203883284,0.03988775522310683,0.039998633386369165,0.03832926948916563
29,0.000224536,0.038168823343450425,0.039070703496598344,0.03863251775996395,0.0384464941696277,0.03533017305840871,0.039490882744177475,0.03748675604189623,0.03950140254147432,0.03854169487516454,0.03677696744232189,0.035933081245665424,0.038677366180661074,0.03778962531972663,0.039773531101740214,0.03995953226715596,0.038922613333720955
30,0.000294604,0.03984461526647825,0.039997863914276933,0.039757707352125186,0.03968729245414569,0.037595527639861584,0.03993745722037496,0.038687232161513735,0.03999414508153712,0.03929410737562554,0.03795190833291278,0.03751969639296871,0.039765712056063086,0.03897724462948422,0.03936216522076766,0.0396928987991847,0.03971447150138316
31,0.000311191,0.039999895403238235,0.03968102072193277,0.039654612403486666,0.03948172546769542,0.038181800733010064,0.03966021144623737,0.039421663825792624,0.03969901785853081,0.03993923328671152,0.03831401226439046,0.03847394518349388,0.039936222024583086,0.0397526902838133,0.03856826120822285,0.037516198395999636,0.039987591427179094
32,0.000275364,0.03985651903434765,0.03993683682557006,0.039098911184321475,0.03859745166792107,0.037328651248211484,0.03766614326147036,0.03949614958946519,0.03945449276151666,0.03995542883127006,0.03780740709241655,0.03868601701516703,0.03973054837287766,0.03983918316389976,0.037674993879806384,0.03434318744065899,0.039890103996039115
33,0.000274089,0.039756379284913254,0.039927671895311635,0.039346463649244226,0.039016953032964034,0.03709862191880001,0.039374970177722825,0.03845500719249448,0.03992895478623229,0.038930340459396834,0.03809553210607239,0.037831382124602894,0.039670394736026036,0.03903584218974146,0.039333484244588504,0.03953866081087802,0.039751694648318715
34,0.000348777,0.039737054062406026,0.03916865148004384,0.03998267131731947,0.03995785326300768,0.03875858690292039,0.03936174400353484,0.03903668365092401,0.03965103265543949,0.039209008457010405,0.03916695038554012,0.03860748734563309,0.0399615976236147,0.039391183886533426,0.03889517963836077,0.03981720451114573,0.039786608698575636
35,0.000301033,0.039999280388419406,0.03999995365724475,0.039275124355102095,0.03936778853510119,0.03785618108232714,0.03942041589712093,0.039134307155118106,0.03989070559358033,0.03945313221641222,0.038775954045832554,0.03843696944753271,0.039974456978507364,0.03945612549532803,0.0382299816142261,0.03942364901684556,0.039939652467763875
36,0.00027018,0.03978385412577392,0.0395010529715078,0.03898071736973997,0.03870393235434218,0.03705244921424797,0.03977419126881414,0.039018113756159656,0.03998447204957962,0.03956833846991645,0.038286454032391004,0.038156553956515536,0.03972293963483692,0.03931947133429096,0.03802821508082752,0.0384269461864254,0.039975600464462385
37,0.000213305,0.03815883718248163,0.036889662174758364,0.03780726923204031,0.037721627421212316,0.03494988500056098,0.038876380492061005,0.03666552675716288,0.03916694321924538,0.03772198292660567,0.03633606336805696,0.03532069469576598,0.03844625093470728,0.037054504721313254,0.03993638357987458,0.03997951560625766,0.03855619884394323
38,0.000309103,0.03997988461250521,0.0396794839931336,0.03993394892263585,0.039989264924401524,0.03801252735937326,0.03999790106382435,0.03927183701383341,0.03995646649045466,0.039777061932690545,0.03822805286952082,0.03828976266890616,0.03997398514783205,0.039436758264459096,0.03569944337650932,0.03905124367707539,0.03996765106237137
39,0.000246283,0.03943156554167174,0.03894993938599176,0.03850511726948245,0.038875346102577285,0.036347600758194695,0.03995791529991854,0.03866559876742745,0.03999911073445187,0.03925623541600577,0.037204137643561945,0.037506842354314625,0.039661103528871595,0.03905729486723996,0.03599937472786649,0.03937696428381304,0.03990268434176477
40,0.000218886,0.039135859308226176,0.038366374043219784,0.0383164945503679,0.03836877519989029,0.03531740627746915,0.03990053964819112,0.0374492084449285,0.03984263440110545,0.03857225804355804,0.03696885231679665,0.03612970000760646,0.03926116830504757,0.03804671220166707,0.03827582779308046,0.03999903779282731,0.03934269193312384
41,0.00034898,0.03958391351405853,0.03999304740330411,0.039969866873972304,0.03999325635399108,0.038812194176181466,0.039649016586213996,0.03951215263308112,0.039301839920594446,0.039804224106438135,0.0392626802474405,0.03889805925815436,0.03968595607671378,0.03969947282901012,0.03768753824422279,0.03918093739819459,0.03999260379921597
42,0.000307705,0.03997477178915244,0.0397000807841609,0.03949849677633878,0.039548046356214846,0.037989006692742286,0.039880186255700605,0.03909296754860577,0.03966491202865677,0.039431970638310304,0.039080831898664306,0.038482901261052,0.03998410070218992,0.03953203748260835,0.0394529072384803,0.03927878057239663,0.03998056310535123
43,0.000398851,0.038275264491213365,0.0396059394253906,0.03997138582981596,0.03999859499345546,0.03949626389592727,0.03821987860849211,0.039917882886604666,0.03688518012865957,0.03991843563039674,0.03941147963087539,0.03976402291320721,0.03941776295979828,0.03999524464715838,0.03831298305577592,0.038129515817108176,0.03985303706149253
44,0.000251213,0.039923246450311534,0.03956672602427001,0.03789648974580691,0.037942542083110986,0.036375166708917855,0.03952285093941003,0.03806628774100217,0.03999443296300888,0.03843092997818076,0.03782904453054982,0.03707475880222706,0.0394111840933702,0.03854778529055177,0.039807879680799484,0.03996949698334817,0.039570403401736134
45,0.000207157,0.03957175777256456,0.039105749677339104,0.037660053668756036,0.03798046771645045,0.03461772458158456,0.03878220440971586,0.037829307831976106,0.039950984462601424,0.038381278028668434,0.036223635358154274,0.036754739235766276,0.038750839416410575,0.03803283043278252,0.03900944063059284,0.03994767078206938,0.03942681583946979
46,0.000199072,0.0392503476755039,0.039072493534273556,0.03777743052151381,0.03812364472228623,0.03433479489117289,0.03957693264290473,0.03933057296236345,0.039937658121569755,0.039891920865930464,0.03609005970023172,0.03814171590820717,0.03918336816518678,0.03953895970540468,0.03865475709477342,0.03865475709477342,0.0397998874722635
47,0.000169623,0.03871891742196183,0.03872993387764565,0.036805043496365764,0.03679714613356596,0.032869927722626015,0.038777676575403486,0.038824276869300546,0.03997421928283651,0.039846343576383135,0.034866907088268874,0.03658730298274492,0.038518049553874514,0.03934968700295845,0.039658811857018514,0.039658811857018514,0.039658811857018514
48,0.000191593,0.03870907525802484,0.039310641074409784,0.03818302438141677,0.03853284682638012,0.034218270561173915,0.038928552060908825,0.038548555299390275,0.0399982635097955,0.039503056180640796,0.035810547823590846,0.036522595694784,0.03921541406978338,0.039033551905474397,0.03896386281702285,0.03896386281702285,0.03996536777831251
49,7.97e-05,0.029166529431206137,0.031781671900849344,0.030387835005843133,0.0299359959472422,0.02548927862728448,0.03090979738655069,0.02957861056854531,0.033869332431330626,0.03085454197470125,0.030043601749615283,0.027383955265747065,0.03118491086478444,0.0305519272251736,0.03747543339646377,0.03655285144568203,0.032600773083515326
50,0.000470403,0.03817908031351115,0.034039326774751064,0.03430671828744865,0.03447007270993571,0.03995354083327542,0.038719496064982026,0.039888931803987865,0.03591935981907794,0.03979329903952003,0.03973263727820882,0.039968046576541454,0.03796084472849844,0.039777329434923715,0.030327435601320146,0.03688217110655968,0.039330002441922904
51,0.000227265,0.039309381511398775,0.03999983605526478,0.03703664732612844,0.03787301790794108,0.03566137032953505,0.03804205722260852,0.03628454389644255,0.03940127843526406,0.036268632888211416,0.03724403822639357,0.03502860565060894,0.03962006279893673,0.03688234336984468,0.03995069236216697,0.03913918632930619,0.037959748881083
52,0.000192915,0.03870643022889106,0.03989435477039642,0.03784083244134444,0.03731795312463783,0.0341407660806583,0.03830098870338892,0.03655149944163476,0.039354900255306774,0.0379063593072581,0.036171620214552475,0.03511490546554999,0.039364166835044144,0.036869665202011154,0.039938256019903355,0.03967256231765168,0.0382338126263992
53,0.000196619,0.03894854711020287,0.03977436885862927,0.03827736210489442,0.037977499979685914,0.034116471317808636,0.039999842755192076,0.03952844311045059,0.039953552264099176,0.03999533392276084,0.035635335422190176,0.03807431803592855,0.039709648583925325,0.03975028657375632,0.0334838525698818,0.03513279794785862,0.039910508930147054
54,0.000175555,0.038659031892952694,0.03970334937569623,0.03745652343025272,0.03708508388083224,0.033005358398345994,0.03999950065833585,0.039379732955997074,0.03985393453663843,0.039956276771942904,0.03458838356764195,0.037328745254887094,0.03911885779448722,0.03997024912630502,0.033607778922835216,0.030623998158756605,0.03827721320525602
55,0.000140218,0.037572339290445345,0.039224251370496566,0.035741830670319275,0.035198517639396784,0.031261173958292525,0.039027081729752014,0.036272265256092555,0.03975484213732566,0.03726003534152892,0.03299242362239732,0.03436628163019248,0.03763153325245792,0.03712816969545624,0.03980563900853499,0.03952998312052204,0.03843374150944686
56,0.000246857,0.039983271357952266,0.039164660630575256,0.03988092554330945,0.03955073447010522,0.03638909441461091,0.0395655579623233,0.03949630962077528,0.039434700043848366,0.03976979063305154,0.03663286305024187,0.03841243939698987,0.039850732428838985,0.039827042196030706,0.03556053825239992,0.03896131876545785,0.03999480262688041
57,0.000106657,0.03524169909733794,0.03731479924496808,0.03280844102735746,0.03299778262531261,0.02831463867896804,0.03782695537905248,0.03464231840053476,0.03748914014046342,0.036310374605036146,0.03142206537923531,0.03170898435961331,0.03520962012298355,0.035873744409476625,0.03996280369095354,0.03986886429887627,0.03820048507005608
58,0.000200145,0.03912221658634851,0.03999984327413101,0.0394625936596428,0.03893156746327266,0.03453327755925119,0.039701194986188744,0.03910201174631528,0.03994997432073303,0.0397253598341485,0.036323147781488506,0.03752570152702398,0.039903075335989524,0.039356477861967915,0.0392410056997868,0.03278402705817626,0.03997359975100978
59,0.000190895,0.03921795358834174,0.0399672881613728,0.038464703044127996,0.037475908836546404,0.03402115459459323,0.039875973114993815,0.038133783824943125,0.039987725273519674,0.03878132149802089,0.036046246815910496,0.036480262073373786,0.0399195081366989,0.038675059155181477,0.039865744843842414,0.038650295115876636,0.03953818823478127
60,0.000250014,0.03999559648827394,0.038039981605147835,0.03977819596727179,0.0391504594641732,0.03647043793826234,0.03938002863552994,0.03886633203615311,0.03988398502154959,0.039330362014360194,0.0379242120046656,0.037548466888011445,0.03996518413628169,0.03927513194464824,0.03889046516183414,0.03965775368126062,0.03979790075673472
61,0.00033548,0.038416001095813654,0.03265213750506493,0.03998263184877542,0.03996147095133492,0.038658584054551894,0.03927500885135705,0.039668743687499106,0.03941815909697135,0.039899785184493636,0.038203985858460285,0.03882658146699878,0.039321894369338695,0.039818864459763265,0.03435742761985887,0.039374668530780435,0.03999450038417227
62,0.000304085,0.039665277696598826,0.03830820095559421,0.03971005578505448,0.03917593058305395,0.03789839508263575,0.03997120341812106,0.03881818828374646,0.03999723729289787,0.03927363645755855,0.03837265175915411,0.03783107178675493,0.03990289889244531,0.03914584612482154,0.03641696328774155,0.03987735478557941,0.039699543455920784
63,0.000293488,0.03955925113768098,0.03764909642724163,0.039617112147093125,0.039054067241776735,0.037652386913704726,0.0399714879188817,0.03894358060046606,0.03996741652882321,0.039451207269757385,0.03761498870916049,0.03805964784413495,0.039888350475159595,0.039269161306519,0.0347401616847831,0.03954262813124478,0.03970708153806467
64,0.000284384,0.03953650312501033,0.03725246678536931,0.0395019138228445,0.03891880125591719,0.03734297178515482,0.039978456488183226,0.03946757270164667,0.03961501681278264,0.039599224136187036,0.03842411646513144,0.03864534302619762,0.03998604822133128,0.0397225152512721,0.035694754443540075,0.038888546981797584,0.03995186800755127
65,0.000238352,0.03996081490727018,0.03910944633806304,0.038595976183249135,0.03815434709106283,0.03593693944507953,0.03940731387981475,0.038712098123360975,0.039953325369000675,0.039083391422617415,0.0380483593955411,0.037184462423083604,0.039507118747438466,0.03908753455652557,0.03849140189665803,0.03985090619786516,0.03966164042133615
66,0.0003284,0.03783521132135373,0.03374353695996683,0.03998919481805828,0.039878637191205095,0.03846180871341466,0.03933076829827438,0.039479610215438755,0.039355605518728395,0.03978346286276065,0.03883080790729778,0.038189489209674785,0.0399519982221421,0.03954296936887626,0.03666720163351278,0.03925505319625145,0.03990751602314977
67,0.000357652,0.039878187256415315,0.03475622046673306,0.03997055433702078,0.03973062073397603,0.03895611952255998,0.03885184268795862,0.03918718414400259,0.03953401041612013,0.039417697540312116,0.03881196401702741,0.038069343367546894,0.03992733814148948,0.03924777914257932,0.03821916595665266,0.03950234281437254,0.03967996376856378
68,0.00033687,0.0399879097898757,0.03916925281874825,0.039771750370765524,0.03949389538782347,0.0386166882502114,0.03916240654386543,0.03933645442935904,0.03924756024742972,0.039731186240095674,0.038338190544971146,0.03831169728974916,0.03985778357733477,0.03951858718147329,0.03782065664564331,0.03894799766004645,0.03985276146018578
69,0.000389177,0.039791954847560124,0.03870132725393482,0.03999998056376809,0.039926993218543184,0.03934035651384794,0.03976444870114804,0.03999666786600942,0.03527418908850946,0.039850856185361105,0.03888083229507,0.03983123478486305,0.03985365217923833,0.039936018435292014,0.034791989048901864,0.03353395031896947,0.03963328118549753
70,0.000364098,0.03997961925097427,0.039999957209649564,0.03982298166003504,0.03945643106986325,0.038960596925322236,0.03962781067291522,0.03939679902382842,0.03834707970439409,0.039486719102791605,0.03927848321417629,0.03932064444503866,0.03996910602262951,0.0397034008184926,0.03967553880420935,0.039020353052930196,0.03989435719558408
71,0.000470157,0.03908635715979173,0.03859044185445001,0.03983358485856056,0.039992583564513184,0.0399251800002485,0.03974513152844256,0.03900205471953688,0.0394368804722279,0.039074597493877636,0.03977790956532788,0.0391072138969349,0.03988543315998001,0.03924302252232234,0.03998546986130337,0.03998444056469929,0.03941914625238135
72,0.000764052,0.03991759166783839,0.039809141625495516,0.036979560465269665,0.038095882064844655,0.03808678002611613,0.0388568719824377,0.03996064907783681,0.03786944623862675,0.039458718259958496,0.03989177614439226,0.039946703549704796,0.03837322468069362,0.03993943340205827,0.03664419578975649,0.03877312286765888,0.03966373805377524
73,0.00066204,0.03998980673344896,0.03990102688483587,0.039950075169271376,0.039993178397607604,0.03931616751248894,0.039996650920933866,0.039454535336642005,0.03985909658443402,0.03962816424030173,0.0398387035417622,0.03879328625175335,0.03977996650197388,0.03938708535879892,0.039886683982401264,0.03969231510938014,0.03970700148461026
74,0.001333467,0.030730267740709458,0.032005453490383945,0.030083325799223515,0.029518053442869327,0.02603887111889204,0.03334993688475664,0.03944352231107403,0.031626568077446265,0.039702864617974294,0.03947097598659789,0.03952034329788263,0.03019081736121884,0.039478415811128834,0.03674096917550375,0.037074760651269134,0.039522936387403534
75,0.000340957,0.036099463976420706,0.03698603779865242,0.033714446582469075,0.03768072832762362,0.03813874046309057,0.03837253654032065,0.03489796756650437,0.03866582876856278,0.03492370246472891,0.03941425143281234,0.03438688334739544,0.038637207363472745,0.03567523082645986,0.03794914183588357,0.03634446613138845,0.0359952614246591
76,0.000461253,0.03905535860904355,0.039410988479768615,0.039884680449979934,0.039999864910212235,0.039691687494271946,0.03956284868488197,0.039102045293255235,0.03819002847008799,0.01441009774687066,0.03938451336842575,0.03999810597690515,0.03996420231771204,0.03924606410434714,0.018544592204120303,0.0341230139347615,0.037164072548645496
77,0.000434714,0.03828285954523705,0.037893240685938245,0.039374304209322475,0.03982344213233116,0.039520190022562095,0.03987838198984126,0.038919064011494656,0.03464054133699708,0.03902256465946132,0.039496889478209375,0.03887387136828285,0.039893615691029304,0.039206834933503104,0.028473287431439467,-0.031338262478108,0.03858976933822771
78,0.000397934,0.03846976272307054,0.038251350187601736,0.039176724638435814,0.039560860132753256,0.039379410771488016,0.03925225903436613,0.03842729745499801,0.039496916287820316,0.038768672329954845,0.03962299848288653,0.03849076280530992,0.03906148251790234,0.03926097252354001,0.0399552001563149,0.03887690673700734,0.039342599717009485
79,0.000784569,0.039998654050077145,0.039689678951686354,0.03779772673268163,0.0361858387742183,0.0367138706396677,0.038608638687494534,0.03967153596450766,0.03181211028883388,0.039844709367306136,0.03999500330459327,0.03991846403535193,0.038933268668738696,0.03963052401076993,0.03602872268510837,0.03836078211214138,0.039763031284038845
80,0.000349992,0.03572931607222535,0.036123840573265474,0.03708680455550103,0.038941612832980546,0.03868634862454022,0.03921213999328794,0.03886321794632705,0.03997786800642173,0.03892109680545718,0.03953517454683685,0.03776942353445535,0.038293938632001125,0.03923303895194308,0.039835268129755276,0.03996257226618791,0.03959808961674849
81,0.000431481,0.0382538261883124,0.03858021526112315,0.03991589433608611,0.03984986685275701,0.039698526868591454,0.039903147869435614,0.039926948729394625,0.03727175983395094,0.03998843595953258,0.03940205363581459,0.039684164445684005,0.03995547280748779,0.03992981182462815,0.03991345961498579,0.03354756541305309,0.03999616456354046
82,0.000358562,0.037723980133111415,0.03812763905683106,0.03896820843116007,0.038708294445023994,0.03874186770034546,0.039986665370128745,0.03940832999269148,0.03930130262486455,0.039625015150158864,0.039347808155086816,0.03900322704888494,0.039795714511272146,0.03961319137057159,0.0399929862108914,0.03784601183293654,0.039703493222728
83,0.000386208,0.03842671917722515,0.038920628119385424,0.03961361013556556,0.03943144754522633,0.03923551655919097,0.03990699465303566,0.03948371382736467,0.039212998966041065,0.03949565134461377,0.039225162553616716,0.03936353864683091,0.03992100300199644,0.03973759555822306,0.03992586372867789,0.039624206096069536,0.03980119816242131
84,0.000440872,0.039554887896198994,0.039607413963864704,0.03990775153986326,0.039891631665003535,0.03986621466321187,0.039796400284641986,0.039999854305666216,0.03834380110765321,0.039740006650031454,0.03948209575659213,0.039802042443766665,0.039997786595213185,0.03997338689810909,0.034595503931220004,0.03900611947843908,0.039859441073923675
85,0.000426262,0.03926764138750759,0.038724397024404514,0.03980083809312193,0.039287744952982505,0.03967169418365829,0.03965199851749975,0.039494279062483796,0.039657375458751254,0.03969272215324292,0.03934520386410818,0.03862821200977352,0.039694132614336894,0.03958710100901808,0.03967931212812964,0.03971390969114741,0.039834838709548986
86,0.000711161,0.03972759109870617,0.03998249572351807,0.038366049511333294,0.03926080226376537,0.03872855173296573,0.039434825776878915,0.03992156347298488,0.03487455683343142,0.03985085149392236,0.03999985219411625,0.03998795789528853,0.03870240640930745,0.03988230345671858,0.0381919260362346,0.037301313579829534,0.039849403155717736
87,0.000441943,0.039393554918422835,0.038477512897901786,0.038940581280030764,0.038248285981503274,0.03975809673998432,0.039815648270509686,0.039244949638358465,0.03968663270405519,0.0393012924042334,0.039886758626673104,0.03843983531126184,0.03994225528959962,0.03945990171274504,0.03994840355510284,0.03999653423040827,0.03959666095425126
88,0.000610088,0.039951927135618556,0.03967852790828202,0.0397379834043794,0.03989654804653877,0.039734788129057494,0.039640151224591295,0.039934046478403804,0.037053581224136975,0.03968084601573344,0.03999405394234081,0.039916185549570965,0.039201867069718344,0.03991692172469076,0.03877111245582468,0.03874863406113773,0.039812831828822476
89,0.00060561,0.03988612750248868,0.03987640336843157,0.03999995054750442,0.039996798033245004,0.03981021998172493,0.03996251677451363,0.039985746707515854,0.03801321355517612,0.039964069950412184,0.039958955904761645,0.0398292674347535,0.03908879909998008,0.03998640582774049,0.03943806496369406,0.039263451410892075,0.03999864673602049
90,0.000412758,0.03883571583619672,0.03678714203598729,0.038689625333361025,0.03855514245520075,0.039469863985565776,0.03942413167332233,0.03889333176478591,0.039931043968401254,0.03940807518493786,0.0392390967975314,0.0383968476639917,0.03989166977922791,0.03920334692866621,0.039999136944987676,0.03999883569263858,0.039457234375896766
91,0.000462379,0.03962978072937028,0.03766604311255368,0.0398093970013138,0.039819283156799445,0.03989513509501367,0.03997171942632526,0.039973699345131966,0.03840899426368383,0.03995816812778376,0.03909295629673609,0.039668165589622384,0.039989622365593704,0.03998603138909712,0.03943028208318573,0.038819959118285376,0.03999992825621826
92,0.000467644,0.03991871981972677,0.03833692517090158,0.03979490165249464,0.03970876516907204,0.039867336185202246,0.039968449330380726,0.03990530040638875,0.03827001513202599,0.039996503984545274,0.03954869159125358,0.03930678576180771,0.0399368126538971,0.03997700894648415,0.03999817210146453,0.03918706238389256,0.03999821316508462
93,0.000629082,0.03935771569693118,0.039942068579916494,0.039789642151331434,0.03992391788500492,0.03951701266278279,0.03904108074112058,0.03997689590095429,0.03521109609063988,0.03992688615085827,0.0399654284421644,0.03983626492431351,0.03947684592550233,0.039993043687789304,0.03998642371149912,0.03954083758780747,0.03999089740315514
94,0.000368566,0.0392620826183979,0.036747616811900294,0.0379303834216211,0.03735752248487892,0.03909917963022687,0.03946111734617461,0.03864990460178562,0.03995925892273702,0.03940746320172688,0.03909531781485982,0.03747480027903344,0.03910036940649381,0.03903233475585623,0.03977631573246761,0.03950846078616468,0.03931094450771486
95,0.000376008,0.03973612184947942,0.037926039105814435,0.03936749967351019,0.03893417868643184,0.03909184094789984,0.039387626257499815,0.03961026523800771,0.039859023720686886,0.03994350464693759,0.03884948070988805,0.03823458317069597,0.03900036240229088,0.03956598543233166,0.03995867544261258,0.03995697613067731,0.03977951784055335
96,0.00055936,0.03973416933938332,0.03820102322801322,0.03981787483861837,0.03998788463090325,0.03995279486969575,0.03978877236339692,0.03998746540686766,0.036046984841412,0.03999359556488659,0.03994066638112258,0.039929910161311026,0.03989157255086644,0.039990162463798766,0.03896611529001822,0.038663108497123594,0.03999977034151739
97,0.00039618,0.03817449230617896,0.035179357728848545,0.038921116052291385,0.03889331988191548,0.03939698456425715,0.03998108745744882,0.03953727156008864,0.03878058020432791,0.03951517080210723,0.03884875524400165,0.03914485560538576,0.03978845302763245,0.03980026576076702,0.03978949163752563,0.03996950660064526,0.039803667422420246
98,0.000294633,0.036810246602499555,0.033710535217584964,0.03791410160790387,0.03801690276619461,0.037776379367725293,0.039616466430842295,0.03961921500885341,0.039589443773598916,0.039980254233052986,0.038271955400642904,0.03860523881211007,0.03865062528294677,0.039750006826055395,0.039421716796568966,0.03990989868099218,0.03989024179150671
99,0.000239248,0.03515773898603084,0.032411054068010085,0.03735521696121466,0.03815323948646201,0.03582520752226968,0.03785763524986289,0.03858062825807538,0.039984706508485415,0.039072645127457714,0.036154829950197157,0.036998337222946695,0.03683511693446659,0.03858625057126629,0.03991274125200768,0.03986283213100187,0.03892522923909075
100,0.000296324,0.03756084985884296,0.035380820748905376,0.03920105162546894,0.03953072178594877,0.037650812117801205,0.03860795936152985,0.03885908088738954,0.039928813035960034,0.03932610101479534,0.03763490425220854,0.037734023915547546,0.03841377721643005,0.038958550117132576,0.03989185129417177,0.03998748899330647,0.03913894146466221
101,0.000283075,0.037930700730693274,0.03573843248710153,0.038701236331887004,0.039093711715035936,0.03755648848644997,0.03840397401725592,0.039142983988352614,0.03997993309170493,0.039778170683020524,0.03753371753187396,0.03727074704056636,0.03845801271730129,0.039186488354725754,0.038007347939265156,0.03992157818002243,0.039473817315762556
102,0.000486685,0.03999044537200601,0.03917316742452,0.039546815986242184,0.03887131282711021,0.03998917188429254,0.03953411873063407,0.03974763724223007,0.033382412540539225,0.03993188032654097,0.03976942438999409,0.03995185178093472,0.03976251797354066,0.03978010743619246,0.03664905718261162,0.03891287942991368,0.03982464293925383
103,0.000323922,0.03619445757828309,0.033298177894106135,0.03860824078868548,0.03864797637419899,0.03835022547644075,0.03990279490777561,0.0399984910479167,0.034235905709380704,0.0399965391380844,0.03889696630381795,0.038972229231623044,0.039918519728852374,0.039905273293814957,0.038859478346059934,0.03972145560556609,0.03989658062704626
104,0.000263047,0.03325039214402536,0.03157528930355051,0.03824247187118597,0.03905273316744571,0.03674042797486317,0.03993773998360658,0.0399994476071128,0.03197031252621048,0.03999955878853061,0.03756785577674954,0.03825284043048968,0.039466364999960486,0.0399810307974238,0.039403996922385616,0.03914748571987676,0.03993849875894857
105,0.000240074,0.03303085347876553,0.03158163044516452,0.03804618052321645,0.03889835509213149,0.035906316599467705,0.03863666736455098,0.038296945989882966,0.039405591857163,0.037832162923177384,0.038699011987877716,0.03587562414838559,0.03839589820898457,0.038353812716156184,0.03977526894448133,0.03941275315691668,0.03841334566729667
106,0.00096234,0.03776210317988289,0.03894686990487134,0.026187957668167255,0.02187152259857278,0.03462317141031043,0.034390811748444966,0.03569367273039087,0.014392916919237636,0.037510928282268964,0.03989676906371105,0.03850272365779328,0.03117304202940052,0.036330150313585705,0.027955734331111315,0.035035776367321955,0.03632494006552672
107,0.000287069,0.03642669857186545,0.03475213695884209,0.03448342279256771,0.035498950621297154,0.037638160156870715,0.037539235996552324,0.03724705602371013,0.03999225682936183,0.03585283636357039,0.037877777996229475,0.03587583912015165,0.03903935632671338,0.03728261505442086,0.039578183013441404,0.03801696339834615,0.03765898616737525
108,0.0002406,0.0357487769150899,0.03376599881100686,0.037477912735598556,0.0385774029741163,0.035988514683616565,0.03702176519742976,0.03808871264591909,0.03987063849674763,0.039013113637876434,0.036669430301219955,0.036561725837760406,0.03755048590707097,0.037287274029939005,0.039945942971621316,0.03803363385760692,0.038001502459007776
109,0.000488879,0.039987264312591,0.03913064218891708,0.03956846096895119,0.03851161971848127,0.039902945942217764,0.03996148808118349,0.03607006119912472,0.0357875183199971,0.03439175702820002,0.03901147773967496,0.03960050911398797,0.03974602394971226,0.0387580341921197,0.02346851259034867,0.036889757156257544,0.037602722236440234
110,0.000338661,0.039209646179470994,0.03748076622737954,0.0385323558624787,0.039086746179730444,0.03844035295092821,0.03895769372273411,0.03986241044744597,0.03994363656982982,0.03999654525379914,0.03848720113254643,0.038854630471966425,0.0397648788766585,0.03979872496683671,0.03944114336893939,0.03907011901462404,0.039998703120842936
111,0.000411061,0.03990671485081846,0.039130563998320184,0.03989274412333721,0.039969732050297344,0.03977638416747251,0.039377719967801234,0.0380130087302815,0.03999935665931429,0.037857883401027935,0.03975953300829852,0.03759707126315498,0.0399365799067016,0.037792026050919365,0.03951256191641616,0.0391245311561804,0.03780804555224384
112,0.001297147,0.018284564880964596,0.026580347467512908,0.02139906719782486,0.021792404215698655,0.0265482296309473,0.0344542034448157,0.03883352587778837,0.031007418206586493,0.039185564661661766,0.03927519288137435,0.03937670382228093,0.031230331126816696,0.038912450014058124,0.0361751903025562,0.03927373068043165,0.03896420369139937
113,0.00067907,0.03855286025205545,0.039927685363221256,0.03934865557563034,0.03920890263936527,0.03929225942734518,0.039982013916761296,0.03908724518257733,0.03964324670520562,0.038922756662740685,0.03968915138667057,0.03855943070480292,0.039534581807164695,0.039229484304531936,0.039903514117408494,0.039380102125386424,0.03944986570802252
114,0.00080158,0.036151755508693706,0.03950599940820124,0.039542182907115385,0.03949160095310237,0.037909209639300015,0.037927492006548436,0.0399152496642708,0.03412468083028321,0.039584436379166636,0.03971843634032678,0.039995414537704096,0.037956002586954876,0.039956880184298,0.03868677893395657,0.03912900999851282,0.0398742960765846
115,0.000633772,0.03861250507209441,0.03998286645829675,0.03983242264190517,0.03982690957890842,0.03991437042565436,0.03779953913256473,0.03904379163739375,0.03363998904064207,0.03846696913755217,0.039967173093095124,0.03990484866098812,0.0395603206209531,0.038847432619221425,0.03672940370192457,0.03608924703449301,0.038318330292802474
116,0.000452466,0.03999627404321403,0.03859194749625387,0.038744598808874944,0.03932736802004568,0.03958022362089177,0.039995188478595484,0.03999850418273632,0.0381925010473,0.03989928215875899,0.03967312678812036,0.03935241018362106,0.03991488634359077,0.03995031866723287,0.039318408659613606,0.03813368619137624,0.039772631944041716
117,0.000370363,0.0383770556239212,0.03502722832784876,0.038228319922501114,0.03923806052520983,0.0392143475072307,0.03956564496018405,0.039496956787636886,0.03964592485717425,0.03954305775305294,0.03823163103519039,0.03842492747094792,0.039384083249652896,0.03943527213150104,0.039814833329838234,0.03998507288450433,0.03938637861280837
118,0.000350916,0.0386947380309568,0.03575094121105227,0.038808295711913715,0.03948644786095209,0.03871505337338406,0.03906635807307497,0.039040106193063626,0.0399998937604389,0.03890309743107678,0.03818186880973909,0.03799157082840843,0.038188602806332725,0.03909749889518817,0.039999383330174346,0.039616147903100175,0.03915573224287562
119,0.000340516,0.03854863318870537,0.036116265659092844,0.03893681708654193,0.03953165220780576,0.038750171790652016,0.03876173545511817,0.03830236358160405,0.03997708887347065,0.03806879464170161,0.0383400605964365,0.037453240982363786,0.03807581951915037,0.03816633750938189,0.039718118394495724,0.039020730443634105,0.03809051248859241
120,0.000421368,0.03989345336226575,0.03871888700465631,0.039933368309474554,0.039997374899226015,0.03971626895297854,0.03999569281126271,0.03978148411522629,0.03778278868873205,0.03979061608161844,0.03956046423700045,0.03922779616359382,0.039533958900178544,0.039648277686871534,0.03986911283298255,0.03995064068744639,0.03965117527645826
121,0.000406612,0.0389039098760434,0.036653718640322366,0.039730567034912546,0.039997625481693014,0.03955285930740796,0.0391295914648214,0.03993935927932303,0.03603992789609187,0.03956276999748139,0.039757882456721516,0.03972631481062626,0.03981557303052125,0.03991067858205989,0.037918875624029694,0.03938882175407703,0.03976992812662369
122,0.000271122,0.036511370678453434,0.03389614660075346,0.037603569880514026,0.037873916242167356,0.037027641914870985,0.03995675844944154,0.0387612961225253,0.039999935923405054,0.039333599324918936,0.03823535484056422,0.037142034877272426,0.03826699283297423,0.03907955134386687,0.03999245986498221,0.039952513907622535,0.03935198248174062
123,0.000388889,0.03873994389505543,0.03743278955438085,0.039965858828463464,0.03994959186022334,0.03930518086112681,0.03979025548911326,0.03924657202314364,0.03980280077678954,0.03932022659422679,0.038757030132111556,0.03833210361810435,0.03982812445023085,0.03937042721433935,0.0399818407480208,0.03992579291908124,0.03935054804528475
124,0.000563518,0.03991872521979915,0.03994630352405215,0.039595939943715124,0.039475939561669164,0.039918769038467763,0.03574266412799591,0.039974131037167966,0.03708604636749546,0.03997592036024483,0.039851527145628014,0.039848986452003396,0.0395207066151284,0.03993878537425091,0.038096019796888224,0.03967011091874762,0.0399358527720159
125,0.00030592,0.0384447463405824,0.0374338746451572,0.03739954291058397,0.038539276345732065,0.03798917183953132,0.03996810438379387,0.03839146830146502,0.03999999068770434,0.03867920409893249,0.038389029640598135,0.037124315126512916,0.03877402650043457,0.03866077493997708,0.03983810066602015,0.03956903817668706,0.038996107713109185
126,0.000307223,0.03871337684326429,0.03798551876771684,0.03896926297990669,0.039461308978375825,0.037955746881927,0.03989430355980501,0.038796250836377985,0.039983269704361786,0.039493904134477446,0.038055581465085184,0.037867181187976676,0.03866117748563828,0.038798711694330884,0.03989082371658476,0.03989649905503795,0.03913281641997632
127,0.000428181,0.0399940280516716,0.03988701902086989,0.03999929382155972,0.03983471814477352,0.03961923393378355,0.03997419631379403,0.039999150042067236,0.03842299415872627,0.03997079340100306,0.03947324481121112,0.03970901955005326,0.039988937123351206,0.03999561034343107,0.03932549658447042,0.039273089006464375,0.03998395990266369
128,0.00031227,0.03964272231119361,0.039249830622252874,0.03834036646101385,0.038663608831137564,0.03807205339526531,0.03934732459108148,0.03930548054474642,0.03970667728461443,0.03956840727516113,0.03875996554881985,0.038110471586251346,0.03952553119158687,0.039444289629630994,0.03987225337450763,0.03993995174611352,0.039708478549943006
129,0.000357663,0.03999926048542645,0.03986877556307783,0.039658916143546316,0.03996491513005494,0.03904001473713503,0.03992435921073112,0.03976036522493564,0.03809047283999581,0.03974190473388789,0.0386248223083691,0.03903867610068916,0.039937798289057386,0.039783846602757036,0.03911351197080961,0.039870564248880004,0.03976792661502614
130,0.000401453,0.03999042161060148,0.0399991050693302,0.03990535098884698,0.03999868303294288,0.039437763492015235,0.03999158204639803,0.039997911039035675,0.03681302353387268,0.03992667163570586,0.03955241476234612,0.03957591196973943,0.039999512754607267,0.039940895199108546,0.03670381920202968,0.03924301650059039,0.03988257629810211
131,0.000467708,0.039825076779528915,0.03999996925603636,0.03999998935189705,0.03986208691291682,0.03991297642260256,0.039858732126843925,0.039989478103868596,0.03626002151217152,0.03989265395863479,0.0397582709756376,0.03980198513331129,0.039748762775391126,0.03992250387813919,0.03755040521724429,0.037224038009900734,0.03972243578232758
132,0.000406603,0.03992299516172289,0.039201957863363265,0.03958433030601014,0.03993867145126482,0.039542629276244176,0.03958381448745736,0.03884997016841848,0.039858384041343044,0.03916200712091607,0.03914824366238446,0.03819237226292996,0.03999181518117196,0.03907332284009345,0.03999603684654681,0.039980819752161834,0.039365508367405586
133,0.000801973,0.03403735526218338,0.03813263280938134,0.03650210274969938,0.035578015671228175,0.037628249779311694,0.03909407186028019,0.039916241794654916,0.03621388145919398,0.039903743529486696,0.039901791757240186,0.039999898093957306,0.03626196510453769,0.03989663918022216,0.0384437469368428,0.038754389861129966,0.03982685065226918
134,0.000549382,0.03878434416945885,0.03999917808798048,0.039626959136315094,0.03984266349053021,0.03997331068685679,0.03983974255164357,0.03919268660333569,0.0398304235154068,0.039177884267682206,0.03995520122873989,0.03865115415326971,0.039620616843952225,0.03932066741555867,0.03999880860940628,0.03994461115805458,0.03954126479815902
135,0.000496726,0.0399906002093889,0.039921582037696406,0.039824842929226764,0.039987645089191226,0.039970886080672355,0.03979680457456514,0.03921654052995477,0.039750877419309716,0.039550468715644264,0.039376624411570554,0.03863111225777724,0.03996473269267437,0.039236684081084064,0.039965117896662475,0.03996678555891543,0.03948076133651997
136,0.000417264,0.03995611100858587,0.03950830156478885,0.03932969039090928,0.03949512102997996,0.03945948569872268,0.03967534424185451,0.03928439201095128,0.03964996829916209,0.03954225552830064,0.039387829119640956,0.0385913350478519,0.03981889004625863,0.03932033084345926,0.03994279624379108,0.039993695078618705,0.039459893308767785
137,0.00042912,0.03998571735996756,0.03978376009881922,0.03971913024626679,0.039809812038475376,0.039596098472434116,0.039996330345785217,0.03994492366866192,0.03816170978141851,0.03994598172219323,0.0391880479003404,0.039358163673907556,0.03985942374156672,0.03999997207441858,0.03904068791091835,0.03901772975530981,0.039947882918842895
138,0.000453281,0.039317434945905685,0.038393705214103034,0.03984410453227696,0.03987905854559075,0.03989394580656072,0.03996632469391345,0.039996069175798905,0.03707575299750859,0.03976057210217577,0.03916054511514664,0.03973923376707029,0.03998907091416441,0.03992490108774225,0.03784555767781991,0.03717649403343477,0.039708666635937466
139,0.000471883,0.03969214272329566,0.03910368590951345,0.039946636978820844,0.039867200966783874,0.03993914171592177,0.03995807181615948,0.03983516762482999,0.038730992564885,0.039966336452971714,0.03980747001013078,0.03944127314256518,0.03997296851763795,0.03995965438080946,0.039295237509558247,0.03919279515606565,0.03999963784338062
140,0.000428477,0.0395933597027248,0.03858096237231724,0.03970277258568929,0.039383110561516346,0.03970494344270259,0.039645840199281294,0.039040726801202796,0.039714744614163015,0.03914196768606704,0.039626063978432984,0.038632711664146425,0.03981797799119917,0.03928067261441937,0.03998558920203801,0.03999854216088639,0.03942509833229417
141,0.00048332,0.039953318384426756,0.0395295164975423,0.03999693144692002,0.039951250320285736,0.03995412528340648,0.03993819610069787,0.039917647783096886,0.03844340225111244,0.0399805906251035,0.03981508222886647,0.03966600224333723,0.039993592382048616,0.03997662479701414,0.03884688601164625,0.039432942904387584,0.03999598903439006
142,0.000294581,0.03829070307963286,0.037214123697053195,0.037558637086249194,0.03706963297956132,0.03757825459603591,0.03904157686535402,0.03830997231356089,0.039957061593326855,0.039029134367491954,0.038848086095298426,0.037250835289719474,0.03888993180825761,0.0386665238079094,0.039997856471081894,0.03999986181694387,0.039148632536892936
143,0.000499228,0.03972459544031637,0.03999818849199433,0.03977315697845953,0.03975778007348649,0.03999002830076404,0.039810044205357685,0.039973024575158896,0.038005276984251525,0.03999942842464337,0.03970304612523604,0.03978414487737374,0.03951355337509954,0.039988416190464504,0.03832514123264781,0.03812144301995059,0.039999110227068334
144,0.000360566,0.039909160174906096,0.039284663224921836,0.03886402142427856,0.03831560873141973,0.03893917926084588,0.039943301772806826,0.03920337769353181,0.03969247358450043,0.03933735406536884,0.0382256196442942,0.03855891781067519,0.03998567348110017,0.03956408258192151,0.03951011140031973,0.039864348943647585,0.039697106841517116
145,0.000310322,0.03970617154454589,0.0390039307238111,0.0387507495879057,0.03838115268781139,0.03804937402511413,0.039966408638009966,0.03986341646858356,0.03881248084132132,0.03999753642735261,0.038235215415973814,0.03877735326215187,0.03972574548269142,0.03999998870957384,0.03436465529220789,0.038197410827853606,0.03992651697567572
146,0.000303503,0.03973099147178612,0.03923271292430815,0.03897876930905558,0.03834878476726579,0.03788160259467867,0.03999983663581252,0.03995524604110809,0.037526278638240186,0.03995872189700557,0.03819686318222015,0.03892391506380007,0.03961015095367945,0.039997804065011466,0.033699883288335925,0.035797801823534606,0.03995510847068301
147,0.000351825,0.039979644245024086,0.039888195267161836,0.03974300957718289,0.039629572794780764,0.03876692449545205,0.03985420650814212,0.039844175231795786,0.03744229434543138,0.0398761308930211,0.03915977569060513,0.03891891811630449,0.03989192761903513,0.03996139653466418,0.037248413098321956,0.0376073090631649,0.039982316479367556
148,0.000278723,0.03969162523622441,0.039281840809435045,0.03834117087795317,0.03775410833131604,0.037380660680668365,0.0386062493906873,0.03894749412635504,0.03960860132016059,0.03889031607059163,0.03873563246127039,0.03754434095645774,0.03928912451247245,0.03908425954333653,0.039748430173328984,0.0395867478588266,0.03949408580880418
149,0.00034036,0.03991301440890423,0.039999567675024904,0.03977954537990136,0.03964768022448559,0.038674068953160806,0.039793770295028896,0.039998038827027356,0.0379196319147959,0.03999429965336422,0.03861804038047437,0.03932497881118919,0.03995560088208016,0.03999998089184193,0.037145941941674254,0.035815850949670144,0.03985990579710901
150,0.000214194,0.039064943486905895,0.03870185824477911,0.03670224224947238,0.035839061552967136,0.03500315331444952,0.03717741052276341,0.03804340609459296,0.03996465176584747,0.03834250926790416,0.03577539736362838,0.036056287588773925,0.038464658778221666,0.03818832562315481,0.03996588618084307,0.039591546554400336,0.03903777894125711
151,0.00032517,0.039999995427183126,0.03999174332925231,0.039889144985602774,0.03978468908272485,0.03836866168155295,0.039683303824594916,0.03886331963555342,0.03950516534770051,0.03867742597380356,0.03867021947693908,0.03840166420267685,0.03999644137687391,0.0388619608027526,0.03985713013099935,0.039921368560726055,0.039130059046528
152,0.000538957,0.03639224122834757,0.03537592313468421,0.03914327996824358,0.03949158770262463,0.039965115314352866,0.037865225902537845,0.03979079157051189,0.03563818663757605,0.03926010754584848,0.03971816880415429,0.03999950314690082,0.037743582754434686,0.03961730994180293,0.03204774315049817,0.0373242859747137,0.03903928054277557
153,0.000313078,0.03997964966559552,0.039924261582694964,0.038108195971014155,0.038525550124117236,0.03812688116260899,0.039491955507641036,0.037542582046233466,0.03966417449141374,0.03814091119663464,0.03887895175374136,0.036393870274224936,0.039599534671140586,0.037797980067320644,0.039762368451304805,0.03991070869763061,0.03875633118542117
154,0.00048748,0.03747791825241546,0.037695078361478014,0.03972738628553369,0.039810755094309314,0.03997725971312405,0.03990970069635659,0.0380744506191905,0.039956902538647185,0.038473397224524,0.039979861619529544,0.03730943398105807,0.039974088874097057,0.03801725446968007,0.0396982207050712,0.03972758853506635,0.0384259828129159
155,0.001176001,0.01446951314456843,0.020465412279906586,0.028473341175498088,0.030275935965857564,0.030243787982724687,0.03423588269364382,0.03949908530257968,0.03453371286362089,0.03954345518495123,0.03953825262604638,0.03991187827016161,0.030842212689843218,0.03954897188423874,0.03713978492974916,0.03846738034287993,0.0393916789414346
156,0.000528309,0.03928111231241622,0.039970610349060735,0.038276788346825616,0.03817285034908367,0.03999949157515287,0.039998820000386084,0.0379229694204582,0.03997872636162052,0.03777346560062648,0.03999842227529033,0.03717873652174594,0.03997529642582013,0.03824090179026958,0.039440769005434896,0.03922304543528679,0.03863460525963751
157,0.000463758,0.03992148469731333,0.03967912175212893,0.039572763339654954,0.03975495963633202,0.03984514908916507,0.039883324520128875,0.03924981741557026,0.0398999541796988,0.039964199682320206,0.039642243085588676,0.03842079925383687,0.03991118393616873,0.039275720238516304,0.03984694461322322,0.03997274330200995,0.03968835527773225
158,0.000466038,0.03964016780834183,0.03996069799792118,0.039771415449324936,0.03999999074577889,0.03966608572556775,0.03971737245183091,0.039989280091076045,0.03904455855008642,0.039847591570977524,0.03931618001453348,0.039769279579404786,0.03992449004163524,0.0399923096608184,0.03780945685154295,0.037511156365095874,0.03971594559900181
159,0.000249623,0.038855004055510886,0.03740572324494807,0.035670899216311266,0.03673703117995709,0.03601207492394586,0.03854699753728767,0.03750681464867724,0.03981011457072207,0.038592366336786754,0.03670435963828726,0.03654492318127768,0.03713643163907078,0.038465051540344054,0.03994713837169828,0.03929869694266456,0.039298015040801146
160,0.000210905,0.03824027297910901,0.036847004239712516,0.03603728393711183,0.03747340051245968,0.035366904628239264,0.03870458393619404,0.03637572163588154,0.03984809164746868,0.036166078000316626,0.03502834482168246,0.03628066455288252,0.035770197536885,0.036683899007640436,0.039207542323388675,0.03953384580499313,0.036797824445389586
161,0.000225738,0.037413850667965855,0.03728869235292944,0.03785757786214668,0.03886425386632747,0.03552283285471637,0.03930099180038633,0.03838301653868556,0.03995265225192061,0.039158125514208955,0.03663344375636753,0.03681570496936986,0.03541908160514617,0.03898066032141789,0.039997473171921025,0.03954031282644454,0.03954881734670651
162,0.000279406,0.0393049583618609,0.03937845528197591,0.03929925914297401,0.03946755991650525,0.0374144210073092,0.03991520227705098,0.039103204704089484,0.039790215598171884,0.039433764909368424,0.0382348331211709,0.03747866184967011,0.03789067621399308,0.03925998439356557,0.03994134798001978,0.0395867326770701,0.03978550128113463
163,0.000262254,0.03939939453687276,0.03958497915407108,0.03880410970494559,0.0391382078291815,0.03701064975751852,0.03997903268148627,0.03820917278668444,0.03999850824353987,0.03884057646934736,0.03792806816497575,0.0367842938735594,0.038330345716794015,0.03863591797659767,0.039999988087618135,0.039664970748118436,0.03923842133984444
164,0.000331698,0.03998182601045952,0.03987308609172881,0.039917533759815396,0.03996461071707598,0.038536267917400016,0.038137878906517444,0.03953279281775808,0.039743348440885715,0.03966851981233335,0.03913561761337726,0.03882572524901495,0.03982844548316873,0.039808920411065485,0.039359869015825937,0.03949968695210104,0.03998092654877101
165,0.000222198,0.03886226282610421,0.038680543125142186,0.03744662411194817,0.0375479144690703,0.03534624239410301,0.03988958643107299,0.03779866265416709,0.03944157383034429,0.03837873506894649,0.037520707802871506,0.036186957685550414,0.038783374506835236,0.038465750936781964,0.039872790954216135,0.03983960230657644,0.03929105577961482
166,0.000250197,0.03943258320599223,0.03948968959876877,0.039049895951013325,0.03916857911822326,0.03637964388922113,0.03933233353346494,0.03905196832867797,0.039962356840380374,0.03969281990687925,0.03621918796444371,0.03786679848047417,0.03968067003169424,0.03938122874408251,0.03555722113022351,0.039282537947871954,0.039902831185165515
167,9.7e-05,0.03243688704738493,0.03280217678219439,0.030698403634601162,0.030914305156049406,0.027265670131414642,0.03647599063810327,0.03200961805385025,0.03460472704881855,0.034111983726783104,0.029840103066455296,0.030547824423806092,0.03261097697678142,0.03300033545357794,0.03999823937951782,0.03927428215127531,0.03505637248994066
168,0.000243366,0.03979105507038553,0.03992404761845525,0.03976055347790582,0.03992911037672216,0.03621557915213321,0.03985853705273566,0.03918274426011874,0.03999557380263801,0.039894841418140085,0.03677727245073133,0.03820551430952625,0.03937404729055668,0.03951436143626617,0.03569902220461381,0.03784584551676996,0.039978019259397785
169,0.000243103,0.03975904236552626,0.03967168473575266,0.03894632077017345,0.03864950080653208,0.03629922159146337,0.03999903058911988,0.03848901251624223,0.039917510909095184,0.03888822739133824,0.03660025192134525,0.03738952227552544,0.03964330120614632,0.038837210943002104,0.03950382615020595,0.039879504386889815,0.03960680754432653
170,0.000201153,0.0391411428811656,0.03916169666572508,0.037849318283216304,0.037921330350769236,0.03459965090537909,0.03975266735127054,0.037281747040874336,0.039357151440437235,0.03845687544653261,0.036422156297718666,0.03569204306182825,0.03922520092496157,0.037878251112455186,0.039853623267542534,0.03994136504294106,0.03915343921673217
171,0.000238485,0.03993517133703863,0.039985600322383685,0.03923164679242544,0.03895641120870108,0.036088084281569885,0.039707814434521135,0.03905420198078862,0.03999110944137783,0.03950828628186173,0.03728798633899729,0.03792722620813663,0.039977347607969,0.03932097217895318,0.03835136698683412,0.039154454152229394,0.03989619019528068
172,0.000161612,0.03703021249809235,0.03654333376178968,0.03624926984998927,0.035536987016860214,0.03227491865537957,0.03985937292973074,0.03669563606987787,0.03943904398616145,0.03751363216438092,0.03422636813428573,0.03531832724401044,0.03856889227462154,0.03762262643276673,0.039991908115437576,0.0399738149911168,0.03905949085154352
173,0.000189771,0.03835771790224427,0.03820280698037594,0.038195546693470944,0.03782580837801877,0.033992609533299245,0.03993674933189631,0.03782565324862308,0.03989921780079461,0.03895895602215976,0.03559771453894426,0.03645742749427165,0.039399974065420604,0.03840011196603835,0.03912149897073237,0.039684709779175605,0.03965383273398482
174,0.000219837,0.039348591986624916,0.03938315223455708,0.03893373947431743,0.0387885718471831,0.03535526233447088,0.03955471466768102,0.037898719910653966,0.03987716299932254,0.03869176092760304,0.036669200323800256,0.036693731620283276,0.03962604613876382,0.038282551884442254,0.03957358693034634,0.03992427852587725,0.039550421237054566
175,0.000298328,0.03990710443801124,0.03990158918847413,0.03993966151413746,0.039774998122187634,0.03785083814961575,0.03992481420588075,0.03882342216246033,0.0399486203937352,0.03915882358349573,0.03758738570404981,0.03809042082594387,0.039993830887538204,0.039125391624435055,0.039320584227214135,0.0398601152626853,0.039823799179177125
176,0.000245902,0.03998808762428426,0.0399998656056889,0.03878079221115732,0.03828273257715606,0.036357300364436705,0.03927819826040928,0.03817922987648936,0.03986521232821594,0.03915025766695981,0.03714349270013752,0.03660871153716743,0.03976221353128001,0.03861702570943487,0.03794962117029812,0.03999925343622142,0.03972286619924651
177,0.000271566,0.03999994482787376,0.03986960654771783,0.03958048160922426,0.03919951580997503,0.03706700481790605,0.03958581552148385,0.03814865495997724,0.03995029509345441,0.038275197246862305,0.03789021728803788,0.03702200377057298,0.03990027864514437,0.03828909763197737,0.03899856395706679,0.03998903000808096,0.03922999620801375
178,0.000457635,0.03677950197358951,0.03654673645301906,0.039101020383041384,0.03905583962024786,0.03987686180348828,0.03948025252495279,0.03991960542174885,0.03864486915934291,0.0399734771186097,0.03934991006917553,0.039654327214542776,0.03836134873406996,0.03997404868777826,0.033615405076477534,0.03945929388141275,0.03993330943136445
179,0.000207063,0.03939957097849616,0.039231993488416446,0.03609823685267882,0.03525249391505375,0.03469794784420352,0.037192957395048375,0.035240314973260106,0.03812789254989098,0.0358122684568058,0.03757045094429019,0.0344444159935934,0.038547368888237676,0.035734114834495484,0.03986162688717131,0.0381604507149266,0.037369542604288784
180,0.000379587,0.038440862357595244,0.03841502108497411,0.03977887737582756,0.039808103807344876,0.03924610926273228,0.03999795057756919,0.039831533178134,0.03981956416585162,0.03992741809561609,0.03892401587282067,0.039439100115133865,0.03982757578204669,0.03985783037270193,0.033052212299018585,0.03883371153928738,0.039883664262878184
181,0.000349705,0.038638669960223505,0.03825007544470687,0.03979734920895743,0.0395212948232706,0.03871964687415832,0.03984918714768068,0.039179002148560876,0.039969601388463956,0.03926962512536311,0.038740754984117956,0.03890932881631709,0.039995557393569824,0.039312504489109446,0.038646647951083336,0.039510743202530764,0.039914137541192475
182,0.00027236,0.03997856334752271,0.039891785513334305,0.038796060217885724,0.03892748471970718,0.0370692589763858,0.03946447532785722,0.03761907731234325,0.03995037448231317,0.038169907367029215,0.038199703029524516,0.037240921012681574,0.0395931274670182,0.03820110475092081,0.039703872523656626,0.03988588919029609,0.03917469299032647
183,0.000242433,0.03991178931186458,0.03987077791416558,0.03860744240750759,0.03856624340875635,0.0362150392942056,0.03999360365746674,0.039123340283258375,0.03991983502019346,0.039542701941641265,0.0373808477165338,0.03827697010913156,0.03936268526724057,0.039303438629218646,0.034013530703525835,0.03991599375739046,0.03994781963109041
184,0.000156151,0.03821022493677923,0.03818351217266293,0.035768068799035255,0.0358645731973235,0.03186680646249936,0.03939588453266092,0.03833902881955381,0.03963425883963186,0.03987153921993781,0.034558204698086264,0.036413249190157454,0.03663509473992507,0.03909435494079569,0.03360874495206623,0.035919370157921904,0.03944605915682243
185,0.000179828,0.03859695237849964,0.0390601674465779,0.0378961296726133,0.03828633208585253,0.033493557174706506,0.03921328993415962,0.03755872356284888,0.03981821644910974,0.03853817904188664,0.034783963248778194,0.036590386994405574,0.03807470976808858,0.038122479291712905,0.03927026973150227,0.03392208778483477,0.03963262970668221
186,0.000138509,0.036942446854824756,0.037784694881910705,0.03583162528619023,0.03641089131548901,0.030976746601648467,0.03791321368113078,0.035146811877896644,0.03824003568662552,0.03666928813856412,0.0333090924889825,0.03393838668260864,0.03597093470605672,0.036140217791574517,0.03999089068000222,0.03991993361481367,0.038142954237959215
187,0.000213089,0.03978335117769171,0.03999999930962858,0.03946799182791953,0.03927345379641764,0.03515039502215789,0.03959925972339752,0.03901346196781436,0.03999999855588962,0.03949146804480695,0.03629813587435082,0.03794702664522286,0.03911599371766308,0.0393907767387635,0.03674270012415275,0.03741584929450319,0.03999993145201923
188,0.00014569,0.03714080736049672,0.03873034719508965,0.03630270989269853,0.03593661145635964,0.031487183182095126,0.03937764193646473,0.034995824010626106,0.03826165471749937,0.035663136809234,0.034028383297077025,0.03354984304107272,0.03701336413703035,0.0356817775773899,0.03999942712217218,0.03966913828219655,0.03762129758112766
189,0.000243046,0.0399788047148938,0.03948407912359596,0.03991936411402823,0.03979070543113438,0.036242693824362,0.039935586873017834,0.03844650043135649,0.039951819952069936,0.03946756475930367,0.03706740452722285,0.03712248984178172,0.039930083364243724,0.03884723095100561,0.03631629171732584,0.03943544487048436,0.03984693500488711
190,0.000178544,0.038777852504317305,0.03948146943784856,0.0375991027554565,0.037229938076782175,0.03340014608941315,0.039982886936717574,0.03699990375490658,0.03919377984796364,0.03791423548178903,0.03590013595232769,0.03552526765198731,0.03929962987812746,0.03757552633285549,0.0387815293617313,0.03875824519831767,0.0391962301082899
191,0.000145321,0.03760134912425733,0.03816838585574178,0.03672312179436586,0.036330208989203,0.03135117556874648,0.03971615055435138,0.035434866347708566,0.03841076421039634,0.03654609081758352,0.033726484171037005,0.03431768013161668,0.03799553724555928,0.03652209213907226,0.03985483333118619,0.03986432912865609,0.03834147159910731
192,0.000191794,0.039551170738858145,0.03988435064925789,0.038999298062500215,0.03877731543245744,0.03408480378497997,0.03986401827599676,0.03757252065669724,0.039500470893529066,0.03873698145678127,0.03523435443340592,0.03604023675210824,0.03924169077222045,0.0382699314551395,0.0372554584631217,0.03987739395938812,0.03956293050022636
193,0.000159854,0.03853492386811833,0.03938014650722123,0.03736937955324031,0.0367206753599178,0.03228675605974593,0.03916206114471886,0.03587815994941138,0.03834414825568019,0.037100770289020445,0.03458486032223018,0.03396203321162618,0.03788533375316061,0.03653366074934657,0.03938212534501043,0.0399777606937265,0.03856278768092511
194,0.000159763,0.03860444161702832,0.039090168235905234,0.03772203044511058,0.037170353857524145,0.03241242149688807,0.039659005925906224,0.03670760551575772,0.03892073733821107,0.038204798349221164,0.03424652410134045,0.034810811879206184,0.0379500158325674,0.037325951370273336,0.03709046651619452,0.03735194004031275,0.03919530186583385
195,0.000113429,0.03647354160738109,0.03745408832060397,0.035003994539793554,0.03440380354657973,0.028922651623943703,0.03814655266960546,0.033943959894512085,0.03672404141071424,0.035432354130135665,0.03188685695656989,0.03166520174375278,0.03518448719468194,0.034762590333425276,0.03998975859036279,0.03984989273698812,0.03743936104887974
196,0.000209952,0.03980341114607967,0.03998300428787461,0.039748058057331725,0.03944807018137017,0.03493247073921227,0.03998407952227775,0.038337286175928555,0.039889631144035174,0.039286835845704145,0.03642774511914529,0.036538531059334085,0.03971632032512928,0.038838425287674644,0.038548438641439975,0.03742694436302879,0.03991284134837765
197,0.000200072,0.03972885611389049,0.03998197596598034,0.03881820367487175,0.03803738264098412,0.03454081736163753,0.039929692404747606,0.03764710060962316,0.039832965008204275,0.03831945507133837,0.036312048180163134,0.036196330324085646,0.03980307442579281,0.0382933001274722,0.03947924912446615,0.03794566427213579,0.03960802497500674
198,0.000153927,0.03814419506355597,0.03956964899709953,0.03713085249622286,0.036159496915502985,0.031997971312938175,0.03996446462580169,0.035194525685904546,0.03880324264764753,0.036294568938549474,0.033750202839966444,0.03409716054425586,0.038144546521884176,0.03628301660994217,0.03999888004323665,0.03993815234160966,0.03815865402518133
199,0.000235141,0.03999999149524482,0.03890208453090033,0.039852986542477334,0.03948560294645079,0.03593044367899981,0.03954178053012698,0.038375586734413485,0.0399775729580431,0.03932430916342847,0.03663271699243411,0.037314817701521764,0.03971184797754413,0.03892545307302459,0.03708816430679446,0.0384286505277889,0.03988208199671419
200,0.000194322,0.03961518855909243,0.039814790223942347,0.03838477504928982,0.037431840297477495,0.03413540617410822,0.03960822039426012,0.036498246585548545,0.038913920409597236,0.037983923794691316,0.035953386493769154,0.034855231781474025,0.03868797941260228,0.03718713776989946,0.03908277684006654,0.039241104017408907,0.03914335529488841
201,0.000413885,0.03505047734333991,0.02552262826174935,0.03844977291406512,0.03930593510882698,0.039644488826986686,0.03763048770776288,0.03967628671113757,0.03920716467590862,0.039737075783326636,0.03907233163638056,0.039347742590510576,0.03895947007214202,0.03979809509187528,0.03688316944224093,0.036850164232805085,0.03999925050945312
202,0.000193962,0.039891145808467025,0.0394127566330954,0.03644049613424247,0.03652147214323412,0.0341553064642875,0.03875818593098804,0.03479085749462121,0.037877550215729534,0.036009958006532755,0.03659287669257856,0.03346334744712587,0.038087386027020165,0.03574073843616288,0.03997135566156533,0.039085563892156096,0.03760718198644078
203,0.000398087,0.036177870772513526,0.03208056335952865,0.03904960268725372,0.03963182531771742,0.03943947285551398,0.0388155747208766,0.03998168377908006,0.039111002503412165,0.03984595763196104,0.039029124728017145,0.03959331895264661,0.03969313731996304,0.03999810305372027,0.028217098835807655,0.03443791572116983,0.03943132915916573
204,0.000203303,0.03987237538893357,0.03987076071644306,0.03674358369062898,0.03667560192472583,0.03446326329161759,0.03877442884013563,0.03567893961156558,0.03899143951632961,0.035590329282936733,0.03650390915102568,0.034927671483084635,0.03828922481281588,0.036100037687645296,0.03994087586758825,0.039984317779996406,0.037593466832480986
205,0.000249976,0.039886283689930836,0.03923089028582633,0.039544519985176524,0.03930608561390581,0.036342323717418745,0.03930936712287905,0.037353568000456985,0.03969636433363704,0.03869393765754639,0.03741582087617379,0.03570804291125755,0.03906921191890195,0.038017774546750024,0.03483893846651334,0.03994286818461675,0.03932568312603469
206,0.000401659,0.03457726985541987,0.030566183876991587,0.03964976580498963,0.039864995830257,0.03952359695606098,0.039380756873262465,0.03998300267822568,0.03852124345219533,0.039999988504156335,0.03917261305683488,0.03947185786832132,0.03977485492927123,0.039994151100998396,0.021325109879310064,0.03420935852312315,0.039693643875993376
207,0.000206397,0.03999979746993411,0.03979716376169435,0.03679541033123333,0.036189420270889214,0.03465679937450243,0.039678974070574455,0.03665082109665762,0.03970262974005559,0.03704338697024327,0.036465981317018586,0.03577652127959094,0.037983768227940744,0.03749632080452381,0.03868787248900023,0.03906278965635987,0.039076319234747754
208,0.00028847,0.03842252851152521,0.03697817985764573,0.039900447474160036,0.03978229934510495,0.03764635666613369,0.03933937445918781,0.03881825580622704,0.03988672807485976,0.03944282989170457,0.03809881022565298,0.03818666817273288,0.03962535578660037,0.0391264808909502,0.03514772461647425,0.03819872207363729,0.03988067287881534
209,0.00031606,0.03993656102362122,0.039877598717687764,0.0399010069027398,0.039617077954269345,0.038094169624949895,0.03999645358034263,0.03898400855934113,0.03992229172862183,0.039907462727510154,0.03925927640423632,0.037463446354781056,0.039640219003591486,0.039232096615535186,0.036360298137700225,0.03824318163162415,0.03999921545444899
210,0.000745948,0.023458456645781306,0.02357244177805734,0.03283052293024791,0.034522101972918176,0.0382547653304168,0.03169146991233239,0.03998432720208593,0.03597951280542552,0.03997264518977766,0.03998795420789475,0.03999455654521826,0.0350585486324026,0.0399893016258007,0.03804472372752864,0.03542250956298487,0.039837998469187993
211,0.000273338,0.03996533300978164,0.03989944326663286,0.036064092793403064,0.03485226924565819,0.03720548591037627,0.039931439807099914,0.034680502684670045,0.038522790332507315,0.035196993807936484,0.03872656478684751,0.034560333941558746,0.03894806428818752,0.03549307639730362,0.03900780767236753,0.038131349765313564,0.036771412982806506
212,0.000229021,0.03997050753093639,0.039994495763795046,0.038113030470374815,0.03838620902500288,0.035448847551679666,0.039783227189677584,0.03748075851425081,0.03865399310744842,0.03980337785158516,0.0368396642537508,0.035888095732436585,0.037498221369487744,0.03757377986211134,0.03779304412642007,0.03999497056952839,0.03967195198070709
213,0.000265791,0.03994916674026476,0.039567862862712355,0.03925501322506945,0.03937923775036013,0.03657697479212807,0.0399713048739778,0.038852119528357786,0.03997261722952577,0.03926957566838987,0.03748997392171279,0.03866048995355752,0.038922374687548014,0.03883201345851893,0.03758178194222625,0.018565781898327832,0.039868314596682365
214,0.000242102,0.03999932971979352,0.039927896006083444,0.038509022413452,0.03886667685863247,0.036027059686702244,0.039921262068334865,0.03863693709169119,0.03997711529724909,0.03997373626607453,0.03651572552901919,0.038518772373858486,0.03863845817553302,0.03965930695728751,0.025971986686400536,0.01792456604381447,0.03967313423578083
215,0.000147184,0.03822634588568179,0.03889617005421449,0.03483997199972859,0.0351423869224939,0.03191903411749294,0.03820203271066338,0.03601745772919119,0.03933704751835404,0.037322550000948994,0.03347098123535378,0.03544163474013602,0.035092804920297406,0.037006713447767015,0.03484640597168728,0.03484640597168728,0.03907324284312484
216,0.00017676,0.039506806243416896,0.039882113173986836,0.0381263976472069,0.03847400948100253,0.033287154639792024,0.038000525711496216,0.035796695172018195,0.039246156425262996,0.03650020023413559,0.03521698710376378,0.03504714264866705,0.035942846804141726,0.03672900635385262,0.03972068342490624,0.03958003313069676,0.03840232864055404
217,0.000291647,0.039335373589251,0.03909375754128388,0.0399981588211249,0.03999966515149536,0.03765651579868735,0.039690223066589266,0.03839718291547261,0.03999961338149879,0.03895200765719857,0.038216934412037315,0.03769493096651613,0.03958112852847201,0.03891950178559231,0.03811161292898598,0.0383425685053748,0.039747931655278304
218,0.00031488,0.03922779735888085,0.03951499272640553,0.03989995374454397,0.03986268638731212,0.038267399898531014,0.039970722416547644,0.038822172671694515,0.03999575865292811,0.03952093293248649,0.03902918735659018,0.038308229092507445,0.039964710874003065,0.039265188678337594,0.037714964715832626,0.03456087035743183,0.03997599649210682
219,0.000311419,0.03996048970345201,0.039713094194101274,0.03978942484252162,0.03990284379209003,0.03816324268725858,0.03988701895158699,0.038247485682639915,0.039998055881456364,0.038367989021495436,0.039096303728307295,0.03853812126121124,0.03998976153528494,0.03858835254503602,0.03987395362775946,0.03789045605275121,0.039488684030213037
220,0.000203129,0.03861824168508413,0.03801387314157663,0.03742044365945619,0.037113597237325546,0.03446670584566225,0.03948820305247269,0.036090201474883524,0.03849192439300002,0.037935151338422346,0.03730011048724934,0.035195027070833176,0.038638186174145626,0.03696772251896342,0.039909324916763966,0.03992595962295462,0.03896957612181036
221,0.000309099,0.03999965368702585,0.03975811733882859,0.03998310185545013,0.039999626669233936,0.03795165147284009,0.03958333947707795,0.039483488242560115,0.03998015775639867,0.039957177427817375,0.03796395103545601,0.0384367609056213,0.03997953996546665,0.03969248796316698,0.03492756498146449,0.029188979351345734,0.03984478641148447
222,0.000202237,0.03890082336000657,0.03805935255111596,0.037191270154688844,0.0381021292642425,0.03450862709902775,0.03979010747225812,0.036197640939743675,0.039315386626381635,0.036815944454078986,0.0357701415999931,0.03561218316010149,0.038743602830982285,0.03713807604196837,0.03997968085769347,0.03813922132421909,0.03873705926106606
223,0.000184238,0.03871757544000981,0.03776896863111926,0.03756807909735144,0.03804390492558147,0.03372232600489582,0.03995102577049544,0.037153941826918585,0.0396253677455782,0.03893118483649554,0.035068504779283034,0.035916315393430244,0.037564644753103976,0.038324484518500956,0.0375741280329215,0.036724579648209826,0.03983669866302096
224,0.000159341,0.037998075201370524,0.03721895269492438,0.036836168236995696,0.03733688776266254,0.0322862359024365,0.039787232652769566,0.037833374311693736,0.039517959681023763,0.03924516707654662,0.0340431806619373,0.035776094421435256,0.03654990994904346,0.0385425017288764,0.03314575592521554,0.03314575592521554,0.03997064192406913
225,0.000115135,0.03592240885745427,0.035342467220474946,0.03453041907532291,0.03500152531426984,0.029013775732324276,0.036694406395103615,0.03358027740931776,0.036614304986722204,0.03550316019735407,0.03248573633646473,0.03192829842666281,0.03406772582146113,0.03473299516139769,0.03999546977315189,0.03836917903559233,0.03820718732658865
226,0.000136681,0.03666805306675343,0.03540040158575802,0.03684294322168853,0.0374271741281445,0.030893244551861307,0.037254324817575006,0.033659061415352215,0.0369354000103842,0.03490579917519955,0.03308817268420822,0.032428729111860476,0.03597539823057705,0.034504448026506956,0.039761741843888275,0.039200010816363484,0.03682970985390922
227,0.000208418,0.039478530837170234,0.03899280526831114,0.03949982537988424,0.03969020803828956,0.034925063208888496,0.039991781091200586,0.037657523730108555,0.03963270892422142,0.03841932605744765,0.03640941910067563,0.03625126787769356,0.03911333912866359,0.03827170469223004,0.03901842967271343,0.03742992436631698,0.039630926592757285
228,0.000243759,0.03985574888148152,0.039220879674268586,0.03967404337498813,0.039904238907662766,0.036327083098669166,0.036728496097972144,0.038983905548008124,0.03997798896782878,0.039604418435098106,0.037140782807494915,0.03777898013530248,0.03994688305679465,0.0394930379366573,0.032465907085220874,0.029405782676314607,0.0399204552924374
229,0.000147195,0.03758910051220923,0.0365105490837132,0.03610017587475452,0.036252909411303595,0.0315468895420719,0.039876662534223194,0.03422792440534065,0.03779596439476715,0.03573291121173547,0.033481746141889604,0.03303835301610314,0.03772705723200612,0.03540429253178022,0.039417887531769974,0.03916632739170725,0.038016659105388054
230,0.000150872,0.038154547094133046,0.03744910640221004,0.03747508249136022,0.037271951841426926,0.0316790169670554,0.03956520611187933,0.0340207309012817,0.037169361659980665,0.035706198044002435,0.03325110331942015,0.03305461136426999,0.037375916103802025,0.03503726891757389,0.03965574969027389,0.03989947205525443,0.037406190083226216
231,0.000184143,0.039471531245720747,0.03920018480300334,0.03875933282497909,0.038531117933091455,0.03361534892466775,0.03975407874124032,0.036674028597245834,0.03883288427751937,0.037947838901937564,0.03519598468212947,0.03551676083402032,0.03841637043205761,0.0374067702494391,0.036634348430406485,0.03732968989115648,0.03933904840550796
232,0.000240604,0.039951415722485124,0.03999998315198454,0.039718935366622965,0.03957796381896009,0.03618065445904725,0.038264718413992004,0.03839025442958052,0.03991694912512445,0.039193854221933944,0.037204880159522294,0.03750649536962431,0.03958443635042691,0.0388737920578759,0.034252640202754314,0.034683011703496774,0.039979009698964216
233,0.000227528,0.039993301650689934,0.03976275376761648,0.03920955222976212,0.03844583012107915,0.0357411968596093,0.03996116688923365,0.03690446631091872,0.03937023128838563,0.03777861039712509,0.03695124654309406,0.036094509693604324,0.0391705978840168,0.037443713164255474,0.03916218323456026,0.0396984310665057,0.039177180876681456
234,0.000231017,0.03998426777384516,0.0395160443977681,0.039381623242541325,0.038742765796769066,0.03575749723154892,0.03976483200183017,0.03713232631266564,0.03935971556300655,0.03795531227519473,0.0371904366650873,0.03624440750636441,0.03917335802105764,0.03760062862490571,0.03916857331855715,0.03973545413760098,0.039242999137057775
235,0.000194453,0.039754140589925775,0.03895888725937044,0.03833415526799131,0.037612396132818575,0.034129521522796254,0.03999008700899563,0.037797135047531724,0.039665735076787396,0.03872842693017638,0.035208515423990935,0.03641630087239368,0.03872362310045886,0.0383381975201907,0.032369900437164645,0.03366500711462782,0.039919412058525394
236,5.31e-05,0.02941090629766684,0.028023507053821214,0.02680708774730294,0.02603695618883499,0.021652176130067903,0.0340592415389337,0.028010351606755274,0.03238401269786123,0.03019822594982446,0.024470170701738125,0.02578791924705162,0.028081940803926037,0.029330612114203305,0.038649296745763395,0.038649296745763395,0.03472370217852906
237,0.000127335,0.037704052744179956,0.036983476347067,0.037549044027865575,0.036784926254097114,0.030066976596957895,0.039870697923433736,0.036219345134301556,0.039521597821822116,0.03796240202690564,0.03218668595267502,0.03462973468195152,0.036500638947882094,0.03720601937125885,0.027963496325331322,0.027963496325331322,0.03983276087951206
238,0.000114705,0.035770995042475995,0.03602306748554972,0.03582103291946179,0.03460375619742195,0.02907567061548995,0.03878051219418082,0.033930050278719315,0.037802575399738546,0.035275927435036644,0.03157036091103514,0.03275720192289018,0.034870282732201,0.03511794670745168,0.03445255835640748,0.036242522139745326,0.0386148493267479
239,0.000242431,0.0399688788299263,0.039887151135588494,0.03999775500868625,0.03977258493600369,0.03636323807005806,0.039890408498700514,0.0379158684884191,0.03995826777529613,0.03858099317926641,0.03692998518772212,0.03739054402980785,0.0392866849426769,0.038391218721028145,0.03782095257984141,0.03831848956179612,0.03980456133394953
240,0.000297943,0.0399556103195808,0.03995152395297505,0.03999731582892536,0.039768210352877524,0.03792459421956004,0.0399930664955158,0.0380918577148305,0.03982516989023706,0.0390374366300386,0.038619891607520926,0.03712807568076165,0.03975355112395376,0.03837870037451839,0.03858404375343121,0.03957632131502994,0.039755436814854474
241,0.000556162,0.032503410021005485,0.03619925480301307,0.036035016261846034,0.037903226078796336,0.03991814355120354,0.03737406728587894,0.03993383965724048,0.038812703642359746,0.03996701750976122,0.03995973627635623,0.03974719250667572,0.03756454892791945,0.039953280778607915,0.03668061903657452,0.036765767340147026,0.03985524229073233
242,0.000414438,0.03994740384226535,0.039536164528361686,0.03990298104561166,0.03945605697631284,0.03958826262636721,0.03880704007837998,0.03863685738547619,0.039981147948539554,0.03866701727516038,0.039511834803737406,0.03850186331360461,0.03930774393972519,0.038955641835301966,0.03956250355603873,0.03987781969528806,0.03970193027343958
243,0.000250336,0.03773474619716996,0.03592774556885488,0.038012053800576935,0.03720840536139515,0.03621898892354324,0.03993298704484869,0.03683616029100402,0.039190295048139874,0.03826678033347611,0.03735040991850066,0.03621060305876722,0.039486898924301794,0.03739705473385016,0.03947158125698772,0.039886203663034636,0.03921182609098764
244,0.000225544,0.03710080267224307,0.035581796240633415,0.0384198611055218,0.038173972509778484,0.035230404561271404,0.03997137822342991,0.037316691846073585,0.03928033931140132,0.03850659080265254,0.03621172236648334,0.03694298506400834,0.038833652906538715,0.03748090456364166,0.038231536420651004,0.03928725118363011,0.03937525366881313
245,0.000193147,0.03598274224471074,0.0347355439246914,0.037571626871477165,0.037401073094872825,0.03390188823100707,0.03948264398408457,0.03563307477490718,0.038279233711699584,0.03738631211008736,0.03563496476802694,0.03593103326441146,0.0371337287776448,0.03640357079750541,0.039364027107678945,0.03958953266040072,0.03879235416347558
246,0.00021632,0.03759327024736841,0.03640459339158872,0.03871526443669375,0.03861275438815378,0.035364533373971475,0.039398904741562345,0.03610781423521118,0.03877993194742878,0.03742019862666704,0.03617593828754856,0.036540523531747235,0.037260449623142546,0.03668202469194578,0.03956728956316135,0.039999749848365906,0.0386333659146232
247,0.000220243,0.03587989412085542,0.03630316903700927,0.038939536295002325,0.038687608524512515,0.035494096405691664,0.039412839746627584,0.037048023898772084,0.03922556953288926,0.038561190440222465,0.036806977952648104,0.03647479775468905,0.037005970648746125,0.03754024615426012,0.038554146555249594,0.039986764974036866,0.039453558050367904
248,0.000170698,0.03447372838114505,0.035016364086084134,0.03741370461893574,0.037112164764866146,0.03299369709943176,0.03937797066390045,0.03587107876365808,0.038943154557776985,0.03702511067636178,0.03566043696918187,0.03499883103555344,0.035688416068795206,0.03639730591217641,0.03994133330107192,0.0396446420845959,0.038696432547967216
249,0.000181562,0.035891643034741544,0.03662826285636378,0.03843421314128903,0.03845823884503214,0.03356439529354503,0.03959661169787853,0.03721879762473122,0.039840368237102505,0.038309131723912204,0.036032877500976015,0.03670902380627311,0.03750889674800516,0.03812183197538208,0.0388936924160348,0.036346206973281586,0.03973453363525741
250,0.00016477,0.03556667216099625,0.03573876166497667,0.03772087211570421,0.03771120669933205,0.03259363608372893,0.03985389694061404,0.03652581387587153,0.03949726362106657,0.037412349596337435,0.0349667704476143,0.03582692712131308,0.03750651476054173,0.03767967128249848,0.03907930127787612,0.038912448059196754,0.03968650196745595
251,0.00013659,0.03459543510309771,0.0349603562522181,0.03651183120119114,0.03620306581617054,0.03079664790341928,0.03978097872242522,0.03505721461183181,0.03872776603931884,0.03636501186678334,0.03331433643891003,0.03380606974828389,0.03626696118689855,0.036237550248192904,0.03733603995491261,0.03932130445878805,0.03899689150329651
252,0.000142311,0.03435289102107157,0.03539420077295317,0.037323553099807165,0.03705581661802666,0.031226313787787743,0.03929119069279445,0.03714940434378777,0.03977254289620997,0.038407623159188664,0.03282108222468213,0.03546390022225715,0.03662106910051693,0.038107545248683226,0.023764764901377272,0.023764764901377272,0.03999664728687332
253,7.85e-05,0.02911360255268569,0.030367258727098966,0.031983290699103294,0.03122252282907515,0.025327209849061068,0.03997611897559624,0.033442902232223765,0.036848265341643344,0.03556164608463865,0.027884111808117153,0.03096464705567014,0.031256671510306595,0.03513215275579567,0.03813598518123547,0.03813598518123547,0.03986455590223128
254,0.000118104,0.03392363388361306,0.03507024410509891,0.03697452116431292,0.03625962609853167,0.02938372947315051,0.039947258200984576,0.03516756473409547,0.03789598878197102,0.03655535853141385,0.03155194713326568,0.03343988299180614,0.03553335843128838,0.036055949170684096,0.030342269501042296,0.03200475389663761,0.0394444778923882
255,0.000139352,0.03602406467985187,0.03718175174679957,0.037817175525283006,0.03690949684240784,0.031041788406658215,0.03950976113830264,0.03490472680190426,0.03740073652472688,0.03584498988136054,0.03347347519915769,0.03372803278975968,0.03747523259421454,0.035376958844677356,0.03950660496525352,0.039946062217575275,0.03826449931177445
256,0.000150039,0.03698105612060741,0.03755541843444367,0.03813088472728744,0.03703568809972757,0.031793560662540646,0.03997385008643399,0.036059419794778336,0.038002596274191794,0.03721019797278717,0.03438246683731211,0.03499731884488156,0.03837939805104244,0.036558909275777665,0.038190769137438026,0.03913118003564641,0.03912202449635603
257,0.000130674,0.03590817322059047,0.036809009064714376,0.036971917229429704,0.03574295162443619,0.030403943344833005,0.03991784638508322,0.0353461416781385,0.037468146205714425,0.03686204090521705,0.033505230030752904,0.0339854903872179,0.037443772653747986,0.036040237659358654,0.03616752360118572,0.03869054814479949,0.03900541769509577
258,0.000207821,0.039207849352433884,0.0392876651330341,0.039814160993850045,0.03925279494204402,0.03482782013750964,0.03928895028846431,0.03793810728410488,0.03976190339369513,0.03899837755894306,0.03623763092194121,0.036824801478260547,0.039792208891819426,0.03843855712449869,0.03134228688465325,0.03786108606363572,0.03994759207449469
259,0.000146231,0.037430221473765755,0.037891204932780316,0.03693033418762884,0.03635100471874947,0.03144822647085173,0.03987302324887257,0.03504765630709244,0.038329928495106684,0.0367483326894604,0.034452253291830395,0.033661482172827446,0.038476507046582,0.03588604963267057,0.03717901662526055,0.0397100279819106,0.03880734060413004
260,0.000156149,0.03808279825375809,0.038677956790900095,0.03810363354412982,0.03732246813016961,0.03211526875596676,0.03847344100280004,0.03724922789716285,0.03956226433393614,0.03898787898068516,0.034137573289422164,0.035753321700571654,0.03900558286209677,0.03820195678443099,0.031063590110782566,0.029237536964479213,0.03999948739179867
261,0.000157817,0.03848104586092434,0.03888755592272042,0.03803463171313027,0.037156098351300224,0.03218436809858967,0.039113841586293496,0.03740977432400207,0.03967684578274013,0.03846166988957042,0.03437020949246891,0.03584918806535413,0.03893187721600695,0.03842155109974193,0.03704924448294376,0.030724891999969514,0.03999968645521324
262,0.000169991,0.03809428736971618,0.03915872008851227,0.03851385933401618,0.03763702412079151,0.03291843943244854,0.03964800588502524,0.03645297041418559,0.039392799685666224,0.03732117000830273,0.03502624843121519,0.03505813533866838,0.038908192383821955,0.03732674955265218,0.03867793080311498,0.03947560448767981,0.039409402021885906
263,0.000178887,0.038813505206454976,0.03960763921962938,0.038684725061342295,0.038080839793837445,0.033493423210166746,0.039129922174030767,0.037069836639652444,0.03950599588151937,0.038017049028073964,0.035111291566052624,0.035719874624911135,0.03881732661254454,0.03760692352428756,0.029534659031673655,0.039192113657814255,0.03952741710815473
264,6.48e-05,0.03052548812066103,0.03248530261398959,0.029736954673192588,0.028479184218571492,0.023510771135708444,0.031705888818687536,0.02992788442972929,0.03252400160221898,0.03232631558351248,0.026910472278796435,0.02768822495636682,0.029738420096587913,0.03085972212080531,0.039561603996205154,0.039561603996205154,0.03600851645176127
265,0.000149005,0.03839692945356168,0.03956301366410931,0.03898688047922341,0.03830425683638766,0.0316441029469714,0.038942353591643504,0.0368185359070926,0.03902336059991502,0.037929343504818,0.033753663314279744,0.035511684011287334,0.037889709504458656,0.03724401744967591,0.03561558219069008,0.03141881557615897,0.03959819411439312
266,0.000170702,0.03927262933375615,0.03983813450637178,0.038902790805087614,0.03809852569962878,0.03299442654755675,0.038920099049534584,0.035887130968137254,0.03876681700947532,0.03707997640374692,0.034391423875502806,0.03491968979566789,0.039270930472631665,0.03659551401285043,0.039639019285818484,0.03994897565591465,0.03890995497280912
267,0.000202144,0.039694303017557775,0.03983101592674327,0.039525943184470586,0.038962286676612834,0.03468582281733033,0.03985396477825389,0.036659460233638586,0.03949339006581562,0.03774871177565385,0.03563674739340326,0.035889841516769286,0.03979435659300399,0.03738527203083995,0.03924831771827391,0.03999906262519161,0.03913765318793284
268,0.000177985,0.03937089733150698,0.03945728352276168,0.038595499552590125,0.03720965027553018,0.033450047937266025,0.039850790343684016,0.03681921963537098,0.03969295291785846,0.03794587036513672,0.03491999710698793,0.0359716731349875,0.038776728854840646,0.03770518091468092,0.036219632193296436,0.039754323494360935,0.03935690099126875
269,0.000212855,0.039977919112044936,0.039999459706636056,0.03965206117908013,0.03899833475224697,0.0349818037318763,0.03856783451065875,0.03841947710455759,0.039996200797650885,0.03921265905108712,0.03650210797020359,0.03758931931346315,0.03916002771433692,0.039085709178921485,0.023434534972047186,0.037559059213949926,0.039998746791760985
270,0.000173263,0.039618930838780105,0.03988134881331094,0.03815444292781468,0.03727944476314982,0.03307399625755676,0.03900877199222677,0.03556645219999199,0.038690457521788485,0.036681072923308314,0.035421670823261295,0.03453749850073548,0.037806280366815694,0.03627254776645121,0.03690990014670063,0.03994868326226142,0.0385065090925317
271,0.000314405,0.038074301335970964,0.03767919951617726,0.03968786687767756,0.039973038015121025,0.03819283990798454,0.039965137554001495,0.03954474652774331,0.03987409648136754,0.03994041646494792,0.03852920311099417,0.038889590738629035,0.03997747822177824,0.039758051583168835,0.02951461544039695,0.03730822423574032,0.03987094624385805
272,0.000152213,0.03855771524451125,0.03820312881395589,0.03578853658424855,0.037373047193445856,0.03182809500713111,0.03903147339687156,0.03658060030888371,0.03894866886911435,0.037006978681921265,0.03461501260911476,0.0350145387575708,0.03750210334358699,0.03727357171593597,0.039072623475234845,0.03733996851933953,0.0392908598351108
273,0.000130285,0.03711280534546012,0.0360353203364749,0.036518418330691235,0.03570231512969975,0.030254374667061636,0.039829433450041966,0.03715757344271861,0.03959867156134905,0.03862896686554064,0.03319849490264456,0.03486474352572873,0.03668925490507018,0.03797511938611825,0.027168087161303395,0.029076562557255797,0.03990660560890487
274,0.00016262,0.037787921172594635,0.037771407487566855,0.03849410518109841,0.03756890577649458,0.0324251396949648,0.03943242652062824,0.03756509271211181,0.039774823272697546,0.03881717396747955,0.03451948058319952,0.03534912036773205,0.03843764279915376,0.038047848824144685,0.017499596447715024,0.0374597728689155,0.039812591533702923
275,0.000218002,0.039562073879377775,0.039274907079564284,0.03969590793760758,0.03909502531617921,0.03526379038835312,0.039971726540915554,0.037886362699840775,0.03997164099366282,0.03840907411322186,0.036251297098692715,0.03687549862813462,0.039797947275299624,0.038408604719613146,0.029029830009600327,0.0383294048268971,0.039618766774187054
276,0.000178964,0.03693986772157615,0.035742588033829695,0.038196461051115606,0.03706142931745948,0.033605856908216415,0.03923667319778922,0.03743555851943352,0.039820138170393635,0.03832863596764726,0.03544148973374428,0.036546308865887736,0.03922109170838415,0.038259041217142645,0.032902433728071834,0.03744906430449847,0.0396414145420182
277,0.000216084,0.03876573099396813,0.03772652836440445,0.03961624817347899,0.03892809716160289,0.035199510712649276,0.03819092279795122,0.03848805557265317,0.039999837760634045,0.03911039116566168,0.037189868208860125,0.03761865605278242,0.03955057678007901,0.039005478250032866,0.037528811961046356,0.038221196141427424,0.03998583858201851
278,0.000245206,0.03955319525515119,0.038484768609931094,0.0397892243682039,0.03889911645993043,0.03624527851570196,0.03982332152483357,0.037598124467462454,0.03992257684372167,0.03830046893215583,0.037583933635061566,0.036733280040325916,0.03962946579052223,0.03800615417148877,0.03981488710665521,0.03998442507094544,0.03928811984973196
279,0.00033384,0.03971597958554884,0.039999463824847786,0.039907862774141274,0.03994580941261995,0.038563956006065186,0.039997974478583546,0.039649540073294055,0.039455157562512826,0.039987925262427046,0.03901652733408416,0.03905399585745199,0.03998610680479859,0.03979351039721642,0.03496020733094213,0.03687104566377096,0.03993308577494187
280,0.000253013,0.03994103290688661,0.03960049234793509,0.039076686833748764,0.037902390067069094,0.03654589382635222,0.03968174356386098,0.03866748847122907,0.039991162785534023,0.03895382803837774,0.03789281493596658,0.038066248028776076,0.03952478360716315,0.03887473154208803,0.03806892630774985,0.03761966656907203,0.03982756810262024
281,0.000411571,0.03935706821079871,0.03998612648619559,0.03927364620520709,0.039890760400185715,0.03957121645973801,0.0398099126974943,0.039806797467678484,0.03824748630874541,0.039882407712132285,0.0393292255424335,0.03965423314250663,0.03923003385711495,0.03989612913644256,0.03584402155051768,0.03860385472644323,0.03997734721730453
282,0.000251431,0.03965600107573822,0.03854602803960571,0.03827178415414208,0.03866933974023898,0.03637445063889701,0.038714818709307,0.03738255202402634,0.039834488766680644,0.03826829917760229,0.03713996423207298,0.03640600026000681,0.03986857151357061,0.03789735871359266,0.039565840239504026,0.03994320458894977,0.039085234376809296
283,0.000272992,0.039950800001599805,0.03903638674607357,0.03961795868292778,0.03908044115211151,0.03707463169200618,0.039993469114361,0.03934853659032708,0.03978053004110508,0.039946935239055965,0.03801076934518942,0.0386143620139111,0.039947116538729566,0.03964843279519772,0.03658460761300125,0.03396631490270785,0.039994793610201425
284,0.000275443,0.038046094345811174,0.038666126196053814,0.039526847184571494,0.03903773682292008,0.03715340827234153,0.03995281025592125,0.038751517767087434,0.0399823344688399,0.03953215985051722,0.03866686476669629,0.037702211417479176,0.03939915225682929,0.03923171735971082,0.0389958813357791,0.03784828135172483,0.03990815247930595
285,0.00050691,0.03993011903780898,0.03997054641952526,0.038220437516258275,0.038779813968501366,0.03999895178096303,0.03999119068965291,0.03933404826092918,0.039568709913326096,0.03954861150950728,0.03999954306720729,0.038551711452530314,0.03982013771572693,0.03947096009846454,0.03954608922785931,0.039885063491647305,0.039817976740806386
286,0.000954466,0.03662639052384618,0.038181022714220275,0.03219930033052734,0.035345768879599684,0.0343356337791053,0.03754515485342524,0.03968206048353892,0.03433094497257873,0.039735326619543286,0.03966222295072352,0.03998120652673605,0.03230194490638898,0.039664888437936766,0.035392285239217156,0.037889052447239634,0.03940371346514455
287,0.000545873,0.039966673588521164,0.03995096101008554,0.03954692290540008,0.038911945249598824,0.03997050656148013,0.03984525920677127,0.03949892563039088,0.0393870884228618,0.03933696696880218,0.039983718678380985,0.038930232878556334,0.03920570167441857,0.039726027141056795,0.03984954432220409,0.03993490589278819,0.03993243645068071
288,0.000330405,0.03877130548789387,0.037458984184927976,0.038247181734837106,0.03804801893121056,0.03814440012571083,0.039946097581810086,0.03822844434407157,0.039978675426792544,0.03850478920928199,0.03848545844510046,0.03727583952993928,0.03968929092730425,0.03849504206400099,0.03984057924027045,0.03984003838084264,0.038999363408711275
289,0.000294978,0.03717898761110356,0.03667552981032112,0.03866847301543356,0.03881118272107373,0.03710160009427378,0.039999532774425854,0.039708640982487185,0.03927305407871747,0.03997135714451113,0.03820236194675458,0.03874702466190258,0.03928286997695272,0.03978646532091962,0.03864978866056623,0.0391508264347974,0.039995028101836805
290,0.000177655,0.03354440865018314,0.03305995413685414,0.03493850112228276,0.035480745834436334,0.03298916766768932,0.03925783251302663,0.03968828945683803,0.0399550384080466,0.03902721829433915,0.03467784630944913,0.038041367670661644,0.035621405331363994,0.039942432686879956,0.021471548806429333,0.012502608167694162,0.03811829729717161
291,0.000204235,0.03556644443408972,0.035236237890443806,0.037530497701961006,0.03829751711707596,0.0350465786608362,0.039045742327736166,0.03939769192349721,0.0399958620576212,0.0399809799357929,0.035776162862156645,0.03843611141294184,0.03604100180936747,0.03960413301468712,0.035656034308953144,0.0033278502607841376,0.0399510869186136
292,0.000226717,0.03528804510654556,0.03611113061540955,0.03874175716268745,0.03911312817819862,0.03577732106540954,0.03735578491380801,0.03643824016221284,0.03904888331649686,0.03727338707380466,0.03712552691086074,0.03549806277886187,0.036278658223803106,0.036850613871343404,0.039190856080574404,0.039706527650073084,0.03775712227736209
293,0.000602227,0.039560153527861325,0.039530456934301586,0.03501010220919197,0.03565317949828831,0.039634409327701015,0.03681911024122071,0.03988114528885663,0.035454178833180444,0.03980135578522144,0.03993378840688991,0.0399975991408903,0.03827213463080402,0.03980035524417519,0.037918002294666076,0.0374789369470717,0.03966144473096428
294,0.00022252,0.03424399260766196,0.033252931946199375,0.03549472864043263,0.039920631241951006,0.035490076044866696,0.039771283294182204,0.03674585491870735,0.039936378993187895,0.03690581959827768,0.03800771768425992,0.03598866936557109,0.038930148324611356,0.03771295398486477,0.038805080682286636,0.03970250217187023,0.0381205767703202
295,0.000273331,0.0368141115672975,0.03606176509275938,0.03957204079203796,0.03970032018629005,0.03705543866786545,0.0355022401570477,0.0391666444828897,0.03914359839989562,0.03987696324059626,0.03874012899558774,0.03825343517287668,0.0398092306858181,0.039579665602101174,0.03998708296481199,0.03960596321958994,0.039776335063987416
296,0.000380093,0.039170124322248125,0.03810541790579088,0.03998846432885759,0.03995339719894039,0.03910038074377954,0.03848078839708467,0.03992303189928656,0.03841873968081532,0.03999779088520109,0.039159393709117925,0.0393360661831173,0.03971083991939439,0.03998753919412809,0.03723705339328534,0.038218053204819,0.0399826544976182
297,0.000342717,0.03852202240350609,0.036590281732862315,0.03959792560984508,0.03952833007102217,0.03862714444337559,0.039992097890838,0.03911971835104533,0.03986812449655594,0.03962903465157527,0.038354557230335456,0.03815841085500731,0.039998573431972224,0.03950899564850918,0.03755888474033029,0.03929550108940706,0.03987607044685243
298,0.00035337,0.03913544576905706,0.03713997451626034,0.03976601270833421,0.03968914581218002,0.03903461131477175,0.03993583981434008,0.03973563400142208,0.03901246750602648,0.0398792941193079,0.03869590024419419,0.039209524851883754,0.03999687798083286,0.039876138589261485,0.03665069981132356,0.039074168064375386,0.03995937606557347
299,0.00027613,0.03783700049801983,0.03481707329016795,0.03874618038584715,0.03792882686092659,0.03708560917060137,0.03999571781834247,0.03992330331942113,0.03861980582088489,0.03993400899115199,0.038247187053625877,0.039122283704271295,0.039568938962825054,0.039997068747827484,0.038290085646720096,0.039124388394204145,0.039945841979825335
300,0.000176819,0.03460316461940599,0.03141538695564676,0.036001497746536416,0.03542515155800447,0.033125305918131794,0.037801982623513156,0.03862806492357481,0.0396399589609046,0.03880031926803718,0.03629918173881124,0.03654360502930977,0.03801070028313759,0.03874553063331754,0.03983292752178407,0.039921379404910966,0.03940418666837664
301,0.000206753,0.03552808534201977,0.033384680576688586,0.03825075365620256,0.037813854372093114,0.034735117979708054,0.03706951543193858,0.03920241276356207,0.03901126160948355,0.03978141587773619,0.03697832452908931,0.03705944009323089,0.03892022824121443,0.03927492964337831,0.03821655178196572,0.039485615175259704,0.03973752702998337
302,0.000213347,0.03519482428813333,0.03400213941672068,0.038398765219587336,0.03776443396730584,0.035075479817171094,0.03697698515532683,0.03946797162373938,0.03896393621529308,0.039775226814697126,0.036876699154351766,0.03728443951250032,0.03875378887073958,0.03957938543391184,0.039436024811959944,0.03782498327917725,0.039883359238730126
303,0.000379996,0.03942763195087407,0.03826255490891148,0.03977994002116175,0.039984050689965224,0.0393403320240588,0.03996701772632492,0.03982438732433627,0.029658542243780867,0.03991297107930497,0.039055600725800214,0.039921324196697215,0.03961695342383505,0.03974447368185465,0.03730979622458089,0.0357050388025278,0.039528526074732166
304,0.000368536,0.03936623119322981,0.03764537693772757,0.03993152488381351,0.03964698791109304,0.03915977674472317,0.039900688268378795,0.03938962135374706,0.037322368285507515,0.03932228826561006,0.03882852392170208,0.03875845945020853,0.039844123742198596,0.03960060685361368,0.03988095311311816,0.03998349323789029,0.03984287746182824
305,0.000577693,0.03961073369991968,0.03998330608942372,0.03841400781896236,0.03929348863563382,0.03984410763301435,0.039541966275131527,0.0399934139135134,0.033535225586190015,0.03996809635278052,0.03993215534126607,0.03994567070475653,0.03731974862694511,0.039974847800098925,0.03877429986935736,0.039672626727414076,0.03986870599262127
306,0.000183206,0.03296469368851774,0.030043940414329024,0.033521382637157635,0.03316012832231467,0.03341017213318701,0.035428263031758264,0.03551074882148225,0.03868842152302816,0.037460613523366056,0.036238993303304566,0.033640026887185794,0.03658459954399602,0.03582664220978156,0.03821612539918745,0.03849525442446164,0.037135360283960174
307,0.00063827,0.03920652352904664,0.039999585543326735,0.034746839598931115,0.03458438964042053,0.039557542854240645,0.0391955678665595,0.03985284952506789,0.03550910211246183,0.03978178723759808,0.03997265180074672,0.03999554676234541,0.03837051467396719,0.03994972179283909,0.03800852865289832,0.03767681078847866,0.03984247395716858
308,0.001103956,0.03809130141382229,0.039747851509035315,0.03343826148941671,0.034156846919430814,0.03169103772044336,0.038135684256454666,0.039543991807571705,0.032361502385089114,0.03977829664944759,0.039678621474898874,0.039704921478674986,0.030714140550410995,0.03948444511114277,0.0360405449387555,0.03897379811144031,0.039434492183729256
309,0.000492952,0.03908030984075274,0.0371219536825701,0.0381980656929133,0.03816474764479228,0.0399755084213357,0.038615782972991626,0.03809473463701018,0.039996086870926435,0.03825177579829259,0.03983805888457433,0.03751666359940024,0.039999795070048964,0.03844331908708636,0.03990029271956461,0.03868429379449929,0.038683106855009176
310,0.000508051,0.0396898939448987,0.03839487697259697,0.03996127717424298,0.03994290105132426,0.03998433971505194,0.03980084943661023,0.03864219512862923,0.03624768445787749,0.033212104002490375,0.039621685790583824,0.03996836397957789,0.03995103651811179,0.03921848364236399,0.028999624452109754,0.03576280088578933,0.03876351199667348
311,0.000442777,0.03935677673947722,0.037333625693466876,0.03960726338286759,0.03928938287036739,0.03943138696459804,0.03997118586351267,0.039945201794409205,0.037340149808838916,0.039976168176725,0.03966483313202736,0.03990063286361338,0.03990818544782758,0.03994796993942559,0.03871400285438381,0.03548988986160599,0.03981728140191918
312,0.000658121,0.03945673020494619,0.03993356894966645,0.039496889938459755,0.03966757145025073,0.039411533349020034,0.03995430220276015,0.03964287468614206,0.03751907036228767,0.039562904255984924,0.039936285768886526,0.03944711258524897,0.03905575158224064,0.03976122190859121,0.03991067019504239,0.039998597961051416,0.039740622702601563
313,0.000642301,0.03999062380140613,0.0391453183275407,0.0399950752678107,0.039963291523204436,0.0391645750604181,0.039506668058232344,0.03990367091518984,0.03781745349774595,0.0398255493790742,0.0399527885920334,0.03968527491632502,0.03940345228327485,0.0398894284138803,0.03966043597290837,0.03987128182378339,0.03984005676169823
314,0.000426616,0.03919003378640196,0.03712655517274853,0.03899962362251297,0.03866234512322505,0.03964268258577213,0.03878896750809439,0.03994211280569152,0.03864082047595544,0.039291352171922436,0.03962528385018235,0.039743643130252804,0.03940506119750731,0.03987482827948111,0.039252751453394324,0.03978725225086785,0.039472020400428014
315,0.000418157,0.03905005660444745,0.03745736717402796,0.03965079874162948,0.039527390954707566,0.03952921569829042,0.039648999080085436,0.039999760481334315,0.037581111700290944,0.03980606455571546,0.03929001697014282,0.03962556989901524,0.03946489134651715,0.0399976282318894,0.03991068573376835,0.037589607285473635,0.03996598851991421
316,0.000322788,0.03787645667779817,0.03544082230318267,0.03846590029285797,0.03990040781410015,0.03808256178283466,0.039639606381060684,0.03859204207470545,0.03991524426066614,0.039062877372049665,0.03797980417013551,0.03769861746860532,0.03863148194863478,0.03882469244977818,0.03948808998933959,0.0399810599103795,0.038862120925861734
317,0.000211114,0.034923954201700066,0.032320706302389264,0.035963366561204385,0.036743798593686886,0.03493982738078421,0.039895807780709745,0.038302420034058385,0.0398686792861343,0.03879081948866078,0.038301794811714904,0.037023906981013044,0.036204902640926184,0.038772051610314884,0.0395671595135832,0.03930233821836959,0.03866385924157405
318,0.000454709,0.03999430157754706,0.039340785662603094,0.03967943899389594,0.03894091788708997,0.03990425142968094,0.035551883450796365,0.039117533451485414,0.03293221045956908,0.0395142905406169,0.039525276754394614,0.039946190089295744,0.039987058515812024,0.03895163423052512,0.03644793362493999,0.039459126327950164,0.03924910538324398
319,0.000289912,0.03860346689233675,0.036391002478638246,0.03805033287981294,0.03877270396006844,0.03761343437576227,0.037971457575470983,0.03791775366554777,0.03994337803986485,0.03781610010151304,0.037937998331647425,0.036339282820963215,0.03807796060030124,0.03809817909215763,0.03996175163001408,0.03860805376421205,0.03816447738480816
320,0.00020707,0.035462288728285746,0.033664760932413995,0.03684742078789406,0.03730247177505372,0.03485053032457859,0.03477443836900304,0.03713566069459248,0.03997797938743732,0.03814997253199248,0.03701917440086924,0.03485604935104165,0.03573512509095333,0.03684080258882494,0.038631527792029004,0.03889759784079519,0.036882064422704045
321,0.000327336,0.0393868469663764,0.03853186970731444,0.039944013622075954,0.03995201827889894,0.038365637577311304,0.03957697623743901,0.037227434233821396,0.028471051263321223,0.03660817340348453,0.037578931072754715,0.039999410869392675,0.038972041669815424,0.03796897287337647,-0.04795318322760858,0.025302582267338766,0.03857917360245371
322,0.000243859,0.03815701187323826,0.03668002945229629,0.0379947627442145,0.03793279271775152,0.03609295200679084,0.03694324553545732,0.03949184998120294,0.03866859186491633,0.03916065021887516,0.03777111140142238,0.037439419426664455,0.03713164829647783,0.039553589678559424,0.03883309708588294,0.039903493487427964,0.03937586126401242
323,0.000393194,0.03996589617310171,0.03987901182623722,0.03996721306424741,0.039949976435884174,0.03949438128123463,0.039072606475928834,0.03891035830181201,0.03942626356342784,0.038246031131968436,0.03916540810490732,0.038130113390216824,0.03988502992747218,0.03853652264955136,0.03999822680137609,0.03922051354398381,0.038217764469813786
324,0.000828731,0.03259420743120828,0.03723179427322494,0.03413397624558276,0.03403951824045677,0.03698197478537342,0.03809785615223297,0.03948450635246186,0.03532751388473851,0.039522012066350795,0.039992376894584354,0.03986049182296071,0.036480216903457055,0.03961351243864578,0.03514008384700286,0.039599147222827834,0.039590872058977385
325,0.000503152,0.03999954523089941,0.039299039445573586,0.039421589219730956,0.03902228427612675,0.03999446016309162,0.039641741961974744,0.03878676974066111,0.0399678127226822,0.03931272203612121,0.03968990101479232,0.037913637610555107,0.039938412929555404,0.03885265754371933,0.039784952051271166,0.0396443795408001,0.039316731873482585
326,0.000642109,0.03898041805116662,0.039981663980234575,0.0395774127322478,0.039259556191930285,0.03952708692402775,0.03999619959821544,0.038733284242869245,0.039928127515624016,0.03885068538445076,0.039968065404343944,0.03834012154276181,0.039986716663890504,0.03839391500632261,0.039180694576503944,0.03971327296320084,0.03848366118553047
327,0.001322059,0.018058340469157774,0.029090002036133128,0.03084927476562352,0.029986369919703812,0.02780863307998406,0.027050429915082844,0.03895963071372141,0.03096241933344486,0.03891117539367303,0.03969549163973389,0.03949227403318838,0.03384837473741399,0.03912897342038202,0.03799437987505193,0.03867017964020413,0.03921921188837362
328,0.000516486,0.03999986392115748,0.03991573605951794,0.037211034950030766,0.038198242725143064,0.039971152969391764,0.039999643747296545,0.03737153560948585,0.03992221346780634,0.037355754058647564,0.039793078452417,0.036717051142019785,0.03934622778557245,0.03773571974015141,0.03819840343290186,0.037945901907766116,0.03792659882112587
329,0.000940075,0.032873849887639195,0.03452578946719734,0.03787800441528342,0.03601987768200851,0.03556934814475003,0.037322079084237125,0.039759572174819374,0.035761935729693634,0.03856895520371443,0.03998786480121979,0.03994078008964426,0.0394496254255538,0.03980687018603537,0.038610867007953506,0.03942807194582182,0.03973548551396077
330,0.000516053,0.039956619802501814,0.03999722589925453,0.03838131681259847,0.03959300397762506,0.039888484563729606,0.03957438412263785,0.0395401948267754,0.0399875715026965,0.039699866240272684,0.039815918219980734,0.03922131752789233,0.03866909014524805,0.03946642913266519,0.039996364567769775,0.03999922437926998,0.03961293929390559
331,0.000490627,0.039992832172842226,0.03995988893453806,0.03948155396277898,0.03997590833456944,0.03990420843094209,0.039047634355209596,0.03815274316567298,0.039999544531241,0.03843020768470686,0.03989446054566695,0.03811162508032183,0.03809973793279833,0.03836369787354633,0.039631168702636894,0.039757223883076336,0.03833629624188301
332,0.00119697,0.032658725268082126,0.025948722320566775,0.03343760716733979,0.028534675713188268,0.028118230523601878,0.03750758156910572,0.03905509758431203,0.03164420943434974,0.0392666163159768,0.03932776595331859,0.03936873969615054,0.038499660577808216,0.039203213322268574,0.036640060811957545,0.03889705255727934,0.03952538324010145
333,0.000699984,0.0399644268243601,0.03999974534931835,0.03941828098860124,0.03953135459375924,0.03919511813960969,0.03991196538662349,0.03945660249639546,0.039717266484855795,0.03925148965050013,0.03996613372531,0.03911335234941929,0.03980060591172687,0.03961630329251324,0.039930275326458556,0.0397312491407207,0.039617596607551736
334,0.000463001,0.038867980437749625,0.03899199455641982,0.03855470564783655,0.0387317007426438,0.03989880259785816,0.03885831251209252,0.03701246190741289,0.03977693057863975,0.037255371922749164,0.039426129069329685,0.03644001794938316,0.038255693514882366,0.03686791552990466,0.03888544177156543,0.03822177974229534,0.03677889094716166
335,0.000379273,0.03742237613381193,0.03797318724735442,0.038537911078930856,0.03904775013260238,0.0387479000520305,0.037928894442359,0.03658968297146087,0.038979843274399247,0.037178637442770696,0.03768303321141081,0.03465742325655807,0.036387268334929626,0.03651975620011068,0.038908000835847834,0.03685115375818007,0.03629276844924653
336,0.000851857,0.03866151438271902,0.03789131895099048,0.03726217577435409,0.036247045597596186,0.03741630222781109,0.03668658574329099,0.03751015243185212,0.033737563387100836,0.034843622992132575,0.039908002564339885,0.03999421273263722,0.039766828422032253,0.03756115015084284,0.03332312357339928,0.03607566499744427,0.0372414644831337
337,0.000508351,0.03758506728775088,0.037558796741054626,0.03869529306820303,0.039368193760204236,0.03998114532803287,0.03837063373382389,0.039873297631628044,0.03638621315748036,0.039872644267388915,0.039965253806161755,0.039798601827118765,0.03958558505486709,0.03961224959761589,0.039332152416137585,0.03494690499876542,0.03959274472595341
338,0.000340303,0.03505583975286026,0.034473677275256326,0.037838575758752546,0.03775299647453313,0.03868973156589569,0.03914599903779621,0.036348297698273954,0.03998502113449862,0.03542385464760765,0.03863302345531576,0.03707559275141953,0.03605808965235574,0.0368618956175191,0.0368279470520425,0.0374750090822268,0.036372014482181234
339,0.000386527,0.03711416549859828,0.0364637437834673,0.03951248530663586,0.039622600096649606,0.03911841537031697,0.03817544701321437,0.03669742135808179,0.03992141728434275,0.03541866932732803,0.0394471984099395,0.03749677052021112,0.0364730648040981,0.03658841744339207,0.03697537381005225,0.03516618225137101,0.035774013048966255
340,0.000390073,0.03803210503801423,0.03765039970573401,0.039408644499905325,0.03953557166915655,0.03920756715177001,0.03946064062458467,0.03998988525426114,0.0383137085383155,0.03993900305025872,0.03873431183265845,0.03995091114069698,0.037359264341554815,0.039946826600941836,0.039974119155320884,0.03922181811936784,0.039964208460200795
341,0.000281481,0.03576447711518869,0.03446386981487568,0.03740126447969032,0.03788395388417355,0.037611655600268565,0.03916020729424842,-0.02784790015633387,0.01474412813369727,0.013119476475142111,0.036008781554526734,-0.02784790015633387,0.03662228971045027,0.022461160198297664,-0.02784790015633387,-0.012245388021976528,-0.02784790015633387
342,0.000412724,0.039115060743190586,0.03837087186494012,0.03997930939285459,0.039929986732104364,0.039618122022840145,0.0398544836291716,-0.06763591555771653,-0.010519562987892361,0.037704196620319715,0.03957001374462911,-0.0878684234089713,0.03978484904361634,-0.040410781137042995,0.03697785202536967,0.03877153044879724,0.018398305743205876
343,0.000300982,0.03723641899885845,0.03648440525332797,0.03820369873902651,0.037909651333951605,0.03778411113272301,0.03967235988354575,0.03205563789161002,0.012325477106796157,0.03975175914427942,0.037429767313400794,-0.036264398558212146,0.03993568629764697,0.034782185064792345,0.03997369778491392,0.03778293648479827,0.03268021636183946
344,0.00031267,0.0382377540444918,0.03749534203483097,0.03907349121978676,0.038931950631626334,0.03812826030272532,0.03985816450637653,0.03452746495380821,0.038297200591046014,-0.0414060057753283,0.03788714399204991,0.03726417311763067,0.039163841568638016,0.022848205142667402,0.014218347827919753,0.03957445029343089,0.03559443583127987
345,0.000265935,0.037612086342223724,0.03634663652262996,0.038069645057318746,0.03777050283200126,0.036891029896294156,0.03384944556783126,0.02982739978610883,0.03476537285121678,0.029905323680754957,0.039904478242164344,0.02959350041469451,0.03946426609200845,0.03039374847872486,0.031558298514395816,0.034820164896267256,0.029893476557474787
346,0.002849771,-0.050596339303120436,-0.03359754222752698,-0.06728509269372823,-0.06506325380787811,-0.03348853431345131,0.026180302634200722,0.037966020532977963,0.02306435034211249,0.03896385176732145,0.038669585847344694,0.038740798732622,-0.040229883775632524,0.038645233825380536,0.03699586174750036,0.03643192573893357,0.039037195050443445
347,0.000330755,0.03602309619426229,0.03490580332774178,0.027795463012363412,0.039894371297605126,0.038584384016406376,0.034903220429527676,0.029498325334731082,0.03527465486773155,0.02888586651307217,0.0397265166220893,0.028755169956566136,0.03994905733272181,0.03001820978932815,0.03131689237959054,0.031513190769327126,0.030193961319513768
348,0.00031569,0.036483440057723374,0.0350996744165185,0.037279720785557365,0.03704153746176872,0.03741479473000286,0.03983464255758656,0.03904633299592851,0.03999381501517688,-0.04274570020269028,0.03762547491245668,0.03689970273587497,0.03892182966567456,0.03838792295886386,0.03987325667302491,0.03591749064076283,0.039717140146648046
349,0.000522969,0.03973635649053922,0.039271281821599245,0.0399309426273576,0.03981937793811148,0.03959476822758698,0.039886160974630464,0.03243100085463016,0.03183059241258601,0.03319283232235758,0.03898283662686436,0.035689312471534895,0.03999476441313959,0.0374931520573247,0.0308644618583455,-0.08264745725274605,0.036379984178534566
350,0.000310857,0.0369375354261062,0.03617529447403204,0.03604931610299582,0.0370410768345303,0.03725311037904202,0.0366992177352818,0.03809645948202775,0.03984446077906543,0.03925754607874808,0.037951014165946324,0.03807914646555217,0.03791394614931501,0.03959238795578631,0.0398492255201,0.035144666798573795,0.03943690580809979
351,0.000492906,0.03981362223934753,0.03915480494662002,0.03979569228212384,0.03968744815255949,0.039258284524527495,0.039913562855346134,0.039999826112281124,0.01495420910851783,0.03941489728732418,0.03945907461505367,0.03948921660227772,0.03994643842121994,0.039919118570614066,0.039590956276789185,0.039843411437868584,0.0395411955644386
352,0.000226317,0.03381631526139219,0.033150882544056015,0.03525512710141616,0.03242984400406975,0.035355821808711024,0.03397697881960256,0.039410442257302586,0.03992976649069834,0.037718679843316116,0.03808814550013512,0.035287318233574255,0.03207462854994249,0.03986598070813548,0.039952352091832184,0.038324303245533625,0.03985037558951139
353,0.000663777,0.039628860007383214,0.03981103097199666,0.036892999037118096,0.039942320452883644,0.03929244554151901,0.039530230141210695,0.039953639500659915,0.03426065495145478,0.039602320691773905,0.03999637540142114,0.03969401080656718,0.039957846392651195,0.03973551974243388,0.039999283625982394,0.03713168505102209,0.03980189871162076
354,0.000418692,0.03972296436777217,0.03957028857259139,0.038821419058123766,0.03547497096412258,0.0396463861260366,0.03853892732817153,0.03830793644533377,0.03906085969137194,0.038614917421222444,0.039923496322223286,0.03787321896325097,0.0399020090745276,0.03875303589170603,0.039945809159841264,0.03999807311942312,0.038676015934072994
355,0.000263037,0.03776246709569997,0.03757982494732637,0.037065385979317,0.03230183623773352,0.03672439579829496,0.03977680161945268,0.03999848199849722,0.039059063661285885,0.039309330714293766,0.03880450544962501,0.03857578652169516,0.03841432297797841,0.03986460385865793,0.03594495727736775,0.039392488971806715,0.0391956530074165
356,0.000292882,0.03812079739681094,0.03717608751786795,0.03887516042351573,0.034319181160171304,0.03753275658487431,0.039953314415476456,0.03947420457308496,0.03951273423943542,0.038901166329758416,0.03850528084151415,0.039052434532037716,0.039445645418572574,0.03942025564725163,0.03995573540653162,0.039996666576882035,0.03934756420828392
357,0.000339971,0.03818020594838109,0.036611900903081265,0.039563412012497745,0.03530541819812241,0.03846324274927544,0.03893425224619076,0.038097047562764025,0.03991262475748958,0.039004369882965316,0.03601592751005858,0.0380327218186694,0.039653768391714236,0.03859033744140261,0.039699765082440074,0.039390802409680375,0.039041081177219085
358,0.000379087,0.03936269293342709,0.03820717694655437,0.03973519359725927,0.03618705478187251,0.03937917578354472,0.03940363094583312,0.03898459593528361,0.039999064171591,0.03965745764343294,0.0384118737722383,0.039249021040815874,0.03958014529446799,0.039100514052580713,0.03894558103274036,0.039999062661977614,0.03953234820784487
359,0.000256634,0.03760561209965034,0.03607796292036257,0.037642484899956766,0.03233334374647612,0.03670242453151289,0.038310735882674196,0.03736192418418004,0.03952024766908844,0.03856890832552283,0.03764851437688188,0.037695539257443456,0.03618395088049979,0.03765249004972136,0.03912415538000078,0.039701642665988995,0.0383661619004033
360,0.000337666,0.03963322045067964,0.038854611981002055,0.03983605574267004,0.03596556850892674,0.038554209245596716,0.039999954894026066,0.039217531176535175,0.039916750860265506,0.03965871291929095,0.039474722133528074,0.0388594605496075,0.0389749504960509,0.039102473974645044,0.03955889654525282,0.039980268732526664,0.03944559323359176
361,0.000344639,0.03951665972862283,0.038168116945851864,0.03961702058754156,0.03546530615407212,0.038677837344382064,0.03997375783176169,0.038917707285988465,0.03999999982947767,0.03939710151335848,0.039677301141967644,0.03814594907191884,0.03998350142537133,0.03889174451517913,0.03979921800281889,0.03973943138575881,0.03939346237109987
362,0.000416624,0.039744230968074015,0.03931948090968332,0.0399920411631618,0.03726876418118118,0.03963671844086659,0.038961335815018205,0.03968082739825908,0.039577615433861055,0.03995189764743765,0.03928722108619295,0.039062901585239285,0.038986047630850076,0.039834514394888644,0.03997061001443888,0.03999923253344176,0.03997443029315133
363,0.000205213,0.03586453479675959,0.03509522773070966,0.03552780247102742,0.030434630478450603,0.034670203185107676,0.03671853975415901,0.03841123860754186,0.039963834077294154,0.03938005912477609,0.03516407666850302,0.03591902370720951,0.03914025129194232,0.039243607011783095,0.03920716724814248,0.03996193063347172,0.03951092216207702
364,0.000233139,0.037627867303534096,0.03690853035698574,0.03840164588208932,0.03277694524136401,0.03569304377975832,-0.007993198646798982,0.039811322539659036,0.018025939784278716,0.03938052311869661,0.03675920320493234,0.03889210095186993,0.039681103804284905,0.03866803110315828,0.03866014565577405,0.0243799109045887,0.03770436804230607
365,0.00029035,0.03921587816364287,0.038874027060908395,0.03944230341172351,0.03466166127599371,0.03754115928936415,0.024429935747703024,0.03937512289509662,0.036768111567456574,0.03935686751958473,0.038258977055391524,0.03771700680519506,0.03993743074840944,0.03980493422000796,0.03973199878839577,0.0399783624043647,0.039995004393193395
366,0.000425744,0.03984600386104986,0.0399332483992531,0.03994174539610989,0.03767889809305039,0.0397295771587003,0.039895693569392744,0.03923012198568954,0.039511955432875695,0.03920158380368456,0.039076579123591706,0.03805981581588766,0.039772486495891955,0.03941291061430882,0.03999961952586193,0.039736927393455836,0.03975638607920307
367,0.000451661,0.03999620126456206,0.03987884472666374,0.03999844083136244,0.03723120191028667,0.039898955189769866,0.039499973475703505,0.03999248256547349,0.039164906845791034,0.03997666458087621,0.039620855298942145,0.03935122004291751,0.03918750189504314,0.03995991606305935,0.03915558653638461,0.03989303909030478,0.03997497271097381
368,0.000285245,0.0389799717358508,0.03822731758078829,0.038023612924968,0.033302562158051593,0.037374306176518685,0.03999684871692144,0.03994873928348294,0.03999999831653964,0.03999930334539033,0.038649143889144824,0.03843496434531825,0.039981350797618616,0.039848981973555755,0.03487564963370565,0.039116396004941746,0.039753988352093254
369,0.000110943,0.03179114931542289,0.03054145478780211,0.031439514077451436,0.031003544705893955,0.028394711350718284,0.03211095285133455,0.031501034352840504,0.034043917935031545,0.031957121935906434,0.030100622688861843,0.029059748350737814,0.0351818906426859,0.031273125735349266,0.03802934931546163,0.034880852652805716,0.032848970921650227
370,0.000287168,0.039734413163830445,0.03941417309607558,0.03997423741179032,0.03998434109149945,0.03737172119248293,0.03997460924557657,0.039448935493481885,0.03993588111842316,0.03970165688374725,0.03886569204364665,0.03843262082411622,0.039655483397924095,0.03954206436143775,0.03836338198314578,0.03997598928810436,0.039813811863610236
371,0.000254526,0.039432567211166586,0.03867909200810492,0.03873526275403078,0.03843592959751964,0.03664518042557757,0.028151185644731958,0.03998043319096408,0.037594190745161196,0.03985975304149788,0.036412241620786906,0.03981311609081162,0.03977456561989863,0.03966731130290523,0.03225394550135112,0.03838133485116728,0.03716702696233201
372,0.000190601,0.03828424226879515,0.037502904463819514,0.03721241876358365,0.03707204267962294,0.03425439137631276,0.039999929525039946,0.036481555847522926,0.0399657616288813,0.03732114531189526,0.03471608952970755,0.03617297932695053,0.038973175772018295,0.03736474368729942,0.03992567579484649,0.03910702297488601,0.03892599479302257
373,0.000293679,0.03977837234033222,0.03979597390437358,0.039969487413352045,0.03995789725405336,0.0377355811897598,0.03906542037370182,0.03691985993671246,0.03990451101120747,0.037489585258708685,0.038850633918809885,0.03655112907419905,0.03980280646028226,0.037223403855717124,0.03988196028136702,0.03868023097079451,0.03801455513929204
374,0.000356949,0.03999836339540734,0.03994041025704818,0.03999877446218901,0.03977086759314682,0.03887570406353161,0.03991273449307826,0.039685268644579226,0.03945417190215114,0.039886174314094434,0.03934290412619605,0.03918033738810696,0.039986199045941404,0.03981241807283597,0.03747117639741564,0.03994224289554973,0.03999968815367619
375,0.000199216,0.03806742654272187,0.037308553748520865,0.036676362358967686,0.037786737836765304,0.03446005388683976,0.039385898576308864,0.039536008634214616,0.039770310619894965,0.03992086841937143,0.03711874013617225,0.03790399655641788,0.038443553439121946,0.039795245134898675,0.030121088966662254,0.038453616940215166,0.03958166412545317
376,0.000174129,0.036701054028290735,0.03507982394135854,0.0372913957569736,0.0379019016056611,0.03307963273300485,0.03940418914378603,0.03725019026602851,0.03985200178208569,0.03775543743872206,0.035062258336335236,0.03508103684114,0.037788437431913305,0.037488265718200395,0.03977697446765923,0.039683313727525066,0.038795755402724445
377,0.00017444,0.03693034073082907,0.03567282054216567,0.0377094867479509,0.03803504682600523,0.0329929809746278,0.038403603802473596,0.03601851206515671,0.03880007318177946,0.03621325331219475,0.035091753240412166,0.034348162351751234,0.03870040141832462,0.03625876398447076,0.039993123301399765,0.03829242226486414,0.03741181842424739
378,0.000166918,0.03718360389318123,0.036221362642475816,0.03741801751229247,0.03797372447862194,0.032773798740943154,0.03993902624356295,0.03747884823072894,0.03901311745272335,0.03834214281329845,0.03395416929513488,0.03582434644992807,0.03884151670887853,0.038123662506254236,0.022810040297608497,0.03980580611732878,0.0395926158771209
379,0.000231187,0.038506971489169414,0.03857925118945408,0.03954953739964036,0.039570283248737896,0.03594301476036076,0.039278973380617754,0.03919174486293234,0.03990604696158479,0.039795078622490404,0.03577035388826986,0.037635618156833604,0.0396726806574531,0.03953777793796756,-0.006717166070829783,0.03950253896080907,0.03992660817902609
380,0.000133329,0.0346585726123491,0.03449023075621856,0.035281668567270524,0.03459927423882639,0.030552227706101887,0.038960821382419054,0.0338365127037896,0.03865622071622512,0.03475040902418364,0.033710594953246575,0.031630009494123965,0.035892178366776106,0.03446140602904001,0.038785910714763915,0.03900270566115846,0.03653200043849092
381,0.000160469,0.03645445510688821,0.03656965246211809,0.03809725580479005,0.03774082371448562,0.032368218110865016,0.025912928911241778,0.03732742894077363,0.03998480476975263,0.03833136033886177,0.03599835075517756,0.03580093776416804,0.0382002357192642,0.037960795449689944,0.025610285932921542,0.03980877767777144,0.03945948489427624
382,0.000186546,0.037788596285831214,0.03731186187032147,0.03880932802645837,0.038756442013909556,0.03380092503261057,0.012872313264894686,0.038692181624469114,0.039888342178591635,0.03964055314510264,0.03513565408412654,0.03720516319827316,0.03927883971648438,0.039408226099347604,0.03288851396413264,0.03880844538725753,0.03965595558400675
383,0.000157979,0.036981092106074115,0.036213211793217376,0.03744735484677661,0.03677362557314766,0.03223044884762956,0.039698600245856364,0.03419876593565218,0.03746134723078659,0.03492407567450303,0.03336447997350254,0.03262397514807054,0.038287302119391076,0.034773430041250386,0.03864925262098626,0.039025585297841905,0.03686790173663778
384,0.000176048,0.03820421286765323,0.03738214239777804,0.03854743763235332,0.037999287114363275,0.03335401226155705,0.039045088783322815,0.036235345338570465,0.0391548482597311,0.037035586750708845,0.034777703248490555,0.03469890551994585,0.03935603031266609,0.03648931785397477,0.039954966318732195,0.039987184655576526,0.03795936203146586
385,0.000167528,0.038287572384766405,0.03748331812824231,0.03815826814887944,0.037410270367913195,0.03275857399619742,0.01589938033793306,0.03921641729232091,0.03999007366608318,0.03984333953298497,0.03462012808581154,0.03791802984973289,0.03929429712164301,0.03974036211939607,0.01589938033793306,0.01589938033793306,0.03869408643002912
386,0.000151895,0.038031016164689006,0.03747385236677679,0.03751970721301995,0.036950163838664465,0.031829154814779166,0.037911373807919556,0.03673075114794436,0.039598341949339325,0.03814929524084,0.034300823739848996,0.03534973714025738,0.03872930238033159,0.03792042520188463,0.025116532759424076,0.035711065155799235,0.039970911354381716
387,0.000128206,0.03722976975797135,0.036897206681542546,0.03640278997697902,0.035360468030354794,0.03016140554967503,0.03711818133373377,0.033009393338529355,0.03717053857400751,0.03454001157487852,0.03216848975517044,0.031438784042014896,0.038134237731017914,0.033846065589585646,0.039654347667017406,0.03992905779299087,0.03650832008280595
388,0.000112801,0.036450847936602915,0.03640358064797768,0.035787948919712965,0.03502986037438413,0.028863960225068777,0.03878396660971317,0.0351946796082017,0.0382775060717696,0.036961793569415625,0.03169260968986792,0.03280164798516168,0.03806807139727146,0.03628671145060085,0.031627670048613596,0.031627670048613596,0.0390831059249523
389,0.000112965,0.03662087798216684,0.03621672026734571,0.036209200707656,0.03518496430536317,0.02892032712862471,0.03971300082040211,0.03719790493293451,0.039735684943512935,0.03852335653037552,0.03113778873928709,0.03449792380221788,0.037463127848794645,0.03898632416920708,0.03446067003530588,0.03158886055976745,0.039432612784930446
390,0.000171976,0.03948913223361631,0.03945285206376887,0.03927043702379404,0.03839081516327311,0.033117150478437996,0.03801590732960579,0.037095195209825106,0.039964963284043226,0.03748378774649483,0.03497203353751137,0.03534337369188124,0.03897185495842863,0.038169735964006926,0.01442276345656432,0.024605813287738698,0.03961194515758249
391,0.000143589,0.03852476500656865,0.038752389713507494,0.03753353287174335,0.036243297495811316,0.03134371819045946,0.034544356015510466,0.03435779118880751,0.03855913046086086,0.03471066335613002,0.03370084148585756,0.032984567101206196,0.03734361966555316,0.035006763031458124,0.029608285203266402,0.03908639818557306,0.03725369042427333
392,0.000172832,0.039536369803620366,0.039785268066977485,0.03904216208634033,0.03803047124905545,0.033139982715180635,0.03677302539357823,0.0369615985076523,0.03956327124872315,0.03816555705448571,0.03537780260823198,0.03600032654306967,0.038395994190525015,0.03757461350503108,0.014135802367197775,0.014135802367197775,0.03977201185721013
393,0.00011206,0.0362748438908806,0.037432191681572316,0.03543497660015396,0.03389249920887724,0.028776271577599037,0.03158579583859518,0.0321576050638588,0.035789129341566556,0.03428660592307596,0.03148833844675056,0.030999044284663442,0.03518585885784835,0.03304299102645821,0.039988006493135844,0.03180225254764907,0.03693580819152079
394,0.000201996,0.039811034600535596,0.03998699530209183,0.03985635217073067,0.0393063202635833,0.03456600151619967,0.037070325759894704,0.03557625984042194,0.03939379722849498,0.03642541701207415,0.035147522636419,0.035514902262601775,0.03966000437638345,0.03613596807770809,0.03999720797032226,0.034743707362909965,0.03798735178135917
395,0.000187141,0.03961294401357138,0.039904774595367086,0.038853278022282965,0.037907305279469145,0.03389012253252488,0.03959367707125302,0.03661113743952757,0.039954349971232324,0.03813079214578045,0.03484481605961581,0.0366852435460576,0.03936905062988692,0.037924953682682595,0.024731707383507356,0.022760140652451855,0.03962572465406998
396,0.000235419,0.03999831884393319,0.03972609923586638,0.039869797262068137,0.03936637559808853,0.03598152833019559,0.03853292822503142,0.03901568963533253,0.038183884932443075,0.03984293983744233,0.0361768576158452,0.039010318816870324,0.039375128631557677,0.039877336968405765,-0.00889303501703409,-0.00889303501703409,0.038964811060531214
397,0.000140001,0.037577489659080955,0.03787683511342811,0.03630886190315761,0.03541609794963678,0.03100914976917022,0.03606077174952808,0.03237907255215022,0.037579297378708514,0.03402858479685604,0.03342382687224306,0.03192617519227236,0.03402878884874948,0.03389769197499641,0.03899966888134659,0.03812472731924173,0.03640347901511892
398,0.000415336,0.036402668548513525,0.03504326941908438,0.036429039453347065,0.03720458626975387,0.03961716308502266,0.03979424939902448,0.039013596565636445,0.03999531072423834,0.03963626541986762,0.03962585340825453,0.038401720784875915,0.03997829850499734,0.039320790730569335,0.031096153239967977,0.03604008241645802,0.03993668482355263
399,0.000583975,0.03480765572298493,0.028081971276954665,0.03770521794520732,0.03887991034268737,0.039792166247500205,0.03999276269318726,0.03968140829182534,0.03978313188431139,0.03977897432053357,0.0399991510715302,0.039177356562258694,0.039318885191624665,0.039777850538584875,0.03308865588443985,0.03655422730878374,0.039999767113116334
400,0.000676412,0.034834969782739145,0.024801885624479894,0.038488236127568604,0.03834385815271724,0.03907825263882985,0.03976001131947265,0.03998032225644221,0.038789114401255584,0.039998723834526,0.03998088637935906,0.03964814434120298,0.037688680563554566,0.03999993584678898,0.029749164152363144,0.034459755130758885,0.03974196727151684
401,0.000313396,0.03945061944154213,0.039941937125680366,0.037701984992054766,0.03999994936820771,0.03797279617078037,0.039361960056561195,0.0376187875720251,0.03959742586926666,0.038217763198880636,0.039224128640318885,0.036187512115672435,0.03980354276935173,0.03804876551039128,0.033463774039089844,0.03729836446909131,0.03920484340469301
402,0.000345417,0.039433754737786,0.039998806336765336,0.039844195744740366,0.03977053176665714,0.03840085449802039,0.0393203402354837,0.03931218004062985,0.039991444458659355,0.039934485901418605,0.03869909800804095,0.03849571891282575,0.03999997197287308,0.03969272896091845,-0.0429880408351026,0.009935210302881414,0.039948625752938983
403,0.00024397,0.037497534917336026,0.03834962312372308,0.03776255553545855,0.03745304329334671,0.03588940208317663,0.039935362646358,0.03642910148554718,0.03917036115783236,0.03759042129465199,0.036717016042464246,0.03581710176485353,0.03872643171653582,0.03750936269609591,0.03173669636127921,0.03116227866021158,0.039162250738681285
404,0.000297818,0.03923658970779546,0.03954775324063256,0.03960113077480118,0.03961195857765166,0.03783220128071047,0.039235026429441995,0.0373857285925808,0.03995616953621265,0.038206270890849686,0.0380615907434719,0.03753713054493431,0.039091215954285025,0.03820281610268435,0.039219608048752685,0.032781732926231516,0.0393279145345927
405,0.000336355,0.0398203154802325,0.039784420308633495,0.0398779260514929,0.0397073664697765,0.03876692597312206,0.02840050424787377,0.03907158072978776,0.039744704114750624,0.039618945979208044,0.03894512082886316,0.039358354798020155,0.039219953882607614,0.039536726753700374,0.03792563381231039,0.023918558653626285,0.039998544135157105
406,0.000221642,0.03816282269676003,0.03782238708708037,0.03781454942093074,0.036622340775303824,0.035383728761292685,0.03999630471903435,0.03558542738668364,0.03881476030581064,0.03668435998444244,0.03785072882428211,0.035871388135208876,0.035452148983712614,0.03646987608082871,0.039406869185296206,0.03876830393111659,0.03873802838707148
407,0.000287544,0.039779967390854,0.039502770015975935,0.03986160683176479,0.03937137034582283,0.037556019735641766,0.03973971372439651,0.037313128952084974,0.03952061837118681,0.038558169361624706,0.038766335090567774,0.03692362258449794,0.0377797036149134,0.03765447830576338,0.03993419312964623,0.037900887620360826,0.039242983810195406
408,0.000208814,0.03820604990174184,0.03704175721541699,0.03791679093520012,0.03741308851374288,0.03474887958498668,0.03916351942566369,0.03683969977757823,0.03847286793281812,0.038170435187185534,0.037691097448420155,0.03548274355120151,0.03653301803436576,0.03717831362852462,0.03993947722588421,0.02016524387708929,0.039302368035599056
409,0.000301629,0.03999143888059273,0.03977411583505514,0.03997923290787661,0.03956893386082998,0.03790637119385361,0.038179845568376926,0.039459839170500666,0.0398933502491783,0.039820268512883346,0.03833512599432949,0.03871410988509058,0.03972127199840237,0.039822543989204026,0.024748405313975236,-0.036547177126901836,0.03979235371830488
410,0.000288597,0.03979830846862281,0.038970428376910275,0.039595318736099804,0.03918224650259832,0.03761125095634873,0.03992660401079252,0.03814831230312607,0.03998597813019201,0.038544452801639,0.037871568447831266,0.03693669926616647,0.0396487097886522,0.0390421787280895,0.030320945233851496,0.036258810586647816,0.039787749545543885
411,0.000262771,0.03965056462158204,0.038868697687428705,0.03928365228509412,0.03836384404985492,0.03682026870109107,0.03987430846818684,0.036975941948503274,0.03950087243308419,0.037317034197609955,0.03711152789687688,0.03559923516447083,0.038938218423185636,0.03777499050942355,0.03725228203196676,0.0396510622076105,0.03878013015493843
412,0.000361654,0.03981003629028566,0.03990793482128643,0.0399697584178826,0.039901661473665556,0.039012923094865176,0.039638635654609705,0.03911299031516163,0.03996796307908978,0.03968140327861394,0.039015232490565405,0.03824165449373167,0.03980656200797158,0.03944073104967799,0.03202254536549928,0.0359282093701737,0.03997954648639966
413,0.000413603,0.03859001266822832,0.03975148633127994,0.039963508379262117,0.03989104446215249,0.03957623819157051,0.03970327764326705,0.038278694040889114,0.03936420378926156,0.03911046156639007,0.03993187766035459,0.037096355957121664,0.03973238205538018,0.03854209690959166,0.03976159950310412,0.039513486436563855,0.03962354877162586
414,0.000940484,0.01149471615438541,0.020306579873294178,0.030436701085271314,0.0330171196660143,0.034871933386207754,0.03800065853168705,0.03999413142302885,0.03868896894418842,0.03999530067330835,0.03967448305466227,0.0399389076655243,0.03529248322980161,0.039997306208210015,0.03887622108301194,0.03743332648487385,0.03986683231528348
415,0.00049023,0.03711262077194613,0.03929044047701696,0.039044014960143925,0.03876100610402958,0.03997093023502716,0.03941087037174322,0.038340539330079935,0.03982750700287265,0.038423342847234476,0.039969126076218546,0.03735364483552563,0.03988071959552723,0.03862881874495219,0.03948201569153619,0.039977591520965486,0.039303782827216804
416,0.000217636,0.039371877512614124,0.03831207208611592,0.03521856527910369,0.03419511198165454,0.034790990199309056,0.022420133564211395,0.036413603543208425,0.037884411684053335,0.0388440380594576,0.03645956955030215,0.03347987307061691,0.037522727063435714,0.036967505140103045,0.03751698933300732,0.03997336154013392,0.03898670786552906
417,0.000329995,0.03999210928294814,0.03955496939637767,0.03973743517774994,0.03968365074391555,0.038074717590257795,-0.049151087010504746,0.03969667034003888,0.03958411927038796,0.03998215625806502,0.037906977666724254,0.03830237668660025,0.0398849519761126,0.039829616177083076,0.03938957638462675,0.03100667818465362,0.03994011286141424
418,0.000156465,0.03673853787737813,0.034221637255074364,0.033528722525796084,0.03414573456442042,0.03173988010190657,0.02312157685106822,0.035069813274197004,0.038866148307182616,0.0373170551823036,0.033220261251364944,0.033042400914450105,0.035400087101119596,0.03712989385903653,0.03506130507281867,0.0382189417420097,0.039312092093576875
419,0.000139589,0.03630187245370622,0.03404801051356143,0.034550779128482215,0.034172446396690134,0.03148816426031475,0.03874871249687513,0.035945051604661646,0.03906656430847394,0.03808655375358967,0.032336103106671996,0.0343257606174176,0.033527520953509374,0.03720675577788014,0.03742916792740917,0.03851213222131452,0.039394381364099625
420,0.000137322,0.03575301916910859,0.034181836647637714,0.03572346692583877,0.03497388339110517,0.030964162230138557,0.03623251941529036,0.03514445230634056,0.036496454444738834,0.03825056215898488,0.03275721254888583,0.032814572508997206,0.03148684390039842,0.03627356790170197,0.039063851872368285,0.039178362688199984,0.03905031704466636
421,0.000186608,0.03857690833250894,0.037614845111153816,0.03860582444717522,0.03751529523276011,0.033845422995103853,0.039337221196547506,0.03536525510448604,0.03725527400285722,0.03604096538878203,0.03567563338960979,0.03437100656639056,0.03495091546186699,0.03546869483079458,0.039174041061399545,0.03900764725713643,0.03684933266013041
422,0.000169254,0.036500493282967256,0.034740333400086545,0.03756891620764588,0.03629740288587832,0.03308086495664819,0.03990283035176782,0.036500615346155264,0.03667833891483641,0.03792549503228424,0.0355375801493928,0.03634171185201591,0.03634032899714683,0.03662797518771685,0.03700448076530918,0.03933612348798894,0.037873031093020676
423,0.000172869,0.0373090875071589,0.035940367915983165,0.038199769631599316,0.037855884152888486,0.033128845589232264,0.03992816946812463,0.03734461744283876,0.03652231180842638,0.038582660145126756,0.035597912841017355,0.037636705847164484,0.037992957062903274,0.037573372080497734,0.02227011438251028,0.03899775581781961,0.039162663949094914
424,0.000121672,0.03450381255435014,0.03239661980647998,0.03536509291244944,0.03494172884893615,0.029592006767647408,0.034661974820285935,0.031522661543059875,0.032234546821712014,0.033323281911737404,0.03354430096460691,0.032032799441907844,0.03722680059419564,0.031898609130018615,0.039969046387482464,0.03397349510319063,0.03364218650889788
425,0.000175482,0.037904921531580635,0.03646875877968704,0.03883388410323088,0.03855451020244345,0.03321986505511972,0.03934064679449707,0.036895910028115,0.037346553813895705,0.03931453835002655,0.03369492209346695,0.03713490742521837,0.03999996517867327,0.03730766121150941,0.013241847200874346,0.03929003379317407,0.0389210699400409
426,0.000104693,0.03409071748693499,0.0326244775784477,0.03398613363672753,0.032918910188871386,0.028149496198623242,0.03677329407280246,0.03571540012814682,0.03816073764769752,0.038843526780887,0.03162697109055321,0.03645014380659653,0.03814810353671361,0.037140050484413184,0.03508526732872218,0.03992531961482991,0.039900512498052064
427,0.000168969,0.03851886692686195,0.037740191379701166,0.03888371167296245,0.0381910714547745,0.032928373710405245,0.015840868890085347,0.03797809797018195,0.0336495344468415,0.039584747719305445,0.035086094795864504,0.03784727863722255,0.03961119383621791,0.03910658289185973,0.03402577550239175,0.039981126147128114,0.039988682904607706
428,0.000165929,0.038739378987999326,0.038237578668418454,0.03814916735720221,0.03710686566028401,0.03273961670641275,0.021039011810540686,0.037588825881189995,0.022637598267388287,0.038159194520216544,0.0352917946167124,0.03672911798671773,0.0395694273203335,0.038288439565304144,0.03893414936490493,0.03903264724971324,0.039593879691485805
429,0.000201933,0.037777429311985286,0.03689857213725381,0.03931699582539806,0.038489935594063704,0.034598109526031956,0.014469204750448633,0.03976181150759162,0.003892568252374551,0.03982499278563322,0.036330065855050955,0.03920350422041861,0.03993717523784712,0.03995171182784861,0.03953459047849006,0.039969674031599206,0.03854212598175944
430,0.00020737,0.03838627731887123,0.03775068962310211,0.039122398688846316,0.038790484022510494,0.03485818940223147,0.03946277414473908,0.03919637889880137,0.026689837481833664,0.03917297721938692,0.03662246468414024,0.038418506560048485,0.039348132076900924,0.039302720037035006,0.03952119290915172,0.03923895128029094,0.03984357536683366
431,0.000250589,0.038724384251961216,0.03757997257162318,0.03980508418940523,0.039526919362812746,0.03644183881809173,0.037315110397301614,0.03975093053464785,0.023357122473995767,0.039593362167108584,0.03727138575487854,0.038825886801826075,0.03977581866939839,0.03934844178524118,0.03906208395719631,0.039872119564093735,0.03999697525032845
432,0.000196418,0.03762283013860858,0.036178039608173326,0.03823408112764191,0.03768617010613715,0.034282606703090746,0.03614739884446682,0.03851731617458143,0.005901878292450369,0.039722393015592154,0.036786245351749826,0.03999880488747927,0.03973323448696107,0.039999958654142215,0.007962822338821118,0.03857852849609294,0.036942103491661965
433,0.000179718,0.03685267931963261,0.035768567343947344,0.03813227580681154,0.03780568352031603,0.03340844999654048,0.03382528778229253,0.039959379051255114,0.01179572399241785,0.03911576746637427,0.03578817003825903,0.03994170063824081,0.03961270220982001,0.03930872096287708,0.02719358838077482,0.03980410645956921,0.039941905407752276
434,0.000486124,0.03787043143230619,0.03901479549902686,0.036273342610683754,0.03748484215424973,0.03997960393216658,0.03826865835705422,0.039997697075212724,0.029653354344092747,0.03988161406522338,0.03976259895413321,0.03992841029904274,0.035785680345325976,0.03993545532180649,0.019900037124945785,0.03990228713472585,0.039999987270781814
435,0.000373239,0.03994653617127594,0.03984560571641329,0.03981037988668846,0.039673367303371274,0.03918176152725013,0.03552045712324549,0.039230212946150304,0.03934658068891618,0.03926367306769177,0.03994276839216222,0.03936340907492534,0.03976985357326708,0.038760070120359556,0.03247658083738458,0.038744654577363376,0.03927118324858139
436,0.000388827,0.03965147507877552,0.03998172419815493,0.039999777163149404,0.03992299554385429,0.03937190233984435,0.036746852859378065,0.03957741779437897,0.03945751125518423,0.03967973985054319,0.03938690434653226,0.039918295937352584,0.03994671555473588,0.03909017787115891,0.03375836480484412,0.03968136435704717,0.039512207648300865
437,0.000542156,0.03811839359403503,0.03986231305410593,0.0389159544013729,0.0393581588294695,0.039986624657069,0.03795246002999934,0.03957848338064088,0.03964206491165746,0.0397339060398039,0.0391193142225319,0.03983451391236974,0.03999289850694661,0.03934282905524222,0.03932279978588131,0.03949684250069444,0.03966200904642799
438,0.000438861,0.03919990805108705,0.039999802878939665,0.03991422964147759,0.03972797966713759,0.0397032850922566,0.036229757886001815,0.037996574775250314,0.039945937755964486,0.038603832402377226,0.03958460570404867,0.03798253928210607,0.039804027802032536,0.037572106576223216,0.03906612668077429,0.03804236451289528,0.0382419555491821
439,0.000270584,0.03972642664154959,0.03868374478475978,0.037927031487628715,0.03799352808369571,0.03702367482897211,0.03785168178238038,0.03861176184181675,0.039820603560405544,0.03993651403895765,0.03813330177548252,0.0378145718216509,0.038833283654273146,0.03800932209052445,0.036910807602736156,0.03910429707101345,0.03875749134289404
440,0.000220724,0.03867278487999603,0.03659841505926033,0.03790940725256518,0.03792414205526069,0.03511015262917622,-0.002376850098864486,0.03982820664060569,-0.003165346457924434,0.029938786905511786,0.03503258762110139,0.03946382444411016,0.03822865600237494,0.03903000432201461,0.03527953253933464,0.03764986511901966,0.03815642996376811
441,0.000165943,0.037033391825420495,0.03483537729790254,0.03630200130040301,0.036202013584891155,0.03248849942299998,0.016419556797804324,0.03907486935260562,0.03363567866830225,0.03992805697040613,0.03143944982903295,0.03562338533074713,0.036244978063158434,0.039842073380991314,0.03160349009871413,0.039991469413693456,0.03994123944532397
442,0.000215769,0.038870412437059756,0.03751005631854069,0.03893091182217964,0.03906626733263355,0.035308227395112406,0.038678103341056175,0.03890066043256308,0.03834959581446144,0.03972209435963265,0.03399146164585724,0.038377752716626565,0.038070287448971556,0.028009520385003595,0.037406691137143955,0.03890678343519663,0.03903034619941654
443,0.000167338,0.03715635251169322,0.03491267771448384,0.037093714500396585,0.03674802432662277,0.03293974173484838,0.03841897106071773,0.02135749457938771,0.039600716395448356,0.015961904514661757,0.03312723063460589,0.03943961941290598,0.035216294133182474,0.039426582229132125,0.029725034635275094,0.015961904514661757,0.030011109053116825
444,0.000194047,0.038705854056557534,0.037195178306891966,0.03889257933305236,0.03908241737415871,0.034270561219914696,0.03001976945497746,0.011213510246544184,0.03640723402708501,0.006756469412919047,0.03375047145852987,0.03785283153644578,0.03662550753339769,0.03291061404472742,0.01934547742758501,0.007660208313056471,0.006756469412919047
445,0.000215334,0.039541099194053186,0.03863519105673218,0.039286021949323305,0.03945376146647669,0.035179405388237245,0.03937887844657733,-0.0011088749013078436,0.007658066168108851,0.036109846359896586,0.036471284340104645,0.03462605991729917,0.03939424255914742,-0.0011088749013078436,0.022153138103683592,-0.0011088749013078436,0.03075270955763909
446,0.000182775,0.0388358740049162,0.03732082786306751,0.038166547233796644,0.03798125705262583,0.03361374123919952,0.03875760039845727,0.010739355890272112,0.039999587202461266,0.03070065287229544,0.034074549821811836,0.03173134203845702,0.039997512409353064,0.010739355890272112,0.0144896318532238,0.010739355890272112,0.032664059616531085
447,0.000173158,0.038827053195597275,0.03759041739687147,0.03809249218737132,0.037491361760590175,0.033127517957735095,0.038285158672480016,0.014026282696311954,0.039828875014768304,0.016114805455970965,0.03309308847608366,0.030819267050836416,0.03895872887702616,0.014026282696311954,0.039445670938497136,0.014026282696311954,0.03444492947986595
448,0.000133266,0.03645461567563808,0.0355593652947096,0.03624070097943419,0.03553868097958843,0.030475192459806517,0.03946839826369496,0.02634800323623762,0.03965110283275632,0.02634800323623762,0.029004475288908472,0.029509090551165885,0.02634800323623762,0.02634800323623762,0.039540263888638995,0.03373283581978724,0.03798652041229415
449,0.000183853,0.03912570228317329,0.038696244753198356,0.039014068714531,0.03877632074075239,0.0336943484800281,0.01036435619812695,0.02459227915319369,0.03970625424199762,0.038645713196099156,0.035735924201293026,0.03567525935945162,0.01036435619812695,0.032897063306214516,0.02995863166724698,0.01036435619812695,0.03975662440530233
450,0.000114248,0.03577290281557989,0.03541942721749788,0.03479034175110965,0.03389425272289286,0.02903504174859712,0.03128313580180707,0.034956569243472034,0.037604732903645174,0.03516607757566205,0.02903200919288587,0.032368861109287855,0.03128313580180707,0.03617202892202123,0.039049288419902184,0.03791176621317333,0.03466372488673814
451,0.000117341,0.03653326471534683,0.03660785841653234,0.03621899014786343,0.03521763828471124,0.02930463921757824,0.030531015612258294,0.0391997379247333,0.039949479413210275,0.030531015612258294,0.0345136510456798,0.03588518328139471,0.03995248168067826,0.03999405594039991,0.03717707155893764,0.03867631671654906,0.0397583174185094
452,0.000132974,0.03766227852665753,0.03796106273914708,0.037324829704255866,0.03648748431653092,0.03053525387270814,0.026429042622678534,0.026429042622678534,0.03852673870338253,0.026429042622678534,0.03539954818400891,0.026429042622678534,0.03736471650645927,0.026429042622678534,0.03895696995637084,0.0397338528479143,0.026429042622678534
453,0.000145918,0.03865587962798955,0.03908812910213874,0.03789113653485657,0.03706982802203067,0.03146638349207086,0.03414244985265609,0.03990468836679456,0.038539213871101055,0.03482412834679456,0.03201912676947629,0.03999982816403933,0.03379563788813778,0.039715674969752444,0.039862058435105686,0.03471795380395068,0.037395400682088464
454,0.000323048,0.03850124591092185,0.038515378531873104,0.039278480604517683,0.0397819826727339,0.03845185730594907,0.03292480913116018,0.025668106019215015,0.03987897396106067,0.0393677704108778,0.034384478824501914,0.03991094629686826,0.038483125913757306,0.026477674064282558,0.025939060799839778,0.03945576125567456,0.03975218443261729
455,0.000155555,0.03634996611105496,0.038150656268156294,0.03596271162171951,0.035673625348008414,0.03206624707940897,0.026066300060086756,0.03149813196235612,0.03161723782530015,0.030302090486936717,0.028413295095701875,0.0328051426940139,0.035172521491347336,0.03231906095440609,0.027384985888974367,0.035939759765559576,0.033571288109875946
456,0.000532517,0.03543741221839644,0.030534082123691214,0.03302772283468779,0.035772473981677946,0.039977495172868756,0.03991829568591094,0.039597678150278794,0.03998064459780025,0.0392788319015372,0.03474970610456243,0.02684240326359752,0.02249460223172489,0.039739145922411165,0.037325754245408176,0.0361609591016575,0.03983053029877345
457,0.000657364,0.028812086202177956,0.022528225782222272,0.03816761024515742,0.038684938378405545,0.039328697926831926,0.0390704622807309,0.03898765544474942,0.03903551690551217,0.03831049710486903,0.0392680189610569,0.03850864285417683,0.02831417969864891,0.039243879438750254,0.038871344831957706,0.03841124669757192,0.038461744972033605
458,0.002010998,0.015216232029097332,0.005400844309924491,0.0037315141540861796,0.0067126507264167745,0.001972326891141102,0.03936839334841151,0.03843715179661125,0.03980701271124792,0.03733069055087769,0.03918078423831452,0.03917320437418595,0.02378101478343375,0.03784165546365015,0.039375657219237525,0.038353017678659757,0.037522408083145165
459,0.004648462,-0.009864366093674748,-0.01785030753756056,0.0030441888430172703,0.013439876645861382,-0.11291459966083917,0.025539308865566324,0.038894430000004004,0.03462073131367999,0.038399932756054314,0.03805270338343907,0.03873352949429516,0.006035644743929702,0.03899708701056952,0.034424855924821154,0.03987663324110158,0.03909221845222622
460,0.0012518,0.03925819198090692,0.03935383346089001,0.03631926451119762,0.036850483018396496,0.031251417021947725,0.038477581392389174,0.034768788278606994,0.036421288905795976,0.035664773459280034,-0.028979356953952123,0.034118477738204,0.03979253553061613,0.0345080479748299,0.03702928361377064,0.03615654853197951,0.03524702145541192
461,0.005771477,-0.0281660254277801,-0.015098684821940017,-0.016866927108768748,-0.03207872882639798,-0.09678083665746656,0.022447157694408276,0.037056723759710336,0.02866948024133731,0.03597951277630128,0.03791799634713736,0.03731589896461025,0.018606654450799204,0.03819838552038749,0.034176059917625526,0.033121938166603526,0.038302542360498924
462,0.001422028,0.03996036459619417,0.03991789852413413,0.034937586924125755,0.036044611230214255,0.038842017276296714,0.03983244658100037,0.03596635459999198,0.0394527391011555,0.034401136681210975,0.03711861425254592,0.036614459401263164,0.03973497367624778,0.0350462838305858,0.035825509060472036,0.036419304594815155,0.03461747838649363
463,0.000877727,0.037752866722021564,0.03792199694059978,0.037154438804443315,0.039112971045020054,0.039993036112069336,0.0399404110594296,0.03985554395747539,0.03702261279035503,-0.1001046430880965,0.039268223076852765,0.03968326447960967,0.03682635173203515,0.03958379897681589,0.03248520926673444,0.0381289216344728,0.03957889701871336
464,0.000428184,0.03233209483674654,0.03264069316682559,0.03236881372248069,0.036035374892966154,0.03898550276715012,0.03802745901113978,0.034759675221958546,0.038200829305244266,0.03624015485721174,0.033667792033051355,0.039273018308625236,0.030606823699458666,0.036944816551534775,0.03856118688553288,0.0389521792041173,0.039538634722524696
465,0.000324777,0.03086503863862626,0.030998901586724133,0.03312366439904149,0.03604454918626887,0.036902078049914605,0.031193336795964213,0.039653912946987856,0.03392305389853599,0.038318915398302775,0.03316875646643679,0.03999136538722515,0.02705787596200962,0.03738901936327728,0.03904403646588637,0.031986949962010236,0.03950364628982027
466,0.000453408,0.0353305512574993,0.03553622287090101,0.037015848969483525,0.03933447415673799,0.03395753437962393,0.03481953981722733,0.038161890047903095,0.038973012616376444,0.03969872688555254,0.03587465462358992,-0.10778106894880596,0.03221058312333453,0.009870137900048759,0.027235193144118083,0.001906782833453552,0.03908786652276391
467,0.000273084,0.031467919713306466,0.031732584273675854,0.03508921439240692,0.03513061827409994,0.037619967925201434,0.031093669133768806,0.03696005924091708,-0.024290616744747834,0.031803140586288386,0.03789115609152905,0.03935483124635317,0.026307071845248126,0.03888104198495988,0.036163569747087364,0.031002005784611444,0.033796223937929484
468,0.000389136,0.03520088695534505,0.035657601342338544,0.03933051274917081,0.038870296918441315,0.039527176718714994,0.03468803487673749,0.03947292507709332,0.02816450077127819,0.03825946705127721,0.037025087071466026,0.039083256007742845,0.032199558017013234,0.03912803288401742,0.03994025604710401,0.03764919310031869,0.03703053350645904
469,0.000283338,0.03299472193839642,0.03269831207278351,0.036967613743901825,0.03563367471906494,0.037373233870470285,0.03194264014408183,0.03920655038410452,0.039988993965239715,0.020135442174043977,0.03990699735964762,0.0362249696747774,0.03116616598318393,0.03997379442839546,-0.028640193727442614,0.03040972432943076,0.039977398997732075
470,0.001249497,0.03675819271786612,0.03711566233488413,0.025615508507426873,0.030490383616120456,0.027383254436457782,0.039365966614151114,0.039690749003089894,0.031610382362525946,0.039665524482647145,0.039489228976117785,0.038218171394458704,0.03981978354629941,0.03996275459618742,0.03789219068037108,0.035179882934711096,0.03980813087223197
471,0.000320673,0.03559284023071978,0.03454572465553847,0.0329461990115526,0.033841230834518427,0.038270985879065494,0.031614496308734974,0.03373299145274231,0.03579644499702437,0.035103409604990726,0.03883703085792067,0.03209440796497575,0.0309031450254083,0.0353614955438014,0.03989860747254842,0.031137415073668108,0.03351920351944626
472,0.000326324,0.03669076798309087,0.03581412131891376,0.03783482067211361,0.036906657442932325,0.038134513930409175,0.034509048568078265,-0.0068066780692259965,0.039782394513020486,0.039813415971281775,0.03239277017795785,0.03629377771032952,0.03156046108256164,-0.047498126682482655,0.03816941059679078,0.03951570712764081,-0.047498126682482655
473,0.00039208,0.03877614044492322,0.038215270218082804,0.038925138078734406,0.03832448659766233,0.039020244276075304,0.03998301199594562,0.036625899113126026,0.0063831126619625644,0.039998352170802394,0.036333001334279635,0.039678208245596876,0.03478069352733834,0.03957640370419336,0.039290738899854766,0.021185127249425215,0.03943311934966574
474,0.000377936,0.03868041591451694,0.03747678437440358,0.03839449321009311,0.03782430660299263,0.03901423011567902,0.03882648944898239,0.03891645112154814,0.03313051019430778,0.03992139656295104,0.03643717504206652,0.039592885814798716,0.034495931709202496,0.03973522533843004,0.036110491876617044,0.03967367360105901,0.03931818470147185
475,0.000834544,0.03868522572358422,0.03993641796242518,0.038592220457296295,0.03926622378010046,0.03559576595345755,0.01692966849435841,0.03642372101642746,0.019473168862803605,0.03672870505656825,0.03958347763467888,0.03741755402875793,0.03995813049096041,0.03534762669327873,0.03963344750712917,0.037845454459313484,0.039168514603047065
476,0.000699156,0.03994784977705073,0.03946494695067338,0.03991177820068597,0.03945017760771792,0.03894258953827396,-0.016820950918445238,0.035393811361861996,0.018975200429912895,0.03632414986491628,0.039808056234247435,0.03444060048186183,0.0398049856780263,0.029833242052919387,0.03955516895491937,0.025540843993506784,0.037157134942882586
