Model 1,Model 2,Model 3,Model 4,Model 5,Model 6,Model 7,Model 8,Model 9,Model 10,Model 11,Model 12,Model 13,Model 14,Model 15,Model 16
0.007650953503778417,0.009482326209053232,0.01136721192850508,0.00922113100083169,0.00963453302452746,0.007344788271504699,0.007344788271504699,0.007344788271504699,0.007344788271504699,0.007344788271504699,0.007344788271504699,0.007344788271504699,0.007344788271504699,0.007344788271504699,0.007344788271504699,0.007344788271504699
0.0002677219284659277,0.0009326888739799727,0.0026579055467957774,0.0011598850492434698,0.0013167825280162235,0.00015085235285692417,0.00015085235285692417,0.00015085235285692417,0.00015085235285692417,0.0009624454199024385,0.0002624485733319498,0.00015085235285692417,0.00015085235285692417,0.0001626356801723572,0.00015085235285692417,0.00015085235285692417
0.0004947276488032198,1.833992262002121e-05,0.0005013178203378613,2.5158806197266015e-05,4.535211255253524e-05,0.0002208678836771033,0.00017794772664708747,0.0013263805642132684,1.709734281235553e-08,0.0005825388851651014,0.0008368575021366759,0.0013683167279783873,0.0001666215238371807,0.0009705439125473475,4.690627209409659e-05,5.469102934245462e-06
0.0003800062279581823,0.0009571137805244392,0.0028866220112242283,0.0006768173551520984,0.0016627186497534946,0.0029740009772340967,0.003019719232705706,0.0002350726919360807,0.0019287716992771736,0.00048286924282519433,0.004701015903154429,0.00017041259204203518,0.0009741022043291553,0.004375315009889094,0.0007916531309989927,0.002286615290910919
7.220733963264614e-05,0.00033196988098243424,0.0013207932769312286,0.00019942644179046093,0.0009138064071955582,2.255291929589842e-05,9.049529258314815e-06,0.003167304468933818,0.000474090341246243,0.0016293207936330725,0.0009435308757182737,6.896942446061455e-05,0.004305503359123927,0.00048303531733714933,0.0037759375270870615,0.00012073072425194953
0.0010862382127858339,0.0013904483744891158,0.0037614729948091397,0.002460994782377164,0.0033675196891232717,6.474542917183496e-05,0.00031985568602527215,0.0029976939087847376,3.355772800052448e-05,0.0033543778004004737,0.002585503173319764,0.0010366769571641815,0.0017612747172840726,0.0017254673452845454,0.0008060696922001995,6.713901304192943e-05
0.0015044174724504894,0.001274070189116551,0.0039111449968110695,0.0017268306659922739,0.0032086463346558125,0.0007884369115608858,0.0018212070862133958,0.0006925900834729298,0.0015511795276840698,0.002159915521077152,0.0038655063529867764,0.0012890657391533555,1.9357036586925558e-05,0.002957995509332581,0.0003711887624303842,0.0012393515575549324
0.00011509767233509882,0.00011097437952421046,0.001392407367350565,0.0002271999264338992,0.0012342335845763192,1.72461250704109e-05,0.00014708579964651386,0.0034694738578386897,1.5845918525381197e-06,0.0019766760922295123,0.001732862551137082,2.1483704552155425e-06,0.0003206428376429163,0.0010191229503569432,5.638792602111198e-06,8.163136184852204e-05
0.0015646384992860363,0.0011525709572683812,0.003858608728768427,0.0018429279173237112,0.0031911282724443185,0.001566906255121625,0.002297015424412893,3.728630510275305e-05,0.0011435636008541583,0.0029547950077126184,0.005089808908154504,0.0004896034423711032,0.0002706289036746787,0.0035641397417969234,0.0012592103067863222,0.0016969152035345297
0.007768226956690438,0.010336022294666056,0.002457514451793791,0.007114870804876383,0.003360776003324545,0.0031076777334936995,0.001823062527295631,0.012655182597310494,0.002769441489545249,2.0409897042460157e-05,0.00010623508859974179,0.010886427933235993,0.006234845448043591,0.0006135096649524663,0.00389050224102587,0.0024608710635833225
0.0005205948092247142,0.00012712918336473672,0.001576705671737233,0.0005821779949586464,0.0015106195472338463,0.0005739765936115596,0.001419678919410347,1.4604230588945166e-05,0.0011945258795392627,0.0018654425848378398,0.0041381190372050194,3.622547855734737e-06,0.0002190028207714051,0.0030291994132002897,0.0006639061226096504,0.0011463379838751453
0.0013256341517192821,0.0013359542653129108,0.0016327803830051418,0.000640675973358977,0.001566098040013307,0.0032997869761857423,8.604280172047618e-06,0.0034297926059092265,0.0002902318758721614,0.0012319615289830832,0.0021454334203601655,0.0004379013992218267,0.0059072351398778145,0.0005403955303457941,0.0004918028226228513,0.0004047170123567187
0.0013845549670815083,0.0019186706348220742,0.0019536938968386167,0.001065568549883246,0.0022302166335810697,0.0018972517105719164,7.759588351807095e-05,0.0030476509876780633,0.0009870878554550239,0.002200783323403746,0.0011332737786205332,8.536175852615763e-05,0.004374321587790678,0.0005317972211670366,0.00022588221655374385,0.00016892642751080433
0.0027056239349912276,0.0029216284241323567,0.004187434747800464,0.0038922094880130056,0.003700173957442182,0.000952493766476728,0.0022270642099062044,4.3730923654568266e-05,0.00116865917213832,0.0026909538822992296,0.0035648619232768394,8.73936828160865e-05,0.0003406193797160853,0.0034417775510340795,0.0014167245793765826,0.0014988803139339285
0.0008144062218639614,0.0010576457321245514,0.0024891294937379183,0.0024134297922134007,0.0019476458989467482,6.1233034129304365e-09,0.0003650025522179204,0.0033659213822873624,9.906510819204101e-05,0.0013532834612823147,0.0012050196879039438,0.0010715462863065336,0.0005588303890947804,0.0008429714646954259,0.00021542086579313252,2.4264172408146323e-05
0.002858951257732195,0.0030133416538227348,0.005719025032273978,0.00523485051600206,0.005004023825155232,0.0007719068300102647,0.0013133463689209701,0.0010675863153443432,0.0006823118524870719,0.004905466326458267,0.0040174626580699035,7.95991739168389e-05,5.889211423110163e-07,0.002572691700310714,0.0005701149616738899,0.000351206143872948
0.0018556410417612246,0.001752265621614374,0.004696667320764382,0.004227136764284198,0.0037512597755583674,0.0012520927207326643,0.001966716899134663,0.0011555139344747514,0.0012849293982319238,0.004631393241561907,0.004148306039548549,0.00019265230554472296,2.9749333198825223e-06,0.002789210033252304,0.00012359070036446068,0.0006054866279233129
0.0011633389316121207,0.0006009315515221533,0.0016019466846213526,0.0006903373962845738,0.0016352829271781277,0.0010497656795942778,0.0010315214642114268,0.0007486858990050013,0.0005172500375006314,0.00212912676999584,0.0033065165117722936,1.2859452911496982e-05,3.724123778107297e-05,0.002456351291494234,0.00017126683488227074,0.0003434836762155752
0.0013766633939546746,0.0006252100988726056,0.0022838066321592687,0.0011035963106634933,0.002306036605850499,0.0011051145631350706,0.0016051346383341158,0.0003404303559032956,0.0009207805666167357,0.002275891306423486,0.003988673812059355,0.00010399581104803685,2.8344860500247038e-05,0.003345587210875259,0.00022372666207891995,0.0006627570292713353
0.0015742376381168433,0.0009136744368619595,0.00274179041839092,0.0015877316811144793,0.002910983095570238,0.0008681364649474888,0.001753453580575999,0.00020709009019354713,0.0012771032797086954,0.003034378736314347,0.003632487023668557,0.0006430734044297892,8.311987639494922e-05,0.0037561402584074255,0.00022351345148104856,0.0010773113831460679
0.0006507136095108279,0.00019563783886654418,0.001695577362228043,0.0008813791154281825,0.0019446369905698827,0.0007446704414000999,0.0015034717021684962,0.00019119321887331453,0.0011358118419086752,0.0027830943385663,0.003269825385066011,4.50946150669998e-05,0.00025649171590507586,0.0033839693198344234,0.0001642400749040443,0.001042474482343278
0.00045721105942959916,0.0014894157836816205,1.2218381502275555e-05,0.00016773640536603407,3.968118139185961e-05,3.255163935875216e-05,0.00011159330597113742,0.0028812309534621827,1.7695714672784357e-05,0.0005282446042079933,0.0010512936463839134,0.003202526152280366,0.00037046091852670215,0.0007767136250297207,0.002184320648101465,8.371533111867224e-07
0.0006298250368172997,0.0021639008307039118,1.4383439816967325e-07,0.0002715614202937061,1.70151592136375e-05,0.00024339431567728387,5.755714057927019e-06,0.004682939033816946,1.1562124550890118e-05,0.0010824897065300973,0.0007871895823998026,0.00324020667826945,0.000790147095000443,0.0004676562345927865,0.0032042079610353214,1.826184848678636e-05
0.0012383303346161917,0.00025979197193841397,0.003423400913250177,0.002149963510140983,0.003729741307436002,0.0015093572307040282,0.0026348564840696642,2.1041148441432178e-05,0.0021334701819397464,0.0030464340579777482,0.005324177554162729,0.00037844232057689803,0.0007502809303557151,0.004605122180887336,3.835533974868438e-05,0.0021958601239301864
0.0020938390663227807,0.0016335628831397747,0.0027577104315268802,0.002332633442352336,0.0030063070471499503,0.0013917398660412278,0.0021791954364627428,5.4334785722177925e-05,0.0015700002646527877,0.0031792850634050074,0.004473434198402362,1.6799703362685436e-05,0.0005010115257792699,0.0038354134584624444,3.233538777945577e-05,0.0015489089339004586
0.0008375653188122667,0.0002996475972828344,0.0012297468528866054,0.0007931561086858968,0.0013214560980780304,0.00040809746743925707,0.0009551732593604326,0.0007306055814869927,0.0005520924582725836,0.0016934364029597276,0.0025451440073737744,0.0005940500999378137,2.4590712334737752e-05,0.0020442496657604586,1.0185840635425214e-05,0.00048734353279109716
0.0003685665103408328,2.9608360370282638e-05,0.0010985661128206578,0.00022759047669441285,0.0010036709302539137,0.0001039604160490426,0.00010080601588572519,0.003858101204444242,2.0772263462143226e-05,0.0011840446464900234,0.0013729478758591762,0.0011245423779852118,0.0007628000487422196,0.0007707080277388478,0.0004940174156898916,5.403650134988558e-07
0.0005605872717510257,0.00012556087719941406,0.0018165554399552641,0.0006463520008733667,0.0016742938127695534,0.0009336592876584837,2.523295642794382e-05,0.00614016242640926,8.658072865871946e-05,0.0016679987624235032,0.0012096840988339158,0.0010501467615122023,0.0030377413131180697,0.0004280333804057429,0.0013646575800256855,0.0003511319019714812
0.0003241842323819105,1.5044078236978176e-06,0.0018411057035915973,0.0007192506420842099,0.0016629728072213856,8.489777440043311e-06,0.0001673187082131128,0.004220199630742896,5.125024690023905e-05,0.0013821520634028361,0.0020558340306695913,0.0009845930408790768,0.0006799466854635616,0.0010283596952533405,0.0002976562343272385,5.882800065137861e-08
2.4070714378689184e-05,0.0007646962034315793,0.00039281576994154577,4.88136973660902e-05,0.00037912725924408447,6.376772577702111e-05,1.1692193342911772e-05,0.005424727716954958,2.464311917427242e-05,0.0008553441887941132,0.0011058827794737658,0.002381531260910043,0.0010129898425180126,0.0004022688014912179,0.0006314700445645138,4.632681266324157e-05
0.00015560963586159354,1.3157810136298076e-05,0.0008664812199518507,0.00025231968016194845,0.0010131872074757228,4.46047307911257e-05,5.589225231736328e-07,0.005517659316942425,0.00026728003621449836,0.001045012688012159,0.00130762318316726,0.0010125159712212062,0.0016750234310254214,0.0004139246376337613,0.0008883578353856558,0.0001902724401390693
0.00026263693368840796,1.6510177186686292e-05,0.0016609741665949418,0.000716847100102419,0.0017186968995898944,3.625722157743483e-06,3.570625092511048e-05,0.003770462764965621,0.00012967245892690077,0.001375648625178208,0.0018198923722014468,0.000448001136022641,0.0017458172746322928,0.0006218388542302208,0.0008108007445396387,0.000249806856050791
0.0014368167603874202,0.0012441030278741508,0.0036623198747458563,0.002395228723715649,0.0036251434788533987,0.0018498402792232332,0.002040492105511979,6.125310273136231e-05,0.0014028389640983185,0.0036300007872344733,0.004932988613169584,4.127124616502831e-05,0.0002942162010113672,0.0033120206358422943,0.00023802525340384934,0.0010218308275847243
6.274048877802363e-05,0.00017836294341304348,0.0011071145242168706,0.0006065447122544573,0.001026146296720029,5.647886798104684e-05,0.00012477621850999487,0.004329952697179909,3.2315196087297215e-05,0.0012060947062476762,0.002051133382295553,0.0021639729643908867,0.0006912117463525116,0.0006321706534440086,0.0011484750847885541,4.099896602501041e-06
0.0012601805443368114,0.0022752030048434277,0.0025470809702038966,0.0018883079634774563,0.002475068834872071,1.1929677349441226e-05,5.770422927200286e-05,0.004000625272133518,2.2963230338214624e-05,0.00256796022372352,0.0027272722843611555,0.0017273504259239444,0.002435574531276005,0.0005038852115348616,0.0026686366531434302,7.528574819552769e-05
0.001622111798782279,0.0024708262171575235,0.003403474519846496,0.002287006167533287,0.003294908287134579,0.0004439554426141218,0.00045666898872465805,0.002320992655494347,0.0005777585822158565,0.0030038147514676733,0.004017343785445507,0.0006613289864178182,0.0004078199143154604,0.0013849016553957733,0.0004628570236493712,6.267056266788529e-05
1.121740869693133e-05,2.68199855406534e-05,0.0004073292424423558,5.6564716696023976e-05,0.00038820616603475744,2.9986595952810613e-05,6.26548421160042e-05,0.006739882343633277,5.793640808084838e-05,0.0005344997629007295,0.0011442495383819085,0.006227942538482564,0.0018537463813230667,0.00012811630355959863,0.0018177456115678198,0.0004812117500138796
2.013411357638245e-05,0.00022446777652393446,0.0008478673507060358,0.00027015334487590775,0.0008793843467552256,6.174636208271245e-06,7.492576713230559e-08,0.005624753884676273,0.00014421704889665266,0.000971902916023698,0.0016139571119656373,0.005116357306447203,0.0019997570935071235,0.0003370817572532908,0.0008923769023472666,0.0004958517932297929
0.0007334799552395077,0.0001442507471489246,8.629581036638523e-06,9.280808355337927e-05,2.433458655413251e-05,0.0010341103763939971,0.0012079082848635986,0.018227606929935927,0.003177765150351841,0.00046590910617584635,0.00016862287763416695,0.010437508445125407,0.010045987240537707,0.0002020659103317904,0.004765753043530607,0.004633843378735597
0.0004509069611939795,0.0014747678522427227,0.0018847767614304095,0.0012804900678885026,0.0021350452636922645,0.0008219493408504405,0.00041017014614565944,0.003339519416904524,5.30833925764182e-05,0.001983609605918299,0.0031554150884325685,0.0010061048036809767,0.00017172928694430406,0.0014871771925835942,0.00017114929597925738,1.251358587958662e-05
0.0010743591818588027,0.002035206361742578,0.0037409144859564952,0.003137505167873686,0.0037754179096963977,0.0018779169669468354,0.0010376088605011102,0.00171693104551459,0.0003398289997859072,0.0031096883985556323,0.004753429587847427,0.0010414352067323052,9.529807720088518e-05,0.002383646558073556,0.001004286782973332,0.0002816800204400033
0.001324612264985002,0.0019020652219613812,0.004188056129651979,0.0030446861866508454,0.0043126477249911185,0.0009024407187015332,4.291482708183858e-05,0.0013452429052265846,0.00010265023691498343,0.003457392140958644,0.00361165051091622,0.0013452429052265846,0.0013452429052265846,0.0011884726687052122,0.0013452429052265846,4.8183837717270805e-05
0.0020030062793269313,0.0025325313987707987,0.005996364801699683,0.004299772482311476,0.005818755539394191,0.001815073224962785,0.000649154985525334,0.0003411881429814939,0.00033563605601322904,0.005055210938453111,0.005174279393815609,0.0003411881429814939,0.0003411881429814939,0.002734079868535709,0.0003411881429814939,0.00014818339911772116
0.0014096580684309218,0.00144899776404743,0.004916776300103946,0.0034709284142564745,0.004577243209300572,0.0015537571148166729,0.0009815075811358681,0.0010361371829771607,0.001156905471464964,0.003699478108006707,0.00465268896201014,0.0007224408786747558,0.0003647532665735434,0.0030557265602870892,0.0010361371829771607,0.0003318837448080883
0.008551165090702043,0.008272805954540427,0.01298141279469216,0.011361812536542316,0.012868320380112132,0.009903235468373347,0.00919798025909838,0.0025245666035362407,0.009585728238596894,0.010509577612902658,0.013676321470907277,0.003280509528612696,0.005492740951662016,0.012462574622294387,0.0033811568546110726,0.007910754148038955
0.0022755126559339256,0.004066252086949912,0.0001978294965716762,0.0010881518722761566,0.00018280134668122172,0.001028957814808773,0.0011078783482425317,0.019326443295614615,0.0010627348174526915,0.0002702156136307268,3.304233685064856e-05,0.013544532952576127,0.006316466846217214,1.5031819323156614e-05,0.009561462754120634,0.0021651359490928793
0.001770226681517953,0.0004427534953229881,0.0019401832049432133,0.0011647575787544079,0.0024061956131962714,0.002178069649351466,0.0019203792164436684,0.00021158609951921897,0.001749748424591066,0.0033766907602955643,0.0045873729620379,4.252080077972453e-05,0.00045090969948810566,0.004097610572145076,4.594822693104739e-06,0.0014997673704831571
0.002417757834040163,0.0007345275128502887,0.0028062682435872482,0.0013288484224610875,0.003493483376266253,0.0022481821427657173,0.0018150996647295081,0.00012459168379628377,0.001261403804277278,0.004051017039675545,0.005064267333399083,2.9648399846315954e-09,0.00010516360355886101,0.004551756989095684,0.0004850969768966998,0.0012648865710975302
0.0019124165021809567,0.00040325965796218083,0.0026943782504078445,0.0017337779218990212,0.0036807722110227536,0.00011674554182711933,4.948239410202532e-05,0.005956419051064241,0.0014994489932795008,0.0038708263239965457,0.0018557052135803748,0.0003768295495853585,0.008924329458169442,0.0020165351129798614,0.013026344093188619,0.00022539509446367623
0.0024141485575116667,0.0006518669733468485,0.00431640030361731,0.004667356183520169,0.004870916025372707,0.00010616501187898225,6.6095775467373e-07,0.009376001841243403,0.002203463311199347,0.004465613312691616,0.002294981568160964,0.00023238483086844564,0.009376001841243403,0.0023146176857095357,0.009376001841243403,0.0004697880793241502
0.004066280829270227,0.0023924968050101983,0.006574035924430399,0.006514551303267543,0.0070547548094766,0.0014361863069583675,0.0010507571196211457,0.0018036857237956616,0.0003398633421080599,0.006823609209597896,0.004302917421497007,4.025227797082448e-05,0.002890114772955296,0.004862117878060165,2.9951697042174263e-05,0.00045910841945678155
0.00020361208229387195,9.417773336849178e-05,0.0017845675495241006,0.001836068807159294,0.002120930991301534,1.2094077297464256e-05,0.0002695563742689047,0.0100318300916932,0.001116495010962698,0.0032270909326565234,0.0007110862287264888,0.011059001027974968,0.006280368171910411,0.0012525914354764023,0.000595023190358375,0.0006658765856866963
0.005555370731385553,0.0031030752832730962,0.009711529078593871,0.009618578750277697,0.009697698560541534,0.0033634530106758376,0.0030552668406392675,1.6501294155882307e-06,0.0015467122526664767,0.009844473439067608,0.006539138843577708,1.1699981586892061e-05,0.0007893876378982159,0.007529347603439922,0.0028205337434963826,0.0018503940431486357
0.0009691134433334192,1.6995993054602643e-06,0.0026668524177103636,0.0014661304366371392,0.0032967091509177385,1.2784916584712702e-06,0.0002697352726919039,0.006340981834239687,0.00324863874681848,0.0042768920460864585,0.0007981183511391599,0.0018890909938103773,0.013674307156505625,0.0016211462397832804,0.0010063072003455506,0.0008624138248487997
0.0010628671298925363,8.302320106326477e-05,0.0028502167739010847,0.0016318929433270166,0.00370661488726734,2.3657634622982482e-05,3.369131568840139e-05,0.004625140600005517,0.00218899788211082,0.004221419556564021,0.001171373419733182,0.000328156166680485,0.0108636389005725,0.002369015137253891,0.0025848020874986305,0.0003446816973594405
0.0002829367340228123,0.00026541856373021866,0.0010446598094576431,0.0006789859293433037,0.0015957759114203843,0.00025576962467043635,6.957186575663743e-05,0.008842933052258486,0.001765960621988083,0.0018252077596179334,0.0006708813958342108,0.0009848676488247096,0.01195349799802703,0.0012169863619243548,0.006113581476728608,0.0007294847211792438
0.0003391093646023316,0.003901093758268387,9.399888243437349e-06,1.3944907516633132e-06,0.00020671065750233614,0.0008851011302225889,0.0004015285031880797,0.00942863938782365,0.0017503936050663887,0.0012985657973420411,0.00012466976905309984,0.0031867993056919897,0.007411595991568959,0.00037818020304236644,0.005295932133814504,0.00080302463817402
0.0001608098675088196,0.003484293992600737,0.00018005671971362686,0.00017314478475595474,0.0005649438812123375,1.4598259520742785e-05,6.659056189731172e-05,0.002327994485627795,0.00014417459841997715,0.0010801481526195728,0.0010419909125054805,0.002839149013261627,0.0010165843945141792,0.001457044506948238,0.0009026719567500618,1.1068787380226486e-05
0.00017660499820189995,0.003245832877303914,0.000386015490635154,0.00031331926173149005,0.0007966855387074451,2.2881201079232028e-05,7.635175610573586e-05,0.0019983143906708925,0.00022833857054112283,0.0021862771684659638,0.0009044248753930229,0.004333358920972821,0.001699025549156838,0.0013346154122314616,0.0008010440125973475,9.871473998751545e-06
4.323121103426419e-06,0.0006218378304925221,0.0005664833942199271,0.0003490196200773704,0.0011042378348188192,3.294378797219499e-05,7.665281387708722e-06,0.005086791530799148,0.001346716129435252,0.001435707591377386,0.0004341339640186251,0.003562854296860679,0.003890831317750504,0.0008495143619828976,0.0025371519520248353,6.611391689539253e-05
0.00010310675281192949,0.00023878474122802917,0.0021212434681009973,0.0015541841372261889,0.0025009400487440436,0.0004249798561809723,0.0008069110232854643,0.0026935890702200344,2.309111983250789e-05,0.001853385109283276,0.0019692653652398154,0.00046877836242079085,0.00045404338180566467,0.002197354077623309,0.00028755132264698946,0.00041987260016240757
0.0006939416596530856,0.003768176781605015,0.0005228259993904291,0.00017944589044605747,0.0006513520035108383,0.0005232130207691171,0.0007743318547157041,0.0024446501794199785,0.00010788447500010429,0.0010092321396603515,0.001683011299151868,0.002236169448285197,2.013678379771122e-06,0.0015114565552883374,8.9077224981568e-05,0.0004570677314726518
0.0015719105328001262,0.005101666347905168,0.00034712090614288926,2.794914356770567e-05,0.0003549284513838444,0.000933398589027086,0.0012055337847363817,0.0013317828522615774,0.0003472996265363251,0.0009740454223686745,0.0022763666568790253,0.002526723788071006,0.00015058694573175796,0.0017201415511730808,4.561328632687184e-05,0.0008835714049453408
0.0013105196758424614,0.005099915582344794,0.0006014006605093991,0.00012251131644986507,0.0005526565690086582,0.0004463944223397284,0.0008399271236860309,0.0028221558125318402,0.0001240441753085214,0.0005848489042978369,0.002252830326133416,0.0014960721095347643,4.07584950276596e-07,0.0012489245872792307,6.141651282071114e-05,0.0006585451169502446
0.00019373623673822615,0.005360741471862218,8.142560116855546e-05,3.178889693700171e-07,0.0001022797226782543,0.0009160838126181306,0.00018456497120353244,0.017541199322385542,0.0017263066890551432,0.00019710290603513342,0.0003750374212412866,0.0029405399138883598,0.003642772993031146,1.2659263610298455e-07,0.0008181830895569384,0.00017617792062867704
3.0105453962397943e-07,0.0009498141773405175,0.00027324502526020894,3.780436756740252e-05,0.0003050757386387909,0.0009330558262164099,2.6992217133911534e-05,0.011308730838995737,0.0010535480943923217,9.010946360465955e-07,0.0007464610167910099,0.0011887079516835278,0.0026424437379687082,0.0001224255539572991,0.0003427414537373122,1.091235077577829e-05
0.0008825008710850041,0.0027327625259813415,3.8813251968368434e-05,0.00025501385918400704,3.734677275438192e-05,0.0006248799929179927,8.884046951151969e-07,0.004557495902873021,0.00032301667026009284,4.33922485500865e-05,0.0006743085972027024,0.0016364113533134245,0.0008294969303444741,0.0002738251282411591,0.00035387231712324246,2.9198059802011678e-05
0.006042707285918769,0.007082227975326066,0.0035323529163680534,0.005054177004152949,0.0035977844661188585,0.0019394702119781906,0.0003946431412076082,0.006315958028116242,0.0014285836775333183,0.0010495493711591142,2.249592989334026e-05,0.006590632719964767,0.001638421343706474,1.243421440917658e-05,0.002647823297902835,0.00017618126491160402
0.004483717384891894,0.005714277794573258,0.001257309795759276,0.002720026914378698,0.0015969118622551348,4.02068722777163e-05,0.00018051099835349194,0.001074557706207735,3.2072664180940458e-06,0.0004388566208359257,0.0012405598964094905,0.002946458310964545,1.3076106719016323e-05,0.0005886147542833869,0.0004742434541029558,0.00028124371531434295
0.005983899071384274,0.006453123808263614,0.016869902735391296,0.02291829526385626,0.018618852872800837,0.008923153245272902,0.003883250213360473,0.015294204098363393,0.0060005676364487115,0.0016680178253906802,0.000739349990854149,0.02482746319715806,0.0072344909795265255,0.0021350418464726253,0.011290490577020862,0.003181944499338993
0.0033953413060376567,0.0041049838763400764,0.0015176600708686622,0.0010839531700062646,0.0013116218699137719,0.0008647324313589208,0.003057829774468196,0.00030986792893727966,0.002335392894557989,4.195210278443162e-05,0.005580550349953639,0.00038002509777260857,0.0016241412672509115,0.004278698307081746,0.0014897193618066545,0.0035541384232618684
0.0006649227799039731,0.0009381674328960837,0.0005435835791983284,3.5143198893611283e-06,0.00023362114157284702,0.0018404008437163596,1.9116091575122063e-05,0.004458634970727127,0.0003152650299715551,1.8299554762513104e-05,0.0007296368354393346,0.00035970414458032923,0.0013034461094050404,0.0001580565540480819,0.00024103493369272144,2.4415915381083286e-05
0.0019284499655465859,0.001391985319145167,0.0015698883083122145,7.436327075329568e-05,0.0010529931323743635,0.0007842158210628336,0.0001507710389011263,0.00845621674527329,0.003829983173211274,4.8066476872582475e-05,1.6469508052549542e-06,0.0005355447968727542,0.002529474925709846,3.9490938316677493e-07,0.0006363967899773448,4.1453403129193545e-05
0.0018086356773546614,0.0015069188012039325,0.0032571974363010334,0.003810355271881477,0.0016033264100091121,0.00040567375806959544,0.0008179330552377725,0.0028940845827240824,1.099155625371162e-06,1.1484436355235772e-06,0.0008964764362340838,0.00010979053980988973,2.407121989664307e-05,0.0008718386479025231,0.00020971459809958348,0.0005742412472305031
0.00019108368230356249,3.3425487658771125e-05,6.3686591096207e-06,3.096320680628234e-05,0.0007921541959552553,0.0027867190908498624,0.0016738698685705919,0.02344116411569548,0.0032124714006581956,8.955580543825586e-05,0.0011507653083370414,0.008185416396527506,0.0073085458287940885,0.0013189942596054313,0.0017191492732022418,0.0019020435648519074
0.0024110369381507984,0.002805964767980243,0.003599630868859477,0.0049518487230261615,0.0018950809447465106,0.0004779472521506123,0.0005007486247841086,0.00338662420100469,7.971691378068357e-06,0.0005624539619294294,0.0028381392236033476,7.497818309304405e-06,4.718403499263252e-05,0.001511537427501243,0.0006425507506688105,0.00029444973695053056
0.002645007982198938,0.0015551125580429842,0.0016062947319224335,0.0026881542197324734,0.00040076666542422645,0.0005775018637611054,5.588688531813629e-05,0.009607765764916246,0.0030393837667864326,0.0003473186101592002,0.00038770618747152596,0.00015681034022400203,0.009037030253438466,4.7515163088235335e-05,0.00021190624945919417,0.001069298906347417
0.003941706261486322,0.0038199785300424283,0.001417676450774133,0.00019020801275477367,0.0010961401797828646,0.00012952439653016873,0.00022239396897765634,0.004311541113183312,0.009636809475198169,0.00023169592969034258,0.00022891021234872772,0.0003265335179394868,0.004199772280573333,0.0006367469491610073,6.284499272170285e-05,0.00010884931376766577
0.002477519501649872,0.0022638150887592315,0.0014839774522493326,0.0018648930669193237,0.000744694499285381,0.0008998046944755853,5.520534510584235e-05,0.005048054733688967,0.004275070914990603,0.00011535119599428989,0.000552848909816453,0.00017439408304758403,0.009862357718700268,0.00047748581007302227,0.000152665017739112,9.201327632745587e-05
0.0009667722246831656,0.0007939925280121066,0.0006495321312819657,0.0009639268838385479,0.0002076782703290883,0.001471831201805704,0.00014712205324848848,0.004669028194230859,0.0013782140065736886,0.00014359893860174666,0.00016939363201672747,1.304988843956606e-05,0.006236527964964822,0.0002293125904187232,0.0004008220089135456,2.6726905664069267e-05
0.001003613642614587,0.0006491656423760067,0.0007683038175856846,0.0010832128128617224,0.0002455024604463424,3.211932795552097e-05,0.000414586972475095,0.0014143986373507528,2.5813048706954667e-05,0.0005181542467574754,0.0010582225008880716,5.016274022724698e-06,6.485683277601684e-05,0.0014600016340334115,3.6295411002494615e-05,0.0005937628889672864
0.0006946913645650629,0.0006703858037025862,0.0005517396283568482,0.00033328582212929087,0.00166880505266373,0.0016639148193709138,0.00040930140209902155,0.01003209054791089,0.001541563676774535,3.198145880192044e-05,1.0155800545162685e-05,0.004085589971904058,0.0038750079660384573,2.9355209217554745e-05,0.005196210925763042,0.0003753479085944339
0.0005932103675933345,0.0011563447610286604,0.0001778586060983134,1.0328886773658397e-09,5.004853702380435e-05,5.786173916874637e-07,0.0002297204358609542,0.002550857659327374,7.996930217920445e-05,0.00016347981706642256,0.00154492206329368,8.52320337644194e-05,0.0004507138676863656,0.0010086912180694088,0.0014100909399554287,0.00023225984400390698
2.0951702498633873e-07,0.0003744288403655163,0.0002658808242277308,0.00129810902875762,0.000645582767155678,0.0011681048356373194,0.00021588988083411087,0.008049034475678618,0.001640098159233161,0.0001878416611403519,5.9420259968141764e-05,0.0014568195758187866,0.004638465421841362,1.3337241268965294e-05,0.004493191254359444,0.00034952955334714014
2.3403558537402058e-05,0.00016354594241583392,0.00015077323654300034,0.0005122483030922456,0.0003435311781001815,0.0004349904917084965,9.008146535623152e-05,0.004704880186449795,0.0009205659271475791,9.968006009976327e-06,2.9952144719444518e-05,0.0012423418733186892,0.0021778239240630506,0.0001695995085271504,0.001748638945787133,6.0571096121446455e-05
0.0009131511096485412,0.0025354762807260345,0.0009832229497820644,0.000186306064031444,0.00045920854122929317,9.769901953102234e-05,0.0005305302861772776,0.0007438946437462735,1.3001535407938802e-06,0.00011201192179922242,0.0011302627085593153,2.0888075638922365e-05,0.0003249174063633467,0.001793160394583715,3.137336599338958e-06,0.0005007327376318066
0.00027785983568347217,0.001242093524840726,0.0005943915691690518,4.11942960141104e-05,0.00018629998367735573,0.0008859064276115769,8.036745737814016e-05,0.0036695568147463165,0.0014953163254094667,9.855822716925422e-06,3.3563405429613835e-05,0.0008211681992519315,0.0052475391592501225,0.0003815148572583818,0.0012789507504693612,5.039979396784938e-05
0.000555142632982078,0.0022484189194886886,0.0007486160556196622,0.00023065460386959002,0.00021941857821652921,0.0006990893233219733,3.5051621017682943e-05,0.0034704004154722246,0.001219885517351249,3.6044343030422477e-07,0.00018232422800040088,0.0009306819879715336,0.0035680663952895736,0.0005174688422174764,0.0017203793299184478,3.2953289051243506e-05
0.00010543684436929018,0.0005055359983614782,7.099636651422547e-06,0.00020407224801220758,0.00027035852649367337,0.002467584646995022,0.0004806506100502733,0.0068269486547804376,0.0022505360671037228,0.00024520656319271944,8.322665617024883e-07,0.00439836503194542,0.006832436159397895,5.137559179343998e-06,0.0038210842209131374,0.0007003154799427175
0.0009944918402998576,0.003436559331495802,0.0018708527521711996,0.0011673879298824685,0.0010093348686425196,0.0001526550658028092,0.0007989039804096876,0.00021110305797145124,4.488135076696764e-05,0.00033276881514950063,0.0025407663552270976,1.0951210875631556e-08,8.263056325655965e-05,0.0025346313209531623,6.0398049901169704e-05,0.0007814059538534673
0.000736312433280914,0.0027240919140147785,0.0017782103081086797,0.0012112971540189643,0.0008571747601107474,0.0001417172969798014,0.0007518817983942563,0.00041091703430432697,5.057160277349704e-08,0.0006259490354425246,0.002379967227469054,6.70742495050905e-05,0.0003319005871558131,0.0022706597052816607,0.00010928814271731618,0.0006461553259483194
0.0001263803645001338,0.0005708195656206061,2.7269372763774613e-05,1.0681773828284669e-05,5.4439901209304975e-05,0.0011916902310662308,0.0004326920196964096,0.006254064653185856,0.0031735676235380428,5.7735219238935764e-06,1.4221205255071645e-09,0.0008099846294794197,0.0061803290378257825,4.648976528837806e-05,0.0010788484506661367,0.00036461813711387986
0.000187469494728712,0.001795952925569222,0.001185930536492033,0.0003950266406512887,0.0005601544935512973,0.00020144683775934896,7.648164581784689e-06,0.003205345051694883,0.0009554158566916771,0.0007538450610782912,0.00046718121312027544,4.6939883504293345e-06,0.0036382371998213286,0.000770571374176035,3.073116778925383e-05,1.129330988940136e-06
0.0044011593144871256,0.007347898853235231,0.0031698566556276134,0.0018450654261381108,0.002175779700042922,8.548206346874199e-06,0.00045705620771886724,0.0017112882861809314,6.915561143135823e-05,0.0007046514552768307,0.001371133670771088,0.0007385781896994958,0.0028350780831421785,0.0018691205526089952,0.0001181348504339444,0.0003181078859784206
0.006021872819151855,0.009673434464610865,0.004891183800341925,0.0035639800277952466,0.00389966864663617,0.0009275720069189392,0.001841440933743596,0.00016679296514217345,0.00016132745197027648,0.003951641136834667,0.002962624321856955,0.002103139659346713,1.9804631206647716e-05,0.003981318670804895,0.0004969059863981426,0.001817988952833624
0.0031805012058572363,0.006201336145566741,0.0031349044791949485,0.0015997062708347914,0.002108651645486667,0.0006792042140771754,0.0013489090075547855,0.0005093614363207363,1.2889309426215856e-05,0.0016011300561930494,0.002110876623307237,0.0006564589675103483,0.00021892302446260142,0.002692632927765261,7.722532572861096e-05,0.0011336990691960258
0.0034283113118381073,0.006098017368415393,0.0028558096692707646,0.0008626942312253832,0.0021377960905979917,0.0009399393132882572,0.0015512506518442076,0.00027987864947672664,0.00012720016100280923,0.002093314264854401,0.002508920443229999,0.0006045833644602108,4.34253355132419e-05,0.0029317416445452174,0.0007552142363622394,0.001469143881445173
6.504198955885332e-05,0.0010484392172523463,2.3934360605160077e-05,0.0005209404731944534,2.2060144524632674e-05,0.001599565299028674,0.0004211193398837021,0.01145343072650161,0.0026069894405201938,0.00025833910087873224,7.505192593584842e-06,0.0009181022791033694,0.007788540093010943,4.489234502198791e-06,0.00016410172421610358,0.00041477449541813677
0.001316764038035552,0.0031779122193715537,0.0014211432943878194,0.0003077003865954789,0.0009441914410948937,0.0014472574950935985,2.207752185064832e-05,0.010587714332883288,0.0014552340891208215,0.001032554804588262,0.00020064053783884483,0.00012440430921481505,0.009726311743269267,0.0004181408756986152,0.00045201856821974057,2.378814732396234e-05
0.0027180751554955335,0.005589394095127889,0.002169784250152046,0.0011036115530934712,0.0019685872622413753,0.0012370210901836778,2.5376439411528562e-05,0.012960197008187832,0.005306363410542178,0.0021320714230481028,0.0005979893538754846,0.0007274942377092156,0.014495909113184519,0.000615894116069951,0.0006756090038633478,3.8338176110132294e-05
0.006487680563270266,0.009631713354201533,0.002735044133733669,0.002428021655685078,0.0028224398990953775,0.00037555617328054874,0.0013222466572243574,0.0018960975001510103,0.0003867966822283797,0.001325897728989875,0.002736167228661719,0.0015535836499203023,0.0004010490343511891,0.00236377805950351,0.0014355802530231776,0.0011276465778478698
0.0007199549942507946,4.6485889761131716e-05,0.007845244599375148,0.014959311583451887,0.00838885631305486,0.010457081687754222,0.00674107953595697,0.04004458909761546,0.022083186751967424,0.0006147032127766863,0.0029875121877945277,0.013460385041845532,0.02185508325620142,0.004677637964079898,0.013229067681639103,0.00670111071221699
0.005187141785165869,0.006656504719382367,0.001945027611268163,0.0006252652914826851,0.001652149306840059,0.0011781535713436403,0.0021053972887380076,0.00017183714186943394,0.00019739018294152866,0.0011489429333107135,0.0034795946493613936,0.00032427576279435433,1.857489007778962e-05,0.002634081296003808,0.00017009189695416788,0.00209042200745254
0.005811569879149735,0.007028312254023623,0.0031576710226960264,0.0013802183375561453,0.0028036995878789606,0.0015944088064739903,0.0026805644845985174,1.5255031491988313e-05,0.00047812565810991664,0.0008796801912412597,0.0038846970895002886,0.0005162139683135836,3.5706416094197224e-05,0.0035348512069031737,4.726561610800262e-05,0.002573845058318515
0.00029937043087109594,0.001183599445897618,5.235427048146113e-06,6.828576683560322e-05,1.1076056886383245e-06,0.0010760093962794634,0.00021481268350001526,0.007683428157497313,0.003448712289604916,7.618306418967491e-05,7.877856006133915e-05,0.0027695243517165125,0.006639641839626259,1.2949342195062163e-07,0.006954598707040266,0.00014150772646311094
0.0016721723080457968,0.003252568092254174,0.0017296585781750723,0.0011073662323651673,0.0012125399907457687,0.00014193349836026659,0.00117362882279555,0.0005557781099048975,5.8034611757407095e-05,5.842760366253641e-05,0.001704525418513854,0.0001125699947109593,0.0003979615671863973,0.0017163858533504397,0.00034754849331166543,0.000995638454802314
0.0004454112935721524,0.0019321228386316933,0.0005719201055377071,0.00020577908501528963,0.00025545415354489426,2.4823718384081594e-05,0.0008689381623061126,0.0001896014792566389,0.00058873954460089,4.4813836338405966e-06,0.0015739319347924594,0.0006038189720117201,1.8167051986144045e-05,0.001664949025327267,4.309425561822844e-06,0.001139301930390385
0.01761282111287052,0.008127567621651607,0.012048293477268629,0.01333670410642468,0.015370978539396077,0.008660024584812603,0.004123243286054373,0.016763238206862124,0.0045461794699218905,0.0018199695288520085,0.0016674647448277555,0.027646877803223502,0.007235170084269479,0.0017530225626528687,0.008963260999733741,0.002859284740178575
0.001752522503119254,0.00023327557621510148,0.00031716380798729044,0.0005648154718023157,0.0012859506888418734,0.0001287437692641738,0.0002808790237410763,0.001068107256096712,5.7351095811321307e-05,0.0005587201895008095,0.001170647606998268,0.003449698127449427,7.554680086227505e-05,0.0006445969523845088,0.0001603532691570389,0.0002954920368277575
0.004802020948668537,0.0020732015755168115,0.0036138921091666693,0.004317318533063441,0.004016160047554937,0.004925084350089648,0.0011954285067039896,0.007165853849267878,0.005982811221888679,0.0018425641383913102,1.9377756157915038e-05,0.009448651536684116,0.005498381847888728,0.0002645938490367303,0.007715950746259234,0.0011418244713956235
0.0007784234712793978,2.1155264554040265e-07,0.0002384590256050978,2.199272560406834e-05,0.000219899231124851,0.005655175347920899,0.0020279695816245585,0.00854161416646454,0.02615722432626738,0.001948095544574563,0.0001669359321762945,0.0049066725587468135,0.011220508629971176,0.00017246471568570232,0.01112118182080181,0.0016793384920213358
2.6107278858072958e-05,0.0011706185242201655,0.0014033228402376002,0.0009913091298719007,0.000654787266813471,0.00059722568622389,6.029701645846042e-05,0.002938487334592302,0.004453401918159183,0.00025706748311143945,0.0006870864782922703,0.0007988543003385681,0.004918733830571981,0.00033888768309092016,0.0009599986287277817,1.3712693149342536e-05
0.00042997747102635486,0.002540811556969183,0.003242835711856032,0.002359233390305207,0.0020188658761241818,2.720500928657388e-06,0.00035761459006189433,0.0007157939787278758,0.0001933838368437038,0.000569704088612441,0.0014588021879563123,0.00028709036548808103,0.0012492246630697798,0.0011876390928890063,0.0002485495110806091,0.00036467297229238194
0.0005922425785612057,0.003325502846881441,0.004454765044190748,0.002299442067795074,0.002627336331183644,0.000290004066506748,0.0009898157262745524,0.0003775962684988421,8.645181836991478e-05,0.0005724269859190764,0.002571303955359261,0.00018795482583231632,2.883679023235608e-06,0.0024057102013679207,0.0010748302574631607,0.0009577309294977882
0.0022185684276919207,0.005816847881782203,0.0050218881491005465,0.0024966576463752027,0.0026126585076150233,0.00034742642598491885,0.0017974383666869223,0.0003552718983243011,0.0006541430075595878,0.0014659897397400617,0.002319990857827095,3.4681028018831994e-05,1.6765777756180822e-05,0.002587898810452252,0.0014139414934426359,0.0011398825600311413
0.0004581486620291175,0.0027504618950599385,0.0017452762496107666,0.00016216948876628806,0.0005958567221247407,0.0002777119604462433,4.4972069273924165e-05,0.004965314393103257,0.0008050619493733882,0.0003426210654351447,0.00015972576402095706,3.986559598195133e-05,0.0013981434185703287,0.0006658684724107911,6.975242975298945e-06,2.1356685437901035e-06
0.0005798157043735847,0.0025776786040676014,0.0014556695554108282,0.00016910253742224296,0.0004908719692751015,0.0029419342631615553,0.00019215634793057906,0.013112385234539989,0.007663353222089886,0.0001385008100066934,2.4809351143670333e-06,6.879824733449502e-06,0.012936652318738043,0.00015816408427812845,0.0006693576914050675,0.0008555212109447458
0.002434872102154595,0.00470929544254195,0.0034887817835194124,0.0018724525587754948,0.002471841174416442,0.00022351438145221808,0.00039961804829176384,0.0022371365886811115,0.0031721882778018295,0.001825591943096852,0.002127245924268731,0.0014451659387323262,0.0062972247465501174,0.0021842755606615097,0.0003581242913592575,0.00015625314044544897
0.001369867258354654,0.003764249069776557,0.0005786678406978912,1.0620212334652712e-05,0.0003126792749718679,0.0011896069252753869,3.25273312799107e-06,0.0028513266052349884,0.004025116010167432,0.0009630648147485044,0.001146876859454929,7.417990847095879e-05,0.005304152057666503,0.000925193572830281,4.645784882598841e-05,1.6840820098729115e-06
5.84878454494564e-06,0.0006121601696272433,0.00016968564734982233,0.0004464442334409721,0.0003718962477918461,0.007545801842674005,0.0015614926744765764,0.00928163623154947,0.011836494262795455,1.2696202668610601e-05,3.5346666112795466e-06,0.0017182800840477158,0.013588581636102479,5.003748061449542e-06,0.0007705027532045536,0.001719989232867404
0.0029571648150776564,0.004646700538143089,0.0018267910704352353,0.0009151255382750106,0.001383208631472066,0.0005676318631432295,0.0005089382760580102,0.0005699053775830853,0.0008396954931259651,0.00114047306742638,0.0017299069375363435,0.00021493677566611358,0.001589112403558031,0.0021919706132903366,0.0005853104132071685,0.00027868403972035327
0.002169733742614241,0.0034584499903569585,0.0017130847474568014,0.00125204033055578,0.0013588548794334562,1.4589643247485407e-05,0.0009692603086876722,0.00017793809674481603,8.194113634452799e-05,0.002018121081402348,0.0020719761699027825,0.0002988692807707402,0.00013125796997589395,0.0027339484615417076,0.000408480323689453,0.0008122103893822771
0.00013921003906917917,0.0006278508186607634,0.0002594073537863159,7.4895154294415955e-06,0.00011932858511554123,0.00021825539213811418,0.00013167229154705667,0.00180185322894396,0.0010414678390469612,0.0005930506378896069,0.0004906913321322814,0.00023528772547333487,0.0010302481764467158,0.0008959569796771066,0.00020933510452011278,6.393349856550351e-05
0.0013201406207706684,0.0020534617905864916,0.0019604806728995977,0.001047348760693817,0.0014324723278356655,0.0002612058352478644,0.0013690533723045642,0.0005621122925126218,2.1033108877563378e-06,0.00129542711789956,0.0016217676427981997,0.0001536604554805976,0.0001681939639435054,0.0020460774526857434,0.00012953484826955242,0.0008589553325737687
0.00031417774083299793,0.0008360742048555692,0.0009370333130568134,0.00040937732422302586,0.0006265207591328939,8.258644289992068e-05,0.00012188240517375243,0.005348665125624277,0.00083848874165416,0.001168516211242053,0.0004301445130693998,1.1561572551693766e-06,0.002195937014394765,0.0004577986697366365,4.423553735113245e-05,1.8345844511401255e-05
1.8312732785741304e-06,5.4619939966749076e-05,0.0005217078048129695,0.00037608039407888844,0.0002454466971814201,0.0005782854122101458,4.654351550243546e-05,0.012388593783017085,0.0029630020974936166,1.813950917452234e-06,0.0002935980209008704,0.00010184186562974679,0.004942202994296457,9.85255731875967e-05,0.0005688378955534118,0.0002480067780457687
0.0005940771520169669,0.00011679216927699965,7.310016497801691e-05,2.094541249565013e-05,5.393368139802734e-07,0.0009694230467242188,0.00018001058927581692,0.011273625253310104,0.005136474396404647,8.584558607231674e-05,0.0001062274822820064,0.0011231356862946781,0.008810664609419566,1.2668332960638629e-06,0.0025677527106130887,0.0010071027251681644
4.4305670216654436e-07,3.683050490171924e-06,0.00020525742118199242,3.5050542004880225e-05,0.00011958900542736323,7.130804596140045e-05,0.00026658270080014146,0.0010030065931418766,0.0005754930037749351,0.0002603889996576278,0.0013278549376990814,0.00023405234765435518,0.0006858798076617434,0.001135031700063599,0.0006645290278107091,7.802259524332389e-05
0.0056075237462292205,0.0033601815586755956,0.0033325752550218274,0.004821706160770489,0.004036292620901716,0.0017080970923352146,0.0009134252610620841,0.006180264707649943,0.0042017144956131985,0.0010972291901612183,3.596970773003111e-05,0.007889190913219227,0.004626094575721093,7.677299469233817e-05,0.008320780251259319,0.0010834110704781644
0.00038542946005678397,2.6751096276964037e-06,8.468634511645673e-05,0.0003289182074683386,0.00023890894129350443,2.29783277354359e-05,0.00030701280239785883,0.0004649245100186855,1.891835756766269e-05,4.963221930891215e-05,0.0011272996485244477,0.001340177726388822,0.00016265614680113089,0.0009529753531998184,0.0010253338531760192,0.00025738105770348185
0.00022355630218311856,0.00010827174055305644,2.845970484034732e-06,5.785850495237943e-07,1.6603290266710424e-05,4.425162195962479e-05,0.0004900433798267836,0.0004968532176329518,6.656015505424051e-08,0.00010920136634857969,0.001332233601502253,0.0008599653949108929,7.213801518405477e-05,0.0010776343846774783,0.0005025302073135077,0.0003621259473905389
1.4738947915621248e-06,0.0007040068309615288,0.0006159327408809048,0.0007408031525638625,0.0004111292468998509,4.07968245040094e-05,0.0004935971421336158,0.0007930246088713039,1.5039399029144473e-05,1.1836901102554864e-05,0.0013941437767470838,0.0001671744323607019,9.52322878553305e-05,0.0012059982746664213,8.247520515807655e-05,0.0004274117805489405
0.00016514658958609318,0.0006240536365462873,0.0009643194440389774,0.0009505750291734297,0.00045329470895399265,0.000176372653263486,4.1110223428945936e-05,0.0038673398927960845,0.001089670066086866,8.512331688102087e-05,0.0006961090503086534,0.0005740666272131961,0.002167090235826119,0.0002825837302107975,0.0004370554674822738,9.77728245588061e-09
6.469512202553207e-07,0.00028353232621418367,0.0008596264373327001,0.0008778763330772321,0.0002942932848534266,0.00040854230894333404,3.0143415560818232e-05,0.005582813757939092,0.0018603975764491798,0.00030920304886867395,0.0003349704283604066,0.0015970277057680352,0.004510732797300243,1.706758045336848e-05,0.0005181563291120767,0.00013135853160212152
1.125895923876491e-05,6.752160257315898e-05,0.000665467041602065,0.00042455585518340333,0.00014154594636045514,1.0496672442628086e-06,2.5603626386004608e-05,0.0035048559930826173,0.0005791817884823469,1.4572775618365563e-05,0.0008448148240286432,0.001716139239085833,0.001068073945520366,0.0003119886558176216,0.00012500352479722504,1.0018969355887752e-06
0.0009605387829067502,0.002084340692944525,0.0011744516326367277,0.0009593430143378795,0.00035409449738718624,0.00017616093378464842,0.0003610856516171185,0.002224376190699956,3.7996037956726514e-05,0.00030081499458020633,0.0013972327423971281,0.0004025302056975266,0.0004810921681673505,0.0008303833529219873,7.50683844946698e-09,0.00016903914526419234
0.0002481558104530518,0.0008060887623725088,0.00022106034035415667,0.00010469434023530066,1.2023200776062337e-05,0.00025077019028805353,0.0001413300496735312,0.007952431475600985,0.0028005984121884236,5.06223152985652e-05,0.00015937900960825285,0.0008199477363945579,0.003966921643091453,2.2215794689126045e-05,0.0012133943156404786,0.0004003417547043808
0.0026606830903432924,0.004357690495537067,0.002868036373069524,0.0023936967940440534,0.002120823760474344,0.000552811134670872,0.0008158321732401469,0.0009297190686375287,8.12627353106582e-05,0.0010381844843308785,0.0022614282040859246,0.0005807358785086675,0.00039845433661503393,0.0018329592111631376,0.00024252512508470686,0.0003305598710926366
2.2667630777774284e-05,0.00042162079599254026,6.74825537769208e-05,5.005911637809279e-06,8.078435519628946e-07,0.000601621664687399,0.00029064581219451907,0.007019840083326762,0.0032426076457319764,3.9748692398214325e-05,2.404928399277889e-05,0.000799151548118486,0.005071579549094041,3.0819848642893444e-06,0.0004907520422090736,0.000802372102347966
0.000684189900398452,0.001527586156984409,0.001426993802741014,0.0008791154815491475,0.0009010395798563636,3.074496915345809e-05,1.2379240418303183e-05,0.0038490128540588503,0.0011255832216331488,0.0014956209287525293,0.0006671551732609013,1.7658061242792344e-06,0.0028666698904861454,0.0005373173291285532,7.740176396558995e-05,1.5015363625185685e-05
0.0009978071668220179,0.0018967036026488748,0.0024216774377510686,0.0012459844516162014,0.001628381129101436,0.0004067346960238277,2.064284900205743e-05,0.01198370330768335,0.0034960700312284404,0.001300402213291342,0.0006419950367528848,2.041603855272578e-06,0.01261039324296806,0.0001732248294652322,1.4474284482091093e-07,0.0003612565126431544
0.0007967480184232489,0.0018853440807198932,0.0023890765443262546,0.0019498131937504617,0.0017841652110578282,4.2822510697190785e-05,5.0789418330685066e-06,0.015448311311348786,0.002737130378746122,0.0016452962630504886,0.0007054543666077315,4.393500181901211e-06,0.0074367878665635295,0.00015767812229945666,2.518317889522309e-05,0.00016140676538751314
8.621460360005995e-05,0.0005851189159970932,0.0013528760327041686,0.0007596255553010273,0.0008429140612673386,0.0001479924355086426,0.00014546906321882824,0.007974070554001511,0.0005535756472925188,0.0010263488810380167,0.0011241865796189146,0.0003425978148435954,0.0013151414808720008,0.00043217526605471984,3.691491991837659e-05,2.0301479590548177e-06
0.0007805462872475799,0.0014169421472701171,0.002780050260920555,0.0019198748874171695,0.0021205481434485862,0.0012112028769290933,0.0012714053185888252,0.00178370731226897,8.089907739719515e-05,0.0023562269122455667,0.002699854898984083,1.2170352303816911e-05,8.606872308454527e-05,0.001688763318962186,0.00029791800509459954,0.0006385690849576436
1.629325848011981e-05,0.0002776531015295444,0.0010501763271400025,0.0002857658160945048,0.0007641948334134799,9.977745336851168e-05,8.713710327835217e-05,0.006161962075393615,0.0005037720085621367,0.0015472396259949284,0.0010344138335015782,0.0002699386530576747,0.001693286937694452,0.00035689275818207716,0.0001158005788533395,1.1925077260402372e-05
0.001956262200229701,0.002681696149450949,0.004572339596205337,0.0032700650521143293,0.003968628862377296,0.0023183146162364526,0.0028025672785268185,0.0003821115833654437,0.001252638158231699,0.0038436219284118944,0.004784128603909227,0.0010571601827186264,0.00012883136795211608,0.0034424588195783173,0.001342278139276773,0.001842561128794648
2.628820804949361e-06,9.365833952791613e-05,0.0010187319637774417,0.00021941155777573107,0.0008375703423904729,0.00011295551092730532,0.0004361713536162881,0.004784051580087545,4.460694090634848e-05,0.000615945307408737,0.001819945311536439,2.5174150294134112e-05,0.00045380541133273333,0.0009503006448573631,5.227460883369672e-06,0.00019385371254532213
0.0035895675033244256,0.0028811182441792066,0.0003542093990848011,0.0011271706879608934,0.0004191423623651075,0.0032323525459021785,0.001156856862233456,0.018362762008060862,0.0022316704029244003,2.2156854628113676e-07,3.590379861174997e-06,0.004117557069126851,0.00751112068910452,0.0002252633382960681,0.0056495150781782355,0.0012912548436205956
8.542786511030881e-05,3.601707900268564e-05,0.001072978685258491,0.00023943012341123837,0.0009395208923323739,0.0003432330826414545,0.001443867021176895,0.00013788115640017695,0.0008372084430918053,0.000212956115388567,0.003715674282995546,1.0298169264129353e-05,4.183372845662642e-05,0.002605646329136277,5.721698111829654e-05,0.0013445285489890185
0.0016164477293979518,0.0022999305361392428,0.00011446268822419559,0.0009004851985510987,0.0001344940670194028,5.360459131238671e-05,0.0006536535230518975,0.00014110565189888458,0.0003876159334884055,5.320753173242154e-06,0.0025138370826585377,0.0013193648423693374,2.4358398092012845e-05,0.0015706133703751457,0.0005576058150881316,0.0006961492750580806
0.028420913314163992,0.026625036209940472,0.015454828861257305,0.02294105440742042,0.014925849109647935,0.006209825649583153,0.002591489418724738,0.010307418724968098,0.003612383497092697,0.0010647961122724273,0.0003221500156143295,0.026141427599541273,0.005400416182731821,0.0009280133167118218,0.013288387891589523,0.0025257425006891404
0.00277110035584896,0.0027025476048238156,0.00011058440930881985,0.0003725556017298154,0.00020786629890717778,1.2946114231845995e-05,0.000688570369373448,0.0001921823309348064,0.00036516002069593434,3.834836831301952e-05,0.0024246937071688845,0.001978025561040965,4.371029456787245e-06,0.0014419105442890767,0.0002582325142951661,0.0005035995877831351
0.00044501232068885205,9.136241128347711e-05,1.5226346586877382e-05,7.483865536735135e-06,4.692850801672754e-06,0.0003004271936431144,0.000282512888436115,0.0005006273836966682,9.633398456499603e-05,3.9823671916308645e-06,0.0022163967837324217,0.0011441492010139317,7.989296148713798e-05,0.0011344150093196975,0.00033837753110813745,0.00021197975535963698
9.551901665930812e-05,9.594169729746499e-05,0.0003502578421814423,0.00060690848300856,0.00026340144994811687,0.00033491537471019156,8.055294548857395e-06,0.0015736017383484804,0.00022395291381281657,2.904429900279365e-05,0.0010181537975111274,0.0020496317388121743,0.000514279107098399,0.0006003406291296143,0.0009102749343090771,5.5449198159834845e-06
0.0023868269015957094,0.004552888041709911,0.0060749861379680165,0.005265948139477776,0.004684983874372148,0.001510917633183305,0.0028977232516943924,6.001119092296364e-05,0.0013354958772441028,0.0015556124632305907,0.0042929734074705905,4.807286833735658e-05,0.00026765317974807024,0.00365926140826274,0.0007141265421927723,0.0019648206698584664
0.003061771297180285,0.005164141405026287,0.007629386079572191,0.005323655886643797,0.006119887348793054,0.0012188041404017358,0.00184696376479411,5.769289716889975e-05,0.001221802577205569,0.0034654334380371105,0.003276307793228614,0.0002858621722189869,1.8931755121458227e-05,0.0030943460446034438,0.0009161063718473444,0.0013339262524424966
0.0020612371386728584,0.003666794496320118,0.0073230862806538954,0.005608487155011596,0.005455266064974235,0.0010300453680393562,0.001126364467331123,0.001535323286674578,0.0007104535933257217,0.003181039891007015,0.00335522561061688,0.0003031236038912796,1.9456606251133657e-06,0.003029347405809041,0.0005462312119377394,0.0004969046871418983
0.0005147621811884273,0.0014654917782523438,0.005064946765361053,0.0033773404710477767,0.0030225382128311815,0.00024296225313081427,0.0006454445785235574,0.0033287883266208684,0.0001151857616381452,0.002305234525955352,0.0020056027399459053,1.0348853587464901e-05,0.0015210018856780735,0.0015735834998828815,1.6125006794098784e-05,3.0165088446255928e-05
0.0017450993374519275,0.0018850623172149278,0.003336013202665508,0.0017012261337355644,0.002492466157802957,0.0002122682045839902,9.597988144018771e-05,0.001407981305793178,0.00019186452190596975,0.003162878140683438,0.002174300538470564,0.00025392790959540695,0.0014688451447606998,0.0019806369117233574,4.026123807815418e-07,0.0001140914780387095
0.00021441304025806435,0.0001613590617971783,0.0009840817835294821,0.0004934857692515254,0.0007126212326647799,0.0008790528607016956,0.0006799024879846904,0.0036490833562561192,0.0029116122730656058,0.001121704081520028,0.0009334628402548201,8.794725123273395e-06,0.010200048580049872,0.0006906064418212357,0.0007451279777857256,0.0016207649403438482
0.0018032876813642296,0.0014589378279371429,0.003164197045781192,0.0019228293768308383,0.0030892440955044287,6.436672202875249e-07,0.00023613071195574542,0.00011738489539203645,4.6684085912990225e-07,0.0028392550281509943,0.0031090550959877866,0.0017006829415568692,0.0032296219363575907,0.0030147542342915876,0.00011154177425366785,5.8911133265955595e-05
0.0007663993092262705,0.0004343484669224601,0.0017167824902216966,0.000906700537993653,0.002032266460681331,0.00015122607757623446,4.283329517744405e-05,0.0010908165670395556,4.357077862444242e-05,0.003629411616652728,0.0014834390469555606,0.0005153723280330799,0.002242201597811286,0.001861130574735012,0.00029880667459329657,3.125894385835881e-07
0.00868949685402725,0.008929777032074433,0.010404931912670674,0.009603424049264023,0.010899750588599988,0.004665814502145163,0.00633476025572792,0.0017792999753289684,0.004916884200726966,0.00989382072216733,0.009469435546551108,0.006808073142484966,0.0024072623905553106,0.009906003601762223,0.0026420451868767528,0.00555877581737424
0.0009654936757094029,0.0008957515282336376,0.0022309599234675986,0.0012987189665867177,0.0023850192381502933,1.7388254083122723e-07,0.00025773542527154913,0.0034266765832112606,3.72669068953585e-06,0.0036293889316864336,0.001688323095848418,4.0151337312624436e-05,0.0012548112098844585,0.0015559920705607994,0.0014119286837318695,1.78914958094481e-05
0.0007108706232798884,0.0005005795409220651,0.0022518962229848977,0.0015107032071526583,0.0023802034375790954,0.0001882832688913441,0.00046626051382167577,0.0018615210994538944,0.00020983418014372535,0.004374074400014499,0.0021701005117432948,1.2857236636389102e-05,0.0006111460757269177,0.001674164141568013,0.00025559625003429565,7.255170832076024e-05
0.0013945754623789358,0.0009778997219209995,0.0034644675861607507,0.0019571797464597585,0.0036472567823053192,0.0011941863009716502,0.001469152110207761,0.0002681205242682644,0.001051254572977195,0.004926912508586873,0.00452139729029187,3.387511724038672e-06,3.058780628818758e-05,0.0030876383323547724,0.00021569265852636882,0.00042071487966971466
0.000560984749146301,0.0006233066132010912,0.0018121462697346519,0.0012420933328753797,0.0021783760654239606,4.776792738123148e-06,1.3866588866373597e-05,0.0038074663856677987,2.8319054316626457e-05,0.003587724497896419,0.0022835656848992497,0.0004152970125397837,0.004188555997721416,0.0009819452132518308,0.0001388271507964528,0.00044412964612683403
0.002776390789736863,0.0026294783016359846,0.004602427533011794,0.0033478851315433614,0.0053603889093868234,0.0006395966118807328,0.0005460550592142344,0.0023380220548336814,1.4694892649325109e-05,0.005897274634269006,0.004509348999625164,0.0003538713263508894,0.0027773208217522216,0.0027773287624930088,1.8860475984081027e-05,3.936628718804319e-05
0.001286773433000328,0.0009440734857132649,0.003243282254385277,0.002516724886240926,0.003928071656749084,0.00040168858755174064,0.0004076581893217718,0.00276196963898602,5.416627851528855e-07,0.0033517663279252208,0.003070837553300121,5.023685971973502e-06,0.003246502826941472,0.0017956188716373722,0.0002965426873763888,0.00018954571590101832
0.0012622036151500315,0.0015277477739835121,0.0020014790585828057,0.001471996929151842,0.0027632468435032503,0.0010224580906738542,0.0007185694331061504,0.0007649296884254114,0.0001379770198604094,0.0019365073560527052,0.0031583314252971104,0.0005575390641821346,0.00013720660351847908,0.0020907009880745536,0.000538276780397591,4.607615628854367e-05
4.198854955534542e-05,5.720767109152619e-05,0.0005565857926145834,6.796391338133312e-05,0.0008144989449581641,0.0003008411632443725,0.00021844069161688906,0.0018071465217885108,1.1723374710496948e-05,0.0017552127016391417,0.00195845659962203,0.0034027389285501697,0.0005661161720455846,0.0008870442628258896,0.003073454545370835,8.74906826230093e-07
0.00047396536264054934,0.0003837161875696743,0.0013872340674204037,0.0005832666714930546,0.0018779357197255611,0.0011772128341505095,0.0009492038986035969,0.0005451226126690217,0.0005544029964236821,0.002002618543860718,0.0037486227835095143,0.0011263693629378624,6.481869002886165e-06,0.00192852584294375,0.0021803751204503216,0.00038527259191855484
5.7695178167622985e-05,3.047151887228955e-05,0.0007387211423708767,0.00024297433402505758,0.0012322546963857428,0.0008669992408574662,0.0006411123570219113,0.0014187618429479937,0.00034018539026890726,0.001889665946504318,0.003472533587599455,0.001974538770998867,5.421968587963899e-05,0.0013980137739978138,0.003432609911911688,0.00014861402719827665
0.0032255909586449416,0.004391386442566786,0.0004876226095027747,0.0012178796532300654,0.0001473170422131992,0.00023053355276844018,0.00030618323545202747,0.00894044942451952,0.00048566961882404863,0.0003593589624004065,0.0004964260233310813,0.01085791581468186,0.002796627909882221,1.1881749766275151e-05,0.010263201209881626,0.0009944730189145115
0.0010340930833854164,0.000464366512623382,0.0026924552748914393,0.0017100320060014357,0.0033766536170911007,0.003195567875378849,0.003167721747343949,9.820412199401662e-05,0.0027643225054841958,0.001851702441502269,0.006434103385748527,5.163109195176208e-06,0.0012110661884538465,0.004334176579690742,4.712966841293603e-05,0.002245111322265708
0.0006405551010527505,0.0008260805796764595,9.230925690453806e-06,0.00027166860351083427,9.224440085220387e-05,6.156218004676334e-05,4.3096488219929174e-05,0.002541627249894235,5.737586473708589e-07,0.0007477015681526533,0.0011158058923369935,0.007312732433027755,0.0005551905918865785,0.000330411042869988,0.0034295721050116162,4.2365351562115294e-05
0.00037237915232565116,0.000307184681421567,0.00027134537200761144,0.00011126724051227499,0.00045140697394938784,0.0003967975887720285,0.00027090145445926583,0.0017225544157241923,6.382923684990216e-05,0.0009100254635398125,0.001379192505884308,0.00699986569285474,6.136964785146554e-05,0.0007496193229535666,0.0018925882903839258,3.444423503352195e-05
2.644375132172805e-05,7.550376073167664e-06,0.0018133135695079794,0.0007790982633918003,0.0017979506700425696,0.0009527503501393919,0.0010281977557598382,0.0015950260461087273,0.0006933579947296237,0.001196837081882965,0.002608965048821868,0.003179832824679263,9.260504017366555e-07,0.001522084264390558,0.00044228068990322805,0.00039525671031192394
0.00012822443067271594,1.9316959978990522e-05,0.002557545798747396,0.0020310220048049762,0.0027231696910494513,0.00011295877182401076,5.1935142320075345e-05,0.008213258724822203,1.4458289731324181e-05,0.0019938669839407036,0.0015707279806944502,0.004056625059709995,0.0012088965634212204,0.0005381813248202111,0.001379666697720494,3.5232947108922164e-05
0.0032686144065911665,0.0035977986499820813,0.00685477848143725,0.005468756665986757,0.006762144950315359,0.0019096060948111462,0.0013366222408123518,0.0023552017516891705,0.0005743610689568218,0.005093632182415965,0.004840670083292968,0.0005841404803043557,8.286876780684571e-05,0.002825922788158311,0.0001333358216209085,0.00023332376936705673
0.0017799968493229443,0.0017785677243314924,0.005681303050212708,0.00418880991651268,0.0053699924907980034,0.0017762398776352273,0.0014704423532285599,0.0009120723606640263,0.0006485869551874218,0.004938791722175227,0.003907186339831961,0.0007287641140292997,7.441692077776035e-05,0.002678311993052934,0.0005696093251710763,0.00027205723291023887
0.003342832565198836,0.0032135265709235805,0.0075020239499816455,0.005831096042869202,0.007621594232492257,0.0034661857995754997,0.0027270824781784053,8.530185347389863e-05,0.00169397093347156,0.006652201048084415,0.005508850405703515,0.00012765601892147926,0.0004971332252112284,0.005189729307125711,0.0021208899597366868,0.0013562771940622415
0.0008798588648681327,0.00045842741623116495,0.0035349481024055385,0.002002953700072793,0.0034646388693978583,3.632658004307232e-05,7.676813990876302e-05,0.011571936181321657,1.9619496915174173e-05,0.003570090856978056,0.001678741743475827,0.0008759415012790303,0.0037286187217948075,0.001087315366203656,6.131874832986106e-05,0.0005923946947448896
0.0032940410740687487,0.002369063973666083,0.006189603447720141,0.0049805112073819935,0.00656016589519829,0.002110251738885377,0.0025256139550240905,0.0008214255836691622,0.0020644475594959744,0.006674608401276073,0.005864080912179576,0.0004947936100806183,0.00011186900238605718,0.004760469222380347,0.0008186422619701067,0.0009097735156727155
0.0001141288419042874,3.747365600471203e-05,0.0013575008135500582,0.0008982895308443095,0.0018957429011074861,0.0002012670615484935,0.0003992828688010458,0.0028685166650086746,0.00023486201050210154,0.0032821612145009157,0.0027118620289058454,0.00039564425101895617,0.00014245332607701333,0.0020243596404889916,0.00032601716234606504,1.745003075303425e-05
0.001922324964305902,0.0005975362261528422,0.003204430946744087,0.0028397249275410458,0.004221369369797397,0.0005528032642175482,0.0009105454053128653,0.0007893941705614319,0.0003938474079439175,0.004308070576174085,0.004481998140547491,1.764064541515814e-05,0.00014225355940430257,0.0036742695204386375,0.0006396591170367005,0.00018760556240773885
0.003043607992702771,0.001145749744120697,0.004752542520590847,0.004173187649482969,0.006026619249668692,0.0005651529086202825,0.0012681919229307476,0.00043701779501556515,0.00040804013516037435,0.00705300633878661,0.005673784205210981,0.00032160875479989026,0.0006346774150335563,0.004670211332356532,0.001615309377309207,0.0001221401900550964
0.0012736798340202346,0.0004923585035454189,0.0025310120141441503,0.002124835734685686,0.0036418060244859662,0.00035455000006868326,0.0009394709145009936,0.0008862200353647251,0.0005734115324986661,0.00494879174681899,0.0037836647503425302,2.9220851811263826e-05,0.00010842514884153165,0.0035615495652569634,0.0005881083102903251,0.00014316166062375985
0.002316851637097647,0.0016108464577353904,0.00417650367589989,0.0031765033522792585,0.005305649281263584,0.002625713744212839,0.0033000484234138178,3.5743243294306115e-07,0.0026552305917688507,0.005943969718640481,0.006082835477949702,5.3400032552081145e-06,0.0009382612779572502,0.006134284886967073,0.00020134392548398772,0.001751536576190288
0.0019518365231215168,0.0010467404161891292,0.004292402224247038,0.0033546380824426153,0.005280389654838166,0.0020273708779398186,0.0025161840914424416,0.000191526297838307,0.00172458007842205,0.006437819303283486,0.005460214924761342,0.00021028132379311004,0.0001589437907401417,0.005143011721628218,8.967956923858211e-06,0.0008020061101079168
0.004864573459391841,0.003309637283715791,0.007272984168598798,0.006491607067810962,0.008566015427844145,0.00452973435735058,0.004645180765222537,0.00020917197979208185,0.0036138304332263976,0.008724114494377017,0.00859012862933281,0.0006116884175536991,0.001402688396548002,0.008012294710859208,0.0002872315854048277,0.0023739881855905226
0.00047821295347960646,0.00013066790557111907,0.002039831607822895,0.0013354728850292347,0.0028686510470177923,0.0005886024049753871,0.0008055806652288444,0.001816615018401961,0.00044247541825777337,0.003927618139294514,0.0032975276429180744,0.0009293556627631011,0.00017690235008518268,0.0027658045691039274,0.0013120889049760415,5.416660694923525e-06
0.0004941372758983792,5.344893439483689e-05,0.0020968285901915365,0.00126358750293986,0.0031640013246907878,0.0004365678192287531,0.0006912823399698315,0.002299581607681095,0.00032350289683948097,0.003537687719915257,0.0033739484928397012,0.0012244369866487859,0.0002814690110888654,0.0027541278719668064,0.0015942651504399288,8.726980446807642e-06
0.0022828092050657806,0.0009873387049172955,0.004035663698530138,0.002863738385498034,0.005374424364100516,0.0011347992183771555,0.0017529355949872719,0.0009719910957168634,0.000918650902575327,0.006127633876253952,0.005488661385754656,5.619340627253944e-06,9.890318875223347e-06,0.0045199511245669136,0.0004769810034350175,0.00014514935869417572
0.00010169019207741103,0.00015298004211150573,0.0009835758237055348,0.0005571209190111046,0.0019136541376137822,3.3345942648602134e-05,0.0001731156553213889,0.0037600959010855445,2.7300185612144645e-08,0.0026368266211159175,0.002278266898246631,0.0011149721303136198,0.0007983565535357728,0.0017348552430573524,0.003153388271871199,0.00011827141158329141
0.0009664872796896345,2.8203772775833857e-05,0.0022281118858493154,0.0015134213284686698,0.0034156367497856083,0.0017843106768425585,0.0019966204400657384,3.900855073712961e-05,0.0011079219242435406,0.003628842747533431,0.0048153576151417216,0.0001936845652333874,0.0003274257749335957,0.004103360804944167,0.00020651453059068736,0.0008954369363794734
0.0028114766168987337,0.009578856790870519,0.00047302244065747234,0.0013890598757824793,4.001312119717576e-05,0.0003696059749564509,0.00018076482205998945,0.006072682863198453,0.0006890578268787181,0.0005276299381987981,0.00029542951521441263,0.01383351389227215,0.0024544384718580836,5.725233094005383e-05,0.00857978644751825,0.001018170188548058
0.0007769459472070223,3.042587391710594e-05,0.0023999282921979004,0.0016697722925660408,0.003569597707588905,0.0026396502777785436,0.0034089613789612602,0.00015760480011105943,0.0028633286133363176,0.0033222120941698713,0.0061718618597367825,8.597130815371501e-07,0.0015092893944003982,0.005090469331304151,0.0001254981691661758,0.002321713692606489
0.0027345893315690734,0.010229565336082894,0.00012270861076216916,0.000834143613118149,2.546350785087581e-08,0.00019458653155850214,2.152215592701734e-06,0.0061988071125504,3.1911717320594335e-05,0.0007768829129883165,0.0008899937110182082,0.005736825202061688,0.000879216766658586,0.00017971190464417114,0.005155381271782972,0.00029585811175378285
0.0002549307502354853,0.00039696979737800786,0.002629145106028144,0.0016369632083253483,0.0035938631711700947,0.0024079024135335025,0.00319648564838812,2.965004202253735e-05,0.0026049579648462357,0.002904010608542243,0.005293736936243382,2.7151190774010736e-06,0.0014660990818146369,0.003872745167337495,6.681249451939014e-05,0.0020023670783890918
4.681956827977396e-06,0.0004343979908991019,0.0015889691026346742,0.001130336561344536,0.002072913409054966,0.0015653024540733945,0.00232553170785145,0.0008230290908750396,0.0017376217684317297,0.001989924559994527,0.003648984703685562,0.0005099595926290404,0.0007877625961147106,0.002367695371644024,4.262598766834741e-05,0.0012632492917599575
0.0027697239325174955,0.007412029056857103,2.5580611480863213e-06,2.2506650347191293e-05,5.7582847399727244e-05,0.00010898559537849545,2.494149890883146e-06,0.011652228330531297,5.790293101765043e-05,0.0004254431867531938,0.0007110410421615754,0.006368924552598465,0.0007926991995066204,5.019635378987475e-06,0.002053665538149764,0.00021825730049046532
0.000318148216349734,2.9677452118015424e-07,0.0036489026996906065,0.0033642691491135024,0.003843702610496741,0.0014041508941971537,0.0018964042916658555,0.0027529045823148635,0.0012770460651692558,0.0026530032822854738,0.006214940630611426,0.00012978780829409065,0.00032636053005240945,0.0019013537811328682,1.5348496391696942e-05,0.0007222884556888354
0.00039646566860958993,0.001874240898302168,0.0012783991682775234,0.001221212605821656,0.0013237734510452154,9.504358152515047e-07,0.00019739249997956926,0.009429735111013582,4.7463717038662145e-05,0.0009059770444219822,0.0018745345306119543,0.002610284438400376,0.0005422286706260118,0.00016480485935103234,0.0006596016325862639,7.121986564182642e-05
0.0011284686906144828,0.0030779423477709372,0.0005934188722358236,0.0004225839018881031,0.0008514437727134908,0.0002745310876520052,0.0005601855840464895,0.0032613725109569836,0.0002523058539374984,0.0005381268786052301,0.002105599853424192,0.0019879383846711993,3.6862528098514924e-05,0.0008272316596783236,1.5064069426903859e-05,0.00012672517327321636
0.026833697382597638,0.037702903591974785,0.003915920432194853,0.005717107827342943,0.0039020830453203176,0.005008898655020022,0.0025861485296554826,0.021354589300945553,0.003699337031235761,9.999635434148474e-05,9.20999296561073e-05,0.02694021786583564,0.007173733526847581,0.0021813194405674863,0.008461655681409247,0.005009652132931627
0.00015961112402264332,7.264623859833813e-05,0.0012902652771331347,0.0006772244029327884,0.0016199961963898474,0.0006013460662312731,0.0016520314058015156,7.007291841221175e-08,0.0015264700919413315,0.0013271722751518888,0.005070900343888789,0.00030811616782903256,0.0006272204322217492,0.0025792313428759234,0.00040841085809503047,0.001020271312228066
0.0005849911965876697,0.000522445674608657,0.0027693238609116377,0.0017300542761962828,0.002989261687464481,0.0011017487808323567,0.002805704369433823,0.00021505812987449024,0.0024761554191209123,0.0025330568298740086,0.006379000545774054,4.3493251020917945e-06,0.00127342494992079,0.00403197155087321,0.0007138470328809099,0.0018643987713263185
2.3099115669750203e-05,3.466436504714898e-07,0.0022715115791290194,0.0023719551137135197,0.0025043596276940125,0.0004209678835027722,0.0012764141538036122,0.00020866691686421968,0.000923377092462721,0.0017931641743973853,0.003151549927548812,0.0003636454460903549,0.00026609129375178286,0.001911582783457183,8.765927881265734e-06,0.00076565211078089
7.171420943496293e-05,5.633761943346638e-07,0.0034932210806225966,0.001293089786520249,0.003297908329075963,0.0007197990258898113,0.0015401123226860686,0.002387774418761472,0.0010811568447942899,0.0028035356093941838,0.0022924660912603256,0.000304271395533566,0.00023046393649379243,0.0013805085223216607,6.88870497046537e-05,0.0006197784082483115
0.0027226918341711343,0.0016498525645319423,0.008295976326600653,0.005559084326102998,0.007768339406449588,0.0034644212172474584,0.0044167763906031166,0.001781827549373713,0.004656219996797703,0.005712258542699668,0.005745500294385392,0.0011738909177612666,0.001755729247221241,0.0035557065595438753,0.0012412214776777453,0.002495601806999509
0.0012798415427207888,0.0007339455664787803,0.00635487301158999,0.0038224757055827646,0.005823168613956917,0.0038150697227353134,0.0033626208994438495,0.0019510878503207763,0.003726124886278298,0.004850987571233589,0.0063192118813655,0.0007077278848044363,0.001958417622326021,0.0036738761311461143,0.0008706900443263138,0.001707654949805154
0.00015574407707513033,0.0007503097819459986,0.0019315301502852433,0.0005412236486627142,0.001482461831020826,0.0011023914774257043,0.0008705933076856368,0.004951591110369677,0.0006955816906186532,0.0023379045715327465,0.00277881601932628,0.00027353944301960337,7.886333571294202e-06,0.001068712551122869,0.00022396203026361916,2.0210455491262436e-05
0.0006771259864201407,0.0019257209766263689,0.0004188158077431947,3.1657446879218565e-08,0.0006246719916482152,0.0005047192271074238,0.00011717913886293008,0.00623592913699994,5.767529160538576e-06,0.0014994903184708114,0.0016485054296962731,0.00048659729026026555,0.000251782020165639,0.0006010414198478892,0.0038148631691673346,0.0003269427873535541
0.0005111588124852504,0.0009602379661212967,0.0002858887649314981,1.837598384867023e-06,0.0005886100786554396,8.523050326817577e-05,4.872456350391019e-06,0.006810510389618607,0.00021655318471228147,0.0012170836448210168,0.0010797425055486393,0.0003400992891625307,0.001478104977915,0.0005421530481282549,0.01512661273534037,0.001047869451786164
0.000610302216044023,0.000713573145282087,0.002678537756317316,0.001782398449486064,0.003414547794706721,0.0016082284976124059,0.001384780614054143,9.426108084580054e-05,0.001138990131571066,0.0029237023043362925,0.004496776647674908,0.0003828622693581307,6.238479189939888e-05,0.0039016797124153332,0.004735349279836959,0.00039549311828281086
0.00013352678143490476,0.00047990866395390686,0.0003430172787655533,5.7016208661053724e-06,0.000724755365503274,1.157136818082799e-05,4.189974317822531e-05,0.002025919442399958,7.088798285752318e-06,0.0019079377168222944,0.001872002026542835,0.002049368966556331,0.0009180819008371213,0.001098462377051454,0.011688151795499174,0.00014217585632134155
0.0017674033403016903,0.0023599798616333253,0.0030778370143986766,0.002481821351147384,0.003800401527501371,0.0013949154232037325,0.001653327233517625,0.00015340653805820392,0.0015280421918038717,0.0036130715369932023,0.00516891671863097,0.0002748385816896681,0.00016482877946576158,0.0035419180665026695,0.0012814052101064594,0.0007110519922835165
0.00244119372691097,0.0036288716644741134,0.004306370465124193,0.002746758248474583,0.00468815473438719,0.0012879542868655947,0.00164692939154331,0.001879199390492664,0.0016535125062247663,0.004686653622376198,0.004760048950065529,0.00012530721312790927,0.00010037418287215522,0.003255369618536272,0.0008590778187615999,0.000496146291316002
0.0031860034250033656,0.004144674279622812,0.005867209806324589,0.004168923244132851,0.006131693641790635,0.002122919239262021,0.0019413284637788894,0.003203522155675459,0.0018159996117531052,0.006117382060392154,0.004497837115852915,2.479807724957428e-05,9.003842959531827e-05,0.003603597687017873,0.0008438585255347228,0.0003773220881282263
0.005571507263733219,0.006728777586921586,0.00896622780829441,0.00783851394752167,0.009167865001222037,0.006356147045257943,0.005657228098299653,4.111084482909949e-05,0.005016749170311571,0.008289816895111615,0.008888380494851682,0.000392527398205382,0.0022438695073845605,0.007515304311615137,0.00024006447339917913,0.0027142178545271275
0.0037706942210595437,0.004556946594869354,0.006788649889372521,0.00554527045350213,0.007233937138949445,0.005127447200555177,0.004632625471041471,3.438825249205135e-05,0.004307054520424743,0.007937786018782103,0.00819557742582011,0.00036513831968038035,0.0016264864624083095,0.006672694493024753,0.000168031867806534,0.0021115260608457753
0.0005834248712292406,0.0007710345169588406,0.0025461931092688184,0.001913100581181132,0.0031808238414549744,0.0007722089313364697,0.0006431963145163144,0.004088022117403833,0.0006332210293681362,0.003912281447114287,0.003510681934402099,7.870844654375708e-05,0.00016999121696818775,0.0023913763188868203,0.0030902143486304934,8.404363051545821e-05
0.00027557582287546234,0.0007593590969352387,0.0012957749160472376,0.0007919417630592174,0.0018438605713032713,4.7657966903792703e-05,2.2215832027466798e-07,0.012077356550268523,1.404612836684166e-05,0.0026854539997940713,0.0018173801850516619,0.0007878742532988342,0.003523270849026705,0.0007704231906644071,0.01076789506817867,0.0027025754154309106
0.0031846467704897963,0.0038179088276368844,0.004456819778696587,0.0031537751281471085,0.005783788687453821,0.0022235644243468328,0.002707515268063475,6.307512030556683e-05,0.002880679481148854,0.005980103669233988,0.007026871443794949,0.0004071285240805009,0.0005027871623259558,0.00533554256552185,6.994344043514955e-05,0.000671122688445519
0.0032538444291310906,0.004516177005277733,0.004056686250588568,0.002907282211146764,0.0055447609605430576,0.002737514594669449,0.0032403653933866863,5.12102226149988e-05,0.003092086579122147,0.006342216070465964,0.007104354456177832,0.0002676500080072697,0.0010289591234268203,0.0058716617229837426,7.95133597857739e-06,0.0015650945124908167
0.0014071127721979118,0.002171388222484076,0.002571194055817745,0.0023209336724984153,0.003911966725035042,0.0008202943075471883,0.001196674121923022,0.0007060608387091036,0.0008484102628540796,0.004768711227402071,0.003989537477598629,0.00013753033400791537,5.286550287385283e-06,0.003137450154632751,0.0025581836340551473,8.674053566101736e-05
9.512501140136742e-05,0.0002849215007971334,0.0009874865046894665,0.0008724899562478211,0.0018753618973171154,7.323829779778968e-05,0.00030626569858721586,0.003323537432007126,0.00019514821338213056,0.0029302583845634833,0.0018523495197013962,0.0022524446695518785,0.00045983178582447576,0.0012335902468796622,0.00582635688466096,0.00026306441952464454
0.00013802243593439428,0.00020169789249269154,0.0013916787945952441,0.0012487473264152227,0.0022898198336783818,0.001261691142841137,0.00187115781291039,0.0004170184633918786,0.0020654270950069345,0.003722024510773525,0.003717110133580545,0.0010454676985829706,0.0005138837799293014,0.0029929068340743686,4.793418416181722e-05,0.0005124398817043657
4.3093601169406914e-05,9.471963965637653e-05,0.0013684396614964955,0.0011480805847891296,0.0021800427620526294,0.0015459685363980458,0.002221151274206523,0.00038596648891996155,0.002408883290689126,0.0034201772902658634,0.004195639402681764,0.0010604390152351567,0.000763011890163201,0.0030860664912532865,5.8427787502188244e-05,0.0007833374638319957
0.0006472559666095348,0.0011319758501993765,0.002509497788782518,0.0021878924126887203,0.0035581424522726016,0.0011411434256481806,0.001753940184023306,0.0020305652539488184,0.001691245466631755,0.005007043202284185,0.004062424054756583,0.0005353584069874157,0.00011837266482456893,0.00219927289331609,1.3581989539428185e-05,0.00013561330691318207
0.012082002763916154,0.013596221809769927,0.014763929552137484,0.013726442137571022,0.016113939372082026,0.010427571977473606,0.010958468160528916,0.0013507032542366126,0.010659266326079005,0.015061720092337905,0.014901115292949053,0.006255418408019853,0.006609656324371105,0.01136836037071461,0.0049925910018736724,0.00614636369656793
0.0033068321728960334,0.004572768792715495,0.006517860650565588,0.005370206766967901,0.007708025475612397,0.002475803371966262,0.0026143445804840265,0.002787696267526729,0.0026472292435997385,0.006418406447004456,0.006603324964919485,7.888346170169258e-05,0.00034129422110572294,0.003011288071515905,1.801987231050961e-05,0.0002729304038278438
0.0040714429629027035,0.004942908638338288,0.007829808976307903,0.006490727916892404,0.008797593200961226,0.004340985894264779,0.00456901611670428,0.0012331311583504354,0.0046087069398731,0.007520269366587826,0.008813352374946473,0.00026924367602898513,0.00166616997473798,0.005107506618633101,0.00022204942971081054,0.001808767134258843
1.7004154126420978e-09,2.6481089395249957e-05,0.0013229875379754188,0.0004401683656276023,0.0019052876893331794,0.0005000746971252912,0.000801051292379007,0.005204824451934417,0.0008048058742189529,0.0025344475853495,0.003181006046880125,0.0025370224679140824,9.333124442852114e-06,0.001015802603309593,0.0018313518332150336,4.7199270022252326e-07
8.456160102195825e-05,0.00020871822417661834,0.0001326721646821502,1.2646200885160774e-06,0.0005861437353845214,0.0006413727063006858,0.0009438277478070467,0.0015160874076880354,0.0010895816217789955,0.0013203176312663184,0.002870654184636591,0.0025461940806721095,0.00019021602202923954,0.0014118153125630972,0.0009076399056535608,0.00016847857679445216
0.006980896947370918,0.006328702415769091,0.004155446832006679,0.0058450058734781235,0.0018477548103062458,0.0007349844556413382,0.0002451926910131269,0.008566003345709075,0.0001779830157615861,9.685321715524609e-06,0.0002210356489667914,0.016414368189547293,0.0012398162985637964,3.6861449956515635e-05,0.008853752555016178,0.0011144422620484387
0.001290810211549552,0.0004919873311936621,0.0010706510476889211,0.0013722551724236823,9.242477632451923e-05,0.00012657552155901503,4.470131749868822e-05,0.0032795980362840538,0.00011057538401317707,0.00041860431312650687,0.0015894650987564735,0.006761294367982257,0.00019468831393792269,0.0002756096380887446,0.004293478938421594,6.0007918227585055e-05
0.00020205223130607963,0.0007908536629514795,0.0004968038454084972,0.00032110404019319166,0.0015969243124583712,0.0002802480916632988,0.001507954420485437,0.0003951751109826096,0.0017680999559346045,0.002036708124878578,0.004737362389591521,0.00039866701725082415,0.0003633628242619702,0.002312245664406007,0.000952768961360928,0.0005913546335573894
0.0034942686686856503,0.004807872620498407,0.0019676877198569614,0.002314729928295546,0.0030575906533626546,0.0004010944933626401,0.0015123925565141486,0.0004457129127658846,0.0017189289800162016,0.0027433001589654282,0.004255179725036855,0.00039225845241651347,0.00034642821972358934,0.0022672416160994247,0.0019033078888830365,0.0006032922026186077
0.004562033884290287,0.006642562763414184,0.004456697240156758,0.003963006207911485,0.004946577655751808,0.0020024790312181268,0.0030509360771181354,6.383627753139831e-07,0.0030583316696638496,0.0030667450015568892,0.005498266722017073,0.0007455865640220716,0.0013637024352480195,0.0036833625375583268,0.0004229727036021494,0.0017699222584764418
0.0034218817952110098,0.004935578098697935,0.004228245118072807,0.002975710988064456,0.004039264886788588,0.001998301971076165,0.0028969471121194357,6.729080166766044e-05,0.0031496418966702605,0.003446695339996815,0.004623721871180361,0.00296757199131667,0.001086930615512141,0.0032471218737059743,1.5757774515415268e-05,0.0015514888496711288
0.0031249807124497098,0.004315266705480936,0.00406862379647948,0.0026486313768038366,0.0037462755960600697,0.002082443618687521,0.002709628200999202,0.00045475971802524245,0.0032244475936774666,0.003558524353218892,0.004455692202794605,0.002481213877850108,0.0011651088121120423,0.0033329292374924754,6.590214775376718e-05,0.0011744689728696994
0.004633350089756051,0.006062860430208095,0.006130234071990273,0.004204334792820313,0.005739630841796628,0.0025931399202404753,0.0033630679169800864,0.0009002786404710833,0.004034731414323582,0.005191004989797618,0.005583621987141234,0.00021708484565886171,0.0011041515264544194,0.004191481251994755,0.0004378027680509919,0.000926703003606838
0.006004608342049356,0.005686911746228679,0.004316427760087407,0.002785979478459627,0.0046365933373570326,0.0005993951011064452,0.0009343495194911039,0.006806607024611874,0.0012030678012616702,0.004498335600863421,0.0033849249960672123,0.00011359171116788469,3.5939350371702594e-05,0.0019428234400400701,2.863857839957573e-06,0.00022661525359846113
0.006056634995818107,0.005676995840278629,0.004436206590286047,0.0031124899544418966,0.005271455213744128,0.0010054446489145413,0.0013134491474613916,0.003615555466346884,0.001193839508427559,0.0048598110558600305,0.004363328215090535,0.0002439404888281982,2.724995513965489e-06,0.0027235692331227246,0.00023717269794479995,1.7562516635712122e-05
0.007027445019380914,0.00628791390432204,0.005965999673889007,0.004581423916761328,0.006945816523359669,0.002384880345393338,0.0026722498661984756,0.0013935673258965997,0.00231620208904227,0.006333825147962949,0.006350345798931248,0.0013356276470136846,0.0004189621026197479,0.0044662824619444985,0.0006537717986488806,0.00038431469695895254
0.0061065074919328735,0.005919805213081442,0.005357159483728363,0.004602113279246825,0.00647403984811095,0.0008186515777168987,0.0006560816706749351,0.015619666328389195,0.00026477764122420644,0.006768435451213271,0.004658607294793601,0.0003737905841215694,0.000388193319980544,0.002524802498066289,0.0037140815514172254,0.0004555032664442654
0.011265970154825042,0.010906767322937095,0.011110611457539887,0.01077003632425149,0.012292580370457051,0.003970488915431024,0.0035940700802762487,0.0018640148187645394,0.0026061002886340334,0.012117188268656785,0.009803112555026534,0.002835222737653048,1.760144633339983e-05,0.006746766614988922,0.0018640148187645394,0.00020287597236930827
0.007795175402565364,0.006793651994594432,0.0067652321345388,0.006361501271556963,0.008069137371177565,0.0030320444662944174,0.003125129325266769,0.0013081062122712456,0.003218058365791157,0.008960547406656267,0.007488632091525782,0.0003870249603441858,0.0003643745660741257,0.00550294913240669,0.0030934743962711675,0.0008150572394612365
0.005655893879789174,0.00462102074104459,0.004827377585056435,0.004530136179862407,0.006327080891275323,0.0033663471842198395,0.0036322971441878626,2.6931528769591484e-07,0.004344003686439828,0.007597021640158276,0.006838621260099598,4.0946318738591114e-05,0.0014112045235484122,0.005986873767331105,1.945064659558682e-06,0.0016708045340131997
0.004339003977428091,0.0032634617630189766,0.0039380663892146645,0.003099955189876262,0.00546622417990654,0.001737257349331181,0.0024369905126245123,0.000277492062929173,0.003183666531769304,0.006552626317369317,0.005375953731463566,9.17702239908863e-06,0.00033625494285715457,0.004647901881540843,0.00018671301691383646,0.0005030679900707574
0.005065465295495258,0.0037981424361709856,0.004732734042906785,0.0037903005597379053,0.00663049252486321,0.0016285828898368535,0.0026688283848249617,0.0006598199270592478,0.003538894907386972,0.007557499166617028,0.006377067138267523,0.0002410263646129493,0.000323879957516128,0.005057486205085268,0.0005637281908652675,0.0005986261573116061
0.001194064264382011,0.000730547394565087,0.0010681896112456069,0.0006423350020941798,0.0025132445504563034,0.00017997363704752578,0.0006577855840774888,0.00521983627022414,0.0010817983556426353,0.004014518198531256,0.0034460434162691816,0.0010879456130856238,2.3863914102813244e-05,0.002138679839279914,0.004975550320277924,9.412454621965383e-07
0.0036748821185301345,0.0027828790085883195,0.00358187759703079,0.0027635276406368647,0.005552807089414899,0.0019249680489255988,0.002750451255984221,0.0007880357342311753,0.003235307916792343,0.0054293630571998625,0.006699622502799797,0.00044726191264862075,0.0005515431857637879,0.0049236749977062885,0.003160545232412909,0.0008742138630360372
0.003107119799649019,0.002889532543987841,0.0030436532222617024,0.0021960180718051947,0.004990292191251813,0.00029978309141927284,0.0005762998356447294,0.004829525843157906,0.0006419314307331142,0.005182449237931333,0.0045233502146740726,0.004491989838009483,0.0009359669607307552,0.00262806562270379,0.02043956403083852,0.00034023544680587825
0.0025450008848284453,0.0020200992398677897,0.0033073900381496504,0.0023221096224500873,0.005077511419878042,0.00042739269790410817,0.00040070598695612913,0.004242700014502054,0.00037277492961783343,0.004907590364652978,0.004116041468086931,0.0039989769072568265,0.0013125458978989202,0.002447885926896015,0.020965285675023926,0.0004910804524168935
0.0018574532166517888,0.0011568886909385095,0.002992897521778448,0.002183155913033724,0.004479183453597602,0.0021555983482759444,0.0018635012732068218,0.0009916351740455534,0.0016509167991186208,0.004764208816773988,0.005142303718002381,0.0034678480106129506,0.00012452530986532817,0.0037849742147770954,0.0030490359645769516,0.00023769333955082905
0.0012611177027188752,0.000736182903415164,0.0026360933121895302,0.0019724526732814995,0.004049207618885851,0.002576445367169111,0.0020510582515187517,0.001560198297661325,0.001737559262267152,0.004799115466838949,0.0046428730202136975,0.0046469513743820495,0.00024201491978972922,0.003755333098903052,0.0010770584693133717,0.0003093184426474563
0.011358921107903406,0.00948255415824334,0.012243611814824893,0.01136729878602986,0.013925133717705353,0.01068814100749648,0.009483853329581779,0.0008330284432402565,0.00889264391454258,0.013797426768900035,0.013097356517776163,0.0018655446120235397,0.005245209579896985,0.01210680369867946,0.00022010630391015862,0.00565052114279959
0.0029529927345214174,0.0016271513760741027,0.004292247445821656,0.003449104107670159,0.00573689806051586,0.002527611093822671,0.0016695546463952327,0.002137878326388447,0.0015759065676828332,0.006285662605658104,0.004567399772541281,0.0007298961954888827,3.843981882120651e-06,0.0037142924928360854,0.01823298812681036,9.101222676454607e-05
0.0015993071622020238,0.0005023949234344849,0.00298574019186483,0.002122268044182987,0.004484795173645334,0.002708331742551383,0.002125590342642328,0.0002859751652262432,0.0022496891657066004,0.005451694724134926,0.004692145177957338,0.002023249815372455,0.0003436239469932212,0.004076722550044022,0.004872554804676757,0.0006523099328889642
0.0004727463547288882,1.4038858898030027e-06,0.0017120854387741302,0.0007089543586404692,0.002949613591653036,0.0012725571136578406,0.001342316376627982,0.0013236994469996571,0.0013996991059847946,0.00397410850176709,0.003837347567570114,0.0042028740796643815,1.077362872481391e-05,0.0029438805931776973,0.004390789523225275,0.00022526984751818774
0.0009732709445194193,0.00022861903797968125,0.0023689965415539457,0.0016145626040135683,0.003935525822044247,0.0003592880311125285,0.000503003637769707,0.0063775090311426474,0.000518902279871461,0.004426517420714489,0.003736989496876425,0.001168991070347035,0.0004933426262753587,0.0025309372122088725,0.012000653096849376,4.146857107006907e-08
0.00041110679320994353,0.00017151836406927717,0.0011840658717960847,0.0008179785583462343,0.0024936202191256154,1.3898814442844798e-05,2.5977131778737172e-05,0.011389993329419368,1.5847154939081787e-05,0.0033455313349546323,0.002390985112226421,0.0027579365456855826,0.001858128152704537,0.0013138490740549624,0.0102902492351917,0.0003529335379009943
0.0012148545521489112,0.0009199489342615469,0.0026057582978548655,0.002653850514117609,0.004256622727378111,0.0029134709334742853,0.0028308161514055616,1.566857911577957e-05,0.0021616288807742023,0.005212614554028661,0.005857461846912229,0.0009691774523620383,0.0008411719477811053,0.004747365499186321,0.0002299018408689693,0.00166257094514375
0.0007014018348006912,0.0012911069122609614,7.920584944864917e-09,2.41690719268578e-05,0.000376155507273164,0.00019696788171842672,0.0001480181491247054,0.0030616289056968338,2.7498659741491405e-05,0.001829857722594662,0.001541347478346236,0.010979050527062134,0.0001395882847674279,0.0008898101023022964,0.0006207474429452062,9.709845228550451e-08
0.0015317903867774207,0.0008023892260379806,0.00425405028318708,0.003779328750679871,0.00573014456493149,0.0022494866470045144,0.002258727757803357,0.001381047682203887,0.0016361947505310614,0.006051770561632211,0.005270974544201751,6.136427831556629e-05,0.00019727213187384351,0.003790249655133915,1.8641368902810873e-05,0.0010309986449562117
0.0025766489289950623,0.0020787847244004565,0.0058983835405701165,0.005164789246238602,0.007268437358308941,0.0016043294557032267,0.001726638779211101,0.012831912838696613,0.0010307515428787661,0.0066850919837507655,0.005232579945493934,5.767616800601838e-05,0.0001723455524708581,0.0026619401434157045,0.00046427751610424173,0.00010497172079506484
0.0015784389693121459,0.0017322660206261983,0.004103649740869547,0.0025512811366801003,0.005370081530524526,0.0018405823062920962,0.0017075262468169844,0.02230364977066665,0.001371422388471287,0.005220134172390492,0.004772525605384201,0.00011775827274427414,7.286941685794024e-05,0.002411744485216173,4.01324193017652e-05,0.00047304580781461214
0.00033549860257476444,0.0007441773748912556,0.0019894771471227965,0.0025869014464974943,0.0028255000584723883,0.0004699461855819237,0.000357818921385783,0.022123323303494855,0.00015867806859707484,0.0031347430127003292,0.002989179096831329,0.0025874122073886174,0.00039773146585744823,0.0009277021298986637,3.2249324449992733e-05,4.029743153770304e-06
0.0019908431372859595,0.0019406635965290853,0.003375577205539375,0.00417406495151508,0.004367635811726139,2.4160934780637078e-09,3.701688115931995e-05,0.022533470904216715,0.000274357915559284,0.004129909813216648,0.003022646448768526,0.002117820279791266,0.009217321147474616,0.0006308680549191314,0.0002968770729426806,0.0008535638540349069
0.0007611684398971599,0.0010071336869620362,0.0017161526398276825,0.002391570704979404,0.0026982678622217843,3.8307897867850826e-05,4.804068846851056e-05,0.007683710002790015,0.0005483871264369208,0.002497592082369965,0.0022227446302442305,0.0034543547185936496,0.0051795464213074405,0.0007864351223815375,0.0005862600641108606,0.0010936991812725977
0.001164482111083942,0.0020435357580593644,0.000989595274345445,0.001655048635009218,0.0017744517809800756,0.0007121917510324732,0.001152172589077148,0.0009222937775254236,0.0007485536994279729,0.0024307914155555638,0.003238462273196123,0.001712450565553962,3.6107587325868995e-05,0.0025395745966802913,7.805761053141652e-05,0.0004850446278307427
1.1451428624797977e-09,0.0001876521462957359,4.0161058660545534e-06,0.0002352597024517164,0.0002170392732633239,4.816085057898767e-05,0.00022916855122893237,0.0049400705257025695,4.730416857789965e-05,0.0008706309040321936,0.0013354109393472202,0.004849975518679633,7.811481304048629e-05,0.0008988601785022907,0.0006678007990039495,5.156719093862144e-05
0.0005314844641328698,0.0015374784535019254,0.0006696699091201103,0.00038164921860276563,0.0015840184878032765,0.0005983711760272487,0.0009702425694225886,0.004255047984675686,0.0004460606093974681,0.0017049703466641974,0.002616539697513215,0.0009790661045204277,6.754318292077899e-06,0.0015729965562030282,0.0003578265280690385,0.0005276143817795897
0.00112121893472647,0.0003064863224220768,0.0002885903699320694,0.000753697919380146,5.6257915849802775e-06,7.408180947805765e-05,1.3957821407867277e-05,0.012078416319399168,7.588325310375205e-05,0.00028012383143116715,0.00038575775573369137,0.006050031468103609,0.0009788766399448576,1.4487113154021403e-05,0.0031272216728713276,0.00011263054831366776
0.00021009780378330317,0.0005736016823291168,0.0012118353609820581,0.0009616557488553445,0.001955108617445349,0.0014337479192592095,0.0016179006414010905,0.0010062383224667057,0.0014380333767022024,0.0021727027276267075,0.003719906428872377,0.00034594703426627654,0.0004161382816276968,0.0025101773603859456,2.826173545952826e-07,0.0014097403093986452
0.00042815290606724316,0.0012969826563687392,0.0009706528645742202,0.0004317409357626478,0.0015056481207232075,2.2474507409137034e-06,1.743494156744574e-05,0.009006816708237622,0.00011933476171985952,0.000793701506818463,0.0019525754980985605,0.0022100859678290882,0.0021753293128395565,0.0006263503656979835,0.008755757509714301,1.922406207569005e-05
0.00022629240754866442,0.0011124710398234955,0.0012243539305475948,0.0002502176820882093,0.0016852892898044508,5.5955083783088e-06,9.93161909802337e-05,0.004894838322400508,2.426543621011218e-05,0.0003820651349634163,0.002649420290312496,0.0009530166734260173,0.0012444052748675494,0.0012248248163613251,0.009362457685336445,1.7330818042539387e-05
0.0030827813514129193,0.0007106075578690585,0.0003140716199062643,0.0004891522676034252,0.00021737986224458494,2.733163807777661e-08,7.34360906004955e-05,0.0029596377932009227,9.18592370812571e-06,4.2539137089750434e-05,0.0011846372937387023,0.005695841896762144,0.00016840525567093922,0.0006627584850558838,0.002989758838190984,2.8517479820779068e-05
0.007701450154893805,0.009786687267064581,0.009590306675449967,0.011390257966462147,0.009017202003844024,0.0027061051979261064,0.001615037513591655,0.01157144176097366,0.0018040855408498688,0.0005163923511000909,0.00022635173970953631,0.03164581452217288,0.0037379724624314187,0.0004606748289178869,0.00997839086368138,0.0016601946773258033
0.0002182398071323699,0.00012096174390171383,0.0007787464135796049,0.0011645543550652948,0.000585447293937065,0.00018438393421761623,8.831611592319266e-07,0.0031674303029275985,4.462903165303872e-05,1.5366154854645764e-05,0.0006899357584158744,0.009054422360931916,0.0005450815519796315,0.00031164378968873835,0.0027191395640664,9.68619010117966e-07
0.002312203890893462,0.0034093595395277704,0.0006888951121997167,0.0011015538670317848,0.0008218211974998779,8.009749951978784e-07,0.00033985093436214586,0.0016169667841314309,4.914158363387988e-05,0.0007629254211350966,0.0022295008713352354,0.00038629418432211543,0.00028123519799767155,0.0014935768932666654,0.0007415663249356538,0.0002974231793614057
0.0024207814275160056,0.003524722615962081,0.0018747181084373121,0.0021691247592227486,0.0022622518660241064,4.736363277374478e-05,5.952166890199617e-07,0.005398873916736921,0.0010456206952406191,0.0005010336420600905,0.0012768703885882374,0.00020659999706677118,0.0016917945237747145,0.0011397308476907009,0.002717371056960974,3.750929516752044e-06
0.006348967329188215,0.008330909259002567,0.007864038701498446,0.006236626652073196,0.0073090415616954355,0.0006277321521268309,0.0012649972869807971,0.0025602930208798863,0.00016990621548580026,0.003136030866104249,0.0037249948798870752,6.854621139702755e-05,0.0028992684076205727,0.0034535986224542223,0.0005284083449273655,0.0006124944052843112
0.00606964950865746,0.006768553509514608,0.007041458338327394,0.004747275270297682,0.005936841109578497,0.0005720925732018017,0.0009756887768327463,0.0011890459078049004,0.000280832044465551,0.0033918004887771233,0.0024684695071850657,3.234451879409461e-05,0.0009078427739282052,0.0032295462904290417,1.0556416552939818e-05,0.0010680919141942413
0.004281318950551817,0.004858988114623153,0.00614627092725796,0.003438819383618258,0.00470816304249258,0.00249310677258905,0.0028705784569163367,3.9566111566344264e-05,0.003036324787642569,0.003443750582490329,0.004462448738302011,3.6768902182959806e-05,0.001146797409194919,0.005612322112935879,0.0020602117300534822,0.003345716997668391
0.0007508228505797437,0.0005107036721112013,2.788729941551049e-05,0.0015738598336873938,0.0004889418686766581,0.002693848723743189,0.0014089843717496817,0.013354775562801957,0.000976378297575714,6.024614425510777e-05,0.00011585824675509199,0.010897110945890867,0.006620915287386606,1.716025083724898e-05,0.0017677873016254814,0.0014195181701512835
0.004925213866437184,0.004271602345943468,0.003438306871565537,0.0016172683992335332,0.0032464488390294283,0.00011964185106741465,0.00013665659077690545,0.002405165216743471,0.00014390676717912498,0.002714567384373194,0.002648191083367425,0.0008217088985578574,0.0016060830753790861,0.003012251559254546,0.0006291379638701106,0.00017161515749119366
0.00268593519926745,0.0027398944386887586,0.0010675358748225908,0.00041127877997993584,0.001398484413289186,0.007329804417932781,0.0008944534259071671,0.014764446792652569,0.003679569061140406,0.0008517460011572692,0.0007393651430143422,0.0010136600822925543,0.015388311128438331,0.00098042108315783,0.0001048973944952486,0.0008127446292697446
0.0014173572278483038,0.002181362442779687,1.5027190578782712e-05,0.0012306567240094324,0.00017709237658745242,0.0025821742526181968,0.0010368566169641422,0.010439937746946834,0.006412833385322336,0.0005310965986453572,0.00018091297688265645,1.6235939827649593e-05,0.007916295843834673,0.0003596828839236982,0.000597294024823343,0.0007028539907767903
0.00156716054772027,0.0022627118746314373,0.0004090063725325638,0.0017985106721384939,0.0005603808657181908,7.76310062377411e-06,3.726643488641268e-05,0.002762237841868617,0.00152339764931754,0.0012413539541344248,0.0016991608979240597,2.271460362904959e-05,0.0024811865235864414,0.0011924192512785814,0.00011612755729986657,2.881956409260533e-06
0.001253606596358675,0.0024530304216277693,0.0003862723081745137,0.0017700094696205815,0.00047693330848972565,0.000755797622502323,0.0004494123261508387,0.007497358391499065,0.0032760464590811528,0.0010468345937791196,0.0006892640938231526,0.0005260921294385559,0.010259926088288629,0.00028554383482969764,0.002529308799401664,0.00022698367006857012
0.0030619416068337207,0.005366888185141569,0.001912862916740199,0.004070812900227566,0.0019197688355085535,0.00022042989541979502,0.00037707432848591016,0.013190126112911094,0.0027237372469684634,0.0020270365143595787,0.0008922035838644093,5.816996098618327e-05,0.011506241723754251,0.0007395285398650517,0.004619435458376203,0.00013244759973723985
0.006392631431844216,0.009346596634981993,0.006091204194355271,0.008521164469864832,0.005674522943167733,0.0017914869109225337,0.0018614021834190767,0.0025700486738783057,0.0003362817473008123,0.0046392825009821115,0.003210938738713455,0.0004081068774401467,0.0025720821197697946,0.0036354947254043576,7.943568463750217e-05,0.0008557275205747575
0.004631022584873697,0.007995044803314276,0.0038348008511628756,0.002950937849520857,0.004091460114359402,0.002348406359023468,0.0015855745931139115,0.0017642217620171888,0.00024023573187281766,0.003660130581783494,0.0026399554173740444,0.00012221627011879677,0.00014492018879325164,0.003119455283562028,0.0006348440684885437,0.0009733591328293517
0.003874168934238295,0.006900747363540627,0.003897266017552456,0.002228067483703161,0.003858356558389342,0.001756577205431542,0.0009910007287011885,0.003915226015605372,2.2149806462729016e-06,0.0027802804585575214,0.00275011826461561,0.0004310656031450977,0.0009514195812555665,0.0024348950869008817,0.0005086982023851244,0.0007743373148063337
0.0004297147438142371,0.0016390162553642368,0.00023357010871265238,0.00010455178514305608,0.00018749956904749038,0.0007055204819410368,0.0015560445130712863,0.03695245205672926,0.008785037810124546,0.00032626627014750026,2.1014726041268528e-07,0.0023224968859127462,0.03164410778995139,0.00021579820077076428,0.002906929082006529,0.0022270881062276815
0.0008384633513769738,0.0015844995455921024,0.0001251051401915046,0.00013236345522836535,0.00018162208293494297,1.1399893737183697e-05,3.439919173327949e-05,0.010564079312486763,0.0012341507231726848,0.000324566697857534,0.0005524229525511598,0.002435854748583176,0.005716789310408185,0.00019909899128519454,0.0010151169820795947,0.0001021745721270298
0.00025767548712318095,3.8106570191098754e-05,0.0018480193920131088,0.004286082850185821,0.0013414810363302013,0.0017827274408170543,0.0010174094257220864,0.013315235085436361,0.0033490450218141843,0.0005238061006016884,2.5723020987619694e-06,0.008097037186369782,0.008209164883295914,5.229569524211469e-05,0.00799473277339438,0.0008554514445545253
0.005991450305190105,0.008811608641045368,0.0036867753169304504,0.0033203024497548417,0.004538051854929177,0.00270683570833994,0.0037344793908040547,0.0007918145013730629,0.0013157267065991851,0.0011686428464302498,0.006689650294270946,0.001720171717003581,0.0004725553749155148,0.006549306073969877,0.00015146986827140052,0.0046331082847506505
0.0008788698114610832,2.052068841063015e-05,0.002964863018960359,0.004008515772591606,0.0019193470867521975,0.0018678591910109218,0.0007361699399523886,0.005558121731270224,0.0042311697134715665,0.00027077043691615954,1.292921653729684e-05,0.0077363197428683,0.006346279413492584,1.3552627368955406e-05,0.015767840335714656,0.000456250331515938
0.0071776163874841675,0.002166702370114633,0.01378885543862951,0.01672635954228191,0.011781004489409372,0.0033367144037518837,0.0015383986237866298,0.00912289890988048,0.0028906823534203124,0.00135688666873926,0.0007953460667495457,0.020060750207277905,0.004547487584555587,0.0005491248858188261,0.007090003148823951,0.001108645817733546
1.926846660144088e-07,0.000669669128179097,1.1694678669883773e-05,0.0004889345435970735,4.007287378685748e-05,0.0005077208122060486,0.0017264985501287342,2.0760822956218672e-05,0.0012253928858791535,6.019436431058123e-05,0.002443183238403923,0.0005949486195395565,0.00048170143942851545,0.0025829052892656704,0.0003364719357037138,0.0019989653337611213
0.0011140701284308024,0.002781645167365246,4.2575391654003925e-06,4.778944521080519e-05,1.6327203144574087e-05,0.0024872872980663263,0.00010491258059521641,0.0071847691246055695,0.0011964602638106225,8.716609538213238e-05,2.4000688529361713e-05,0.0025181068466478274,0.0038721127165513985,3.969074055425181e-05,0.002698434329873045,2.1022392969173576e-05
0.0014641976559549713,0.003696807696104712,0.0005419927084797105,0.0007565179854395823,0.00045031387856396543,0.000886530973729871,4.304296155813875e-05,0.008461606687947501,0.0034922598161019197,0.00011849507734607717,0.00016206680808748125,0.001192580974242921,0.003587230974749986,0.00011391790015803649,0.0037960642468403694,1.1696031752272962e-05
6.577153284067355e-05,0.000312302331903859,5.920916184148917e-07,1.0388809952022182e-06,0.00020833438753670164,0.0006102206857489662,1.0390493101995746e-05,0.006010925382707977,0.0007447008228136792,0.00031067458099268835,0.00015592008160041082,0.004570166105560949,0.0020454825198487764,2.3792089790967974e-05,0.0012995672399831043,1.23990550183542e-05
0.00011109275580429429,0.00044463853396114333,9.527618623217382e-08,2.2278957841764813e-07,0.0001628891044027081,0.0019551266515482474,0.0005692482733794524,0.006866892466248428,0.00219615153558788,0.0001460269610475337,2.9849390612832205e-05,0.006593555947862886,0.0036762729872389516,3.608935766556687e-06,0.000990295501348673,0.0002207252240330193
0.0004243718692581791,0.0021255485720996295,0.001827757027493132,0.0013407332162096303,0.0007146789222918712,0.004266537697191292,0.0005597095396804377,0.0068723680487352,0.008713672746243087,6.717735585130835e-06,0.0003787287435266587,0.001915566891928025,0.018310994957902657,0.0002066585512118732,0.00018600121622855403,0.0009312356151904913
0.0012708435350200706,0.0038153063706794985,0.0017740950980192835,0.001365281905522403,0.0007111202489317112,0.002726382836739885,0.0001626429181745756,0.003978367566811539,0.007306518254950073,0.00014384549620132664,9.032909672861827e-05,0.0004404434302847232,0.013719756158613233,0.00040937916806932373,3.5035910694598826e-05,0.000543145317729754
0.0025655509090972,0.005364628931583064,0.0028109350600892813,0.0013708513999391436,0.0020760433892072494,6.871625766506628e-06,0.0003120563611721597,0.0004084840173759832,0.001993788178315553,0.0015675411642320572,0.0009014683240286814,8.341698101748535e-05,0.001022579137089162,0.00252932388086706,0.0015498227480648663,0.00039248324224567394
0.006344782499285981,0.008863635112040948,0.006782110773937568,0.004201893897329306,0.005566283903997729,0.000987931567741289,0.0006120957813292166,0.0005366345030284533,0.006194579569946887,0.0010553861316649482,0.0017552624521434551,0.0013652613455935395,0.025919342718414257,0.0032945019509185713,0.002671118261027443,0.0005292792594241078
0.0003069257388381569,0.0017990499108208186,0.0006394587221094233,0.00012010088424960902,0.00019586171355003706,0.019144863976047574,0.0033233639940085796,0.02128318875639784,0.022690586747140917,0.0004742012683561156,0.000897120010358389,0.00029124945208260783,0.0593754281105453,0.0002130942718251011,0.0007817909003127038,0.0025713203178175242
0.002463939369688091,0.004714395641300606,0.003525836923449266,0.002494526896689303,0.002372499653632759,0.0006786412436040959,0.0021215803128495775,0.00015625891188188884,0.0004745359938236604,0.002736121366249414,0.0027074024258693236,0.0018057604927179949,0.00018930096947963881,0.0036260934258013078,0.0016117814245913062,0.0022756565527043554
0.004562857197997414,0.006937712556802186,0.0055303819050125935,0.004500551530737279,0.004556849020977187,0.0034944573751076874,0.005183471464910619,0.00024071190798917452,0.001487740995377053,0.0035660499333407814,0.005649186897214886,0.0035664082001765907,0.001657471354457471,0.006486271397253315,0.0031325156239100233,0.0048063607358728305
0.0008281361742440707,0.002745282573922453,0.0010700643355463224,0.0008030883937179961,0.0009461499673212997,0.00017161027971034776,9.55214992685513e-05,0.010384733463259466,0.014484236473843087,0.0016740382504703208,0.00016645010800106497,0.0003627270328105739,0.007951777553674752,0.0005468619417256099,0.0006243662792440041,2.5820893588685e-06
0.0032458190586746316,0.005060514743095004,0.003007118728805075,0.002942604208341082,0.0027931080933305194,0.0006458286261842444,0.002317297818465111,0.0025309687608695702,0.0001616343598267525,0.0015005107628617842,0.0020359152708102762,0.003163880193934751,0.00042271958280605537,0.00287724863145436,0.0007978865874449098,0.0017177658286116823
9.843511180506609e-05,0.0006287386670799644,0.00010479640821880326,4.954567962803247e-05,0.00010994980044591596,9.32776946064584e-05,0.0008870041118218402,0.0025717016102655837,7.85050566012857e-08,0.00042067392814522375,0.0008390027171978759,0.00026715486565082047,9.192446529360243e-05,0.001394231452734311,0.0002867536849812738,0.0007987412069490607
0.007330383256234793,0.003516725371907309,0.0063058163743721085,0.009424910704851491,0.005708372606405859,0.004100874501899082,0.001134723882399137,0.013786651689170246,0.0049632498257496105,0.00021772388407906296,0.0006971967149467032,0.006733033037469277,0.005452874348584019,0.00033267470723311737,0.0028122133219794787,0.000952038102715394
0.00084105548173663,0.00010000320333566903,0.00019953278269924102,0.0009685839439761632,0.00023019739025673114,1.676363589976637e-05,0.0009989772798809221,0.0002936415900557654,1.6399815620508906e-05,1.1929307458524718e-08,0.0016061965524500205,4.6379726487362494e-05,8.308075307439378e-07,0.0017291755526331054,1.793849997899777e-05,0.0011510937941847862
0.002367731969916062,0.00042075216203112803,0.002435096686341884,0.005267352235952871,0.001871296442831523,0.0008496313013515028,0.00023086320646491243,0.00042924124739539965,0.00017576655006942138,0.0006861175796451235,0.0008494730655489446,0.0006184195402556686,0.0001253836356689686,0.0009745671914775933,0.0003059134992933546,0.00046142049029793825
0.015370391940679934,0.006420683464450239,0.019755292166611205,0.018864733144703147,0.017038410988921268,0.020882021993736025,0.0040217766784641645,0.011770680362772956,0.012132000679715899,0.003083981580057654,0.0016854134290318692,0.020139537128682036,0.01008896567428387,0.0015164082449541927,0.01014532158618367,0.0032919650041790954
4.652646578162667e-05,0.0003072381972701252,1.9010932875429543e-05,0.00023639942296226069,1.482633752367124e-07,0.0006752782300653778,0.0016586856537951639,5.178753243038209e-05,0.00023656125648481574,0.0016039068731157555,0.002765167335425339,0.00014450248896365897,0.00012198446897665471,0.0024632245819393855,0.0007145732383334533,0.0016991405313441371
0.008252229941121292,0.003008431026513464,0.003054763438135849,0.005301723961219029,0.004047205600236456,0.008833500070099087,0.00021714965943242515,0.0032837551734195974,0.0017080767404937455,0.0008064768095143796,8.556774292040048e-07,0.0043871522778596295,0.0019380073915835766,6.477098797509628e-06,0.0004671472382763789,4.2614570304952415e-05
9.652002497251289e-08,0.00012312045088538198,0.0006817321952650307,0.0003419694406899612,0.00032336858294525206,3.516484464713421e-06,0.001583106584145566,2.596292562818958e-05,8.329506977834689e-05,0.0005947451669780501,0.00213360065439544,4.025636249474496e-06,0.00048609430006311266,0.0023859999621347328,0.0009704992032566542,0.002057331488963504
1.6718419306664678e-05,1.7069115567348858e-05,0.0017957825482526196,0.0012232797697482034,0.0005690547038569027,0.0002799857906251313,0.0024908271143306987,3.821055755956482e-06,0.00038456912143811084,0.0005279940605422279,0.002206193616967375,7.645037934508186e-05,0.00046097849547568903,0.0022548798501001305,0.0008137248425321708,0.0019844101613019777
0.008909286353608145,0.01099780877255789,0.002544398273768067,0.003308296423739421,0.005380764577472122,0.006631966696590344,0.0015951913526971936,0.013393346340672088,0.004828316302565347,0.0021199058536519044,0.001799118416969038,0.0055574507204394635,0.004714267995876251,0.0013864786265211024,0.00503620805344282,0.001440313196698892
0.0012122028420979425,0.0018285846355370408,0.00019806783687836144,0.00022041249602080398,8.893368442886712e-05,0.0001416763448276112,0.0002787731402510707,0.0020688684773874783,3.735880878741327e-05,0.00044650859486127653,0.0008635771102284209,2.6946596644893128e-05,4.175842033609517e-05,0.0005666068206895553,0.0001441195474110521,0.00021677563763077695
0.00048766615758207704,2.5108114212128718e-05,0.0021775110126725367,0.0023533763235012023,0.0006401721310538705,0.0002681985594162259,0.001974820864132816,1.2443963721131546e-06,0.0003234996003612378,3.235558326743215e-05,0.003020952585257891,0.0007358084050845815,8.824176352043023e-05,0.0024454139730301777,0.0005260422457390931,0.0012361848117646984
0.0031401848577361224,0.0027604677734465247,0.0027044714748415133,0.0033510964608197066,0.001820872528185552,0.0009469185206709002,0.0020636401536090546,0.0002639792811014244,1.8382298707653177e-06,0.0007451732396478311,0.003739925700403268,0.002039695454390422,0.0005945023859517395,0.003911745217332049,0.001489330341318429,0.0021304060516773027
0.0007190010032133362,0.0007703041631290999,8.992456092402068e-05,5.977603207827503e-05,0.0010734009432999125,0.009193213930494687,0.00272570883397269,0.010916575701219594,0.023792099895012075,0.0011942528102007535,0.00023836075132521728,0.0012932307610605612,0.01753805392215073,0.0007498322301247515,0.0031141498095356435,0.0030807173536080146
0.0006894449520774004,0.0004452972852828016,0.0010441062894012768,0.00025394563715735313,0.0002457701081779451,0.0067098063585684375,0.0010581687664081296,0.0035550882694950353,0.022893275524242446,2.4751163206215843e-06,2.3014975626255152e-05,5.03070030077879e-10,0.02265213495085064,1.930106491784822e-07,0.0001245368217479073,0.0008977113292913813
0.0025103005533345726,0.002088997348033597,0.0037761441784002897,0.002296728125614156,0.0021878465112525614,0.00032284217199488735,0.0017138608884411655,1.315341148794974e-05,4.4632860573282085e-05,0.0018670121005465445,0.0019014811102422355,0.0013478384202548974,5.2568532953163605e-05,0.003466429908959484,0.002591221824394953,0.0016652589912538457
0.004472225815838768,0.004646755946180643,0.002840672747621162,0.0017938329229311156,0.0013894328073052464,0.0008120357170625786,0.0024131143739010708,0.0001038045203467855,0.00048724928958244346,0.0014174934058270236,0.0005579918994340835,0.0013735116861194885,0.0004184492537073342,0.0030705302914156712,0.0025650358977509086,0.0021702445087491695
0.003574500741499828,0.0042483005684675335,0.0019482758368398884,0.0016313603019883632,0.00100028751040529,3.0242265164764914e-06,0.000276100471989095,0.007385056898577991,0.008878221011004106,0.0009115187885419332,0.0009001691178605886,0.0007467327853243888,0.0018711594698765932,0.00017679015350188787,2.1978955242363263e-05,4.218176820817293e-05
0.005517802563580594,0.006384659792184007,0.003987222529931861,0.0033338621874810237,0.0028962934561426595,2.4384540272905098e-05,1.75449683800441e-05,0.012266107330873785,0.06784790015633388,0.0031131320521586986,0.0018740196433754408,0.0016960004950439603,0.05540036577590651,0.00018825070147149986,0.0005893965875165136,0.0007635666494670429
0.0015415330034165564,0.001969269396413495,0.0010134302504548956,0.000542365128190947,0.00043316659237284394,8.063579558312273e-05,0.0003915591904628951,0.013623524034852008,0.05179202882229145,3.0451950160437224e-05,0.0019583509697853815,0.00019164934345143603,0.02426729841545347,5.637884804712834e-05,0.001550244104525783,0.0008109202441910213
0.0036106647015624466,0.004953656726316508,0.00319636815842686,0.0023308485147407743,0.002036099924682497,0.00027141690352953246,9.266165738611165e-06,0.01823092724595625,0.010172538004153547,0.0017685322877796783,0.0010210045539058368,0.0015489174975367725,0.07626439855821215,0.00021863220447485704,0.00034564996576370854,2.9219490841454754e-05
0.0026801878768535486,0.003791411386079614,0.0017883035557973229,0.0005882389649972675,0.0013012588627026173,0.0033851888289773008,0.0006851716816307085,0.013706711393076998,0.002206467674301875,0.0005783160495134304,0.0004492729440039728,0.0011487858296356235,0.042407575182538876,8.568706166015017e-05,0.0004202040107544533,4.055273235887419e-05
0.003782712109313073,0.004722750093213407,0.002508418405220307,0.0014371386013904003,0.0023079018214586453,0.0048569316694835885,0.006571700264912959,0.0029054520210429063,0.0072376532700008725,0.00038600602486867086,0.008087966903218329,0.004966034846551254,0.005875144283136305,0.008458326667863114,0.006729084112084838,0.00838207263024765
0.07568490203448539,0.062008504241468976,0.08294209084568918,0.11206857431742945,0.08962552448905034,0.017974282212940576,0.010262198837216338,0.027928883526729953,0.009800513926613172,0.0023450066659495977,0.005335792733451958,0.029937949595039093,0.01118253903951208,0.0064062700093175245,0.012275544141208405,0.00740387905519535
0.0010629175043732758,0.0020639245028177405,0.0009847240555292125,0.00024071798237829123,0.0008300055362354675,0.003985983696774949,0.007307869817971983,0.0036445330568118522,0.005664484630621788,0.000680565731727166,0.010574329428969055,0.004790767977969006,0.005972287325027345,0.008785190187562394,0.005936701422229962,0.007239548200210652
0.0011941479152743767,0.0019857249367083996,0.0010511057959038186,0.00011974215652420239,0.0009741686212299677,0.00015001146804650978,0.0013126131366942503,0.00011835184049963782,0.0014645201493177634,3.211676642438793e-05,0.006668871092673424,0.003577482225099765,0.00021318189985326114,0.003676866847615104,0.00016226554077729272,0.0006709415623069939
0.0007127148090344398,0.0014981896241128279,0.00016905811980305607,0.024377344203253964,0.0004694903541337045,0.0012864615698172377,0.0020715595933641223,0.0026770010251814247,0.07649791721392962,1.6160285394230256e-05,2.6279339574789007e-06,4.030530144741307e-05,0.004643890203687648,0.00010721759545608694,0.0036493406226954933,0.0007487439674549734
0.0035835225181688538,0.0050562716115563205,0.006302802093442611,0.013310704226968395,0.00431059164498486,0.0024179435543800476,0.004612519027232864,0.0001271830068569138,0.0002956257470423246,7.855675838363413e-05,0.0031805127952936885,0.0004067533505328763,0.0006808782458856272,0.0033525998024932224,0.0012181519209449043,0.0034626470606745896
0.00044465738883645717,0.0010459216077421674,0.0023455080755274763,0.008857820243550071,0.0008278023543848295,0.0020848549511728737,0.00025835741088670733,0.0106873013771763,0.0004260043868540078,3.466537895256694e-06,0.004237970723283843,0.006860728618095613,0.015197572904529916,0.0013139075907447686,4.6798395395258874e-05,0.000663771064255865
0.00583240523962552,0.00687534254033869,0.009593088022516391,0.01644368911109798,0.007116928437277188,0.005379651029211438,0.0045478427363658605,1.627830406204095e-05,0.004807870631567221,0.003503949994490149,0.005235871688308663,0.001181904627143189,0.004336657419521245,0.006003595760695951,0.005318238197484879,0.005229354423838428
0.00026531302421876207,5.581382784849986e-06,0.0007906124230322165,0.0065046536094386515,5.2964216524425956e-05,0.0001631534304322585,0.0005338964470543509,0.00454292708164436,8.827492715686447e-05,6.973084968098231e-05,0.0002279969160901077,0.001955279680362715,9.211824839364807e-05,0.00013589089641001528,1.222637766339768e-05,1.229045061167805e-05
0.0011899626363954252,0.0016532844005090475,0.00023732493290876122,0.00042546102396986973,0.00016097444222052532,0.0010931585958112444,0.00045511494995398305,0.0010508574309276292,0.0005678195125949706,2.671837978883429e-05,0.0015632289640401253,0.00010003008846091316,3.889381231567124e-06,0.0010811498594524155,9.772300446367344e-06,0.00023365003657410677
0.003853031841245594,0.004395531185248908,0.0030532442238265928,0.005089286376284266,0.0025170757380198194,5.939188331876427e-05,0.00011429539044133241,0.004409279008938977,0.010387736729474392,3.3453286655410475e-07,0.002041794326727936,0.003343074554758324,0.0296101389262301,0.0013413143129444444,0.00029759989073187276,0.00030122812926464126
0.0022377085564072655,0.0026260327979575476,0.0023832519410688924,0.004966967281204437,0.0020480845349029747,0.0010879573703135928,1.8103891745467615e-05,0.0017848920726173112,0.00041852162005474175,0.0001388015553910535,8.564292573100263e-06,0.003351071908976627,0.011450948333657063,0.0010805823990402003,6.05837201596085e-05,4.0303687155768264e-05
0.0007729067615254229,0.0009416655593090378,0.0014711422062716958,0.002507186271417973,0.0011428585130559554,0.0007057031352501394,0.0017740040001420626,3.488581925996381e-05,0.001151137591401813,0.003809611913851957,0.0011757911239578256,0.0010360172468110995,0.0004690999638143692,0.003288437747431573,0.001378796426018139,0.00209430423151738
0.000520803752242012,0.0012586876077487624,0.0009370342981188801,0.0015329288126953028,0.0005195318472054136,0.00042046454034985054,0.0018500505224886415,3.97448174473819e-06,0.000923331198428981,0.0008687744631891287,0.0010401391282121586,1.0301071936072437e-06,0.0001801379225734659,0.0025367193664885407,0.000843706088443974,0.0016971434798105645
0.004021567891077021,0.0059212503219810975,0.003087587884556528,0.002727163099066829,0.002700119495909807,0.0011435710692873219,0.003201812128156359,2.738524319901431e-05,0.0019090044684792265,0.003959692920403046,0.002632883608059175,0.0016750546528112586,0.0009934392373282738,0.004506749373386347,0.0010955143504716852,0.003329530797227004
0.0012807288111977289,0.002695838172417392,0.001335529666836581,0.000951206853968406,0.0008757458956528547,3.5076754872909177e-07,0.000947561031356986,0.0012720061909251568,0.0004389292205751391,0.001339784582914616,0.0008506694859457958,0.0003194724614315053,7.161654483092e-05,0.0017262933315550927,4.143139553172692e-07,0.0007268853632851485
0.0006946732141093342,0.0017583217739293305,0.00066069156181537,0.0006323430848839337,0.000615972801052779,0.00010398597964617062,0.0009774234787574623,0.000367722927035255,0.0005934550747423717,0.0015387260492379373,0.002033028407282589,1.6792487668934597e-06,1.3578364753130678e-05,0.0018478941382046449,0.0006010332466396401,0.000574690349526577
2.1281934942246616e-06,0.00029811665717054125,2.854265241043069e-05,3.749800782014423e-06,3.589210874808957e-05,0.0007382563837842887,1.1820601942776066e-05,0.002230106031925548,2.3170358102286848e-05,0.0012004898656374219,0.0013229714238162243,0.00037977729986422154,0.0020895863340464477,0.000528104876118575,0.00043733636034649914,2.285141012881714e-05
0.004087059806551156,0.00636758869903041,0.0040858432519785826,0.003962100341391134,0.004129572755253032,0.019142160762426252,0.00018230603988149408,0.00599828623401967,0.0022420709425480523,0.004158411218028235,0.003418112368993066,0.002418696052659805,0.03731632681148858,0.001385021295471453,0.0019839378890180795,0.0007763738288346644
0.00396775418595359,0.004960698680196052,0.0031571880666684815,0.0028728573676989194,0.003101485304402553,0.03124102695882669,0.04799319864679899,0.04799319864679899,0.02118504479065629,0.0007849765223612581,8.036317441673102e-05,0.0001590398060502471,0.0035108287922713255,0.004247028304976905,0.006337662417100057,0.04329655762325785
0.0015963767495509457,0.002194899567448075,0.0016300563309388089,0.0014918939146878057,0.0016125490895817218,0.008361897218445172,0.0025422582969559515,0.01589913193509826,0.02673007640534311,9.338945956095801e-05,0.0015031788518371086,0.0013214760813748394,0.0716496147203177,3.849964246259441e-06,0.005294184146487746,0.017748465594825832
3.854409574954865e-06,5.9201443437378876e-05,2.9183449156124086e-05,4.321623163451582e-05,2.0874312617019664e-05,6.107172347575435e-05,8.7245995283175e-07,0.001607075782657237,0.000554452551746791,0.0011671748027943588,0.0019377022567449859,0.004121962406959057,0.0024780188726059027,0.0006755511222397981,0.0036792195253852883,0.00017094040238790215
0.0001336061771485264,2.5001053865082723e-05,4.27242005888312e-06,4.1597276508043013e-07,8.388971536509027e-06,0.00044162956130511244,0.00047369581683368717,0.0026057950205177344,0.0023629911835170297,0.0004438508741083577,0.0008388963608299202,0.006578935689732848,0.00825002976625884,0.000172403199045712,0.027934501920415244,0.0014416226310527205
0.0008321953042858266,0.0010212242740397642,0.001355439863974614,0.0015708076588770714,0.0014125971533367615,8.649633752254304e-05,3.4092775521854524e-05,0.0005208499163670277,0.0005902663674966085,0.0015231838743575005,0.002154546258963469,0.001967987117353527,0.009350297139089386,0.0013592826150284204,0.05766260998283937,0.0013654808040530486
0.010155306393741133,0.011508128955374404,0.009624957729937753,0.010461333249647084,0.00987526685968165,0.008038617508220866,0.008615788442385218,0.0043469753481846785,0.008140585828717649,0.011038802291135338,0.010976043035225709,0.0034153238969921867,0.003340589339592012,0.011216660952454084,0.0023674236806187215,0.006014761692554216
0.00112061862724884,0.0019169532437991604,0.0013463697654237938,0.0013210607839454422,0.0016448922411862743,2.1409179614767515e-05,9.884625026625876e-05,0.0017591654469427398,0.0002856078789053376,0.000269458306422006,0.0010660254208622044,0.0014565696614217347,0.002131181498109737,0.0016477262178752616,0.001309919780805531,3.660724675146054e-05
0.001369732794594708,0.002172275442437671,0.0025822786001666737,0.0013309441931309424,0.0025982534385220885,0.013006464060224987,0.0030498211993090357,0.013326944749505937,0.0014066394570064825,0.0037775606466856904,7.575934593641309e-06,0.008380503337579753,0.05658387334748771,1.5271871662982106e-05,0.028289049467156407,0.017408263759223358
0.002853043597445884,0.003508910697346296,0.004989899136126533,0.002958360421915357,0.0047890638075284014,0.0003474061445266144,0.0011446807425522232,1.7654736750999378e-06,0.00132724873134165,0.005441899495516031,0.0036035276462473703,0.0018572515284841495,0.0006281547685788938,0.0031358973092087405,0.0016472825813308098,4.213079869463954e-05
0.00022506218418447133,0.0007795744455753248,0.0012865119263989616,0.0005339119739537004,0.0012909414420513438,0.0016288966389832668,0.001957166389022255,0.00011427296750234767,0.0016972187167983849,0.0009277504613368556,0.003477498311545535,0.0034414894235488824,0.0007763062336014065,0.0035959366651281063,6.585167703643952e-05,0.00148126907444604
0.00012574015575277792,1.5352355903844317e-06,0.00018493441633809365,3.226396421439348e-06,0.00026725074806613347,3.488572771745413e-05,0.00010251911514443796,0.0018247717429855578,0.0001309291981185859,0.0009593333191579845,0.001028017615152893,0.015867724103132322,0.0008479498182481782,0.0008720459356442445,0.006659352125296489,1.0298446573082931e-05
0.0025612035394351473,0.002522600209863224,0.0029327479534155404,0.0016032284201302344,0.0036583553796664878,7.022473873519175e-07,0.00022458333753926085,0.004371832280939181,0.0011046295967267403,0.0032739109824395374,0.0020874700428714713,0.0025335359526298395,0.015380848981046774,0.0010201628274402116,0.005302218710261292,0.001827694600365866
0.0038502828566521624,0.004626308615414909,0.0038165097098852713,0.002289846358582426,0.004906608355614572,0.0010011932747577557,0.0019087208817168688,0.0003550286708546638,0.0012261984018392957,0.005780304225231486,0.004494937936180318,0.00021853308344692984,1.9104857082001547e-05,0.0035400719201058514,0.0011107619414837538,0.0002362039015108841
0.003279499698774925,0.004047093158313135,0.004576434695553466,0.0034704913621406985,0.005209731576062408,0.002042060733619462,0.0032364656150015852,2.7441751272949677e-05,0.0030689391102290825,0.004472233698511879,0.0060909259293152815,0.00011605019778244269,0.0010975349622131536,0.004760703166121365,0.003044422260683438,0.0019657680448059572
0.003996901389040693,0.005609083057817946,0.005012780158419619,0.004412570663228255,0.005563719720857757,0.00047605885085491573,0.0017913901426908907,0.0007954883388257422,0.0009754674645491707,0.006168525176353086,0.005344322806139168,0.0007103885668664628,0.00011589263556877061,0.0023200974472529085,0.0006647131663678058,0.0005363644973411658
0.0013765191315828693,0.0023344737536323407,0.002099111575397189,0.0018759995650535141,0.0026348858221447308,2.4991219448718127e-05,0.0002255688366153627,0.010255709567008997,2.466456685022711e-06,0.004294767162137975,0.0025752133914119027,0.0018060765355483455,0.001314770423214602,0.00031018148760141723,0.0017409958076202298,3.248472233958327e-05
0.005187135169723647,0.006114003487550389,0.006800654574702143,0.006321183791833912,0.007455019764243349,0.0031268659253777392,0.004071888711084035,0.0009353004192520914,0.0033871215889430192,0.0060903200317478645,0.00853548641815173,0.0005459706444203016,0.0017722635398819825,0.005059960529320798,4.408635565382457e-06,0.0027042586629360543
0.004626774200431394,0.004520764898858408,0.004559720699854872,0.003959752868000127,0.005401876963185517,2.816757569493178e-05,0.0002741166454294369,0.02180905118964266,2.87272351566642e-05,0.003934412971628498,0.005436998938427459,0.004556712414610406,0.0029703109917035425,0.0011842906785605456,0.008747220906014833,0.00045803620092215586
0.0028242802229686975,0.0029477874441650176,0.0026431883524798555,0.002009183342401119,0.0039021596605943454,7.480505931386355e-05,2.2021083638135153e-05,0.008468465373931325,0.0009235236180856476,0.005805323593995784,0.003885362023150901,0.010334517401375379,0.007990642912408683,0.0006324298028397984,3.829853500710717e-05,0.0022273023343948803
0.004069739880293244,0.003936913185917018,0.003980617448861717,0.0026158425013085226,0.0053321775486473155,0.0026975860717125266,0.003599293339209428,9.453990753454516e-05,0.0024243352345096336,0.007630657424296514,0.007378589631933802,7.896558135850329e-08,0.0010765974038566203,0.005146129117184706,0.004504690372434436,0.0015517083280597102
0.0030153127453597245,0.003394917987675994,0.0029486986977382765,0.0017703529123252529,0.004304298041759386,0.000590139999053052,0.0009289694096702439,0.002179215338373265,0.0002802659427152063,0.005151035399814756,0.0045645392153702835,0.0005679316391223738,2.1191693524991173e-08,0.0026988497630411473,0.001809012675441285,4.507577250199846e-06
0.0029862613899717533,0.0037111968999659142,0.003321123412276944,0.0025227759389014476,0.004752122546667237,0.004802606758789185,0.002486728249348945,0.024100619662066947,0.024100619662066947,0.00515910540400312,0.001886063952652381,0.0061867563444040485,0.024100619662066947,7.65957370011533e-06,0.009321676175446145,0.024100619662066947
0.0033652249724340083,0.004202554812920339,0.004183703516162554,0.003240613555542303,0.005611270188367712,0.00014150604241411346,0.000642457351792261,0.01911665242977112,7.777154268209796e-06,0.005749399517991756,0.004920621059178024,0.0005527751946706808,0.0031374461927959896,0.0015128107204966726,0.012608984956149996,0.0009133112557366818
0.00434871041568749,0.005158187244549445,0.00539900211408581,0.0047687697282870894,0.007201340613996139,0.005210007928063615,0.004914263681006448,9.980601272089468e-05,0.0036813510836193122,0.008554023972230318,0.008934750615827533,3.7054663790808684e-07,0.0024933273917683713,0.006549915383442656,0.0010858987573740195,0.0025782865546956912
0.005031878324500277,0.00548586867108973,0.006804309744600334,0.005790895460251327,0.008511191804299427,0.00453571382896277,0.0030195158337519012,0.0011275463862874327,0.0005442681374535352,0.008608826958734328,0.007689560253841689,0.00657800485297802,4.590166674299512e-05,0.004836079644606764,0.008372329951386412,5.995024052678211e-06
0.004545494260665972,0.004662411784879111,0.0067918008551748,0.005583268050826415,0.008465099751836395,0.002736559727507616,0.0009455060962287598,0.008411139440232557,0.001498240384777326,0.009486529850887358,0.005206023383313947,0.0053714721588879605,0.008411139440232557,0.0021669452499185685,0.008411139440232557,0.008411139440232557
0.0011684803522740636,0.0009978872096927174,0.002835146751324083,0.0016096138599885346,0.004373642988905052,0.003265113345835763,0.001967968749466087,0.011488646692226906,0.0007526475776672009,0.005575840371295465,0.004345969830397853,0.0011222132915593083,0.00010457864145607676,0.0029531885802799793,0.0009562381113949678,2.0288285925172678e-05
0.0022313984027292344,0.002295697200271389,0.0041661215347285965,0.00288812869491184,0.005926577299872268,0.007060312132756728,0.005542743705229017,0.0005902644461621212,0.004171846262695372,0.0069796020041141965,0.00752943847264026,0.0007692504949312756,0.0030935886282418557,0.006487732996373771,0.0003328894826404444,0.0022956385083210545
0.0009285484982775039,0.0007962025681993445,0.0023719938445120464,0.0016701205450903936,0.004114931958423176,0.004888743705718901,0.0033729442368933688,0.0015050966014208203,0.0015431576434047078,0.004948004007127041,0.004988228321193125,0.007489259663222433,0.0009283981731142282,0.0037889410580954908,0.004484465895308237,0.0003979966314358735
0.00407665745895569,0.003418702213354441,0.005925174020623272,0.005180732612791672,0.008203785400238826,0.009607658347518477,0.008276959875216552,0.0013742961967783823,0.006224317842771075,0.008623319217901257,0.009818486173063655,0.00026797457246639095,0.005685438487490334,0.008741898321187422,0.0012729000650458025,0.005413212563073255
0.00026081375846242344,4.454022339329955e-05,0.00124514698802837,0.0008262464678857051,0.0028441446289641514,0.004189651178342635,0.0035215576184500497,2.606593140070529e-05,0.0024152320244757997,0.004057816321464153,0.004815188933634466,0.0014014499322336088,0.001937326593756214,0.004026770356134003,0.005769290194063442,0.0020370795612048506
0.0007863988259481508,0.0001800049557396377,0.0018059999408187727,0.0012523246130927423,0.0035445936696540253,0.002381007516017747,0.0023505444631228903,0.00267022918281401,0.0012899573988041507,0.004240745150386943,0.0038140112168296436,0.0047102031893567625,0.0004977295594219694,0.002579750772057257,0.007481385308766603,0.000667895545883021
5.490111841328221e-05,0.0001562403919310798,0.000629885152647322,0.00012960186733965845,0.0018177609069576356,1.78817824872321e-05,0.0002366930296683195,0.03168903351376759,2.000804341928397e-06,0.0024891821981461726,0.0013903204552087045,0.0038523634941565466,0.0006523049713851453,0.0002479447239245522,0.005750169792798007,0.00021520182487019812
0.0025725084224332007,0.0017070733608503669,0.00438131420303077,0.0035027876093819063,0.0062681307556567215,0.005356046203647102,0.006110968352630149,8.247650206561624e-05,0.005128507438036903,0.005519042712925762,0.007930498518862197,0.0012905608506933175,0.004474267457256778,0.006388845508387475,0.0024723474848228066,0.005149574217884978
0.0031457948245290357,0.0061469494143277514,0.000844768635627241,0.0016397325976001062,5.401376688604631e-05,0.0006837041839039687,0.000840165055004026,0.0017944040558818056,0.00032586372746260667,0.00016018739227041667,0.001543683788074346,0.00539312733996862,0.0003625657783344685,0.0007835590945841076,0.00018922929167271285,0.00046604160503974784
0.009241033394418813,0.011386547136536765,0.004565078919796198,0.006547593507272284,0.0019048054834354608,0.00013880146025825602,0.00029313345816920494,0.004049473822078625,3.624840416752845e-05,7.654905459369976e-07,0.0006219743740522032,0.010398847929188118,1.9253840300395564e-05,7.786693124135075e-05,0.0014552301765013084,4.41715116780636e-05
0.014163942498921597,0.01804782305763733,0.007383442917039726,0.011832761717707321,0.0038567739719652383,0.0001286437824161643,8.808605764173971e-07,0.012830741778343105,5.308245408709028e-05,0.0001405060893777746,0.00010571242309311002,0.007749189674925577,0.00018573621741587582,0.00021321011198335155,0.004828167310192061,0.00014944399198349445
2.9967184504500755e-05,0.00039297190077836053,0.0001251728561367793,0.0001181083896613852,0.0006544620423175052,0.0008898774768975326,0.0017330164295016257,0.00809067935070315,0.0016165405138305333,0.00025875348604158244,0.0031802088485967037,3.08334198131921e-07,0.0009396452046153414,0.0006920471355666702,0.00016575655009132967,0.00100945740070775
8.005229881816872e-05,0.0006507605510012518,0.00018097999891204114,5.790649842686568e-05,0.0005903547045476853,3.209637701451218e-08,0.00020806365022194712,0.028947628565288513,4.1489348474643695e-05,0.00026961022047452404,0.0014762542012605184,0.0017294271171469575,7.484961066318158e-05,0.00017816367162788727,0.0006725343744782009,3.939993903134126e-05
0.002129104627794115,0.0011129489458741385,0.003098128037627851,0.0015114077822290795,0.0035352355172237893,0.0010359173683575432,0.0019421521211796938,0.005704784061301038,0.0013160956504297133,0.0017730856807872258,0.003962617052110068,0.0001807473390639941,0.0005134123843350269,0.0004809384470543937,0.0015746552920557141,0.0008403481035936522
0.001422506048646785,0.0003450268424768435,0.002369722532376266,0.004263527334554935,0.002145721087314964,1.5053140545527588e-05,0.00035662987951715075,0.01214180658314544,0.00012638807367092164,0.0011068000416991075,0.0019343988489518987,0.0024238542208916136,3.619303514092176e-06,1.5166352707748909e-05,0.0009319420399402645,5.635712116883185e-06
0.0006509951554417442,0.00025344999249148764,0.0019112464412047864,0.0035130458198817383,0.0013386352242383548,0.0008499317585398819,3.0908479991646753e-05,0.03327526662816696,0.00022432417531694643,0.0009319629107044786,0.0003735478014060198,0.010678987797240552,0.001354475563525269,0.0002666330562818009,0.00013853510832464305,0.0014323858669332487
0.0028256290640182175,0.002337256111183815,0.005056168374814929,0.006798250396887917,0.0041801202749574,0.0019022200165814337,0.003596980030494433,0.002490399048078705,0.002770113928594345,0.0029047072243823385,0.0047910504043362084,0.00020906140914188354,0.0015662335592404805,0.0028708918428158176,0.003270993363201108,0.0013760133358686755
0.0008946501512634292,0.001012444527182882,0.0020576912873137565,0.0034697204458342262,0.001720991434517774,0.001719985842276367,0.0031876917936710936,0.000917880470701439,0.002893254062867931,0.001992420999987636,0.004038288713953647,1.9852302310760517e-05,0.001680889856935791,0.0026650861009201166,0.0021957384724496584,0.0017358671406762435
0.0025154173964416354,0.00292683113802876,0.0035029157329001526,0.002183455782555098,0.003842581097647943,0.0028250315853351193,0.004150060178687742,4.419414053313808e-05,0.0038531914978918724,0.0024529494925086687,0.006125495258120527,0.001638682514138623,0.0027311052319232837,0.003960951325124459,0.002639079341974382,0.002657878080008086
0.0002049982153787197,0.0004596245062435528,0.0009113584056693672,0.00011911655644679386,0.0010909930425365283,6.041177294317107e-05,0.00041429984822857757,0.006687546314899137,0.00044384011386443267,0.0011862841391481957,0.0022352233275101177,7.50500384407854e-05,0.00020695240987473468,0.00018043948226544038,0.00020420250974918785,3.94107245292874e-05
0.00034306676890768356,0.0009870103833264504,0.0009321639236787443,0.0001866632175724081,0.0012969995173855511,2.1674428612623864e-05,0.001005040420450319,0.0034478936521660647,0.0017888426418679465,0.0015299203830297509,0.003536190577947046,0.0006565351311550172,0.00014031029803324158,0.0012033576628353443,0.0004030126701544262,0.00034740119923255125
0.00042612393021486394,0.0009930526380114296,0.0015074412145080762,0.0009862033129617587,0.001826759838187239,0.0004103796621091754,0.001963540403189745,0.0018719430485899177,0.0029393021872140546,0.0022258745604294694,0.005228628655303359,0.0010942344231973308,0.0007967410933957808,0.002980613372751323,0.0037776632244491265,0.0011590989088580833
1.3132262763053404e-05,0.00022701131577204658,7.664485159689788e-05,3.0427439768401787e-06,0.0002313481518758445,1.1531761138355856e-07,0.0004187324278454724,0.003032872410132642,0.0005914646974516102,0.0005805921501996283,0.0026345896421512832,0.00012014394187913335,1.6894427318316085e-05,0.0013097286064322686,0.0684211840507625,9.265491278366567e-06
0.0004911554753006045,2.5366702356442727e-05,3.773903900391312e-05,3.9102126707366014e-05,5.727528983499874e-06,0.0009165265709599468,0.0015970621772538815,3.3685247650960815e-07,0.001662739291726778,0.00021454376242963785,0.0035329604028824096,0.00029555802812437915,0.0006105103069223017,0.002977213742274193,0.009157243545638849,0.0008743064036633302
0.018640803286360155,0.010450848024682227,0.01145975638206824,0.012492022476924075,0.009418518441600882,0.0010351940750602667,0.00032307169945762493,0.0034934711695288334,0.00015365495486705655,0.0002947333808351049,5.759259403270711e-06,0.01305002151904544,0.001233517142627788,1.2071587341150325e-05,0.016796609624568887,0.0007043040686296326
0.002638360629114933,0.0009307239900978453,0.00044817573483452167,0.0007841026736652781,0.0001642343470894883,1.248289495078131e-05,0.00032148157022734297,3.09877946576137e-05,0.0007521977357213064,0.00014718220477816235,0.0018004053170418005,0.00287165737213764,1.8257499083407236e-07,0.0020089314857764454,0.004150253602917042,6.52422805054037e-05
0.000792559000934577,0.0016309162204999408,0.0033187965357597687,0.00261932660011574,0.0036695358217987764,0.0013852268003004334,0.0012008421083410867,0.000744011760869176,0.0024575207843397368,0.0028081921886015104,0.0056194770453538295,3.5302618466521996e-05,0.00019645282226829486,0.0054206710211238684,0.0016312949608871946,6.988126213888085e-05
7.816341112291958e-06,0.0002832801138879515,0.001158294789999903,0.0011843759858838343,0.0014797115375146247,0.08915108701050475,0.004494413323618968,0.0020783313900413283,0.0008711975735136504,0.0008231396575993782,0.0004318072322292421,0.001914987112781194,0.028717560192883435,0.0008531260677317118,0.021506766654223533,0.009365269442036236
0.003144604323578465,0.004630865287800101,0.00891139622076361,0.008687098759007542,0.00839593847904975,0.020538862598158625,9.803376248930518e-05,0.0004551012153953468,0.00017835411901251375,0.004411609200491218,0.005168198159046233,0.00011972292875843393,0.020538862598158625,0.005962125639890563,0.012926954373601196,0.0013670690337492103
0.005058724301099243,0.007327162357752347,0.010431786847591468,0.008895208548920102,0.009298419331757561,0.015443322690650158,0.0016235810102671264,0.0004877268792373296,3.955761686885023e-05,0.006121858684744935,0.004479299163347029,2.681482636217314e-05,0.015443322690650158,0.005421198744711288,0.015443322690650158,0.011090366857751596
0.004835264077211993,0.007379466304689927,0.010298294106213007,0.008751029063802759,0.009167374514105937,0.0006352601723468021,0.0015757249775649462,0.0021788157191926505,0.00285921321637711,0.007767046696698317,0.006257675665187756,0.0012780789556729455,0.00011148589044857743,0.008604409370438049,0.0006814934865719269,0.0007458651319311588
0.0019106072650421774,0.003654296749361463,0.0068308091979127,0.005706606671466441,0.005575292021142431,0.0016861642806531435,0.0025862296544461455,0.0009017584070918766,0.003495710157433593,0.0056132501582647,0.004773394773281009,0.0013549303381164904,2.103848318792123e-05,0.00696727448324997,0.00013974007321899962,0.0010234487417449464
0.0029405117007300988,0.004240665675547754,0.0051611718282724775,0.0034127050810753984,0.005337307645494643,0.00040435711446663164,0.0005166707966881984,4.406133523136152e-05,0.0013177208952082978,0.006198345045764199,0.002189687906734794,0.002104759244511957,0.005359633307673292,0.005227121813138412,0.0058174941301030875,0.0010448231675395311
0.0023484161332276154,0.0032296475709830824,0.0036257758209251242,0.0030625750258158196,0.004645075480393307,1.208147006063337e-05,0.00011857339182170384,0.00022997384710244512,0.0008274421403572235,0.004995449451334802,0.000980520118356809,0.003018385443894843,0.012860089273649969,0.003956793693013688,0.002817567019696862,0.00627379399918139
0.006877763894675634,0.008701654761725665,0.006533092714417432,0.006500923897946466,0.007826925604302294,0.0034570125191328294,0.004079868096951995,0.0009539039679625216,0.0065644788464761655,0.0073955127228756,0.005429700224296313,0.007140256791583921,0.0004726248182880463,0.00813750922913295,0.0020590828201766456,0.0018174876941849244
0.0029491178795664555,0.0042292673648088586,0.0026264377850425402,0.002011641847525003,0.004200727347704082,9.716492750772021e-05,2.3748731870873452e-05,0.007090997924847187,0.0005423408802289476,0.0066495392498194875,0.0012545002627525892,0.0009606908262330682,0.008471859968609136,0.0017408609512573336,0.0009755167138179033,0.0008312154919566245
0.007427039617171796,0.009387316902371129,0.007303954652360084,0.006640732275890286,0.009188908146951762,0.001911590035443625,0.006533285848235509,0.006533285848235509,0.006533285848235509,0.008707666506215489,0.00168737965367724,3.738507806223812e-06,0.00017517188522214733,0.0016404498046255836,0.006533285848235509,0.006533285848235509
0.002787544057790539,0.004146399655457683,0.0030209059132345617,0.002069685015467969,0.004565739244145273,0.014343982678003742,0.02457629809838069,0.013447915059389012,0.02457629809838069,0.005197242782716237,0.0001441070047987561,0.007555214095457591,0.007739591437887647,0.02457629809838069,0.000567344877573657,0.02457629809838069
0.002481544308463292,0.0035055245980366023,0.0031746500193257088,0.0025278176189264256,0.004729504140164251,0.006078985006912618,0.02357586288712679,0.022872568197817633,0.02357586288712679,0.005180926224225904,0.0006633451011077984,0.02357586288712679,0.02357586288712679,0.01631123415564563,0.0021035478456250117,0.02357586288712679
0.0008767871776826364,0.0013662638399674076,0.0015964444639598452,0.0007944243622889369,0.0029533900558505605,0.007636152158707332,0.03610743174762546,0.03610743174762546,0.03610743174762546,0.0035841541177437375,0.00034682938047955053,0.03610743174762546,0.021979347520536416,0.03610743174762546,0.0025633209117410793,0.03610743174762546
0.0005371331679393937,0.0007617306186978728,0.001289479820887146,0.0007631972386262162,0.002717435997973444,0.00011985852783710782,0.00032093310876634557,0.038116812694657526,0.012672300074359294,0.0029249356263535767,0.002423291109656535,0.015954946379740917,0.02515731710505778,0.0032964754766905274,0.004098163286168098,0.0035887180181550377
0.001084415933898554,0.0017619740577110715,0.0003737302208353735,8.056188703718659e-05,0.0014229858716458404,0.0010539106730009795,0.00011289990003811312,0.0460725936549197,0.00035244329152810117,0.0019745082226617777,0.00241921947477422,0.0011343150622477038,0.0006413410195121108,0.0003885970438391728,0.0013382631013374585,9.499757217983767e-05
0.0022914954974629365,0.0029120379119092904,0.00179529699390657,0.0008159652271587242,0.0032797795860343495,0.0013322666621937845,2.4934658648292918e-05,0.03409812170754964,0.0005778981828843191,0.0013127772521979858,0.0020365263692355487,0.0011562778549213462,0.004958342070958258,0.008804552222606218,0.008246875018099203,0.00016087007454373276
0.003970435792505875,0.005478033638642667,0.0025306884487577355,0.0017574918759184072,0.004135967865265031,0.003186877087735393,0.001267814110177283,0.028204276007582157,0.0010991900064529492,0.0017660403169403038,0.003720733406175028,0.00044015470603380596,0.00032048512241587834,0.0011776840142714226,0.028204276007582157,0.0021220327704007946
0.0011149775829103412,0.00021979257852720868,0.001532284957521439,0.0023460813069692277,0.0004173788916890034,0.00038658528434514644,8.898805167809748e-05,0.010065629912789725,0.00031497428798878124,5.574674357064491e-05,0.00037863678787353194,0.005758406435754815,0.00010818419437733096,7.227741563547302e-05,0.032885063229601025,0.0004639736061770594
1.2421957153646579e-05,6.473292464835578e-05,4.225352529878268e-05,0.0002870243267886277,5.731829969611579e-05,0.002798461601840302,0.0021243028065138156,0.0007975565824781192,0.0024737544115788976,6.784339804763451e-06,0.0020922489241614883,0.0016297524316839576,0.0011356294841429332,0.0017962349275722558,0.006291706151496462,0.002910267928461191
0.000230393578458353,6.772894795385731e-06,9.251238891112845e-05,0.00024249217713444987,1.248376381665639e-05,0.0020212544604078925,0.001637955206103707,0.0014904235617010583,0.0012940154691141598,0.00017499547100899293,0.0011763817153353784,0.005576607546357068,0.00032571711883780385,0.0015266992843353255,0.00900458699600068,0.0019344359279462597
0.002046596330228967,0.0005306411897423452,0.0018272867909173082,0.0018816929127667623,0.0007076338112620706,0.0010155297949502873,0.000986156786538045,0.001681562324949877,0.00079793668270111,0.0003047519521159406,0.0006808310798468373,0.00735426549731992,0.0002313247122261372,0.0015043495768361087,0.0013046616806046407,0.0014775557183100071
0.0007425978315815651,1.8831244095719735e-05,5.786371071261204e-05,6.151620868519864e-05,1.0967449712989685e-07,0.002603845398905895,0.0030127459029792025,1.203799212465273e-06,0.002814964361795208,0.00016124612802020238,0.002600183851338256,0.003079611813744082,0.0017508102944309711,0.004383566318136203,0.00034533428430350704,0.0038401268465805202
0.0009484529282574733,0.0027000423287635578,0.0016702033913950712,0.0015565626256402731,0.002093207961438248,0.001347427487367485,0.002402403586552082,2.3024530391366205e-06,0.001754257109755672,0.0012474912052949302,0.0019950238905746334,0.006054890670651597,0.0004608805841895894,0.00542763317133476,0.0005009855137058233,0.0036589775847443162
0.0017083522929444567,0.0036410445458964213,0.0039226530378422275,0.0038110794457218294,0.004173083907050193,0.04316534645792444,0.0032348754854776285,0.04316534645792444,0.02774983087357283,0.0018712831328408022,0.0010326196721776384,0.005064641855254098,0.04316534645792444,0.0027105060381516916,0.00013549515318730249,3.617895609063504e-06
0.003544573378351054,0.0054079161215937754,0.007607236284771765,0.0065972547435051015,0.007107942331942729,0.004848843894511762,0.013168614407620335,0.011415228205912037,0.023580443202195683,0.003674023234924745,1.7985618464000375e-07,0.0003274058591268142,0.016247182264367485,0.005076287268983112,0.0024199027840979895,5.9667444298507066e-05
0.0017360711932837142,0.00380900833223953,0.004786595911430866,0.00338015540470063,0.004359686596779336,0.0006708243487950905,0.04127391883444173,0.0013433263920892696,9.930280628747679e-06,0.004189332863343262,0.003808891187711716,0.0008355802494776285,0.0003201135116870854,0.001828949315931791,0.0004848741279505145,0.04127391883444173
0.0032847020575107605,0.005389347955834067,0.006803168289624038,0.0051820364122472165,0.006388165061724176,0.0015258230536599054,9.37414700099698e-05,0.00015058665122891224,0.005882644121448455,0.004753709146538006,0.02403809548533825,8.05271886931691e-05,0.004133865606426923,0.0010106437316749345,0.0029901020961715513,0.00038469163794827704
0.0021143001924075616,0.0035201786793655765,0.004791814230308375,0.003090947162410637,0.004580146329914422,0.0012264116922426488,0.00412684523841636,0.018464446001874663,0.00324119118400059,0.007041715488851352,0.02834879782601743,0.0012536777346031508,0.0016098098552858597,0.0022931866276299714,0.03324353058708096,0.022304018517814786
0.0014144098337647987,0.0030797775305276553,0.002737357333636656,0.0017863196994293007,0.0031788993454959225,0.01382578206891312,0.021001493121670198,0.03680123594895754,8.92056909266234e-05,0.00575419513498833,0.0001415498024132794,0.0020031101096690263,0.0034500998748323575,0.005200035676492194,0.030465388078713296,0.008031999239123497
0.002051644790538064,0.003557646018349951,0.003200459128551547,0.0015987016826402023,0.004214469698319394,5.248649287276086e-07,3.916151406109514e-06,0.008230777718641155,0.004430619111257014,0.0066379446373087125,0.0005102616342778088,0.0027897403973811824,0.008446926106658384,0.007623924977401983,8.160298717195535e-05,0.001452727485585767
0.0020242655325351383,0.0032045974370998598,0.0032775062902698215,0.0021597407097304483,0.004587831638508844,0.0023993662108224567,0.0003771167732707151,0.025973717303688054,0.012182656150841409,0.007809498958159133,0.0013237031874638178,0.004319475197835626,0.0005742296992299403,0.006575626980655072,0.0010943257527206984,0.007655255807448899
0.003972676795684207,0.005733863222039386,0.005502406578203979,0.005283026759015971,0.007070100580709289,0.013651996763762386,0.013651996763762386,0.0031077493180098753,0.00011925176204199278,0.011414980610366575,0.0014161162168895847,0.005532919415809662,0.0027337287215519618,0.005787799374108754,0.004460489741543408,0.013651996763762386
0.0012527681968967225,0.0022676763477641887,0.002870009863740544,0.002979358786889791,0.004094358787588348,0.002091303289271061,0.00046440270192851796,0.008701139639430977,0.0013252913902422614,0.005244061973636999,0.0016913315366339915,0.003001490193986392,0.0034034845351148674,0.00044058776352574186,0.0005041158462437828,0.0008814857431274845
0.005491156403462927,0.006330310073393172,0.006979223108506349,0.007100174485435325,0.008559466093131789,0.001629102122220276,2.746473862506177e-05,0.005499557447013553,0.004603134282530105,0.012989877176127207,0.006875033756178081,0.008716864198192939,0.006631421807548922,0.005656253776732678,0.008716864198192939,0.001486827001332583
0.004723705190018565,0.005127563375611599,0.006680928405532208,0.005953026650670351,0.00820806454410447,0.001808229783402511,0.006463092096637618,0.0009880098111879482,0.004537617560514309,0.00929586307168901,0.007852345936530065,0.009468984387741713,0.004508121717322608,0.007728524715408205,0.00030694789949333584,0.009468984387741713
0.0035618519149592798,0.003707313553273278,0.005291641699343992,0.004494153159002798,0.006909595498338736,0.002890148460050368,0.013570957377321474,0.001502805162450098,0.005772645494086924,0.0066689776601610296,0.008480871251190736,0.013570957377321474,0.002974797337982782,0.004801642690962643,0.0015327872915831195,0.013570957377321474
0.0024003564879793507,0.0021415116674582263,0.004194178267214396,0.0030029444036106384,0.005878757417637853,0.003008836068952761,0.004725126067581659,6.3189348961309455e-06,0.017303019875032674,0.005658612850715984,0.0005083610808015102,0.0022419323113178208,0.0003815025751234685,0.007883247641792948,0.00714856674219972,0.004518809427219772
0.000703614718701083,0.0011147984681221454,2.3863248006981974e-05,0.00030901119146217737,0.00023232867974092714,0.0045712792845697126,0.005438779322992998,0.0028960025331021544,0.0012709947512048736,0.003688473774262707,1.3986402948577836e-05,6.443907596916099e-06,0.0028799038829904616,0.003529461722366345,0.006114794796118345,0.005540590228802822
0.00152163430484107,0.0009366494239726256,0.003116605071766705,0.002455354210752242,0.005088818707484649,0.009775134892660693,0.009674631782775434,0.0007591859027989561,0.0009938644511990474,0.0010319620072599678,0.0010768883564335474,0.005414109779816045,0.00534708085349811,0.0052077931375674735,0.009338781921964523,0.009757682434945049
0.008715025910951829,0.009593378942548109,0.004430090909604598,0.00615205983166546,0.0014634269009134449,0.0076488333931384045,0.0189141568507796,0.00028280582299863855,0.009326524517746515,9.446140186449015e-06,0.04928736516994808,0.001613345197764779,0.1162247521648582,5.070785714933468e-09,0.18779942531347218,0.02468155790894877
0.006484993133046207,0.013095036573746166,0.008867982600776037,0.009987355193466996,0.0036589907823893347,0.00023973088562231903,3.966856371348526e-05,0.2537106578249487,0.009426009606956554,0.07777772450567005,0.0009082129313595852,0.0001102997506007633,0.00444359112644864,0.06338123844422511,0.007757347358770844,3.757385846063499e-06
0.09385332809598457,0.12922499183545264,0.08694130221965737,0.08682236876135913,0.06334474985643984,0.0034177232918537193,0.0008704554560918301,0.010479188059993191,0.0014787921491814654,0.009271947992612078,8.461279450684006e-05,0.010230594434667131,0.0019486017038304326,0.0016028091942473788,0.0046610478799224,0.00021907870256128448
0.34732946190492264,0.4320748304884382,0.27280364738200136,0.2487828272674417,0.21353321299122094,0.025066885180831777,0.009807983567937634,0.009753330526942286,0.011609976551190115,0.00928924421701613,0.0020067876676948537,0.0569302988093606,0.012490945229246278,0.00707287952167189,0.020579846463661733,0.006460906212261197
0.0069429022664145995,0.010472566732443789,0.019984028599996415,0.016313656237974025,0.01578080885747017,0.000485641219832203,0.003410696233330457,0.004506966701300928,0.002086537606415459,0.5945478117953862,0.0065174570211022145,0.0008019709686896068,0.002664400679065468,0.004869652872665234,0.0010107671526989048,0.003769674286937044
0.07805238973418294,0.08670744171487518,0.17924659854377425,0.1052740190347621,0.1642145244287815,0.02888123327087133,0.010184528895887945,0.007951067043936416,0.014129446340060706,0.00903546834071442,0.003225758120299696,0.08175174650249334,0.011263805919729905,0.005114542049981463,0.017810297165365876,0.006845693061994465
0.002101031383886433,0.0016754905808407036,0.0012242622353221336,0.00020941979087541612,0.0013611381888232812,0.00015079504432194413,0.0020492390961363363,0.0008211454126208079,0.0007065482369668918,0.07080982073983283,0.0036033748297580187,0.004083817163520062,0.0015030795324711965,0.0022256178917716765,0.0012677201047665287,0.002813257815111825
0.00029272538107465856,0.0008287807539746131,0.0025719562219874703,0.0025179589781149925,0.0005348200568609865,0.006030970197334701,0.0030069007088866853,0.0002826352332093232,0.0011869572246613405,0.16205029685675876,0.0036391557377876,0.002061492277070344,0.0018598271092268859,0.0005481478801487027,0.0035306175013262997,0.0039045876985003974
0.008347522697770941,0.006936842119187117,0.011369474962666652,0.012585887654835242,0.009173894509400187,0.002061068857904365,0.003260591705778207,0.005389140258071759,0.00023602827957085182,0.001578989685228821,0.00013595251272361525,0.00043792260965706126,0.005410608914222181,0.028791918753799856,0.008186117222047679,0.005035663211399241
0.011054171945762772,0.010982078937649051,0.016562724006330014,0.016405045530218286,0.012421742673160034,0.006226391725808689,0.007835035148613799,0.0074252548995817486,0.0018751741148335666,0.005153865337001282,0.0002237756596825402,0.0028623008667591904,0.006115918857249006,0.00013434204963386903,0.009347141876649982,0.007524250290347714
0.006712441083744192,0.00652855707649843,0.012897678094612116,0.012839448452940088,0.008293288623581176,0.0018439799452440314,0.0033583901338216857,0.0035225623568807263,0.0004254198591009395,0.0018795738525406724,0.015384454724880842,0.0019853353675524307,0.00343136398989545,0.0009120193464234039,0.004972403097405147,0.0006095827021225866
0.010499712700683835,0.010542845319487966,0.014819499566570384,0.014096080570892705,0.010373578479033092,0.006885674176742261,0.005139687532138559,9.250365475020617e-06,0.002197770246409908,0.003490716467011337,0.007097060100774946,0.010345715881281532,0.0037240136786813732,0.06429061674474784,0.010340577929342377,0.0034483798978231645
0.005779727876769274,0.0056924436990701405,0.010525309945885117,0.00992336527361316,0.005544750172242527,0.001636407013957425,0.006203961823438707,0.00027698891029111217,0.004635427147637178,0.00026383521624933487,0.0006618642258651997,0.010044576323134151,0.0017741619738916165,0.005082941684506417,0.007794504854283166,0.0048992890758639
0.007883629274281476,0.007839104150795168,0.006012843863420186,0.004166723362020258,0.0035388296206287917,0.0038536609579562647,0.008849680053438103,0.00762477908099346,0.005446143457015107,0.002280167017906669,0.001472481520407555,0.01442410204593627,0.008436297375098642,0.013264421849036024,0.009039868069603555,0.010624172505363794
0.0014019517873971876,0.0016406679449097392,0.008446876257287905,0.014344159057023187,0.013960150687916645,0.006612399347079648,7.978193283483814e-05,5.8292302417981e-05,0.0003302104912662196,0.00041665968089801136,0.009066784465514649,0.0014550718464577117,6.116539070948751e-05,0.001677623741958123,1.2853308261014107e-05,0.0005927406098022586
0.0055963535469627235,0.00597609625689028,0.0015145857811996177,0.0008907490584216665,0.0011285456187346415,0.003736322521183527,0.013270873356304239,0.008889592566511936,0.01215096183045052,0.0015976300045933145,0.006259253191951579,0.014231631269541842,0.010952248521000633,0.015017562784773897,0.01173170923792078,0.014614587198112199
0.0045506839897804935,0.004924223041124234,0.001253877943210191,0.0005075183133929073,0.0009311250897940798,0.0013225257856619987,0.011837406736053671,0.004983742629129338,0.011181012758951683,0.008225829125796738,0.0020806306057445725,0.012402157439225459,0.009952403515143524,0.012951716681419447,0.009965957525224726,0.01333656731439125
0.0026078668735422944,0.0036784913537930564,0.0008104538515600473,0.0004026402744766386,0.000783405997456188,0.012034296482114376,0.00589082364543593,7.543487615641054e-05,0.004089913160402012,0.002503538818214815,0.04009808927452274,0.007718776679394947,0.003763383549035687,0.006709705500332903,0.004098372368932325,0.0077978715414972755
0.0021080289078632686,0.002973171840950292,0.0018088686099437534,0.00216026119412846,0.001074933125247965,0.043654081696193725,0.005007355957044365,0.0008264864391922533,0.0026307257869746525,0.004485978285194106,0.00018216227217765502,0.007799467983665737,0.0026006418527408925,0.007019943517721339,0.0050307794114428095,0.007076416024930948
0.0016899565081655507,0.000852260695506403,0.0010499796766074918,0.0008781664601266378,0.002534478645500174,0.24408104321945298,1.4155098528950694e-05,0.015533296186510406,0.001098721152444554,0.00070374434997484,0.0051741739726624825,0.0014766110389812376,0.0020004534222855946,0.0010172287540270025,0.0006489023394148086,0.0003590741406131956
0.0005198125910344173,9.211253046093049e-06,0.00018958260707012398,9.408316756241014e-05,0.0009565818663255024,0.2763827267484118,0.0009183144169108218,0.012002315542612607,0.017406542901169594,0.00048282351309339444,0.0021933752794700903,0.0017208140842703973,0.006879153768070731,0.0013435920594386946,0.0008541168672419955,7.628042408142077e-08
