row_id,TRUE,Model 1,Model 2,Model 3,Model 4,Model 5,Model 6,Model 7,Model 8,Model 9,Model 10,Model 11,Model 12,Model 13,Model 14,Model 15,Model 16
1,0.00068828,0.498471270978171,0.498471270978171,0.498471270978171,0.4912168068800795,0.498471270978171,0.48762928190033505,0.44273985197142834,0.498471270978171,0.45257187372941127,0.4736346700778954,0.4292505957274622,0.498471270978171,0.44829795895875124,0.498471270978171,0.498471270978171,0.4611521107846305
2,0.000435248,0.498471270978171,0.498471270978171,0.48985486673587936,0.48026706339710157,0.498471270978171,0.498471270978171,0.498471270978171,0.498471270978171,0.498471270978171,0.498471270978171,0.48616724831146374,0.498471270978171,0.498471270978171,0.498471270978171,0.498471270978171,0.498471270978171
3,0.000313113,0.6033143469615643,0.5508714112526321,0.5377396166546538,0.5402874737451264,0.5461483824917512,0.603894860030829,0.5652399020844316,0.603894860030829,0.5840162541666422,0.5607226698550237,0.5233959539180932,0.6002363115345764,0.5733793483219954,0.603894860030829,0.603894860030829,0.603894860030829
4,0.000513405,0.6273636956438935,0.5790707834011449,0.5714774266728908,0.5732392640046203,0.5500402525247254,0.6578527254716268,0.5786681240751891,0.7119986589398274,0.5970727813232538,0.49061381914171437,0.5446001529112241,0.6336585977335366,0.60220785099775,0.6571382431098202,0.7119986589398274,0.6098186901729666
5,0.000142153,0.6532304601446939,0.5976058635439893,0.5287416288144119,0.5149271262453708,0.55780838248916,0.7119986589398274,0.6930245070380346,0.7119986589398274,0.6969409942474879,0.6575050421059944,0.6361723996121957,0.665564207395916,0.7119986589398274,0.7119986589398274,0.7119986589398274,0.7119986589398274
6,0.000352751,0.6696639596442782,0.6221466733172657,0.6439106514205101,0.6604390291883134,0.5643806043980402,0.7103647929438003,0.6524924107735918,0.8037515886905554,0.7131177942054352,0.555922508308476,0.5970044030803935,0.6109260887678346,0.6709970296273958,0.7915615666361246,0.8395051327289902,0.7152440169149608
7,0.000480574,0.686878283300235,0.6476834046395482,0.5963125589590724,0.6239821306216671,0.5565861166484481,0.5238250966128066,0.5147225308181852,0.6359924281369882,0.5205926656943587,0.5130800330082274,0.48828584847017165,0.5668710443651449,0.5219167725945337,0.6292183884154304,0.6293659676970387,0.54583409436305
8,0.000303313,0.7153662223194779,0.6897018375293971,0.5618170986304739,0.5641587557777709,0.5586901427668176,0.5263653372188768,0.5214203890474508,0.6441470979053138,0.5478035946068278,0.6183614022238143,0.495127310023317,0.5893580608494919,0.5370229919147425,0.6700625722790836,0.6611024446657848,0.5679471136150696
9,0.000326409,0.680036218823078,0.691033684663655,0.6097665491072368,0.6502845204280471,0.5619512089311187,0.7072274444820333,0.6795572656612106,0.8130840730683767,0.7203275891197967,0.5475050523138728,0.6212776726096635,0.6472003889033483,0.6897369779382437,0.9495797541545434,0.905675059150506,0.7298738893145857
10,0.000231276,0.7013904567905583,0.6977924306050611,0.6120915463006762,0.6533797765912386,0.5487052825319177,0.7857137062506412,0.6980183651602078,0.8794998222188584,0.7068366621566158,0.5808756128571885,0.6254613256988303,0.682260123625371,0.7393793453384808,0.9677034999905643,0.9008466148479479,0.798444764553985
11,0.000235425,0.6813585799194333,0.7034351291654396,0.6410751935011868,0.680542991087493,0.5568654981707928,0.6929888617817859,0.594972541758344,0.794734832244328,0.6027451615034877,0.601215549548926,0.5571382189069005,0.7079405358599241,0.6126441845159181,0.8363914917885371,0.7354748871103837,0.6309060243004133
12,0.000307289,0.6918949263141756,0.72337135134885,0.6475576309853482,0.6890238537067496,0.5621676642279092,0.7063676891781225,0.6240701577928344,0.7467599140067259,0.6703945028797746,0.5563825528142974,0.5797877474224884,0.6704334184643029,0.6420517492329232,0.9927839650724426,0.7741070852127339,0.6762940678357034
13,0.000232357,0.6894570373223606,0.7351467731645197,0.6301456189652616,0.662878009464098,0.559611977090586,0.6695608717806805,0.6286744986846445,0.6886346857600767,0.70853698949022,0.6288303112918341,0.5555213766111895,0.6234135317278968,0.6473456073994754,0.9297601246921923,0.8768630064243716,0.7288667683708125
14,0.000729326,0.6368571990484936,0.6361018520468097,0.6622961568265129,0.6990383314144208,0.5607671019206298,0.6085418768506253,0.4807556352578864,0.6172368552945308,0.46259345517927675,0.4623781354874743,0.467368690951008,0.606919930874502,0.4763882183411016,0.5567311903508219,0.5839742189519791,0.48665373577711846
15,0.000277489,0.6395519229566563,0.6096765836556676,0.5162616695596614,0.5722904685596726,0.5558640685249273,0.7121669898178974,0.5157877158340921,0.6501381811569148,0.5273479400795151,0.6162886745379575,0.49036291928662723,0.6655474912338648,0.5371254704211016,0.6323060851822968,0.5877045965146908,0.5647751445890334
16,0.000272403,0.6295851731588041,0.6200981090555138,0.6251009277624415,0.6693661751156424,0.5543634161398351,1.0567000075625532,0.7649764298309516,0.8085921722924484,1.0408868019601298,0.601035595387622,0.6548449788709445,0.7080377903436689,0.7756870976449103,1.0567000075625532,0.9854530416165622,0.943206403821472
17,0.000267687,0.6558539323219732,0.6389980774735625,0.6248387221147887,0.6545223539706833,0.5482733499546838,0.9695097650189963,0.6945107637428363,0.8439629977261383,0.7055586319448891,0.5739603681990822,0.6804864065280926,0.7158244733993694,0.7051507264999614,0.8808917698187343,1.0567000075625532,0.7702521672994855
18,0.000227534,0.6840135051788664,0.6758891001258603,0.6294272278853429,0.6756878606241553,0.5522254757783357,0.7345305566704843,0.5882975979288553,0.7690845205532677,0.6384317330519484,0.579994752068827,0.5691175729068333,0.6871060397783666,0.633660200640048,0.8314048917938028,0.8382851968407801,0.6803891537799679
19,0.000283867,0.6917092843398689,0.6949342984430127,0.6445161714842259,0.6973016993956669,0.5700839122403559,0.771781130130415,0.652377808346878,0.8286524962959908,0.673641965803897,0.579931460060399,0.600421684929241,0.6811245443871401,0.6669710082768059,0.9784325987475898,0.855507808715799,0.702854737949388
20,0.000192394,0.6508534969413771,0.691283290481679,0.6448014157646833,0.6592535076637466,0.5587560725574575,0.8169088154375131,0.7495670837154595,0.885151291801135,0.8278953623554949,0.6004782852848003,0.6373492122250629,0.6600509953184697,0.8023258800437479,1.0567000075625532,1.0567000075625532,0.9292718790059789
21,0.000216325,0.6785807324617531,0.7280083946747598,0.6868313303149353,0.6900596938598846,0.5594949810387457,0.7400793505145595,0.6415978531526253,0.8293362349271424,0.6413409338010047,0.5857500845480941,0.5896820346879534,0.6931031557328229,0.6536989541753708,0.8022282833828644,1.0015855630588477,0.6968866169108968
22,0.000269344,0.7018670047976573,0.7384161100530355,0.6823932117246033,0.6913686344835873,0.5590453404393596,0.7027639765365333,0.6026706788737644,0.7653941659725959,0.6218033308842408,0.6015066919590463,0.5710727896931006,0.7226023377654528,0.6201536971630942,0.8471393100194563,0.7899945575329418,0.6565588799965776
23,0.000241109,0.7174265908219386,0.76263794403201,0.6636638768753467,0.6594413168319688,0.5594001136127795,0.7337565496839078,0.6424832174442493,0.7774706770427635,0.6801095364898283,0.6192705656197472,0.5919492288526428,0.7218890911249589,0.6652495976960031,0.9967872987607065,0.8322243530581942,0.7334705007420896
24,0.000220038,0.7336383584709527,0.7881220568251848,0.6778898458105266,0.6751666413745112,0.5608765609280483,0.7517161064996187,0.6479891603123397,0.7991447717611511,0.6912510345175137,0.6156798044307775,0.5924870368975993,0.7079036567103765,0.6705938981748857,0.9598084431928489,0.9203770700211349,0.732223267599822
25,0.000250804,0.7403770398726306,0.806399562582159,0.6920045043350892,0.6754761214483243,0.5572591934013562,0.7235741317492966,0.6108320195469308,0.7638676739523899,0.6447414661661162,0.5800015126343174,0.5643404032237753,0.6883160185400728,0.6319226036540513,0.8633093239212278,0.8430215786916692,0.6830829131385756
26,0.000388265,0.7652162622220765,0.8454914616929147,0.6764490435593195,0.6757490883995334,0.5580715413436081,0.6992385539830889,0.5824327367957359,0.7292610529710829,0.6069502143497736,0.5527216014504915,0.5415307819117503,0.678540380909682,0.6021624521723957,0.8057231704036094,0.7544268686008637,0.6457077594202829
27,0.000395051,0.6641062924725595,0.685538810236852,0.6201198918029497,0.5914135342834523,0.5596329558389563,0.7162523525887143,0.5911745402377521,0.7360809221890251,0.6081872495137832,0.534710949176787,0.5476084778995581,0.6810648292712214,0.613435959055425,0.7838046618641306,0.7729436648813514,0.6590072514730103
28,0.000200025,0.6405355960789058,0.6869711969278357,0.6118511388018566,0.5864445226449763,0.5572919027402471,0.7621312574198728,0.627496741989291,0.7616478470131108,0.6583393315520277,0.6370224339448524,0.5731834962938515,0.6935178145231096,0.6500923081221377,0.8436261445069999,0.8856082174562672,0.7087567027057355
29,0.000224536,0.6608922983844786,0.7126339360724998,0.6853288304613855,0.6750920029973216,0.5535072939498369,0.7459322612864774,0.6300353007327825,0.7469173746915887,0.6802493020335186,0.602123252357629,0.5726929679100811,0.6878993356023824,0.6431416903428101,0.9040530821455087,0.8675315096143315,0.7028000581885807
30,0.000294604,0.6882749324051028,0.7393882582252577,0.6768960477618974,0.6691235148032414,0.5540583121694208,0.7049994619243473,0.6010479064911042,0.7251436762543457,0.6365141168828967,0.5679298020775294,0.5512424955479337,0.6778476551961882,0.6166517625278418,0.8267145931637958,0.7983405631621606,0.6720080476638965
31,0.000311191,0.7153489252969333,0.7779715168089764,0.6478289485880206,0.6328985895467462,0.5619266148529846,0.7800189803547735,0.6283171157275446,0.776146200807324,0.6863572368673714,0.567567200991412,0.574694962342368,0.6856758575979136,0.658036646992366,0.8493135482726664,0.8921631485428365,0.7267730521665589
32,0.000275364,0.7137629469095548,0.7894050625272533,0.6452807689742153,0.6170658153543298,0.5630292467231901,0.9426280743629712,0.6740236130133261,0.8478986808099725,0.7338909838390401,0.5814785059738452,0.6216277110147916,0.6969207345363414,0.711094222033798,0.942280005642496,1.0447519139754768,0.7990306542590885
33,0.000274089,0.7016090260777823,0.7286387904379483,0.6637264986643795,0.6416985432720584,0.5560448586319321,0.8561258211650671,0.6114381268835873,0.7930703652481947,0.636553924986982,0.5949479960159647,0.5838061688135493,0.6919189246663531,0.6428502735794923,0.8592321037107784,0.8427254384734513,0.7010407363047584
34,0.000348777,0.7293111472602055,0.7718709268561575,0.660573368448909,0.6527165411073284,0.5557688727985945,0.7598311249629431,0.5699234856872791,0.7376259753641394,0.5797484600049114,0.5772590406070269,0.548743795360732,0.6955175284416342,0.5913868202933203,0.7867317551107916,0.7202192985635019,0.6253411238005361
35,0.000301033,0.7230639277154778,0.7269254624049433,0.6283921390402537,0.6348537268789924,0.558036504961254,0.8135518088790729,0.6193184487143806,0.7641008435121689,0.6412387507789855,0.5991181814264782,0.5826027178904075,0.7077941707747374,0.6414714335345358,0.8788939858559827,0.8133076721243602,0.6979391024637503
36,0.00027018,0.7101401969980368,0.6808788178667728,0.6441294185211821,0.6285133271751805,0.5584167833174966,0.8240735832226751,0.6463949226728372,0.781585909879301,0.6868599092461826,0.6078410229603496,0.6019376729865816,0.7026929228662033,0.6665079233833906,0.936661856822032,0.918484524787997,0.7475534786810457
37,0.000213305,0.6775652791234033,0.6220905476067845,0.6606669097058511,0.6567604565434957,0.556125567425974,0.7180590270863852,0.6135741624124214,0.7381486490367176,0.6567765192964371,0.6015594853845708,0.5675931191823897,0.692623291414607,0.6285516528516634,0.8970412462909192,0.8431178443062548,0.6987490662262175
38,0.000309103,0.7005322953886672,0.6524556614333253,0.687482384966569,0.7048626348160596,0.5568676739960993,0.7217931244602244,0.6199164252404032,0.7402428435575678,0.663103832571622,0.5657771063736021,0.5684266948157162,0.6983271042737428,0.6315675911504425,0.9515711021749704,0.8269656628518905,0.6962233861686941
39,0.000246283,0.7071071347402034,0.6727357479612098,0.6476115250072643,0.6681949726840022,0.5602202126927801,0.828849727487736,0.656178531279583,0.7990242265586587,0.6933382126765738,0.5905630730822894,0.6023819750005207,0.7289143415448147,0.679564185459067,1.0567000075625532,0.9030028785179708,0.7632114518083725
40,0.000218886,0.7264057265331682,0.6794762209106882,0.6768686945584934,0.6796027424886416,0.5602080285385286,0.8091072496382122,0.6365263022440101,0.798157908430076,0.6906857282092007,0.6171509473324351,0.5866822761898984,0.7358360693689331,0.6633905746243497,1.0283702543663045,0.8473941236256609,0.7424078056360236
41,0.00034898,0.7432030786537587,0.6833099287462371,0.6929291158957891,0.6831752992624871,0.5582007950616229,0.737593108105702,0.5999381663598113,0.7635183195024398,0.6272361751103147,0.582853914588127,0.562480203352264,0.7341762786539879,0.615960823573105,0.8365758586881146,0.7709252915342868,0.6652477429151888
42,0.000307705,0.7362656652138451,0.6560361820083006,0.6378072209114675,0.6418834038575898,0.5571867082285838,0.7575366296281254,0.6100738742062655,0.7839654942860882,0.6326392138627488,0.609352752351001,0.5783534256658918,0.7325474808732483,0.6405430466652003,0.8022250307741859,0.8146701824596786,0.7023958242021227
43,0.000398851,0.761842772192035,0.6934621335287697,0.6477202094287589,0.6345863060799258,0.5600535802455764,0.7639294571401519,0.6022642699054425,0.8068872901311686,0.6023606315284785,0.5543274638303353,0.5823935315136335,0.7069579468577215,0.6239691210693779,0.7604024739686253,0.767265409503001,0.6690857703903671
44,0.000251213,0.760073064714269,0.7121635765199095,0.6126079713081505,0.6146144049776466,0.5556040186863642,0.7080758087373371,0.6201198918029497,0.8042705749141587,0.6374585221076652,0.6097087096026516,0.579932074446314,0.6984505000201714,0.6434343428975573,0.8499820512247812,0.7729422102503006,0.7125154042318685
45,0.000207157,0.7847741890226027,0.7444644717593788,0.6636307313384949,0.6786594879292679,0.5542518258440432,0.7226118461601143,0.6714313985443863,0.844704358290895,0.6992557854673579,0.6063868397302723,0.6260162305003818,0.7206574698794959,0.6812260961424523,1.013095883704364,0.907007148786916,0.770561844797408
46,0.000199072,0.7707016820869667,0.7569717115066987,0.6824592843639165,0.6995467590318593,0.5568959620462047,0.8011117146439809,0.77742775062605,0.9281969136878067,0.8465290761892225,0.6137678041338508,0.7004803211732911,0.7653574455145246,0.7970789630005293,1.0567000075625532,1.0567000075625532,0.9561033429782922
47,0.000169623,0.7942388110761743,0.7949847742346962,0.6939637458613388,0.6936260631296319,0.5589408002170172,0.7982556291379717,0.801510417207477,0.9427996136330666,0.9074022748577903,0.6208234300903158,0.6848011834272258,0.7811606322113092,0.8440141286926262,1.0567000075625532,1.0567000075625532,1.0567000075625532
48,0.000191593,0.7466904005683778,0.7907161559248446,0.7162141592222845,0.7358862756679678,0.5641564933645444,0.7612376011312608,0.7368219900932937,0.9162036112623164,0.8087537572959564,0.6156364352319423,0.6418342586552911,0.7827299340762239,0.7687251007831527,1.0567000075625532,1.0567000075625532,0.8834240084307641
49,7.97e-05,0.676802279153207,0.7715596690107717,0.7194379958683086,0.7033649678525076,0.5612465284612442,0.738483337902522,0.6909058664303869,0.8587489437143573,0.7364417403375239,0.7071594842110279,0.6186789299746875,0.7487419723610531,0.7253683882147308,1.0567000075625532,0.9969526859957948,0.804273852467314
50,0.000470403,0.7048306464207906,0.8051306663068398,0.8000433443223649,0.7968764500596526,0.5610940020494488,0.684824451158009,0.6115007816484996,0.7664273257908352,0.6226486872470438,0.5333996326272328,0.5644729297466861,0.7120475535818174,0.6242317654470556,0.8665418866866595,0.7430686324530065,0.6560708711043801
51,0.000227265,0.7259124061573079,0.8340331722747227,0.6082545810010593,0.6430101687803373,0.5604862468374712,0.6508265757032712,0.5810189004679612,0.7334792016440835,0.5804741082699583,0.6163587330274279,0.5410980916345084,0.7542754255908257,0.6024074524373662,0.8063830449397205,0.7131257907013341,0.6469801850686916
52,0.000192915,0.7439607007033238,0.8604656549893749,0.6963360975292503,0.6722002755309149,0.5599164000617279,0.7201369362846168,0.6407451394633114,0.791888289675742,0.6995586212124613,0.6264587410768994,0.5900867834581928,0.7927186390248037,0.6533288218259309,0.9427204300261884,0.8250130086240803,0.716477006899769
53,0.000196619,0.7528237787079354,0.831015952424089,0.7120384561415332,0.6964605689301866,0.5539051459846224,0.8967162729168597,0.8009417178047988,0.9291151964024879,0.8887934573458742,0.6016987347115597,0.7013556785355828,0.8219470650579975,0.8275059704548761,1.2611433512517123,1.2119177071594547,0.9409965458065704
54,0.000175555,0.7767728952546498,0.8689871799875285,0.7110976199790002,0.6941859805941858,0.5532473357492265,0.954233965443474,0.8324659394850368,1.0083344998824932,0.9823119203370845,0.6011252101486181,0.7051485175576103,0.8097453746031773,0.924941914344374,1.330992843749875,1.4112389829964014,1.1482115006935054
55,0.000140218,0.801851244454714,0.9157968809279492,0.7168225065728389,0.6953406049395379,0.5666594293386524,0.8980319780065158,0.7391629884330905,0.9806708732706567,0.7855014100131367,0.6186364155194081,0.6646698077180241,0.8050665568064417,0.7788793425941217,1.1381318036869654,1.17929948483624,0.8534286736055938
56,0.000246857,0.7854769840787738,0.9177556044951033,0.758124774484018,0.7168932913080407,0.5609488278752928,0.8854441675282537,0.7118929445036931,0.8972027280224762,0.7410427085539081,0.5692232811645987,0.6421251292442963,0.7528909863558855,0.7491469030718901,1.0690176011493948,0.9310921581203245,0.8110160848772052
57,0.000106657,0.799173710728929,0.9038529823742654,0.7026612289498525,0.7095160602317184,0.5605650212784212,0.9355894469490592,0.7734591208851553,0.9142860820900178,0.8494235688570186,0.654998060976904,0.6645264834879959,0.797757788338303,0.8281135189609151,1.182729339947601,1.1500805139171337,0.9611789309116482
58,0.000200145,0.758624882219347,0.8923108195193982,0.7873245009275145,0.7450018283130929,0.5613245096943863,0.9675180076583947,0.7571152149383296,0.9220417533862666,0.8167560238469801,0.6205469965265559,0.6690584096847717,0.8467106693653044,0.7775920936760815,1.0132203712329446,1.2687944427818338,0.8676693398881345
59,0.000190895,0.7843664888030647,0.9379458317399891,0.7332207925785127,0.6828059794863315,0.5593267898994467,0.9626452141306904,0.7149065482720767,0.8958951891574402,0.752704193612358,0.6251825017804489,0.641375005665298,0.8709638009011745,0.7459100364672484,0.9646974523360232,1.0793717132382807,0.8138895544445183
60,0.000250014,0.8051569720712461,0.9731760727672784,0.7374629463619109,0.6806760700549362,0.5601078163446988,0.8959948689947054,0.6626560832445129,0.8397083519542717,0.6937017621660497,0.6152832075932582,0.5995379355075849,0.8203042470568158,0.6895344775479038,0.9295019922541458,0.8705000670784526,0.7401598062073632
61,0.00033548,0.8247354380785162,0.982667421861021,0.7021874248477504,0.6665060580576807,0.5618897297896264,0.7804588668726008,0.62525794768693,0.7708141838068723,0.6534245914956343,0.5420999526984367,0.5700413130750664,0.7774144300803163,0.6415662412410238,0.9462021506959012,0.7738587984189578,0.6797886992586637
62,0.000304085,0.7885819821220595,0.8710762066950779,0.660978697916342,0.6187893593235837,0.5568839934988989,0.7031053344394131,0.5983035734762437,0.7284950427420437,0.6251309371314808,0.5767628182083356,0.55425236217465,0.758087717971686,0.6169134061083793,0.9387265728992458,0.7624968636483549,0.6598735257416409
63,0.000293488,0.8126154527649737,0.91370643886298,0.6634669180247549,0.6223257703560454,0.5572553776869724,0.7157840380289683,0.6159034114368463,0.7564080553331548,0.6492777342660649,0.5558418878773806,0.573444676958936,0.7742722551882617,0.6360118771493362,1.0020986882999334,0.8140577353821146,0.6724855739044674
64,0.000284384,0.8275184653276332,0.9428999415180139,0.6637292617986598,0.624268546805869,0.554546505762681,0.7644355196948625,0.6609032101400292,0.8203911980377637,0.6723151171065153,0.5988081709697313,0.609610206120984,0.7610500824573917,0.6848720056362024,0.9921988458804746,0.8716326311904373,0.7211814969198712
65,0.000238352,0.841598438732444,0.9378210938417862,0.6631672146567679,0.6407633703474394,0.5559706808746306,0.7167215875625512,0.6696261237052541,0.8439327022788031,0.6925238809904031,0.6358004648957367,0.5995501548079442,0.7254705990978805,0.6928033855774213,0.9745376471313513,0.8658785632311378,0.7410016924703241
66,0.0003284,0.8569651409998671,0.9701850522534928,0.6838029091072892,0.6569345325010996,0.5588957009713497,0.6053032002983622,0.615931379446462,0.7834711743934966,0.6440772307362032,0.576367966598616,0.5473190338419452,0.6711455346367502,0.6209154053842628,0.8959087799035654,0.7901064002136204,0.6617998175196518
67,0.000357652,0.7029553820644886,0.9073999213889358,0.648116900765184,0.6115216708507306,0.5585715279321357,0.553324164097519,0.5712265561568067,0.7380967116540726,0.5858127679469811,0.5513807895431727,0.5198321357540612,0.6377982308563993,0.5748349201747289,0.8067582456052801,0.7404997975364422,0.6066025793716161
68,0.00033687,0.6744996522040569,0.7853579402710831,0.6345806713267417,0.6092209425568954,0.5587813518331033,0.5871025476136632,0.5980231184500889,0.7805801909196137,0.6301613834438171,0.5465202810519281,0.5454094126646413,0.6455034777131331,0.6111280175225365,0.846659046786468,0.7977545898033868,0.6447870601127939
69,0.000389177,0.6846980246727183,0.7537137204174065,0.6390852147337839,0.6113560566807091,0.5566273994887916,0.6876482548140247,0.6444689486222307,0.8581550964027652,0.6776368202247672,0.531814834148284,0.5971572810113672,0.6772695551510614,0.6641819603256214,0.8690822798264629,0.8954108566135741,0.699789514675374
70,0.000364098,0.6453645752448457,0.6609514101929849,0.6163447194181471,0.583299136601056,0.5538339616108002,0.7239586895596272,0.5791870325756396,0.794488285219682,0.5854742635761883,0.571590926309311,0.574220823526125,0.6786181378899984,0.603412597725461,0.7197349435946463,0.7635982499027587,0.6263364153395143
71,0.000470157,0.6688575528305817,0.6901166298626432,0.6185208503427018,0.5889548087273777,0.5559133082313354,0.627423594926849,0.48926646647594696,0.6499841554481146,0.49266511141906966,0.5377474537680434,0.4942365497754764,0.6121392282913745,0.501111168138679,0.5921172182595132,0.5695832467425358,0.51102467995841
72,0.000764052,0.4764818999575411,0.4872779346196377,0.5810423800983342,0.5552391593819327,0.5554765600618491,0.5328459637987233,0.47008968538096146,0.5609860840580956,0.5088148959120963,0.4795019112109479,0.4391561713406899,0.5477119621197418,0.47352961280039396,0.5878126887063587,0.5356186241624362,0.497584104394011
73,0.00066204,0.4818355519086935,0.4652955114990472,0.5069508849288973,0.4832576724612748,0.5536745653795226,0.4851716510375589,0.43247251213967136,0.5187136107356193,0.44244217534931607,0.5207456174601353,0.40460494126601926,0.5259684226315736,0.4290402272660913,0.5157138189190807,0.5325968987992689,0.4477447253261902
74,0.001333467,0.5111049903815534,0.4992585027222054,0.5168030085639933,0.5216312907134213,0.548845841510744,0.48569196104944606,0.38570968213139806,0.5028712123215228,0.3747517073616926,0.3846931676495025,0.3827965212761084,0.5158694283411523,0.38441318016601067,0.4434965718209499,0.4383171303168895,0.3826942581636682
75,0.000340957,0.469242167328084,0.49501531945386434,0.4118355367129185,0.518011620363332,0.535125589148902,0.5446795424694723,0.4386262225276233,0.5576963384757228,0.4392415686458448,0.5997403290698069,0.42671237881827023,0.5563668198470392,0.4579543993913318,0.5278109689679487,0.47604224611177776,0.4664149171943077
76,0.000461253,0.49647484007268927,0.515438821377235,0.5551265006366634,0.5855463442816814,0.5351222102776996,0.6479505958288395,0.6745180187328224,0.7114104394763023,1.0558313556637422,0.5138565677919908,0.5906610659457617,0.5690751899857737,0.6671617509484381,1.0162582733665562,0.8114819420602788,0.7428231978860064
77,0.000434714,0.4790666663230418,0.4655883565672115,0.5286904169422215,0.5641197329640337,0.5380847741392492,0.6375850328247558,0.7035996520492371,0.8254520355717107,0.6987243501760414,0.5364968845475083,0.7056549079406903,0.5731028398968551,0.689355888070318,0.9286431010268732,1.4112389829964014,0.7177257123214386
78,0.000397934,0.5080436115937336,0.49952174331455024,0.5409658935217936,0.5653986822167121,0.5529062631991722,0.5452224580538493,0.5063413097488113,0.7024034653999514,0.5207634112998991,0.5702590776271462,0.5088941688323788,0.534831866577195,0.5457270629980977,0.6527104094718249,0.7374023119961112,0.5506067342816389
79,0.000784569,0.4471853655788783,0.48941225995096777,0.5553351620814672,0.5886885755020994,0.5787163500053678,0.5336833394420432,0.4905539399062787,0.6532972007256925,0.4778202334873136,0.45482170636909397,0.47010212060313256,0.5232478757116553,0.4930237198334849,0.591520426456979,0.5408492406130686,0.4844147203300163
80,0.000349992,0.4533937328837273,0.46380401243003655,0.49170065134749635,0.5638976268910066,0.5514003279997645,0.5789289319129204,0.5599130824350933,0.6892836658546353,0.5628409987214971,0.6008462365298993,0.5144126640678057,0.5343616651632018,0.5801909045025455,0.6302252416832924,0.6528427159628815,0.6059378284535589
81,0.000431481,0.4798001567198943,0.49225580044600026,0.578713297373886,0.5693668366316814,0.5538698179775485,0.6363703824513736,0.5806053844777607,0.7649270805608513,0.6168379831263258,0.5323686185164104,0.5526301373844495,0.5862889316067147,0.5811183994775997,0.6347368900735801,0.8501271662193037,0.6005860747921461
82,0.000358562,0.5066355811095591,0.521395830278815,0.5584864573485049,0.5457823632095415,0.5473464079929875,0.6531979754219647,0.5844257878061148,0.7532811459853043,0.6009255130401632,0.5803878719210944,0.560315498038212,0.6177976183895613,0.599917761710931,0.6565357016772247,0.8197432091155881,0.6080618599389546
83,0.000386208,0.5139472009344855,0.5357789119635111,0.5780812236553716,0.5646582835642461,0.5524616858756055,0.6720032679781168,0.5682561021227778,0.7310143668760002,0.5691030571416585,0.5518635217425886,0.5602224280789666,0.612600005264192,0.5891653499077,0.6686898393035603,0.7032290900298189,0.5958942060952774
84,0.000440872,0.5367344155690925,0.540586300797661,0.5712154009763221,0.5687990620926558,0.5653292350169647,0.6428393949951999,0.6011758499478382,0.7221262098899761,0.6484060959766228,0.5317546721966128,0.5578193172283424,0.5955672104699204,0.615507851665221,0.8205878091560934,0.694613143773138,0.6355997779626277
85,0.000426262,0.5276567990264192,0.5012539262698689,0.5671679339733107,0.5287979790661326,0.5549428361280695,0.5533086891479568,0.5416123397497602,0.6667038697805964,0.5567426054546015,0.5321515492133277,0.49722010648611215,0.5568654981707928,0.5482281885383065,0.6648659885233311,0.6618345158225454,0.5710153058951097
86,0.000711161,0.511426611128283,0.46255604088470564,0.5679240319167873,0.5366628310142716,0.5566686915165312,0.5285964120630321,0.4933596580887894,0.6415537641410656,0.5012876508591563,0.47153086083416546,0.4642417922506285,0.5575303096310192,0.49806601034887493,0.5728829870043083,0.5951524153992174,0.5014273828325436
87,0.000441943,0.5255106789709482,0.48238195894983016,0.5017704593784927,0.4738885681012545,0.552697667511915,0.5586176469455373,0.5169643934855064,0.6523480740744145,0.5200960585048736,0.5674157945456487,0.4809440527567984,0.5765326913486544,0.5296641225392686,0.5777790247546541,0.6048816857445704,0.5391232609076841
88,0.000610088,0.5277572487865722,0.46434709445621175,0.5513570293543515,0.536014519982679,0.551607986371691,0.558454085854451,0.530786370150406,0.6485108852724718,0.5556364374127204,0.5162933129483699,0.48672563631967725,0.5821255297846497,0.5333202948781443,0.5994788860863184,0.6002928594772264,0.5449658365487781
89,0.00060561,0.5392723898288521,0.48349852991049214,0.5113874285007111,0.5073761843688239,0.5472204176594665,0.5276285723233439,0.5022925844827486,0.6260548740978158,0.4966128996176031,0.49555724852737193,0.47850934573776555,0.5892265586456561,0.5025186792120765,0.5726367679795151,0.5814277288012757,0.5089788782257878
90,0.000412758,0.5143299273988039,0.4443779309834993,0.507888372073973,0.5022694329994997,0.5487375494862385,0.5457219434583832,0.5169809320147484,0.645876586437053,0.544691759329519,0.5345992577910342,0.4959810065226433,0.5878568381709176,0.5326130797919723,0.6230094281773704,0.623474596820778,0.5478921646005259
91,0.000462379,0.5295419981210965,0.4443801423525659,0.5454646163570434,0.5465274799499148,0.5559100612543381,0.601488868746397,0.5708857377507556,0.7027617899483474,0.6048572872164788,0.49767998538533176,0.5325440828819185,0.5764723362217505,0.5749606104564491,0.6558343828425719,0.6865447177302083,0.5866943622981455
92,0.000467644,0.5563396971754342,0.463807155242541,0.5408841288712217,0.5328898125296017,0.5490501047187625,0.598964469789394,0.5542545075126469,0.7037631924534556,0.5771554543874141,0.5207180406127829,0.5059055529783879,0.5594464381868186,0.5686345048466345,0.5865404792525688,0.6656580270061488,0.5864959902008481
93,0.000629082,0.5659666036160399,0.48319866928760286,0.5387421130229921,0.5242221666834029,0.5575117498336016,0.5800894215043915,0.4902426240042913,0.676120699305425,0.4808393101144487,0.48754748843255696,0.4701770800774108,0.5597610878124842,0.4956907071716998,0.511569092694287,0.5561331526089255,0.49473739166150765
94,0.000368566,0.5671196648508702,0.46912439406888523,0.506979204957758,0.4875803469327444,0.5577712091853861,0.5800832727310256,0.5356883389387517,0.6771981302957785,0.5763812358902387,0.5575603367575679,0.4913658461520327,0.5578362673449997,0.5541826522482004,0.6071792477867928,0.5835061715777676,0.5701212673115459
95,0.000376008,0.596955480131143,0.5017820002552599,0.5680256124451408,0.5436694121929039,0.5518275242677942,0.5693360240795862,0.5855937803199481,0.6882995832031625,0.6253095437747166,0.5395358897785973,0.5132298630019626,0.5470150954046509,0.582048493387861,0.670610997480001,0.6710360502401997,0.6014895542252794
96,0.00055936,0.48927495214404126,0.41973066937029996,0.5686466679223525,0.5419725351514604,0.5510015216648192,0.5714121802971203,0.5421315701749662,0.7001643937432347,0.525961089314423,0.5121850701512484,0.5104028221529577,0.5604363365660472,0.5410556779090437,0.6183442726142758,0.6300888766371407,0.5339780503624709
97,0.00039618,0.497749116182478,0.4132320982828152,0.529016564880513,0.5276859559510784,0.5552531791430743,0.619206988051964,0.5648909425731765,0.7434877247161783,0.563284103637193,0.5255870390400961,0.5404211636767227,0.5869387891188336,0.5882424487362686,0.6788890195550482,0.6154938960117788,0.5886249645091031
98,0.000294633,0.5267175758117898,0.4429392759064219,0.5663759273573179,0.570558399852928,0.5609310364965566,0.6621159562362,0.6623739537998052,0.8083491443677909,0.7176802962616969,0.5814295862682857,0.5969286781358648,0.5991771243118067,0.6759620573764853,0.8222410901309175,0.6991524156659534,0.6955397858674098
99,0.000239248,0.5311272696565281,0.45974129591580465,0.6050818651076109,0.6395099020563152,0.5513834297537722,0.6260224129950971,0.6610924331539976,0.798600340997496,0.6905052058679532,0.5619853106091186,0.5913978963864981,0.5854116887653075,0.6613966219733192,0.7764836899739367,0.7668289789805809,0.681011099093295
100,0.000296324,0.5511586197590469,0.4831777034852342,0.6284538971358498,0.6526167045467849,0.554522871101291,0.5953563809125075,0.6082836467624841,0.7627665210732928,0.636893002594361,0.5539233478994259,0.5576925137745794,0.5861442478750263,0.613794753787672,0.769947176179006,0.7189470202344976,0.6245085514517463
101,0.000283075,0.5785046119655911,0.5044043757678451,0.6138909274300711,0.6361075274195016,0.5637440581512355,0.5992442184166576,0.6392143420501865,0.7655948094686279,0.6930580605396311,0.5628836891711811,0.5532217334105961,0.6017982577418528,0.6420325745127452,0.9159566032349994,0.71566623687859,0.6629376557437074
102,0.000486685,0.5799179440642731,0.4889837405054106,0.6318788897245134,0.6670233527187105,0.5616953649552201,0.6327245731037245,0.6164531654178294,0.8033789320938176,0.5946589829249302,0.5277322467104852,0.5512778509033394,0.6150954589147716,0.6134345047798968,0.7363863888301742,0.665240323947068,0.6089042365650124
103,0.000323922,0.4841010018555805,0.41348461288478333,0.5694430174279624,0.5713205204505583,0.5578537658604433,0.7345268116164437,0.6957189829772388,0.9657512033688921,0.706529834865956,0.5837735788728915,0.5878094898563052,0.6684243939203516,0.7340840509328408,0.8182222312434678,0.7584337902281697,0.7356127758825478
104,0.000263047,0.457710145741968,0.420306019010013,0.6139769391182456,0.6572652113144314,0.5550569990725306,0.8074538326322491,0.773920117640809,1.1248494296480323,0.7742269325475962,0.5852588125427134,0.6144579581771227,0.6870835604557662,0.7937232399511482,0.8716284592521756,0.8902122928379727,0.8072665096995909
105,0.000240074,0.4737207085042301,0.44009694826291773,0.6334158978258061,0.6781824532233091,0.5529983971571786,0.66300833448269,0.6453442555747493,0.9122465959934393,0.6238291285717729,0.6664808776933394,0.5520250677095263,0.6502914501806614,0.6481692189915592,0.7521768186612188,0.7146017402206114,0.6511794219409268
106,0.00096234,0.502193215393292,0.47202900342395526,0.6447819936410468,0.6795414497741409,0.5550316832845927,0.5582150403707679,0.5393870365322102,0.7310795931069275,0.5074407919358379,0.4267623158446834,0.48470573159063063,0.5969139385771606,0.5291457930664231,0.6289870236610111,0.5492044954961073,0.5292330873213619
107,0.000287069,0.5213453840591871,0.4742570769660005,0.467447498046136,0.4941567081851552,0.5629061617310029,0.5591609531673952,0.5485185582934967,0.7332493532280946,0.5041632132156268,0.5723170392507935,0.504828156121494,0.6283593130343188,0.549782529181711,0.6672347252296905,0.5780288977650879,0.5637045570795588
108,0.0002406,0.5474409578727144,0.4915823626506014,0.6082815198581631,0.6590586448068377,0.5550155260820434,0.5906039515922548,0.6346877573114655,0.7660447108256238,0.6846545501453044,0.5778604562617443,0.5741009819671603,0.611237329370496,0.6007137234861937,0.8420945889185142,0.6321476752214735,0.6306822759030666
109,0.000488879,0.55964123757334,0.4858049638439098,0.6289932945930332,0.6797233991760604,0.5417410058281742,0.5874892296219615,0.7484129540239799,0.7547219033643138,0.7831683730579307,0.4802325214110336,0.6267532359414354,0.615212781693461,0.6702133024810075,0.9361238991287325,0.7286985072871495,0.7093035088849622
110,0.000338661,0.5883822757099237,0.5128049771890774,0.5534784509510946,0.5811703323008888,0.5494305789640425,0.5741027700955837,0.644463889645494,0.710315115189201,0.690978599816934,0.5514763893376591,0.5687677620391803,0.6321277828895173,0.6360524016565071,0.7655382742106129,0.7889993889778067,0.6885143625912598
111,0.000411061,0.5913985479407717,0.5297928891505064,0.5892297806866529,0.6385014188016757,0.5749456430041529,0.5439008896736288,0.48290929823177453,0.6189155300437795,0.4776045734351109,0.5732268038486819,0.4691016304643552,0.5966642021293864,0.47541076277888916,0.5528104501441652,0.5294755904229143,0.47594135209690747
112,0.001297147,0.6075568374213134,0.5524292885859405,0.5883585365831949,0.5858229004864257,0.5526716096478012,0.4800651507212264,0.4095492421512777,0.5156745066065674,0.3997276128831168,0.39690100421806646,0.39347924172090937,0.5136058665569956,0.4074929383352712,0.4579831430304731,0.3969484778112124,0.40610377538746684
113,0.00067907,0.5754329844753143,0.5040300556422102,0.42177856024686705,0.4154813144496452,0.5477834004474852,0.47322120224128006,0.41044018871554877,0.5291322593231869,0.4041319434274039,0.5260935946415404,0.39172252196861157,0.5356244326875731,0.4163716027844008,0.45972813455161304,0.4232862761681634,0.4267740682813701
114,0.00080158,0.5830211435051166,0.49444888846801494,0.4926033484517485,0.49516440214989105,0.5467337978014836,0.5462880122344014,0.46547934854401196,0.615542377623719,0.49035326269337964,0.48233105195457465,0.44976069197363416,0.5455888859776278,0.45960667486068435,0.5256259177286342,0.510661024342492,0.4699421742454101
115,0.000633772,0.593659970668322,0.4900953457847685,0.468060657516038,0.4675321394321061,0.5236079062614625,0.6178317882420754,0.5778294596150134,0.7000076707260839,0.5984263966874318,0.5147895562330819,0.5248613652231124,0.5529217044071707,0.5854034733611609,0.6435552100013956,0.6569345325010996,0.6030661663109089
116,0.000452466,0.5980096449697728,0.48116707765639327,0.487363603516004,0.5154871407199224,0.5316173710181273,0.598789233971582,0.5886712250042578,0.7181990178000404,0.6220139681049914,0.5387509792032286,0.5169304509502594,0.5649715891109333,0.6131670939920996,0.6696090996248649,0.7202310669103829,0.6369483472264484
117,0.000370363,0.5227926913232952,0.4238339365905117,0.5168825946330183,0.5643064370969646,0.5629112184279073,0.5864407107724148,0.581244546206874,0.7162535100588407,0.5846894248786576,0.5170114018820388,0.524752090436325,0.5734244820868891,0.576873449593778,0.6992019413083129,0.6673067874356132,0.5735759956559058
118,0.000350916,0.5510637122263228,0.4533535167910419,0.5564688366022761,0.5963492986286826,0.552012880608627,0.5698039830569475,0.5683694279373503,0.6736515953822124,0.5611819400542758,0.5291681960269751,0.5218509538656446,0.5294339814309732,0.5715321097663482,0.6699147848365248,0.6066714959001958,0.5748456903976628
119,0.000340516,0.5526960720265557,0.470005609907638,0.571438628836945,0.6088708155494948,0.5620630409087849,0.5626226430159815,0.5420944327539039,0.6990889090491643,0.5327301979876404,0.5436648565224265,0.5104727830729847,0.5330032975339994,0.5365679160933251,0.6254343512930961,0.5759215673075616,0.5335761187482312
120,0.000421368,0.5820839014815594,0.5039199777223348,0.5887104264596614,0.6187326449751845,0.5620686342604184,0.6073915994143908,0.5683966130851258,0.7582620681754695,0.56935462728623,0.5494227423041081,0.5284829284541264,0.547511256196531,0.5562073954249857,0.648869442499653,0.5922002852980234,0.5564449553104119
121,0.000406612,0.5213712749799878,0.44408438862602406,0.5735195353881514,0.6296119020290176,0.5587390384588957,0.716964097016922,0.649125180734214,0.821387888800574,0.6901207712126144,0.5761883182457964,0.5731164779247185,0.5823729985728762,0.6543228305764662,0.7673123665977484,0.7020293397183758,0.6721830543698839
122,0.000271122,0.5391844776782554,0.46625583009949534,0.5778677503153558,0.5887477072389327,0.5565736249676922,0.7399938153055355,0.6305029747610275,0.7661197715249043,0.6663904384411348,0.6044401809479839,0.5606266216169506,0.6058873770786731,0.649082105990957,0.7546460815812085,0.7387879958999506,0.667762161005247
123,0.000388889,0.525484623570831,0.47702463571104836,0.6202115547163475,0.6615561700761612,0.5546744001987366,0.6851393043801368,0.5511950139836251,0.6837344317394679,0.5555910527845701,0.5262560387520584,0.5084182583025711,0.5969977005955178,0.558725302417359,0.6524889105688836,0.6113589357775321,0.5574697242024002
124,0.000563518,0.5546561241472352,0.511287195679355,0.5840746166015158,0.591481312841165,0.5546496742074236,0.7038796060789044,0.5442296190036914,0.673980211342117,0.5437544724021145,0.49839793907466895,0.49812245373905634,0.5888287209298854,0.5514948812238569,0.64652427620715,0.5789307655341712,0.5519863896954257
125,0.00030592,0.5782851868243034,0.5378743647276991,0.5366579623570867,0.582669381125469,0.558816528707527,0.7406610096741283,0.5758728334855261,0.7206680807089118,0.5894283603816798,0.5757633779113964,0.5271830984637097,0.5942143552599655,0.5885183499122859,0.6744938525592967,0.6455526232294431,0.606206413733304
126,0.000307223,0.5898778394016958,0.557483913612513,0.6034070611951456,0.6353766561053095,0.5562963091503126,0.6818423531354075,0.594098730393014,0.7334916320412355,0.6379396639456487,0.5603138356678752,0.5528136431102049,0.5872887742918315,0.5942262519328302,0.6812390422769693,0.6822281140484917,0.6129566088701278
127,0.000428181,0.6162975227131522,0.5764994936830636,0.6062997658317077,0.6479960169414283,0.5494540909559981,0.6243221979440007,0.6060513901425955,0.7297514432765755,0.6253103139623261,0.5389880654993093,0.5569280633241629,0.5987324337550262,0.6024797708791683,0.687921895091898,0.6909359960466455,0.6210504267609466
128,0.00031227,0.6455780477291069,0.6153220989224205,0.5677342916506233,0.5826419654362511,0.5564346438848427,0.6218874085688622,0.6190133841326438,0.7740121238106321,0.6389011175289391,0.5874279221329651,0.5580020224665948,0.6353096038085627,0.6289243246548235,0.7532501801426762,0.7405829493813341,0.6520937498856739
129,0.000357663,0.6690461456304201,0.628025093455949,0.604664990777082,0.6464519307793112,0.5629780920139599,0.6372122464107995,0.6146187930588876,0.8117362314162921,0.6126695375828046,0.542660350669182,0.5629061617310029,0.6399114988854835,0.6172101903637225,0.7653560332947574,0.7040774220055533,0.6154388171737843
130,0.000401453,0.6385301195671382,0.6317740132957809,0.5982125171843812,0.625191738587394,0.5542507531875005,0.6379216730129704,0.6333438624458959,0.8062889137553901,0.6557224513100735,0.5622846653398299,0.564054147638978,0.626605161621262,0.6529707179792285,0.8093042057184916,0.7153016531695822,0.6628688345422722
131,0.000467708,0.6210866485901048,0.5830729637498282,0.5822616607508844,0.6167692392175089,0.5553896576726216,0.6171827883412124,0.5920106558633521,0.7606962582857559,0.6127412675900582,0.5372749013259571,0.5415738078357013,0.6287316426214193,0.6082042574628207,0.7267271059862439,0.7360306760425324,0.6310904200317481
132,0.000406603,0.5973908476089548,0.5365523451211345,0.5611123654324467,0.6003398813804092,0.5579938132909494,0.5610728585689,0.5188627116836078,0.6619815876237395,0.5343703168241134,0.5336306783464824,0.49198324247537784,0.6158673530476175,0.5297053176390815,0.6185857079831487,0.6384866599149143,0.5461134917820943
133,0.000801973,0.6166539784478603,0.5410117777348419,0.5764469927202448,0.5928076700296645,0.5532185333681771,0.511839629200589,0.4652450658590749,0.58175987905297,0.46671116316327815,0.4669313133516167,0.4455972400740225,0.5808879610621259,0.4675022039537571,0.5326397340540392,0.523394598974533,0.47415764932521703
134,0.000549382,0.6312234752548346,0.5399539304502358,0.4856086133768596,0.503805943742661,0.5514019122899818,0.5034944577900463,0.4611542732255509,0.5725155507961099,0.46045738278222,0.5195288557005489,0.43881135323236536,0.5898655554858884,0.46746809095722786,0.5345838575747539,0.5175153703878537,0.47995436396190005
135,0.000496726,0.5739556034410664,0.5402606483168235,0.5278827758560043,0.5553551239509347,0.5500392041350722,0.5249998780031675,0.4861766596979278,0.6099015719907068,0.505363147286085,0.49472060882606256,0.46071561240027775,0.5820752041581291,0.48720032480822395,0.581983284863341,0.5490005812184391,0.5008841961405069
136,0.000417264,0.5963412821215907,0.5483891595145084,0.5369293485920004,0.5474786881651169,0.5450749711842267,0.5612058797076073,0.534275652063338,0.6744677560090969,0.5507924418011966,0.5404703905361762,0.5010275526861593,0.5752697999602097,0.536373862404423,0.64009564501388,0.609028013349806,0.5451020099870741
137,0.00042912,0.5966989991319314,0.56347392383671,0.5572275798478273,0.566254066470324,0.5470764615049082,0.6023661393040709,0.5856235127805871,0.738573426633657,0.6305416655893892,0.5215401069023287,0.531150397268892,0.5721364314961859,0.6076833285111242,0.7023783595434814,0.7034987309942992,0.6301448307723904
138,0.000453281,0.5144589797339322,0.47317581021654015,0.5548174458085335,0.5592215408484869,0.5612899711384726,0.6089305505981158,0.5976267055499975,0.7517616043067253,0.6375433984037363,0.5060340801419749,0.5439809878955612,0.5819789384075869,0.6174013654367246,0.7290961812827905,0.74898141084293,0.6422627846058944
139,0.000471883,0.5290981962212091,0.49316080855609495,0.5587956416371342,0.5465614214439951,0.5573567933062349,0.5612019823459599,0.5427484633960146,0.6832827955070522,0.5631541002555177,0.5397418168698894,0.5114333531335911,0.5649022991509626,0.5615597642154094,0.656964005205893,0.6623693767483342,0.5817245300535082
140,0.000428477,0.5472797875087653,0.4940085335469786,0.5561813799597068,0.5330619757721463,0.5563733298785132,0.5513765652850997,0.5143920833421861,0.6600464662534137,0.5195045632233136,0.5497992806617926,0.496118269736992,0.5675896632184404,0.5270271723059946,0.6202002824943852,0.6123221125400523,0.5356796231030012
141,0.00048332,0.5534987474060425,0.5109242401150961,0.5680567901272441,0.5530697926948509,0.5536686842595416,0.5956024814347413,0.5470733669213986,0.6861261540296997,0.5604524173086322,0.5341114296096466,0.5207095905204151,0.58032937628282,0.5592226426249952,0.6703774201294935,0.6413093598480422,0.5673375482325064
142,0.000294581,0.5823107907995098,0.5403311978210064,0.5527045814414743,0.5353709696562778,0.5534346609442066,0.6204273483476606,0.5831685240383968,0.710002610300995,0.6196921685224575,0.6094846477364341,0.541611839282579,0.6117681809725775,0.6000266105702013,0.7394264599625697,0.7354172475215581,0.6269611822418703
143,0.000499228,0.6106597916609852,0.56766628523229,0.6063348717613488,0.6077504927535706,0.5549686781728171,0.6027292971476744,0.5492285003523065,0.6897907324838045,0.5660031550999914,0.5152874799800103,0.5224496108941293,0.6260541011557339,0.5542759622628552,0.67925399087387,0.686069182692964,0.566531084808262
144,0.000360566,0.6318757108835049,0.5747661247028939,0.5516814891557879,0.527341010848913,0.5554436295121863,0.6385145386713788,0.5698605188335667,0.721671148034692,0.5780964373360691,0.5237513120861222,0.5375579896215767,0.6509377559499298,0.5942302176492421,0.7369215566305319,0.7021329006712644,0.6057578028410747
145,0.000310322,0.6538961457789447,0.6023337832858424,0.588801712650428,0.5713146463236469,0.557257558085594,0.7359189152737903,0.6734013604751597,0.8384225454891326,0.7208060641564549,0.5649693169046746,0.5901547542843679,0.6559730441885873,0.714813339141561,0.9836373014796989,0.8670177967420223,0.7458472947580918
146,0.000303503,0.6638766789789853,0.6230223777928433,0.6076303198354731,0.5762497897114987,0.5567567394131135,0.7246445303839478,0.6989931436658346,0.9030260735347484,0.6999514922426143,0.5696391345823487,0.6045675191893162,0.6517882553555607,0.7178247259226921,1.0101900665943924,0.9575824402266281,0.7474100820732439
147,0.000351825,0.6868384747133074,0.6361748327055352,0.6178473894076777,0.607048138464453,0.5537542462895434,0.6311347624234617,0.6297629054503338,0.8415346043265357,0.6343079678016671,0.5743365627018492,0.5612615651695169,0.6367725964828274,0.650819628829256,0.847854520070328,0.8359642295850611,0.685808922902363
148,0.000278723,0.6883858818589396,0.6535291954775811,0.6009672141412533,0.5758295249168778,0.5615341059928015,0.6137801859664113,0.6322336316807269,0.8292949113554465,0.6289525368872011,0.6204777576959589,0.5676651327917396,0.65404327533197,0.640463587146003,0.8144931113350923,0.8313505883985425,0.6697765594962847
149,0.00034036,0.7147512199716638,0.680660175924491,0.6322073634870309,0.6188139901472195,0.5585709789650614,0.6338702866226245,0.678123508514346,0.8386454166036703,0.6910575935078294,0.5559712222105652,0.5941918857161607,0.6601533770582614,0.6833772733419788,0.8653208327254356,0.9037739098026263,0.723320086845419
150,0.000214194,0.7292292912089374,0.705766726075818,0.6136716883371711,0.5832010127444239,0.5565877460601211,0.6321715484989185,0.6704562014634954,0.8352566379503663,0.6856118919352986,0.5810850214419462,0.5905455563191123,0.6921924735580124,0.6776427013231627,0.8859869739684898,0.9478368122798827,0.7273311469330791
151,0.00032517,0.6984376208854779,0.7087118466738247,0.6618929674081143,0.6474139793480607,0.5575772632760214,0.636505993697595,0.5808959878176401,0.7763834288986199,0.5716297551763521,0.5712841037841788,0.5590117711331132,0.6920838504378171,0.5808256106788914,0.7404294601553261,0.7296510834975033,0.5956377586668059
152,0.000538957,0.7056737250949758,0.7272075531645594,0.6221132994423739,0.6038740490112375,0.5587176106765895,0.6680625049472122,0.5819385831112646,0.7218985713911716,0.6164996598015254,0.49713803639312465,0.544603714519329,0.6715849628718408,0.5957729351287546,0.7846645951682092,0.6830507876190646,0.6267958946138201
153,0.000313078,0.69597794994605,0.6810548782787839,0.5571883429206802,0.5753321776450725,0.5579549614418263,0.6317922834621821,0.5355513558485064,0.6467960011284661,0.5585331041453577,0.5928358896691805,0.4982451382926384,0.6407932060602313,0.5449739938804385,0.6571570154616356,0.6783967484522204,0.586485822696082
154,0.00048748,0.7139107546394076,0.7076032505831363,0.6177337508266308,0.6098751318784684,0.5570200451755435,0.543513572097608,0.44542732989018335,0.5518952900712994,0.45914893156642683,0.5578220510136179,0.42263202026272906,0.5851489672609522,0.4435815024954873,0.5210617295332935,0.5235351174798716,0.45743100291700556
155,0.001176001,0.6609004821504716,0.6241314160630517,0.5646072505412882,0.5485310353054471,0.5488302185119665,0.5068528275926352,0.4085016400434216,0.5032020105628988,0.40663858524064805,0.4068615874623242,0.3846327475343369,0.5431775556833774,0.4064007252286585,0.4656303275887535,0.43930271168360646,0.41269545964368903
156,0.000528309,0.6216156047840206,0.5629904578085434,0.43436342445551257,0.43098257884319424,0.5500869119341175,0.5451555893112321,0.4232284746135266,0.5354918517815701,0.41881130191960886,0.544690232177057,0.40256081214789824,0.5617545466738545,0.43318488378437797,0.4833213205916109,0.4717397165988318,0.4468617722610194
157,0.000463758,0.6109576942882103,0.5326387820472008,0.5245751190932738,0.5392476910616044,0.5486371242950246,0.6166347746012902,0.5049185549421452,0.6142965192860961,0.5675355280236283,0.5297095313161005,0.4687933476487761,0.5574702699289085,0.5063139141882594,0.6212270680638499,0.5697661076725646,0.5333981984983126
158,0.000466038,0.6389578090865119,0.5653115926743412,0.5394874124017585,0.5838857864256818,0.5302830601532795,0.6326615475230413,0.5931590619670565,0.6738018702939644,0.6196292104134328,0.5072988523516566,0.5392817762502944,0.5582484663390883,0.5916971863440744,0.7201781138918368,0.729180435061998,0.6327852230877903
159,0.000249623,0.6625058136123629,0.5943412899547161,0.5350855295096638,0.5696676670094656,0.545634933321745,0.6454390971266423,0.5983373085821934,0.7424787083800259,0.647830661453766,0.5685302819177881,0.5630590465518216,0.5840614364578034,0.6412121745834454,0.7684319243215749,0.903007517378338,0.6917822717818358
160,0.000210905,0.6855723031142003,0.6239668253505006,0.5944769090213402,0.6494994301332171,0.5722822028771762,0.7114127077911117,0.6063973754069218,0.8140713303141938,0.5989509325842837,0.561684758888023,0.6029950178009004,0.5854249605334494,0.6177463742392523,0.7454255066696762,0.7738806964678245,0.6220746228070474
161,0.000225738,0.6253287993187666,0.6202303431188558,0.6444807533646104,0.6972483053480651,0.5580042116412925,0.7276962374133069,0.6699498281401699,0.8096968775933528,0.7168944518882411,0.595275965561059,0.6019527878479187,0.5547722615551962,0.7046850990770976,0.8452117310804925,0.7486533986532481,0.7494888261976295
162,0.000279406,0.6543687224520116,0.6597685601342428,0.6539622096414704,0.6667636211462845,0.5620943658288845,0.7190196072056729,0.6408661553517138,0.8083075519668105,0.6640463302289765,0.595388955079127,0.5644899270796744,0.5806405298395769,0.6512046472089935,0.782584957799052,0.8303352674946861,0.698528863442801
163,0.000262254,0.6826496006836607,0.6987350959625422,0.6434611963686779,0.6637872955913647,0.5653002113943261,0.7601685216479681,0.6133668923882508,0.7827314446698218,0.645528049068203,0.6009179940932834,0.5573949748176006,0.6190335583021972,0.6343127913569278,0.7784049751237695,0.8491804226411357,0.6706318984071455
164,0.000331698,0.7065098382669324,0.7307302826940754,0.6603546552225019,0.6711883909471805,0.559434304447929,0.8410207037609098,0.6170021744594306,0.7471760887711071,0.6287911514984406,0.5900738392967189,0.5732386706454364,0.6464612917607228,0.6439527047057654,0.7792755604460017,0.7691303792370616,0.6766587714615648
165,0.000222198,0.7026557649149455,0.6916936471791213,0.6316564866490365,0.6359349019205132,0.5569090195234084,0.8896062402817748,0.6469230371062092,0.7453354960556106,0.6750406429103184,0.6347771713400857,0.5842454115090181,0.6977967116846719,0.6796699858303692,0.8928641183853161,0.7916787652187427,0.7326787735494299
166,0.000250197,0.7016394897583176,0.7065398338022062,0.6737488772772812,0.6816716680836284,0.5568790974974086,0.8994107821349957,0.6738828292208732,0.7720709095642561,0.7267053450473564,0.5516264914994697,0.612565972031111,0.7253383344110012,0.6974395127075824,1.0619573285006028,0.9031792054865007,0.7572478573247535
167,9.7e-05,0.7229734435247355,0.736572620806431,0.6623474082219719,0.6695485800752085,0.5574408029907094,0.8995231034684847,0.7074771716947887,0.8094077487735947,0.788422923609925,0.6345146753938877,0.6573743554709357,0.7294125892605882,0.7440943340255084,1.2707290732972454,1.1069109732050657,0.8295015910097988
168,0.000243366,0.7492369769274327,0.772414721133199,0.7451216885673769,0.7736078335854302,0.5591962017860052,0.8556340666254231,0.692168446732454,0.799111013605083,0.7661976880371697,0.5783710985892707,0.6365498625933597,0.7065787225902416,0.7186194817116967,1.0724280230030083,0.9950231023588642,0.788674681949827
169,0.000243103,0.7453276705865538,0.7348365962488256,0.6768960477618974,0.6595687210988742,0.5622605873719067,0.8120211171052514,0.6509942364871654,0.7713485177608302,0.6733292291348585,0.5724688583769109,0.60161709406924,0.7317377538178691,0.6702730539117201,0.8980388220408315,0.8523928236167017,0.7279294064439152
170,0.000201153,0.7581481091502271,0.7597150759168347,0.6823341630320513,0.6858119711068491,0.5619159956810925,0.8184621864575831,0.6567443949690347,0.7757003295957505,0.7138374121963804,0.6226410834270242,0.5967913745484043,0.7646818858741172,0.6837243632733441,0.9420508074142087,0.854303283354964,0.7590832662916764
171,0.000238485,0.7829853486183286,0.8003500023566793,0.7027585101043369,0.6840538328349428,0.5606976814590026,0.8855557115589993,0.6903797536257223,0.8279919022059317,0.7253756016835247,0.6033994487147952,0.6301148816347212,0.7964145969851252,0.7095340627705478,0.9814561191958417,0.9344435960941176,0.7742678687783945
172,0.000161612,0.7210055135777501,0.6997096471530534,0.6875704243814653,0.6600066145006342,0.5555175964833532,0.932281857399245,0.7062001079358192,0.8736820148088605,0.7439594036453067,0.6145244700193446,0.6519941987869364,0.8035880789813007,0.7494357841931755,1.0051397050389894,1.0164004677472207,0.8390786660792546
173,0.000189771,0.7292512796791651,0.7207081702947309,0.720316993322842,0.7013426380236734,0.5601377082762256,0.8781976459865631,0.7013350313943013,0.8686587056168885,0.7670222243764653,0.6111596543945131,0.6423930129444028,0.8025521158895513,0.7316587793690049,1.0501018733553045,0.9957624877570853,0.8294854105065151
174,0.000219837,0.741290231308755,0.7442059665436838,0.7109934384788391,0.701850668594359,0.5601725882458373,0.760073064714269,0.6549706221841075,0.802638428889719,0.6960554839876884,0.6045250641671168,0.6054296867909845,0.767567223562966,0.6736544843362349,0.9374601542128062,0.8866976306708365,0.7596418818477833
175,0.000298328,0.7645804949514868,0.7656089452403404,0.7010982630286549,0.6747211171932526,0.5603504112335279,0.6978042037635963,0.6043268271809602,0.7555710412266898,0.6236502589694229,0.5502867904527071,0.5700529831294846,0.7384871438016074,0.6215686998196477,0.824493455600543,0.772564284602395,0.68101607357556
176,0.000245902,0.7895662668301096,0.8049038860592684,0.6631635398367102,0.6369605575436412,0.5609766302939878,0.695504810871927,0.6320172157605146,0.7567927882482736,0.6863297390090569,0.5887290659640066,0.5694930458782844,0.7414853461983111,0.6540397501098374,0.9853324828916578,0.8069021838692269,0.7365562569316253
177,0.000271566,0.7636277042735143,0.8081761621664123,0.6862299597288434,0.6563726313819578,0.5575030164526228,0.686729291816903,0.6000483874527347,0.7375754121708579,0.605769005977781,0.5889432258578812,0.5559208847322603,0.7263526071077917,0.6064100189438174,0.8854944664805933,0.7518646740060729,0.6584517095168753
178,0.000457635,0.7560484111058968,0.7619820961264188,0.6772294370395252,0.6794208899363072,0.5562621482243713,0.6560717606407406,0.5625357083071607,0.6973390825283742,0.573773440475896,0.5138582774074955,0.534190160658071,0.70814067778109,0.5739377366553056,0.8242305192245233,0.6574119422719311,0.612986353955389
179,0.000207063,0.7682747483425951,0.7542254153484054,0.6020943731817875,0.573910344157517,0.556780117168524,0.6436064311917403,0.573523695049409,0.6861302239540049,0.5922506658049952,0.6597649415238918,0.5492478108904963,0.7086950278574083,0.5896193925212406,0.8240489048193388,0.6877845216924454,0.6510203093865995
180,0.000379587,0.7743263603736944,0.7753800126573673,0.6947366933507987,0.6914467207049743,0.5578805636538082,0.642028406322638,0.6046907590025455,0.6900886777002961,0.6742030955812935,0.540598244288909,0.5700821614015494,0.6891135175489496,0.6081050645365508,0.9161624293802232,0.7570769393766661,0.6815310241593782
181,0.000349705,0.7980073926585382,0.8146344184080816,0.6257652214218595,0.6000164034726604,0.5531838698009566,0.6323506843354015,0.5771984570999453,0.6922917413114187,0.5826812209150001,0.5541815799932267,0.5624701133073668,0.6808191673514176,0.5853939944784544,0.797642665313403,0.7482294736941743,0.6425049390180978
182,0.00027236,0.7457375348534331,0.7237030455629139,0.6309669440628581,0.638404684732338,0.5567692434276083,0.6750784350425552,0.5771584824328594,0.7365210153667646,0.6001184978951362,0.6014532270736502,0.562912342156837,0.6864163175182619,0.6015162897298351,0.829095567010579,0.7226356187890213,0.6537535161381116
183,0.000242433,0.7711606522015328,0.7631680438030131,0.6581820990221964,0.655965042104764,0.5602534462454654,0.8193911948513855,0.6893693032672256,0.8453829617564821,0.7226415623128555,0.6021046866961386,0.6412204792895885,0.7070225091257754,0.7023805425545679,1.1221913427468053,0.8462406789083297,0.7799337822836352
184,0.000156151,0.7949562879278129,0.7933706447501693,0.6802830172592613,0.6840437502522232,0.5535949188559874,0.8843201482817985,0.8027736542773826,0.9118164532894074,0.9510883505964671,0.6363484654185646,0.7063144053860664,0.7158002113548351,0.8565174606380621,1.4112389829964014,1.330250723344397,1.1268723396380222
185,0.000179828,0.7635519713483931,0.7954980519848363,0.7240423702478006,0.7450474205057273,0.5605933216150433,0.8077508324954538,0.7074069091791502,0.876173597744861,0.7599043737535448,0.6002424424667454,0.6652106505565232,0.733389721436431,0.7359628600638696,1.0664065293272431,1.3057345169216235,0.8494718369899985
186,0.000138509,0.7745399672459818,0.8185813793515947,0.7249335733702637,0.7498431702985789,0.5620669562373948,0.8259982557077896,0.6976255299357581,0.8459602042486065,0.7616019221501731,0.6326822880399278,0.6537799219930673,0.7307573240620587,0.7379713470589326,1.0543551205081436,1.1184045216273595,0.8398501334478563
187,0.000213089,0.7995582541559251,0.8629629505245774,0.763540753572015,0.7467572905056183,0.5625570176037278,0.9494637980028651,0.7275336375559934,0.8629123460625577,0.765761661484441,0.6005158003634742,0.6675474758692278,0.7347703593438675,0.7565621508943802,1.1093670778039773,1.082446790220384,0.8619464978720883
188,0.00014569,0.7647283701960695,0.8578307946631034,0.7264528194043877,0.7111123449711125,0.562266186623303,0.9135959268105474,0.6746031043320216,0.8261971502232587,0.700099530073624,0.6404917256770274,0.6246436277885684,0.7585767519252209,0.7008389620590837,1.0398439675632238,0.9488631246528209,0.7892547974729709
189,0.000243046,0.7895352583327612,0.8999177076380976,0.7718535443985541,0.7496811979160536,0.5604562990745787,0.8405676028806913,0.648876327110857,0.7800907477587817,0.7149007935660978,0.5893206640106107,0.5913855172644482,0.7743512233161364,0.6709465984331463,1.0533817605128004,0.9041461970991129,0.7581467364631574
190,0.000178544,0.7780694269237749,0.8355284345496402,0.7118804437595697,0.6947557068302197,0.5598854378396717,0.9623839886927907,0.6846585939380523,0.809020501067881,0.7275736706883006,0.6410171068310289,0.6275185354216827,0.8181169937679662,0.7107490182814727,1.1074453813488507,1.1090102941764906,0.8092240706383914
191,0.000145321,0.7891897608694662,0.8214769310719106,0.7459845628162048,0.7285583786985835,0.5591433313575179,1.1331584075737076,0.6920473060791672,0.8367991057352044,0.7380105957694634,0.6312226830104639,0.6512072568868026,0.8111623145993556,0.7369455090346744,1.108079122464803,1.1059850751148044,0.8323060692821024
192,0.000191794,0.8133636007177384,0.8608130473150296,0.7658380538846173,0.7506772615757012,0.5598915192993393,0.9627716899256642,0.6856200135668459,0.8080664425828544,0.7480751379705074,0.5957196526295756,0.6234982643687151,0.7844713956558067,0.7205325331456237,1.1480255767407932,0.9600954526727828,0.8146344184080816
193,0.000159854,0.80577095685107,0.8724326632267302,0.7409337745606833,0.7111599242749832,0.5588995504807796,0.8522523951766718,0.6766011988031689,0.7937342661274638,0.7282041532222888,0.629836086801874,0.6093249583046434,0.7673607556531385,0.7031370884913286,1.1203263510972792,1.019974840346125,0.8075931660664731
194,0.000159763,0.8105812250248237,0.8464335477507248,0.7588945812718251,0.7316513768253416,0.5626389126959098,0.9047311508878372,0.7107942622631398,0.8330334952361945,0.7855991365427066,0.6187318988376984,0.6377483838130027,0.7711115407728677,0.7390434373067416,1.265589601990944,1.2532258232001414,0.8553855496499778
195,0.000113429,0.8317109998659665,0.8845119104941398,0.7648833791822022,0.7404831705282436,0.560430237336116,0.9283128101235315,0.7226629602130057,0.8444159246843852,0.7832077173785231,0.6501927221155063,0.6429641134284121,0.7725047392212718,0.7549020717340296,1.1640249414627295,1.2554202079084131,0.8836499614143634
196,0.000209952,0.8085438821769961,0.8874232084149899,0.8004937687633226,0.7673636023532634,0.5600165095300551,0.8868469980763373,0.6922248614995185,0.8238268989139622,0.7533996592604322,0.6096573105248471,0.6137182842959391,0.7962761975802435,0.7213292333932968,1.0351372867866655,1.0900285521512807,0.8289125124068922
197,0.000200072,0.8173763060350402,0.9096179259973971,0.7376095411857193,0.6934117170300462,0.5616540605010034,0.9280533630879838,0.6746833850358359,0.8331518821980032,0.7081395591982523,0.6202528914559273,0.6160425531472926,0.8282137141843865,0.7067243347852472,0.9923404113967469,1.0925667808386892,0.8025374617305184
198,0.000153927,0.7967521485198256,0.9101518166648538,0.743513617851683,0.7008259503477937,0.5612871860488615,0.9852149807261176,0.663508320045266,0.8398333397852585,0.7064087703325835,0.6140841398617094,0.6253850356897014,0.7967728614037286,0.7059273500380071,1.0101088943609828,1.0554126447688394,0.7976059004047863
199,0.000235141,0.8212308259888268,0.9577290674752641,0.7717999558794193,0.728437810991011,0.5595446402097666,0.9095468115388846,0.6560388502049554,0.8021551092554445,0.7148248444690203,0.5832266326683547,0.6087357653850942,0.7518753849775213,0.6869466885741153,1.0432858312321605,0.9844537426123883,0.7770003548121649
200,0.000194322,0.8151457808737439,0.9652918875239298,0.7221760345236777,0.6747849860378092,0.5577274854002345,0.8143467743183057,0.6363801240817769,0.7548668407032297,0.7008877624318913,0.6163277568541385,0.5796607060319555,0.7401074431719421,0.6641229002736789,1.0406524231802212,1.0282811957380635,0.7715292872632452
201,0.000413885,0.8371259959088965,0.9918513441702999,0.7411991448785893,0.7008595654175608,0.5609010173832151,0.770010446429133,0.563573134734011,0.7064709608509602,0.5690757705097675,0.524974354251153,0.5402035334027924,0.719166018777259,0.5752859922169062,0.7921527780321641,0.7930656515355675,0.6219646992215102
202,0.000193962,0.8574393374285365,1.01424093103142,0.6347723371831829,0.6378595342277733,0.5588330201545042,0.7452376954048711,0.5781749590227584,0.6962489009288426,0.6189177704579328,0.6406117698848348,0.5389357909037685,0.706817751820476,0.6094361573162281,0.8804227537225596,0.7678522805508087,0.6833742574864834
203,0.000398087,0.826645188719736,0.9124212163425213,0.7287862811380204,0.6920337339345878,0.5567029274012101,0.740111274236728,0.6179402779495115,0.72558969920027,0.6706385491119857,0.5330758133021609,0.5677821413185892,0.6867598985910274,0.6271040712374563,0.9741705073131507,0.8669192682599349,0.7067432376242863
204,0.000203303,0.833693462479629,0.9338299192365419,0.6314898383692477,0.6288718286618882,0.554862641103966,0.7289375215941609,0.5931866743366612,0.7432974931467287,0.5902240439621956,0.6223766438966352,0.5689515788510576,0.7008682410595036,0.6077002942175677,0.9175754705618353,0.9011000337587425,0.6668719614561349
205,0.000249976,0.8393448987122953,0.9073528558570496,0.71182476662594,0.6919022298961498,0.5558927450045235,0.6921506893824355,0.5918917400407668,0.7274305523361466,0.6528672584608117,0.5943168222536213,0.5358346347710794,0.6753014408900081,0.6194681550052803,1.083090579015131,0.826972788733295,0.6933949139739206
206,0.000401659,0.8601006438220162,0.9339299764282563,0.687461915530524,0.6651596586926597,0.560033107447759,0.7068555740106289,0.6156798044307775,0.7495087198530557,0.6283014892526493,0.5382266577570562,0.5564037130472349,0.6758015825996774,0.621036845208777,1.0581749307475474,0.8678237054636062,0.6836538964625516
207,0.000206397,0.8749831683567707,0.9394047946284253,0.6287379059181029,0.6062843211543139,0.5564411562974559,0.798393460308538,0.6231999451165282,0.8013434083379554,0.6385350400869825,0.6162916238873446,0.5919969311489062,0.6800689116099008,0.6575560847593019,1.0357877557281783,1.0111917168649693,0.7436936499119907
208,0.00028847,0.8890966061202856,0.9456715717531909,0.704781017876812,0.6870631266223872,0.5618506172038875,0.8371167564645491,0.6142870268429824,0.7812612536000846,0.6542398966830325,0.5800679016529936,0.5838487946650525,0.6699981400877447,0.6321683652389841,1.0001454317194267,0.8992000067143338,0.7012720145563679
209,0.00031606,0.7368938251854121,0.7478734583601566,0.6734167514948484,0.639333669314645,0.5539833198418299,0.715344312969487,0.5957283100629105,0.6774359746406744,0.674585697839981,0.6122346257122075,0.5302130865697212,0.6414614562207758,0.6104812591190516,0.9224420298590836,0.8571892445816952,0.7118099973340826
210,0.000745948,0.7579340600690991,0.75691023501027,0.6565856272618767,0.6319989260739565,0.5576460772532211,0.6715277216141337,0.47042250387521345,0.6075377646146967,0.449228302132274,0.46929652909768216,0.46667274091859395,0.6234249800660834,0.4688355422472022,0.563279599850454,0.6173398439976254,0.4906480456941743
211,0.000273338,0.7844774785033787,0.8002515105582277,0.5230025594298237,0.4886691535847906,0.5606232913497184,0.730494412652832,0.4841456793314686,0.6155996888472252,0.4979811867280265,0.6260749715968754,0.48102432001421686,0.638464523503615,0.5062497360353261,0.6420250718290025,0.5973357871211508,0.5455443846248472
212,0.000229021,0.8099093255543305,0.8422808715943095,0.6516958188294316,0.6652959722589912,0.5516984148213141,0.7712285569832612,0.6235868507249523,0.6797985948524353,0.7741465409940607,0.598508095751274,0.5655934985900352,0.6243122331152795,0.6274803984050149,1.0280654957520672,0.8418501629093252,0.7571220504709637
213,0.000265791,0.8003354684929135,0.8531096988487207,0.6673227004199888,0.6765163303324307,0.5467209282623933,0.7520883605408268,0.6418750733677292,0.7525672110877957,0.6683585521811732,0.5792029458037959,0.6313692990097203,0.6459444939230994,0.6407335388017651,0.9627969910672474,1.3384830145542,0.7284463340139581
214,0.000242102,0.8130265092345185,0.8440898953576823,0.6533841698016332,0.6734177134686191,0.5545260938317198,0.7737872777450713,0.6602403936755525,0.829079410255277,0.7889638062686685,0.5707345887307135,0.6538961457789447,0.6603238168976321,0.7349841314550706,1.2892229841782994,1.4112389829964014,0.882907575231521
215,0.000147184,0.8198056826651866,0.8659706004041953,0.6654945650288532,0.676589490908247,0.571715088817475,0.8183119739511169,0.710803312096348,0.9047894754098419,0.7698063121113338,0.6189237450146248,0.6879136913843659,0.6747472431648428,0.7544011709510715,1.4112389829964014,1.4112389829964014,0.8804120052592332
216,0.00017676,0.842403245652737,0.8961829920285659,0.7425367348283896,0.7625373638641337,0.5594227229790802,0.7357595245436676,0.6404404170225539,0.8175363307856375,0.6673236365133457,0.6199411909028211,0.6141738816048243,0.6458282154172815,0.6766412053638248,1.02681506087324,1.0447267700869995,0.7582400961723159
217,0.000291647,0.8328314433560942,0.8487794948556419,0.7327308147063303,0.7356014911606795,0.5591686632331421,0.6728134449742136,0.5900589545640473,0.74002955775564,0.618323421097845,0.581976454762307,0.5606382780196483,0.66224217268886,0.6164856365778789,0.8980296966965164,0.8879079176398061,0.6791720677191144
218,0.00031488,0.8086471336396804,0.788179117892049,0.6744899862125686,0.6683989955157615,0.5622314739609282,0.6907895407703907,0.5881642404356053,0.7173091395628426,0.6322973257431769,0.5993879705254539,0.5639829343182374,0.6889095058094419,0.6137670758140945,0.8796948981494418,0.9718115161819969,0.692605499035815
219,0.000311419,0.6914946266797739,0.6534685366296529,0.6621324151592298,0.6787471356167196,0.5609460478607726,0.7518753849775213,0.5644955931985606,0.7089552929263551,0.569724744728406,0.6066229705914997,0.5774481838306118,0.702510468361235,0.5798135341313337,0.754009269298315,0.8778863244027151,0.6332142606719343
220,0.000203129,0.7196856224705027,0.6870049001977478,0.6594982330177619,0.646521722425597,0.5552024973345207,0.7839912973786197,0.6076126533593416,0.7123399945135019,0.6831391437064879,0.6543219481350215,0.5776035172091999,0.7208756756208011,0.6405952080500367,0.9260706357691048,0.9220145930080698,0.7421025114479118
221,0.000309099,0.7187153573509363,0.6608813871693816,0.7018778962336105,0.718796062931436,0.554443394866534,0.7897446366185586,0.6351755628756447,0.732567294112936,0.6931597993760372,0.5549309930639637,0.5749414523269731,0.7328138557020566,0.6537746405661011,0.9717941703034906,1.0891565519886832,0.7612459385120063
222,0.000202237,0.7390701405050155,0.690791617499105,0.6511698545026045,0.6929542701747939,0.5576761230894876,0.8217547194296762,0.6127833029361879,0.770027704659102,0.6359762219895808,0.597837264813199,0.5925073478897156,0.7289180014055907,0.648957237710971,0.9058974471364607,1.0770107019997386,0.7285096572659129
223,0.000184238,0.7619988201356563,0.7089856010265488,0.6993290334902402,0.7229365452522271,0.5604834736947835,0.8957185657230982,0.6806075345689075,0.8383687116234717,0.7764704178954358,0.6022856031356029,0.6316207651967529,0.6991674875734606,0.7382272093232682,1.1567799842532571,1.1938064391677488,0.8688900449980655
224,0.000159341,0.7747962359656111,0.7349091024500306,0.7173812315181434,0.7405496852820944,0.5597837409774681,0.9252885816148753,0.7657927815544879,0.8885149225504685,0.8609738334995111,0.6129196149284365,0.6737469504940857,0.7049575225688319,0.8075616438583116,1.4112389829964014,1.4112389829964014,1.025120954173447
225,0.000115135,0.7992718050603136,0.7734984776652792,0.7399733933734267,0.7590929109117363,0.5588093828672377,0.8366201248887507,0.7037708783645298,0.8325549980600009,0.7804708469768572,0.6652486703036568,0.6467099320382977,0.721981539655808,0.7480896440995041,1.1866522198808893,1.4112389829964014,0.9255781852490244
226,0.000136681,0.7666202676124811,0.7122136431430189,0.774892951961467,0.8043377727638927,0.5634502562514999,0.7953062486324182,0.6485804865633615,0.7793590518069251,0.6930674983400908,0.6296818848996265,0.6087990145359431,0.7358172446559208,0.6782050527708725,0.9944742899911537,1.2300457981022588,0.7742590961823045
227,0.000208418,0.773051330374342,0.7342136781747606,0.7751070282091462,0.795893191763944,0.5618467063945252,0.8852037257910693,0.6615060139455485,0.7890690212484779,0.6992127091450548,0.6112286973550548,0.6055324717605088,0.7427638134442739,0.6912926559622434,1.0094019007470976,1.0939044073857782,0.7888663652350202
228,0.000243759,0.7584956387336583,0.6943335528016502,0.7341102201322532,0.7674718004395045,0.5624291981356129,1.0377324636862397,0.6783416807479233,0.825884666171579,0.7267065539371224,0.5912090364651392,0.6168054562616323,0.7775491471460418,0.716108869767158,1.15717026091222,1.2222474075685632,0.8429404391818699
229,0.000147195,0.783501473847997,0.7317315830181196,0.714197465336828,0.7206103163075573,0.561067294892327,0.9807808131190855,0.6439695283270498,0.7946842397834935,0.6992730182256071,0.6192466282369392,0.6052235754506692,0.7909030982459458,0.6864550338043086,1.163717036451687,1.1883613038001684,0.8072101725573019
230,0.000150872,0.8053954856862139,0.7666869799239547,0.7680091973301676,0.7578435554037215,0.5578876739206845,0.9187726706741364,0.6291422843760087,0.7528533478555889,0.6896522366828153,0.6043921890529433,0.5983028988323258,0.7629972842005022,0.664422053916619,1.120867128328239,1.0771327149982095,0.7645171461016773
231,0.000184143,0.8217197620028427,0.7971507566089147,0.7649242608910217,0.7505200748309373,0.5575073830918089,1.001234431977146,0.6607159666338859,0.769845113883037,0.7181418450353931,0.6066820464213575,0.6176097854880693,0.7437014240247158,0.692038953895696,1.1977489292296595,1.1683212465050332,0.809090565053638
232,0.000240604,0.8405358010024558,0.8127557846514057,0.7441436538270194,0.7287984744593606,0.5612465284612442,0.9814025197693945,0.6492889430031296,0.7752185354011216,0.6969218007928804,0.5975205013114764,0.6094354443081629,0.7294407071854252,0.6759406541343482,1.120109373894519,1.1083577987660436,0.793622450497966
233,0.000227528,0.8244334345373835,0.7709166320631734,0.7178282212690905,0.6706033976273548,0.5627045667762386,0.8092173937894976,0.6028879970996462,0.7304391636440504,0.6384104219674024,0.6046503670334046,0.5742542255887949,0.7149698592112573,0.6240938932319422,0.956122615397556,0.907764927762744,0.7154481119213659
234,0.000231017,0.812471814699095,0.7377347214521363,0.7258473484756098,0.6819552153947012,0.5589573026690375,0.7653532088786753,0.606967118725854,0.7240375877124768,0.6415013682694223,0.6092273529459836,0.5749205003155178,0.7097490739503476,0.625896480808615,0.9484167260874009,0.8963213266954825,0.7148789269507083
235,0.000194453,0.8326549958217242,0.7577270441158369,0.7191097861561943,0.6827518362013191,0.5573660652376131,0.8892649100693109,0.6914633825234165,0.8208960595640374,0.742400072019985,0.5907883347627179,0.6330559664980128,0.7420960746983556,0.7193336233514448,1.2980884146187,1.2630431414593584,0.8629346109290459
236,5.31e-05,0.8393765656026301,0.782893128736067,0.7360105804648445,0.7074403649089707,0.5579828682870002,1.062644594049604,0.7823736783888179,0.9745259855186865,0.87308601720826,0.6516522303429954,0.6983710900375351,0.7852038741904158,0.8360102392954087,1.4112389829964014,1.4112389829964014,1.1010116101249827
237,0.000127335,0.8490030191383824,0.8098875712296133,0.8401208369524303,0.7999578657289153,0.5601188868724518,1.053013766873444,0.7732434940916888,0.9943906526520893,0.8645015176659383,0.6230421846490938,0.7073979884527976,0.7862597460521744,0.8214140746981841,1.72895012247077,1.72895012247077,1.0442996015480002
238,0.000114705,0.7938587362682499,0.8054333383614833,0.7961283331474798,0.7442851782129128,0.5615949105324702,0.9709568919398066,0.7181068480399857,0.9006371298193092,0.7720897565271634,0.6363314204029924,0.6757889439889883,0.7550905059613442,0.7653856915516212,1.6144369133828818,1.5368981532569115,0.9574497038359855
239,0.000242431,0.7865922094213611,0.7661835196303325,0.8152242749652512,0.7481503152379481,0.5651773373557409,0.8515162828432514,0.6244617556662612,0.7830261776606349,0.6567577795325837,0.5849931436258462,0.6024907931191533,0.7011069475379349,0.6468863680330267,0.9980218849277159,0.9750657735737868,0.7526021210997296
240,0.000297943,0.7542146036308682,0.7044900747596198,0.7358787440679648,0.6743373186789332,0.563640808581205,0.720289917299252,0.5704811857503089,0.6816447295280461,0.6166731840887372,0.5943214510463827,0.5343217768290235,0.6726072712396081,0.5829512392877345,0.8672272813593305,0.8050188955659069,0.6728268768163501
241,0.000556162,0.7655071851567878,0.6989081714007646,0.7024285739487697,0.6565446161249285,0.5583981348519216,0.6711112554984762,0.5125040710161821,0.6262714105715123,0.5188904348794074,0.5172815132400775,0.4917598277265135,0.6660532476763117,0.5159732462449282,0.6881270832154038,0.6861403990816368,0.5663690598637762
242,0.000414438,0.5964294814847998,0.5522281281415811,0.5883919004988489,0.5467023977225912,0.5560822294765595,0.7257473865052371,0.5046248349766704,0.6323060851822968,0.5058957644471733,0.5505026519186593,0.49910138459712133,0.7002855208453714,0.5188719522551383,0.6835935136770193,0.6530742266987594,0.5654476521824621
243,0.000250336,0.6067896931882185,0.542212897667183,0.6187669702177934,0.585923621179062,0.5514668799490384,0.8288766335632395,0.5723371173387573,0.6829915680731665,0.630529820701785,0.591343824887699,0.551195541489157,0.7060980639108317,0.5931557750370406,0.8878065036752067,0.7538121980922653,0.6845080110167636
244,0.000225544,0.613056017927879,0.5600984069121961,0.6721706176878096,0.6596663573036343,0.5492232816375492,0.8613480099050947,0.6216277110147916,0.7263827871698435,0.6768110683049101,0.58073798369127,0.6069903645493641,0.6956564073041975,0.6283811964666628,1.0153008439528342,0.9508905805466492,0.7340653603608819
245,0.000193147,0.6192473762381353,0.5776611923536278,0.6831732904698814,0.6754625303208815,0.5525780444389463,0.8034393718356491,0.6070051587368139,0.7185119595809853,0.6748072476244195,0.6070699841201898,0.6174043307899364,0.6638683841552434,0.6347111140870487,1.0208450176892108,0.9983696457672265,0.7490211189753309
246,0.00021632,0.6464876748963758,0.5997885805979324,0.7030889116178082,0.6970817947191573,0.5649994258627065,0.7515983858185087,0.5893993345901696,0.7070024706669417,0.6390638381440522,0.5917480912584011,0.6046900625207033,0.6324295523612764,0.6098958549183014,0.9457008769354732,0.8544643788742724,0.6982713294044823
247,0.000220243,0.5764831987457131,0.5908578478713085,0.7107150909644586,0.6951701657339319,0.5640123206737346,0.7460878906658845,0.618318953190188,0.7308187928830094,0.687934201203527,0.6090877946819637,0.5969199682646584,0.6166820488359381,0.6384227165634153,1.010345972153866,0.8643855344132896,0.7497183626249383
248,0.000170698,0.6058796703394019,0.6239316275004636,0.7191051006998317,0.7052048520730371,0.5607271125863162,0.8440557978334333,0.6544914423851187,0.8075633028298769,0.7013285116232544,0.646686929289389,0.6233334110162645,0.6477125055816005,0.6749069678501073,1.00123759367191,1.0551979245815628,0.7902260623275867
249,0.000181562,0.6353572653074898,0.6635469689248212,0.7500198664143211,0.751444629621928,0.5599683839128399,1.028908523650706,0.6884629616661707,0.8759448616496578,0.7427728492884005,0.6405529811847029,0.6668177847002933,0.7016753984766613,0.7324051204997244,1.0905102714020647,1.2176037153147572,0.858840721304645
250,0.00016477,0.6547432784574639,0.6611479572707161,0.7472155104461227,0.7467192528465146,0.5591598517554662,1.040819313049089,0.6922415796353176,0.8714658003713062,0.731861202606899,0.6333366602595479,0.6644793454611916,0.7364455147584749,0.7451073544049579,1.1304092715466016,1.1433407149077346,0.8946091372162329
251,0.00013659,0.6817525029173942,0.6953639045057796,0.7596653568860608,0.7458747423076522,0.5609171381597409,0.9982348844724616,0.6990587763703839,0.8857504678414717,0.7530348712189616,0.6372839793948086,0.6538010489809625,0.7486811571794126,0.7473864098372625,1.356201834234656,1.2184233669264428,0.9072916816130568
252,0.000142311,0.6592932231442585,0.6977421338211559,0.7829263846088488,0.7695879819404652,0.5614933947275398,1.1967002588375186,0.7741786946102975,0.9764734311826985,0.8453943808354244,0.6086988199474703,0.7004640816032379,0.7491614716401395,0.8263961884851169,1.72895012247077,1.72895012247077,1.0464443108495356
253,7.85e-05,0.68015016865098,0.7241703382530821,0.785389985202437,0.7558687812579286,0.5607504386582648,1.4567295375567688,0.8462521327800712,1.0228313118766164,0.9483146270540153,0.6393797722188176,0.746154618797354,0.7571658022644102,0.9259255687016243,1.72895012247077,1.72895012247077,1.3392390061505133
254,0.000118104,0.7074593252630096,0.7523176118390098,0.8404703379113863,0.8047971356426239,0.5620580070350841,1.1172078397094065,0.7563548937617042,0.89342069413577,0.8191002153951457,0.6265269029508411,0.6898176144700349,0.7719056952947957,0.7952729745738417,1.72895012247077,1.6776067824410392,1.0226830324742897
255,0.000139352,0.7307843684323388,0.7839761187803431,0.8179497325216116,0.7706079682730304,0.562194528835761,0.9491134910687127,0.6863531629020303,0.7952048550066825,0.7232902869115369,0.6361610455457201,0.6446519950575588,0.7991319110067556,0.7044339113545968,1.185800438516305,1.106458400784401,0.8449588805749088
256,0.000150039,0.7459858704954082,0.7742824904345428,0.8062162736270558,0.7485542862586044,0.5626742620372255,1.0548539052389239,0.7057224353089285,0.7987126691690368,0.7569211630704904,0.6431031470040931,0.6648085969198637,0.8215240828228536,0.7268758580736381,1.2473035742351934,1.1801425011332844,0.876171478996083
257,0.000130674,0.749632095884042,0.7908438854992524,0.7988940989909433,0.742585745536659,0.5623126668669677,1.1520839014840996,0.7262017632042558,0.8248520896492324,0.7934414408898489,0.6580294666744307,0.6747646621653763,0.8235206141039338,0.7553673126051836,1.4432854704509022,1.3015472228137073,0.9283455713329731
258,0.000207821,0.750959913164215,0.7573203614893482,0.814377396469473,0.7544999183669518,0.5596848607759833,0.9904680403727044,0.6755256389228087,0.8065201721299644,0.7356516494557385,0.6059154040643981,0.6277171158862465,0.8109572791311825,0.7012763599998497,1.2805367495886617,1.0760400129672976,0.842312871967133
259,0.000146231,0.777786182234988,0.8026416865293579,0.7532421027248025,0.7271833264797242,0.5601266366324644,0.9831609833600609,0.6752674909605764,0.8289753115959815,0.7448091309544439,0.6538556365143191,0.6271234930428637,0.8385321015798061,0.7077360968216659,1.3185431185302305,1.1305685575141822,0.8619586013973244
260,0.000156149,0.7874998170047512,0.8249351898885824,0.7887024982735863,0.7473772045751359,0.5605966513482138,1.2051952047903611,0.7438336212532064,0.90275943870384,0.8478526001946883,0.6222475861038785,0.6797164745134376,0.8492614481782085,0.7944693295666547,1.4847846772912465,1.531212236046716,1.011840473681257
261,0.000157817,0.8074571492569136,0.8356405360661542,0.7805861836967056,0.7354773934869088,0.5595816172908011,1.1521609787750684,0.7476824745580793,0.9127468040498607,0.8062146229432119,0.626645464651507,0.6798243254188246,0.8390061011364085,0.8036665511867835,1.2752778495475832,1.4858168530692188,1.0056967625146078
262,0.000169991,0.7553917513387808,0.8261722805512438,0.7800518712894311,0.73144666217567,0.5597257322708658,0.8756634233764311,0.6785580953387776,0.8472542350632867,0.7162419356100871,0.625566173671571,0.6266601926987234,0.8066639829807258,0.7165024965093137,1.1419872146844277,1.0769516783355504,0.8488931618656256
263,0.000178887,0.7797425619907417,0.8486832026164317,0.7711649860134094,0.7356453791077358,0.5620619222584964,0.8030492041108228,0.6870263503160708,0.8372942072668068,0.732244291280651,0.6126651911192256,0.633843813908543,0.7800040313052525,0.7115738136221148,1.4237995267379435,1.0758477589192568,0.8395890126901053
264,6.48e-05,0.8033887322064367,0.8867283766141064,0.7723247345065569,0.7251496818784405,0.5602246434914356,0.8524162351062197,0.7797336019901057,0.88847736250454,0.8795898411360917,0.6697888637621373,0.696794950614909,0.7723813353277134,0.8169448798909886,1.72895012247077,1.72895012247077,1.0706994057459236
265,0.000149005,0.8254963312185273,0.9242397992332595,0.8678587064493628,0.8196078987401373,0.560385330955969,0.8642879005047237,0.7410375811709814,0.870843117208664,0.7972880161529706,0.6242570519328163,0.6863847380310627,0.7950512541949073,0.7612000863076233,1.3738259877406827,1.5101674506098957,0.9286733743116385
266,0.000170702,0.8342617053229932,0.9029541747999992,0.8045886842577995,0.7540511330812619,0.5607415521923664,0.805853367248671,0.6550865967216566,0.7949816089382604,0.7037566047300976,0.6032133785938564,0.6206388489957249,0.8341099384271438,0.6829725006504802,1.0559018073329696,0.998736598315347,0.8051109386754923
267,0.000202144,0.8086671223630103,0.8285378083729064,0.7896655185787265,0.7434061790178557,0.5631450990251753,0.8325913567138132,0.6300526326180618,0.7864083065982234,0.6759085530828572,0.593466302330917,0.6020813101577319,0.8225967917670285,0.6595741441951665,1.007608665019514,0.8904234809378687,0.7560239085853966
268,0.000177985,0.8259290315064963,0.8343604897241934,0.7674034594818534,0.6949374699525511,0.5622169189512396,1.002038466118178,0.6780586870831057,0.8616219102252078,0.7303569272307038,0.6078183866159518,0.6446722494050182,0.7792144498540235,0.7181663459768638,1.2346796879952509,1.0183708615193394,0.8246188359848209
269,0.000212855,0.8432613601560831,0.8667243629609813,0.7830110550483975,0.726897634334439,0.5576843182513839,1.0269514983844223,0.6918949263141756,0.8719665804689719,0.7423962053025954,0.6081858322491018,0.6515546238629942,0.7384123052520866,0.7329936680017731,1.4192752079371211,1.0768729952097267,0.8587170279703893
270,0.000173263,0.8637210576907303,0.9050135464414353,0.7515489061357765,0.7075251406732722,0.5588632582664319,0.8064706000126114,0.6384866599149143,0.7839594233404479,0.6814373098920501,0.6333254573469185,0.6034368218376116,0.7329936680017731,0.6649613655046637,1.223174467255464,0.9228601583076368,0.7721956151148553
271,0.000314405,0.8664353246622302,0.8816830479057595,0.773300297165571,0.7289814477529226,0.5595076704580856,0.731510771172124,0.6347320568369003,0.7503975909337806,0.6831110266867908,0.5742858436247458,0.5921492636050785,0.7273941797779512,0.6552735250006461,1.0743212388334267,0.8948550698135403,0.7508932212834172
272,0.000152213,0.8272740256290522,0.8047462388618741,0.6898310566417803,0.7594858971782052,0.5596158414195931,0.8622815502762751,0.7226118461601143,0.8556281470371122,0.7418464580655896,0.6464987397533466,0.660666001347269,0.7659951545329668,0.7545770494789324,1.1766734495673663,1.2845239001286235,0.8852146507118765
273,0.000130285,0.8072350257249041,0.7562785787963907,0.7781376891719622,0.7419789551126175,0.5589545521588618,1.0317025333002552,0.8095430826610494,0.9932188548709516,0.8994291174379246,0.6486294786853171,0.7082917351425482,0.7862275945451221,0.8554368131989855,1.72895012247077,1.6805891968530968,1.0504449139174905
274,0.00016262,0.7556335510384313,0.7547679491700146,0.7962730168330768,0.7444033934661377,0.5580354101806324,0.8702819734165298,0.7442124583519332,0.9138410294189753,0.8180755999890831,0.6222688371588317,0.6510837665302933,0.7927123624516274,0.7697100515711705,1.72895012247077,1.2369388520558775,0.9203426895657143
275,0.000218002,0.7640123263118596,0.7384097687507949,0.7788957155650169,0.7249479745934555,0.5596760248731649,0.8306095068054979,0.6571471821243295,0.8305752120311546,0.6831210680809908,0.5920734095735217,0.6148112296864114,0.792649604918688,0.6830959654257139,1.300160384675785,1.0276789451507977,0.7699917513227488
276,0.000178964,0.6812868497837011,0.6345259415345549,0.7417975935810782,0.6865131205188467,0.5652370577823608,1.0718728686818375,0.7033156482476509,0.878622515444686,0.7492648004202659,0.6238467180803465,0.6650428851577034,0.8103548377705599,0.7452976752384162,1.3384830145542,1.179604417052467,0.8526055488249561
277,0.000216084,0.7065198363542081,0.6527436975704531,0.7731255584622242,0.716771461745702,0.5601598535335018,1.0393449435089634,0.6904429895971826,0.8553480936534369,0.7292573879405664,0.6299037825884972,0.6479523096596779,0.7662260272090472,0.7219305700473432,1.0701044675309588,1.0378134376555304,0.8409476338428163
278,0.000245206,0.719536546447446,0.647977161735151,0.7461663962086135,0.6710941178989016,0.5580671614349125,0.7510986892165622,0.607414894044586,0.7691733792042537,0.638727029132733,0.6068333310715062,0.5746435505322212,0.7271336693444944,0.6249401819286238,0.8593040484568345,0.8204468611784484,0.6972365603035383
279,0.00033384,0.7476456117793423,0.6870171571621978,0.7226356187890213,0.6641616566555788,0.558890201810143,0.6944485134906242,0.6249986206100353,0.7700176372172648,0.6775613597178278,0.581420299111251,0.5834999135148017,0.7023925494793923,0.6399990104086952,0.9342996971756754,0.8823963750773934,0.7177443470454442
280,0.000253013,0.7616492388053182,0.7129031317503509,0.671722401634608,0.6106798774079611,0.5593069478372092,0.7214096401746628,0.6474951991818425,0.8038333809828895,0.6639660984845414,0.6102663675086939,0.6179083195641714,0.705727971198783,0.6592119946072577,0.966091860366648,0.9852782458990812,0.7400563679923213
281,0.000411571,0.6997560533306604,0.6325881743766705,0.7047082483051269,0.6534764476954279,0.5567246677496166,0.6638333649935886,0.5778622797492531,0.7510119451690056,0.5873506764865185,0.5406022256285782,0.5632835406579425,0.7071839922138846,0.5893761170440938,0.8211994242369723,0.7370451256603117,0.6358012745020885
282,0.000251431,0.7208650556192445,0.6430637729231216,0.629394239407389,0.6496297931979309,0.5553394779789591,0.6521278173104861,0.5912988851706613,0.7434385352106754,0.6292278052679177,0.582088871555707,0.5563825528142974,0.7490039113425675,0.6123799756706633,0.8773263534901949,0.7646086550510481,0.6743923829869499
283,0.000272992,0.7357833638129933,0.6441740407186864,0.688004974164049,0.6469110976535803,0.5563136631421755,0.7722695969555755,0.6652134322682071,0.8190084826093369,0.7347528657932806,0.5924798302734349,0.6206042113075628,0.7348003511949491,0.6910388820273788,0.9853415232612514,1.0586791588630955,0.7712256670526514
284,0.000275443,0.5913477331734366,0.6205010855824211,0.6765631503667099,0.6413841478211145,0.5566159914697347,0.7330519803999727,0.6250116946641658,0.7750791589286974,0.6770279758321422,0.6205394694438886,0.5771814971358744,0.6660867575413821,0.6539190456505743,0.8794012617761827,0.9351924284806422,0.7227497600762531
285,0.00050691,0.5829718334531454,0.5747673209348424,0.6776123172962027,0.6573170927404325,0.5567181453776603,0.5512783786467373,0.487379648672423,0.6176884614214279,0.5001385137869546,0.5576914210172773,0.4531042398333574,0.5971063086523776,0.4952282813257382,0.6191927792731776,0.5895787180946466,0.5218343911690347
286,0.000954466,0.5262335445772856,0.4947648581677603,0.587890756834535,0.5469073679332709,0.5612621221078482,0.5088277596791901,0.44415944473875146,0.5613256239475085,0.44097436105832766,0.4452765234731016,0.41664153873160337,0.5867019960145359,0.44512837050148524,0.5462104839715022,0.5014845796007488,0.4575926926156435
287,0.000545873,0.5548072245945759,0.5203612713268091,0.4818517620508725,0.45030590867623194,0.553884804791335,0.572781738341794,0.4788884025127811,0.6059924983344008,0.46981635991351856,0.528363012956684,0.451056480799583,0.6152303859012281,0.49461423012857003,0.572314086769017,0.5609955383001732,0.5170801965341687
288,0.000330405,0.5716385810224947,0.5184219384673338,0.5480243224966367,0.5400030297278978,0.5438309594069309,0.6676730743485308,0.547250874559758,0.7091203507381194,0.5591097443968923,0.5582462742883467,0.5122358670441781,0.6320291446724743,0.558673663965387,0.6493596576492344,0.6492854940991274,0.5834905267978759
289,0.000294978,0.538750486626176,0.5220803078005323,0.5997206240485182,0.6070960610549653,0.5360965223846469,0.736065847264601,0.6709523070541772,0.832449584894145,0.713929093782697,0.5780495830465917,0.603728432091928,0.6353378762849012,0.679961934566112,0.8683326658256468,0.8404404170207348,0.7253804107822802
290,0.000177655,0.5655040403425219,0.5515133749703671,0.6089967063428487,0.6275177570457109,0.5495105320543446,0.8164832723588507,0.8617952468140536,0.9769283427197714,1.0926448455349291,0.6004475963585337,0.7360733846110366,0.6325012761801374,0.9093785737467045,1.5885628521706787,1.72895012247077,1.1502530561900897
291,0.000204235,0.5880841413252249,0.5773505578649769,0.6625378747703292,0.6997096471530534,0.5713534189099732,0.7454202877726035,0.773406654522262,0.8905524907480568,0.9008097717241241,0.5951099213013117,0.7072697902946101,0.6042364680354659,0.7938839525421989,1.1721071157878724,1.7257032649153687,0.9124140381878948
292,0.000226717,0.5495518286890183,0.5758373437967113,0.6883324550543768,0.7121430977625707,0.5648705024590563,0.6216019861198213,0.5870509202225546,0.7077092982795854,0.6182757684088981,0.6124306193684903,0.5560248222965793,0.5815187656252369,0.6019493525521785,0.7177280415825642,0.7650638719884859,0.6385998375424418
293,0.000602227,0.5672282877118955,0.5690159858692907,0.6947208499770146,0.6826335679064406,0.5624740371491922,0.6581677290968293,0.5413777727874658,0.6864642044105858,0.5495716962096674,0.49250510283117394,0.5173700449692477,0.620095104718766,0.5496626960714871,0.6305203452723065,0.6422803107306401,0.5606244014322016
294,0.00022252,0.5242008397677268,0.49771377043444376,0.5611390790265504,0.8069667329324438,0.56099275759112,0.9084537508686982,0.6036903117317017,0.8109052047228966,0.6096858639631785,0.6560975587692329,0.5771282041229202,0.7064620754855525,0.6426344787486985,0.698611549342026,0.7717507222149498,0.6615142205317456
295,0.000273331,0.5469877709303369,0.5229385814319266,0.6832295433618464,0.6960926670346649,0.55529362671268,1.017589959491684,0.6520588144827502,0.8735580979634813,0.7197889736051591,0.6268090817839913,0.6028148415497697,0.7094260680875457,0.6839348867598091,0.7757473820167053,0.837688329534177,0.7050690094559041
296,0.000380093,0.5531454808393447,0.5055856807716973,0.6572008238730686,0.6682842684404396,0.5493130642626364,0.7721666084316585,0.6178793383394887,0.7747127376514665,0.6510290010492642,0.552545626675781,0.5629702232961871,0.7011710057620977,0.6348206837227998,0.8160669531614131,0.7826227042801236,0.6596835385287803
297,0.000342717,0.5497354238518318,0.4818559910526883,0.6123213893547119,0.606651803066665,0.5544734629363676,0.6709875134373255,0.5795944567103335,0.7196292678852364,0.615014105660952,0.5425229804653967,0.5345275618608072,0.6846171484587965,0.6051523587949317,0.8486755006529898,0.7708704531449759,0.6426721017357367
298,0.00035337,0.5716833049267233,0.49100301006866226,0.6189558612214522,0.6111330503326231,0.5660957077030708,0.6970583220476853,0.6157298006413398,0.7755239592402311,0.6333990873720061,0.5492008428591276,0.5759992059805731,0.6761372512155174,0.6329209506889987,0.8641537078840422,0.7721811113646477,0.6488573949573291
299,0.00027613,0.581873411516303,0.48526413237220195,0.6239476953452243,0.5856564135466857,0.5535286620415063,0.750336371468785,0.7249815807855503,0.8990168441420643,0.7273856936327405,0.5994687069149418,0.6458706455509597,0.6794742445716799,0.7516906848522164,0.9149391996075807,0.8703567299188606,0.786079136371257
300,0.000176819,0.5994490286538399,0.5085391820897535,0.6479094679680493,0.6270465932673076,0.5546781631394895,0.7253683882147308,0.7719998834150569,1.0373595241172133,0.7833848402296916,0.6592760723971591,0.6689556011799809,0.7361764182240977,0.7796798484719443,1.0087028554287163,0.9894747833230153,0.8318342630382832
301,0.000206753,0.5832328819424957,0.5198737344682725,0.6929699929903452,0.6713618047000226,0.5583175291580337,0.6390399975551495,0.7524745888350017,1.013958409915516,0.8114297665217587,0.6353782720852681,0.638632653904273,0.732241817812444,0.7582332303130268,1.0612149209600281,0.9755625866685752,0.8052243923634685
302,0.000213347,0.5635956899745708,0.5285480330615452,0.6899769030061217,0.6586388340712516,0.559905894446357,0.6254297274596703,0.7630770510585914,1.0013735748877737,0.79789536174551,0.621528612057084,0.6378113074258083,0.7103060839898848,0.7741041628022478,0.9649747187245087,1.0636893716885343,0.8159762355982803
303,0.000379996,0.5689968355521022,0.5116095825509094,0.6942471062345904,0.6592147017414639,0.563310002507606,0.6648678401128542,0.6891331039650822,0.9749343912252632,0.6764558688386177,0.5470001437698991,0.6176454086011587,0.709555442565341,0.6979658773814705,0.8139201250437331,0.8580914007877213,0.716477006899769
304,0.000368536,0.5736723137442401,0.4970525254410567,0.6291273806332053,0.5946278529866672,0.5611641264864616,0.6235799762944111,0.5752110395511089,0.8260799271424066,0.5708564359237148,0.5439688187976204,0.5406589692784001,0.6972493731088178,0.5907026140663927,0.6920838504378171,0.6429490429169792,0.6151489791059408
305,0.000577693,0.5758908816067267,0.5134723376085623,0.6285571285206589,0.5938452527627771,0.5569046669289553,0.5802727447297675,0.5309070008476504,0.7349116030466837,0.5389846129342761,0.5025930455719045,0.5048626073443327,0.659868095257406,0.5373252280260916,0.6159387400822657,0.571602103505428,0.5542121416992023
306,0.000183206,0.5404420461560868,0.4664273826990057,0.5562046853103534,0.5459022380292373,0.5530031915137263,0.6161265255020663,0.6189782708384132,0.7622581831728165,0.696279735006975,0.645389130740587,0.5596506239834639,0.6588189120602654,0.6301495599739827,0.7342398612402741,0.7502725062599052,0.6817125808871021
307,0.00063827,0.5689231538815501,0.497081153153497,0.6794070593046303,0.6821801081296317,0.5511348882787458,0.5694063770452725,0.5289331067568163,0.6657816321849859,0.5355194243708653,0.4856468541672964,0.5039481959543579,0.5993384593008728,0.5163665918940089,0.6099580367148217,0.6188684869661087,0.5299812916222723
308,0.001103956,0.4620182796501516,0.40929328141633675,0.5327668728144204,0.5241137440760776,0.5520086418062097,0.461049584224141,0.4196738463527552,0.5448893793746022,0.40741729368403207,0.41317587391535343,0.4117554691282324,0.5618858181634733,0.4222361773584964,0.498487658061386,0.439922522459192,0.4242735025381392
309,0.000492952,0.4814062269289939,0.41523865740043414,0.44701081927332603,0.4459024519156412,0.5534084987055727,0.4618897192923423,0.44360569880004175,0.5618372090546258,0.44881935450769167,0.531344032500964,0.4260608905175433,0.5687341492180259,0.4555066796539004,0.539118818566546,0.46453517714004955,0.464488766386414
310,0.000508051,0.5097385818560303,0.44698437364010546,0.5415628002278103,0.5378356449115582,0.5478942369274906,0.5983939964087538,0.6619368162619892,0.7301508445721907,0.7892114379508745,0.5045948841048498,0.5746734394404027,0.578510100794843,0.6370835138645604,0.8520769571887655,0.740876123068422,0.6572285439238591
311,0.000442777,0.5228129465369749,0.4441533726091394,0.5394107656702505,0.5189344490785371,0.5273520977489903,0.6148083015398083,0.620899570658712,0.7531344286441768,0.61335308185404,0.5439313025528162,0.5688964730930149,0.5700529831294846,0.6203325819469847,0.7060947371329815,0.7997869907045126,0.6392052923634048
312,0.000658121,0.548341892042384,0.47109388967378085,0.5461858461388448,0.5358787407951942,0.5506751033003137,0.5077073016218782,0.44470363396105655,0.613415600139192,0.4397702708193955,0.4715074149359469,0.4333693599589609,0.5665631627650017,0.45316373565988094,0.514316213259771,0.4940153694426555,0.4515608859379102
313,0.000642301,0.5047301100737362,0.424452843647579,0.5026350411639314,0.482059467045542,0.5689620217466639,0.5523268232172778,0.47272360550022446,0.6132404518057822,0.46428939006278425,0.48004040866051434,0.4530233865321677,0.5578280654827082,0.47098228604501136,0.5429217930247342,0.468918991259441,0.4656840797874003
314,0.000426616,0.5231747858759068,0.44648700226199445,0.5135102953069397,0.4984279700366114,0.5523225771786847,0.716108869767158,0.6331782742965976,0.722413436250841,0.6911626139032496,0.5509356647935602,0.5611418619120248,0.5355832930387744,0.644095747530494,0.6933445121338191,0.6544587691849635,0.6800530599729085
315,0.000418157,0.5211660391467299,0.46077661674757947,0.5585462771218193,0.549142410577167,0.549271821427133,0.6738269258913462,0.6176201749260068,0.7676213599612511,0.6590126607314535,0.5340293751498738,0.5565030356238764,0.5448516723538354,0.6113682931231339,0.6452257624070403,0.7673550623479319,0.6340781725582072
316,0.000322788,0.5396729832722283,0.464500130999077,0.5639162669304856,0.6662562459795723,0.547714032402598,0.6346845358896004,0.5696833907913368,0.73352644051568,0.5939125511122959,0.5436537209211451,0.5330433683789582,0.5715391667928474,0.581043615947206,0.6219169574747075,0.6859878196815192,0.582973081654532
317,0.000211114,0.558213944539036,0.4871755557750958,0.5916489040801236,0.6197056620427552,0.5586972840336342,0.8228493921978028,0.6884732409302299,0.8174210346738523,0.7163438100211911,0.6884403489058372,0.630585892401928,0.6000170839296239,0.7151783285762818,0.7769043247867419,0.7525886935971352,0.7086266436712053
318,0.000454709,0.5837785923546742,0.5149821851399503,0.6437223537847369,0.6869691544648343,0.5619238202756953,0.7878554221263641,0.6785876224706192,0.8391866180039469,0.6559365926226919,0.5264650510787483,0.612500817837478,0.5802032090915923,0.6864815276697295,0.7668957457986552,0.6595343779284687,0.6717816026492511
319,0.000289912,0.6016815805583517,0.5176809198886595,0.5765797815098853,0.6103293788599647,0.5592006083320542,0.5733081061760558,0.5711167941246172,0.7677795608527591,0.5670449869265511,0.5719394925783855,0.5160940133793652,0.5777413591374405,0.5785967230070078,0.7170593115270588,0.6019088205036349,0.5814339204272062
320,0.00020707,0.5806405298395769,0.5270945080489018,0.6297345840328706,0.6481649301356436,0.5613908193056886,0.5590783653295373,0.6412404119009284,0.8549875850077873,0.6872389171932968,0.6365238651158014,0.5615592063905616,0.5896432846007522,0.6294767203294953,1.0374720672754574,0.7301815005864095,0.6310888365477543
321,0.000327336,0.6101425497957408,0.5629494289873775,0.6703062560571645,0.6722404633878987,0.5555991563668138,0.6247465287895109,0.8796927537524685,1.0702087031862169,0.8991358870802936,0.5250390824433612,0.693685989489622,0.5847259469124809,0.8532720768770986,1.72895012247077,1.1184662196532589,0.8276005885744737
322,0.000243859,0.6336121187354526,0.5743568540956732,0.6261499678117782,0.6233799535739649,0.554642149562028,0.5837610457335192,0.7158556710820375,0.9539822608550571,0.689920001576746,0.6163425068303726,0.6026630942292859,0.5907435215621051,0.7215587003096765,0.9445891915256315,0.8464182662015466,0.7060104744421799
323,0.000393194,0.6539216880982756,0.6004257759845366,0.6535599709165268,0.657838377108387,0.5639349088185664,0.5386244313285459,0.5305025529504683,0.7114637506112624,0.5023217279694795,0.5435924873427579,0.4979955803440946,0.6013059296911336,0.5138377631475787,0.639599721499768,0.5466740908136355,0.5012539262698689
324,0.000828731,0.6259582785191874,0.552776927340726,0.6052424311273982,0.6065864084868875,0.5578597813554569,0.5330824938747596,0.48732860140182493,0.5872237023690599,0.4854870965107749,0.4436876657027424,0.4634919353034546,0.5674687442366995,0.48066500762195535,0.5901942528857683,0.4814571931731197,0.4819071002944187
325,0.000503152,0.5635624219433485,0.4873158420901971,0.49412744262891367,0.4738560544092963,0.5550586150915028,0.50851308506891,0.463849903836455,0.5457357665462922,0.4880450925130168,0.5122146998354646,0.4333926924778647,0.5396294187788024,0.4665431358668628,0.5204855907817962,0.5087091180608786,0.48826018019060186
326,0.000642109,0.5765725361186502,0.5078384449336957,0.5482972329157909,0.5648392787909051,0.5512546316942072,0.5020396884451408,0.408715463787963,0.5182688319524139,0.4129152750716938,0.48314501649259367,0.39591110448552025,0.5062538230880694,0.39756580320150375,0.4260362863135518,0.4550984719109527,0.40038935174352625
327,0.001322059,0.6031318110546283,0.5274625429641516,0.5122312100331053,0.5198693085984459,0.5377944836452941,0.5436532147737084,0.4023823541757351,0.5112034327907038,0.4036688882551413,0.3767333422094008,0.3855389813119234,0.48238514117225073,0.39763252639724384,0.4240895832613669,0.4096795686379702,0.39491150121418017
328,0.000516486,0.5553934351892877,0.5289265809711554,0.40798747603812946,0.43671370616815347,0.539483455641739,0.5560253637906784,0.4122619562382794,0.5299240935106319,0.411835976773736,0.5144984436889178,0.3955519096491044,0.4834974618008312,0.422473739567033,0.43671895350378953,0.42874449252765373,0.4281555947715489
329,0.000940075,0.5843503488245425,0.5629241417169288,0.5055551514767191,0.540530077495676,0.5476695264940727,0.5172322517176886,0.4427691058342227,0.5446642725503361,0.4886338694457207,0.4037544884130396,0.4267224137738786,0.45911173709900543,0.4394641023516941,0.4874872650985375,0.46004646651531617,0.4443268022809612
330,0.000516053,0.5363393536083305,0.5592220917359271,0.4430370345352507,0.49866021066082616,0.5253201526361074,0.49739483428991427,0.4951414575830557,0.5643794718529984,0.5065626817229439,0.5169800615262684,0.4772227345857268,0.4534392457492369,0.490549105893535,0.5493161970094947,0.5570456340279836,0.5000475067698219
331,0.000490627,0.561178599881091,0.5868044438690883,0.504037316062238,0.5548335857176526,0.5409579148503253,0.48102677423155843,0.4465599172383349,0.5668733395940494,0.4561131350014558,0.5395759676805496,0.44520701491868325,0.444818644897215,0.45375086282549165,0.5141744219647749,0.5244801107149414,0.4527916127994699
332,0.00119697,0.5201634320206754,0.5799886063053405,0.5116555670661386,0.5591191040890426,0.562628253091006,0.4550575036880494,0.4201260411491466,0.5305942848174218,0.4134652407562036,0.4113648205568514,0.40990349217468036,0.43468310723378306,0.41555249923818727,0.46969815389096725,0.42462590053235655,0.40382354709566987
333,0.000699984,0.46199498176809345,0.4773974304106107,0.4187694245721555,0.4246519496918012,0.5437453568985713,0.45385595781812377,0.42069316963682324,0.5162313320480237,0.41105489497720255,0.49005196668978074,0.40529837184528467,0.4425748266945416,0.42955686699227646,0.4563144289776363,0.4371630378001548,0.4296355357691566
334,0.000463001,0.48701610454414795,0.4925679581975117,0.4742181046272694,0.4812555318752021,0.5560654387446571,0.486596383449596,0.42549922455663364,0.5417910952377044,0.432142424989073,0.5153840471297974,0.41084022011487964,0.4632459207079844,0.4216738941332353,0.4877787342735202,0.4620630214657828,0.41936173174660074
335,0.000379273,0.4827019103920369,0.501301539433391,0.5232415580968092,0.547108957802648,0.5324675039267721,0.49971895588509646,0.45802944679741836,0.5436112094639404,0.4751128527499311,0.49122651458191424,0.41049661084831496,0.4525044382984231,0.45610267380413116,0.540035273912346,0.4654151872114388,0.4499780817077258
336,0.000851857,0.510627469448594,0.5307755362614509,0.5445971001598926,0.5638863307969405,0.5413722748741711,0.5559024851959296,0.5393613334995853,0.6024646162868907,0.5866492022390766,0.4523661586338719,0.436856763750112,0.46462203734766194,0.5382526901171449,0.6080257451294827,0.5668716181697573,0.5450234555468849
337,0.000508351,0.4214890877871512,0.42074430750404673,0.4578697127690253,0.48856112004054963,0.570920905899959,0.6715677889575821,0.5902382934631246,0.7267464506842487,0.5903192761321798,0.5423198839782336,0.5191388216170565,0.5019121887285535,0.6138056803343608,0.63099226655809,0.7573969922955756,0.6151724444163739
338,0.000340303,0.4428508833623051,0.4291079097451266,0.5242040159519047,0.5210915895617221,0.5593543518228565,0.5831703982392362,0.476607690530892,0.6697462749613655,0.4519599307039487,0.5567078187575424,0.4982969656616387,0.4685647213430362,0.49166882479025087,0.49063688407478884,0.5113705785271979,0.4772788903610872
339,0.000386527,0.4686999109456214,0.4502875015142163,0.5700792433727193,0.5785796394909862,0.545690205527725,0.5039619036633093,0.45669051182694015,0.6124219366993684,0.42395246073546,0.5654909385585811,0.4805157063302114,0.4505387814946928,0.4536764279285248,0.46460940010744783,0.4180564341575983,0.4325329105347653
340,0.000390073,0.49641548673811564,0.48330105002223966,0.5603437605979239,0.5691698388598289,0.5481202616354641,0.5638321189935204,0.6480500205027144,0.7688825533842616,0.6628165447615246,0.5244337617303039,0.6602530864740678,0.4740022510168182,0.6146480493359144,0.6541323060859595,0.5489312708259796,0.6188244404761827
341,0.000281481,0.506580698868076,0.47157082598905276,0.5595336036957198,0.5782218438086839,0.5674451452608164,0.6421318014020825,1.72895012247077,1.3476403597572564,1.3665334361513128,0.5137326661138495,1.72895012247077,0.5327240068810362,1.2481908492871876,1.72895012247077,1.6091609616480218,1.72895012247077
342,0.000412724,0.5279128971452207,0.4949996544786055,0.6060499877571454,0.5942090680791537,0.5595600924266453,0.5827497812528897,1.6374531081080403,1.3171012994893327,0.7687265317347795,0.5558564943467331,1.72895012247077,0.5746722437945286,1.4994340704374602,0.7906165075403405,0.7288350580958253,1.075890909021087
343,0.000300982,0.5353231229574328,0.510912897077327,0.5723123153018841,0.5601936301083786,0.5552812218516368,0.660480774504188,1.0498429909239513,1.330250723344397,0.6689961530028717,0.5421215322814824,1.72895012247077,0.6970860627323744,0.9884905933644444,0.7448273526800886,0.5552359242032479,1.0368605553484456
344,0.00031267,0.5629516769096754,0.5342112895464828,0.6040648972651452,0.5960762514782447,0.5583756494810659,0.754930531168038,0.9760455145664115,0.8595099902337515,1.72895012247077,0.548749000419066,0.8988406558352232,0.8155179756477594,1.1790670683168376,1.2845239001286235,0.7859934668403379,0.9489627090619063
345,0.000265935,0.5838124367355997,0.5390926603404487,0.6028583175811152,0.5901813016508037,0.5571899776271645,0.46962864340865873,0.38296926527241265,0.49309470467729805,0.38446436698397274,0.810331371427677,0.3785155765138015,0.6831672641983814,0.3939700805198385,0.4176602156144189,0.4945612570270513,0.38423668884806644
346,0.002849771,0.5911882078319612,0.556136945316792,0.6225202201043702,0.6184969997901782,0.5558997795358482,0.3747284998217731,0.2892260855153142,0.3895731381725994,0.27399136065864976,0.2790485008024106,0.2778807188460359,0.5702503155227125,0.2794406330096897,0.300684644277698,0.3064943559913758,0.27262233400129293
347,0.000330755,0.47431656189994953,0.44552953124417566,0.31009516293810274,0.7283489458615255,0.5624275168812,0.44546686539579106,0.3377929256529884,0.45464783698496275,0.327589023779875,0.6354687866462752,0.32544824550334,0.6680277569573424,0.34669049993384027,0.36998669668671336,0.37365589562984236,0.34975060154191606
348,0.00031569,0.49884037172464557,0.4608980813602537,0.5241699884113695,0.5162443331838238,0.5288194062029015,0.6634954385860956,0.5995983604460753,0.7002692948196845,1.72895012247077,0.5363208868479963,0.5116758210607226,0.5926705668275823,0.5667351017951515,0.7490012641197112,0.9356204046926261,0.6494580066547393
349,0.000522969,0.5061970219279557,0.4765637036390128,0.5280329701237976,0.513903160918368,0.49547255056266737,0.5803146012356843,0.7905760361441235,0.7998998204205452,0.7781955777623811,0.46307097185647494,0.7317809537878541,0.5572270348337407,0.6888436013600193,0.8142107176499401,1.515621305307547,0.716660129054041
350,0.000310857,0.5168556269286642,0.49361518846557534,0.49000563422742566,0.5202268402242878,0.527319762911492,0.5093064867553794,0.5586939880303067,0.7591370052854719,0.6172235223971405,0.5528482371222895,0.5579866989651207,0.5513918786825661,0.6424431218644118,0.6707060174444712,0.9635372286070051,0.6297943781739913
351,0.000492906,0.5287402319295813,0.48498720621897845,0.5269197652735479,0.5173137806258566,0.6447507530374746,0.5938558078537861,0.5686594110293284,1.0165162514331871,0.49884310886426364,0.5014849768689642,0.6316025099057758,0.5467106332854358,0.5419584946200593,0.6248617768241074,0.6029818960693035,0.5067003159278265
352,0.000226317,0.5081940323493781,0.49092957021577,0.5490349855975496,0.473144777601068,0.5521119904416626,0.5124998307109238,0.7358009310732437,0.802381200632003,1.0374755848393977,0.6543819622875818,0.5500150928274822,0.4646950375882963,0.7889978418033848,0.8663779613916576,0.6660625554648504,0.8886939505651126
353,0.000663777,0.5361149659777266,0.5226221907716802,0.6252995315947619,0.47044152469164613,0.5540492043336603,0.4360164470909191,0.47236297291486334,0.6742446092721418,0.44025195866437206,0.48435600825413067,0.4462407577870523,0.5048857138802265,0.44924743651394033,0.48694152931086904,0.619959954744466,0.454597224282525
354,0.000418692,0.564477462218686,0.5519011148600277,0.510029207281424,0.4086268849910919,0.5578269719284035,0.49804266007505554,0.48908173597161564,0.7100634994653789,0.5011436745411593,0.5887914247595847,0.4737431464617699,0.5852436577914657,0.5070062981226119,0.5930558784369885,0.6199922325379705,0.5036992329637747
355,0.000263037,0.5930933337469838,0.5857418548892287,0.5664114133874049,0.43603315892484196,0.554522871101291,0.7187937232566326,0.7720361187969338,0.8959654146707892,0.8788982629933413,0.6425249916572235,0.6302402235876835,0.6221542590379323,0.8220170424174631,1.024158583619757,0.8725561016823276,0.8869788555509837
356,0.000292882,0.5766129930483063,0.5405743580979845,0.6127267746487669,0.45874545861600924,0.5533439098839033,0.7110285379994331,0.6517751723258269,0.817431357710251,0.6141622056559984,0.5938696622649019,0.6228716029073873,0.6495132397208472,0.6475507882627576,0.7606685282364511,0.7428993857417416,0.6421584921132388
357,0.000339971,0.5375521179649873,0.484431550288323,0.6119095902292137,0.44920888466253445,0.5493647614407207,0.5717621858089972,0.534259319073015,0.6513604129189655,0.5754936140915183,0.46764936157571624,0.5317613032214764,0.6197244045055288,0.5550225273632365,0.7424941807694438,0.5989705618311607,0.577499745468487
358,0.000379087,0.5654055144714045,0.5100902349099076,0.5944338978028297,0.44729949419675946,0.5664686629775322,0.5680723808936029,0.5439855515178497,0.6439535458555145,0.5872026543187093,0.5181478465936097,0.558420074417139,0.5807885803522166,0.5500486398577688,0.7521433081252994,0.643951022416156,0.5771166996145394
359,0.000256634,0.5940373114944351,0.5401901264397693,0.5955246274668807,0.44214591517259433,0.5606443840445707,0.6248341114791406,0.5844830151836833,0.7003233859587814,0.6376960978373105,0.5957689384453757,0.5976852092809272,0.5435403791913354,0.5959302018390503,0.6700786832316418,0.7185306556150645,0.6275076384216534
360,0.000337666,0.6199704632400281,0.5696042027547198,0.6417301747454227,0.46787955365269857,0.5552747500802383,0.6863521444220301,0.5897304830420135,0.7169025761074727,0.6222931267450681,0.607055185192494,0.569850026386868,0.5758680209397791,0.5829219119711404,0.6136251029900492,0.6703964010437529,0.6049060872254389
361,0.000344639,0.6040517055663683,0.5334192335485514,0.6122469149858705,0.4501498070427258,0.5552682785351191,0.6960353014001943,0.5670202922589654,0.6786969063834636,0.5953344462210346,0.6176966276271678,0.5325431313878697,0.6648696917178467,0.5656892716493641,0.6305708858331571,0.623878076981752,0.5950833671119194
362,0.000416624,0.5678876839478967,0.5367353897061428,0.6085383275060169,0.45595509821063684,0.5584217199887815,0.7167088307227842,0.5621083518592833,0.6806730898206654,0.5958402247076094,0.5348492160392484,0.5227692882303736,0.7155184902409281,0.5775434320155182,0.6339762106579223,0.6199486962350292,0.6016390445887265
363,0.000205213,0.5966956530017503,0.5715138803244081,0.585407896997338,0.44940374455313975,0.558447502510609,1.1313842455672465,0.7042049917885705,0.9059278919210988,0.7699931893595111,0.5736830187495513,0.5985648321385804,0.7505440460877585,0.7585423787517851,0.7556634525202536,0.9066148857845121,0.7822334230506506
364,0.000233139,0.6241919263107064,0.5957396318914303,0.6601887234093977,0.4744968336802752,0.5543741495283399,1.72895012247077,0.8817996557955537,1.436701533680927,0.9278142600228714,0.5902648521053772,0.6878070698875944,0.7514553226514465,0.9757000749308684,0.9761451161294614,1.340754840258987,1.0228009767518011
365,0.00029035,0.6358603841206416,0.6153301716319085,0.6520771548691557,0.46927113621925026,0.5560643555238594,1.2006824889978298,0.6469682424517151,0.9495500869090433,0.6456280580095836,0.5851262483719429,0.5627410511978835,0.7101390689130801,0.6877486541336628,0.7999030448284211,0.7565785205569378,0.7311189834365303
366,0.000425744,0.6484842536696388,0.6355415496000218,0.6338999720952685,0.4635116961443851,0.5603930917808936,0.6417784633823751,0.5258877730093127,0.6780439575319018,0.5243320188325126,0.5178243205972038,0.47612144358565733,0.6566480502622886,0.5366243722335969,0.612481275633066,0.5610800915958919,0.5629466191223729
367,0.000451661,0.5985979358167602,0.5601947376405133,0.5891196168831405,0.43685151144544865,0.563025311250479,0.6591019327310097,0.5846938323471998,0.6784774075069487,0.5785021725360717,0.5351048342367507,0.5173216303625043,0.6773106591465969,0.5740544964919214,0.6789540794366417,0.6234761236780221,0.6076494013606204
368,0.000285245,0.6268455447629853,0.5889303568043629,0.5801527652508955,0.4407263337167056,0.5548459606019258,0.7525900363150534,0.7192644576148622,0.7461219066919483,0.7490820170463687,0.6088821922986437,0.598414245966182,0.7298616419370788,0.700133040718604,1.012968167888162,0.8568402745845203,0.8044705790146005
369,0.000110943,0.6542690081810416,0.6144835370990361,0.6427850103566635,0.6288694784025085,0.5518492277843543,0.664928951246845,0.6447769272887286,0.734571756046004,0.6597748928456296,0.6010834761511468,0.5705818042564473,0.7810000189435463,0.6374332289999423,0.9306398940935721,0.7682276143528385,0.6903859727869005
370,0.000287168,0.682886215442588,0.653493149777877,0.7245989866890438,0.7287570196636193,0.5528913556740711,0.7247356435429841,0.6562034519302117,0.7732332999931024,0.6792589269504433,0.6182690681330766,0.5962971971106376,0.8124650571371024,0.6639181577620528,0.8938523070488729,0.7252518003234214,0.6927436876468275
371,0.000254526,0.6956458029312798,0.6461967879613519,0.6492811830464108,0.6335456234735264,0.5610016560056451,1.2195073889229442,0.8071687557120083,0.9833735933494603,0.8364633803790859,0.5531950680870854,0.7357243972120231,0.8489875980007967,0.8617226745826142,1.1372180456753156,0.9485618709318495,0.9998650773111111
372,0.000190601,0.7235705517933547,0.6845615626833864,0.6716641707470957,0.6656728931593889,0.5667081543390776,0.9113606888029198,0.6419192286603006,0.8858730770022678,0.6764090710717987,0.5808953703630949,0.6303001618916568,0.7663592634504793,0.6783387310707644,0.8732349022540259,0.7762213240606357,0.7630378642127669
373,0.000293679,0.6804556383943773,0.6826736519677612,0.7148743237084019,0.7113276608319784,0.5602584317885091,0.6228038660090017,0.5311706954178789,0.6992590165124836,0.5510020486150164,0.6105579587333706,0.5193046110789472,0.6835603099640866,0.5414837653042466,0.6952421371889896,0.6016390445887265,0.571387498306354
374,0.000356949,0.6711131597572522,0.6411092230276401,0.6705388093102894,0.7173184405293578,0.5550489191893867,0.6979947977540152,0.6076960526577403,0.74474536544472,0.6312749775383965,0.5813782029136614,0.5713892611996263,0.679234247643614,0.621181761053757,0.8345178854998199,0.6921872501222223,0.6687096191670674
375,0.000199216,0.6964190710470026,0.6610796918876963,0.6353192968038232,0.6826536090544798,0.5604291284066139,1.0032227121375479,0.7964846195698304,0.9602627613835815,0.8529200491795735,0.6530540474081346,0.6882913659761861,0.7165442126482574,0.8287582664261969,1.336222698253128,1.0681297589108467,0.9839072225370952
376,0.000174129,0.6805697992270562,0.6199066698852459,0.706311075549418,0.7360959980397086,0.5576335140707435,0.8382350999495002,0.7044284058613938,0.8966844763198408,0.7285924895182858,0.6193094697880779,0.6199479456895418,0.7302612242980737,0.7155104129853793,1.0260520144634317,0.8698068895671638,0.789098427076385
377,0.00017444,0.6896543031711051,0.6401617451609537,0.725641447822778,0.7424851550914001,0.5546598867160407,0.7633417202797725,0.6529549328395674,0.7886916804646159,0.6604072717499778,0.6197596449397517,0.595340428169179,0.7819666937355276,0.6621763116220319,0.966415818642286,0.7568173656047753,0.7112619120938746
378,0.000166918,0.7164063453903158,0.6754450572195857,0.7274087281464939,0.7556838419295695,0.5606854661256591,0.9370918545167659,0.7303446555211948,0.8219925483086628,0.7766371056018249,0.596045565476454,0.6600926670918877,0.8092090479607875,0.7639603543563585,1.6144369133828818,0.907218759260039,0.876752591671091
379,0.000231187,0.6685203695848629,0.6724434264531954,0.7406738087985115,0.742722510927299,0.5647178395844898,0.9398542731331504,0.7108202814653362,0.8687640247405348,0.7692981199049256,0.5591609531673952,0.6271514636130933,0.7536503374029803,0.7395334563363448,1.7240866807058288,0.9210113432597395,0.8640988289156238
380,0.000133329,0.6923889605979825,0.6861546450208597,0.7163658113392685,0.6901818647861301,0.5608309915239219,0.9152409251386461,0.6628046207549202,0.8911203550158547,0.6958314495027023,0.6584517095168753,0.5919930099772437,0.7414493924052585,0.6850967586445472,1.2811986967766231,0.9188215358426444,0.769832179307214
381,0.000160469,0.6984623065195474,0.7033123606428641,0.777649860576116,0.7582043957405777,0.5601399226837633,1.5847880440186748,0.7374869515974732,0.9751826024851434,0.7914319275253883,0.6799926357740308,0.6723266045016563,0.7836014869948427,0.77000613205295,1.5910944280431316,1.0633331956582768,0.8789538714620228
382,0.000186546,0.7055464619238033,0.6833079187658168,0.7632884842432394,0.7597924360388129,0.5593003342857121,1.682086381289759,0.7556430647612529,0.8737009220144982,0.8349942754648257,0.600760844367358,0.6786082937565313,0.798579485268873,0.8102392019557179,1.311380962794254,1.0816446628524874,1.0079859034560288
383,0.000157979,0.7269992827692152,0.6939595349418306,0.7491561738806184,0.7176942695156509,0.5606027560131289,0.9153641149244726,0.6206411081768467,0.7498511388622584,0.6453010826477891,0.5941139229516555,0.5719359566127643,0.7949594529218027,0.6400411278041047,0.8181756457122237,0.8459258795742018,0.7218843511319115
384,0.000176048,0.7483495786533165,0.7066253976132928,0.7685949176258412,0.7371801138782693,0.5624947788202547,1.0962540103991238,0.6582377913744808,0.8115189759683,0.6910461585336103,0.606446549160049,0.6038678061248955,0.8290614594126998,0.6682353863287723,0.9814025197693945,0.9665380981043559,0.7350716943449371
385,0.000167528,0.7719868399265216,0.7292305127384366,0.7645213688684587,0.7257124697683183,0.5592281516052214,1.72895012247077,0.8371500198960421,0.9887219032465314,0.9124714681690073,0.6164096325958538,0.7513163488626688,0.8440974731464908,0.8949656927719655,1.72895012247077,1.72895012247077,1.1492667787315103
386,0.000151895,0.7954488990611066,0.7653560332947574,0.7676983103408687,0.7399810513998278,0.5602312898865419,1.2558442478870158,0.7300037494329866,0.9198151874443296,0.8023665558332607,0.6363882424488689,0.673700712656005,0.8400517360112769,0.7891665374071172,1.645814625156228,1.3569882662139026,0.994685025720108
387,0.000128206,0.8198716424658876,0.802793210591437,0.7790148227865902,0.7337428614613175,0.5608548862897217,0.8140322467201457,0.6475328271479731,0.8167577401302195,0.70159923502313,0.6203498773357831,0.5979234362551635,0.8723824659608588,0.6762560711870328,1.2161279690798492,1.065833970219615,0.7839457642284126
388,0.000112801,0.8328914974759765,0.8305463355157605,0.8013045086445628,0.7680962562936373,0.5603365560099055,0.9794106962007436,0.7750879594293357,0.9400792544661772,0.8593140422120578,0.6456424699083999,0.6830196703439976,0.9255432186567495,0.8248132002927205,1.72895012247077,1.72895012247077,1.0066433189730823
389,0.000112965,0.8408483642186805,0.8208263680740092,0.8204642582336131,0.7741100076563184,0.5615145857880064,1.0849725308952007,0.8716409752466802,1.0890222708246386,0.9576266979596596,0.6274259290124112,0.7457466796614097,0.8868579839532483,0.9966781258897931,1.6265001215808887,1.72895012247077,1.3265586520462762
390,0.000171976,0.8521451701980425,0.848356053974322,0.8309707623328166,0.768023467262728,0.5621978871825496,0.7467507318738185,0.7018223552106134,0.9322844098303917,0.7197607825163945,0.6201041178600144,0.6329233466662473,0.8066920929373101,0.7552125890217327,1.72895012247077,1.5567148749810147,0.8660913158416235
391,0.000143589,0.8494872845304859,0.865717057816474,0.7903208981927445,0.7291902055058146,0.5622947454076904,0.6631075063991873,0.6565241134380505,0.8518529440121599,0.6690716178821872,0.6341681325489902,0.6110848842501798,0.7804558719327354,0.6799272769093989,1.5873015873015874,1.2103005291359505,0.7759077186040115
392,0.000172832,0.8551608874490134,0.8881196761703638,0.8100382140450637,0.7456839791616969,0.5614638427810713,0.6861373464958156,0.6942102181404138,0.8581988953669922,0.7531061718485484,0.6325650511761332,0.6552956835056284,0.7664287439491008,0.722354063870527,1.72895012247077,1.72895012247077,0.8859847832279072
393,0.00011206,0.8269567557591713,0.8886099486393407,0.7880927600118157,0.7251004401652136,0.5597185514950509,0.6442978527194057,0.6631718082677494,0.8040035889668278,0.7403553078984703,0.6411457485484663,0.6255862241413378,0.7772679492535097,0.6938100969439807,1.1695488872732784,1.72895012247077,0.8607507668801745
394,0.000201996,0.825530000679742,0.902442103542986,0.8333359375122072,0.7697215434685943,0.5597290465683036,0.6465540725615107,0.5916612997498475,0.7773300825214731,0.621461312315638,0.5777061302279912,0.5896239124216375,0.8047314641857387,0.6109411726088727,0.8790522815382158,1.2078008199988894,0.6876144567744878
395,0.000187141,0.8303749432145124,0.8760337932867345,0.7650342511254178,0.710316244113337,0.5610283537900603,0.828147509692877,0.6529032006843132,0.8898569470259393,0.7218819811704014,0.5903432533965352,0.6558503777411394,0.8053016998793752,0.7112063799514653,1.4899671875589142,1.5255889624208718,0.8318832209711107
396,0.000235419,0.8264477486278631,0.8890722542538337,0.77427664167268,0.7177781261825797,0.5608632223917019,0.9783794931327445,0.6923157809792612,0.9960892116115466,0.769671270217108,0.5672673842234631,0.6919648415163469,0.7184944333744043,0.7756532857355534,1.72895012247077,1.72895012247077,0.9532201555298171
397,0.000140001,0.802750840383896,0.8194743888133413,0.7413351454290826,0.7043348322224188,0.5599728087389694,0.7306418046560239,0.6000204862491683,0.8028486279103944,0.6533824125068413,0.6330519707070044,0.5864095832618349,0.6533894417710835,0.6488978429333819,1.2331764992869103,1.2953411344710863,0.7455077187604158
398,0.000415336,0.8035929828207192,0.8358207280975889,0.8029122089694207,0.7816280245927988,0.5577220206500515,0.5738639049715044,0.521121900511814,0.6248948263582331,0.5592501891543304,0.5584123952751551,0.4946275713622134,0.6038019207974066,0.5376446189116877,0.9098693307423453,0.8127118174454743,0.5936059352637892
399,0.000583975,0.7091922486738187,0.8059341539753669,0.6462282392444919,0.6085965446014584,0.5589341996454553,0.5143410709445965,0.47482528111377753,0.5597423043468265,0.4825992017530068,0.5189520578945502,0.44658712928453037,0.5893857906881791,0.4825008046506769,0.7380663143703072,0.6743730606409911,0.5226118491406879
400,0.000676412,0.6584948779501575,0.7830216407849622,0.5785973331605679,0.5829918056374903,0.5579582443827558,0.5219445403427373,0.47367785082060165,0.568706336217094,0.48715843820993304,0.49501149859105953,0.4389887238198112,0.6008681027781767,0.4850357239335084,0.7296523071478608,0.6647068096724882,0.5233295740559399
401,0.000313396,0.6282725833474577,0.6845625732130035,0.5410965945096798,0.7124778055265376,0.5514626537119951,0.6217942434472713,0.538036196204933,0.6402807770472666,0.5614543648431578,0.6125601797052623,0.49196336272022995,0.6618016436100638,0.5544933320236817,0.9993616617342426,0.896632246395467,0.61133590414181
402,0.000345417,0.5972330930003124,0.674184754765056,0.6355803667301664,0.6265439468960272,0.5423465148262316,0.7662515351524861,0.5889953541531077,0.6878019451030567,0.6504534962875631,0.5556375181346666,0.5464282630626016,0.6773204469153182,0.6184738971983157,1.6543055566182172,1.265589601990944,0.7021819718584937
403,0.00024397,0.6048551960514461,0.6427649333635814,0.6158371866084504,0.6030696207630621,0.5480326179456575,0.7741816178649891,0.5656043276274276,0.6904409160111156,0.6086348918144555,0.5755242363289101,0.5457685365806416,0.6626789991835216,0.6053325436915888,1.1732195504453886,1.1857479195075533,0.6898744905678282
404,0.000297818,0.6291964174037067,0.6524259165148425,0.6571507578322761,0.6581470739779632,0.5600978534309345,0.8310123369454717,0.5434149763559305,0.7058863528123408,0.5754551931006241,0.5693412560471416,0.548900011571098,0.6200117517893154,0.5753063844111952,0.8320247035715692,1.0401805950229452,0.6354211000474153
405,0.000336355,0.6409167370973332,0.6365271146263005,0.6490088986030947,0.6282015074144781,0.5663455978122355,1.0568896138519055,0.5823008394055912,0.741840027976442,0.619909671483934,0.5754005765013523,0.5999531310923083,0.5910275108604115,0.6130291654589239,0.8433973901657311,1.1225342692548785,0.6911033390819148
406,0.000221642,0.664896541728768,0.6488066305439069,0.6484516129545073,0.6003466970657912,0.5587720090924131,0.8543936427907611,0.5651227523847224,0.7005875306708299,0.6026148350182879,0.6500957698992048,0.574380729077408,0.560910467325012,0.5948577999260783,0.743209544252156,0.994759435028115,0.6959460941522324
407,0.000287544,0.6878757530544065,0.6601434086010323,0.6992784037238503,0.6498388832430375,0.5593284434999573,0.6830467722478166,0.5504185880647773,0.6616437426646249,0.6019204983897811,0.6125000940187717,0.5369332494191179,0.567934418332756,0.5630657943398047,0.7128449322691802,0.9131830628319552,0.6407691714096476
408,0.000208814,0.6872266483560702,0.6347634748490346,0.6728969273145495,0.6501433749425888,0.5559690568763145,0.7457858755064396,0.6267997731068823,0.7015100465132226,0.685402859274111,0.6623959249677268,0.5788733203466025,0.6151841780786245,0.6403006221511273,0.9057803804098,1.4858168530692188,0.7567245303748417
409,0.000301629,0.714813339141561,0.6709123497666205,0.7088969327202821,0.650119138341003,0.5594624338671729,0.8801713428040647,0.6411266548838612,0.762883974315831,0.676799349512063,0.5774287759685798,0.5953597045621183,0.6648706175261441,0.6771081475864826,1.1733670967532903,1.72895012247077,0.7776928237974154
410,0.000288597,0.6889620369625196,0.6226418437964905,0.6670289617827588,0.6355852193715508,0.5603903200206914,0.7733920824272899,0.5820590530203094,0.7277387254849581,0.6001532218723775,0.5705502089920801,0.5363903901022142,0.6721237471669089,0.6268626147269621,1.1064370667363541,0.9684322322992593,0.6876011437635094
411,0.000262771,0.7045715906511766,0.6465072515683981,0.6732052174313503,0.6200252661971856,0.5580824915665363,0.7336470653480961,0.5635139401092665,0.6903953018438117,0.5759263811959102,0.5683595959721025,0.5194193456638098,0.6505870370217299,0.5939085917524793,0.980917546666456,0.8498060781081931,0.6414872319001731
412,0.000361654,0.7081507452651699,0.6307123060216134,0.680711835919819,0.6296472837100074,0.5584250111757101,0.7254645854969004,0.5638411532082835,0.6437467222952116,0.6033703855306717,0.5585468260160655,0.5235947929968933,0.6164251262719613,0.5841593674076756,0.9583550650295422,0.8738669379575952,0.6475148675276681
413,0.000413603,0.7358046956498628,0.6683246982906639,0.6382064353782066,0.587163115616747,0.555732105728194,0.5661391430918887,0.49098511305748493,0.5413922680890946,0.5271124993623348,0.5939297092532594,0.4525861820910895,0.5688234101515721,0.5012257615354739,0.6673208282450926,0.6878162947884447,0.5593968051549602
414,0.000940484,0.7576283942281138,0.6990824517185408,0.6116982340752889,0.5824713275028892,0.5579183058708477,0.502669845487632,0.4157984245246554,0.4851979146781978,0.4152751980468743,0.44788277094337314,0.39476704779258953,0.5517576669210096,0.41419367635742926,0.47968190429676694,0.5148884235322669,0.43452640810619186
415,0.00049023,0.721903311664343,0.6448098607137137,0.4810548250978731,0.46887677412812057,0.5536831200704173,0.6380795544748445,0.4531229946088406,0.5316561833248513,0.456051573730151,0.5532142667313312,0.42266246096279486,0.6000960326507558,0.46366987391461795,0.5042702192173533,0.5555548611124133,0.49395195841633266
416,0.000217636,0.7469948293961036,0.6785797481919046,0.5587467310846858,0.5286773835687315,0.5458274350729173,1.4201766213070917,0.598293454057096,0.6576089309053236,0.7088329775107156,0.5999374861713044,0.5092166225015385,0.6414822428165009,0.6188684869661087,0.641236259120276,0.8319739066404848,0.7180870186802687
417,0.000329995,0.7032882529497171,0.6203927460568424,0.6373565521720879,0.6318693533454135,0.5413897688160911,1.72895012247077,0.6331518881870951,0.7642653142559523,0.6788988759106724,0.5348998282823564,0.5506687912469984,0.6563521448026631,0.6482824755891354,0.607870737000786,1.0224034990731794,0.7203829303240133
418,0.000156465,0.7196069645188525,0.6243934987148827,0.6020902479244399,0.6218874085688622,0.5495089640111878,1.661482620930756,0.6536039433722898,0.8376346369643948,0.7463588395708516,0.5925473207805543,0.5871433492606167,0.6656533815375144,0.7374136798004655,0.653298957333032,1.2197474055623414,0.8751266926474538
419,0.000139589,0.7421218227015797,0.6550166505056277,0.6727731542738795,0.6593392659793549,0.5744505804934311,1.2549654662491654,0.7268395686543582,0.9034624727916909,0.8331318439332601,0.5995949653022289,0.6647290138116239,0.6374079389027237,0.7845687382003524,0.7960202693374644,1.2720237542986723,0.9351486327361976
420,0.000137322,0.7248028015511477,0.6650901432269506,0.7235860653195475,0.6940206007783557,0.564135001796326,1.4050820992379731,0.700543124806463,0.7569389221779149,0.8502839739258689,0.6176357600660481,0.619450933257068,0.5791344058560777,0.7469738223492862,0.9106509637277086,0.9210384150716475,0.9094662353124995
421,0.000186608,0.7483231770001426,0.6970711250290813,0.7500996198447125,0.6924192846676955,0.5605128711017959,0.8035651955843195,0.6083432091430879,0.6806909718134976,0.6321293742069672,0.619037294475985,0.5763046485109914,0.5946106342699127,0.6118662912671982,0.7897539461867809,0.7770166095705427,0.6634411606787178
422,0.000169254,0.6819721995230991,0.6172487074842631,0.7296694388993044,0.6737777810090365,0.5656430892796025,0.9206817509148574,0.6819771950964856,0.689345569221,0.747872140729266,0.6449560108758593,0.6755460316366246,0.675490684281027,0.6872378947650971,1.233424679213858,0.8436526239671903,0.7451008391500521
423,0.000172869,0.7096961473090582,0.6529628252662978,0.7549481505259925,0.736380099675845,0.5610817607956925,0.9176265788714988,0.7113424001196634,0.6756888323636183,0.777857335044462,0.6403477616692358,0.7253166979852584,0.7435887232459175,0.722216376305547,1.5961941027475974,0.8065532252871471,0.8195922903158308
424,0.000121672,0.7187948930911785,0.6442043554252408,0.7533808011340676,0.7360118363902282,0.5595562292524099,0.724931173249838,0.6163631585763184,0.6389249425770984,0.6755353495085836,0.6833239991058431,0.6324295523612764,0.8414370033247109,0.6281546573555647,1.173952742726309,0.6988393558267983,0.6868160216405551
425,0.000175482,0.7334096030969166,0.6684883731032863,0.7886839537307312,0.7702752002090915,0.5595082221915555,0.8289645450070185,0.6861302239540049,0.7061158075202256,0.8265704650173791,0.5734749732680363,0.6965340064380887,0.9519594636417609,0.7043271278198461,1.72895012247077,0.8243646029860455,0.7948724293589754
426,0.000104693,0.7580506668926978,0.7025858365242389,0.7538810204719725,0.7132469133847326,0.5611123654324467,1.5810400181708297,0.8283282675561335,0.9672841540377268,1.021952687540686,0.6679648487179292,0.864505588101621,0.9663788595682277,0.9020742286859483,1.662929275641853,1.2845239001286235,1.1699118820224432
427,0.000168969,0.7827223812394194,0.738855325383024,0.8073145712904233,0.7631148440926728,0.5617020638335429,1.7224746310960062,0.7513190207084316,1.355416767984074,0.8704751337896575,0.6295175800321194,0.7443800057602217,0.8736715113361052,0.8243769560975677,1.3438020142809073,0.9481749660057884,0.9855314285221544
428,0.000165929,0.8044345016739983,0.7727648068574136,0.7676783580203578,0.7150262776726454,0.5613718713045829,1.6514606610365206,0.7379333703974296,1.6224490564571363,0.7682490378181868,0.6425099520018654,0.6983807465616518,0.8765912912655452,0.7757488525428304,0.8184103796977739,0.8259663039136494,0.879514823452427
429,0.000201933,0.677607417029446,0.6397217387770014,0.7707435038966476,0.7143329128410308,0.5607832111530449,1.5949145882311517,0.8181808214894246,1.72895012247077,0.827952567079167,0.618046593837618,0.7614878417824079,0.851459887365972,0.8557919676503566,0.7909623242949151,0.8621846275003404,1.0558573099011737
430,0.00020737,0.6991685641755814,0.6674285039040323,0.7453054997627044,0.7227604635951258,0.5612181290871333,0.773504308810347,0.7508878867005203,1.3795793972480366,0.7490952577230913,0.6206667139538999,0.7009322338700954,0.7632086510683752,0.7593837999773424,0.7791757042441524,0.7542173065166631,0.9296082560411403
431,0.000250589,0.653754396281729,0.6001198595061892,0.7403246307219761,0.709328240488342,0.5585089561090073,0.5896852642067459,0.7330792803472834,1.3092549722644258,0.7156362184355355,0.5880130407407825,0.65952624480541,0.7362996127295731,0.6943050851222832,0.9177531695455876,0.7508812186317807,0.8028029892844408
432,0.000196418,0.679808490878366,0.6210806111784554,0.7100736491825472,0.6827478260999658,0.5590910264226422,0.6199689619936601,1.0720319506371427,1.72895012247077,0.9738474181671467,0.64414793981706,0.8940435855511426,0.8255441785275652,0.8980433848173086,1.7034761681326671,1.0684216186332607,1.1475111813919525
433,0.000179718,0.6761791232383043,0.6341303768191331,0.7367199447759099,0.7196797515834689,0.5582939572197622,0.5705537193178195,0.9098479769579509,1.72895012247077,0.8000675413524766,0.634839219492123,0.9039181165488614,0.8473212962760727,0.8162501921814752,1.4715591991275627,0.8740288420722242,0.9756123097559672
434,0.000486124,0.703268530317316,0.6610997142083712,0.7458368393457501,0.7147086661854041,0.5585177368507385,0.45253859013859604,0.5757567644645247,0.8620413224682855,0.5403341793945761,0.5273992248768573,0.5955951605304866,0.7568979415082717,0.5484670996174476,0.9764851628480183,0.5431785653249152,0.5717433456157072
435,0.000373239,0.6759747057025487,0.6116175004841397,0.6072328437901396,0.5932031121018744,0.558862158612724,0.433898728751599,0.5616657811092881,0.7354824063168318,0.5636537821862309,0.6274656124529189,0.5698640164445975,0.70159923502313,0.5373164320489976,0.9349554896424526,0.5366049025860589,0.5641061617094272
436,0.000388827,0.698567518130642,0.625270267979889,0.6374193598642008,0.6108937700130904,0.55886380809572,0.45671691747661824,0.5732558788098842,0.7133349374399442,0.5817567780056997,0.5598257394852089,0.6100509874958534,0.6156077724872975,0.5425667464570776,0.8913165761331288,0.5819019601865746,0.5683705846726901
437,0.000542156,0.6584427171618316,0.572833244110338,0.6301637482176486,0.6096287610978723,0.5509820255702834,0.41866721332314855,0.4855426151535755,0.5922722613873523,0.4969554601636067,0.621375140079705,0.5062844791391731,0.5482972329157909,0.47173277231306654,0.6114914182182319,0.48040146423258917,0.4913494040881928
438,0.000438861,0.6864601285401986,0.6027389535628974,0.5735551925646847,0.5518089989014948,0.5496067310350522,0.4167659860211534,0.46681078500020395,0.579294166145809,0.48904562552460823,0.540117150482252,0.46634014514857575,0.5593086012617416,0.453237038596475,0.5095113552896343,0.46835778708224257,0.47532244725283934
439,0.000270584,0.7025705424716119,0.6269743798474805,0.5915523749999444,0.5943717134731734,0.5569873836792089,0.5884117932261432,0.6232258689240365,0.8172043412126735,0.7353984549332817,0.6004544157132946,0.5868852946476621,0.6351045394325598,0.5950481882855415,0.5530628650508291,0.6512994856464758,0.6309226370311044
440,0.000220724,0.6935472363126978,0.6007226004856563,0.6541481767705056,0.6548325954175002,0.5515191876749601,1.7208670949258353,0.9035925864072761,1.72895012247077,1.2733224006341355,0.5491768416290241,0.7498365300229028,0.6695637084242347,0.980074277743815,0.5566996665686151,1.0535695858845378,1.0300736626916183
441,0.000165943,0.7116771150636857,0.6265950870786937,0.6806512359653917,0.6766577955313546,0.5542035624642773,1.72895012247077,0.829287725277863,1.3681439652148304,0.9365479807365403,0.5255751484583024,0.6545144048589332,0.6783672462285795,1.039479361536206,0.5299311250668524,0.9637429966907599,0.9405401854959624
442,0.000215769,0.713566012670416,0.6437063897093176,0.7174789391731393,0.7266557857607964,0.5639524225794631,1.0136203521099807,0.9998902680642896,1.0319205311581627,0.9291910006682633,0.525277689405997,0.684971193654132,0.6693123327300483,1.3272946069722635,0.6393097985155668,0.9994937347164864,0.9912402587987055
443,0.000167338,0.7142594402252666,0.6266067115940192,0.7114149761276184,0.6962403956971126,0.5647620934005435,0.780310658723419,1.638837846713318,0.8766337301092268,1.72895012247077,0.5702316243830724,0.8586631782206399,0.6371307610516651,1.0905511244288986,1.4675603895639455,1.72895012247077,1.4606402279156079
444,0.000194047,0.7417513098174081,0.6649363598021478,0.7539444617113916,0.7674490180916309,0.5621363270523698,1.356201834234656,1.671689279760499,1.1754897685307129,1.72895012247077,0.546937772589895,0.6948867310099477,0.6417384995948413,1.2851920530477352,1.5543436399792578,1.7176654789529286,1.72895012247077
445,0.000215334,0.766604656607455,0.6999741780788666,0.743859550545969,0.7582346034699639,0.5605123163909232,0.9655526531268808,1.72895012247077,1.6305816841378646,1.1263138264570347,0.6035586787526462,0.5438704818953051,0.7529098077230886,1.72895012247077,1.4320535061846307,1.72895012247077,1.2713759193932461
446,0.000182775,0.7729247553182471,0.6907241334016988,0.7323890328088583,0.7225500483032667,0.5595429846910264,0.7676669573927923,1.72895012247077,0.9289106175183431,1.3812365502745747,0.5732285838212129,0.5082039548971272,0.9392533716275544,1.72895012247077,1.676121517180897,1.72895012247077,1.330992843749875
447,0.000173158,0.7934807802687901,0.7224431279315116,0.7483535391423178,0.7176616665259486,0.5605750091431071,0.7591935124331642,1.72895012247077,0.8948099293727376,1.6972816888244722,0.5595821692430583,0.49874538179901723,1.1119088830636858,1.72895012247077,1.0701430697778909,1.72895012247077,1.3142317943387731
448,0.000133266,0.7664485989914424,0.7277326553047849,0.7567900575786857,0.7268867459593965,0.5588055352206259,0.9655498175820024,1.72895012247077,0.9894381663968803,1.72895012247077,0.5191648259499484,0.5324489587150335,1.72895012247077,1.72895012247077,0.974362766886048,1.5233569364085606,1.336222698253128
449,0.000183853,0.7917975795680623,0.7614183057369245,0.7832909652917461,0.7666514924838459,0.560250676556839,1.72895012247077,1.5058465048420855,1.0087933904904824,1.1001381711791973,0.6257953265699278,0.6236449105392763,1.72895012247077,1.3207147529172123,1.3947123479262051,1.72895012247077,1.0016457036146313
450,0.000114248,0.795531354304171,0.7798321789888719,0.7533228885989569,0.7181896825384156,0.5615725946457374,1.72895012247077,0.7601643705986225,0.8902678540845512,0.7689498580935512,0.5614872609209527,0.6638683841552434,1.72895012247077,0.8140696309104354,0.9969870219655783,0.9093880494506913,0.7481846141509051
451,0.000117341,0.8206661449834796,0.8243698971086983,0.8054827194379093,0.7609098812939188,0.5616546186085694,1.72895012247077,0.9985577760255044,1.1217331138731452,1.72895012247077,0.7323259297959559,0.7900318331490777,1.122980097979872,1.1488892185818456,0.8540912477340268,1.3746434980705375,1.07266121191552
452,0.000132974,0.8284357045230254,0.8458915590776097,0.8100147751971114,0.7688009522327256,0.5611023488182147,1.72895012247077,1.72895012247077,1.3022423081624874,1.72895012247077,0.7220384487164911,1.72895012247077,0.8121290811397629,1.72895012247077,0.9161357852389906,1.003442242323394,1.72895012247077
453,0.000145918,0.8517886945873929,0.8855032149995256,0.8034981911658334,0.7606907120332802,0.5612392889956853,0.6438585167871297,0.992066567671458,0.8436639730705784,0.6678006199484349,0.5771021685872992,1.0451400784792078,0.6322129352545168,0.9550451513341991,0.9817302090375276,1.4219846126455618,0.7768349098678199
454,0.000323048,0.8366496395932767,0.8360083987611335,0.7951082502942275,0.7527149405034749,0.5630624204154884,0.40615948304749844,1.1205478864361194,0.7395219902174348,0.7890906883818832,0.4383245578561547,0.7340391959584224,0.5644621655632458,1.1085251055040235,1.116562700398418,0.619201005289044,0.756138274067729
455,0.000155555,0.7050093960259878,0.7929509770946361,0.68923002975798,0.677938914572005,0.5602739432180597,0.41395572499278316,0.5444450363775086,0.5477186906248603,0.5127646275556351,0.4664814114377623,1.438573458297255,0.6592264330417649,0.5674998303078223,0.44286894069489924,0.6883191002968163,0.6051872657787988
456,0.000532517,0.7303532456528993,0.811554331247202,0.7739025963757576,0.723453635777212,0.5589127494027263,0.5212878129071454,0.4912082197774251,0.5579724711297829,0.47265473902468436,0.3481633957262669,0.8590902656316537,0.907138800119436,0.5018735595586589,0.4047955670815146,0.37682348320696285,0.5104258599977205
457,0.000657364,0.751269596175569,0.816152563510541,0.5965638602582302,0.5804888955040965,0.5550489191893867,0.41648215388428633,0.41321676208814445,0.5676939459113287,0.390401007819866,0.4249172969006512,0.39650768858170055,0.7569894741723912,0.4238300994136021,0.5739329724608931,0.5893225981552797,0.3950273723697963
458,0.002010998,0.5020919116792872,0.5422390105489145,0.5484681390433309,0.537237776127025,0.5548793231105097,0.31625013992443596,0.22541353096896594,0.3004612185366175,0.20837062361645148,0.32115288394787306,0.24055490074733055,0.45984478973883774,0.2156855950639338,0.24584681512604512,0.22393834316328196,0.21102549313879002
459,0.004648462,0.39110804244425396,0.40701612336007287,0.3624063484713791,0.335366077508236,0.5460898930346518,0.295895097816236,0.21550976309125391,0.2525537577475868,0.22174704942153395,0.22556047863915596,0.2176693797266736,0.35506586824595016,0.21404872192698254,0.25377649394613466,0.19505084787447902,0.21262641529386528
460,0.0012518,0.40458491301222815,0.40135098000907804,0.248073175801006,0.25617161259335747,0.5226253383464508,0.2866217087852499,0.22731648110003735,0.249580755396724,0.23886219333718986,0.8237106816927434,0.21954661136555303,0.33044694482425047,0.22414621249050382,0.25904933286446313,0.24571137608479265,0.2333438142061279
461,0.005771477,0.38233002762727286,0.3604764898865424,0.36357500937063963,0.38845659380259273,0.4725071268805145,0.27569640140385826,0.21082425360878007,0.2541023392194847,0.21841581002948238,0.20367411907487376,0.20879798542832295,0.28712062588696974,0.20103433895377165,0.22911857708385233,0.23460729338449046,0.20000181362466896
462,0.001422028,0.3235824766720884,0.3492357150668499,0.2152424531866958,0.2290386770988844,0.3909449450737581,0.3124760495066165,0.22800446438917768,0.29502041777008536,0.20910351754562695,0.42376919818649794,0.23690084217479737,0.30690429708934885,0.21652538707099397,0.2261680636420045,0.2341386528963754,0.21154224586672443
463,0.000877727,0.3244616171785144,0.32832893060486634,0.311831815323419,0.36192855814543684,0.4308666284455713,0.4416691175782134,0.45081126031199864,0.5412768378036192,1.2211331247245394,0.3677368169658649,0.3874140521408334,0.30547139440048277,0.4686337604070144,0.6095780957413014,0.33328136215704146,0.46888846388440997
464,0.000428184,0.34227876030483456,0.3476981050259457,0.34291779803490763,0.417172011610218,0.5118920134386196,0.47364939706617915,0.3884802305467261,0.4797278036770566,0.4221880492652283,0.3666068264687839,0.5267742022345896,0.31380919307655114,0.4405872546890822,0.49338122087038117,0.5103123764255981,0.5434665428196119
465,0.000324777,0.3650087679129387,0.3674656480686827,0.40923821752070283,0.4792572651496621,0.5045414714637424,0.3710670269710071,0.6340685362582634,0.42660693222680685,0.5557780657064849,0.4101901638265077,0.6888250691412429,0.3014383039644464,0.5204851466251853,0.8071720688250296,0.38619611076387267,0.7769722808139348
466,0.000453408,0.3895210008883068,0.39402325426832796,0.4300686121319034,0.5153577444464837,0.8216428713647882,0.37874640676182536,0.7185131280403597,0.4968712025826969,0.5403282162967932,0.401663743692919,1.72895012247077,0.33057716489276745,1.1051932947423841,0.9259205676048122,1.169080518751556,0.5023297133717212
467,0.000273084,0.4102871601250218,0.415791404966634,0.49526501348159296,0.496393523693078,0.5764276856291219,0.40264755982472017,0.5522212320766353,1.72895012247077,0.4172735891318003,0.5873430174220551,0.6655725659492866,0.31633107288930595,0.6348835507423201,0.5262872599376094,0.4008010366148523,0.4621500566633801
468,0.000389136,0.4174510701700676,0.42824067003332983,0.556047024851983,0.5313411972875802,0.569235482061987,0.40593067937835875,0.565359970784618,0.9860836814179577,0.5054473255772095,0.8128488157206163,0.5419855737649188,0.3566350297050293,0.5443764205438828,0.6139907918374393,0.48384282977661014,0.4646580591404081
469,0.000283338,0.435247436233302,0.42868938950019214,0.542393253910731,0.501185704388302,0.5566708650357122,0.4125489634559646,0.8538911367680927,0.7360595663194436,1.2759316705849215,0.7845656956973105,0.5185387239976244,0.3967348823264336,0.7676327585574038,1.72895012247077,1.1149656441619196,0.7306835819465494
470,0.001249497,0.4578872511399114,0.45212956879103366,0.5701568781995243,0.5302055742747116,0.5565931775357181,0.401293359586396,0.38775922480246816,0.5196512532716623,0.3238277956144629,0.39669594080110937,0.43164554167167213,0.3803437961597869,0.3672960230824157,0.43823783834550994,0.48014602470082296,0.3317349539555127
471,0.000320673,0.4700229447371352,0.443757015464715,0.4081083944783758,0.42748813246776673,0.5572815441597602,0.38142433136354353,0.42507277637797614,0.47548117975950016,0.4573969372207776,0.5835913012294655,0.39077810402965846,0.36803904778507174,0.46397192805623494,0.6681338962076643,0.372387484411564,0.42036263126910983
472,0.000326324,0.4968337255989114,0.4718220793703614,0.535173382896379,0.5034876228499119,0.546821334776029,0.4390334999309515,1.4518850627581634,0.6459962877764609,0.7450708711786408,0.3932869066665079,0.48514179481860853,0.3770801071152854,1.72895012247077,0.8466380180722693,0.7741786946102975,1.72895012247077
473,0.00039208,0.5249757215006402,0.5018715686060512,0.5319703075683527,0.5060487751988515,0.5366915587891105,0.6493838094059756,0.8210668787640596,1.2195702367285295,0.6403552057028155,0.4436219235398658,0.6933403124765775,0.40643498180054316,0.7017483210194821,0.5515456113760272,1.072649548856993,0.5605256299064328
474,0.000377936,0.5303591702583886,0.48530049165538136,0.5182315629380728,0.4969245349719003,0.5463311548325541,0.7590708666060412,0.5414047649733272,0.9166351435532234,0.676796419908963,0.4546540537455676,0.5826874526730813,0.40766910852700206,0.7007945083705982,0.4459812279872283,0.7066031702582785,0.5634575816139443
475,0.000834544,0.5151870904741821,0.4535068062347432,0.5179358882778886,0.4951877323963803,0.5808330175942245,0.7673280208786363,0.5665230661703874,0.7485371107793917,0.560838770879808,0.39161558773397653,0.5469321035405194,0.4220091950129987,0.5848538279476252,0.3943703752624639,0.5373359792514185,0.49899763478520964
476,0.000699156,0.4936822599430125,0.4213702604377023,0.4541008738020911,0.42061485695021816,0.5539479768758402,1.0443713579487575,0.6381679538183384,0.8219225772039437,0.6209191757355812,0.44347129444126304,0.6541120285588491,0.44320833655802716,0.7166949149471556,0.42623080017857606,0.7629511148197512,0.6035032800950244
