row_id,TRUE,Model 1,Model 2,Model 3,Model 4,Model 5,Model 6,Model 7,Model 8,Model 9,Model 10,Model 11,Model 12,Model 13,Model 14,Model 15,Model 16
3,0.000142153,0.03234904649622159,0.030517673790946775,0.028632788071494927,0.03077886899916832,0.030365466975472547,0.03265521172849531,0.03265521172849531,0.03265521172849531,0.03265521172849531,0.03265521172849531,0.03265521172849531,0.03265521172849531,0.03265521172849531,0.03265521172849531,0.03265521172849531,0.03265521172849531
4,0.000352751,0.03973227807153408,0.039067311126020035,0.03734209445320423,0.03884011495075654,0.038683217471983784,0.039849147647143084,0.039849147647143084,0.039849147647143084,0.039849147647143084,0.03903755458009757,0.03973755142666806,0.039849147647143084,0.039849147647143084,0.03983736431982765,0.039849147647143084,0.039849147647143084
5,0.000480574,0.03950527235119679,0.03998166007737999,0.039498682179662147,0.03997484119380274,0.03995464788744747,0.039779132116322904,0.03982205227335292,0.03867361943578674,0.039999982902657195,0.039417461114834906,0.03916314249786333,0.03863168327202162,0.03983337847616283,0.03902945608745266,0.03995309372790591,0.03999453089706576
6,0.000303313,0.039619993772041825,0.03904288621947557,0.03711337798877578,0.03932318264484791,0.03833728135024651,0.03702599902276591,0.0369802807672943,0.03976492730806393,0.038071228300722834,0.03951713075717481,0.03529898409684558,0.03982958740795797,0.03902589779567085,0.035624684990110914,0.039208346869001015,0.03771338470908909
7,0.000326409,0.03992779266036736,0.039668030119017574,0.03867920672306878,0.03980057355820955,0.03908619359280445,0.03997744708070411,0.03999095047074169,0.03683269553106619,0.039525909658753765,0.038370679206366935,0.039056469124281734,0.03993103057553939,0.03569449664087608,0.03951696468266286,0.036224062472912946,0.03987926927574806
8,0.000231276,0.038913761787214174,0.03860955162551089,0.03623852700519087,0.037539005217622844,0.036632480310876736,0.03993525457082817,0.039680144313974736,0.03700230609121527,0.03996644227199948,0.036645622199599534,0.037414496826680244,0.038963323042835826,0.038238725282715935,0.03827453265471546,0.03919393030779981,0.03993286098695808
9,0.000235425,0.03849558252754952,0.03872592981088346,0.03608885500318894,0.038273169334007734,0.036791353665344195,0.03921156308843912,0.03817879291378661,0.03930740991652708,0.03844882047231594,0.037840084478922856,0.03613449364701323,0.03871093426084665,0.03998064296341308,0.03704200449066743,0.039628811237569624,0.038760648442445075
10,0.000307289,0.03988490232766491,0.0398890256204758,0.03860759263264944,0.03977280007356611,0.03876576641542369,0.0399827538749296,0.039852914200353494,0.03653052614216132,0.03999841540814747,0.038023323907770495,0.038267137448862926,0.03999785162954479,0.03967935716235709,0.038980877049643065,0.0399943612073979,0.039918368638151486
11,0.000232357,0.03843536150071397,0.03884742904273163,0.03614139127123158,0.0381570720826763,0.03680887172755569,0.03843309374487838,0.037702984575587115,0.039962713694897255,0.03885643639914585,0.03704520499228739,0.034910191091845504,0.039510396557628905,0.03972937109632533,0.036435860258203084,0.038740789693213686,0.03830308479646548
12,0.000729326,0.03223177304330957,0.029663977705333952,0.03754248554820622,0.032885129195123625,0.03663922399667546,0.03689232226650631,0.03817693747270438,0.027344817402689514,0.03723055851045476,0.03997959010295755,0.039893764911400266,0.029113572066764015,0.03376515455195642,0.03938649033504754,0.03610949775897414,0.037539128936416685
13,0.000277489,0.039479405190775294,0.03987287081663527,0.038423294328262775,0.03941782200504136,0.03848938045276616,0.03942602340638845,0.03858032108058966,0.03998539576941106,0.038805474120460745,0.03813455741516217,0.03586188096279499,0.03999637745214427,0.0397809971792286,0.03697080058679972,0.03933609387739036,0.03885366201612486
14,0.000272403,0.038674365848280726,0.0386640457346871,0.038367219616994866,0.03935932402664103,0.0384339019599867,0.036700213023814265,0.03999139571982796,0.03657020739409078,0.039709768124127846,0.038768038471016925,0.03785456657963984,0.03956209860077818,0.03409276486012219,0.039459604469654214,0.039508197177377156,0.03959528298764329
15,0.000267687,0.0386154450329185,0.038081329365177934,0.03804630610316139,0.03893443145011676,0.03776978336641894,0.03810274828942809,0.03992240411648194,0.036952349012321944,0.039012912144544984,0.03779921667659626,0.038866726221379475,0.03991463824147385,0.03562567841220933,0.03946820277883297,0.039774117783446264,0.0398310735724892
16,0.000227534,0.03729437606500878,0.03707837157586765,0.035812565252199544,0.036107790511987,0.036299826042557826,0.03904750623352328,0.0377729357900938,0.03995626907634544,0.03883134082786169,0.03730904611770078,0.03643513807672317,0.03991260631718392,0.03965938062028392,0.03655822244896593,0.038583275420623425,0.03850111968606608
17,0.000283867,0.039185593778136046,0.038942354267875456,0.03751087050626209,0.03758657020778661,0.03805235410105326,0.039999993876696595,0.03963499744778209,0.036634078617712645,0.03990093489180797,0.03864671653871769,0.038794980312096064,0.038928453713693474,0.03944116961090523,0.03915702853530458,0.039784579134206875,0.03997573582759186
18,0.000192394,0.03714104874226781,0.03698665834617727,0.03428097496772603,0.03476514948399795,0.034995976174844776,0.03922809316998974,0.03868665363107904,0.038932413684655665,0.039317688147512936,0.03509453367354174,0.035982537341930104,0.03992040082608317,0.0399994110788577,0.037427308299689294,0.03942988503832612,0.03964879385612706
19,0.000216325,0.03814435895823878,0.038247734378385634,0.035303332679235626,0.03577286323571581,0.03624874022444164,0.03874790727926734,0.038033283100865345,0.038844486065525256,0.038715070601768084,0.0353686067584381,0.03585169396045146,0.039807347694455285,0.039997025066680125,0.037210789966747704,0.03987640929963555,0.039394513372076695
20,0.000269344,0.03883666106838789,0.039399068448477854,0.038398053315378655,0.039309662603715434,0.03836471707282188,0.03895023432040573,0.03896847853578858,0.039251314100995006,0.039482749962499376,0.03787087323000417,0.036693483488227714,0.03998714054708851,0.039962758762218935,0.037543648708505774,0.03982873316511774,0.03965651632378443
21,0.000241109,0.03862333660604533,0.0393747899011274,0.03771619336784074,0.038896403689336514,0.03769396339414951,0.03889488543686494,0.03839486536166589,0.03965956964409671,0.03907921943338327,0.03772410869357652,0.03601132618794065,0.03989600418895197,0.03997165513949976,0.03665441278912475,0.03977627333792109,0.03933724297072867
22,0.000220038,0.038425762361883165,0.03908632556313805,0.03725820958160909,0.03841226831888553,0.03708901690442977,0.03913186353505252,0.03824654641942401,0.03979290990980646,0.03872289672029131,0.03696562126368566,0.03636751297633145,0.03935692659557022,0.03991688012360506,0.03624385974159258,0.03977648654851896,0.03892268861685394
23,0.000250804,0.03934928639048918,0.039804362161133464,0.038304422637771965,0.039118620884571825,0.038055363009430125,0.03925532955859991,0.03849652829783151,0.03980880678112669,0.03886418815809133,0.03721690566143371,0.036730174614934,0.03995490538493301,0.03974350828409493,0.036616030680165584,0.039835759925095963,0.03895752551765673
24,0.000388265,0.03954278894057041,0.03851058421631839,0.03998778161849773,0.039832263594633974,0.03996031881860815,0.039967448360641256,0.03988840669402887,0.037118769046537825,0.03998230428532722,0.039471755395792014,0.038948706353616094,0.03679747384771964,0.039629539081473306,0.03922328637497029,0.03781567935189854,0.03999916284668882
25,0.000395051,0.03937017496318271,0.037836099169296096,0.03999985616560184,0.0397284385797063,0.03998298484078637,0.039756605684322724,0.03999424428594208,0.03531706096618306,0.03998843787544912,0.03891751029346991,0.039212810417600205,0.03675979332173056,0.039209852904999565,0.03953234376540722,0.036795792038964686,0.03998173815151322
26,0.000200025,0.038761669665383816,0.039740208028061594,0.03657659908674983,0.037850036489859025,0.036270258692564006,0.03849064276929598,0.037365143515930344,0.039978958851558576,0.03786652981806026,0.03695356594202226,0.03467582244583728,0.03962155767942311,0.03924971906964429,0.03539487781911267,0.03996164466025132,0.03780413987606982
27,0.000224536,0.03790616093367723,0.03836643711686023,0.03724228956847313,0.03766736655764767,0.03699369295285006,0.03860826013395878,0.037820804563537265,0.03994566521427783,0.03842999973534722,0.036820714936595,0.035526565801597645,0.03998320029663732,0.03949898847422074,0.03616458654153756,0.03996766461222055,0.03845109106609955
28,0.000294604,0.03916243468118774,0.03970035240271717,0.0387702531471134,0.03920684389131411,0.03867854390192198,0.03959190253256075,0.039044826740639575,0.039269394418513015,0.039447907541727424,0.03830656359704028,0.03745485599262623,0.039405949900062194,0.03997540928766527,0.03795575033423955,0.03998981415936458,0.03951265646720891
29,0.000311191,0.039631433489659175,0.039970391639629725,0.03890143388717935,0.039772409523305595,0.038996329069746094,0.039896039583950965,0.03989919398411428,0.036141898795555766,0.039979227736537865,0.038815955353509984,0.03862705212414083,0.038875457622014796,0.03923719995125779,0.03922929197226116,0.039505982584310116,0.03999945963498651
30,0.000275364,0.03943941272824898,0.039874439122800594,0.038183444560044744,0.03935364799912664,0.038325706187230454,0.039066340712341524,0.039974767043572064,0.03385983757359075,0.03991341927134129,0.038332001237576505,0.03879031590116609,0.038949853238487805,0.03696225868688194,0.039571966619594265,0.03863534241997432,0.03964886809802853
31,0.000274089,0.0396758157676181,0.03999849559217631,0.03815889429640841,0.0392807493579158,0.03833702719277862,0.039991510222559964,0.039832681291786895,0.03577980036925711,0.03994874975309977,0.03861784793659717,0.037944165969330416,0.03901540695912093,0.039320053314536446,0.03897164030474667,0.03970234376567277,0.039999941171999356
32,0.000348777,0.03997592928562132,0.03923530379656843,0.03960718423005846,0.03995118630263392,0.03962087274075592,0.03993623227422299,0.039988307806657096,0.03457527228304505,0.039975356880825735,0.039144655811205895,0.03889411722052624,0.037618468739089965,0.038987010157481995,0.03959773119850879,0.039368529955435494,0.039953673187336766
33,0.000301033,0.039844390364138414,0.03998684218986371,0.03913351878004816,0.03974768031983806,0.038986812792524285,0.03995539526920888,0.039999441077476834,0.03448234068305758,0.03973271996378551,0.03895498731198785,0.03869237681683275,0.0389874840287788,0.038324976568974586,0.039586075362366246,0.03911164216461435,0.03980972755986094
34,0.00027018,0.0397373630663116,0.03998348982281332,0.038339025833405066,0.03928315289989759,0.03828130310041011,0.039996374277842264,0.0399642937490749,0.03622953723503439,0.03987032754107311,0.0386243513748218,0.03818010762779856,0.03955199886397737,0.038254182725367715,0.03937816114576979,0.03918919925546037,0.03975019314394922
35,0.000213305,0.03856318323961259,0.03875589697212586,0.03633768012525415,0.03760477127628436,0.03637485652114661,0.038150159720776775,0.03795950789448803,0.039938746897268645,0.03859716103590169,0.036369999212765534,0.035067011386830424,0.03995872875383498,0.03970578379898864,0.03668797936415771,0.03976197474659616,0.03897816917241528
36,0.000309103,0.039937259511221984,0.039821637056586964,0.03889288547578314,0.03939345528774555,0.03897385370327998,0.03994352113201896,0.03987522378149001,0.0356700473028201,0.03996768480391271,0.03879390529375233,0.037948866617704455,0.03783602703560912,0.039308788253647496,0.039367829346556,0.038851524915211454,0.03999590010339751
37,0.000246283,0.038739819455663196,0.03772479699515658,0.03745291902979611,0.03811169203652255,0.03752493116512794,0.03998807032265057,0.039942295770728005,0.03599937472786649,0.03997703676966179,0.03743203977627649,0.03727272771563885,0.03827264957407606,0.037564425468724,0.039496114788465146,0.03733136334685658,0.03992471425180448
38,0.000218886,0.03837788820121773,0.037529173782842484,0.03659652548015351,0.03771299383246672,0.03670509171286543,0.039556044557385886,0.03954333101127535,0.03767900734450566,0.03942224141778415,0.036996185248532334,0.0359826562145545,0.03933867101358219,0.03959218008568455,0.038615098344604235,0.03953714297635064,0.03993732943733212
39,0.00034898,0.039988782591303076,0.039973180014459354,0.03959267075755765,0.039943435283303984,0.03961179383396525,0.0399700134040472,0.039937345157884004,0.03326011765636673,0.03994206359191916,0.03946550023709928,0.0388557504616181,0.033772057461517443,0.03814625361867694,0.03987188369644041,0.03818225438843219,0.03951878824998613
40,0.000307705,0.039979865886423625,0.03977553222347607,0.03915213264929397,0.0397298466551241,0.03912061565324478,0.039993825363791737,0.039999925074232875,0.034375246115323735,0.039855782951103355,0.03902809708397631,0.03838604288803437,0.034883642693552805,0.038000242906492884,0.03966291824274672,0.03910762309765274,0.039504148206770215
41,0.000398851,0.0392665200447605,0.03985574925285108,0.03999137041896337,0.03990719191644663,0.039975665413445875,0.03896588962360601,0.03879209171513641,0.02177239307006408,0.03682223484964817,0.03953409089382416,0.03983137712236584,0.0295624915548746,0.0299540127594623,0.03979793408966822,0.0352342469564694,0.03536615662126441
42,0.000251213,0.03954909303880603,0.038525232147757285,0.0381152232385696,0.038719509932111505,0.03786495473630774,0.03917805065914957,0.03958982985385435,0.036660480583095484,0.03994691660742359,0.03801639039408171,0.03684458491156744,0.03899389519631903,0.039828270713055704,0.038512822807416414,0.03982885070402075,0.03998748641412042
43,0.000207157,0.038925640818141205,0.03796479363825743,0.03625908551404351,0.03686249483212632,0.03622458209030361,0.03812208303305317,0.0389623911394989,0.03828306895448542,0.0396601710002141,0.036890311601444375,0.03524657041215258,0.0389585647932677,0.03990470192279912,0.03761635344192645,0.038995713217026676,0.039718319979560004
44,0.000199072,0.038675387735015006,0.03809793477803863,0.03581194387034803,0.03695531381334916,0.03568735227500889,0.039097559281298475,0.03995708517291817,0.03865475709477342,0.039897349763085024,0.036542607859041364,0.03638834948908379,0.03865475709477342,0.03865475709477342,0.038811527331294796,0.03865475709477342,0.03995181616228274
45,0.000169623,0.037996993720673077,0.03746746860122921,0.034003635198300325,0.03570022751768853,0.03418124446060582,0.03818492677503722,0.039350845014474674,0.039658811857018514,0.03966436394398678,0.034944789061546896,0.0348257206061844,0.039658811857018514,0.039658811857018514,0.0372659201314643,0.039658811857018514,0.03985181660088229
46,0.000191593,0.038590341931569086,0.03855100223595258,0.03508322369989606,0.03652907158574353,0.035422756790699436,0.038446242885183335,0.03901849241886414,0.03896386281702285,0.038843094528535044,0.0363005218919933,0.03534731103798987,0.03927755912132525,0.039635246733426464,0.03694427343971292,0.03896386281702285,0.03966811625519192
47,7.97e-05,0.031448834909297965,0.03172719404545958,0.027018587205307847,0.02863818746345769,0.027131679619887876,0.03009676453162666,0.030802019740901628,0.03747543339646377,0.030414271761403114,0.02949042238709735,0.02632367852909273,0.03671949047138731,0.03450725904833799,0.02753742537770562,0.036618843145388935,0.03208924585196105
48,0.000470403,0.03772448734406608,0.035933747913050096,0.03980217050342833,0.03891184812772385,0.039817198653318786,0.038971042185191235,0.038892121651757476,0.020673556704385393,0.038937265182547316,0.03972978438636928,0.03996695766314936,0.02645546704742388,0.033683533153782794,0.03998496818067685,0.030438537245879374,0.03783486405090713
49,0.000227265,0.038229773318482055,0.03955724650467702,0.038059816795056794,0.0388352424212456,0.037593804386803736,0.03782193035064854,0.03807962078355634,0.03978841390048079,0.03825025157540894,0.036623309239704444,0.03541262703796211,0.03995747919922028,0.0395490903005119,0.03590238942785493,0.0399954051773069,0.03850023262951685
50,0.000192915,0.037582242165959845,0.03926547248714972,0.03719373175641276,0.03867115157753892,0.036506516623733755,0.03775181785723429,0.0381849003352705,0.039875408316203724,0.03873859619572273,0.03594898296032446,0.034935732666600924,0.03999999703516002,0.03989483639644115,0.03544824301090432,0.03951490302310331,0.03873511342890248
51,0.000196619,0.03808758349781905,0.03959674034203783,0.03730562174959216,0.038266222078100987,0.036319227788977254,0.03988325445817289,0.03995051760589798,0.03404358094893577,0.03850055100672051,0.03612917367600346,0.03814429478641963,0.03962317045041465,0.031075670541830566,0.037983464887020146,0.02697365590681139,0.03977460490553633
52,0.000175555,0.03758585144248834,0.03934813302665316,0.0356835996963827,0.03533264381647984,0.0351290839746273,0.039893834988121026,0.039999339042245334,0.030623998158756605,0.03779653668880066,0.03553438668730839,0.037705018431839044,0.03976761516913156,0.030623998158756605,0.03768538231429047,0.030623998158756605,0.03953021192067586
53,0.000140218,0.03593371917072978,0.03760750319498981,0.03342596407556961,0.033485448696732464,0.03294524519052341,0.03856381369304164,0.03894924288037886,0.038196314276204346,0.03966013665789195,0.03317639079040211,0.035697082578503,0.03995974772202918,0.03710988522704471,0.03513788212193984,0.039970048302957834,0.039540891580543226
54,0.000246857,0.039796387917706136,0.039905822266631516,0.03821543245047591,0.038163931192840714,0.037879069008698474,0.039987905922702544,0.0397304436257311,0.029968169908306808,0.03888350498903731,0.036772909067343484,0.03928891377127352,0.02894099897202504,0.0337196318280896,0.038747408564523605,0.03940497680964163,0.03933412341431331
55,0.000106657,0.034444629268614455,0.03689692471672691,0.030288470921406137,0.03038142124972231,0.030302301439458473,0.03663654698932417,0.03694473315936074,0.03999834987058442,0.03845328774733353,0.0301555265609324,0.0334608611564223,0.039988300018413116,0.03921061236210179,0.032470652396560086,0.037179466256503625,0.03814960595685137
56,0.000200145,0.03903088655666659,0.03999830040069455,0.037333147582289644,0.03853386956336287,0.03670329084908227,0.039998721508341537,0.039730264727308104,0.03365901816576032,0.03675136125318153,0.03572310795391355,0.03920188164886085,0.03811090900618963,0.026325692843494383,0.03837885376021673,0.03899369279965446,0.03913758617515121
57,0.000190895,0.03893713287010747,0.03991697679893674,0.03714978322609892,0.03836810705667299,0.03629338511273267,0.039976342365377025,0.039966308684311606,0.03537485939999449,0.03781100211788919,0.03577858044343599,0.038828626580266826,0.03967184383331952,0.029136361099427507,0.03763098486274612,0.03741519791250138,0.03965531830264057
58,0.000250014,0.039717063265977195,0.03973458143626979,0.038955340190542365,0.039321014070656704,0.038404224088579623,0.03974423037532957,0.03993042813424337,0.03115706694774152,0.038234039378011925,0.038174792240382074,0.0393291186041658,0.0390151323511753,0.02804650200197298,0.03878301363807565,0.0338864185232714,0.039270515278820764
59,0.00033548,0.039660890635397676,0.03609890624173162,0.03999060011175657,0.039998605509248344,0.03979328934249767,0.03911489886977742,0.03959847149681193,0.030571360612176357,0.03824960639493362,0.03870143420265797,0.03987533023094691,0.03681320069430802,0.03258840400843105,0.03962181979695764,0.0347040678661855,0.03919697536182599
60,0.000304085,0.03983919013249119,0.03651570600739927,0.03981994328028638,0.03982685521524405,0.03943505611878767,0.039985401740479265,0.039933409438102696,0.03767200551437221,0.03985582540158003,0.038919851847380435,0.03895800908749453,0.03716085098673838,0.03898341560548583,0.03854295549305177,0.039097328043249946,0.03998893121261978
61,0.000293488,0.03982339500179811,0.036754167122696094,0.039613984509364854,0.03968668073826852,0.03920331446129256,0.039977118798920776,0.03992364824389427,0.038001685609329115,0.039771661429458885,0.037813722831534044,0.039095575124606985,0.035666641079027187,0.03830097445084317,0.038665384587768546,0.03919895598740266,0.039990128526001256
62,0.000284384,0.03999567687889658,0.039378162169507486,0.03943351660578008,0.03965098037992264,0.03889576216518119,0.03996705621202781,0.0399923347186123,0.03491320846920086,0.038653283870564756,0.03856429240862262,0.03956586603598138,0.03643714570313933,0.036109168682249504,0.03915048563801711,0.03746284804797517,0.039933886083104615
63,0.000238352,0.03989689324718808,0.03976121525877198,0.03787875653189901,0.03844581586277382,0.037499059951255964,0.039575020143819035,0.039193088976714544,0.03730641092977997,0.0399769088801675,0.03814661489071673,0.03803073463476019,0.03953122163757922,0.03954595661819434,0.0378026459223767,0.03971244867735302,0.0395801273998376
64,0.0003284,0.03930605834034692,0.03623182321839499,0.03947717400060958,0.03982055410955395,0.03934864799648917,0.03947678697923089,0.039225668145284304,0.03755534982058003,0.039892115524999903,0.038990767860339656,0.03831698870084814,0.03776383055171481,0.03999798632162024,0.03848854344471167,0.03991092277501844,0.039542932268527356
65,0.000357652,0.03842808946719988,0.03489833365209484,0.03965287909385712,0.0399720508564323,0.03964507154861616,0.03906660141097292,0.038794466215263626,0.03866821714773843,0.03965270037346368,0.03902595457763133,0.03772363334312098,0.037473276211929,0.03984941305426825,0.03827985844882693,0.039954386713673136,0.03911642859505467
66,0.00033687,0.038689480324157546,0.034900084417655214,0.03939859933949061,0.03987748868355014,0.03944734343099135,0.03955360557766028,0.03916007287631398,0.03717784418746817,0.039875955824691486,0.03941515109570217,0.03774716967386659,0.038503927890465243,0.03999959241504973,0.03875107541272078,0.0399385834871793,0.03934145488304976
67,0.000389177,0.03980626376326178,0.03463925852813779,0.03991857439883145,0.03999968211103064,0.03989772027732175,0.03908391618738188,0.039815435028796475,0.022458800677614466,0.038273693310944865,0.039802897093964874,0.03962496257875872,0.03705946008611165,0.03635722700696886,0.039999873407363905,0.03918181691044307,0.03982382207937133
68,0.000364098,0.039999698945460384,0.03905018582265949,0.0397267549747398,0.039962195632432605,0.03969492426136122,0.0390669441737836,0.039973007782866096,0.02869126916100427,0.038946451905607686,0.03999909890536396,0.039253538983209,0.03881129204831648,0.0373575562620313,0.03987757444604271,0.039657258546262696,0.03998908764922423
69,0.000470157,0.039117499128915004,0.037267237474018666,0.03996118674803164,0.039744986140816,0.039962653227245626,0.039375120007082015,0.03999911159530489,0.03544250409712699,0.039676983329739915,0.03995660775144992,0.039325691402797305,0.03836358864668658,0.039170503069655534,0.03972617487175885,0.039646127682876765,0.039970801940197996
70,0.000764052,0.03395729271408124,0.03291777202467394,0.036467647083631954,0.03494582299584706,0.03640221553388115,0.03806052978802182,0.0396053568587924,0.033684041971883766,0.03857141632246669,0.038950450628840894,0.03997750407010667,0.03340936728003524,0.038361578656293534,0.03998756578559083,0.03735217670209717,0.039823818735088404
71,0.00066204,0.03551628261510811,0.03428572220542675,0.03874269020424073,0.03727997308562131,0.03840308813774487,0.03995979312772229,0.039819489001646516,0.03892544229379227,0.039996792733581914,0.03956114337916408,0.03875944010359052,0.03705354168903546,0.03998692389328099,0.03941138524571662,0.03952575654589705,0.039718756284685665
72,0.001333467,0.03401610092861573,0.033546876191736394,0.023130097264608712,0.017081704736143746,0.02138114712719917,0.031076846754727105,0.036116749786639535,0.024705795901636615,0.033999432363551296,0.03833198217460933,0.03926065000914586,0.015172536802841946,0.03276550902047348,0.03786495815352738,0.028709509422979146,0.036818055500661015
73,0.000340957,0.03660465869396235,0.03589501612365993,0.038482339929131346,0.03891604682999374,0.038688378130086236,0.03913526756864109,0.03694217022553181,0.03969013207106273,0.03766460710544202,0.039958047897215576,0.03441944965004637,0.0396199749022274,0.038375858732749096,0.03572130169291826,0.03851028063819335,0.03644586157673814
74,0.000461253,0.039335077220096035,0.039061832567103924,0.03945641642080168,0.03999648568011065,0.03976637885842716,0.03815959915628365,0.039980883908424886,0.03554136502927288,0.03968473497002845,0.039981700445237495,0.03927036316456067,0.03964029585541968,0.03869655389059497,0.039841943445951926,0.039758965066307286,0.039975584084618924
75,0.000434714,0.03807155003445342,0.03860801468085484,0.03843011169168779,0.03992563672924671,0.038947006867625644,0.039215784178937174,0.03984922896109888,0.03154378325472672,0.036170016826788734,0.039951933523127425,0.03999835304919475,0.039464455203127254,0.03747052507429016,0.03999960509061684,0.03936360321002266,0.039958546596870814
76,0.000397934,0.038191364322645346,0.038493081198796075,0.036742802563698974,0.03618964472811853,0.038396673589990896,0.03959432624193041,0.039182066944762235,0.037105915417275925,0.03999890084437464,0.039998851556364484,0.039103523563765924,0.03989020946019012,0.039975928780103365,0.039128161352097485,0.039790285401900424,0.039425758752769505
77,0.000784569,0.039808916317696445,0.03996657451234124,0.03999363134089039,0.039969036793193725,0.03920784580404475,0.037213280909150145,0.038326130131429416,0.016558835884304526,0.03678752859934181,0.03991044419456175,0.038849234691662966,0.0318145836034725,0.03269145417120592,0.038681005740394576,0.038280850726797766,0.0380979564351481
78,0.000349992,0.03758896306184921,0.037194035232019765,0.03640036913114053,0.035048151276973846,0.0381049190552535,0.039522052747849395,0.0394992513752159,0.03661337579899532,0.03999202830862194,0.03943754603807058,0.03716186077639666,0.0399925021816907,0.039952815965007375,0.038488462572498765,0.0393574492493312,0.03970555026304948
79,0.000431481,0.03735499201780107,0.038444887441957024,0.038393705268077574,0.037311845780267534,0.03959923333457578,0.0394224981362389,0.03994411311468187,0.030392234235083762,0.036960616233213575,0.03965268138984081,0.03961229381252848,0.039843189659776006,0.03096296974656154,0.03995248483691177,0.039788093750540814,0.03893070109365259
80,0.000358562,0.036058293738513686,0.03618002146995758,0.038582323549225875,0.039809791987245234,0.03890385982021714,0.03987047560346984,0.03977760603102235,0.035688458886816696,0.03036319052480184,0.039768304070309665,0.03977108978765128,0.03967346648206052,0.035800227719426675,0.039363253050839,0.039937155007278305,0.03989115068623234
81,0.000386208,0.037522480498350136,0.037736184911240776,0.038516022547750675,0.038135106933080684,0.03925530550071463,0.03910019530552442,0.039944794654894165,0.03495194526631104,0.035724929085009405,0.03988464880400572,0.039447151090183555,0.039825605916952424,0.03013764228129974,0.039522514189926986,0.039847334982260896,0.03990798672367255
82,0.000440872,0.03903322777531684,0.0392060074719879,0.03935046786871804,0.03903607311616146,0.03979232172967092,0.038528168798194304,0.03985287794675152,0.03533097180576915,0.03862178599342632,0.03985640106139826,0.03983060636798328,0.03998695011156044,0.033763472035035186,0.039770687409581285,0.03959917799108646,0.03997327309433594
83,0.000426262,0.03899638635738542,0.039350834357624,0.03923169618241432,0.038916787187138285,0.039754497539553665,0.03996788067204449,0.03958541302752491,0.038585601362649255,0.03997418695129305,0.03948184575324253,0.038941777499111936,0.03999498372597728,0.03993514316722399,0.038539998365966596,0.03996370458899751,0.03940623711103272
84,0.000711161,0.039305308635434945,0.03932961419629742,0.03944826037164316,0.03966671417787072,0.03833119494733628,0.038336085180629094,0.039590698597900986,0.029967909452089117,0.03845843632322547,0.03996801854119809,0.039989844199454845,0.03591441002809595,0.03612499203396155,0.03997064479078245,0.034803789074236965,0.039624652091405574
85,0.000441943,0.03940678963240667,0.03884365523897135,0.039822141393901694,0.03999999896711133,0.0399499514629762,0.03999942138260832,0.039770279564139054,0.037449142340672634,0.0399200306978208,0.039836520182933585,0.03845507793670633,0.03991476796623559,0.03954928613231364,0.0389913087819306,0.03858990906004458,0.0397677401559961
86,0.000610088,0.03999979048297502,0.03962557115963449,0.03973411917577228,0.03870189097124239,0.03935441723284433,0.03883189516436269,0.0397841101191659,0.03195096552432139,0.03835990184076685,0.039812158338859656,0.039940579740031866,0.03854318042418122,0.035361534578158646,0.03998666275873104,0.035506808745640564,0.03965047044665287
87,0.00060561,0.039976596441462606,0.039836454057584174,0.03984922676345701,0.03948775169690776,0.039656468821899826,0.03956500950829151,0.039909918534643776,0.03529511981355021,0.03907943407285243,0.03999003199399003,0.03997004785528056,0.03875765812668132,0.03782217607593696,0.03983040049147286,0.038251361054212875,0.03993942890387856
88,0.000412758,0.03908684889035147,0.03746452371927397,0.03901677705021794,0.039813693935968564,0.039540791458770715,0.039902300980468985,0.03946946971382273,0.039256105356253734,0.039998699846459214,0.039887988078200785,0.03886973729144069,0.039979111924361085,0.03967508259363666,0.03820683960541629,0.03999686266340067,0.0394992672623682
89,0.000462379,0.039722140164316536,0.03875790647515928,0.039405608430830956,0.0399588057039859,0.03981370001632265,0.03911409357238843,0.03991963254262187,0.03633044318525369,0.03850468367459054,0.03999014417728308,0.039966436594570394,0.039178831800748076,0.034752460840749885,0.039618485142741626,0.03872104924953065,0.03994960020603216
90,0.000467644,0.03944485736701793,0.03775158108051132,0.039251383944380346,0.03976934539613042,0.03978058142178348,0.039300910676678034,0.039964948378982325,0.03652959958452778,0.03878011448264876,0.039999639556569704,0.03981767577199961,0.039069318012028474,0.036431933604710434,0.03948253115778253,0.03827962067008156,0.039967046710948764
91,0.000629082,0.03989456315563072,0.03949446400163853,0.039992900363348585,0.0397959277519878,0.039729641473506334,0.037532415353004986,0.039519349389949734,0.03317305134521957,0.037749463932896285,0.03975479343680729,0.039999167733438305,0.03560163496805459,0.03316756384060211,0.039994862440820664,0.03617891577908687,0.03929968452005729
92,0.000368566,0.03900550815970015,0.036563440668504206,0.03812914724782881,0.03883261207011754,0.03899066513135749,0.0398473449341972,0.03920109601959032,0.03978889694202856,0.03995511864923304,0.03966723118485051,0.03745923364477291,0.03999998904878913,0.03991736943674345,0.037465368679046845,0.03993960195009884,0.03921859404614654
93,0.000376008,0.039263687566719094,0.03727590808598523,0.03822178969189133,0.03878870284598104,0.03914282523988926,0.039858282703020206,0.03924811820160575,0.03958908296569568,0.039999949428397234,0.03937405096455748,0.037620032772530954,0.03993292575049492,0.039668099412844195,0.03772934029471835,0.03989071185728269,0.03935384467405169
94,0.00055936,0.039873619635499874,0.0394291804343794,0.03997273062723623,0.03998931822617172,0.0399455600987907,0.03880830976893378,0.0395673079803036,0.03374593534681415,0.036826432376461965,0.039994226478076114,0.03999999857787948,0.03919001537052059,0.033819670962174225,0.03995351023471163,0.03892115154933387,0.03963538186288613
95,0.00039618,0.039812530505271296,0.038204047074430786,0.038814069463507975,0.03960497335934872,0.03943984550644871,0.03979855316224066,0.03999235183541822,0.036794654948305125,0.03904458414330833,0.039246154938921717,0.03953281878687973,0.03999530601164958,0.03636176280017868,0.03922942862582397,0.039969268832210754,0.03999887066901107
96,0.000294633,0.03559884068551288,0.03265210114676478,0.036830143344372394,0.0381549345738619,0.037824220299957086,0.039991451793653134,0.03954294379228114,0.038288711713819076,0.03993084438856865,0.03929534854472318,0.03862886632922892,0.03926142181030051,0.03716492191685783,0.03813087944739101,0.03988186514956606,0.03968189211402159
97,0.000239248,0.03397812718084815,0.030326565535389143,0.03510881619965808,0.03643601997220476,0.03610033135336384,0.03907242799308107,0.03815855906625641,0.039833207034857834,0.03983867254802973,0.03604835886316534,0.03703737567814305,0.037896860340653295,0.03998019536879336,0.03601868132919511,0.039503094013601865,0.038182011047166384
98,0.000296324,0.03681949879414277,0.03379866385443327,0.03686509552080506,0.038400293729165216,0.03789134835451334,0.03932079578592283,0.03865109099244522,0.03949063856367927,0.03998711069057379,0.03839886994380696,0.03788912337669277,0.03934354103248966,0.039781076975537406,0.03730736707223475,0.0399227746742714,0.03886630093080398
99,0.000283075,0.0365716886881619,0.033901982631584615,0.03714419033072924,0.039137305768774625,0.037862203909402016,0.03906006068671175,0.0384487493481558,0.03972012135052328,0.0398727998389972,0.03790668573514561,0.03749107955677001,0.0393954166355398,0.039956574664486766,0.03706825835545479,0.03924478576363777,0.038530856118554835
100,0.000486685,0.039934958010441154,0.03895156078274766,0.03997606563939485,0.039479059526805554,0.039977939855475375,0.038400434700971334,0.039578880660116306,0.0285465692734984,0.037393010559479814,0.039741660899121276,0.03999249480740642,0.03908189772089664,0.032211459906989065,0.03999551076549781,0.039835898275783904,0.03958522550458187
101,0.000323922,0.038683235961964456,0.036822087780628454,0.03857885670561219,0.03969229961340453,0.039055808558905114,0.03855274250490641,0.03997792247814936,0.02941228566711672,0.038544765910879186,0.038967445195411746,0.03979935946216116,0.03987559569078519,0.03027368825673074,0.03958185912430139,0.03954798143178027,0.039976211852676045
102,0.000263047,0.037281924844504474,0.03441060590487212,0.03783021574984796,0.03889638844690654,0.03803141273775863,0.03876297890981633,0.03997462356058848,0.027039802991812176,0.03469363658945783,0.037867928576951905,0.03940201064612452,0.03927250576229079,0.02550409088681549,0.03938410588393006,0.03932439099613666,0.039961661823889875
103,0.000240074,0.03351231943672974,0.030368286645798475,0.03726495586626634,0.03757197834431493,0.03717756010090463,0.03962444382671946,0.03867775334277565,0.038103902499849,0.03961320331777163,0.03867410227101013,0.03726383277133829,0.038446416350079705,0.03959895096564882,0.0376362219404965,0.03856441974697683,0.03887235342215214
104,0.00096234,0.03928004500574921,0.039953514110238876,0.03215475540062486,0.02504068841654812,0.03161114368694515,0.029542918312245786,0.03325892046404304,-4.458909761545504e-05,0.017916813248032584,0.03938529678722332,0.03701248781220548,0.026539614958154475,0.01814491674379859,0.03532236203592011,0.026770932318360904,0.03329888928778302
105,0.000287069,0.03481285821483414,0.03334349528061764,0.038054972388731845,0.03937473470851732,0.03834785069315995,0.03882184642865637,0.037894602711262,0.039828162858130574,0.03980260981705848,0.038851057066689294,0.036520405350638614,0.03967572423720565,0.03998142510992222,0.0373659187039962,0.03982990810304584,0.03790957799254747
106,0.0002406,0.03418843012085027,0.032971687745976384,0.03684232897730398,0.03861978166244386,0.03719630041212105,0.03840559119352602,0.03731943551540149,0.03998474496850802,0.03952187434189009,0.03912031980875875,0.03611530291049972,0.039483786031686424,0.03996429358390581,0.036465148793096834,0.039952734383892005,0.03742615494168149
107,0.000488879,0.03970062956912891,0.03881640055410239,0.03999476457295186,0.039931714233164405,0.03999889239431137,0.038923990603720544,0.03978518731649999,0.032316571842502695,0.03655128771039509,0.03992381693581033,0.03992122143993867,0.037230475648283495,0.03336035816037375,0.03999987050657806,0.03304540129295974,0.0398584922735369
108,0.000338661,0.03832782769195421,0.036747431907745834,0.038270341421824935,0.03889263376763484,0.03878746000925424,0.03985806650163974,0.03882637117720446,0.03944422189009511,0.0399419653882426,0.03994157239633747,0.038295474581486154,0.03988743000528905,0.03960203843281361,0.03828361414664957,0.03965245150668834,0.039004361545197694
109,0.000411061,0.039554588706427855,0.038067877161368315,0.0394280798944623,0.03979422091498472,0.039744545846455114,0.039975176281615926,0.039131061837693895,0.03981039852074337,0.03941126045539912,0.03999551861636617,0.03842606806520755,0.03939618102798829,0.039981832948013864,0.03833505097467274,0.039995690574438185,0.03886069806960962
110,0.001297147,0.02238717888712949,0.0318724323783484,0.02795170652273138,0.02666329589357533,0.02462902146060393,0.031339975415187404,0.035876756713945634,0.023236761793137883,0.03545382053007812,0.038180030471148,0.03833253525517225,0.012353122196776506,0.03276482991573053,0.03824697743734714,0.031036739000266267,0.03714071525982143
111,0.00067907,0.038247477496880754,0.039766724423784906,0.03968283619201272,0.03943518452819769,0.038714049311158134,0.039871256230735834,0.03971912097625893,0.038931892743903296,0.039942648904188686,0.0394412798104992,0.03882935239300174,0.03655030187255058,0.03992445319913773,0.0393554030476155,0.03983964673084297,0.03970450796317225
112,0.00080158,0.03519797905133147,0.037926798424483196,0.03638610789083334,0.03568268146693657,0.03598383995244507,0.03507491564991036,0.03880457149329602,0.03283414615073213,0.03401718877811133,0.0381574358616087,0.03998062224384209,0.03055134846331589,0.03450161815211128,0.03973540615096328,0.032284049253740774,0.038858175528604384
113,0.000633772,0.03922157652872061,0.03999978844735447,0.03976154097439491,0.03997800727439594,0.03978010076887516,0.03434482465207911,0.03797203041837545,0.03145838583353547,0.013842775673732627,0.038051904455425445,0.03983306406782371,0.035093327441253194,0.02877949137002883,0.039827535284314305,0.0288788181791982,0.03832066150797867
114,0.000452466,0.039973892721141935,0.03882938147577984,0.03859667715976241,0.03900869087012811,0.03934521273318654,0.03940277431377612,0.03993970298354155,0.037061512665407706,0.035546598081840824,0.03974293251688857,0.03931291352170774,0.03920114569966144,0.03508126616942803,0.03966111231690909,0.039040001371272226,0.039986287306850665
115,0.000370363,0.03957002252897365,0.037459188443030825,0.036757164288143976,0.0376407666096948,0.037981134123875826,0.03999727949907135,0.03964238540993811,0.03928420602127213,0.039806616163156304,0.03943029591138757,0.038541197812043695,0.03971290963451193,0.03875077533693023,0.038812360907111,0.0397514504889194,0.039635327027707626
116,0.000350916,0.0394077574214388,0.03667449715311857,0.03554523495580926,0.037700557932204934,0.037372663668816364,0.03970999593349326,0.039010184273725455,0.039622403731501166,0.03991354818163009,0.03942757301408093,0.03742869604464075,0.03981204517416769,0.03999711632097677,0.03759428979863209,0.03892516974253685,0.03904226907050222
117,0.000340516,0.03778143157230809,0.034183152118217805,0.03497811185089946,0.037503342353624805,0.037387341492384984,0.03965257357401509,0.038202561633313085,0.03964472810167571,0.03934585699244042,0.038534010260259946,0.03768000914217291,0.039965318971981176,0.03998323422224383,0.037412101189547756,0.03858605850655737,0.038860117439968866
118,0.000421368,0.03954185133797089,0.03724953810494007,0.03825472375038924,0.03983783051123372,0.03940414327787527,0.039722288039553764,0.039955027930726084,0.03503468560689675,0.03919493805062662,0.03965737893456486,0.03984027423597905,0.039960134404018056,0.03860185658142968,0.03933413152758922,0.03999302475702471,0.03999786433145622
119,0.000406612,0.03942018429562642,0.037422321395932406,0.03854433044458918,0.039830897462577765,0.039509128030724906,0.03705806573683845,0.03980784365206943,0.02688761476546002,0.03233664677791012,0.039861499189993314,0.03999751906488564,0.03999312017526656,0.027063347681261965,0.03984183591572188,0.03933064230859494,0.03914447878905526
120,0.000271122,0.03756512789784541,0.03529070455745806,0.036511218216480595,0.03812754744122451,0.037528158825583566,0.03977648561854779,0.039600381951708244,0.037762863411318896,0.03682781172219818,0.038174408056903156,0.03787275407573128,0.03855483406126768,0.03370277525344989,0.0378157244393385,0.03964187570864075,0.03984374685955456
121,0.000388889,0.038630132741645354,0.03623575093022345,0.03942133215930212,0.039989379787665355,0.03968732072502814,0.03881039307472462,0.03999674726687202,0.03714867339476502,0.035974883989832576,0.0390369351852515,0.03885312314054508,0.03992582009152905,0.034695847942333505,0.03907480642716973,0.03995354215117402,0.039998315917990135
122,0.000563518,0.03999415121545506,0.039387839830372764,0.039830314352650185,0.039553555766559036,0.03962810375220816,0.032454198157326,0.03843850732552343,0.030718363768450538,0.028163505737204553,0.0399873037973314,0.03999646533338873,0.03828171991595229,0.02641141836389753,0.03999499625193856,0.039229497246795454,0.038280010767132604
123,0.00030592,0.03704283518492235,0.03535329946185692,0.03817320892956477,0.039084874461725,0.03861679136852794,0.03943236813685678,0.039491061723942,0.03943009462241692,0.03916030450687404,0.03885952693257363,0.038270093062463664,0.039785063224333894,0.03841088759644198,0.03780802938670967,0.03941468958679284,0.039721315960279655
124,0.000307223,0.03783026625738577,0.03654155000964305,0.038286915252543206,0.03874795966944423,0.03864114512056655,0.03998541035675252,0.039030739691312336,0.03982206190325519,0.03991805886365548,0.03798187891859766,0.037928023830097225,0.03970113071922927,0.039868742030024114,0.0372660515384583,0.039591519676310555,0.03918778961061773
125,0.000428181,0.03986078996093083,0.039372149181339244,0.03974059264621369,0.039992510484570566,0.03988067141488447,0.039781744607861894,0.03986832770845295,0.03819814677105605,0.03895853216095305,0.0394069493621104,0.039509308667867726,0.03976471227452667,0.03896975182355329,0.0391040430203229,0.039790664895479895,0.039936066501434504
126,0.00031227,0.03867985937922934,0.037946538209413516,0.03803951932710041,0.03895265123930619,0.03856752767216434,0.03973879416475214,0.038630946627695444,0.039437887707487386,0.03999789668911225,0.03870457288210045,0.03837823235720181,0.03984633954451941,0.0398318060360565,0.037953922547314264,0.039870465151730455,0.03914104466742624
127,0.000357663,0.03968582225916701,0.03916392579514444,0.039062966686943194,0.03959062267577698,0.039373479240867114,0.03991741355710009,0.039878117594826255,0.03465133487437573,0.03916151125834585,0.038831483788757955,0.03956985548693061,0.03999884384274484,0.03780406298560524,0.03954220133026337,0.039955764462648875,0.039981654155488607
128,0.000401453,0.039998168726721434,0.03994538006003326,0.03947829219518704,0.03962391960592112,0.03975455330281859,0.03942171458778986,0.03995345648449757,0.027611406216982923,0.03703699790250639,0.039998186049082556,0.03970640197909914,0.03989815813437026,0.03505779700570355,0.03990147442681241,0.039431162104446596,0.03975199322195424
129,0.000467708,0.03940592284798304,0.03988320783072301,0.03992689983502199,0.03997905458750436,0.03999946066318603,0.03903057695327579,0.03981998941072419,0.028726374746689903,0.03486352560359536,0.03991415441392769,0.039893772517718,0.03887686431370533,0.03118933539058044,0.039998733166703944,0.03743224728938692,0.03899289727483184
130,0.000406603,0.03999955694329784,0.039996316949509836,0.039794742578818015,0.03996494945799513,0.039880410994572645,0.03992869195403861,0.039733417299199866,0.03899699340685813,0.03942450699622507,0.03973961100034238,0.038672145062300926,0.03976594765234565,0.039314120192338264,0.03886496829993641,0.0393354709721893,0.039921977404756684
131,0.000801973,0.03439247625377079,0.03663981844132441,0.03666742474497818,0.03517829383922952,0.03596370737909829,0.03829190290766479,0.039086574738937924,0.033819735292350064,0.03579828550438681,0.03890277080983879,0.03996403029226998,0.03211080908678078,0.035373905424278915,0.03992322700530767,0.03167921974874069,0.03891658892952184
132,0.000549382,0.039614570539943224,0.03999732489037231,0.03991531365488355,0.03967108179253167,0.0397610910587065,0.03997702167226457,0.03969298719760215,0.03953507548998132,0.039981081642432345,0.039950367780691096,0.03887270035147556,0.038659822273611186,0.03983734385319888,0.03904702464680019,0.03897466614682399,0.039742618942296526
133,0.000496726,0.03977644369781689,0.03989172825944695,0.03999715402951597,0.039999421414950484,0.0399833967097333,0.03995574837804038,0.039509956620173224,0.039503146782367056,0.039999933439844954,0.03989079863365143,0.038667766398497755,0.039140034605089115,0.03992786198481595,0.03892236561532253,0.0394974697926865,0.03963787405260947
134,0.000417264,0.039998526105208446,0.03929599316903848,0.0393840672591191,0.039259196847436145,0.03958887075310016,0.039959203175496,0.03950640285786639,0.039206975391128704,0.03998496060097086,0.03998816309889745,0.038605856223252924,0.039832825567639306,0.03990476771214468,0.038794001725333586,0.03991752479484193,0.03957258821945107
135,0.00042912,0.039834853410413915,0.03937594636345372,0.03903568055596103,0.03904942497082658,0.039546705291046015,0.03982362734673652,0.03995888977657106,0.03613266010720392,0.03891032993391314,0.03991487668311899,0.039303890949691354,0.03942593337278681,0.03783290976417389,0.03971741626978921,0.039562944532517734,0.03999999022271755
136,0.000453281,0.03999935304877975,0.039716467673785824,0.03914037356266731,0.039122123666922776,0.03970570671514658,0.039591457691056674,0.03996985658443919,0.034417186242060915,0.03813960242355083,0.039690796951131334,0.0396650295716396,0.03840297229423197,0.035489267202699765,0.03998293241954664,0.03948184367088793,0.039868641468397886
137,0.000471883,0.03998874104076124,0.03993247839742685,0.03933453295839794,0.039575444144816604,0.03985845405363955,0.039998950332755745,0.039974396373614,0.03649514400691739,0.03942081821151766,0.03998542722438164,0.039155185175971365,0.038283860760914175,0.03893192605447964,0.039688011344182386,0.03987499647520278,0.03999899810306442
138,0.000428477,0.03903946121709326,0.03791565930705548,0.03882554836736328,0.03904065698566213,0.03964590550261282,0.03982383906621536,0.03963891434838289,0.03777562380930005,0.03996200396204328,0.0396991850054198,0.03860276725760288,0.03959746979430248,0.03951890783183266,0.03916961664707802,0.03999999249316156,0.039830960854735815
139,0.00048332,0.039751844189546956,0.0391939112376275,0.03977893965964585,0.03989530565976471,0.039987976799223945,0.039749229809711954,0.03985866995032648,0.03204756852439902,0.037199401587811584,0.03994937768470144,0.039840620990391755,0.03918005226360545,0.036033078356908554,0.03997778420531088,0.03878660568435953,0.03959965824529563
140,0.000294581,0.037339316909656715,0.03564230950446294,0.037131963626930484,0.037606303205955954,0.037879176239525664,0.039447188865329136,0.03918416782675986,0.03907028093136248,0.03991873726468935,0.03896181551566913,0.03773857179591408,0.03941926412149134,0.039601545663384974,0.03816704078883687,0.0397574748749153,0.03966944012890737
141,0.000499228,0.039977332369222233,0.03957837920400747,0.03993251744622309,0.0399949940883622,0.039999192156448045,0.03939837833531261,0.03970935418780549,0.032980159916673246,0.03675739235426803,0.03996025130760179,0.03997595071600723,0.03920084845188152,0.03492842045090597,0.03999691801513572,0.039509247957790934,0.03919762789765204
142,0.000360566,0.039315810099601556,0.0384724138430156,0.038573006197258994,0.03912088451845086,0.039098960420143644,0.03996925503084655,0.039987620759581705,0.03615098714594116,0.03887441677836686,0.03850437907124748,0.039332844826739106,0.03999823419387573,0.03713333010951386,0.039462682670871455,0.03992259823603442,0.03998498463637482
143,0.000310322,0.03900219283317799,0.03810329639735113,0.03757832256224894,0.038754015548383806,0.03837161887089857,0.03959326530397618,0.03997935715099795,0.02801629669231666,0.03650392996877157,0.038699597786708666,0.03935800496324712,0.039997958396144735,0.027389606757031948,0.039826775170534776,0.03999985525715519,0.03963874348735685
144,0.000303503,0.03920325198157676,0.038114655919280115,0.03761092345567375,0.038050186806249546,0.03821583478894218,0.03995717748930282,0.03999492105816694,0.02455168868865122,0.037262869621253886,0.03835470373694952,0.039294545633392276,0.03999560649981811,0.03256321213343648,0.03984232187770055,0.039974816821104785,0.039838593234612495
145,0.000351825,0.03991378539639995,0.039414881084002915,0.03864712396729584,0.03924037444469898,0.03915708593873267,0.039852007564491365,0.03985453093678118,0.0320259294459985,0.03944642435270749,0.03897365111896199,0.03887581342038109,0.03965740218515641,0.03868485851912801,0.03956782473394529,0.03996308508008163,0.03999796985204095
146,0.000278723,0.03921945371275243,0.03858305785272989,0.03721994973907945,0.03808012511258284,0.03787945185655142,0.038788797123070914,0.03872859468141118,0.03821629268773104,0.03991910092260281,0.03764377308775444,0.037300145101015925,0.03998782964769619,0.03991393127691546,0.03831123668103782,0.03970208199490541,0.039361430915042364
147,0.00034036,0.03998370674151989,0.03972234689847046,0.038949823672860005,0.0397142341839055,0.03923580516658653,0.039900222546631496,0.039912862896721656,0.03383803792460639,0.03949622799143787,0.03845276037400508,0.03896558616649843,0.03973006134694233,0.038306713062305556,0.03964310724181793,0.03988419942114667,0.039988074922739605
148,0.000214194,0.03804373779977031,0.03731830385054906,0.03542766040379467,0.03672993494788568,0.03603137113762271,0.037681685383763555,0.03719743272147319,0.039617888416634564,0.03874736184176831,0.03615637807158811,0.03521587139609078,0.03894283981728138,0.03987116863204789,0.03655754118042169,0.038657721860723235,0.03815743887120536
149,0.00032517,0.03999737117919506,0.03990634166047209,0.038981268036222566,0.03978058844222428,0.039162429657609535,0.0398870444890727,0.03956382864638372,0.03521594841991246,0.03995539305909366,0.03938405469259127,0.03818005468846357,0.039974825849705874,0.039546194588667274,0.039049699355142645,0.03999477253911664,0.039806146287454686
150,0.000538957,0.03641043249667558,0.0371188817558208,0.03964579060091521,0.038872829312039114,0.0395808576376349,0.03676764745409783,0.03884314313776655,0.021637237991939146,0.03776832959707561,0.03999977843145373,0.03999640962013883,0.03588244293087316,0.03248887931089549,0.03977473666170394,0.03435048492182177,0.03870874515637941
151,0.000313078,0.0399145721348897,0.03996398292099732,0.03892702131474152,0.03976056987658877,0.039060479107667634,0.03965676691735855,0.03855613297882311,0.03986211884359983,0.0391627915569082,0.03978704388461144,0.03628432571700446,0.03998970183073588,0.03995816627154338,0.03739435367086373,0.03994278301888171,0.03865547145101099
152,0.00048748,0.038383552270602056,0.037700069463860765,0.03988553731177581,0.03909951480144891,0.039865505932980605,0.03994639540868762,0.03934634647694811,0.03985889434810112,0.0396123840665116,0.039994679246826766,0.03748616291734147,0.03868063515763067,0.039975641601907995,0.03842938662962486,0.039442394184911876,0.03930385072494193
153,0.001176001,0.011579086685836015,0.013374963790059535,0.024545171138742702,0.01705894559257959,0.025074150890352073,0.033790174350416854,0.03740851058127527,0.02969258127503191,0.03638761650290731,0.03893520388772758,0.03967784998438568,0.013858572400458735,0.03459958381726819,0.039071986683288186,0.026711612108410485,0.03747425749931087
154,0.000528309,0.03722889964415105,0.03729745239517619,0.03988941559069119,0.03962744439827019,0.03979213370109283,0.03998705388576816,0.03931142963062656,0.0398078176690652,0.03963483997930407,0.03996165163168699,0.03757530629283112,0.03802197443895904,0.03999562897054322,0.03855808945571093,0.03974176748570484,0.03949640041221687
155,0.000463758,0.039554987679311156,0.03990863758871653,0.03998477365341313,0.03999251613446327,0.039995307149198335,0.03969957280635689,0.03971748711156389,0.03949937261630334,0.03990366601543501,0.03999601763280838,0.037783603216267586,0.038855850798986076,0.03992010703851287,0.03886558499068031,0.03966162246889187,0.03978802024464037
156,0.000466038,0.0399044809833407,0.03990405830270254,0.039649742157818565,0.03939309151699145,0.03973659855005189,0.039665084625289816,0.03999194470545115,0.03842639826165153,0.03977604708618719,0.039970955700997214,0.03898184620248888,0.03795036826118783,0.03948572089290161,0.039399659370870393,0.03908972506569093,0.039994455080184024
157,0.000249623,0.0376131730984043,0.035447111958290096,0.03392501386203199,0.03473405186052223,0.03531501612562786,0.0384890823668167,0.037102276748305615,0.039939988809077044,0.038664504122755905,0.03844438753676942,0.03570702659252942,0.03995192713166265,0.03973234682025194,0.03634073859173727,0.039285873457807235,0.03803517933014154
158,0.000210905,0.03693822870281972,0.03483585859497372,0.03237061392042782,0.03467634411335621,0.03388011265120695,0.03878119585959827,0.0381530362352059,0.03994230710283111,0.03877819742279444,0.0365345665619629,0.036723692206771394,0.03971413782778102,0.03998106824487855,0.036905653955396564,0.03908389362815266,0.03866607374755751
159,0.000225738,0.03793876286132715,0.03633320550367989,0.03267691371934611,0.03439151284498841,0.03454473393502577,0.03896995463196065,0.038873635532668885,0.03846467671332543,0.039289546406674286,0.03681896010899299,0.03664477438938313,0.03969687639610873,0.039998054339374894,0.03697065259419097,0.03945376878806227,0.03950309531285811
160,0.000279406,0.03948523781881158,0.038534508221747664,0.034935053234638955,0.03662265952895223,0.036977461787168826,0.039757037746869194,0.03935455542147645,0.03667121167337914,0.03988481423836186,0.037694765474044656,0.0379943972600541,0.03998965114641254,0.038478998114321934,0.038426416500117126,0.03998387499320591,0.03996983491155375
161,0.000262254,0.03825490066254808,0.03811493768278508,0.0366639867973345,0.03829877386626444,0.03750753384219705,0.03978773179541602,0.03990402011855982,0.03859201869420683,0.03980813547809404,0.03683712185931657,0.037825699461529444,0.0397460720904046,0.03853115485523931,0.03801936308827665,0.039999597387619226,0.0398859085219613
162,0.000331698,0.03978558695974194,0.03983864093820283,0.039015918216470526,0.03950651423074848,0.03928737876733523,0.03912094713929831,0.03932009751201532,0.03635091664374389,0.0370883877269344,0.03887829591847998,0.03906653715974519,0.039991205274876734,0.029799951419950135,0.03930939355817877,0.03925487202221428,0.03837923505965616
163,0.000222198,0.03819671231863578,0.038541062172062865,0.036835802954218816,0.03807717062316917,0.03691075590449558,0.03999935633277972,0.03976386928804426,0.03988261510460797,0.03999953315914088,0.037160744971849013,0.03689094490401222,0.03829931705844314,0.03677037806364242,0.03698524576570842,0.03988845822574634,0.03994108886673405
164,0.000250197,0.03923360069077374,0.03956565153307755,0.03828321750977831,0.039093299462006355,0.03796773353931868,0.03984877392242377,0.039957166704822564,0.03890918343296045,0.039956429221375565,0.03637058838334728,0.03851656095304445,0.03948462767196693,0.03775779840218872,0.038138869425264996,0.03970119332540671,0.039999687410561424
165,9.7e-05,0.03131050314597276,0.031070222967925575,0.029595068087329333,0.030396575950735985,0.02910024941140002,0.035334185497854845,0.03366523974427209,0.03822070002467104,0.03508311579927304,0.030106179277832677,0.0305305644534489,0.03319192685751504,0.0375927376094447,0.030093996398237784,0.037357954813123255,0.03444122418262577
166,0.000243366,0.039034506324290605,0.03910424847176637,0.03776904007653241,0.03870128103341329,0.037614980761849715,0.03999982611745918,0.03974226457472846,0.03657332341678875,0.03999627330931047,0.036370611068313574,0.03831167690415159,0.03995984866268738,0.03874518879011555,0.03844400792943921,0.03858807131626814,0.03998210850419056
167,0.000243103,0.03928912937672012,0.03949942045907794,0.03774810377701511,0.03848929679284735,0.03761979656242091,0.039811716731108664,0.03953373948617833,0.03813847890054611,0.03979016581985628,0.03562592559998551,0.03782989948825671,0.03998714276336362,0.03938885392427309,0.038325835858431995,0.03974440374996571,0.03992744829167925
168,0.000201153,0.03860542453762107,0.03902210027807901,0.03653553241383926,0.03804282025354025,0.03635274321769469,0.03880581369902836,0.03853084788979225,0.03973187947573174,0.03894874542702281,0.035073087491413135,0.03547860270970814,0.03999661248827597,0.03996941219371182,0.036912361667645235,0.03978430734147364,0.03957928512033029
169,0.000238485,0.03943901525085371,0.03937669338679892,0.038187853730265356,0.03875790666712463,0.03782162393457605,0.039995223207261885,0.039986133411133634,0.03619253361433221,0.03997168094568338,0.03641227550210359,0.03771643431510076,0.039584702987460224,0.03581144400227859,0.03901805478674818,0.039861172849203555,0.039555870353873174
170,0.000161612,0.037223609210263145,0.03737052169836402,0.035397572466988214,0.036652114868456646,0.034639611090613184,0.039360403388119275,0.03945394494078577,0.037661977945166326,0.03998530510735068,0.034102725365731,0.035490651000374844,0.03964612867364912,0.037222679178247786,0.037222671237507,0.03998113952401593,0.039960633712811965
171,0.000189771,0.03871322656699968,0.03905592651428674,0.03675671774561473,0.03748327511375908,0.036071928343250924,0.03959831141244827,0.039592341810678236,0.03723803036101399,0.039999458337214855,0.03664823367207479,0.03692916244669989,0.039994976314028034,0.036753497173058536,0.038204381128362636,0.03970345731262362,0.03981045428409899
172,0.000219837,0.038737796384849976,0.038472252226016496,0.0379985209414172,0.038528003070848166,0.03723675315649676,0.038977541909326154,0.03928143056689386,0.039235070311574596,0.0398620229801396,0.0380634926439473,0.0368416685747029,0.03944246093581787,0.03986279339648153,0.037909299011925454,0.03946172321960242,0.039953923843711464
173,0.000298328,0.03995801145044466,0.03994279232890848,0.039443414207385424,0.039932036086618675,0.039185501055041844,0.039699158836755635,0.03978155930838312,0.0381928534782115,0.03998827662528951,0.038244787298360866,0.03804154340037798,0.03659726107144984,0.03943388382795442,0.03911295573717412,0.03692654545462917,0.03999912509317378
174,0.000245902,0.03952603463735946,0.039616283812430333,0.038612765932579604,0.03941673332850695,0.03812206428027445,0.0388227871658495,0.03905079610139641,0.039454877387330986,0.039445597003576326,0.03799738145613929,0.036251377216490493,0.038873630637062145,0.03999351813099712,0.03807147415705626,0.037819624879549686,0.03961472740808145
175,0.000271566,0.039942304821832385,0.03996952848112772,0.03926127885762913,0.03975702566597495,0.038767745303614265,0.03913300075914254,0.039358887642978096,0.038581238157052014,0.0396598146097311,0.03811033405349569,0.03652746641240055,0.03802546122900114,0.03994578031412037,0.038601986226002194,0.03656739008808832,0.03985138597280173
176,0.000457635,0.036774409041355066,0.03560861355743322,0.03951237739049723,0.03878212034676994,0.03985268295778681,0.03976946644723157,0.03969381676454798,0.031059550575480488,0.03951433038117596,0.0396406410375996,0.039503573976668926,0.02914208418531815,0.03720337209011779,0.03998811825023373,0.029736798790118382,0.039005526981085496
177,0.000207063,0.03896590691661459,0.039535633487376626,0.03730754472510857,0.03828996799399857,0.03662334638290891,0.03680443212462116,0.03683227825265606,0.03990179587800599,0.03723567749451581,0.03814829755849774,0.03356589661425148,0.03999483689080483,0.03878893381154616,0.035665823420309266,0.03995287033158707,0.0377548886777343
178,0.000379587,0.03935944489894726,0.03917391942032355,0.039990769074309554,0.039728331396489173,0.039907755599147804,0.039938437819953244,0.03995690351178008,0.03745837275010577,0.03999942624135264,0.039252298431847354,0.038884194107663014,0.03268726756697225,0.03944480940811343,0.03966958895713002,0.03657042789498839,0.03995763464843789
179,0.000349705,0.03962762084767436,0.03969281531857844,0.039728654627992396,0.03988873275948773,0.03954859302605062,0.03960320241122798,0.03972909854554074,0.038277445584275815,0.039936170763150106,0.039089974536460195,0.0386208074941157,0.03300013430714527,0.03993863035214854,0.03925038067704644,0.03810741170961608,0.039965555764966486
180,0.00027236,0.03997355624867828,0.03999244962392684,0.03818668643049203,0.03922090173660821,0.03820204932995744,0.039047249649860616,0.03897180224424017,0.03840497395389128,0.039306642005270384,0.03880316291811704,0.03739103495117814,0.036820167175320745,0.03999907394959827,0.03847791573560945,0.03955771931009678,0.039604743289688084
181,0.000242433,0.03987177556932729,0.03998068304002102,0.03744245420125261,0.03796897799519503,0.037276830308950556,0.039887041228176,0.03994806485767993,0.031786741275177804,0.039985541710268684,0.038006133016059304,0.03842927201930556,0.03594337494029001,0.03879110343657879,0.0394618186751798,0.038620333302279514,0.039964767052891086
182,0.000156151,0.03673138559340884,0.036402201350017926,0.03314522151856276,0.03453124333401325,0.03323785504968465,0.03809039390518886,0.038663377759187656,0.03764479824831084,0.039425638931043186,0.03490636781758404,0.03515932991670704,0.03941585951969565,0.03991713123219316,0.0371740772118417,0.0398666641783791,0.03976667623063295
183,0.000179828,0.038220003150677063,0.038221432275668515,0.0343186969497873,0.03581119008348733,0.034630007509202004,0.03822376012236478,0.03852955764677145,0.03908792763933598,0.039351413044812586,0.03506120827782478,0.03609281366016805,0.03927123588597071,0.03992558307922225,0.037321688006947074,0.03943039067482893,0.03972794276708977
184,0.000138509,0.03665716743480117,0.03678647342907643,0.03249797605001836,0.034168903957130806,0.03237840576750775,0.03653381420042451,0.0372729175218216,0.03991469814652611,0.03830602906652845,0.03334779895191559,0.03449114959429649,0.03987234398107853,0.03950286677478878,0.0348102706928743,0.03787911004026332,0.038643722805937766
185,0.000213089,0.039120141135131875,0.03954157258376884,0.03646505189759447,0.037997046299927215,0.03653536113060215,0.039963673419956935,0.039923231860091245,0.02842806381867835,0.039980380503084834,0.03642990914302195,0.03832125825652418,0.03912405849872098,0.0362713812782052,0.03891268463379635,0.03993868125167015,0.03940760530525512
186,0.00014569,0.03670595892593126,0.037630936026333925,0.03381039655227987,0.035019488792618014,0.03343983410480172,0.03788974826111463,0.03747438604497592,0.039178574416330846,0.03793555244050403,0.033325391598723934,0.03413591908782043,0.03950520638991939,0.03988813099761395,0.03523953077761966,0.0391813577380299,0.03909022648432729
187,0.000243046,0.03988587115809572,0.039962526343995296,0.03864249918644995,0.0391017104691557,0.03810425709889252,0.039798732938451514,0.03960071713119896,0.03713148333499133,0.039765137989497906,0.03671783878549909,0.03728813797109416,0.03960435574898105,0.039857546673922994,0.037975640359511016,0.03967398283765394,0.039982549969246974
188,0.000178544,0.038077675035694106,0.039402463773847166,0.03679556905325592,0.03716027507245896,0.03577863063020261,0.03944719673578246,0.03908945459468714,0.039210605829438576,0.03960615259205609,0.03569192942382592,0.03551800185945252,0.03998235935458485,0.039857746440595705,0.03632573047956137,0.03936034088296331,0.03981239443759227
189,0.000145321,0.03695639200729724,0.03885425025587931,0.03524745747940916,0.03582681235051704,0.033973380750331315,0.039434847091379725,0.03873180807706926,0.03956298220498444,0.03959195986483963,0.0329469936612134,0.034326215794789026,0.03967839124520012,0.03936532258496645,0.035329788667643476,0.0383846906226908,0.03987785980994491
190,0.000191794,0.03872632016597977,0.03950764149645459,0.03746898798585586,0.03787516426531432,0.03635819397551404,0.039645449999931325,0.039060529085499014,0.03911377996463528,0.03942658846750134,0.03505120825318102,0.03621633524965748,0.039970779148188744,0.039891574851158476,0.036438450434743044,0.03941189168970968,0.03985683833937625
191,0.000159854,0.03768314836290236,0.03838915354226462,0.03582349632410012,0.03682349664772075,0.03469435071873642,0.03737428625578717,0.03669995157658619,0.039999642567567065,0.03734476940823116,0.03405603028135953,0.033917164522050305,0.0399946599967448,0.03906173872204276,0.033865715113032935,0.03979865607451602,0.03824846342380972
192,0.000159763,0.03804816347687849,0.03895325958381088,0.03570759777575297,0.03664536191755739,0.03471961034516184,0.03797262912206019,0.037483815908557566,0.0398084737021617,0.03827541992157796,0.03356218069671652,0.034539785075238666,0.0397897186762069,0.039841056209259866,0.03485698827837179,0.03999103204307615,0.03919799388989209
193,0.000113429,0.03513542654060817,0.03669036271628422,0.03272701583140121,0.033508392932189046,0.03143398457215586,0.03547026564264943,0.03535481923477747,0.039790828020207926,0.03638616956677361,0.03127588550562299,0.0314098713706672,0.03938831158244631,0.038597311603452006,0.0319877052891408,0.03971276841459518,0.037626011814409485
194,0.000209952,0.0395217870465204,0.03986933209442889,0.03796016839217711,0.03866452711497077,0.037131348952982215,0.03941139759502462,0.03919441933477116,0.03818338498159805,0.039557524581742234,0.036072381860705494,0.03670247235708193,0.03907064433723691,0.039823097649914825,0.03723419543089608,0.038687911095023966,0.039994583339305084
195,0.000200072,0.03950586272410163,0.03994655106560517,0.03790317140980847,0.03873641249706015,0.03683599867530922,0.039563432180771255,0.039308717660030176,0.03770041839231891,0.03967649710316053,0.03646231228008475,0.03662605150716031,0.03877556301335122,0.03971853098891114,0.0372458721280332,0.03840573484956008,0.0399912730195532
196,0.000153927,0.03771719079493423,0.03901266129508271,0.03596433630146987,0.037136261614501974,0.03462557563589949,0.03886520078162285,0.038247064405012736,0.039028008904283144,0.03908134909742468,0.033872366123746056,0.03451133861424535,0.039994380659372754,0.039990109681124784,0.035480048875433094,0.03952301899656499,0.03985485064130583
197,0.000235141,0.0398983098079226,0.0398470199578885,0.03901642417629447,0.0394428790809889,0.038086345862386226,0.039966654057351406,0.03982688434467862,0.03623990409891446,0.039999972699814396,0.03736317337888409,0.03772173310175338,0.03888502786968639,0.039201643446464235,0.038265144756942655,0.03684661172812881,0.039881728588416716
198,0.000194322,0.03903351272031037,0.039971796227224174,0.03777188811415069,0.03848657867153134,0.0365843632502144,0.03821568932315745,0.03800337955993427,0.03996099144926288,0.03889207807575647,0.03637115725246658,0.035184642384858286,0.03980631543476662,0.03967257422506641,0.03589663919505584,0.03979348546940932,0.039104563063620534
199,0.000413885,0.037188523383101274,0.03042114320912949,0.039526977559342535,0.03861094012421753,0.03995998687880283,0.03963039402504356,0.03981923517794002,0.033927317136801555,0.03931094217312129,0.03947237006180121,0.039704570484785595,0.026166486107727857,0.037545561528141924,0.039942747669059954,0.03142021355248176,0.03898182981145195
200,0.000193962,0.039223054052792986,0.0399695741260829,0.03760007170780211,0.03833022770743397,0.0364304022924111,0.037360349722221464,0.03659103862103875,0.03984239519988895,0.03713667138666369,0.036677787905830136,0.033828138140263225,0.03999914028691847,0.03849071060559961,0.03490953066869586,0.03987450183083383,0.03767828630739352
201,0.000398087,0.037265410668430934,0.029770434663917114,0.03987729138923784,0.03916585638688186,0.03999997453649216,0.039805413468441506,0.039997847784407306,0.03380119288744961,0.03996808828267941,0.03922311708701169,0.0391100062889818,0.03426317479793832,0.03912078323334142,0.03982028809535584,0.034844618728217036,0.039704141888246225
202,0.000203303,0.03974506924976452,0.039603030202622,0.037370854893971864,0.03836303679167466,0.03640613682882991,0.037592097586466505,0.03680351435161189,0.03997034995797747,0.03739504203515377,0.037095989391457765,0.034706263063756626,0.03999728488092261,0.03853390091818537,0.03612725483266251,0.03993318750548062,0.037997632921610916
203,0.000249976,0.03999531804317203,0.039565602009100906,0.038411030897365334,0.03886966343865547,0.03792708659094504,0.03843469754592661,0.03767446829214856,0.03917697090912497,0.03826237823156828,0.03801007544000548,0.036351015296314446,0.03949004040737097,0.0392122374038853,0.037632304628355984,0.03995737401233166,0.03873675070824005
204,0.000401659,0.03723027606748251,0.032587970943142905,0.03999744193885192,0.039977493349652816,0.03994241715260028,0.03989101440462151,0.039997505850109125,0.02834777166946871,0.03994209706898236,0.039574556813246814,0.03928895895783843,0.03363107544740154,0.03920730080049339,0.03999498036462102,0.037946334461850244,0.03978174269950954
205,0.000206397,0.039681851783650274,0.03999970322547883,0.0363510973003094,0.036635730850886505,0.03615629738950327,0.038595849105802854,0.03810359570833415,0.037247095417685144,0.03872295393483075,0.037346996717714534,0.03378505936938858,0.03987021219170592,0.0396736394699476,0.03809864621886714,0.03998465150360831,0.03927771154431117
206,0.00028847,0.03960353433139042,0.03812575910169784,0.038721600831722484,0.03877878739417835,0.03867622654895479,0.039999049564184756,0.03980260750002044,0.030570264888986426,0.039952536282961346,0.039094022955578026,0.038125465469388053,0.03738971556159963,0.039457771329373996,0.039835195140648975,0.039340398367413744,0.03992878013435818
207,0.00031606,0.038871531309385525,0.03692205765222907,0.039406581127764184,0.039577416098111905,0.03914855622728652,0.039725468912348,0.03943981441595352,0.036738627489043024,0.03974769414606251,0.03946187312139478,0.037894400146575816,0.03801206161532881,0.03996313747190149,0.039172768340321684,0.039984935930573104,0.03987327482672679
208,0.000745948,0.01316630261740237,0.002297096408025223,0.036084079567805155,0.034282892172657065,0.03609791695467969,0.034991101344979986,0.037413851470344525,0.018645410699054454,0.03630066296876425,0.03990000364565852,0.0399079000703439,0.013059782134164366,0.03282626647315243,0.03781868055943252,0.03153834431859076,0.03499034786706838
209,0.000273338,0.039840388875977364,0.03992735376140167,0.03870973472286687,0.03932277559706722,0.03838000380361016,0.039398653933768735,0.03834796859419849,0.039999929927081596,0.038473529908058676,0.03867282772484812,0.03492909965611122,0.039691883832170975,0.03937277956777826,0.037420768657124084,0.03959158914190498,0.03897972868777194
210,0.000229021,0.03941500880341234,0.03947755432539135,0.03723067613908837,0.038269945723803725,0.03701073831253553,0.03889825121916765,0.037194295630566185,0.03978494187012552,0.037523844580879095,0.037466943170126,0.033620999454225954,0.039995650674897916,0.03872657505007922,0.0359680284491268,0.0392861529671191,0.03813560122867369
211,0.000265791,0.03997690088433026,0.039999653356349536,0.03772848842087099,0.03762804488628649,0.037495640372305995,0.039579032116497236,0.038723585846196396,0.03979133308313579,0.03907662290753729,0.03820683582560262,0.036848450072451196,0.03963635455390965,0.039733908706248225,0.038088417216542825,0.03999123407211874,0.03923434788921912
212,0.000242102,0.039928285790565045,0.03999943662380567,0.03650677891937741,0.03870691021347976,0.036702091670924045,0.039280200974110197,0.03845988767731394,0.037612225581238536,0.03891884315520572,0.037196464390605824,0.03770753390873968,0.03969572860446644,0.039769536063506215,0.03861949147767835,0.039931112950295354,0.039380221591751696
213,0.000147184,0.037277308165828874,0.038350147435468065,0.031704023673399355,0.03444091567389701,0.03223166059355042,0.03653557878275255,0.03558322360939689,0.038218172450626295,0.035343780003202305,0.03428774145730034,0.034254499705614616,0.03882610908223874,0.03824427075277877,0.03644429344045613,0.03875877852232226,0.0375043981930005
214,0.00017676,0.03872015845727922,0.03926605443352123,0.03364512698841002,0.03617752429441724,0.03417683138604309,0.036184930277264694,0.03663737910055616,0.03804891214967923,0.03627387511372171,0.03514901242876642,0.03368078811863451,0.03929227211519557,0.03804158237767399,0.03632612386885389,0.039129309955673694,0.038292345050194854
215,0.000291647,0.03984425592292488,0.03924969021805401,0.038068469849714764,0.039458776351337294,0.03851753816897918,0.0388976085225743,0.03912940669231437,0.03504840888963033,0.039304418309381355,0.03766209542846726,0.03722118398067373,0.039726460556980404,0.039992113666428714,0.03893128744887714,0.03977603796973639,0.039979789544508745
216,0.00031488,0.03932287401357987,0.03807427902337364,0.03958118419225681,0.03999996834255313,0.03937532800835179,0.039495280772892584,0.03988282086113708,0.03376407086300007,0.03999423247083947,0.038500509681529196,0.038351494570303735,0.03951340270973974,0.03974821797983437,0.03939895858015212,0.03618513683083267,0.039673057212646454
217,0.000311419,0.03948884118751476,0.03903976203387871,0.03971411123506851,0.03999816240161514,0.03941138992134457,0.03991476949673183,0.03999512754364962,0.0331894896103814,0.039783446815287726,0.03878291635517899,0.03892025749445137,0.03965990071083748,0.03852189502208501,0.03945784695187175,0.024873387264659638,0.038952130548213844
218,0.000203129,0.039389697783955985,0.03928642685471792,0.03732146224368269,0.038217601550513944,0.03658545220529329,0.0383917715023876,0.038615219385945865,0.03990573891915421,0.03886100986842894,0.037076297695663715,0.0355032233523251,0.03961713773064188,0.03993761520810061,0.036098320287584675,0.03526465072016305,0.0396045068817172
219,0.000309099,0.0398664732185651,0.0395200913360461,0.039656982721234454,0.0399942983791339,0.039275244634496734,0.03998842863181918,0.03995810025682178,0.03797408055760005,0.039992911201714255,0.03809206228317771,0.03812799797345717,0.03795063103344368,0.039081918099162886,0.038901537622948554,0.028311848204500834,0.039857824143678666
220,0.000202237,0.03823259665969832,0.03764002013836668,0.03692216298560133,0.037518178648852624,0.03619959847249864,0.038605084576796275,0.03834667276648238,0.039846593461941804,0.038471957808196136,0.036386928463006805,0.03483108328136904,0.03972516141831034,0.039835171220534246,0.03645808193349734,0.03871859478989355,0.03928894800771649
221,0.000184238,0.03755880627308904,0.036371128335525894,0.035693629534875815,0.037253241751525425,0.03531184526561282,0.03871204571313441,0.0383530706084567,0.038120800609507344,0.03834648749377524,0.03531334637762381,0.03523995104993448,0.0398746927868721,0.03989962581712785,0.036744630381463736,0.03914092218123841,0.039503853708684006
222,0.000159341,0.03681399657499664,0.035855325720377196,0.03413279019367542,0.03583107675586716,0.03386830635820937,0.03787708076073799,0.03805867153622112,0.03679647784432455,0.0381840003882469,0.033882617939607854,0.03550216288414709,0.039975201922750433,0.03990996157040469,0.036396402312982135,0.039156141474465285,0.03962267791187178
223,0.000115135,0.03442849273626679,0.03327122241307842,0.031033772191705597,0.03216148605247834,0.03083213499877797,0.033643852954742065,0.034342771901700354,0.03995888915517091,0.034983250829688436,0.03171018310488839,0.031111619505148326,0.039607472601794626,0.03775613049261545,0.03248469568838487,0.03975993552660083,0.03728578214547288
224,0.000136681,0.036229305778940464,0.03544305340513065,0.03321135011062749,0.03445472954649788,0.03276606286105056,0.03487255279944483,0.03536737452895854,0.039965611747507956,0.035692945479575265,0.032062213981217905,0.0318044225741799,0.03963486168031963,0.0383735135375917,0.033327305506975255,0.039831968132193474,0.03788847393915423
225,0.000208418,0.03941657512877077,0.03922896548304117,0.03745380689073119,0.038086899418818876,0.03681917615854503,0.03922779106866354,0.03935680368548369,0.035911977882596174,0.03936677897063187,0.03608771855288572,0.03648931806559791,0.03992129155345625,0.03983000878303182,0.03760862368111319,0.036909785651369514,0.03991595636948455
226,0.000243759,0.039724424177124545,0.03924064090306477,0.03870422508395277,0.03920805823694079,0.038156139428696736,0.039952342033096215,0.03999977784167973,0.027922643449731485,0.039985953871633166,0.037314546000205936,0.038182619814948346,0.039212125746701174,0.0364767291509733,0.0392295768093356,0.029232104931821337,0.0372974245845691
227,0.000147195,0.03681535322951021,0.03618209117236312,0.03554318022130342,0.0368462248718529,0.03421621131254619,0.037776435575653175,0.03729248473193653,0.03993692487969444,0.037119320518851154,0.03401989633076602,0.03297312855620506,0.03959287147591951,0.03949721283767405,0.03466445743447816,0.03993005655956486,0.03932887731155449
228,0.000150872,0.03674615557086892,0.035483822994722275,0.03594331374941144,0.037092717788853244,0.03445523903945695,0.03726248540533056,0.03675963460661332,0.03994878977738501,0.03690791342087786,0.033657783929534044,0.032895645543822176,0.03973234999199274,0.03897104087657319,0.034128338277016265,0.03999204866402143,0.03843490548750919
229,0.000184143,0.038592887227802096,0.03782861177751593,0.03742880594418226,0.03767906632750159,0.036088033274964966,0.03917970569245282,0.038803325878076986,0.039293939161290904,0.03915158973714593,0.035231288772597937,0.03601046252240138,0.03986246966599209,0.03999471344971262,0.03686254984536726,0.03744181636594486,0.03991325946433899
230,0.000240604,0.03990487498859864,0.039715078499202874,0.03901251349531054,0.03912751004375219,0.03812463810268289,0.03992676170220222,0.03969373430141279,0.03667646256799288,0.03980485178661788,0.037069741615436524,0.03814765048029861,0.03774755533044813,0.03954016821417553,0.038766409753120346,0.03417364311533905,0.03973693558047536
231,0.000227528,0.039861977564065613,0.039798302107507316,0.038608321205404764,0.038751252673584785,0.037710180166321626,0.03873830885715887,0.03812884218708962,0.03958298153660813,0.03793457290499307,0.03627797548922648,0.03628288986641946,0.03895453230141704,0.039486116220070706,0.03700709316592564,0.03995206581583819,0.03948756011829564
232,0.000231017,0.0399569063988306,0.03990528036034363,0.03863156033850351,0.03885191941521088,0.03781995723794738,0.03845403146360196,0.037778848725793485,0.039614033511080046,0.03759111670931088,0.036579822709734144,0.035804360597318244,0.03893956098476485,0.03923698810983681,0.03691393350874672,0.03994157221249782,0.03921666253616801
233,0.000194453,0.03935274403339047,0.03886802414980063,0.03749050221121749,0.03781210758731129,0.036441857547727406,0.03885885657435183,0.0382460598159767,0.03796943474605119,0.03830875453336825,0.03499295679771582,0.035937575945243425,0.03946464159301259,0.03988162733517544,0.03780072710668392,0.03998641801046058,0.039864386693086826
234,5.31e-05,0.027917997236083854,0.02640377819023008,0.025236070447862524,0.026273557862428985,0.023886060627917982,0.029572428022526402,0.029041531839471092,0.038649296745763395,0.029340733673921003,0.024938279907662102,0.025098884707050954,0.033744581591980155,0.0333903436756289,0.0286316396292854,0.035007408998126335,0.03385363630343208
235,0.000127335,0.036693167827103974,0.03542723120728451,0.03348213934943442,0.034629793233032106,0.03229197452438761,0.037524196628033746,0.03738565541951598,0.03721230373247328,0.03735277075640027,0.03358159355299555,0.03339667503508052,0.039921116538298315,0.039658705778894285,0.0369887119284841,0.0399819801276895,0.039727069596172164
236,0.000114705,0.035928557037097304,0.03505709136166172,0.032170191023692105,0.033509272083107604,0.03120240679903878,0.03565901410573523,0.03543098388329573,0.03876686884164957,0.03539129306012691,0.03247973063341218,0.031186647625053535,0.03973075632397102,0.03833383002526203,0.03489249338136691,0.0397779505702892,0.038191232865741165
237,0.000242431,0.039999998299584595,0.03997351891060476,0.03867701246202459,0.039559831634372405,0.03809471231066683,0.03949992530287472,0.039198948707621,0.03479517554806559,0.039195194125781055,0.03746555241465051,0.03681899395311988,0.037462977532085925,0.039990666875557156,0.038984197396690415,0.038168648166784974,0.039999528007299785
238,0.000297943,0.03991543839897805,0.03979128177582339,0.03986732783531786,0.03999873537991149,0.039413856264615486,0.03935862729369932,0.03905617225219296,0.03848391259231197,0.03891041837822101,0.03867968236873369,0.03712934581536342,0.0374538059193279,0.03980978397797077,0.03858818468743691,0.03909236009434645,0.039831521423205556
239,0.000556162,0.03301910305262909,0.033671297584230916,0.03584455316799333,0.034154994126521884,0.03815224518969376,0.03926501554435867,0.03975480730898688,0.03143399665429093,0.03982201698423842,0.03999031467828448,0.039778964351033216,0.023585631810452715,0.03876018370143621,0.03996313855004349,0.03114624744498383,0.03888555773795157
240,0.000414438,0.038709189788450456,0.039508012668806346,0.03892934895231109,0.038627744827576325,0.03990757522367549,0.03987342447844099,0.03995529868250132,0.036720401963715954,0.03988942461598683,0.0395813956868735,0.038410534901243534,0.03323870563201775,0.039805311686062085,0.03972439036191126,0.035706521061578414,0.03993999208177242
241,0.000250336,0.03979794776869393,0.03920914633704853,0.03950319615459151,0.039678895959806816,0.038403075687541637,0.03971975190833671,0.03849204557951457,0.0396048248890174,0.0382319000440654,0.03796329187512143,0.03526263761040849,0.039601332982749184,0.03963663717573804,0.037687754335594,0.03904723103863908,0.03940864536644262
242,0.000225544,0.03650573133131436,0.0351921273795016,0.038032312280143046,0.03768527007170446,0.03694240934663735,0.03959890550663737,0.03848760744348586,0.03955428708723412,0.038281071019983806,0.03725669984103458,0.03574482027496315,0.039607741547583494,0.03965357178027642,0.03773275838390058,0.03809669211111697,0.0393967077973814
243,0.000193147,0.03543796611570972,0.033357437236585824,0.03554330275984325,0.03603699379208852,0.0350534223442482,0.03799752096878188,0.03694906392288187,0.039999361637224694,0.03694166833033616,0.03693325499844312,0.034501733277982935,0.039254413435977936,0.03863629756475199,0.03631663746244168,0.03957702729639786,0.038230077741523566
244,0.00021632,0.036578118204789,0.03506442190130207,0.0357717548819272,0.03702428901193555,0.03596073511321142,0.03800169802892384,0.03710305288788057,0.03993270919833235,0.03685035810332975,0.03655330466000319,0.035376278128819647,0.03703242800868334,0.03891306938448787,0.036752878126294034,0.03998424222548459,0.03844851115032888
245,0.000220243,0.0368750192875503,0.03568473329451907,0.03593137620352053,0.03735136862319617,0.03625372440393994,0.03791755638131249,0.037290371799000806,0.039545240281974765,0.03677555240632254,0.036441475646781116,0.0355443077972054,0.0375187861221499,0.038834891187887965,0.03666707076250753,0.03993409785224624,0.03882553102713031
246,0.000170698,0.03536664991024396,0.03393713956979191,0.033869765928009735,0.035795665207179694,0.03426036915820338,0.03740686007975953,0.03663693208301992,0.039099721359528924,0.035965268585676426,0.03480899501020239,0.034416378012858774,0.039782915154341146,0.03889584847354559,0.03580851874800525,0.039562197231949016,0.03907329699639317
247,0.000181562,0.03399539165795065,0.03431308825377133,0.0356835722399126,0.03721402052154038,0.035363406662642975,0.03940060489889356,0.039065650480508904,0.033193392975388133,0.03879693219873834,0.03550166439913659,0.036615075003932795,0.03988640828883212,0.039964060649628305,0.03805717655995994,0.03999713614216005,0.03977338474640155
248,0.00016477,0.0339433650041819,0.03432300415972138,0.03556379340971396,0.03688751004555811,0.03472854478625588,0.038994555351085466,0.038686550852538616,0.036384444533653124,0.03880616049157245,0.03514018894413998,0.03563667178490947,0.03975605951117181,0.03999727500448604,0.03727643076687728,0.03976282730205521,0.039982437483364296
249,0.00013659,0.032972554980619094,0.03371208609567797,0.034034000326111,0.03541857608323868,0.03305418347664034,0.03761511965460667,0.03732775013380153,0.03860643267410341,0.03768379791095774,0.03366617485203706,0.03364965420106876,0.03866437235298632,0.03958103789738026,0.03553371753805551,0.03934622820135113,0.039615685303041055
250,0.000142311,0.033893492508067134,0.034080194786918566,0.034642840516271645,0.03539788672075318,0.03352596015188906,0.03918134842228311,0.03934391832932507,0.024380333671610813,0.0397352223587758,0.033231564548786736,0.035341392705206406,0.03962620941587844,0.039611806680019464,0.03747519750193372,0.03628591844858278,0.03954449673355574
251,7.85e-05,0.028734029845174966,0.029093232677062913,0.02888938854246012,0.029229963675748517,0.027707419629542956,0.036029511084568984,0.03640592991972376,0.03813598518123547,0.037393899711365974,0.027882811731343222,0.030196887444973473,0.03716477726234696,0.03998239855366661,0.033253233385011086,0.03813598518123547,0.0397971240276307
252,0.000118104,0.03220482459743464,0.033206348005405575,0.03323476786546121,0.033638498728443045,0.03193086262882244,0.03696795553370559,0.03687487067473324,0.03869189378772876,0.03678194163420885,0.03103945259334374,0.032511367908474226,0.03961297503965582,0.03963562543392588,0.03449705086759332,0.03690652560372884,0.03918494276053877
253,0.000139352,0.034344106120210834,0.03537897925895542,0.03517262241494357,0.0354698638201376,0.033672919108724685,0.03663365281578017,0.036367702855812145,0.03999973068471231,0.03565599631356018,0.03240297835984173,0.03316137873990041,0.03995905368126142,0.038588795476451596,0.0340131262326689,0.03999805493534045,0.03832919546598681
254,0.000150039,0.03566099602257192,0.03673653823698103,0.03606193361078534,0.036900044810123746,0.03453377582009347,0.03826274265066883,0.037563009487375495,0.039722507937070835,0.036816333468230704,0.03344737368263069,0.03462404626853644,0.03999082297760092,0.03966374505714285,0.035352098118459165,0.03981328698308617,0.03949693200992925
255,0.000130674,0.03493453470450475,0.03620185756382902,0.03526726595709322,0.0362096994402621,0.0333695074751368,0.038371417110163154,0.037331171615175046,0.03934018007294076,0.036461105092613036,0.03244250083338298,0.033622932861732485,0.03975897363538706,0.03967612004248388,0.03494251379491474,0.03943627180913474,0.0394013738426884
256,0.000207821,0.038805935735618,0.03926945260543492,0.0389318103887544,0.03935766499790583,0.037486755449543704,0.03982002636295248,0.03934221441592252,0.03478016372977587,0.03891820164435737,0.03598548180146875,0.036553956583730826,0.038912054386914384,0.039976136085897195,0.037861320160720094,0.03502444967972208,0.03999905875453781
257,0.000146231,0.03632511788146987,0.03721712099141169,0.03641812240296922,0.03723647235936314,0.03444719291058511,0.03807503195107441,0.03724954874401579,0.03921196426576883,0.036764692083207665,0.034570636942800145,0.03330037749720021,0.03955273808735139,0.03944845681423622,0.03507632500229372,0.0368394547675871,0.03912578613696397
258,0.000156149,0.03689288020035099,0.03711046745601217,0.036956346777738305,0.03780398192819481,0.035009707808748194,0.039700216908580735,0.03942370016435528,0.0351704741568421,0.039358068569266894,0.034817550762068675,0.035476649785325935,0.035508010161990525,0.03906403303926925,0.03737193437729622,0.019560435969161488,0.03965976455319413
259,0.000157817,0.03745499911517156,0.03797990076013222,0.03669260996185036,0.03767789037754992,0.034922488580121966,0.0395726073020959,0.03959929401304388,0.03575729998549795,0.039627225070382174,0.03509240963534703,0.03588395853191308,0.03600102309274318,0.03868745410210109,0.03755211407310399,0.019034714324976082,0.039508919547583114
260,0.000169991,0.03814254678334822,0.0388431113090615,0.03700710247822156,0.037816844086966284,0.035520816546402406,0.03784440165172406,0.038136498726793186,0.039008364825954454,0.03834908320088139,0.03523579118322602,0.03485769628199763,0.03653215198938706,0.03987547469013468,0.03621502578522291,0.036950964035423056,0.03976230666044918
261,0.000178887,0.03873888229728113,0.039263817096584844,0.03736390668781048,0.03802754732671851,0.035950792381114156,0.0374235546328309,0.037948941748481256,0.03843980170233868,0.038262440737732856,0.03520088453316106,0.03535712697978631,0.03535304862561796,0.03975798508021028,0.036244666901096956,0.038922941530686636,0.03969068155735255
262,6.48e-05,0.028641078892096602,0.03051744584175667,0.027756388185175115,0.028632701213970147,0.026074866282294655,0.029311858992503527,0.03051614667041823,0.03916697155675975,0.03110735608545743,0.026202573231099972,0.026902643482223845,0.03813445538797647,0.03475479042010302,0.027893196301320547,0.03977989369608985,0.03434947885720042
263,0.000149005,0.03704700726547859,0.038372848623925905,0.03570775255417835,0.03655089589232985,0.03426310193948415,0.03747238890617734,0.038330445353604775,0.03786212167361156,0.038424093432317175,0.0337143373943419,0.03543260022745873,0.039270103804511125,0.03999615601811789,0.03628570750716392,0.02176701187318965,0.03990898777323546
264,0.000170702,0.038400692837797984,0.03949760507656552,0.03701425980813518,0.03787773195581702,0.035515204826354674,0.037291668257448625,0.03787440965735768,0.039714024834773765,0.03775031083429341,0.03454830527586508,0.03530785482204267,0.03797675018462755,0.03965637605300679,0.035923277449955986,0.03512744519532325,0.039347690067111044
265,0.000202144,0.03952725364527112,0.039998596114110205,0.03828791456122588,0.03929104564135954,0.03705038640834697,0.03872744288634217,0.038657683623372026,0.03867630055300035,0.03860030089401521,0.03602589149823292,0.036162652432429894,0.035797125920335626,0.039989226371275194,0.03705611940682231,0.03560921047677473,0.03977473015248182
266,0.000177985,0.03902672905548059,0.039771380962020327,0.03763100345844606,0.03838543739598644,0.03606447417795576,0.03964071196888748,0.0394969963622303,0.03362249096885736,0.03948109772012855,0.03557348257928552,0.03626301050312358,0.03883100892965297,0.03950665737372465,0.037469062787791135,0.027999346903150632,0.03999995853142894
267,0.000212855,0.039588893206790064,0.03982848163593073,0.03881593412820392,0.039182021441653773,0.03750637978087439,0.03998610118555716,0.03997402286822127,0.02861000667058064,0.039984152845060926,0.036654468665045375,0.03760901488777359,0.037242063454314425,0.03814187184729547,0.038686150925945045,0.029709750764808307,0.039647066462099013
268,0.000173263,0.038785145447851097,0.03908005106573846,0.03739424170214514,0.0373461494858824,0.0357433772726219,0.03708652906652572,0.037169183848594446,0.03998433142088423,0.037838371119225805,0.03478738544597135,0.03414253815308778,0.03903082254763797,0.0391588280522189,0.03525263450081369,0.03977009815913104,0.03833742905485626
269,0.000314405,0.03929859816519932,0.038708893087739046,0.03999999207941506,0.03997583092807315,0.039623844492726844,0.03980303211828158,0.0398519818508753,0.036938371094303174,0.039972501340258516,0.038170142277405346,0.03845865252165377,0.029020949472937874,0.03986041171523258,0.03911018989769771,0.0393792525570548,0.03999990290154772
270,0.000152213,0.03846820961322259,0.03919761077396203,0.03574594971681293,0.03622067124932014,0.03426985543506852,0.03775051335299549,0.03774127224219665,0.03861895231779612,0.038363805249468946,0.0339482294383678,0.03472902545579826,0.03993863572168444,0.039802727868126164,0.03620975034486609,0.0399813586310972,0.038969001355043796
271,0.000130285,0.037423351071004946,0.03792121527559955,0.03410161645942989,0.034835210753761406,0.03273156264169107,0.03839567054429678,0.03827336122078891,0.027168087161303395,0.03896924845712124,0.03331490801624924,0.034767420054506074,0.03994232383199399,0.03982765444752915,0.0373380598565843,0.039535722483895766,0.03989502827920494
272,0.00016262,0.03842156103068786,0.03826773397937381,0.03589635025913046,0.03744871886331991,0.03462991846947548,0.03815941769370791,0.03829247375318302,0.017696350229333357,0.03862857761152872,0.034779865827609516,0.03522747439461581,0.039882241727255734,0.03992713058314207,0.037588255514783835,0.03995986758069824,0.039526954192185396
273,0.000218002,0.03966450139742524,0.03925582262510875,0.03801052285287721,0.03741309855350251,0.03717449994152762,0.039530053814418084,0.039642181078614225,0.017876676696505153,0.03984132193140293,0.03686525698729968,0.03701082090316868,0.03741258779261139,0.03960226853414256,0.039072297870101344,0.039967750675550015,0.03999597025684624
274,0.000178964,0.03800915686271405,0.03805933640347092,0.03662442279446063,0.03582593504848493,0.03563236418827387,0.03999999758390653,0.03996298311884069,0.017466529095783292,0.039725642084440724,0.03587009018678336,0.03697735355123148,0.03788217972020874,0.03078267885252539,0.039369131945080876,0.03970312292705733,0.0391464361459651
275,0.000216084,0.03923883156010285,0.03899286631303797,0.038283847360172325,0.037608429295020604,0.037301732137778223,0.03996169210213216,0.0399519593115315,0.03231628999720999,0.03945161287356309,0.03750240791763004,0.03777725536975578,0.03654564528140636,0.03482045357869257,0.03921356487761847,0.03941373993588915,0.03890630081872741
276,0.000245206,0.038835517888916066,0.03795646424194064,0.03901040472565456,0.03834495136499079,0.03822554821901993,0.039287808248967535,0.03884782741092286,0.039077706222474584,0.039251446300572035,0.037569208584444444,0.036761537726803885,0.038287549434446046,0.03996389241267414,0.037460425403319716,0.03992194238946859,0.039514955372169265
277,0.00033384,0.039999998854857145,0.03981234785370427,0.03999598389413395,0.03976474029754829,0.039782960726736684,0.03995183914942102,0.039770831448771075,0.03505992947429744,0.03995269583142211,0.039129369095967814,0.03866458906065279,0.035150024481320374,0.03992188518695952,0.03910113982149772,0.03933219920099606,0.039948432809061386
278,0.000253013,0.03946851553586714,0.03846252154649808,0.0393303300908799,0.03961835078139724,0.03841598151219673,0.03940162882397276,0.03902975743057742,0.03574495201532432,0.03955393939060254,0.03829502965333581,0.03738346030248679,0.03902093389547958,0.03999324568170793,0.03842700344379698,0.03964217347193097,0.03947238561822042
279,0.000411571,0.03887878106527354,0.03969351367757793,0.03971140963006794,0.03924630208061986,0.03999437420841503,0.03992591819052195,0.03998604217859214,0.02792158368060084,0.039924116746896256,0.03971987616856884,0.039614242244266316,0.0339499685318964,0.03902112336005515,0.039985512886845986,0.03687277832712868,0.03988736945168634
280,0.000251431,0.039789902196216705,0.03942639831767089,0.03878816463901795,0.03903834425114466,0.03804489138255466,0.0385662520807408,0.03838209935859892,0.0389937616775333,0.038561966623297805,0.0378272972723733,0.03628009357112763,0.03965405296573373,0.03958386171837231,0.03748982263961406,0.03999971738264541,0.03859025969060136
281,0.000272992,0.039571847093932765,0.03870301734363127,0.03902934713542579,0.03956825906423736,0.0384943518792768,0.039997752549259094,0.03998256505843256,0.030993183291762386,0.03988066523828015,0.039206298493181545,0.03804742450190145,0.03778991403217092,0.03782467068716045,0.039373649634302024,0.031244242490285706,0.03998077593792432
282,0.000275443,0.03977370759245134,0.03888752896017651,0.03877564606945241,0.0397497823179118,0.03831471071019556,0.0399944044916217,0.039900683809019774,0.0351051616775995,0.039975734563789896,0.03961793486503659,0.03735057970968751,0.03904698332657399,0.03875559472513246,0.03877517518363868,0.030637542314663563,0.03998266918195747
283,0.00050691,0.03691721864858709,0.03928939244213095,0.03968592838009374,0.03951084773239658,0.03978262013775542,0.03999997266836193,0.03992656390939951,0.037040362206799085,0.03999081407629188,0.03995746086291026,0.038815362706261305,0.034304158103237864,0.03983159474432907,0.039337241514944124,0.037010241161809024,0.03997148252017923
284,0.000954466,0.0322985498451062,0.030213312732935427,0.03040969332455004,0.02860974203353786,0.030982797996155984,0.0372938948020739,0.03838496248640835,0.028428558239026347,0.03819591445915014,0.03948360764889992,0.03977364826029047,0.008354185477827125,0.03626202753756859,0.03953932517108212,0.030021609136318628,0.038339805322674204
285,0.000545873,0.03978176019286764,0.039879038256098294,0.0392212535864204,0.03883544564493471,0.03941455270606294,0.03981561606578239,0.039999116838840776,0.03683256969707241,0.03995537096834697,0.03998463384514536,0.03931006424158413,0.030945577639068092,0.039454918448020376,0.03968835621031127,0.03728086043593361,0.03999903138098989
286,0.000330405,0.037687796109106546,0.03659064046047224,0.03931110488780029,0.03889844613296822,0.03917817880250013,0.03999919902500481,0.03966014906563786,0.03838303321586858,0.03995085841636613,0.03923707457886491,0.03777049912866477,0.03961370581567789,0.039718764802002336,0.03850642310673334,0.039258433675064354,0.0397025768206386
287,0.000294978,0.037579218572484,0.03647527738403793,0.038125281891562696,0.03783087524077726,0.0377377481339759,0.03995263636722626,0.03999940478331099,0.03460112608326309,0.03895437930475939,0.03949896635793992,0.03872312961141177,0.03979340000293324,0.03830820547622529,0.03886026915230931,0.037282628943039034,0.039996249070483256
288,0.000177655,0.03365103267081179,0.03166909074099744,0.03213596129850156,0.03376337334792681,0.03269095843830457,0.03937226784787318,0.03873500271301921,0.03743970697912012,0.03983009378451421,0.03686396913389576,0.03627500512011293,0.03993145378860298,0.037100731592379435,0.036546401377545785,0.03947159165507264,0.0393875055947157
289,0.000204235,0.03393035049134255,0.0332314464904854,0.03295854166167261,0.035252724729702326,0.03406315889042151,0.039427907426798206,0.03902431122316726,0.03881095409219511,0.03971916795553446,0.036608199511222884,0.03753153049281494,0.03996765548120591,0.0390921572260718,0.036770453709570966,0.03998944358344707,0.038931908085805766
290,0.000226717,0.03571868104944819,0.035141011885376855,0.03385372907274205,0.03656118061638175,0.03529183695750743,0.03750689322741096,0.03712942154308367,0.039960433888433664,0.03696367521235744,0.03655624941750968,0.035537551261698,0.03996323109781705,0.03885320259080509,0.03438767788706413,0.037939788269946526,0.03665428300233162
291,0.000602227,0.039249177149420264,0.039489296327888807,0.0399721127005845,0.038426140166312614,0.03951105813132335,0.03730615127625682,0.038591015628250326,0.02664522443719805,0.039023621702424294,0.0399397538557449,0.039884141753244916,0.02910288905410914,0.0333790847126134,0.03998283974916276,0.038232212698374526,0.038580481829848724
292,0.00022252,0.035074786133562824,0.03572839765405654,0.03656169312843447,0.038382731600766475,0.03675355116097058,0.03988035814893259,0.0398633434092231,0.03759483478325654,0.03985609323282088,0.037285432615626814,0.03735180891663258,0.03917829110144215,0.03839391692462092,0.03698774844074546,0.0393708620361299,0.039828384842508814
293,0.000273331,0.03731406480073256,0.03726010556131125,0.03893246412517742,0.03958872122002007,0.03860151558671082,0.03267019558206723,0.03910554657409284,0.02523555320734744,0.0363204309388596,0.03914825399884274,0.039260634856985666,0.038986339917707453,0.024611688871561677,0.03901957891684218,0.03989510260550476,0.03918725537073026
294,0.000380093,0.038582642772151704,0.03781863755722032,0.039984972809421225,0.038769343275990575,0.039822907623412555,0.03741782574738181,0.038963143383035866,0.029560062253053174,0.03358716661467767,0.03946890340135465,0.03981908702311735,0.03998376406017236,0.032083704156165335,0.03964031711607631,0.039402705975176665,0.03929714600922322
295,0.000342717,0.03843283945227974,0.03773728812536857,0.039590993627467444,0.038201489327861514,0.03943961913428182,0.039992236899376234,0.039962733565113595,0.03723776215813139,0.03847660235068247,0.03875864604586558,0.03830083910207595,0.03997728539637096,0.037518813476413566,0.038807580748721426,0.03988387244270014,0.03999711804359075
296,0.00035337,0.03874639340364133,0.03754696957837224,0.039613727691825494,0.038229990530379426,0.03952306669151028,0.039244202377497685,0.03955058767384917,0.03250264160850094,0.036723953540918855,0.03895316540622089,0.039310735906176855,0.03947390787056145,0.02974007391171138,0.03971445616517031,0.037470691200598344,0.03977301632993144
297,0.00027613,0.03693805839316629,0.03463311181485844,0.03808713708325981,0.03592918709977244,0.038080231164491454,0.03977957010458021,0.0396229256715141,0.026809873887088914,0.037276262753031544,0.03797296348564043,0.0391077964161356,0.039941830039013825,0.028493758276245756,0.039260471460134956,0.035380564541623805,0.03986755240026277
298,0.000176819,0.03360736856815579,0.030653403365018015,0.03390879580564474,0.031478835530135175,0.034325477056832275,0.038208513089077474,0.03813859781658093,0.0374299513261217,0.039663718252699195,0.035360717499017896,0.03678906126128655,0.03959189312255986,0.03742791788023021,0.03636450527459565,0.039920564315362506,0.03914427247942525
299,0.000206753,0.03536897741512631,0.03200495519668573,0.03616519914883713,0.03704906215047915,0.035908539885640606,0.03765159364097654,0.038414425406886096,0.03823577823798282,0.03975976426812719,0.036339869418216514,0.03736004458262596,0.03987778372988121,0.039855079811206756,0.03688054471643798,0.039365155931511464,0.039026640867170656
300,0.000213347,0.03612583106576171,0.03309925263645938,0.03610273398244755,0.03777193251629685,0.036141643441610666,0.038243422794568466,0.03900899927129882,0.036084773984394636,0.039997785019353735,0.037219719541442486,0.0372498817353844,0.03956893439685491,0.03904858041874444,0.037565104913099126,0.03949130179761488,0.039225662685193674
301,0.000379996,0.03957028525618577,0.03836098374463577,0.039766429891287355,0.03989544821485695,0.03981250043095252,0.03929447951805897,0.03844395548692872,0.003047547943270751,0.03121496218987546,0.03967373372985251,0.039999789852739595,0.03767750311408726,0.008355892210048621,0.039784201799229243,0.03709307091799348,0.037772911893772326
302,0.000368536,0.039161536648623034,0.038415500454407905,0.0398748948598085,0.03986763654477164,0.039818377917065065,0.039988600106262824,0.03996560080826673,0.029435920687513245,0.03876584927682732,0.039675433302142474,0.03944757704744885,0.03756414525141683,0.03428321068959182,0.03980090100871481,0.03898488301792041,0.03989782542787298
303,0.000577693,0.03974232451287683,0.03996189342980891,0.0381519806079869,0.03571391714981419,0.038658518963669807,0.03821727255918295,0.03898259057427792,0.026684764914563647,0.036650954978185823,0.03947619389939832,0.039997427697901246,0.031902962813630226,0.031790835116704094,0.03994770430475789,0.03200526722660563,0.03914454855544548
304,0.000183206,0.0340085496948099,0.03118839135895464,0.03631322468306956,0.036679697550245166,0.03546194814507083,0.03729316429166007,0.03626552060919595,0.039208185498626945,0.03868427329340082,0.03883135715356976,0.03331034970572906,0.03827982828299643,0.03952744462508449,0.03345069392603013,0.03984853013172861,0.03536689171524936
305,0.00063827,0.039121130188538925,0.03997947931158938,0.03703513698103965,0.0359914842274084,0.03808065291324781,0.038132140808989086,0.03926383006004762,0.034441878268729784,0.03576883028652844,0.03972922956308385,0.03998707078346271,0.03226368025713171,0.033653720586507424,0.03998644737263105,0.024232159664285352,0.03954374966848407
306,0.001103956,0.03282238361251584,0.037833297629885375,0.026211144561370497,0.023273640457718098,0.028218995510590636,0.036663285596248124,0.03846160137621338,0.030877101090119527,0.037109317646579695,0.03864311333126075,0.03920465393325046,0.019939249792722102,0.03545251241544442,0.03945087511418118,0.03290999685117606,0.03889135418226646
307,0.000492952,0.03999980731533399,0.03933033087182091,0.039988305321330124,0.039511065456402934,0.03995992712621315,0.03949227918779396,0.038273501449871274,0.03997923917704379,0.038774607114120854,0.03993980563568943,0.037556816761596085,0.03940505138046045,0.03951829856057149,0.03741709471073434,0.039663528064296294,0.038001034666238886
308,0.000508051,0.038885929871569205,0.03721835483263476,0.03999574246083461,0.0399522105547892,0.039983672796855434,0.03751271270193368,0.03989508741940479,0.03281523087539444,0.038803539736189385,0.039912833904617875,0.039975999311470646,0.03748189315335218,0.03612788728344861,0.039960309259445756,0.03730156567012696,0.039978977607030834
309,0.000442777,0.038535802344045036,0.036303192303895296,0.0394580072915203,0.039243482014560425,0.03954968612143604,0.03911346902627014,0.03995695703844187,0.03153839331205251,0.03650774018389809,0.03988150492265393,0.039837933191912527,0.03880741902575709,0.03641276902525002,0.03988608209984197,0.03620393575315964,0.039988303968247735
310,0.000658121,0.039934228467159334,0.03968769766809615,0.03999940790838159,0.039998961119004806,0.039791665612463306,0.03938977931425104,0.03998960950689801,0.03398907461729203,0.03925529917718633,0.03968932541900732,0.0398440799183996,0.03542983389443906,0.03795451748015123,0.03997620791020904,0.0387004327600169,0.039987600944981654
311,0.000642301,0.039888907244195713,0.039555361466038864,0.039999904723813776,0.03999977721042159,0.0398371108955973,0.03804487334845176,0.039430751726620555,0.03313310753375158,0.03780384846441213,0.039853973038952474,0.039970150609387176,0.03340644405213712,0.036323727012761056,0.03999639106423345,0.039009704498651335,0.03977927477596699
312,0.000426616,0.03957562813074183,0.03787445142790038,0.038172242972506876,0.03865926678379038,0.03928532107770814,0.035733462302808716,0.03944029046031957,0.03312763195126481,0.03128632725375692,0.03999328226441488,0.03962127125647335,0.03808443310807198,0.02168900504209735,0.039793341448788135,0.039813998783771454,0.039068764384809516
313,0.000418157,0.03872915646497994,0.03618469362932051,0.038225904901980724,0.038634718094477605,0.0392888797510683,0.03727361716326012,0.03983735708182543,0.03602163243318847,0.032693481745049935,0.03985615450379868,0.03990967090327139,0.039559556569715285,0.026280243841386774,0.039590620831930684,0.03996496408930541,0.039456854682270254
314,0.000322788,0.03743444909090281,0.034635371068416944,0.037189064939910726,0.038629148600060864,0.03792395661079276,0.0399931283742335,0.03968794363882785,0.039591515982624025,0.038006211821684455,0.03843245883576795,0.039098531675971326,0.03991658301898252,0.038977420862910846,0.03747067611913295,0.03845017725193514,0.039607516757754334
315,0.000211114,0.03365521750071403,0.03113636488795906,0.03321788922606244,0.0357981061026707,0.03443371609600228,0.03901206843225872,0.03938790421867079,0.039463365496971554,0.03380542043005312,0.03894461386833506,0.03824473754785655,0.03863473865440647,0.014080657281585751,0.036705498049081436,0.037328881738972565,0.0394707207405759
316,0.000454709,0.03969307426116185,0.03820095008917919,0.039360541277890584,0.0398798991157504,0.03980413828644997,0.020855136023952434,0.03667663600599143,0.018716811243602166,0.01730941325285909,0.03952579873164389,0.03910287998964162,0.0397087505479174,-0.019375428110545295,0.03978690572817491,0.039218209099687304,0.037428679682182484
317,0.000289912,0.03753606063031192,0.0352856043586994,0.03647416307655074,0.037505473103310705,0.03762750034636725,0.03932135875639591,0.03787841968715043,0.03984374108811812,0.03952546400617635,0.037263878633750594,0.037292597574130684,0.03819423950728201,0.03981069903052037,0.0363739065741987,0.0383882185754087,0.03772434344729565
318,0.00020707,0.035437142802002594,0.03306228744319782,0.034469618094987414,0.03549944846926273,0.03544315097902282,0.03650554262489232,0.03481652853508939,0.03975928809201083,0.038512259004622955,0.036433950066659226,0.03435081310278512,0.03643359179982342,0.03834252864554254,0.03351372860274669,0.036867484376089985,0.03519363926412718
319,0.000327336,0.03917186382575594,0.037254717426077555,0.038929935664453685,0.03919691160628201,0.03905385003267871,0.03982838972028966,0.039904478500731456,0.029615266536740542,0.02551576352615692,0.03832596174952969,0.03983354989199894,0.039637272967189434,0.032048222446325256,0.0394531380582744,0.039375633720756004,0.03999741791064114
320,0.000243859,0.036754180941325376,0.034939485256905004,0.03699288127119493,0.037057395791658926,0.03720689190666949,0.03935417137381576,0.0376827021815349,0.03746903123913044,0.039838365640173255,0.038499489237138224,0.03796408472918973,0.03683611980606526,0.03957728041719395,0.03712275136854565,0.0392021134125551,0.038282234171388325
321,0.000393194,0.03990156488819494,0.03937126133292004,0.039895203591781205,0.039950454320371975,0.03989005019955409,0.03990672230539355,0.03911299588817817,0.037428298389734424,0.039999921494943406,0.039579326071854784,0.03916099728280213,0.03973284513434919,0.039908075534706405,0.0386057685472657,0.039713246315018734,0.03920125879305095
322,0.000828731,0.032669616743765215,0.0364832746280927,0.0336941836256279,0.030575089295148516,0.03429162739359415,0.035899125498100926,0.03886527611760087,0.026213348310829762,0.0350367501742504,0.039782276115920945,0.039302803285053305,0.03326696696253073,0.03454712565141599,0.03966732529276689,0.03718778667802053,0.039047961897284614
323,0.000503152,0.03915894451826338,0.03989999679666434,0.03980046721730077,0.039031416056023845,0.03976980260974328,0.03998323636410024,0.039001022720119086,0.03970635840994424,0.0399836001843795,0.03999998807069255,0.03839380344754999,0.039953620273512645,0.039999169192469264,0.0382708244473669,0.03998206150002101,0.03884890620581522
324,0.000642109,0.037632268030083946,0.03957924783796888,0.037564903313658124,0.034732647764047136,0.038128703557168485,0.039150368698648505,0.039769136793535095,0.03957075875260461,0.039824233449930586,0.039313882420354884,0.03915052693445106,0.03938158045974434,0.03987461636433104,0.039025432808522414,0.03969408650070665,0.03953857950970207
325,0.001322059,0.024629608059320074,0.03357931653554977,0.020244707833388803,0.02113526685529686,0.02296158901107874,0.019117978006263983,0.03597822332153584,0.02822931963722705,0.02786799932028411,0.036916018419942354,0.03831458657096814,0.01986046287131797,0.029911034325716138,0.038483591755045815,0.029854678413816338,0.03670803499582091
326,0.000516486,0.03995347353421838,0.03969276180272988,0.03998098906712458,0.03976360057703775,0.03999985173662477,0.03932472176993463,0.038341314346204844,0.039948212467569626,0.03976343874351519,0.03839609312688425,0.03723483266457467,0.03985549751103635,0.03987801553102335,0.03753677541806062,0.039285426761666555,0.03830085946865587
327,0.000940075,0.031747770058878716,0.036991568973486544,0.03694523656186416,0.03469827603878098,0.03595279439976355,0.03116649992990092,0.03978285034056758,0.03671624482658041,0.03829192325950626,0.03919352319048563,0.039999144322570804,0.03561284772214038,0.03806199260841643,0.0399935229012025,0.03953285276172363,0.039957385429695055
328,0.000516053,0.039999903479975035,0.039876879549114626,0.03931826780473498,0.03965803055931005,0.039676631417054756,0.039996483515535294,0.03841689341585444,0.03997403707437182,0.03991670493022166,0.03940525483302196,0.03786639934560457,0.03999597436375053,0.039513905699936895,0.037614000037865275,0.039029500796743354,0.037942668511036504
329,0.000490627,0.03998328158069334,0.03998293088443266,0.03820421745174739,0.038776720230251804,0.039430945296143105,0.039720014209374876,0.03750917288566931,0.03999617894424405,0.0396154308785619,0.03947200593945778,0.03779380638303263,0.039923549620654926,0.03953902150452432,0.03774512014989988,0.03918627515746784,0.03801558983869803
330,0.00119697,0.031090713646391863,0.029002191227442117,0.03745560172623194,0.03669170357626059,0.034619235422527886,0.033368033303409664,0.038404808647302814,0.02660665365932792,0.03517168369743466,0.0378800941463481,0.03820088158303097,0.034442549279560544,0.03528573200412376,0.038613521373478905,0.03496379194655719,0.038559686803301116
331,0.000699984,0.038787797157902065,0.03817141536446297,0.039801932163121646,0.039779587503979204,0.03991106631557114,0.0398583236551724,0.03972122685974894,0.03793113152261253,0.039962641191212595,0.03955349140513873,0.03913642288977159,0.039973053403355115,0.03995824157966391,0.03943339317931045,0.039855880452588956,0.03978322436236923
332,0.000463001,0.03951233384241793,0.03997489188578788,0.03782248898732747,0.037646623676498805,0.03935982786894614,0.03973180144058378,0.03802517913586719,0.039998755603627895,0.03967650039963877,0.039967644416732576,0.03697904741474212,0.039264191594915426,0.03991175823647958,0.03755458602696983,0.039473957754260915,0.03876381518823531
333,0.000379273,0.036859815142263885,0.03723953222655348,0.037295528525158494,0.0366489035391803,0.038179127471814456,0.03905308147932911,0.03793635984639095,0.03973602071889858,0.03999816177012924,0.03925482676035218,0.03626007429959674,0.037960304545609586,0.03940549761404827,0.03608825478266796,0.03851066965868158,0.037869593948322705
334,0.000851857,0.03928099899678667,0.03922969583687091,0.03991007543907599,0.03994022396792173,0.038926599056700095,0.03080678606950532,0.03727429116602732,0.029083424298780414,0.016207900104987932,0.038805747189799254,0.03976163924867479,0.03870676923893945,0.02246194607784928,0.039250167769875256,0.036885850190464364,0.03691928264639199
335,0.000508351,0.03931055504792261,0.039554702714717206,0.03895589371059873,0.039746054362842655,0.03975422989182206,0.03329019364143157,0.03894183123359188,0.03644491173050497,0.017106724475757562,0.039997524883679386,0.03997698502437375,0.03999999949692998,0.01734786504914937,0.03999980698935083,0.0398754631782521,0.039102288670708626
336,0.000340303,0.037489699446665435,0.03791100265196641,0.03622385582159972,0.03770327187438585,0.037812153488747446,0.03967715782800512,0.03828613911155884,0.03998684658851206,0.039955367139426726,0.03813298789945346,0.03809851888975777,0.03865216157974511,0.039947431467046844,0.036533570091040524,0.037408778175605055,0.03833474100874616
337,0.000386527,0.03552777418416124,0.035353244053819365,0.037159327252378846,0.03820616707706889,0.03861056719269476,0.03918796428293743,0.03758688562609894,0.03989619547965322,0.039512750710417564,0.038582506594172984,0.039442008100565924,0.03862648831388052,0.039581550746292674,0.036929469708584337,0.0374349641022491,0.03782975549125084
338,0.000390073,0.03642549925850018,0.035751699431532474,0.03805172416316012,0.038368639698011645,0.03899971248959472,0.03999697577348353,0.03972389952801091,0.03261494310142202,0.031121778988995902,0.039088481211458075,0.03909983088213942,0.03925326721467562,0.038128840530123415,0.03982320984649812,0.039978021044757645,0.039957818231791835
339,0.000281481,0.034482197436419414,0.033615340207816,0.03601277747006815,0.036666137812518984,0.03710370654385735,0.0399756154597271,0.039982455031619964,0.027733892669126223,-0.02784790015633387,0.03688686794784131,0.03812598035662457,0.03830399950495605,-0.015400365775906505,0.03981174929852851,0.039410603412483494,0.039236433350532965
340,0.000412724,0.03845846699658345,0.03803073060358651,0.03898656974954511,0.03945763487180906,0.039566833407627164,0.039919364204416885,0.03960844080953711,0.026376475965148,-0.01179202882229144,0.03996954804983957,0.038041649030214626,0.03980835065654857,0.015732701584546538,0.03994362115195288,0.038449755895474225,0.039189079755808987
341,0.000300982,0.03638933529843756,0.0350463432736835,0.03680363184157315,0.037669151485259234,0.03796390007531751,0.039728583096470475,0.0399907338342614,0.02176907275404376,0.02982746199584646,0.03823146771222033,0.03897899544609417,0.038451082502463235,-0.036264398558212146,0.03978136779552515,0.0396543500342363,0.03997078050915855
342,0.00031267,0.03731981212314646,0.036208588613920394,0.038211696444202685,0.03941176103500274,0.03869874113729739,0.03661481117102271,0.0393148283183693,0.02629328860692301,0.03779353232569813,0.03942168395048658,0.039550727055996035,0.038851214170364384,-0.002407575182538868,0.03991431293833986,0.039579795989245554,0.039959447267641134
343,0.000265935,0.036217287890686935,0.0352772499067866,0.0374915815947797,0.03856286139860961,0.03769209817854136,0.03514306833051642,0.03342829973508705,0.0370945479789571,0.032762346729999135,0.03961399397513134,0.03191203309678168,0.035033965153448754,0.0341248557168637,0.031541673332136894,0.03327091588791517,0.03161792736975236
344,0.002849771,-0.03568490203448538,-0.022008504241468968,-0.042942090845689174,-0.07206857431742944,-0.04962552448905033,0.02202571778705943,0.02973780116278367,0.012071116473270055,0.030199486073386836,0.03765499333405041,0.03466420726654805,0.010062050404960915,0.02881746096048793,0.03359372999068248,0.027724455858791602,0.03259612094480466
345,0.000330755,0.03893708249562673,0.03793607549718227,0.039015275944470795,0.03975928201762172,0.03916999446376454,0.03601401630322506,0.032692130182028024,0.036355466943188156,0.03433551536937822,0.03931943426827284,0.029425670571030953,0.035209232022031,0.03402771267497266,0.031214809812437613,0.034063298577770046,0.032760451799789356
346,0.00031569,0.03880585208472563,0.03801427506329161,0.03894889420409619,0.039880257843475805,0.03902583137877004,0.0398499885319535,0.03868738686330576,0.03988164815950037,0.038535479850682244,0.03996788323357562,0.03333112890732658,0.03642251777490024,0.03978681810014675,0.036323133152384904,0.039837734459222715,0.039329058437693014
347,0.000522969,0.03928728519096557,0.03850181037588718,0.03983094188019695,0.015622655796746043,0.0395305096458663,0.03871353843018277,0.037928440406635885,0.03732299897481858,-0.036497917213929615,0.03998383971460578,0.03999737206604253,0.039959694698552595,0.03535610979631236,0.03989278240454392,0.036350659377304514,0.039251256032545034
348,0.000310857,0.036416477481831154,0.03494372838844369,0.0336971979065574,0.026689295773031613,0.03568940835501515,0.03758205644561996,0.035387480972767144,0.039872816993143094,0.03970437425295768,0.039921443241616374,0.03681948720470632,0.03959324664946713,0.03931912175411438,0.036647400197506785,0.0387818480790551,0.03653735293932542
349,0.000492906,0.03955534261116355,0.03895407839225784,0.03765449192447253,0.031142179756449936,0.03917219764561518,0.037915145048827134,0.0397416425891133,0.029312698622823707,0.039573995613146,0.03999653346210475,0.035762029276716165,0.033139271381904395,0.024802427095470092,0.03868609240925524,0.03995320160460475,0.03933622893574414
350,0.000226317,0.03416759476037449,0.03312465745966132,0.030406911977483617,0.02355631088890203,0.03288307156272282,0.03462034897078857,0.03545215726363415,0.03998372169593797,0.03519212936843279,0.03649605000550986,0.034764128311691345,0.03881809537285682,0.03566334258047876,0.03399640423930406,0.03468176180251513,0.03477064557616158
351,0.000663777,0.039734686975781246,0.03999441861721516,0.03920938757696779,0.033495346390561356,0.03994703578347558,0.03983684656956775,0.03946610355294566,0.03545707291835565,0.03991172507284314,0.039930269150319025,0.0397720030839099,0.03804472031963729,0.03990788175160636,0.03986410910358999,0.03998777362233661,0.03998770954938833
352,0.000418692,0.03881003736360458,0.03834671559949096,0.03976267506709125,0.03957453897603014,0.03983902555777948,0.03890684140418876,0.039544885050046025,0.03894914256907238,0.03943218048740504,0.039973281620211173,0.03843677103595988,0.039899969911539095,0.03999611061876844,0.03891885014054759,0.03999022769955364,0.0397663499634259
353,0.000263037,0.036146968158754414,0.0356044688147511,0.036946755776173415,0.03491071362371574,0.03748292426198019,0.039940608116681244,0.039885704609558675,0.03559072099106103,0.029612263270525616,0.039999665467133454,0.03795820567327207,0.036656925445241684,0.010389861073769907,0.03865868568705556,0.039702400109268135,0.039698771870735367
354,0.000292882,0.03776229144359274,0.03737396720204246,0.037616748058931115,0.03503303271879557,0.03795191546509703,0.038912042629686415,0.03998189610825454,0.0382151079273827,0.039581478379945266,0.039861198444608954,0.03999143570742691,0.03664892809102338,0.028549051666342945,0.03891941760095981,0.0399394162798404,0.03995969631284424
355,0.000339971,0.039227093238474585,0.03905833444069097,0.03852885779372831,0.037492813728582035,0.03885714148694405,0.03929429686474987,0.038225995999857945,0.039965114180740044,0.038848862408598195,0.03619038808614805,0.03882420887604218,0.03896398275318891,0.03953090003618564,0.036711562252568435,0.03862120357398187,0.03790569576848263
356,0.000379087,0.039479196247757996,0.038741312392251245,0.03906296570188113,0.038467071187304705,0.039480468152794594,0.03957953545965016,0.038149949477511366,0.03999602551825527,0.03907666880157103,0.03913122553681088,0.03895986087178785,0.0399989698928064,0.03981986207742654,0.03746328063351147,0.039156293911556034,0.03830285652018944
357,0.000256634,0.035978432108922986,0.03407874967801891,0.03691241211544348,0.03727283690093318,0.0372998805040902,0.038856428930712686,0.03679818787184365,0.03997261475680099,0.03809099553152078,0.03604030707959696,0.03736711639194083,0.03832494534718875,0.039006560762671734,0.03549325062661366,0.03890448564952832,0.036670469202773004
358,0.000337666,0.03871927118880228,0.037304161827582616,0.03866447033316343,0.0390487931460316,0.03912425410434715,0.03999964923245128,0.03905243896864302,0.03872799380907485,0.03956107077942487,0.03866021541708539,0.03914933051405421,0.0396805275385685,0.03992838345516909,0.038273706668444915,0.03999958568604469,0.03927311463671486
359,0.000344639,0.039305326785890674,0.03824167822607068,0.03933930843818464,0.039367656915116074,0.03938402719894723,0.03989601402035384,0.039022576521242545,0.03963227707296475,0.039406544925257636,0.03846127395076207,0.03796697159271742,0.039998320751233114,0.03998642163524688,0.03815210586179536,0.03939896675336037,0.03942530965047343
360,0.000416624,0.03999787180650578,0.039701883342829467,0.03997145734758958,0.03999625019921799,0.03996410789125192,0.03926174361621572,0.03998817939805723,0.03776989396807446,0.03997682964189772,0.038799510134362586,0.03867702857618378,0.039620222700135786,0.03791041366595356,0.03947189512388143,0.03956266363965351,0.03997714858987119
361,0.000205213,0.03591294019344885,0.0336324113009696,0.035914156748021425,0.036037899658608874,0.035870427244746976,0.020857839237573755,0.039817693960118514,0.03400171376598034,0.037757929057451955,0.03584158878197177,0.03658188763100694,0.0375813039473402,0.0026836731885114262,0.038614978704528555,0.03801606211098193,0.03922362617116534
362,0.000233139,0.03603224581404642,0.035039301319803956,0.036842811933331526,0.03712714263230109,0.036898514695597455,0.008758973041173318,-0.007993198646798982,-0.007993198646798982,0.018814955209343717,0.03921502347763875,0.03991963682558328,0.03984096019394976,0.03648917120772868,0.0357529716950231,0.03366233758289995,-0.0032965576232578397
363,0.00029035,0.03840362325044906,0.03780510043255193,0.0383699436690612,0.0385081060853122,0.038387450910418286,0.031638102781554836,0.037457741703044056,0.024100868064901748,0.013269923594656896,0.03990661054043905,0.0384968211481629,0.03867852391862517,-0.03164961472031769,0.03999615003575375,0.03470581585351226,0.022251534405174175
364,0.000425744,0.03999614559042505,0.03994079855656263,0.039970816550843884,0.03995678376836549,0.03997912568738299,0.03993892827652425,0.039999127540047176,0.03839292421734277,0.03944554744825322,0.03883282519720565,0.03806229774325502,0.03587803759304095,0.037521981127394105,0.03932444887776021,0.03632078047461472,0.039829059597612106
365,0.000451661,0.03986639382285148,0.039974998946134925,0.039995727579941125,0.03999958402723493,0.0399916110284635,0.039558370438694895,0.03952630418316632,0.03739420497948227,0.03763700881648298,0.03955614912589165,0.03916110363917009,0.03342106431026716,0.03174997023374117,0.039827596800954296,0.012065498079584763,0.03855837736894729
366,0.000285245,0.03916780469571418,0.038978775725960244,0.038644560136025394,0.038429192341122936,0.038587402846663246,0.039913503662477465,0.03996590722447815,0.03947915008363298,0.0394097336325034,0.03847681612564251,0.03784545374103654,0.03803201288264648,0.03064970286091062,0.03864071738497159,-0.01766260998283936,0.03863451919594696
367,0.000110943,0.029844693606258875,0.028491871044625604,0.030375042270062255,0.029538666750352924,0.03012473314031836,0.03196138249177914,0.03138421155761479,0.03565302465181533,0.03185941417128236,0.02896119770886467,0.0290239569647743,0.03658467610300782,0.036659410660407996,0.028783339047545924,0.037632576319381286,0.03398523830744579
368,0.000287168,0.03887938137275117,0.03808304675620085,0.038653630234576214,0.038678939216054566,0.03835510775881373,0.03997859082038524,0.03990115374973375,0.03824083455305727,0.03971439212109467,0.039730541693578,0.0389339745791378,0.03854343033857827,0.03786881850189027,0.038352273782124746,0.03869008021919448,0.03996339275324855
369,0.000254526,0.0386302672054053,0.03782772455756234,0.037417721399833334,0.038669055806869065,0.03740174656147792,0.02699353593977502,0.03695017880069097,0.02667305525049407,0.038593360542993525,0.03622243935331432,0.039992424065406366,0.031619496662420254,-0.016583873347487704,0.039984728128337026,0.0117109505328436,0.02259173624077665
370,0.000190601,0.037146956402554124,0.03649108930265371,0.035010100863873475,0.03704163957808465,0.035210936192471606,0.03965259385547339,0.038855319257447785,0.03999823452632491,0.03867275126865836,0.03455810050448398,0.03639647235375264,0.03814274847151586,0.039371845231421114,0.03686410269079127,0.0383527174186692,0.03995786920130537
371,0.000293679,0.039774937815815536,0.03922042555442468,0.038713488073601046,0.03946608802604631,0.038709058557948664,0.03837110336101674,0.03804283361097775,0.03988572703249766,0.03830278128320162,0.03907224953866315,0.03652250168845447,0.036558510576451125,0.0392236937663986,0.0364040633348719,0.03993414832296357,0.03851873092555397
372,0.000356949,0.03987425984424723,0.03999846476440962,0.039815065583661914,0.03999677360357857,0.039732749251933874,0.039965114272282554,0.03989748088485557,0.03817522825701445,0.03986907080188142,0.03904066668084202,0.038971982384847115,0.024132275896867686,0.03915205018175183,0.03912795406435576,0.03334064787470352,0.039989701553426925
373,0.000199216,0.03743879646056486,0.037477399790136784,0.03706725204658447,0.03839677157986977,0.03634164462033352,0.039999297752612656,0.03977541666246075,0.03562816771906083,0.03889537040327327,0.03672608901756047,0.037912529957128537,0.03746646404737017,0.024619151018953234,0.038979837172559796,0.034697781289738716,0.03817230539963414
374,0.000174129,0.036149717143347845,0.0353736913845851,0.036183490290114736,0.03771015364141758,0.035093391644385435,0.03899880672524225,0.03809127911828314,0.039644971329145344,0.03877380159816071,0.03421969577476852,0.03550506206381969,0.03978146691655308,0.039980895142918006,0.036459928079894156,0.038889238058516254,0.039763796098489124
375,0.00017444,0.03672050030122508,0.03595290684168687,0.03542356530444654,0.03652950863785931,0.0347902684239376,0.037957939266380546,0.03676353438499842,0.03997255824872706,0.036931060889770925,0.03552776630148813,0.033909074070684726,0.039883949802217565,0.038902465037786854,0.03523929683387864,0.03695557773931657,0.03803423195519405
376,0.000166918,0.036003098610959315,0.03439091694218206,0.03498721984158039,0.03558742933677175,0.03443628027914225,0.03952394114914509,0.03820860985730912,0.039204511661174266,0.03902453253545084,0.03383147482364692,0.03465567719386084,0.039289611433133545,0.03988410736443124,0.0376799025527471,0.0393352868336322,0.03946363550265884
377,0.000231187,0.03862348086841714,0.03766552624636767,0.03790088842460282,0.038124000434946494,0.03736511417785528,0.03997500878055129,0.039774431163384645,0.02974429043299101,0.039997533543314985,0.03570523283786203,0.037424786608588105,0.03819392346445166,0.038685229576785406,0.03968981851239859,0.03825900419237978,0.039967515277660424
378,0.000133329,0.03481286483027636,0.03388599651244962,0.033199345425297865,0.033678816208166096,0.03254498023575666,0.03687313407462227,0.03592811128891597,0.039064699580747916,0.03661287841105699,0.03390967996825214,0.03146451358184828,0.039454029355579706,0.038227736460118025,0.03494003947067921,0.039995591364434625,0.03729574133706395
379,0.000160469,0.035373225799568614,0.0354792351011416,0.035440279300145136,0.03604024713199988,0.03459812303681449,0.039971832424305076,0.03972588335457057,0.01819094881035735,0.039971272764843344,0.03606558702837151,0.03456300106157255,0.0354432875853896,0.037029689008296465,0.03881570932143946,0.031252779093985175,0.03954196379907785
380,0.000186546,0.03717571977703131,0.03705221255583499,0.03735681164752015,0.03799081665759889,0.03609784033940566,0.039925194940686144,0.03997797891636187,0.03153153462606868,0.03907647638191436,0.034194676406004224,0.03611463797684911,0.02966548259862463,0.032009357087591325,0.03936757019716021,0.0399617014649929,0.03777269766560513
381,0.000157979,0.035930260119706764,0.03606308681408299,0.03601938255113829,0.037384157498691485,0.03466782245135269,0.03730241392828748,0.03640070666079058,0.03990546009246546,0.037575664765490374,0.032369342575703494,0.032621410368066206,0.03999992103441865,0.03892340259614339,0.0348538708828153,0.03549530962756557,0.0384482916719403
382,0.000176048,0.03698468725464028,0.036605082012324014,0.03705130130226173,0.038229647087674755,0.03569570195824062,0.039409860000946956,0.039071030590329764,0.03782078466162674,0.0397197340572848,0.03484896460018525,0.035435460784629724,0.039432068360877634,0.03999997880830648,0.03730115023695886,0.03819098732455872,0.03999549242274981
383,0.000167528,0.037013738610028254,0.036288803100034094,0.036678876587723064,0.03747722406109856,0.03524787745333277,0.03519739324121082,0.03751327175065106,0.01589938033793306,0.01589938033793306,0.03484089459599689,0.03811393604734763,0.03381324365559596,0.01589938033793306,0.03999234042629989,0.030678323824553863,0.01589938033793306
384,0.000151895,0.036634775027566,0.03579744518707967,0.035816296483837454,0.036759386444457705,0.034388729811632296,0.039858493957585894,0.03935754264820775,0.02088334757022889,0.0399922228457318,0.03425060048200825,0.035079378940821984,0.03944722480532933,0.03686255380720402,0.038487189279503335,0.02739101504385001,0.039086688744263326
385,0.000128206,0.03565128958431252,0.03484181275545056,0.0346009978859142,0.03523123027171292,0.03279865938600387,0.03478999207193639,0.03508573631899356,0.03990019398727911,0.036318648916380696,0.03144597602776969,0.031065249384172475,0.0399996294533621,0.037506672608231637,0.03345008461655735,0.03891410124262599,0.03742171344530432
386,0.000112801,0.03496812167549973,0.03451413132891028,0.033195690255399674,0.03420910453974868,0.03148880819570058,0.03546428617103724,0.036980484166248107,0.038872453613712575,0.03945573186254647,0.03139117304126568,0.03231043974615832,0.03342199514702199,0.03995409833325701,0.035163920355393244,0.031627670048613596,0.03999400497594733
387,0.000112965,0.035454505739334036,0.035337588215120896,0.03320819914482521,0.03441673194917359,0.03153490024816361,0.03726344027249239,0.03905449390377125,0.03158886055976745,0.03850175961522268,0.03051347014911265,0.03479397661668606,0.03462852784111205,0.03158886055976745,0.03783305475008144,0.03158886055976745,0.03158886055976745
388,0.000171976,0.038831519647725944,0.03900211279030729,0.037164853248675925,0.03839038614001147,0.035626357011094956,0.036734886654164245,0.03803203125053392,0.028511353307773102,0.03924735242233281,0.03442415962870454,0.035654030169602155,0.0388777867084407,0.03989542135854393,0.03704681141972003,0.03904376188860504,0.039979711714074835
389,0.000143589,0.03776860159727077,0.03770430279972862,0.03583387846527141,0.03711187130508817,0.03407342270012774,0.03293968786724328,0.03445725629477099,0.03940973555383789,0.035828153737304635,0.03302039799588581,0.03247056152735975,0.03923074950506873,0.03690641137175815,0.03351226700362624,0.03966711051735956,0.03770436149167895
390,0.000172832,0.039071451501722504,0.03920379743180066,0.03762800615548796,0.038329879454909614,0.03588506804157683,0.03511125629428111,0.03662705576310664,0.03849490339857919,0.0384568423565953,0.03505199599287297,0.03501177167880688,0.032510740336777574,0.03907160182688578,0.03621105894190452,0.03551553410469177,0.039602003368564134
391,0.00011206,0.03592334254104432,0.03658129778664557,0.034074825979376736,0.034819267387208336,0.03179621459976118,0.03039234165248153,0.031723040124783455,0.038625703803221625,0.03377568215722893,0.03137668078209875,0.030181513826936353,0.03973202542753362,0.034314561512509674,0.031258101678812586,0.038727099934954205,0.03458678743692675
392,0.000201996,0.039739186241537584,0.03995545977660671,0.03875485301197164,0.0391737535321143,0.037155855371035856,0.03581034882165737,0.03647844238154996,0.0399739340685993,0.03758476797552421,0.035942183678535855,0.03518481106636554,0.0385985500677664,0.038062673406243794,0.035973229643866005,0.034230709805936566,0.03796292043879516
393,0.000187141,0.03921360117405186,0.03981999504426037,0.038194000059181235,0.038747675386907265,0.03645540633034598,0.03761899248398226,0.03764945553687712,0.037329770817186,0.03871004260119586,0.035759254849613065,0.036185988783170364,0.035289796810643245,0.03950227044057804,0.03742024922794275,0.032518614691233405,0.03933210445411699
394,0.000235419,0.039945098881586726,0.03984375960806893,0.039370114847352686,0.03987039813266035,0.03818223909304237,0.039982118217512776,0.03976330697033169,0.008310966486232418,0.03999799919565808,0.037510817801853835,0.0386096795447913,0.03614763650584346,0.03934769502861486,0.039752055276075456,0.034249830207202,0.03978479817512981
395,0.000140001,0.03742749157756681,0.03829292663914964,0.03561868579696924,0.0364972123906181,0.033731869244343286,0.034643953796352905,0.03388903164736986,0.03991752349793439,0.034871492561963105,0.034480957287074246,0.03206950148113781,0.03870943914930669,0.03552573254274323,0.03361115449161253,0.0375276525151772,0.03485042578211503
396,0.000415336,0.03685420517547097,0.033853050585672256,0.03915523136437277,0.0383602674023999,0.03994598623311396,0.03931629581609604,0.03915983494499598,0.0382055959441182,0.0396741362725374,0.03983981260772959,0.03845631621192566,0.03460687266003139,0.03963743422166554,0.0392164409054159,0.039810770708327295,0.03953395839496026
397,0.000583975,0.030758966605581195,0.028613452863463243,0.03543492108020381,0.033452406492727724,0.03809519451656455,0.03986119853974175,0.0397068665418308,0.03595052617792138,0.03996375159583248,0.03999923450945407,0.039378025625947805,0.02960115207081189,0.03998074615969961,0.03992213306875866,0.0385447698234987,0.039955828488321944
398,0.000676412,0.02583605750107841,0.021952176942362678,0.03261655708296028,0.028167238282292686,0.03614322602803477,0.03987135621758384,0.03999911913942359,0.027169258221656903,0.03994691754591292,0.03985949391062223,0.0398942875769069,0.03225081032507443,0.03981426378258413,0.039786789888016656,0.03517183268980795,0.03985055600801651
399,0.000313396,0.03997003281549551,0.03960702809922165,0.03987482714386323,0.03988189161033862,0.0393455379576825,0.039110122523102475,0.03826698357049838,0.03190932064929686,0.038383459486169474,0.039741246513958425,0.036819791151403304,0.039999691665801876,0.039060354795384666,0.03930795286443334,0.03983424344990868,0.03899054259929226
400,0.000345417,0.03991994770118184,0.039349239448998756,0.03981902000108797,0.03994209350157314,0.03940964529545232,0.03999996790362299,0.03979193634977806,0.011052371434711494,0.039958510651525364,0.039730389779525484,0.03852374579873949,0.03827057288285305,0.039925150389336826,0.03982183632837212,0.03932746562552181,0.039960600060968667
401,0.00024397,0.03787089537220589,0.03888705105412587,0.03690187196237216,0.03848859221777093,0.03646476448277622,0.038964082631642465,0.038057847878820314,0.03429521593869897,0.038683904349570294,0.03822691431921278,0.03603738294788994,0.039819252660936014,0.03948658761566498,0.039519061552945614,0.038425344707944294,0.039159651896406356
402,0.000297818,0.03857749395135322,0.039654973157523164,0.03763027746762374,0.03573647266544507,0.037854278912685044,0.03998494685945448,0.03964337012048286,0.027858193416854568,0.039873611926329086,0.0388931999583009,0.03806560115104811,0.037576145779108394,0.039996380696485916,0.03998483364729226,0.03906805796005974,0.039994364287883125
403,0.000336355,0.039349004844558264,0.03974655000750852,0.03808875355879522,0.03648695418011827,0.03866136477576165,0.039150068241460126,0.03996909152000836,0.006724733371833047,0.03977567582468306,0.03906803708929553,0.03962645219859399,0.029321012202759456,0.03864552443647474,0.03973336694371821,0.039861464891675365,0.03856761413306676
404,0.000221642,0.03717437093598179,0.03766274388881619,0.03494383162518508,0.03320174960311209,0.03581987972504261,0.038097779983418574,0.036403019969505575,0.0375096009519213,0.03722988607140566,0.03709529277561767,0.0352089495956638,0.039790938590858124,0.03843376644075953,0.03712910815718419,0.0367290066367989,0.03862398666413133
405,0.000287544,0.03910534984873658,0.038987555472817126,0.03794230871268625,0.03653027955416578,0.038279008565482234,0.03828001415772364,0.036812308206328914,0.03908211952929857,0.03710674593713208,0.03800757900001237,0.03596171128604636,0.03998014769768925,0.03831911014306422,0.03733491389907989,0.03780426152755035,0.038264132859323764
406,0.000208814,0.03748458260355837,0.03707316886197125,0.036497084267099855,0.03781654421744491,0.036157418902352065,0.03717496841466489,0.035849939821312266,0.03995580585946687,0.036146808502108135,0.03754705050749134,0.03387450474187948,0.038361317485861385,0.037268894768076724,0.03603904867487555,0.037360920658025626,0.03734212191999192
407,0.000301629,0.03979500178462129,0.039540375493756455,0.03908864159433064,0.039880883443553214,0.03890900695746348,0.03993958822705684,0.03958570015177143,0.03331245368510087,0.039556159886135575,0.03881371586085181,0.03776477667248989,0.03992494996155922,0.03979304759012527,0.03981956051773457,0.03979579749025082,0.03996058927547072
408,0.000288597,0.039656933231092324,0.03901298961667356,0.03906783607632126,0.0398133367824276,0.03870300048261446,0.039978325571387384,0.03899495957954969,0.03655210634783394,0.03821115735813206,0.03847007961697026,0.03646380942205296,0.03934346486884499,0.039859689701966766,0.038796642337164663,0.03959698732984558,0.039652598800767457
409,0.000262771,0.039573876069785144,0.03900694736198858,0.03849255878549193,0.03901379668703825,0.03817324016181277,0.03958962033789083,0.03803645959681026,0.03812805695141009,0.03706069781278595,0.03777412543957054,0.03477137134469665,0.03890576557680268,0.03920325890660423,0.037019386627248685,0.03622233677555088,0.038840901091141924
410,0.000361654,0.039986867737236954,0.03977298868422796,0.03992335514840311,0.03999695725602317,0.03976865184812416,0.039999884682388624,0.039581267572154535,0.036967127589867366,0.0394085353025484,0.03941940784980038,0.037365410357848725,0.039879856058120874,0.03998310557268169,0.03869027139356774,-0.028421184050762494,0.03999073450872164
411,0.000413603,0.0395088445246994,0.039974633297643565,0.039962260960996095,0.03996089787329264,0.03999427247101651,0.03908347342904006,0.038402937822746126,0.0399996631475235,0.03833726070827323,0.03978545623757037,0.0364670395971176,0.03970444197187563,0.039389489693077706,0.037022786257725815,0.03084275645436116,0.03912569359633668
412,0.000940484,0.021359196713639853,0.02954915197531778,0.028540243617931768,0.027507977523075933,0.030581481558399126,0.03896480592493974,0.03967692830054238,0.036506528830471174,0.03984634504513295,0.0397052666191649,0.03999424074059674,0.026949978480954567,0.03876648285737222,0.03998792841265886,0.02320339037543112,0.039295695931370375
413,0.00049023,0.037361639370885075,0.03906927600990216,0.039551824265165486,0.03921589732633473,0.03983576565291052,0.039987517105049226,0.039678518429772665,0.039969012205342394,0.0392478022642787,0.039852817795221845,0.03819959468295821,0.03712834262786237,0.039999817425009174,0.03799106851422356,0.035849746397082966,0.039934757719494604
414,0.000217636,0.03920744099906543,0.03836908377950007,0.03668120346424024,0.03738067339988427,0.03633046417820123,0.038614773199699574,0.03879915789165892,0.03925598823913083,0.03754247921566027,0.0371918078113985,0.03438052295464618,0.039964697381533486,0.03980354717773171,0.03457932897887614,0.03836870503911281,0.03993011873786113
415,0.000329995,0.039992183658887716,0.039716719886112056,0.038841705210000105,0.03881562401411617,0.03852028846248538,-0.049151087010504746,0.03550558667638104,0.03792166860995868,0.03912880242648636,0.03917686034240063,0.039568192767770766,0.038085012887218814,0.011282439807116573,0.039146873932268296,0.018493233345776475,0.03063473055796377
416,0.000156465,0.03685539567642154,0.03536913471219991,0.031088603779236397,0.031312901240992466,0.03160406152095026,0.019461137401841383,0.0399019662375107,0.03954489878460466,0.039821645880987494,0.03558839079950879,0.034831801840953774,0.039880277071241574,0.019461137401841383,0.034037874360109445,0.027073045626398812,0.0386329309662508
417,0.000139589,0.034941275698900764,0.03267283764224766,0.02956821315240854,0.031104791451079906,0.030701580668242447,0.02455667730934985,0.03837641898973288,0.03951227312076268,0.03996044238313116,0.03387814131525507,0.03552070083665298,0.039973185173637835,0.02455667730934985,0.03457880125528872,0.02455667730934985,0.02890963314224841
418,0.000137322,0.035164735922788015,0.03262053369531008,0.029701705893787,0.03124897093619725,0.03083262548589407,0.039364739827653206,0.03842427502243506,0.03782118428080736,0.0371407867836229,0.03223295330330169,0.03374232433481225,0.03872192104432706,0.03988851410955143,0.03139559062956196,0.03931850651342808,0.03925413486806885
419,0.000186608,0.03808939273495783,0.036345703250638545,0.03316919080208731,0.03429339332853357,0.03442470797885758,0.038313835719346864,0.03741377034555386,0.03909824159290813,0.036504289842566415,0.03438674984173531,0.035226605226719,0.03864506966188352,0.03997896151681209,0.03303272551675004,0.03986025992678101,0.03897655125825506
420,0.000169254,0.03705948829926991,0.035759334324452254,0.03483882817172753,0.03658729491892461,0.034662692354505364,0.039595642885533376,0.03948332920331181,0.039955938664768646,0.03868227910479171,0.03380165495423581,0.037810312093265214,0.03789524075548805,0.034640366692326716,0.034772878186861596,0.03418250586989692,0.03895517683246048
421,0.000172869,0.03765158386677239,0.036770352429016925,0.036374224179074884,0.03693742497418419,0.0353549245196067,0.039987918529939374,0.039881426608178304,0.03977002615289756,0.039172557859642784,0.035004550548665206,0.0390194798816432,0.036981614556105165,0.02713991072635004,0.03604320630698632,0.037182432980303146,0.03372620600081862
422,0.000121672,0.033122236105324374,0.03129834523827434,0.033466907285582576,0.03349907610205354,0.032173074395697714,0.03654298748086718,0.03592013190304801,0.039046096032037486,0.03343552115352384,0.03260448727712441,0.034570299775703695,0.03285974320841609,0.03952737518171196,0.03186249077086706,0.03794091717982336,0.03818251230581508
423,0.000175482,0.03705088212043355,0.03577073263519115,0.03737356221495747,0.037988358152475005,0.035799272652295926,0.03990283507249229,0.039976251268129134,0.03290900207515282,0.03945765911977106,0.03335046075018052,0.03874549973724742,0.03903930917376694,0.03152814003139087,0.038259139048742674,0.039024483286182104,0.03916878450804338
424,0.000104693,0.03257296038282821,0.03061268309762888,0.032696045347639924,0.03335926772410972,0.030811091853048245,0.03808840996455638,0.0334667141517645,0.0334667141517645,0.0334667141517645,0.03129233349378452,0.03831262034632277,0.039996261492193784,0.03982482811477786,0.038359550195374424,0.0334667141517645,0.0334667141517645
425,0.000168969,0.03721245594220947,0.035853600344542325,0.036979094086765446,0.03793031498453204,0.035434260755854735,0.025656017321996266,0.015423701901619319,0.026552084940610995,0.015423701901619319,0.03480275721728377,0.03985589299520125,0.03244478590454242,0.03226040856211236,0.015423701901619319,0.03943265512242635,0.015423701901619319
426,0.000165929,0.037518455691536716,0.036494475401963405,0.0368253499806743,0.03747218238107358,0.03527049585983576,0.03392101499308739,0.016424137112873216,0.017127431802182375,0.016424137112873216,0.034819073775774104,0.03933665489889221,0.016424137112873216,0.016424137112873216,0.02368876584435438,0.037896452154374996,0.016424137112873216
427,0.000201933,0.03912321282231737,0.0386337361600326,0.03840355553604016,0.03920557563771107,0.03704660994414945,0.032363847841292676,0.003892568252374551,0.003892568252374551,0.003892568252374551,0.03641584588225627,0.03965317061952046,0.003892568252374551,0.018020652479463592,0.003892568252374551,0.03743667908825893,0.003892568252374551
428,0.00020737,0.039462866832060614,0.039238269381302135,0.03871052017911286,0.03923680276137379,0.037282564002026564,0.0398801414721629,0.03967906689123366,0.001883187305342482,0.027327699925640714,0.03707506437364643,0.03757670889034347,0.02404505362025909,0.014842682894942227,0.03670352452330948,0.03590183671383191,0.03641128198184497
429,0.000250589,0.038915584066101454,0.038238025942288936,0.039626269779164634,0.03991943811296282,0.03857701412835417,0.03894608932699903,0.039887100099961895,-0.006072593654919689,0.03964755670847191,0.03802549177733823,0.03758078052522579,0.038865684937752304,0.0393586589804879,0.039611402956160835,0.03866173689866255,0.03990500242782017
430,0.000196418,0.03770850450253707,0.03708796208809072,0.03820470300609344,0.039184034772841284,0.03672022041396566,0.03866773333780622,0.039975065341351715,0.005901878292450369,0.03942210181711569,0.03868722274780202,0.03796347363076446,0.03884372214507866,0.03504165792904175,0.03119544777739379,0.031753124981900804,0.039839129925456275
431,0.000179718,0.03602956420749413,0.03452196636135734,0.03746931155124227,0.0382425081240816,0.03586403213473498,0.036813122912264615,0.038732185889822725,0.01179572399241785,0.03890080999354706,0.038233959683059704,0.03627926659382498,0.0395598452939662,0.03967951487758413,0.038822315985728585,0.01179572399241785,0.03787796722959921
432,0.000486124,0.03888502241708967,0.0397802074214728,0.03846771504247857,0.03765391869303078,0.039582621108311004,0.03961341471565486,0.03991101194832191,0.029934370087210282,0.039685025712011227,0.03994425325642936,0.039621363212126476,0.03424159356424519,0.03989181580562268,0.039927722584364535,0.007114936770398983,0.03953602639382295
433,0.000373239,0.03998757804284636,0.03993526707535165,0.039957746474701225,0.03971297567321138,0.03994268170030389,0.037201538398159706,0.03787569719348619,0.03920244341752189,0.03752624558842111,0.039993215660195244,0.03790775107583852,0.03837024756831605,0.038864370515857075,0.03820376507242775,0.033708293848503545,0.03708973207153882
434,0.000388827,0.039769606421541655,0.03999322710520462,0.03990748761108888,0.03975750782286556,0.03998751623618335,0.037978745539592115,0.0383620447938963,0.03850957643829895,0.03870598453088585,0.039825004528991015,0.03882361828466463,0.03442339245364294,0.039674282881162204,0.03847330071566468,0.030995413003999328,0.03806556407205375
435,0.000542156,0.03795340366977104,0.03946935881025766,0.0381727132090827,0.038118307087233246,0.03929236618873794,0.03898447020504972,0.03901384321346196,0.03831843767505013,0.0392020633172989,0.03969524804788407,0.03931916892015317,0.03264573450268009,0.03976867528777387,0.0384956504231639,0.03869533831939537,0.03852244428169
436,0.000438861,0.03925740216841844,0.03998116875590429,0.039942136289287396,0.03993848379131481,0.03999989032550288,0.03739615460109411,0.036987254097020805,0.03999879620078754,0.0371850356382048,0.039838753871979805,0.03739981614866175,0.036920388186255926,0.03824918970556904,0.035616433681863804,0.0396546657156965,0.03615987315341949
437,0.000270584,0.039051547071742534,0.03729995767123645,0.03832979660860494,0.038443437374359735,0.03790679203856176,0.03865257251263252,0.037597596413447926,0.03999769754696087,0.038245742890244336,0.03875250879470508,0.038004976109425374,0.03394510932934841,0.03953911941581042,0.03457236682866525,0.039499014486294184,0.03634102241525569
438,0.000220724,0.03829164770705555,0.036358955454103586,0.03607734696215778,0.03618892055427818,0.035826916092949815,-0.003165346457924434,0.03676512451452238,-0.003165346457924434,0.01225016912642718,0.038128716867159206,0.03896738032782237,0.03493535814474591,-0.003165346457924434,0.037289493961848316,0.039864504846812705,0.039996382104390944
439,0.000165943,0.036455426621648954,0.03459208387840623,0.03239276371522824,0.033402745256494906,0.03289205766805728,0.035151156105488246,0.026831385592379672,0.02858477179408797,0.016419556797804324,0.03632597676507526,0.03999982014381537,0.039672594140873194,0.023752817735632523,0.034923712731016895,0.03758009721590202,0.0399403325557015
440,0.000215769,0.038263928806716294,0.03619099166776048,0.03521340408856914,0.03661984459529938,0.03564031340322067,0.03932917565120492,-0.001273918834441723,0.03865667360791074,0.03999006971937126,0.035810667136656746,0.03619110881228829,0.03916441975052238,0.03967988648831292,0.03817105068406822,0.03951512587204949,-0.001273918834441723
441,0.000167338,0.03671529794248925,0.03461065204416594,0.03319683171037597,0.03481796358775279,0.03361183493827583,0.0384741769463401,0.03990625852999004,0.039849413348771096,0.03411735587855155,0.035246290853462,0.015961904514661757,0.03991947281130684,0.035866134393573085,0.03898935626832507,0.037009897903828456,0.03961530836205173
442,0.000194047,0.037885699807592446,0.03647982132063443,0.03520818576969163,0.03690905283758937,0.035419853670085585,0.03877358830775736,0.03587315476158365,0.021535553998125345,0.03675880881599942,0.032958284511148656,0.011651202173982578,0.03874632226539686,0.03839019014471415,0.037706813372370036,0.006756469412919047,0.017695981482185222
443,0.000215334,0.03858559016623521,0.03692022246947235,0.03726264266636335,0.03821368030057071,0.036821100654504085,0.026174217931086888,0.01899850687832981,0.0031987640510424686,0.039910794309073384,0.03424580486501168,0.03985845019758673,0.03799688989033098,0.03654990012516765,0.034799964323507813,0.009534611921286712,0.03196800076087651
444,0.000182775,0.037948355209461944,0.03644235398165006,0.03679954087144846,0.038401298317359805,0.035785530301680614,0.03999947513507128,0.0399960838485939,0.03176922228135885,0.035569380888742994,0.033362055362691295,0.0394897383657222,0.037210259602618825,0.031553073893341624,0.032376075022598025,0.03991839701282805,0.03854727251441424
445,0.000173158,0.03797573446746487,0.03679540256290015,0.036722493709730186,0.03784025929026956,0.035412168361491164,0.03760063378917755,0.03962288322672929,0.014026282696311954,0.0278173438491586,0.032190501041840874,0.03867629681253619,0.03568052480216438,0.03942577030077007,0.033424373019344936,0.03890567424727931,0.03234474419255111
446,0.000133266,0.0360273232043158,0.03426613677796062,0.03449759342179603,0.034716973240984036,0.03292989941929072,0.02634800323623762,0.02634800323623762,0.03689225068199013,0.039880748237958015,0.028585019389633433,0.03858388378311042,0.034467080584190346,0.037266271278448046,0.034212200625891254,0.0355395102584566,0.02634800323623762
447,0.000183853,0.038747231803103285,0.03773232365223582,0.037129990136259464,0.03702064121311022,0.03590564121241166,0.03790869671072895,0.03953559729807149,0.03129886036056903,0.038674708609757746,0.03475593802636301,0.038308668463366016,0.036998509806013616,0.03659651546488514,0.039559412236474266,0.039495884153756225,0.03911851425687252
448,0.000114248,0.03450884359653708,0.033669689926606836,0.03302077689149366,0.03289982551456468,0.03144053390686822,0.03837089787777973,0.039972535261374946,0.034500442552986454,0.0353968657174699,0.0270101228238728,0.03312496624382193,0.03128313580180707,0.033368578192451086,0.03434374622326733,0.03128313580180707,0.038513172998667425
449,0.000117341,0.03527629480998144,0.03487243662438841,0.0333190715944678,0.03404697334932966,0.03179193545589554,0.0381917702165975,0.03353690790336239,0.03901199018881206,0.0354623824394857,0.030704136928310997,0.03214765406346994,0.030531015612258294,0.0354918782826774,0.0322714752845918,0.03969305210050667,0.030531015612258294
450,0.000132974,0.03643814808504073,0.03629268644672673,0.034708358300656016,0.03550584684099721,0.03309040450166127,0.03710985153994964,0.026429042622678534,0.03849719483754991,0.034227354505913084,0.03333102233983898,0.03151912874880927,0.026429042622678534,0.037025202662017226,0.035198357309037365,0.03846721270841689,0.026429042622678534
451,0.000145918,0.03759964351202066,0.03785848833254178,0.03580582173278561,0.03699705559638937,0.034121242582362155,0.03699116393104725,0.03527487393241835,0.03999368106510388,0.022696980124967334,0.034341387149284024,0.0394916389191985,0.03775806768868219,0.03961849742487654,0.03211675235820706,0.03285143325780029,0.035481190572780236
452,0.000323048,0.039296385281298925,0.03888520153187786,0.039976136751993026,0.03969098880853783,0.03976767132025908,0.035428720715430295,0.03456122067700701,0.03710399746689785,0.038729005248795134,0.0363115262257373,0.03998601359705143,0.03999355609240309,0.037120096117009546,0.03647053827763366,0.03388520520388166,0.034459409771197186
453,0.000155555,0.03847836569515894,0.03906335057602738,0.0368833949282333,0.037544645789247766,0.03491118129251536,0.030224865107339315,0.030325368217224574,0.03924081409720105,0.03900613554880096,0.03896803799274004,0.03892311164356646,0.03458589022018396,0.0346529191465019,0.034792206862432534,0.030661218078035485,0.03024231756505496
454,0.000532517,0.03128497408904818,0.0304066210574519,0.03556990909039541,0.03384794016833455,0.03853657309908656,0.0323511666068616,0.021085843149220407,0.03971719417700137,0.030673475482253493,0.03999055385981356,-0.009287365169948075,0.03838665480223523,-0.07622475216485819,0.03999999492921429,-0.14779942531347218,0.015318442091051238
455,0.000657364,0.0335150068669538,0.026904963426253842,0.03113201739922397,0.030012644806533012,0.03634100921761067,0.03976026911437769,0.03996033143628652,-0.21371065782494875,0.030573990393043454,-0.037777724505670046,0.03909178706864042,0.039889700249399244,0.03555640887355137,-0.0233812384442251,0.032242652641229164,0.039996242614153944
456,0.002010998,-0.05385332809598456,-0.08922499183545263,-0.046941302219657366,-0.04682236876135912,-0.023344749856439834,0.03658227670814629,0.03912954454390818,0.029520811940006816,0.03852120785081854,0.03072805200738793,0.03991538720549317,0.029769405565332877,0.038051398296169575,0.03839719080575263,0.03533895212007761,0.03978092129743872
457,0.004648462,-0.30732946190492266,-0.3920748304884382,-0.23280364738200138,-0.20878282726744168,-0.17353321299122093,0.01493311481916823,0.030192016432062374,0.030246669473057722,0.028390023448809892,0.03071075578298388,0.037993212332305154,-0.01693029880936059,0.02750905477075373,0.03292712047832812,0.019420153536338275,0.03353909378773881
458,0.0012518,0.03305709773358541,0.02952743326755622,0.020015971400003593,0.023686343762025983,0.024219191142529836,0.039514358780167805,0.03658930376666955,0.03549303329869908,0.03791346239358455,-0.5545478117953861,0.03348254297889779,0.0391980290313104,0.03733559932093454,0.035130347127334774,0.0389892328473011,0.036230325713062964
459,0.005771477,-0.03805238973418293,-0.046707441714875175,-0.13924659854377425,-0.0652740190347621,-0.1242145244287815,0.011118766729128676,0.029815471104112062,0.03204893295606359,0.025870553659939302,0.030964531659285588,0.03677424187970031,-0.04175174650249333,0.028736194080270103,0.034885457950018545,0.02218970283463413,0.03315430693800554
460,0.001422028,0.037898968616113575,0.038324509419159304,0.038775737764677874,0.03979058020912459,0.038638861811176727,0.039849204955678064,0.03795076090386367,0.0391788545873792,0.039293451763033116,-0.03080982073983282,0.03639662517024199,0.035916182836479946,0.03849692046752881,0.03777438210822833,0.03873227989523348,0.03718674218488818
461,0.000877727,0.03970727461892535,0.039171219246025395,0.03742804377801254,0.037482041021885015,0.03946517994313902,0.03396902980266531,0.03699309929111332,0.039717364766790685,0.03881304277533867,-0.12205029685675875,0.03636084426221241,0.037938507722929664,0.03814017289077312,0.039451852119851305,0.03646938249867371,0.03609541230149961
462,0.000428184,0.031652477302229066,0.03306315788081289,0.028630525037333356,0.027414112345164766,0.03082610549059982,0.03793893114209564,0.0367394082942218,0.03461085974192825,0.039763971720429156,0.03842101031477119,0.03986404748727639,0.039562077390342947,0.034589391085777826,0.011208081246200152,0.03181388277795233,0.03496433678860077
463,0.000324777,0.028945828054237236,0.029017921062350956,0.023437275993669994,0.023594954469781722,0.027578257326839974,0.03377360827419132,0.03216496485138621,0.03257474510041826,0.03812482588516644,0.034846134662998726,0.03977622434031747,0.03713769913324082,0.033884081142751,0.03986565795036614,0.030652858123350026,0.03247574970965229
464,0.000453408,0.033287558916255816,0.03347144292350158,0.027102321905387892,0.02716055154705992,0.03170671137641883,0.038156020054755976,0.03664160986617832,0.03647743764311928,0.03957458014089907,0.038120426147459335,0.024615545275119166,0.03801466463244758,0.03656863601010456,0.039087980653576604,0.03502759690259486,0.03939041729787742
465,0.000273084,0.029500287299316173,0.029457154680512042,0.025180500433429624,0.025903919429107303,0.029626421520966915,0.03311432582325775,0.03486031246786145,0.03999074963452499,0.0378022297535901,0.03650928353298867,0.03290293989922506,0.029654284118718476,0.036275986321318635,-0.024290616744747834,0.02965942207065763,0.03655162010217684
466,0.000389136,0.034220272123230734,0.03430755630092987,0.02947469005411489,0.030076634726386848,0.03445524982775748,0.03836359298604258,0.0337960381765613,0.039723011089708896,0.03536457285236283,0.03973616478375067,0.03933813577413481,0.029955423676865857,0.03822583802610839,0.03491705831549359,0.03220549514571684,0.03510071092413611
467,0.000283338,0.03211637072571853,0.03216089584920484,0.03398715613657982,0.03583327663797975,0.036461170379371216,0.03614633904204374,0.031150319946561904,0.03237522091900655,0.0345538565429849,0.03771983298209334,0.03852751847959245,0.025575897954063738,0.031563702624901366,0.026735578150963984,0.030960131930396453,0.029375827494636214
468,0.001249497,0.03859804821260282,0.03835933205509027,0.0315531237427121,0.02565584094297682,0.026039849312083363,0.03338760065292036,0.03992021806716517,0.03994170769758203,0.03966978950873379,0.039583340319101996,0.03093321553448536,0.038544928153542296,0.03993883460929052,0.038322376258041885,0.039987146691738994,0.03940725939019775
469,0.000320673,0.034403646453037284,0.03402390374310973,0.03848541421880039,0.03910925094157834,0.038871454381265366,0.03626367747881648,0.02672912664369577,0.03111040743348807,0.02784903816954949,0.03840236999540669,0.03374074680804843,0.025768368730458166,0.029047751478999375,0.02498243721522611,0.028268290762079228,0.02538541280188781
470,0.000326324,0.035449316010219514,0.03507577695887577,0.03874612205678982,0.0394924816866071,0.03906887491020593,0.03867747421433801,0.028162593263946337,0.03501625737087067,0.028818987241048324,0.03177417087420327,0.037919369394255435,0.02759784256077455,0.030047596484856484,0.02704828331858056,0.030034042474775282,0.026663432685608758
471,0.00039208,0.03739213312645771,0.03632150864620695,0.03918954614843996,0.03959735972552337,0.03921659400254382,0.02796570351788563,0.03410917635456408,0.0399245651238436,0.035910086839597996,0.03749646118178519,-9.808927452273353e-05,0.03228122332060506,0.03623661645096432,0.033290294499667104,0.03590162763106768,0.03220212845850273
472,0.000377936,0.03789197109213674,0.037026828159049716,0.038191131390056254,0.03783973880587155,0.03892506687475204,-0.0036540816961937173,0.03499264404295564,0.039173513560807754,0.037369274213025355,0.0355140217148059,0.03981783772782235,0.03220053201633427,0.037399358147259115,0.03298005648227867,0.0349692205885572,0.03292358397506906
473,0.000834544,0.03831004349183446,0.039147739304493605,0.038950020323392516,0.03912183353987337,0.037465521354499834,-0.20408104321945297,0.03998584490147106,0.0244667038134896,0.038901278847555454,0.03929625565002517,0.034825826027337525,0.03852338896101877,0.03799954657771441,0.038982771245973005,0.0393510976605852,0.03964092585938681
474,0.000699156,0.03948018740896559,0.039990788746953915,0.039810417392929884,0.0399059168324376,0.039043418133674505,-0.23638272674841182,0.039081685583089186,0.0279976844573874,0.022593457098830413,0.03951717648690661,0.03780662472052992,0.03827918591572961,0.03312084623192928,0.03865640794056131,0.03914588313275801,0.039999923719575926
